metric_id,metric_name,theme,source_id,freq,date,value,unit
brl_usd,BRL/USD official exchange rate,market_repricing,bcb_sgs,daily,2000-01-03,1.8011,brl_per_usd
brl_usd,BRL/USD official exchange rate,market_repricing,bcb_sgs,daily,2000-01-04,1.8337,brl_per_usd
brl_usd,BRL/USD official exchange rate,market_repricing,bcb_sgs,daily,2000-01-05,1.8544,brl_per_usd
brl_usd,BRL/USD official exchange rate,market_repricing,bcb_sgs,daily,2000-01-06,1.8461,brl_per_usd
brl_usd,BRL/USD official exchange rate,market_repricing,bcb_sgs,daily,2000-01-07,1.8281,brl_per_usd
brl_usd,BRL/USD official exchange rate,market_repricing,bcb_sgs,daily,2000-01-10,1.8161,brl_per_usd
brl_usd,BRL/USD official exchange rate,market_repricing,bcb_sgs,daily,2000-01-11,1.8219,brl_per_usd
brl_usd,BRL/USD official exchange rate,market_repricing,bcb_sgs,daily,2000-01-12,1.8314,brl_per_usd
brl_usd,BRL/USD official exchange rate,market_repricing,bcb_sgs,daily,2000-01-13,1.8193,brl_per_usd
brl_usd,BRL/USD official exchange rate,market_repricing,bcb_sgs,daily,2000-01-14,1.7997,brl_per_usd
brl_usd,BRL/USD official exchange rate,market_repricing,bcb_sgs,daily,2000-01-17,1.7957,brl_per_usd
brl_usd,BRL/USD official exchange rate,market_repricing,bcb_sgs,daily,2000-01-18,1.7924,brl_per_usd
brl_usd,BRL/USD official exchange rate,market_repricing,bcb_sgs,daily,2000-01-19,1.7984,brl_per_usd
brl_usd,BRL/USD official exchange rate,market_repricing,bcb_sgs,daily,2000-01-20,1.7801,brl_per_usd
brl_usd,BRL/USD official exchange rate,market_repricing,bcb_sgs,daily,2000-01-21,1.7784,brl_per_usd
brl_usd,BRL/USD official exchange rate,market_repricing,bcb_sgs,daily,2000-01-24,1.7652,brl_per_usd
brl_usd,BRL/USD official exchange rate,market_repricing,bcb_sgs,daily,2000-01-25,1.7741,brl_per_usd
brl_usd,BRL/USD official exchange rate,market_repricing,bcb_sgs,daily,2000-01-26,1.7769,brl_per_usd
brl_usd,BRL/USD official exchange rate,market_repricing,bcb_sgs,daily,2000-01-27,1.7753,brl_per_usd
brl_usd,BRL/USD official exchange rate,market_repricing,bcb_sgs,daily,2000-01-28,1.7875,brl_per_usd
brl_usd,BRL/USD official exchange rate,market_repricing,bcb_sgs,daily,2000-01-31,1.8024,brl_per_usd
brl_usd,BRL/USD official exchange rate,market_repricing,bcb_sgs,daily,2000-02-01,1.7932,brl_per_usd
brl_usd,BRL/USD official exchange rate,market_repricing,bcb_sgs,daily,2000-02-02,1.79,brl_per_usd
brl_usd,BRL/USD official exchange rate,market_repricing,bcb_sgs,daily,2000-02-03,1.7779,brl_per_usd
brl_usd,BRL/USD official exchange rate,market_repricing,bcb_sgs,daily,2000-02-04,1.7785,brl_per_usd
brl_usd,BRL/USD official exchange rate,market_repricing,bcb_sgs,daily,2000-02-07,1.7659,brl_per_usd
brl_usd,BRL/USD official exchange rate,market_repricing,bcb_sgs,daily,2000-02-08,1.7654,brl_per_usd
brl_usd,BRL/USD official exchange rate,market_repricing,bcb_sgs,daily,2000-02-09,1.7632,brl_per_usd
brl_usd,BRL/USD official exchange rate,market_repricing,bcb_sgs,daily,2000-02-10,1.7695,brl_per_usd
brl_usd,BRL/USD official exchange rate,market_repricing,bcb_sgs,daily,2000-02-11,1.7647,brl_per_usd
brl_usd,BRL/USD official exchange rate,market_repricing,bcb_sgs,daily,2000-02-14,1.7699,brl_per_usd
brl_usd,BRL/USD official exchange rate,market_repricing,bcb_sgs,daily,2000-02-15,1.7764,brl_per_usd
brl_usd,BRL/USD official exchange rate,market_repricing,bcb_sgs,daily,2000-02-16,1.7732,brl_per_usd
brl_usd,BRL/USD official exchange rate,market_repricing,bcb_sgs,daily,2000-02-17,1.774,brl_per_usd
brl_usd,BRL/USD official exchange rate,market_repricing,bcb_sgs,daily,2000-02-18,1.7705,brl_per_usd
brl_usd,BRL/USD official exchange rate,market_repricing,bcb_sgs,daily,2000-02-21,1.7784,brl_per_usd
brl_usd,BRL/USD official exchange rate,market_repricing,bcb_sgs,daily,2000-02-22,1.7825,brl_per_usd
brl_usd,BRL/USD official exchange rate,market_repricing,bcb_sgs,daily,2000-02-23,1.7886,brl_per_usd
brl_usd,BRL/USD official exchange rate,market_repricing,bcb_sgs,daily,2000-02-24,1.7779,brl_per_usd
brl_usd,BRL/USD official exchange rate,market_repricing,bcb_sgs,daily,2000-02-25,1.7741,brl_per_usd
brl_usd,BRL/USD official exchange rate,market_repricing,bcb_sgs,daily,2000-02-28,1.7788,brl_per_usd
brl_usd,BRL/USD official exchange rate,market_repricing,bcb_sgs,daily,2000-02-29,1.7685,brl_per_usd
brl_usd,BRL/USD official exchange rate,market_repricing,bcb_sgs,daily,2000-03-01,1.7678,brl_per_usd
brl_usd,BRL/USD official exchange rate,market_repricing,bcb_sgs,daily,2000-03-02,1.76,brl_per_usd
brl_usd,BRL/USD official exchange rate,market_repricing,bcb_sgs,daily,2000-03-03,1.7511,brl_per_usd
brl_usd,BRL/USD official exchange rate,market_repricing,bcb_sgs,daily,2000-03-08,1.7498,brl_per_usd
brl_usd,BRL/USD official exchange rate,market_repricing,bcb_sgs,daily,2000-03-09,1.7343,brl_per_usd
brl_usd,BRL/USD official exchange rate,market_repricing,bcb_sgs,daily,2000-03-10,1.7386,brl_per_usd
brl_usd,BRL/USD official exchange rate,market_repricing,bcb_sgs,daily,2000-03-13,1.7502,brl_per_usd
brl_usd,BRL/USD official exchange rate,market_repricing,bcb_sgs,daily,2000-03-14,1.7372,brl_per_usd
brl_usd,BRL/USD official exchange rate,market_repricing,bcb_sgs,daily,2000-03-15,1.7431,brl_per_usd
brl_usd,BRL/USD official exchange rate,market_repricing,bcb_sgs,daily,2000-03-16,1.7357,brl_per_usd
brl_usd,BRL/USD official exchange rate,market_repricing,bcb_sgs,daily,2000-03-17,1.7407,brl_per_usd
brl_usd,BRL/USD official exchange rate,market_repricing,bcb_sgs,daily,2000-03-20,1.7388,brl_per_usd
brl_usd,BRL/USD official exchange rate,market_repricing,bcb_sgs,daily,2000-03-21,1.7381,brl_per_usd
brl_usd,BRL/USD official exchange rate,market_repricing,bcb_sgs,daily,2000-03-22,1.7305,brl_per_usd
brl_usd,BRL/USD official exchange rate,market_repricing,bcb_sgs,daily,2000-03-23,1.7242,brl_per_usd
brl_usd,BRL/USD official exchange rate,market_repricing,bcb_sgs,daily,2000-03-24,1.7234,brl_per_usd
brl_usd,BRL/USD official exchange rate,market_repricing,bcb_sgs,daily,2000-03-27,1.7362,brl_per_usd
brl_usd,BRL/USD official exchange rate,market_repricing,bcb_sgs,daily,2000-03-28,1.7456,brl_per_usd
brl_usd,BRL/USD official exchange rate,market_repricing,bcb_sgs,daily,2000-03-29,1.7379,brl_per_usd
brl_usd,BRL/USD official exchange rate,market_repricing,bcb_sgs,daily,2000-03-30,1.7522,brl_per_usd
brl_usd,BRL/USD official exchange rate,market_repricing,bcb_sgs,daily,2000-03-31,1.7473,brl_per_usd
brl_usd,BRL/USD official exchange rate,market_repricing,bcb_sgs,daily,2000-04-03,1.7407,brl_per_usd
brl_usd,BRL/USD official exchange rate,market_repricing,bcb_sgs,daily,2000-04-04,1.7425,brl_per_usd
brl_usd,BRL/USD official exchange rate,market_repricing,bcb_sgs,daily,2000-04-05,1.7532,brl_per_usd
brl_usd,BRL/USD official exchange rate,market_repricing,bcb_sgs,daily,2000-04-06,1.7423,brl_per_usd
brl_usd,BRL/USD official exchange rate,market_repricing,bcb_sgs,daily,2000-04-07,1.7439,brl_per_usd
brl_usd,BRL/USD official exchange rate,market_repricing,bcb_sgs,daily,2000-04-10,1.7387,brl_per_usd
brl_usd,BRL/USD official exchange rate,market_repricing,bcb_sgs,daily,2000-04-11,1.7448,brl_per_usd
brl_usd,BRL/USD official exchange rate,market_repricing,bcb_sgs,daily,2000-04-12,1.7471,brl_per_usd
brl_usd,BRL/USD official exchange rate,market_repricing,bcb_sgs,daily,2000-04-13,1.7633,brl_per_usd
brl_usd,BRL/USD official exchange rate,market_repricing,bcb_sgs,daily,2000-04-14,1.7833,brl_per_usd
brl_usd,BRL/USD official exchange rate,market_repricing,bcb_sgs,daily,2000-04-17,1.7873,brl_per_usd
brl_usd,BRL/USD official exchange rate,market_repricing,bcb_sgs,daily,2000-04-18,1.7696,brl_per_usd
brl_usd,BRL/USD official exchange rate,market_repricing,bcb_sgs,daily,2000-04-19,1.7662,brl_per_usd
brl_usd,BRL/USD official exchange rate,market_repricing,bcb_sgs,daily,2000-04-20,1.7784,brl_per_usd
brl_usd,BRL/USD official exchange rate,market_repricing,bcb_sgs,daily,2000-04-24,1.7916,brl_per_usd
brl_usd,BRL/USD official exchange rate,market_repricing,bcb_sgs,daily,2000-04-25,1.7888,brl_per_usd
brl_usd,BRL/USD official exchange rate,market_repricing,bcb_sgs,daily,2000-04-26,1.7985,brl_per_usd
brl_usd,BRL/USD official exchange rate,market_repricing,bcb_sgs,daily,2000-04-27,1.8083,brl_per_usd
brl_usd,BRL/USD official exchange rate,market_repricing,bcb_sgs,daily,2000-04-28,1.8067,brl_per_usd
brl_usd,BRL/USD official exchange rate,market_repricing,bcb_sgs,daily,2000-05-02,1.8008,brl_per_usd
brl_usd,BRL/USD official exchange rate,market_repricing,bcb_sgs,daily,2000-05-03,1.8162,brl_per_usd
brl_usd,BRL/USD official exchange rate,market_repricing,bcb_sgs,daily,2000-05-04,1.8144,brl_per_usd
brl_usd,BRL/USD official exchange rate,market_repricing,bcb_sgs,daily,2000-05-05,1.8118,brl_per_usd
brl_usd,BRL/USD official exchange rate,market_repricing,bcb_sgs,daily,2000-05-08,1.8058,brl_per_usd
brl_usd,BRL/USD official exchange rate,market_repricing,bcb_sgs,daily,2000-05-09,1.8079,brl_per_usd
brl_usd,BRL/USD official exchange rate,market_repricing,bcb_sgs,daily,2000-05-10,1.8169,brl_per_usd
brl_usd,BRL/USD official exchange rate,market_repricing,bcb_sgs,daily,2000-05-11,1.8162,brl_per_usd
brl_usd,BRL/USD official exchange rate,market_repricing,bcb_sgs,daily,2000-05-12,1.8266,brl_per_usd
brl_usd,BRL/USD official exchange rate,market_repricing,bcb_sgs,daily,2000-05-15,1.8382,brl_per_usd
brl_usd,BRL/USD official exchange rate,market_repricing,bcb_sgs,daily,2000-05-16,1.8198,brl_per_usd
brl_usd,BRL/USD official exchange rate,market_repricing,bcb_sgs,daily,2000-05-17,1.8292,brl_per_usd
brl_usd,BRL/USD official exchange rate,market_repricing,bcb_sgs,daily,2000-05-18,1.8305,brl_per_usd
brl_usd,BRL/USD official exchange rate,market_repricing,bcb_sgs,daily,2000-05-19,1.8454,brl_per_usd
brl_usd,BRL/USD official exchange rate,market_repricing,bcb_sgs,daily,2000-05-22,1.8468,brl_per_usd
brl_usd,BRL/USD official exchange rate,market_repricing,bcb_sgs,daily,2000-05-23,1.8537,brl_per_usd
brl_usd,BRL/USD official exchange rate,market_repricing,bcb_sgs,daily,2000-05-24,1.8537,brl_per_usd
brl_usd,BRL/USD official exchange rate,market_repricing,bcb_sgs,daily,2000-05-25,1.8392,brl_per_usd
brl_usd,BRL/USD official exchange rate,market_repricing,bcb_sgs,daily,2000-05-26,1.8455,brl_per_usd
brl_usd,BRL/USD official exchange rate,market_repricing,bcb_sgs,daily,2000-05-29,1.8388,brl_per_usd
brl_usd,BRL/USD official exchange rate,market_repricing,bcb_sgs,daily,2000-05-30,1.8305,brl_per_usd
brl_usd,BRL/USD official exchange rate,market_repricing,bcb_sgs,daily,2000-05-31,1.8266,brl_per_usd
brl_usd,BRL/USD official exchange rate,market_repricing,bcb_sgs,daily,2000-06-01,1.8202,brl_per_usd
brl_usd,BRL/USD official exchange rate,market_repricing,bcb_sgs,daily,2000-06-02,1.8104,brl_per_usd
brl_usd,BRL/USD official exchange rate,market_repricing,bcb_sgs,daily,2000-06-05,1.7933,brl_per_usd
brl_usd,BRL/USD official exchange rate,market_repricing,bcb_sgs,daily,2000-06-06,1.7899,brl_per_usd
brl_usd,BRL/USD official exchange rate,market_repricing,bcb_sgs,daily,2000-06-07,1.8036,brl_per_usd
brl_usd,BRL/USD official exchange rate,market_repricing,bcb_sgs,daily,2000-06-08,1.7948,brl_per_usd
brl_usd,BRL/USD official exchange rate,market_repricing,bcb_sgs,daily,2000-06-09,1.7999,brl_per_usd
brl_usd,BRL/USD official exchange rate,market_repricing,bcb_sgs,daily,2000-06-12,1.804,brl_per_usd
brl_usd,BRL/USD official exchange rate,market_repricing,bcb_sgs,daily,2000-06-13,1.81,brl_per_usd
brl_usd,BRL/USD official exchange rate,market_repricing,bcb_sgs,daily,2000-06-14,1.8107,brl_per_usd
brl_usd,BRL/USD official exchange rate,market_repricing,bcb_sgs,daily,2000-06-15,1.8079,brl_per_usd
brl_usd,BRL/USD official exchange rate,market_repricing,bcb_sgs,daily,2000-06-16,1.8073,brl_per_usd
brl_usd,BRL/USD official exchange rate,market_repricing,bcb_sgs,daily,2000-06-19,1.803,brl_per_usd
brl_usd,BRL/USD official exchange rate,market_repricing,bcb_sgs,daily,2000-06-20,1.7991,brl_per_usd
brl_usd,BRL/USD official exchange rate,market_repricing,bcb_sgs,daily,2000-06-21,1.8121,brl_per_usd
brl_usd,BRL/USD official exchange rate,market_repricing,bcb_sgs,daily,2000-06-23,1.8203,brl_per_usd
brl_usd,BRL/USD official exchange rate,market_repricing,bcb_sgs,daily,2000-06-26,1.8282,brl_per_usd
brl_usd,BRL/USD official exchange rate,market_repricing,bcb_sgs,daily,2000-06-27,1.8235,brl_per_usd
brl_usd,BRL/USD official exchange rate,market_repricing,bcb_sgs,daily,2000-06-28,1.8195,brl_per_usd
brl_usd,BRL/USD official exchange rate,market_repricing,bcb_sgs,daily,2000-06-29,1.8172,brl_per_usd
brl_usd,BRL/USD official exchange rate,market_repricing,bcb_sgs,daily,2000-06-30,1.8,brl_per_usd
brl_usd,BRL/USD official exchange rate,market_repricing,bcb_sgs,daily,2000-07-03,1.808,brl_per_usd
brl_usd,BRL/USD official exchange rate,market_repricing,bcb_sgs,daily,2000-07-04,1.8121,brl_per_usd
brl_usd,BRL/USD official exchange rate,market_repricing,bcb_sgs,daily,2000-07-05,1.8047,brl_per_usd
brl_usd,BRL/USD official exchange rate,market_repricing,bcb_sgs,daily,2000-07-06,1.797,brl_per_usd
brl_usd,BRL/USD official exchange rate,market_repricing,bcb_sgs,daily,2000-07-07,1.7972,brl_per_usd
brl_usd,BRL/USD official exchange rate,market_repricing,bcb_sgs,daily,2000-07-10,1.8006,brl_per_usd
brl_usd,BRL/USD official exchange rate,market_repricing,bcb_sgs,daily,2000-07-11,1.7972,brl_per_usd
brl_usd,BRL/USD official exchange rate,market_repricing,bcb_sgs,daily,2000-07-12,1.8034,brl_per_usd
brl_usd,BRL/USD official exchange rate,market_repricing,bcb_sgs,daily,2000-07-13,1.8104,brl_per_usd
brl_usd,BRL/USD official exchange rate,market_repricing,bcb_sgs,daily,2000-07-14,1.8106,brl_per_usd
brl_usd,BRL/USD official exchange rate,market_repricing,bcb_sgs,daily,2000-07-17,1.7979,brl_per_usd
brl_usd,BRL/USD official exchange rate,market_repricing,bcb_sgs,daily,2000-07-18,1.797,brl_per_usd
brl_usd,BRL/USD official exchange rate,market_repricing,bcb_sgs,daily,2000-07-19,1.8044,brl_per_usd
brl_usd,BRL/USD official exchange rate,market_repricing,bcb_sgs,daily,2000-07-20,1.8015,brl_per_usd
brl_usd,BRL/USD official exchange rate,market_repricing,bcb_sgs,daily,2000-07-21,1.7921,brl_per_usd
brl_usd,BRL/USD official exchange rate,market_repricing,bcb_sgs,daily,2000-07-24,1.7956,brl_per_usd
brl_usd,BRL/USD official exchange rate,market_repricing,bcb_sgs,daily,2000-07-25,1.7898,brl_per_usd
brl_usd,BRL/USD official exchange rate,market_repricing,bcb_sgs,daily,2000-07-26,1.7925,brl_per_usd
brl_usd,BRL/USD official exchange rate,market_repricing,bcb_sgs,daily,2000-07-27,1.7847,brl_per_usd
brl_usd,BRL/USD official exchange rate,market_repricing,bcb_sgs,daily,2000-07-28,1.7828,brl_per_usd
brl_usd,BRL/USD official exchange rate,market_repricing,bcb_sgs,daily,2000-07-31,1.7748,brl_per_usd
brl_usd,BRL/USD official exchange rate,market_repricing,bcb_sgs,daily,2000-08-01,1.788,brl_per_usd
brl_usd,BRL/USD official exchange rate,market_repricing,bcb_sgs,daily,2000-08-02,1.7916,brl_per_usd
brl_usd,BRL/USD official exchange rate,market_repricing,bcb_sgs,daily,2000-08-03,1.8079,brl_per_usd
brl_usd,BRL/USD official exchange rate,market_repricing,bcb_sgs,daily,2000-08-04,1.7919,brl_per_usd
brl_usd,BRL/USD official exchange rate,market_repricing,bcb_sgs,daily,2000-08-07,1.7961,brl_per_usd
brl_usd,BRL/USD official exchange rate,market_repricing,bcb_sgs,daily,2000-08-08,1.7992,brl_per_usd
brl_usd,BRL/USD official exchange rate,market_repricing,bcb_sgs,daily,2000-08-09,1.795,brl_per_usd
brl_usd,BRL/USD official exchange rate,market_repricing,bcb_sgs,daily,2000-08-10,1.7962,brl_per_usd
brl_usd,BRL/USD official exchange rate,market_repricing,bcb_sgs,daily,2000-08-11,1.7959,brl_per_usd
brl_usd,BRL/USD official exchange rate,market_repricing,bcb_sgs,daily,2000-08-14,1.8021,brl_per_usd
brl_usd,BRL/USD official exchange rate,market_repricing,bcb_sgs,daily,2000-08-15,1.8056,brl_per_usd
brl_usd,BRL/USD official exchange rate,market_repricing,bcb_sgs,daily,2000-08-16,1.807,brl_per_usd
brl_usd,BRL/USD official exchange rate,market_repricing,bcb_sgs,daily,2000-08-17,1.8096,brl_per_usd
brl_usd,BRL/USD official exchange rate,market_repricing,bcb_sgs,daily,2000-08-18,1.8174,brl_per_usd
brl_usd,BRL/USD official exchange rate,market_repricing,bcb_sgs,daily,2000-08-21,1.8199,brl_per_usd
brl_usd,BRL/USD official exchange rate,market_repricing,bcb_sgs,daily,2000-08-22,1.8169,brl_per_usd
brl_usd,BRL/USD official exchange rate,market_repricing,bcb_sgs,daily,2000-08-23,1.8186,brl_per_usd
brl_usd,BRL/USD official exchange rate,market_repricing,bcb_sgs,daily,2000-08-24,1.8204,brl_per_usd
brl_usd,BRL/USD official exchange rate,market_repricing,bcb_sgs,daily,2000-08-25,1.8213,brl_per_usd
brl_usd,BRL/USD official exchange rate,market_repricing,bcb_sgs,daily,2000-08-28,1.8277,brl_per_usd
brl_usd,BRL/USD official exchange rate,market_repricing,bcb_sgs,daily,2000-08-29,1.8349,brl_per_usd
brl_usd,BRL/USD official exchange rate,market_repricing,bcb_sgs,daily,2000-08-30,1.8259,brl_per_usd
brl_usd,BRL/USD official exchange rate,market_repricing,bcb_sgs,daily,2000-08-31,1.8234,brl_per_usd
brl_usd,BRL/USD official exchange rate,market_repricing,bcb_sgs,daily,2000-09-01,1.8218,brl_per_usd
brl_usd,BRL/USD official exchange rate,market_repricing,bcb_sgs,daily,2000-09-04,1.8255,brl_per_usd
brl_usd,BRL/USD official exchange rate,market_repricing,bcb_sgs,daily,2000-09-05,1.8294,brl_per_usd
brl_usd,BRL/USD official exchange rate,market_repricing,bcb_sgs,daily,2000-09-06,1.8207,brl_per_usd
brl_usd,BRL/USD official exchange rate,market_repricing,bcb_sgs,daily,2000-09-08,1.8224,brl_per_usd
brl_usd,BRL/USD official exchange rate,market_repricing,bcb_sgs,daily,2000-09-11,1.8199,brl_per_usd
brl_usd,BRL/USD official exchange rate,market_repricing,bcb_sgs,daily,2000-09-12,1.8279,brl_per_usd
brl_usd,BRL/USD official exchange rate,market_repricing,bcb_sgs,daily,2000-09-13,1.832,brl_per_usd
brl_usd,BRL/USD official exchange rate,market_repricing,bcb_sgs,daily,2000-09-14,1.8317,brl_per_usd
brl_usd,BRL/USD official exchange rate,market_repricing,bcb_sgs,daily,2000-09-15,1.8438,brl_per_usd
brl_usd,BRL/USD official exchange rate,market_repricing,bcb_sgs,daily,2000-09-18,1.8558,brl_per_usd
brl_usd,BRL/USD official exchange rate,market_repricing,bcb_sgs,daily,2000-09-19,1.8538,brl_per_usd
brl_usd,BRL/USD official exchange rate,market_repricing,bcb_sgs,daily,2000-09-20,1.8546,brl_per_usd
brl_usd,BRL/USD official exchange rate,market_repricing,bcb_sgs,daily,2000-09-21,1.8517,brl_per_usd
brl_usd,BRL/USD official exchange rate,market_repricing,bcb_sgs,daily,2000-09-22,1.8594,brl_per_usd
brl_usd,BRL/USD official exchange rate,market_repricing,bcb_sgs,daily,2000-09-25,1.842,brl_per_usd
brl_usd,BRL/USD official exchange rate,market_repricing,bcb_sgs,daily,2000-09-26,1.8506,brl_per_usd
brl_usd,BRL/USD official exchange rate,market_repricing,bcb_sgs,daily,2000-09-27,1.8492,brl_per_usd
brl_usd,BRL/USD official exchange rate,market_repricing,bcb_sgs,daily,2000-09-28,1.8479,brl_per_usd
brl_usd,BRL/USD official exchange rate,market_repricing,bcb_sgs,daily,2000-09-29,1.8437,brl_per_usd
brl_usd,BRL/USD official exchange rate,market_repricing,bcb_sgs,daily,2000-10-02,1.8483,brl_per_usd
brl_usd,BRL/USD official exchange rate,market_repricing,bcb_sgs,daily,2000-10-03,1.8498,brl_per_usd
brl_usd,BRL/USD official exchange rate,market_repricing,bcb_sgs,daily,2000-10-04,1.8529,brl_per_usd
brl_usd,BRL/USD official exchange rate,market_repricing,bcb_sgs,daily,2000-10-05,1.8501,brl_per_usd
brl_usd,BRL/USD official exchange rate,market_repricing,bcb_sgs,daily,2000-10-06,1.852,brl_per_usd
brl_usd,BRL/USD official exchange rate,market_repricing,bcb_sgs,daily,2000-10-09,1.8574,brl_per_usd
brl_usd,BRL/USD official exchange rate,market_repricing,bcb_sgs,daily,2000-10-10,1.8541,brl_per_usd
brl_usd,BRL/USD official exchange rate,market_repricing,bcb_sgs,daily,2000-10-11,1.8603,brl_per_usd
brl_usd,BRL/USD official exchange rate,market_repricing,bcb_sgs,daily,2000-10-13,1.8764,brl_per_usd
brl_usd,BRL/USD official exchange rate,market_repricing,bcb_sgs,daily,2000-10-16,1.8704,brl_per_usd
brl_usd,BRL/USD official exchange rate,market_repricing,bcb_sgs,daily,2000-10-17,1.8667,brl_per_usd
brl_usd,BRL/USD official exchange rate,market_repricing,bcb_sgs,daily,2000-10-18,1.8795,brl_per_usd
brl_usd,BRL/USD official exchange rate,market_repricing,bcb_sgs,daily,2000-10-19,1.8714,brl_per_usd
brl_usd,BRL/USD official exchange rate,market_repricing,bcb_sgs,daily,2000-10-20,1.8796,brl_per_usd
brl_usd,BRL/USD official exchange rate,market_repricing,bcb_sgs,daily,2000-10-23,1.8918,brl_per_usd
brl_usd,BRL/USD official exchange rate,market_repricing,bcb_sgs,daily,2000-10-24,1.8981,brl_per_usd
brl_usd,BRL/USD official exchange rate,market_repricing,bcb_sgs,daily,2000-10-25,1.9282,brl_per_usd
brl_usd,BRL/USD official exchange rate,market_repricing,bcb_sgs,daily,2000-10-26,1.934,brl_per_usd
brl_usd,BRL/USD official exchange rate,market_repricing,bcb_sgs,daily,2000-10-27,1.924,brl_per_usd
brl_usd,BRL/USD official exchange rate,market_repricing,bcb_sgs,daily,2000-10-30,1.9184,brl_per_usd
brl_usd,BRL/USD official exchange rate,market_repricing,bcb_sgs,daily,2000-10-31,1.909,brl_per_usd
brl_usd,BRL/USD official exchange rate,market_repricing,bcb_sgs,daily,2000-11-01,1.9099,brl_per_usd
brl_usd,BRL/USD official exchange rate,market_repricing,bcb_sgs,daily,2000-11-03,1.9286,brl_per_usd
brl_usd,BRL/USD official exchange rate,market_repricing,bcb_sgs,daily,2000-11-06,1.9462,brl_per_usd
brl_usd,BRL/USD official exchange rate,market_repricing,bcb_sgs,daily,2000-11-07,1.9573,brl_per_usd
brl_usd,BRL/USD official exchange rate,market_repricing,bcb_sgs,daily,2000-11-08,1.9503,brl_per_usd
brl_usd,BRL/USD official exchange rate,market_repricing,bcb_sgs,daily,2000-11-09,1.9683,brl_per_usd
brl_usd,BRL/USD official exchange rate,market_repricing,bcb_sgs,daily,2000-11-10,1.9566,brl_per_usd
brl_usd,BRL/USD official exchange rate,market_repricing,bcb_sgs,daily,2000-11-13,1.9579,brl_per_usd
brl_usd,BRL/USD official exchange rate,market_repricing,bcb_sgs,daily,2000-11-14,1.9441,brl_per_usd
brl_usd,BRL/USD official exchange rate,market_repricing,bcb_sgs,daily,2000-11-16,1.9486,brl_per_usd
brl_usd,BRL/USD official exchange rate,market_repricing,bcb_sgs,daily,2000-11-17,1.9609,brl_per_usd
brl_usd,BRL/USD official exchange rate,market_repricing,bcb_sgs,daily,2000-11-20,1.9365,brl_per_usd
brl_usd,BRL/USD official exchange rate,market_repricing,bcb_sgs,daily,2000-11-21,1.91,brl_per_usd
brl_usd,BRL/USD official exchange rate,market_repricing,bcb_sgs,daily,2000-11-22,1.9322,brl_per_usd
brl_usd,BRL/USD official exchange rate,market_repricing,bcb_sgs,daily,2000-11-23,1.9413,brl_per_usd
brl_usd,BRL/USD official exchange rate,market_repricing,bcb_sgs,daily,2000-11-24,1.956,brl_per_usd
brl_usd,BRL/USD official exchange rate,market_repricing,bcb_sgs,daily,2000-11-27,1.9571,brl_per_usd
brl_usd,BRL/USD official exchange rate,market_repricing,bcb_sgs,daily,2000-11-28,1.9778,brl_per_usd
brl_usd,BRL/USD official exchange rate,market_repricing,bcb_sgs,daily,2000-11-29,1.961,brl_per_usd
brl_usd,BRL/USD official exchange rate,market_repricing,bcb_sgs,daily,2000-11-30,1.9596,brl_per_usd
brl_usd,BRL/USD official exchange rate,market_repricing,bcb_sgs,daily,2000-12-01,1.9795,brl_per_usd
brl_usd,BRL/USD official exchange rate,market_repricing,bcb_sgs,daily,2000-12-04,1.9847,brl_per_usd
brl_usd,BRL/USD official exchange rate,market_repricing,bcb_sgs,daily,2000-12-05,1.9648,brl_per_usd
brl_usd,BRL/USD official exchange rate,market_repricing,bcb_sgs,daily,2000-12-06,1.9657,brl_per_usd
brl_usd,BRL/USD official exchange rate,market_repricing,bcb_sgs,daily,2000-12-07,1.9698,brl_per_usd
brl_usd,BRL/USD official exchange rate,market_repricing,bcb_sgs,daily,2000-12-08,1.9695,brl_per_usd
brl_usd,BRL/USD official exchange rate,market_repricing,bcb_sgs,daily,2000-12-11,1.9648,brl_per_usd
brl_usd,BRL/USD official exchange rate,market_repricing,bcb_sgs,daily,2000-12-12,1.9676,brl_per_usd
brl_usd,BRL/USD official exchange rate,market_repricing,bcb_sgs,daily,2000-12-13,1.9623,brl_per_usd
brl_usd,BRL/USD official exchange rate,market_repricing,bcb_sgs,daily,2000-12-14,1.9635,brl_per_usd
brl_usd,BRL/USD official exchange rate,market_repricing,bcb_sgs,daily,2000-12-15,1.9678,brl_per_usd
brl_usd,BRL/USD official exchange rate,market_repricing,bcb_sgs,daily,2000-12-18,1.9539,brl_per_usd
brl_usd,BRL/USD official exchange rate,market_repricing,bcb_sgs,daily,2000-12-19,1.9556,brl_per_usd
brl_usd,BRL/USD official exchange rate,market_repricing,bcb_sgs,daily,2000-12-20,1.9559,brl_per_usd
brl_usd,BRL/USD official exchange rate,market_repricing,bcb_sgs,daily,2000-12-21,1.9578,brl_per_usd
brl_usd,BRL/USD official exchange rate,market_repricing,bcb_sgs,daily,2000-12-22,1.9524,brl_per_usd
brl_usd,BRL/USD official exchange rate,market_repricing,bcb_sgs,daily,2000-12-26,1.9578,brl_per_usd
brl_usd,BRL/USD official exchange rate,market_repricing,bcb_sgs,daily,2000-12-27,1.9608,brl_per_usd
brl_usd,BRL/USD official exchange rate,market_repricing,bcb_sgs,daily,2000-12-28,1.9554,brl_per_usd
brl_usd,BRL/USD official exchange rate,market_repricing,bcb_sgs,daily,2000-12-29,1.9554,brl_per_usd
brl_usd,BRL/USD official exchange rate,market_repricing,bcb_sgs,daily,2001-01-02,1.9384,brl_per_usd
brl_usd,BRL/USD official exchange rate,market_repricing,bcb_sgs,daily,2001-01-03,1.9422,brl_per_usd
brl_usd,BRL/USD official exchange rate,market_repricing,bcb_sgs,daily,2001-01-04,1.9357,brl_per_usd
brl_usd,BRL/USD official exchange rate,market_repricing,bcb_sgs,daily,2001-01-05,1.9484,brl_per_usd
brl_usd,BRL/USD official exchange rate,market_repricing,bcb_sgs,daily,2001-01-08,1.9524,brl_per_usd
brl_usd,BRL/USD official exchange rate,market_repricing,bcb_sgs,daily,2001-01-09,1.9441,brl_per_usd
brl_usd,BRL/USD official exchange rate,market_repricing,bcb_sgs,daily,2001-01-10,1.9429,brl_per_usd
brl_usd,BRL/USD official exchange rate,market_repricing,bcb_sgs,daily,2001-01-11,1.9463,brl_per_usd
brl_usd,BRL/USD official exchange rate,market_repricing,bcb_sgs,daily,2001-01-12,1.9508,brl_per_usd
brl_usd,BRL/USD official exchange rate,market_repricing,bcb_sgs,daily,2001-01-15,1.9475,brl_per_usd
brl_usd,BRL/USD official exchange rate,market_repricing,bcb_sgs,daily,2001-01-16,1.9516,brl_per_usd
brl_usd,BRL/USD official exchange rate,market_repricing,bcb_sgs,daily,2001-01-17,1.9501,brl_per_usd
brl_usd,BRL/USD official exchange rate,market_repricing,bcb_sgs,daily,2001-01-18,1.9527,brl_per_usd
brl_usd,BRL/USD official exchange rate,market_repricing,bcb_sgs,daily,2001-01-19,1.9553,brl_per_usd
brl_usd,BRL/USD official exchange rate,market_repricing,bcb_sgs,daily,2001-01-22,1.9571,brl_per_usd
brl_usd,BRL/USD official exchange rate,market_repricing,bcb_sgs,daily,2001-01-23,1.9586,brl_per_usd
brl_usd,BRL/USD official exchange rate,market_repricing,bcb_sgs,daily,2001-01-24,1.9595,brl_per_usd
brl_usd,BRL/USD official exchange rate,market_repricing,bcb_sgs,daily,2001-01-25,1.9738,brl_per_usd
brl_usd,BRL/USD official exchange rate,market_repricing,bcb_sgs,daily,2001-01-26,1.974,brl_per_usd
brl_usd,BRL/USD official exchange rate,market_repricing,bcb_sgs,daily,2001-01-29,1.9753,brl_per_usd
brl_usd,BRL/USD official exchange rate,market_repricing,bcb_sgs,daily,2001-01-30,1.9714,brl_per_usd
brl_usd,BRL/USD official exchange rate,market_repricing,bcb_sgs,daily,2001-01-31,1.9711,brl_per_usd
brl_usd,BRL/USD official exchange rate,market_repricing,bcb_sgs,daily,2001-02-01,1.9739,brl_per_usd
brl_usd,BRL/USD official exchange rate,market_repricing,bcb_sgs,daily,2001-02-02,1.9934,brl_per_usd
brl_usd,BRL/USD official exchange rate,market_repricing,bcb_sgs,daily,2001-02-05,1.9945,brl_per_usd
brl_usd,BRL/USD official exchange rate,market_repricing,bcb_sgs,daily,2001-02-06,1.998,brl_per_usd
brl_usd,BRL/USD official exchange rate,market_repricing,bcb_sgs,daily,2001-02-07,2.0045,brl_per_usd
brl_usd,BRL/USD official exchange rate,market_repricing,bcb_sgs,daily,2001-02-08,1.9959,brl_per_usd
brl_usd,BRL/USD official exchange rate,market_repricing,bcb_sgs,daily,2001-02-09,1.9884,brl_per_usd
brl_usd,BRL/USD official exchange rate,market_repricing,bcb_sgs,daily,2001-02-12,1.9813,brl_per_usd
brl_usd,BRL/USD official exchange rate,market_repricing,bcb_sgs,daily,2001-02-13,1.9803,brl_per_usd
brl_usd,BRL/USD official exchange rate,market_repricing,bcb_sgs,daily,2001-02-14,1.9894,brl_per_usd
brl_usd,BRL/USD official exchange rate,market_repricing,bcb_sgs,daily,2001-02-15,1.9812,brl_per_usd
brl_usd,BRL/USD official exchange rate,market_repricing,bcb_sgs,daily,2001-02-16,1.994,brl_per_usd
brl_usd,BRL/USD official exchange rate,market_repricing,bcb_sgs,daily,2001-02-19,2.0027,brl_per_usd
brl_usd,BRL/USD official exchange rate,market_repricing,bcb_sgs,daily,2001-02-20,2.0063,brl_per_usd
brl_usd,BRL/USD official exchange rate,market_repricing,bcb_sgs,daily,2001-02-21,2.024,brl_per_usd
brl_usd,BRL/USD official exchange rate,market_repricing,bcb_sgs,daily,2001-02-22,2.0368,brl_per_usd
brl_usd,BRL/USD official exchange rate,market_repricing,bcb_sgs,daily,2001-02-23,2.0436,brl_per_usd
brl_usd,BRL/USD official exchange rate,market_repricing,bcb_sgs,daily,2001-02-28,2.0452,brl_per_usd
brl_usd,BRL/USD official exchange rate,market_repricing,bcb_sgs,daily,2001-03-01,2.0428,brl_per_usd
brl_usd,BRL/USD official exchange rate,market_repricing,bcb_sgs,daily,2001-03-02,2.0355,brl_per_usd
brl_usd,BRL/USD official exchange rate,market_repricing,bcb_sgs,daily,2001-03-05,2.0232,brl_per_usd
brl_usd,BRL/USD official exchange rate,market_repricing,bcb_sgs,daily,2001-03-06,2.0208,brl_per_usd
brl_usd,BRL/USD official exchange rate,market_repricing,bcb_sgs,daily,2001-03-07,2.0391,brl_per_usd
brl_usd,BRL/USD official exchange rate,market_repricing,bcb_sgs,daily,2001-03-08,2.0385,brl_per_usd
brl_usd,BRL/USD official exchange rate,market_repricing,bcb_sgs,daily,2001-03-09,2.0599,brl_per_usd
brl_usd,BRL/USD official exchange rate,market_repricing,bcb_sgs,daily,2001-03-12,2.0552,brl_per_usd
brl_usd,BRL/USD official exchange rate,market_repricing,bcb_sgs,daily,2001-03-13,2.0622,brl_per_usd
brl_usd,BRL/USD official exchange rate,market_repricing,bcb_sgs,daily,2001-03-14,2.0763,brl_per_usd
brl_usd,BRL/USD official exchange rate,market_repricing,bcb_sgs,daily,2001-03-15,2.0864,brl_per_usd
brl_usd,BRL/USD official exchange rate,market_repricing,bcb_sgs,daily,2001-03-16,2.1217,brl_per_usd
brl_usd,BRL/USD official exchange rate,market_repricing,bcb_sgs,daily,2001-03-19,2.1277,brl_per_usd
brl_usd,BRL/USD official exchange rate,market_repricing,bcb_sgs,daily,2001-03-20,2.0929,brl_per_usd
brl_usd,BRL/USD official exchange rate,market_repricing,bcb_sgs,daily,2001-03-21,2.1,brl_per_usd
brl_usd,BRL/USD official exchange rate,market_repricing,bcb_sgs,daily,2001-03-22,2.1419,brl_per_usd
brl_usd,BRL/USD official exchange rate,market_repricing,bcb_sgs,daily,2001-03-23,2.1586,brl_per_usd
brl_usd,BRL/USD official exchange rate,market_repricing,bcb_sgs,daily,2001-03-26,2.1373,brl_per_usd
brl_usd,BRL/USD official exchange rate,market_repricing,bcb_sgs,daily,2001-03-27,2.1236,brl_per_usd
brl_usd,BRL/USD official exchange rate,market_repricing,bcb_sgs,daily,2001-03-28,2.117,brl_per_usd
brl_usd,BRL/USD official exchange rate,market_repricing,bcb_sgs,daily,2001-03-29,2.1369,brl_per_usd
brl_usd,BRL/USD official exchange rate,market_repricing,bcb_sgs,daily,2001-03-30,2.1616,brl_per_usd
brl_usd,BRL/USD official exchange rate,market_repricing,bcb_sgs,daily,2001-04-02,2.1584,brl_per_usd
brl_usd,BRL/USD official exchange rate,market_repricing,bcb_sgs,daily,2001-04-03,2.1732,brl_per_usd
brl_usd,BRL/USD official exchange rate,market_repricing,bcb_sgs,daily,2001-04-04,2.1632,brl_per_usd
brl_usd,BRL/USD official exchange rate,market_repricing,bcb_sgs,daily,2001-04-05,2.1589,brl_per_usd
brl_usd,BRL/USD official exchange rate,market_repricing,bcb_sgs,daily,2001-04-06,2.1521,brl_per_usd
brl_usd,BRL/USD official exchange rate,market_repricing,bcb_sgs,daily,2001-04-09,2.1642,brl_per_usd
brl_usd,BRL/USD official exchange rate,market_repricing,bcb_sgs,daily,2001-04-10,2.1422,brl_per_usd
brl_usd,BRL/USD official exchange rate,market_repricing,bcb_sgs,daily,2001-04-11,2.1384,brl_per_usd
brl_usd,BRL/USD official exchange rate,market_repricing,bcb_sgs,daily,2001-04-12,2.1573,brl_per_usd
brl_usd,BRL/USD official exchange rate,market_repricing,bcb_sgs,daily,2001-04-16,2.1825,brl_per_usd
brl_usd,BRL/USD official exchange rate,market_repricing,bcb_sgs,daily,2001-04-17,2.1888,brl_per_usd
brl_usd,BRL/USD official exchange rate,market_repricing,bcb_sgs,daily,2001-04-18,2.175,brl_per_usd
brl_usd,BRL/USD official exchange rate,market_repricing,bcb_sgs,daily,2001-04-19,2.1882,brl_per_usd
brl_usd,BRL/USD official exchange rate,market_repricing,bcb_sgs,daily,2001-04-20,2.2364,brl_per_usd
brl_usd,BRL/USD official exchange rate,market_repricing,bcb_sgs,daily,2001-04-23,2.2586,brl_per_usd
brl_usd,BRL/USD official exchange rate,market_repricing,bcb_sgs,daily,2001-04-24,2.2538,brl_per_usd
brl_usd,BRL/USD official exchange rate,market_repricing,bcb_sgs,daily,2001-04-25,2.3011,brl_per_usd
brl_usd,BRL/USD official exchange rate,market_repricing,bcb_sgs,daily,2001-04-26,2.2541,brl_per_usd
brl_usd,BRL/USD official exchange rate,market_repricing,bcb_sgs,daily,2001-04-27,2.218,brl_per_usd
brl_usd,BRL/USD official exchange rate,market_repricing,bcb_sgs,daily,2001-04-30,2.1847,brl_per_usd
brl_usd,BRL/USD official exchange rate,market_repricing,bcb_sgs,daily,2001-05-02,2.2239,brl_per_usd
brl_usd,BRL/USD official exchange rate,market_repricing,bcb_sgs,daily,2001-05-03,2.2353,brl_per_usd
brl_usd,BRL/USD official exchange rate,market_repricing,bcb_sgs,daily,2001-05-04,2.2187,brl_per_usd
brl_usd,BRL/USD official exchange rate,market_repricing,bcb_sgs,daily,2001-05-07,2.1957,brl_per_usd
brl_usd,BRL/USD official exchange rate,market_repricing,bcb_sgs,daily,2001-05-08,2.2319,brl_per_usd
brl_usd,BRL/USD official exchange rate,market_repricing,bcb_sgs,daily,2001-05-09,2.2586,brl_per_usd
brl_usd,BRL/USD official exchange rate,market_repricing,bcb_sgs,daily,2001-05-10,2.2695,brl_per_usd
brl_usd,BRL/USD official exchange rate,market_repricing,bcb_sgs,daily,2001-05-11,2.2863,brl_per_usd
brl_usd,BRL/USD official exchange rate,market_repricing,bcb_sgs,daily,2001-05-14,2.3062,brl_per_usd
brl_usd,BRL/USD official exchange rate,market_repricing,bcb_sgs,daily,2001-05-15,2.3384,brl_per_usd
brl_usd,BRL/USD official exchange rate,market_repricing,bcb_sgs,daily,2001-05-16,2.3219,brl_per_usd
brl_usd,BRL/USD official exchange rate,market_repricing,bcb_sgs,daily,2001-05-17,2.3036,brl_per_usd
brl_usd,BRL/USD official exchange rate,market_repricing,bcb_sgs,daily,2001-05-18,2.2941,brl_per_usd
brl_usd,BRL/USD official exchange rate,market_repricing,bcb_sgs,daily,2001-05-21,2.3278,brl_per_usd
brl_usd,BRL/USD official exchange rate,market_repricing,bcb_sgs,daily,2001-05-22,2.3062,brl_per_usd
brl_usd,BRL/USD official exchange rate,market_repricing,bcb_sgs,daily,2001-05-23,2.3427,brl_per_usd
brl_usd,BRL/USD official exchange rate,market_repricing,bcb_sgs,daily,2001-05-24,2.3494,brl_per_usd
brl_usd,BRL/USD official exchange rate,market_repricing,bcb_sgs,daily,2001-05-25,2.3403,brl_per_usd
brl_usd,BRL/USD official exchange rate,market_repricing,bcb_sgs,daily,2001-05-28,2.3265,brl_per_usd
brl_usd,BRL/USD official exchange rate,market_repricing,bcb_sgs,daily,2001-05-29,2.3425,brl_per_usd
brl_usd,BRL/USD official exchange rate,market_repricing,bcb_sgs,daily,2001-05-30,2.3596,brl_per_usd
brl_usd,BRL/USD official exchange rate,market_repricing,bcb_sgs,daily,2001-05-31,2.36,brl_per_usd
brl_usd,BRL/USD official exchange rate,market_repricing,bcb_sgs,daily,2001-06-01,2.3833,brl_per_usd
brl_usd,BRL/USD official exchange rate,market_repricing,bcb_sgs,daily,2001-06-04,2.3629,brl_per_usd
brl_usd,BRL/USD official exchange rate,market_repricing,bcb_sgs,daily,2001-06-05,2.3895,brl_per_usd
brl_usd,BRL/USD official exchange rate,market_repricing,bcb_sgs,daily,2001-06-06,2.3821,brl_per_usd
brl_usd,BRL/USD official exchange rate,market_repricing,bcb_sgs,daily,2001-06-07,2.388,brl_per_usd
brl_usd,BRL/USD official exchange rate,market_repricing,bcb_sgs,daily,2001-06-08,2.3619,brl_per_usd
brl_usd,BRL/USD official exchange rate,market_repricing,bcb_sgs,daily,2001-06-11,2.3722,brl_per_usd
brl_usd,BRL/USD official exchange rate,market_repricing,bcb_sgs,daily,2001-06-12,2.3906,brl_per_usd
brl_usd,BRL/USD official exchange rate,market_repricing,bcb_sgs,daily,2001-06-13,2.4078,brl_per_usd
brl_usd,BRL/USD official exchange rate,market_repricing,bcb_sgs,daily,2001-06-15,2.4079,brl_per_usd
brl_usd,BRL/USD official exchange rate,market_repricing,bcb_sgs,daily,2001-06-18,2.4586,brl_per_usd
brl_usd,BRL/USD official exchange rate,market_repricing,bcb_sgs,daily,2001-06-19,2.4675,brl_per_usd
brl_usd,BRL/USD official exchange rate,market_repricing,bcb_sgs,daily,2001-06-20,2.4748,brl_per_usd
brl_usd,BRL/USD official exchange rate,market_repricing,bcb_sgs,daily,2001-06-21,2.4054,brl_per_usd
brl_usd,BRL/USD official exchange rate,market_repricing,bcb_sgs,daily,2001-06-22,2.3296,brl_per_usd
brl_usd,BRL/USD official exchange rate,market_repricing,bcb_sgs,daily,2001-06-25,2.2997,brl_per_usd
brl_usd,BRL/USD official exchange rate,market_repricing,bcb_sgs,daily,2001-06-26,2.3139,brl_per_usd
brl_usd,BRL/USD official exchange rate,market_repricing,bcb_sgs,daily,2001-06-27,2.3236,brl_per_usd
brl_usd,BRL/USD official exchange rate,market_repricing,bcb_sgs,daily,2001-06-28,2.2923,brl_per_usd
brl_usd,BRL/USD official exchange rate,market_repricing,bcb_sgs,daily,2001-06-29,2.3049,brl_per_usd
brl_usd,BRL/USD official exchange rate,market_repricing,bcb_sgs,daily,2001-07-02,2.3249,brl_per_usd
brl_usd,BRL/USD official exchange rate,market_repricing,bcb_sgs,daily,2001-07-03,2.3395,brl_per_usd
brl_usd,BRL/USD official exchange rate,market_repricing,bcb_sgs,daily,2001-07-04,2.3907,brl_per_usd
brl_usd,BRL/USD official exchange rate,market_repricing,bcb_sgs,daily,2001-07-05,2.4113,brl_per_usd
brl_usd,BRL/USD official exchange rate,market_repricing,bcb_sgs,daily,2001-07-06,2.4943,brl_per_usd
brl_usd,BRL/USD official exchange rate,market_repricing,bcb_sgs,daily,2001-07-09,2.4548,brl_per_usd
brl_usd,BRL/USD official exchange rate,market_repricing,bcb_sgs,daily,2001-07-10,2.4802,brl_per_usd
brl_usd,BRL/USD official exchange rate,market_repricing,bcb_sgs,daily,2001-07-11,2.53,brl_per_usd
brl_usd,BRL/USD official exchange rate,market_repricing,bcb_sgs,daily,2001-07-12,2.5423,brl_per_usd
brl_usd,BRL/USD official exchange rate,market_repricing,bcb_sgs,daily,2001-07-13,2.5538,brl_per_usd
brl_usd,BRL/USD official exchange rate,market_repricing,bcb_sgs,daily,2001-07-16,2.5979,brl_per_usd
brl_usd,BRL/USD official exchange rate,market_repricing,bcb_sgs,daily,2001-07-17,2.5304,brl_per_usd
brl_usd,BRL/USD official exchange rate,market_repricing,bcb_sgs,daily,2001-07-18,2.4696,brl_per_usd
brl_usd,BRL/USD official exchange rate,market_repricing,bcb_sgs,daily,2001-07-19,2.5032,brl_per_usd
brl_usd,BRL/USD official exchange rate,market_repricing,bcb_sgs,daily,2001-07-20,2.4573,brl_per_usd
brl_usd,BRL/USD official exchange rate,market_repricing,bcb_sgs,daily,2001-07-23,2.4108,brl_per_usd
brl_usd,BRL/USD official exchange rate,market_repricing,bcb_sgs,daily,2001-07-24,2.4247,brl_per_usd
brl_usd,BRL/USD official exchange rate,market_repricing,bcb_sgs,daily,2001-07-25,2.4914,brl_per_usd
brl_usd,BRL/USD official exchange rate,market_repricing,bcb_sgs,daily,2001-07-26,2.4836,brl_per_usd
brl_usd,BRL/USD official exchange rate,market_repricing,bcb_sgs,daily,2001-07-27,2.4971,brl_per_usd
brl_usd,BRL/USD official exchange rate,market_repricing,bcb_sgs,daily,2001-07-30,2.4334,brl_per_usd
brl_usd,BRL/USD official exchange rate,market_repricing,bcb_sgs,daily,2001-07-31,2.4313,brl_per_usd
brl_usd,BRL/USD official exchange rate,market_repricing,bcb_sgs,daily,2001-08-01,2.4935,brl_per_usd
brl_usd,BRL/USD official exchange rate,market_repricing,bcb_sgs,daily,2001-08-02,2.4877,brl_per_usd
brl_usd,BRL/USD official exchange rate,market_repricing,bcb_sgs,daily,2001-08-03,2.4884,brl_per_usd
brl_usd,BRL/USD official exchange rate,market_repricing,bcb_sgs,daily,2001-08-06,2.469,brl_per_usd
brl_usd,BRL/USD official exchange rate,market_repricing,bcb_sgs,daily,2001-08-07,2.4463,brl_per_usd
brl_usd,BRL/USD official exchange rate,market_repricing,bcb_sgs,daily,2001-08-08,2.4704,brl_per_usd
brl_usd,BRL/USD official exchange rate,market_repricing,bcb_sgs,daily,2001-08-09,2.4668,brl_per_usd
brl_usd,BRL/USD official exchange rate,market_repricing,bcb_sgs,daily,2001-08-10,2.4842,brl_per_usd
brl_usd,BRL/USD official exchange rate,market_repricing,bcb_sgs,daily,2001-08-13,2.491,brl_per_usd
brl_usd,BRL/USD official exchange rate,market_repricing,bcb_sgs,daily,2001-08-14,2.514,brl_per_usd
brl_usd,BRL/USD official exchange rate,market_repricing,bcb_sgs,daily,2001-08-15,2.5005,brl_per_usd
brl_usd,BRL/USD official exchange rate,market_repricing,bcb_sgs,daily,2001-08-16,2.4877,brl_per_usd
brl_usd,BRL/USD official exchange rate,market_repricing,bcb_sgs,daily,2001-08-17,2.5235,brl_per_usd
brl_usd,BRL/USD official exchange rate,market_repricing,bcb_sgs,daily,2001-08-20,2.5306,brl_per_usd
brl_usd,BRL/USD official exchange rate,market_repricing,bcb_sgs,daily,2001-08-21,2.5353,brl_per_usd
brl_usd,BRL/USD official exchange rate,market_repricing,bcb_sgs,daily,2001-08-22,2.5231,brl_per_usd
brl_usd,BRL/USD official exchange rate,market_repricing,bcb_sgs,daily,2001-08-23,2.5282,brl_per_usd
brl_usd,BRL/USD official exchange rate,market_repricing,bcb_sgs,daily,2001-08-24,2.55,brl_per_usd
brl_usd,BRL/USD official exchange rate,market_repricing,bcb_sgs,daily,2001-08-27,2.5585,brl_per_usd
brl_usd,BRL/USD official exchange rate,market_repricing,bcb_sgs,daily,2001-08-28,2.5564,brl_per_usd
brl_usd,BRL/USD official exchange rate,market_repricing,bcb_sgs,daily,2001-08-29,2.5474,brl_per_usd
brl_usd,BRL/USD official exchange rate,market_repricing,bcb_sgs,daily,2001-08-30,2.5403,brl_per_usd
brl_usd,BRL/USD official exchange rate,market_repricing,bcb_sgs,daily,2001-08-31,2.5517,brl_per_usd
brl_usd,BRL/USD official exchange rate,market_repricing,bcb_sgs,daily,2001-09-03,2.559,brl_per_usd
brl_usd,BRL/USD official exchange rate,market_repricing,bcb_sgs,daily,2001-09-04,2.5642,brl_per_usd
brl_usd,BRL/USD official exchange rate,market_repricing,bcb_sgs,daily,2001-09-05,2.5669,brl_per_usd
brl_usd,BRL/USD official exchange rate,market_repricing,bcb_sgs,daily,2001-09-06,2.5927,brl_per_usd
brl_usd,BRL/USD official exchange rate,market_repricing,bcb_sgs,daily,2001-09-10,2.6013,brl_per_usd
brl_usd,BRL/USD official exchange rate,market_repricing,bcb_sgs,daily,2001-09-11,2.6369,brl_per_usd
brl_usd,BRL/USD official exchange rate,market_repricing,bcb_sgs,daily,2001-09-12,2.6741,brl_per_usd
brl_usd,BRL/USD official exchange rate,market_repricing,bcb_sgs,daily,2001-09-13,2.6978,brl_per_usd
brl_usd,BRL/USD official exchange rate,market_repricing,bcb_sgs,daily,2001-09-14,2.6986,brl_per_usd
brl_usd,BRL/USD official exchange rate,market_repricing,bcb_sgs,daily,2001-09-17,2.6679,brl_per_usd
brl_usd,BRL/USD official exchange rate,market_repricing,bcb_sgs,daily,2001-09-18,2.6793,brl_per_usd
brl_usd,BRL/USD official exchange rate,market_repricing,bcb_sgs,daily,2001-09-19,2.7065,brl_per_usd
brl_usd,BRL/USD official exchange rate,market_repricing,bcb_sgs,daily,2001-09-20,2.7322,brl_per_usd
brl_usd,BRL/USD official exchange rate,market_repricing,bcb_sgs,daily,2001-09-21,2.8007,brl_per_usd
brl_usd,BRL/USD official exchange rate,market_repricing,bcb_sgs,daily,2001-09-24,2.7675,brl_per_usd
brl_usd,BRL/USD official exchange rate,market_repricing,bcb_sgs,daily,2001-09-25,2.7133,brl_per_usd
brl_usd,BRL/USD official exchange rate,market_repricing,bcb_sgs,daily,2001-09-26,2.7264,brl_per_usd
brl_usd,BRL/USD official exchange rate,market_repricing,bcb_sgs,daily,2001-09-27,2.705,brl_per_usd
brl_usd,BRL/USD official exchange rate,market_repricing,bcb_sgs,daily,2001-09-28,2.6713,brl_per_usd
brl_usd,BRL/USD official exchange rate,market_repricing,bcb_sgs,daily,2001-10-01,2.6866,brl_per_usd
brl_usd,BRL/USD official exchange rate,market_repricing,bcb_sgs,daily,2001-10-02,2.7038,brl_per_usd
brl_usd,BRL/USD official exchange rate,market_repricing,bcb_sgs,daily,2001-10-03,2.7287,brl_per_usd
brl_usd,BRL/USD official exchange rate,market_repricing,bcb_sgs,daily,2001-10-04,2.7326,brl_per_usd
brl_usd,BRL/USD official exchange rate,market_repricing,bcb_sgs,daily,2001-10-05,2.754,brl_per_usd
brl_usd,BRL/USD official exchange rate,market_repricing,bcb_sgs,daily,2001-10-08,2.7828,brl_per_usd
brl_usd,BRL/USD official exchange rate,market_repricing,bcb_sgs,daily,2001-10-09,2.7797,brl_per_usd
brl_usd,BRL/USD official exchange rate,market_repricing,bcb_sgs,daily,2001-10-10,2.7784,brl_per_usd
brl_usd,BRL/USD official exchange rate,market_repricing,bcb_sgs,daily,2001-10-11,2.7799,brl_per_usd
brl_usd,BRL/USD official exchange rate,market_repricing,bcb_sgs,daily,2001-10-15,2.779,brl_per_usd
brl_usd,BRL/USD official exchange rate,market_repricing,bcb_sgs,daily,2001-10-16,2.7526,brl_per_usd
brl_usd,BRL/USD official exchange rate,market_repricing,bcb_sgs,daily,2001-10-17,2.7211,brl_per_usd
brl_usd,BRL/USD official exchange rate,market_repricing,bcb_sgs,daily,2001-10-18,2.7425,brl_per_usd
brl_usd,BRL/USD official exchange rate,market_repricing,bcb_sgs,daily,2001-10-19,2.7573,brl_per_usd
brl_usd,BRL/USD official exchange rate,market_repricing,bcb_sgs,daily,2001-10-22,2.7176,brl_per_usd
brl_usd,BRL/USD official exchange rate,market_repricing,bcb_sgs,daily,2001-10-23,2.7168,brl_per_usd
brl_usd,BRL/USD official exchange rate,market_repricing,bcb_sgs,daily,2001-10-24,2.7438,brl_per_usd
brl_usd,BRL/USD official exchange rate,market_repricing,bcb_sgs,daily,2001-10-25,2.7428,brl_per_usd
brl_usd,BRL/USD official exchange rate,market_repricing,bcb_sgs,daily,2001-10-26,2.729,brl_per_usd
brl_usd,BRL/USD official exchange rate,market_repricing,bcb_sgs,daily,2001-10-29,2.7246,brl_per_usd
brl_usd,BRL/USD official exchange rate,market_repricing,bcb_sgs,daily,2001-10-30,2.7231,brl_per_usd
brl_usd,BRL/USD official exchange rate,market_repricing,bcb_sgs,daily,2001-10-31,2.7071,brl_per_usd
brl_usd,BRL/USD official exchange rate,market_repricing,bcb_sgs,daily,2001-11-01,2.682,brl_per_usd
brl_usd,BRL/USD official exchange rate,market_repricing,bcb_sgs,daily,2001-11-05,2.6208,brl_per_usd
brl_usd,BRL/USD official exchange rate,market_repricing,bcb_sgs,daily,2001-11-06,2.6003,brl_per_usd
brl_usd,BRL/USD official exchange rate,market_repricing,bcb_sgs,daily,2001-11-07,2.6055,brl_per_usd
brl_usd,BRL/USD official exchange rate,market_repricing,bcb_sgs,daily,2001-11-08,2.5571,brl_per_usd
brl_usd,BRL/USD official exchange rate,market_repricing,bcb_sgs,daily,2001-11-09,2.5347,brl_per_usd
brl_usd,BRL/USD official exchange rate,market_repricing,bcb_sgs,daily,2001-11-12,2.5502,brl_per_usd
brl_usd,BRL/USD official exchange rate,market_repricing,bcb_sgs,daily,2001-11-13,2.527,brl_per_usd
brl_usd,BRL/USD official exchange rate,market_repricing,bcb_sgs,daily,2001-11-14,2.5299,brl_per_usd
brl_usd,BRL/USD official exchange rate,market_repricing,bcb_sgs,daily,2001-11-16,2.5392,brl_per_usd
brl_usd,BRL/USD official exchange rate,market_repricing,bcb_sgs,daily,2001-11-19,2.5154,brl_per_usd
brl_usd,BRL/USD official exchange rate,market_repricing,bcb_sgs,daily,2001-11-20,2.535,brl_per_usd
brl_usd,BRL/USD official exchange rate,market_repricing,bcb_sgs,daily,2001-11-21,2.5411,brl_per_usd
brl_usd,BRL/USD official exchange rate,market_repricing,bcb_sgs,daily,2001-11-22,2.5383,brl_per_usd
brl_usd,BRL/USD official exchange rate,market_repricing,bcb_sgs,daily,2001-11-23,2.5134,brl_per_usd
brl_usd,BRL/USD official exchange rate,market_repricing,bcb_sgs,daily,2001-11-26,2.4894,brl_per_usd
brl_usd,BRL/USD official exchange rate,market_repricing,bcb_sgs,daily,2001-11-27,2.4604,brl_per_usd
brl_usd,BRL/USD official exchange rate,market_repricing,bcb_sgs,daily,2001-11-28,2.4857,brl_per_usd
brl_usd,BRL/USD official exchange rate,market_repricing,bcb_sgs,daily,2001-11-29,2.5072,brl_per_usd
brl_usd,BRL/USD official exchange rate,market_repricing,bcb_sgs,daily,2001-11-30,2.5287,brl_per_usd
brl_usd,BRL/USD official exchange rate,market_repricing,bcb_sgs,daily,2001-12-03,2.4672,brl_per_usd
brl_usd,BRL/USD official exchange rate,market_repricing,bcb_sgs,daily,2001-12-04,2.4289,brl_per_usd
brl_usd,BRL/USD official exchange rate,market_repricing,bcb_sgs,daily,2001-12-05,2.4306,brl_per_usd
brl_usd,BRL/USD official exchange rate,market_repricing,bcb_sgs,daily,2001-12-06,2.4435,brl_per_usd
brl_usd,BRL/USD official exchange rate,market_repricing,bcb_sgs,daily,2001-12-07,2.4005,brl_per_usd
brl_usd,BRL/USD official exchange rate,market_repricing,bcb_sgs,daily,2001-12-10,2.3579,brl_per_usd
brl_usd,BRL/USD official exchange rate,market_repricing,bcb_sgs,daily,2001-12-11,2.3417,brl_per_usd
brl_usd,BRL/USD official exchange rate,market_repricing,bcb_sgs,daily,2001-12-12,2.3551,brl_per_usd
brl_usd,BRL/USD official exchange rate,market_repricing,bcb_sgs,daily,2001-12-13,2.3847,brl_per_usd
brl_usd,BRL/USD official exchange rate,market_repricing,bcb_sgs,daily,2001-12-14,2.384,brl_per_usd
brl_usd,BRL/USD official exchange rate,market_repricing,bcb_sgs,daily,2001-12-17,2.358,brl_per_usd
brl_usd,BRL/USD official exchange rate,market_repricing,bcb_sgs,daily,2001-12-18,2.343,brl_per_usd
brl_usd,BRL/USD official exchange rate,market_repricing,bcb_sgs,daily,2001-12-19,2.293,brl_per_usd
brl_usd,BRL/USD official exchange rate,market_repricing,bcb_sgs,daily,2001-12-20,2.3202,brl_per_usd
brl_usd,BRL/USD official exchange rate,market_repricing,bcb_sgs,daily,2001-12-21,2.3311,brl_per_usd
brl_usd,BRL/USD official exchange rate,market_repricing,bcb_sgs,daily,2001-12-24,2.3378,brl_per_usd
brl_usd,BRL/USD official exchange rate,market_repricing,bcb_sgs,daily,2001-12-26,2.3145,brl_per_usd
brl_usd,BRL/USD official exchange rate,market_repricing,bcb_sgs,daily,2001-12-27,2.3215,brl_per_usd
brl_usd,BRL/USD official exchange rate,market_repricing,bcb_sgs,daily,2001-12-28,2.3204,brl_per_usd
brl_usd,BRL/USD official exchange rate,market_repricing,bcb_sgs,daily,2001-12-31,2.3204,brl_per_usd
brl_usd,BRL/USD official exchange rate,market_repricing,bcb_sgs,daily,2002-01-02,2.3066,brl_per_usd
brl_usd,BRL/USD official exchange rate,market_repricing,bcb_sgs,daily,2002-01-03,2.2932,brl_per_usd
brl_usd,BRL/USD official exchange rate,market_repricing,bcb_sgs,daily,2002-01-04,2.3101,brl_per_usd
brl_usd,BRL/USD official exchange rate,market_repricing,bcb_sgs,daily,2002-01-07,2.3428,brl_per_usd
brl_usd,BRL/USD official exchange rate,market_repricing,bcb_sgs,daily,2002-01-08,2.3454,brl_per_usd
brl_usd,BRL/USD official exchange rate,market_repricing,bcb_sgs,daily,2002-01-09,2.3794,brl_per_usd
brl_usd,BRL/USD official exchange rate,market_repricing,bcb_sgs,daily,2002-01-10,2.3896,brl_per_usd
brl_usd,BRL/USD official exchange rate,market_repricing,bcb_sgs,daily,2002-01-11,2.4168,brl_per_usd
brl_usd,BRL/USD official exchange rate,market_repricing,bcb_sgs,daily,2002-01-14,2.4072,brl_per_usd
brl_usd,BRL/USD official exchange rate,market_repricing,bcb_sgs,daily,2002-01-15,2.3705,brl_per_usd
brl_usd,BRL/USD official exchange rate,market_repricing,bcb_sgs,daily,2002-01-16,2.3867,brl_per_usd
brl_usd,BRL/USD official exchange rate,market_repricing,bcb_sgs,daily,2002-01-17,2.3641,brl_per_usd
brl_usd,BRL/USD official exchange rate,market_repricing,bcb_sgs,daily,2002-01-18,2.3752,brl_per_usd
brl_usd,BRL/USD official exchange rate,market_repricing,bcb_sgs,daily,2002-01-21,2.3742,brl_per_usd
brl_usd,BRL/USD official exchange rate,market_repricing,bcb_sgs,daily,2002-01-22,2.3667,brl_per_usd
brl_usd,BRL/USD official exchange rate,market_repricing,bcb_sgs,daily,2002-01-23,2.3804,brl_per_usd
brl_usd,BRL/USD official exchange rate,market_repricing,bcb_sgs,daily,2002-01-24,2.3981,brl_per_usd
brl_usd,BRL/USD official exchange rate,market_repricing,bcb_sgs,daily,2002-01-25,2.4046,brl_per_usd
brl_usd,BRL/USD official exchange rate,market_repricing,bcb_sgs,daily,2002-01-28,2.4228,brl_per_usd
brl_usd,BRL/USD official exchange rate,market_repricing,bcb_sgs,daily,2002-01-29,2.4234,brl_per_usd
brl_usd,BRL/USD official exchange rate,market_repricing,bcb_sgs,daily,2002-01-30,2.4384,brl_per_usd
brl_usd,BRL/USD official exchange rate,market_repricing,bcb_sgs,daily,2002-01-31,2.4183,brl_per_usd
brl_usd,BRL/USD official exchange rate,market_repricing,bcb_sgs,daily,2002-02-01,2.4161,brl_per_usd
brl_usd,BRL/USD official exchange rate,market_repricing,bcb_sgs,daily,2002-02-04,2.4228,brl_per_usd
brl_usd,BRL/USD official exchange rate,market_repricing,bcb_sgs,daily,2002-02-05,2.4214,brl_per_usd
brl_usd,BRL/USD official exchange rate,market_repricing,bcb_sgs,daily,2002-02-06,2.4206,brl_per_usd
brl_usd,BRL/USD official exchange rate,market_repricing,bcb_sgs,daily,2002-02-07,2.4518,brl_per_usd
brl_usd,BRL/USD official exchange rate,market_repricing,bcb_sgs,daily,2002-02-08,2.4691,brl_per_usd
brl_usd,BRL/USD official exchange rate,market_repricing,bcb_sgs,daily,2002-02-13,2.4232,brl_per_usd
brl_usd,BRL/USD official exchange rate,market_repricing,bcb_sgs,daily,2002-02-14,2.4249,brl_per_usd
brl_usd,BRL/USD official exchange rate,market_repricing,bcb_sgs,daily,2002-02-15,2.438,brl_per_usd
brl_usd,BRL/USD official exchange rate,market_repricing,bcb_sgs,daily,2002-02-18,2.4284,brl_per_usd
brl_usd,BRL/USD official exchange rate,market_repricing,bcb_sgs,daily,2002-02-19,2.4249,brl_per_usd
brl_usd,BRL/USD official exchange rate,market_repricing,bcb_sgs,daily,2002-02-20,2.4284,brl_per_usd
brl_usd,BRL/USD official exchange rate,market_repricing,bcb_sgs,daily,2002-02-21,2.4241,brl_per_usd
brl_usd,BRL/USD official exchange rate,market_repricing,bcb_sgs,daily,2002-02-22,2.4273,brl_per_usd
brl_usd,BRL/USD official exchange rate,market_repricing,bcb_sgs,daily,2002-02-25,2.4062,brl_per_usd
brl_usd,BRL/USD official exchange rate,market_repricing,bcb_sgs,daily,2002-02-26,2.3947,brl_per_usd
brl_usd,BRL/USD official exchange rate,market_repricing,bcb_sgs,daily,2002-02-27,2.3827,brl_per_usd
brl_usd,BRL/USD official exchange rate,market_repricing,bcb_sgs,daily,2002-02-28,2.3482,brl_per_usd
brl_usd,BRL/USD official exchange rate,market_repricing,bcb_sgs,daily,2002-03-01,2.3596,brl_per_usd
brl_usd,BRL/USD official exchange rate,market_repricing,bcb_sgs,daily,2002-03-04,2.3432,brl_per_usd
brl_usd,BRL/USD official exchange rate,market_repricing,bcb_sgs,daily,2002-03-05,2.3251,brl_per_usd
brl_usd,BRL/USD official exchange rate,market_repricing,bcb_sgs,daily,2002-03-06,2.352,brl_per_usd
brl_usd,BRL/USD official exchange rate,market_repricing,bcb_sgs,daily,2002-03-07,2.3663,brl_per_usd
brl_usd,BRL/USD official exchange rate,market_repricing,bcb_sgs,daily,2002-03-08,2.3582,brl_per_usd
brl_usd,BRL/USD official exchange rate,market_repricing,bcb_sgs,daily,2002-03-11,2.3487,brl_per_usd
brl_usd,BRL/USD official exchange rate,market_repricing,bcb_sgs,daily,2002-03-12,2.3496,brl_per_usd
brl_usd,BRL/USD official exchange rate,market_repricing,bcb_sgs,daily,2002-03-13,2.3368,brl_per_usd
brl_usd,BRL/USD official exchange rate,market_repricing,bcb_sgs,daily,2002-03-14,2.3441,brl_per_usd
brl_usd,BRL/USD official exchange rate,market_repricing,bcb_sgs,daily,2002-03-15,2.3542,brl_per_usd
brl_usd,BRL/USD official exchange rate,market_repricing,bcb_sgs,daily,2002-03-18,2.3406,brl_per_usd
brl_usd,BRL/USD official exchange rate,market_repricing,bcb_sgs,daily,2002-03-19,2.3432,brl_per_usd
brl_usd,BRL/USD official exchange rate,market_repricing,bcb_sgs,daily,2002-03-20,2.338,brl_per_usd
brl_usd,BRL/USD official exchange rate,market_repricing,bcb_sgs,daily,2002-03-21,2.3475,brl_per_usd
brl_usd,BRL/USD official exchange rate,market_repricing,bcb_sgs,daily,2002-03-22,2.3508,brl_per_usd
brl_usd,BRL/USD official exchange rate,market_repricing,bcb_sgs,daily,2002-03-25,2.3641,brl_per_usd
brl_usd,BRL/USD official exchange rate,market_repricing,bcb_sgs,daily,2002-03-26,2.3502,brl_per_usd
brl_usd,BRL/USD official exchange rate,market_repricing,bcb_sgs,daily,2002-03-27,2.3371,brl_per_usd
brl_usd,BRL/USD official exchange rate,market_repricing,bcb_sgs,daily,2002-03-28,2.3236,brl_per_usd
brl_usd,BRL/USD official exchange rate,market_repricing,bcb_sgs,daily,2002-04-01,2.322,brl_per_usd
brl_usd,BRL/USD official exchange rate,market_repricing,bcb_sgs,daily,2002-04-02,2.3022,brl_per_usd
brl_usd,BRL/USD official exchange rate,market_repricing,bcb_sgs,daily,2002-04-03,2.2977,brl_per_usd
brl_usd,BRL/USD official exchange rate,market_repricing,bcb_sgs,daily,2002-04-04,2.3118,brl_per_usd
brl_usd,BRL/USD official exchange rate,market_repricing,bcb_sgs,daily,2002-04-05,2.2924,brl_per_usd
brl_usd,BRL/USD official exchange rate,market_repricing,bcb_sgs,daily,2002-04-08,2.2907,brl_per_usd
brl_usd,BRL/USD official exchange rate,market_repricing,bcb_sgs,daily,2002-04-09,2.2842,brl_per_usd
brl_usd,BRL/USD official exchange rate,market_repricing,bcb_sgs,daily,2002-04-10,2.2728,brl_per_usd
brl_usd,BRL/USD official exchange rate,market_repricing,bcb_sgs,daily,2002-04-11,2.2709,brl_per_usd
brl_usd,BRL/USD official exchange rate,market_repricing,bcb_sgs,daily,2002-04-12,2.2988,brl_per_usd
brl_usd,BRL/USD official exchange rate,market_repricing,bcb_sgs,daily,2002-04-15,2.318,brl_per_usd
brl_usd,BRL/USD official exchange rate,market_repricing,bcb_sgs,daily,2002-04-16,2.3172,brl_per_usd
brl_usd,BRL/USD official exchange rate,market_repricing,bcb_sgs,daily,2002-04-17,2.3165,brl_per_usd
brl_usd,BRL/USD official exchange rate,market_repricing,bcb_sgs,daily,2002-04-18,2.3327,brl_per_usd
brl_usd,BRL/USD official exchange rate,market_repricing,bcb_sgs,daily,2002-04-19,2.3269,brl_per_usd
brl_usd,BRL/USD official exchange rate,market_repricing,bcb_sgs,daily,2002-04-22,2.3347,brl_per_usd
brl_usd,BRL/USD official exchange rate,market_repricing,bcb_sgs,daily,2002-04-23,2.3487,brl_per_usd
brl_usd,BRL/USD official exchange rate,market_repricing,bcb_sgs,daily,2002-04-24,2.3568,brl_per_usd
brl_usd,BRL/USD official exchange rate,market_repricing,bcb_sgs,daily,2002-04-25,2.3666,brl_per_usd
brl_usd,BRL/USD official exchange rate,market_repricing,bcb_sgs,daily,2002-04-26,2.3558,brl_per_usd
brl_usd,BRL/USD official exchange rate,market_repricing,bcb_sgs,daily,2002-04-29,2.3689,brl_per_usd
brl_usd,BRL/USD official exchange rate,market_repricing,bcb_sgs,daily,2002-04-30,2.3625,brl_per_usd
brl_usd,BRL/USD official exchange rate,market_repricing,bcb_sgs,daily,2002-05-02,2.377,brl_per_usd
brl_usd,BRL/USD official exchange rate,market_repricing,bcb_sgs,daily,2002-05-03,2.4149,brl_per_usd
brl_usd,BRL/USD official exchange rate,market_repricing,bcb_sgs,daily,2002-05-06,2.4327,brl_per_usd
brl_usd,BRL/USD official exchange rate,market_repricing,bcb_sgs,daily,2002-05-07,2.4174,brl_per_usd
brl_usd,BRL/USD official exchange rate,market_repricing,bcb_sgs,daily,2002-05-08,2.4341,brl_per_usd
brl_usd,BRL/USD official exchange rate,market_repricing,bcb_sgs,daily,2002-05-09,2.4519,brl_per_usd
brl_usd,BRL/USD official exchange rate,market_repricing,bcb_sgs,daily,2002-05-10,2.4838,brl_per_usd
brl_usd,BRL/USD official exchange rate,market_repricing,bcb_sgs,daily,2002-05-13,2.4952,brl_per_usd
brl_usd,BRL/USD official exchange rate,market_repricing,bcb_sgs,daily,2002-05-14,2.5154,brl_per_usd
brl_usd,BRL/USD official exchange rate,market_repricing,bcb_sgs,daily,2002-05-15,2.5117,brl_per_usd
brl_usd,BRL/USD official exchange rate,market_repricing,bcb_sgs,daily,2002-05-16,2.4799,brl_per_usd
brl_usd,BRL/USD official exchange rate,market_repricing,bcb_sgs,daily,2002-05-17,2.4763,brl_per_usd
brl_usd,BRL/USD official exchange rate,market_repricing,bcb_sgs,daily,2002-05-20,2.4737,brl_per_usd
brl_usd,BRL/USD official exchange rate,market_repricing,bcb_sgs,daily,2002-05-21,2.4787,brl_per_usd
brl_usd,BRL/USD official exchange rate,market_repricing,bcb_sgs,daily,2002-05-22,2.5016,brl_per_usd
brl_usd,BRL/USD official exchange rate,market_repricing,bcb_sgs,daily,2002-05-23,2.5296,brl_per_usd
brl_usd,BRL/USD official exchange rate,market_repricing,bcb_sgs,daily,2002-05-24,2.524,brl_per_usd
brl_usd,BRL/USD official exchange rate,market_repricing,bcb_sgs,daily,2002-05-27,2.5228,brl_per_usd
brl_usd,BRL/USD official exchange rate,market_repricing,bcb_sgs,daily,2002-05-28,2.5248,brl_per_usd
brl_usd,BRL/USD official exchange rate,market_repricing,bcb_sgs,daily,2002-05-29,2.5201,brl_per_usd
brl_usd,BRL/USD official exchange rate,market_repricing,bcb_sgs,daily,2002-05-31,2.522,brl_per_usd
brl_usd,BRL/USD official exchange rate,market_repricing,bcb_sgs,daily,2002-06-03,2.5413,brl_per_usd
brl_usd,BRL/USD official exchange rate,market_repricing,bcb_sgs,daily,2002-06-04,2.5697,brl_per_usd
brl_usd,BRL/USD official exchange rate,market_repricing,bcb_sgs,daily,2002-06-05,2.6086,brl_per_usd
brl_usd,BRL/USD official exchange rate,market_repricing,bcb_sgs,daily,2002-06-06,2.6418,brl_per_usd
brl_usd,BRL/USD official exchange rate,market_repricing,bcb_sgs,daily,2002-06-07,2.6708,brl_per_usd
brl_usd,BRL/USD official exchange rate,market_repricing,bcb_sgs,daily,2002-06-10,2.6367,brl_per_usd
brl_usd,BRL/USD official exchange rate,market_repricing,bcb_sgs,daily,2002-06-11,2.6664,brl_per_usd
brl_usd,BRL/USD official exchange rate,market_repricing,bcb_sgs,daily,2002-06-12,2.7486,brl_per_usd
brl_usd,BRL/USD official exchange rate,market_repricing,bcb_sgs,daily,2002-06-13,2.6922,brl_per_usd
brl_usd,BRL/USD official exchange rate,market_repricing,bcb_sgs,daily,2002-06-14,2.7181,brl_per_usd
brl_usd,BRL/USD official exchange rate,market_repricing,bcb_sgs,daily,2002-06-17,2.6823,brl_per_usd
brl_usd,BRL/USD official exchange rate,market_repricing,bcb_sgs,daily,2002-06-18,2.67,brl_per_usd
brl_usd,BRL/USD official exchange rate,market_repricing,bcb_sgs,daily,2002-06-19,2.703,brl_per_usd
brl_usd,BRL/USD official exchange rate,market_repricing,bcb_sgs,daily,2002-06-20,2.7505,brl_per_usd
brl_usd,BRL/USD official exchange rate,market_repricing,bcb_sgs,daily,2002-06-21,2.791,brl_per_usd
brl_usd,BRL/USD official exchange rate,market_repricing,bcb_sgs,daily,2002-06-24,2.8269,brl_per_usd
brl_usd,BRL/USD official exchange rate,market_repricing,bcb_sgs,daily,2002-06-25,2.7995,brl_per_usd
brl_usd,BRL/USD official exchange rate,market_repricing,bcb_sgs,daily,2002-06-26,2.8584,brl_per_usd
brl_usd,BRL/USD official exchange rate,market_repricing,bcb_sgs,daily,2002-06-27,2.8593,brl_per_usd
brl_usd,BRL/USD official exchange rate,market_repricing,bcb_sgs,daily,2002-06-28,2.8444,brl_per_usd
brl_usd,BRL/USD official exchange rate,market_repricing,bcb_sgs,daily,2002-07-01,2.8595,brl_per_usd
brl_usd,BRL/USD official exchange rate,market_repricing,bcb_sgs,daily,2002-07-02,2.9141,brl_per_usd
brl_usd,BRL/USD official exchange rate,market_repricing,bcb_sgs,daily,2002-07-03,2.8617,brl_per_usd
brl_usd,BRL/USD official exchange rate,market_repricing,bcb_sgs,daily,2002-07-04,2.8481,brl_per_usd
brl_usd,BRL/USD official exchange rate,market_repricing,bcb_sgs,daily,2002-07-05,2.8746,brl_per_usd
brl_usd,BRL/USD official exchange rate,market_repricing,bcb_sgs,daily,2002-07-08,2.8711,brl_per_usd
brl_usd,BRL/USD official exchange rate,market_repricing,bcb_sgs,daily,2002-07-09,2.8551,brl_per_usd
brl_usd,BRL/USD official exchange rate,market_repricing,bcb_sgs,daily,2002-07-10,2.8541,brl_per_usd
brl_usd,BRL/USD official exchange rate,market_repricing,bcb_sgs,daily,2002-07-11,2.8232,brl_per_usd
brl_usd,BRL/USD official exchange rate,market_repricing,bcb_sgs,daily,2002-07-12,2.8147,brl_per_usd
brl_usd,BRL/USD official exchange rate,market_repricing,bcb_sgs,daily,2002-07-15,2.8455,brl_per_usd
brl_usd,BRL/USD official exchange rate,market_repricing,bcb_sgs,daily,2002-07-16,2.8671,brl_per_usd
brl_usd,BRL/USD official exchange rate,market_repricing,bcb_sgs,daily,2002-07-17,2.8783,brl_per_usd
brl_usd,BRL/USD official exchange rate,market_repricing,bcb_sgs,daily,2002-07-18,2.8772,brl_per_usd
brl_usd,BRL/USD official exchange rate,market_repricing,bcb_sgs,daily,2002-07-19,2.8671,brl_per_usd
brl_usd,BRL/USD official exchange rate,market_repricing,bcb_sgs,daily,2002-07-22,2.8816,brl_per_usd
brl_usd,BRL/USD official exchange rate,market_repricing,bcb_sgs,daily,2002-07-23,2.9132,brl_per_usd
brl_usd,BRL/USD official exchange rate,market_repricing,bcb_sgs,daily,2002-07-24,2.9479,brl_per_usd
brl_usd,BRL/USD official exchange rate,market_repricing,bcb_sgs,daily,2002-07-25,2.9822,brl_per_usd
brl_usd,BRL/USD official exchange rate,market_repricing,bcb_sgs,daily,2002-07-26,3.0177,brl_per_usd
brl_usd,BRL/USD official exchange rate,market_repricing,bcb_sgs,daily,2002-07-29,3.1449,brl_per_usd
brl_usd,BRL/USD official exchange rate,market_repricing,bcb_sgs,daily,2002-07-30,3.2692,brl_per_usd
brl_usd,BRL/USD official exchange rate,market_repricing,bcb_sgs,daily,2002-07-31,3.4285,brl_per_usd
brl_usd,BRL/USD official exchange rate,market_repricing,bcb_sgs,daily,2002-08-01,3.3275,brl_per_usd
brl_usd,BRL/USD official exchange rate,market_repricing,bcb_sgs,daily,2002-08-02,3.0302,brl_per_usd
brl_usd,BRL/USD official exchange rate,market_repricing,bcb_sgs,daily,2002-08-05,3.0732,brl_per_usd
brl_usd,BRL/USD official exchange rate,market_repricing,bcb_sgs,daily,2002-08-06,3.207,brl_per_usd
brl_usd,BRL/USD official exchange rate,market_repricing,bcb_sgs,daily,2002-08-07,3.0598,brl_per_usd
brl_usd,BRL/USD official exchange rate,market_repricing,bcb_sgs,daily,2002-08-08,2.8883,brl_per_usd
brl_usd,BRL/USD official exchange rate,market_repricing,bcb_sgs,daily,2002-08-09,2.9964,brl_per_usd
brl_usd,BRL/USD official exchange rate,market_repricing,bcb_sgs,daily,2002-08-12,3.0979,brl_per_usd
brl_usd,BRL/USD official exchange rate,market_repricing,bcb_sgs,daily,2002-08-13,3.2094,brl_per_usd
brl_usd,BRL/USD official exchange rate,market_repricing,bcb_sgs,daily,2002-08-14,3.1965,brl_per_usd
brl_usd,BRL/USD official exchange rate,market_repricing,bcb_sgs,daily,2002-08-15,3.1912,brl_per_usd
brl_usd,BRL/USD official exchange rate,market_repricing,bcb_sgs,daily,2002-08-16,3.162,brl_per_usd
brl_usd,BRL/USD official exchange rate,market_repricing,bcb_sgs,daily,2002-08-19,3.1142,brl_per_usd
brl_usd,BRL/USD official exchange rate,market_repricing,bcb_sgs,daily,2002-08-20,3.0923,brl_per_usd
brl_usd,BRL/USD official exchange rate,market_repricing,bcb_sgs,daily,2002-08-21,3.0794,brl_per_usd
brl_usd,BRL/USD official exchange rate,market_repricing,bcb_sgs,daily,2002-08-22,3.1417,brl_per_usd
brl_usd,BRL/USD official exchange rate,market_repricing,bcb_sgs,daily,2002-08-23,3.1136,brl_per_usd
brl_usd,BRL/USD official exchange rate,market_repricing,bcb_sgs,daily,2002-08-26,3.0788,brl_per_usd
brl_usd,BRL/USD official exchange rate,market_repricing,bcb_sgs,daily,2002-08-27,3.0949,brl_per_usd
brl_usd,BRL/USD official exchange rate,market_repricing,bcb_sgs,daily,2002-08-28,3.1219,brl_per_usd
brl_usd,BRL/USD official exchange rate,market_repricing,bcb_sgs,daily,2002-08-29,3.1239,brl_per_usd
brl_usd,BRL/USD official exchange rate,market_repricing,bcb_sgs,daily,2002-08-30,3.0223,brl_per_usd
brl_usd,BRL/USD official exchange rate,market_repricing,bcb_sgs,daily,2002-09-02,3.0286,brl_per_usd
brl_usd,BRL/USD official exchange rate,market_repricing,bcb_sgs,daily,2002-09-03,3.0988,brl_per_usd
brl_usd,BRL/USD official exchange rate,market_repricing,bcb_sgs,daily,2002-09-04,3.1325,brl_per_usd
brl_usd,BRL/USD official exchange rate,market_repricing,bcb_sgs,daily,2002-09-05,3.1512,brl_per_usd
brl_usd,BRL/USD official exchange rate,market_repricing,bcb_sgs,daily,2002-09-06,3.1783,brl_per_usd
brl_usd,BRL/USD official exchange rate,market_repricing,bcb_sgs,daily,2002-09-09,3.1312,brl_per_usd
brl_usd,BRL/USD official exchange rate,market_repricing,bcb_sgs,daily,2002-09-10,3.1306,brl_per_usd
brl_usd,BRL/USD official exchange rate,market_repricing,bcb_sgs,daily,2002-09-11,3.1153,brl_per_usd
brl_usd,BRL/USD official exchange rate,market_repricing,bcb_sgs,daily,2002-09-12,3.1239,brl_per_usd
brl_usd,BRL/USD official exchange rate,market_repricing,bcb_sgs,daily,2002-09-13,3.1506,brl_per_usd
brl_usd,BRL/USD official exchange rate,market_repricing,bcb_sgs,daily,2002-09-16,3.1884,brl_per_usd
brl_usd,BRL/USD official exchange rate,market_repricing,bcb_sgs,daily,2002-09-17,3.2248,brl_per_usd
brl_usd,BRL/USD official exchange rate,market_repricing,bcb_sgs,daily,2002-09-18,3.324,brl_per_usd
brl_usd,BRL/USD official exchange rate,market_repricing,bcb_sgs,daily,2002-09-19,3.3843,brl_per_usd
brl_usd,BRL/USD official exchange rate,market_repricing,bcb_sgs,daily,2002-09-20,3.4277,brl_per_usd
brl_usd,BRL/USD official exchange rate,market_repricing,bcb_sgs,daily,2002-09-23,3.5448,brl_per_usd
brl_usd,BRL/USD official exchange rate,market_repricing,bcb_sgs,daily,2002-09-24,3.6216,brl_per_usd
brl_usd,BRL/USD official exchange rate,market_repricing,bcb_sgs,daily,2002-09-25,3.7257,brl_per_usd
brl_usd,BRL/USD official exchange rate,market_repricing,bcb_sgs,daily,2002-09-26,3.7516,brl_per_usd
brl_usd,BRL/USD official exchange rate,market_repricing,bcb_sgs,daily,2002-09-27,3.8541,brl_per_usd
brl_usd,BRL/USD official exchange rate,market_repricing,bcb_sgs,daily,2002-09-30,3.8949,brl_per_usd
brl_usd,BRL/USD official exchange rate,market_repricing,bcb_sgs,daily,2002-10-01,3.7467,brl_per_usd
brl_usd,BRL/USD official exchange rate,market_repricing,bcb_sgs,daily,2002-10-02,3.5936,brl_per_usd
brl_usd,BRL/USD official exchange rate,market_repricing,bcb_sgs,daily,2002-10-03,3.6952,brl_per_usd
brl_usd,BRL/USD official exchange rate,market_repricing,bcb_sgs,daily,2002-10-04,3.6593,brl_per_usd
brl_usd,BRL/USD official exchange rate,market_repricing,bcb_sgs,daily,2002-10-07,3.6965,brl_per_usd
brl_usd,BRL/USD official exchange rate,market_repricing,bcb_sgs,daily,2002-10-08,3.7017,brl_per_usd
brl_usd,BRL/USD official exchange rate,market_repricing,bcb_sgs,daily,2002-10-09,3.852,brl_per_usd
brl_usd,BRL/USD official exchange rate,market_repricing,bcb_sgs,daily,2002-10-10,3.9228,brl_per_usd
brl_usd,BRL/USD official exchange rate,market_repricing,bcb_sgs,daily,2002-10-11,3.9235,brl_per_usd
brl_usd,BRL/USD official exchange rate,market_repricing,bcb_sgs,daily,2002-10-14,3.8613,brl_per_usd
brl_usd,BRL/USD official exchange rate,market_repricing,bcb_sgs,daily,2002-10-15,3.8567,brl_per_usd
brl_usd,BRL/USD official exchange rate,market_repricing,bcb_sgs,daily,2002-10-16,3.8744,brl_per_usd
brl_usd,BRL/USD official exchange rate,market_repricing,bcb_sgs,daily,2002-10-17,3.9245,brl_per_usd
brl_usd,BRL/USD official exchange rate,market_repricing,bcb_sgs,daily,2002-10-18,3.8759,brl_per_usd
brl_usd,BRL/USD official exchange rate,market_repricing,bcb_sgs,daily,2002-10-21,3.9125,brl_per_usd
brl_usd,BRL/USD official exchange rate,market_repricing,bcb_sgs,daily,2002-10-22,3.9552,brl_per_usd
brl_usd,BRL/USD official exchange rate,market_repricing,bcb_sgs,daily,2002-10-23,3.8704,brl_per_usd
brl_usd,BRL/USD official exchange rate,market_repricing,bcb_sgs,daily,2002-10-24,3.8617,brl_per_usd
brl_usd,BRL/USD official exchange rate,market_repricing,bcb_sgs,daily,2002-10-25,3.8015,brl_per_usd
brl_usd,BRL/USD official exchange rate,market_repricing,bcb_sgs,daily,2002-10-28,3.7406,brl_per_usd
brl_usd,BRL/USD official exchange rate,market_repricing,bcb_sgs,daily,2002-10-29,3.8211,brl_per_usd
brl_usd,BRL/USD official exchange rate,market_repricing,bcb_sgs,daily,2002-10-30,3.7443,brl_per_usd
brl_usd,BRL/USD official exchange rate,market_repricing,bcb_sgs,daily,2002-10-31,3.645,brl_per_usd
brl_usd,BRL/USD official exchange rate,market_repricing,bcb_sgs,daily,2002-11-01,3.6113,brl_per_usd
brl_usd,BRL/USD official exchange rate,market_repricing,bcb_sgs,daily,2002-11-04,3.5418,brl_per_usd
brl_usd,BRL/USD official exchange rate,market_repricing,bcb_sgs,daily,2002-11-05,3.5625,brl_per_usd
brl_usd,BRL/USD official exchange rate,market_repricing,bcb_sgs,daily,2002-11-06,3.5976,brl_per_usd
brl_usd,BRL/USD official exchange rate,market_repricing,bcb_sgs,daily,2002-11-07,3.6218,brl_per_usd
brl_usd,BRL/USD official exchange rate,market_repricing,bcb_sgs,daily,2002-11-08,3.5271,brl_per_usd
brl_usd,BRL/USD official exchange rate,market_repricing,bcb_sgs,daily,2002-11-11,3.5035,brl_per_usd
brl_usd,BRL/USD official exchange rate,market_repricing,bcb_sgs,daily,2002-11-12,3.5527,brl_per_usd
brl_usd,BRL/USD official exchange rate,market_repricing,bcb_sgs,daily,2002-11-13,3.6342,brl_per_usd
brl_usd,BRL/USD official exchange rate,market_repricing,bcb_sgs,daily,2002-11-14,3.6797,brl_per_usd
brl_usd,BRL/USD official exchange rate,market_repricing,bcb_sgs,daily,2002-11-18,3.5889,brl_per_usd
brl_usd,BRL/USD official exchange rate,market_repricing,bcb_sgs,daily,2002-11-19,3.5547,brl_per_usd
brl_usd,BRL/USD official exchange rate,market_repricing,bcb_sgs,daily,2002-11-20,3.5146,brl_per_usd
brl_usd,BRL/USD official exchange rate,market_repricing,bcb_sgs,daily,2002-11-21,3.5103,brl_per_usd
brl_usd,BRL/USD official exchange rate,market_repricing,bcb_sgs,daily,2002-11-22,3.5616,brl_per_usd
brl_usd,BRL/USD official exchange rate,market_repricing,bcb_sgs,daily,2002-11-25,3.5492,brl_per_usd
brl_usd,BRL/USD official exchange rate,market_repricing,bcb_sgs,daily,2002-11-26,3.5872,brl_per_usd
brl_usd,BRL/USD official exchange rate,market_repricing,bcb_sgs,daily,2002-11-27,3.5898,brl_per_usd
brl_usd,BRL/USD official exchange rate,market_repricing,bcb_sgs,daily,2002-11-28,3.603,brl_per_usd
brl_usd,BRL/USD official exchange rate,market_repricing,bcb_sgs,daily,2002-11-29,3.6365,brl_per_usd
brl_usd,BRL/USD official exchange rate,market_repricing,bcb_sgs,daily,2002-12-02,3.616,brl_per_usd
brl_usd,BRL/USD official exchange rate,market_repricing,bcb_sgs,daily,2002-12-03,3.6625,brl_per_usd
brl_usd,BRL/USD official exchange rate,market_repricing,bcb_sgs,daily,2002-12-04,3.7049,brl_per_usd
brl_usd,BRL/USD official exchange rate,market_repricing,bcb_sgs,daily,2002-12-05,3.7514,brl_per_usd
brl_usd,BRL/USD official exchange rate,market_repricing,bcb_sgs,daily,2002-12-06,3.7526,brl_per_usd
brl_usd,BRL/USD official exchange rate,market_repricing,bcb_sgs,daily,2002-12-09,3.798,brl_per_usd
brl_usd,BRL/USD official exchange rate,market_repricing,bcb_sgs,daily,2002-12-10,3.7685,brl_per_usd
brl_usd,BRL/USD official exchange rate,market_repricing,bcb_sgs,daily,2002-12-11,3.7954,brl_per_usd
brl_usd,BRL/USD official exchange rate,market_repricing,bcb_sgs,daily,2002-12-12,3.7535,brl_per_usd
brl_usd,BRL/USD official exchange rate,market_repricing,bcb_sgs,daily,2002-12-13,3.7342,brl_per_usd
brl_usd,BRL/USD official exchange rate,market_repricing,bcb_sgs,daily,2002-12-16,3.6318,brl_per_usd
brl_usd,BRL/USD official exchange rate,market_repricing,bcb_sgs,daily,2002-12-17,3.5827,brl_per_usd
brl_usd,BRL/USD official exchange rate,market_repricing,bcb_sgs,daily,2002-12-18,3.5316,brl_per_usd
brl_usd,BRL/USD official exchange rate,market_repricing,bcb_sgs,daily,2002-12-19,3.5047,brl_per_usd
brl_usd,BRL/USD official exchange rate,market_repricing,bcb_sgs,daily,2002-12-20,3.4278,brl_per_usd
brl_usd,BRL/USD official exchange rate,market_repricing,bcb_sgs,daily,2002-12-23,3.4947,brl_per_usd
brl_usd,BRL/USD official exchange rate,market_repricing,bcb_sgs,daily,2002-12-24,3.501,brl_per_usd
brl_usd,BRL/USD official exchange rate,market_repricing,bcb_sgs,daily,2002-12-26,3.5251,brl_per_usd
brl_usd,BRL/USD official exchange rate,market_repricing,bcb_sgs,daily,2002-12-27,3.5413,brl_per_usd
brl_usd,BRL/USD official exchange rate,market_repricing,bcb_sgs,daily,2002-12-30,3.5333,brl_per_usd
brl_usd,BRL/USD official exchange rate,market_repricing,bcb_sgs,daily,2002-12-31,3.5333,brl_per_usd
brl_usd,BRL/USD official exchange rate,market_repricing,bcb_sgs,daily,2003-01-02,3.5224,brl_per_usd
brl_usd,BRL/USD official exchange rate,market_repricing,bcb_sgs,daily,2003-01-03,3.4698,brl_per_usd
brl_usd,BRL/USD official exchange rate,market_repricing,bcb_sgs,daily,2003-01-06,3.3664,brl_per_usd
brl_usd,BRL/USD official exchange rate,market_repricing,bcb_sgs,daily,2003-01-07,3.3423,brl_per_usd
brl_usd,BRL/USD official exchange rate,market_repricing,bcb_sgs,daily,2003-01-08,3.3124,brl_per_usd
brl_usd,BRL/USD official exchange rate,market_repricing,bcb_sgs,daily,2003-01-09,3.3297,brl_per_usd
brl_usd,BRL/USD official exchange rate,market_repricing,bcb_sgs,daily,2003-01-10,3.2918,brl_per_usd
brl_usd,BRL/USD official exchange rate,market_repricing,bcb_sgs,daily,2003-01-13,3.2956,brl_per_usd
brl_usd,BRL/USD official exchange rate,market_repricing,bcb_sgs,daily,2003-01-14,3.2758,brl_per_usd
brl_usd,BRL/USD official exchange rate,market_repricing,bcb_sgs,daily,2003-01-15,3.2983,brl_per_usd
brl_usd,BRL/USD official exchange rate,market_repricing,bcb_sgs,daily,2003-01-16,3.2937,brl_per_usd
brl_usd,BRL/USD official exchange rate,market_repricing,bcb_sgs,daily,2003-01-17,3.3632,brl_per_usd
brl_usd,BRL/USD official exchange rate,market_repricing,bcb_sgs,daily,2003-01-20,3.4103,brl_per_usd
brl_usd,BRL/USD official exchange rate,market_repricing,bcb_sgs,daily,2003-01-21,3.4402,brl_per_usd
brl_usd,BRL/USD official exchange rate,market_repricing,bcb_sgs,daily,2003-01-22,3.5189,brl_per_usd
brl_usd,BRL/USD official exchange rate,market_repricing,bcb_sgs,daily,2003-01-23,3.4901,brl_per_usd
brl_usd,BRL/USD official exchange rate,market_repricing,bcb_sgs,daily,2003-01-24,3.5923,brl_per_usd
brl_usd,BRL/USD official exchange rate,market_repricing,bcb_sgs,daily,2003-01-27,3.6623,brl_per_usd
brl_usd,BRL/USD official exchange rate,market_repricing,bcb_sgs,daily,2003-01-28,3.6312,brl_per_usd
brl_usd,BRL/USD official exchange rate,market_repricing,bcb_sgs,daily,2003-01-29,3.6417,brl_per_usd
brl_usd,BRL/USD official exchange rate,market_repricing,bcb_sgs,daily,2003-01-30,3.5696,brl_per_usd
brl_usd,BRL/USD official exchange rate,market_repricing,bcb_sgs,daily,2003-01-31,3.5258,brl_per_usd
brl_usd,BRL/USD official exchange rate,market_repricing,bcb_sgs,daily,2003-02-03,3.493,brl_per_usd
brl_usd,BRL/USD official exchange rate,market_repricing,bcb_sgs,daily,2003-02-04,3.5406,brl_per_usd
brl_usd,BRL/USD official exchange rate,market_repricing,bcb_sgs,daily,2003-02-05,3.5845,brl_per_usd
brl_usd,BRL/USD official exchange rate,market_repricing,bcb_sgs,daily,2003-02-06,3.6045,brl_per_usd
brl_usd,BRL/USD official exchange rate,market_repricing,bcb_sgs,daily,2003-02-07,3.5802,brl_per_usd
brl_usd,BRL/USD official exchange rate,market_repricing,bcb_sgs,daily,2003-02-10,3.6042,brl_per_usd
brl_usd,BRL/USD official exchange rate,market_repricing,bcb_sgs,daily,2003-02-11,3.5737,brl_per_usd
brl_usd,BRL/USD official exchange rate,market_repricing,bcb_sgs,daily,2003-02-12,3.6003,brl_per_usd
brl_usd,BRL/USD official exchange rate,market_repricing,bcb_sgs,daily,2003-02-13,3.6359,brl_per_usd
brl_usd,BRL/USD official exchange rate,market_repricing,bcb_sgs,daily,2003-02-14,3.658,brl_per_usd
brl_usd,BRL/USD official exchange rate,market_repricing,bcb_sgs,daily,2003-02-17,3.6232,brl_per_usd
brl_usd,BRL/USD official exchange rate,market_repricing,bcb_sgs,daily,2003-02-18,3.5889,brl_per_usd
brl_usd,BRL/USD official exchange rate,market_repricing,bcb_sgs,daily,2003-02-19,3.5935,brl_per_usd
brl_usd,BRL/USD official exchange rate,market_repricing,bcb_sgs,daily,2003-02-20,3.6067,brl_per_usd
brl_usd,BRL/USD official exchange rate,market_repricing,bcb_sgs,daily,2003-02-21,3.6097,brl_per_usd
brl_usd,BRL/USD official exchange rate,market_repricing,bcb_sgs,daily,2003-02-24,3.587,brl_per_usd
brl_usd,BRL/USD official exchange rate,market_repricing,bcb_sgs,daily,2003-02-25,3.6013,brl_per_usd
brl_usd,BRL/USD official exchange rate,market_repricing,bcb_sgs,daily,2003-02-26,3.5817,brl_per_usd
brl_usd,BRL/USD official exchange rate,market_repricing,bcb_sgs,daily,2003-02-27,3.585,brl_per_usd
brl_usd,BRL/USD official exchange rate,market_repricing,bcb_sgs,daily,2003-02-28,3.5632,brl_per_usd
brl_usd,BRL/USD official exchange rate,market_repricing,bcb_sgs,daily,2003-03-05,3.5637,brl_per_usd
brl_usd,BRL/USD official exchange rate,market_repricing,bcb_sgs,daily,2003-03-06,3.526,brl_per_usd
brl_usd,BRL/USD official exchange rate,market_repricing,bcb_sgs,daily,2003-03-07,3.501,brl_per_usd
brl_usd,BRL/USD official exchange rate,market_repricing,bcb_sgs,daily,2003-03-10,3.5281,brl_per_usd
brl_usd,BRL/USD official exchange rate,market_repricing,bcb_sgs,daily,2003-03-11,3.5061,brl_per_usd
brl_usd,BRL/USD official exchange rate,market_repricing,bcb_sgs,daily,2003-03-12,3.4763,brl_per_usd
brl_usd,BRL/USD official exchange rate,market_repricing,bcb_sgs,daily,2003-03-13,3.4293,brl_per_usd
brl_usd,BRL/USD official exchange rate,market_repricing,bcb_sgs,daily,2003-03-14,3.3958,brl_per_usd
brl_usd,BRL/USD official exchange rate,market_repricing,bcb_sgs,daily,2003-03-17,3.4442,brl_per_usd
brl_usd,BRL/USD official exchange rate,market_repricing,bcb_sgs,daily,2003-03-18,3.4308,brl_per_usd
brl_usd,BRL/USD official exchange rate,market_repricing,bcb_sgs,daily,2003-03-19,3.4576,brl_per_usd
brl_usd,BRL/USD official exchange rate,market_repricing,bcb_sgs,daily,2003-03-20,3.483,brl_per_usd
brl_usd,BRL/USD official exchange rate,market_repricing,bcb_sgs,daily,2003-03-21,3.4462,brl_per_usd
brl_usd,BRL/USD official exchange rate,market_repricing,bcb_sgs,daily,2003-03-24,3.407,brl_per_usd
brl_usd,BRL/USD official exchange rate,market_repricing,bcb_sgs,daily,2003-03-25,3.3892,brl_per_usd
brl_usd,BRL/USD official exchange rate,market_repricing,bcb_sgs,daily,2003-03-26,3.3747,brl_per_usd
brl_usd,BRL/USD official exchange rate,market_repricing,bcb_sgs,daily,2003-03-27,3.4031,brl_per_usd
brl_usd,BRL/USD official exchange rate,market_repricing,bcb_sgs,daily,2003-03-28,3.3757,brl_per_usd
brl_usd,BRL/USD official exchange rate,market_repricing,bcb_sgs,daily,2003-03-31,3.3531,brl_per_usd
brl_usd,BRL/USD official exchange rate,market_repricing,bcb_sgs,daily,2003-04-01,3.3359,brl_per_usd
brl_usd,BRL/USD official exchange rate,market_repricing,bcb_sgs,daily,2003-04-02,3.2795,brl_per_usd
brl_usd,BRL/USD official exchange rate,market_repricing,bcb_sgs,daily,2003-04-03,3.2563,brl_per_usd
brl_usd,BRL/USD official exchange rate,market_repricing,bcb_sgs,daily,2003-04-04,3.2469,brl_per_usd
brl_usd,BRL/USD official exchange rate,market_repricing,bcb_sgs,daily,2003-04-07,3.1723,brl_per_usd
brl_usd,BRL/USD official exchange rate,market_repricing,bcb_sgs,daily,2003-04-08,3.1649,brl_per_usd
brl_usd,BRL/USD official exchange rate,market_repricing,bcb_sgs,daily,2003-04-09,3.1857,brl_per_usd
brl_usd,BRL/USD official exchange rate,market_repricing,bcb_sgs,daily,2003-04-10,3.2157,brl_per_usd
brl_usd,BRL/USD official exchange rate,market_repricing,bcb_sgs,daily,2003-04-11,3.2147,brl_per_usd
brl_usd,BRL/USD official exchange rate,market_repricing,bcb_sgs,daily,2003-04-14,3.1818,brl_per_usd
brl_usd,BRL/USD official exchange rate,market_repricing,bcb_sgs,daily,2003-04-15,3.1154,brl_per_usd
brl_usd,BRL/USD official exchange rate,market_repricing,bcb_sgs,daily,2003-04-16,3.0752,brl_per_usd
brl_usd,BRL/USD official exchange rate,market_repricing,bcb_sgs,daily,2003-04-17,3.0289,brl_per_usd
brl_usd,BRL/USD official exchange rate,market_repricing,bcb_sgs,daily,2003-04-22,3.0639,brl_per_usd
brl_usd,BRL/USD official exchange rate,market_repricing,bcb_sgs,daily,2003-04-23,3.0147,brl_per_usd
brl_usd,BRL/USD official exchange rate,market_repricing,bcb_sgs,daily,2003-04-24,3.0029,brl_per_usd
brl_usd,BRL/USD official exchange rate,market_repricing,bcb_sgs,daily,2003-04-25,3.0123,brl_per_usd
brl_usd,BRL/USD official exchange rate,market_repricing,bcb_sgs,daily,2003-04-28,2.9915,brl_per_usd
brl_usd,BRL/USD official exchange rate,market_repricing,bcb_sgs,daily,2003-04-29,2.9251,brl_per_usd
brl_usd,BRL/USD official exchange rate,market_repricing,bcb_sgs,daily,2003-04-30,2.8898,brl_per_usd
brl_usd,BRL/USD official exchange rate,market_repricing,bcb_sgs,daily,2003-05-02,2.9159,brl_per_usd
brl_usd,BRL/USD official exchange rate,market_repricing,bcb_sgs,daily,2003-05-05,2.9845,brl_per_usd
brl_usd,BRL/USD official exchange rate,market_repricing,bcb_sgs,daily,2003-05-06,3.0277,brl_per_usd
brl_usd,BRL/USD official exchange rate,market_repricing,bcb_sgs,daily,2003-05-07,2.9639,brl_per_usd
brl_usd,BRL/USD official exchange rate,market_repricing,bcb_sgs,daily,2003-05-08,2.9177,brl_per_usd
brl_usd,BRL/USD official exchange rate,market_repricing,bcb_sgs,daily,2003-05-09,2.8802,brl_per_usd
brl_usd,BRL/USD official exchange rate,market_repricing,bcb_sgs,daily,2003-05-12,2.8757,brl_per_usd
brl_usd,BRL/USD official exchange rate,market_repricing,bcb_sgs,daily,2003-05-13,2.8653,brl_per_usd
brl_usd,BRL/USD official exchange rate,market_repricing,bcb_sgs,daily,2003-05-14,2.8902,brl_per_usd
brl_usd,BRL/USD official exchange rate,market_repricing,bcb_sgs,daily,2003-05-15,2.9306,brl_per_usd
brl_usd,BRL/USD official exchange rate,market_repricing,bcb_sgs,daily,2003-05-16,2.9731,brl_per_usd
brl_usd,BRL/USD official exchange rate,market_repricing,bcb_sgs,daily,2003-05-19,2.9815,brl_per_usd
brl_usd,BRL/USD official exchange rate,market_repricing,bcb_sgs,daily,2003-05-20,3.0141,brl_per_usd
brl_usd,BRL/USD official exchange rate,market_repricing,bcb_sgs,daily,2003-05-21,3.0109,brl_per_usd
brl_usd,BRL/USD official exchange rate,market_repricing,bcb_sgs,daily,2003-05-22,2.9842,brl_per_usd
brl_usd,BRL/USD official exchange rate,market_repricing,bcb_sgs,daily,2003-05-23,2.9445,brl_per_usd
brl_usd,BRL/USD official exchange rate,market_repricing,bcb_sgs,daily,2003-05-26,2.9565,brl_per_usd
brl_usd,BRL/USD official exchange rate,market_repricing,bcb_sgs,daily,2003-05-27,3.0257,brl_per_usd
brl_usd,BRL/USD official exchange rate,market_repricing,bcb_sgs,daily,2003-05-28,3.014,brl_per_usd
brl_usd,BRL/USD official exchange rate,market_repricing,bcb_sgs,daily,2003-05-29,2.9488,brl_per_usd
brl_usd,BRL/USD official exchange rate,market_repricing,bcb_sgs,daily,2003-05-30,2.9656,brl_per_usd
brl_usd,BRL/USD official exchange rate,market_repricing,bcb_sgs,daily,2003-06-02,2.978,brl_per_usd
brl_usd,BRL/USD official exchange rate,market_repricing,bcb_sgs,daily,2003-06-03,2.964,brl_per_usd
brl_usd,BRL/USD official exchange rate,market_repricing,bcb_sgs,daily,2003-06-04,2.9112,brl_per_usd
brl_usd,BRL/USD official exchange rate,market_repricing,bcb_sgs,daily,2003-06-05,2.8929,brl_per_usd
brl_usd,BRL/USD official exchange rate,market_repricing,bcb_sgs,daily,2003-06-06,2.8491,brl_per_usd
brl_usd,BRL/USD official exchange rate,market_repricing,bcb_sgs,daily,2003-06-09,2.8682,brl_per_usd
brl_usd,BRL/USD official exchange rate,market_repricing,bcb_sgs,daily,2003-06-10,2.8603,brl_per_usd
brl_usd,BRL/USD official exchange rate,market_repricing,bcb_sgs,daily,2003-06-11,2.8692,brl_per_usd
brl_usd,BRL/USD official exchange rate,market_repricing,bcb_sgs,daily,2003-06-12,2.862,brl_per_usd
brl_usd,BRL/USD official exchange rate,market_repricing,bcb_sgs,daily,2003-06-13,2.857,brl_per_usd
brl_usd,BRL/USD official exchange rate,market_repricing,bcb_sgs,daily,2003-06-16,2.8508,brl_per_usd
brl_usd,BRL/USD official exchange rate,market_repricing,bcb_sgs,daily,2003-06-17,2.8744,brl_per_usd
brl_usd,BRL/USD official exchange rate,market_repricing,bcb_sgs,daily,2003-06-18,2.8902,brl_per_usd
brl_usd,BRL/USD official exchange rate,market_repricing,bcb_sgs,daily,2003-06-20,2.8933,brl_per_usd
brl_usd,BRL/USD official exchange rate,market_repricing,bcb_sgs,daily,2003-06-23,2.8788,brl_per_usd
brl_usd,BRL/USD official exchange rate,market_repricing,bcb_sgs,daily,2003-06-24,2.8616,brl_per_usd
brl_usd,BRL/USD official exchange rate,market_repricing,bcb_sgs,daily,2003-06-25,2.8559,brl_per_usd
brl_usd,BRL/USD official exchange rate,market_repricing,bcb_sgs,daily,2003-06-26,2.894,brl_per_usd
brl_usd,BRL/USD official exchange rate,market_repricing,bcb_sgs,daily,2003-06-27,2.8812,brl_per_usd
brl_usd,BRL/USD official exchange rate,market_repricing,bcb_sgs,daily,2003-06-30,2.872,brl_per_usd
brl_usd,BRL/USD official exchange rate,market_repricing,bcb_sgs,daily,2003-07-01,2.8443,brl_per_usd
brl_usd,BRL/USD official exchange rate,market_repricing,bcb_sgs,daily,2003-07-02,2.8219,brl_per_usd
brl_usd,BRL/USD official exchange rate,market_repricing,bcb_sgs,daily,2003-07-03,2.8332,brl_per_usd
brl_usd,BRL/USD official exchange rate,market_repricing,bcb_sgs,daily,2003-07-04,2.8299,brl_per_usd
brl_usd,BRL/USD official exchange rate,market_repricing,bcb_sgs,daily,2003-07-07,2.8676,brl_per_usd
brl_usd,BRL/USD official exchange rate,market_repricing,bcb_sgs,daily,2003-07-08,2.8823,brl_per_usd
brl_usd,BRL/USD official exchange rate,market_repricing,bcb_sgs,daily,2003-07-09,2.8671,brl_per_usd
brl_usd,BRL/USD official exchange rate,market_repricing,bcb_sgs,daily,2003-07-10,2.8922,brl_per_usd
brl_usd,BRL/USD official exchange rate,market_repricing,bcb_sgs,daily,2003-07-11,2.9029,brl_per_usd
brl_usd,BRL/USD official exchange rate,market_repricing,bcb_sgs,daily,2003-07-14,2.8753,brl_per_usd
brl_usd,BRL/USD official exchange rate,market_repricing,bcb_sgs,daily,2003-07-15,2.8554,brl_per_usd
brl_usd,BRL/USD official exchange rate,market_repricing,bcb_sgs,daily,2003-07-16,2.8677,brl_per_usd
brl_usd,BRL/USD official exchange rate,market_repricing,bcb_sgs,daily,2003-07-17,2.8563,brl_per_usd
brl_usd,BRL/USD official exchange rate,market_repricing,bcb_sgs,daily,2003-07-18,2.8774,brl_per_usd
brl_usd,BRL/USD official exchange rate,market_repricing,bcb_sgs,daily,2003-07-21,2.8828,brl_per_usd
brl_usd,BRL/USD official exchange rate,market_repricing,bcb_sgs,daily,2003-07-22,2.8826,brl_per_usd
brl_usd,BRL/USD official exchange rate,market_repricing,bcb_sgs,daily,2003-07-23,2.8878,brl_per_usd
brl_usd,BRL/USD official exchange rate,market_repricing,bcb_sgs,daily,2003-07-24,2.8961,brl_per_usd
brl_usd,BRL/USD official exchange rate,market_repricing,bcb_sgs,daily,2003-07-25,2.8885,brl_per_usd
brl_usd,BRL/USD official exchange rate,market_repricing,bcb_sgs,daily,2003-07-28,2.8965,brl_per_usd
brl_usd,BRL/USD official exchange rate,market_repricing,bcb_sgs,daily,2003-07-29,2.9155,brl_per_usd
brl_usd,BRL/USD official exchange rate,market_repricing,bcb_sgs,daily,2003-07-30,2.9473,brl_per_usd
brl_usd,BRL/USD official exchange rate,market_repricing,bcb_sgs,daily,2003-07-31,2.9655,brl_per_usd
brl_usd,BRL/USD official exchange rate,market_repricing,bcb_sgs,daily,2003-08-01,3.0006,brl_per_usd
brl_usd,BRL/USD official exchange rate,market_repricing,bcb_sgs,daily,2003-08-04,3.074,brl_per_usd
brl_usd,BRL/USD official exchange rate,market_repricing,bcb_sgs,daily,2003-08-05,3.0366,brl_per_usd
brl_usd,BRL/USD official exchange rate,market_repricing,bcb_sgs,daily,2003-08-06,3.039,brl_per_usd
brl_usd,BRL/USD official exchange rate,market_repricing,bcb_sgs,daily,2003-08-07,3.0069,brl_per_usd
brl_usd,BRL/USD official exchange rate,market_repricing,bcb_sgs,daily,2003-08-08,2.9892,brl_per_usd
brl_usd,BRL/USD official exchange rate,market_repricing,bcb_sgs,daily,2003-08-11,2.9945,brl_per_usd
brl_usd,BRL/USD official exchange rate,market_repricing,bcb_sgs,daily,2003-08-12,3.0237,brl_per_usd
brl_usd,BRL/USD official exchange rate,market_repricing,bcb_sgs,daily,2003-08-13,3.0309,brl_per_usd
brl_usd,BRL/USD official exchange rate,market_repricing,bcb_sgs,daily,2003-08-14,3.014,brl_per_usd
brl_usd,BRL/USD official exchange rate,market_repricing,bcb_sgs,daily,2003-08-15,2.993,brl_per_usd
brl_usd,BRL/USD official exchange rate,market_repricing,bcb_sgs,daily,2003-08-18,2.9848,brl_per_usd
brl_usd,BRL/USD official exchange rate,market_repricing,bcb_sgs,daily,2003-08-19,2.9973,brl_per_usd
brl_usd,BRL/USD official exchange rate,market_repricing,bcb_sgs,daily,2003-08-20,3.001,brl_per_usd
brl_usd,BRL/USD official exchange rate,market_repricing,bcb_sgs,daily,2003-08-21,3.0032,brl_per_usd
brl_usd,BRL/USD official exchange rate,market_repricing,bcb_sgs,daily,2003-08-22,2.9926,brl_per_usd
brl_usd,BRL/USD official exchange rate,market_repricing,bcb_sgs,daily,2003-08-25,2.9895,brl_per_usd
brl_usd,BRL/USD official exchange rate,market_repricing,bcb_sgs,daily,2003-08-26,2.9896,brl_per_usd
brl_usd,BRL/USD official exchange rate,market_repricing,bcb_sgs,daily,2003-08-27,2.9734,brl_per_usd
brl_usd,BRL/USD official exchange rate,market_repricing,bcb_sgs,daily,2003-08-28,2.9531,brl_per_usd
brl_usd,BRL/USD official exchange rate,market_repricing,bcb_sgs,daily,2003-08-29,2.9665,brl_per_usd
brl_usd,BRL/USD official exchange rate,market_repricing,bcb_sgs,daily,2003-09-01,2.984,brl_per_usd
brl_usd,BRL/USD official exchange rate,market_repricing,bcb_sgs,daily,2003-09-02,2.9789,brl_per_usd
brl_usd,BRL/USD official exchange rate,market_repricing,bcb_sgs,daily,2003-09-03,2.9568,brl_per_usd
brl_usd,BRL/USD official exchange rate,market_repricing,bcb_sgs,daily,2003-09-04,2.9418,brl_per_usd
brl_usd,BRL/USD official exchange rate,market_repricing,bcb_sgs,daily,2003-09-05,2.9216,brl_per_usd
brl_usd,BRL/USD official exchange rate,market_repricing,bcb_sgs,daily,2003-09-08,2.9155,brl_per_usd
brl_usd,BRL/USD official exchange rate,market_repricing,bcb_sgs,daily,2003-09-09,2.9306,brl_per_usd
brl_usd,BRL/USD official exchange rate,market_repricing,bcb_sgs,daily,2003-09-10,2.9125,brl_per_usd
brl_usd,BRL/USD official exchange rate,market_repricing,bcb_sgs,daily,2003-09-11,2.8991,brl_per_usd
brl_usd,BRL/USD official exchange rate,market_repricing,bcb_sgs,daily,2003-09-12,2.8959,brl_per_usd
brl_usd,BRL/USD official exchange rate,market_repricing,bcb_sgs,daily,2003-09-15,2.8898,brl_per_usd
brl_usd,BRL/USD official exchange rate,market_repricing,bcb_sgs,daily,2003-09-16,2.8967,brl_per_usd
brl_usd,BRL/USD official exchange rate,market_repricing,bcb_sgs,daily,2003-09-17,2.9057,brl_per_usd
brl_usd,BRL/USD official exchange rate,market_repricing,bcb_sgs,daily,2003-09-18,2.8975,brl_per_usd
brl_usd,BRL/USD official exchange rate,market_repricing,bcb_sgs,daily,2003-09-19,2.9065,brl_per_usd
brl_usd,BRL/USD official exchange rate,market_repricing,bcb_sgs,daily,2003-09-22,2.9021,brl_per_usd
brl_usd,BRL/USD official exchange rate,market_repricing,bcb_sgs,daily,2003-09-23,2.9145,brl_per_usd
brl_usd,BRL/USD official exchange rate,market_repricing,bcb_sgs,daily,2003-09-24,2.9244,brl_per_usd
brl_usd,BRL/USD official exchange rate,market_repricing,bcb_sgs,daily,2003-09-25,2.9306,brl_per_usd
brl_usd,BRL/USD official exchange rate,market_repricing,bcb_sgs,daily,2003-09-26,2.9373,brl_per_usd
brl_usd,BRL/USD official exchange rate,market_repricing,bcb_sgs,daily,2003-09-29,2.9374,brl_per_usd
brl_usd,BRL/USD official exchange rate,market_repricing,bcb_sgs,daily,2003-09-30,2.9234,brl_per_usd
brl_usd,BRL/USD official exchange rate,market_repricing,bcb_sgs,daily,2003-10-01,2.9034,brl_per_usd
brl_usd,BRL/USD official exchange rate,market_repricing,bcb_sgs,daily,2003-10-02,2.8989,brl_per_usd
brl_usd,BRL/USD official exchange rate,market_repricing,bcb_sgs,daily,2003-10-03,2.8875,brl_per_usd
brl_usd,BRL/USD official exchange rate,market_repricing,bcb_sgs,daily,2003-10-06,2.8753,brl_per_usd
brl_usd,BRL/USD official exchange rate,market_repricing,bcb_sgs,daily,2003-10-07,2.8701,brl_per_usd
brl_usd,BRL/USD official exchange rate,market_repricing,bcb_sgs,daily,2003-10-08,2.8444,brl_per_usd
brl_usd,BRL/USD official exchange rate,market_repricing,bcb_sgs,daily,2003-10-09,2.8422,brl_per_usd
brl_usd,BRL/USD official exchange rate,market_repricing,bcb_sgs,daily,2003-10-10,2.8401,brl_per_usd
brl_usd,BRL/USD official exchange rate,market_repricing,bcb_sgs,daily,2003-10-13,2.8371,brl_per_usd
brl_usd,BRL/USD official exchange rate,market_repricing,bcb_sgs,daily,2003-10-14,2.8425,brl_per_usd
brl_usd,BRL/USD official exchange rate,market_repricing,bcb_sgs,daily,2003-10-15,2.8268,brl_per_usd
brl_usd,BRL/USD official exchange rate,market_repricing,bcb_sgs,daily,2003-10-16,2.8409,brl_per_usd
brl_usd,BRL/USD official exchange rate,market_repricing,bcb_sgs,daily,2003-10-17,2.8635,brl_per_usd
brl_usd,BRL/USD official exchange rate,market_repricing,bcb_sgs,daily,2003-10-20,2.8839,brl_per_usd
brl_usd,BRL/USD official exchange rate,market_repricing,bcb_sgs,daily,2003-10-21,2.8642,brl_per_usd
brl_usd,BRL/USD official exchange rate,market_repricing,bcb_sgs,daily,2003-10-22,2.8602,brl_per_usd
brl_usd,BRL/USD official exchange rate,market_repricing,bcb_sgs,daily,2003-10-23,2.8698,brl_per_usd
brl_usd,BRL/USD official exchange rate,market_repricing,bcb_sgs,daily,2003-10-24,2.8695,brl_per_usd
brl_usd,BRL/USD official exchange rate,market_repricing,bcb_sgs,daily,2003-10-27,2.8728,brl_per_usd
brl_usd,BRL/USD official exchange rate,market_repricing,bcb_sgs,daily,2003-10-28,2.8675,brl_per_usd
brl_usd,BRL/USD official exchange rate,market_repricing,bcb_sgs,daily,2003-10-29,2.8537,brl_per_usd
brl_usd,BRL/USD official exchange rate,market_repricing,bcb_sgs,daily,2003-10-30,2.844,brl_per_usd
brl_usd,BRL/USD official exchange rate,market_repricing,bcb_sgs,daily,2003-10-31,2.8562,brl_per_usd
brl_usd,BRL/USD official exchange rate,market_repricing,bcb_sgs,daily,2003-11-03,2.8559,brl_per_usd
brl_usd,BRL/USD official exchange rate,market_repricing,bcb_sgs,daily,2003-11-04,2.8607,brl_per_usd
brl_usd,BRL/USD official exchange rate,market_repricing,bcb_sgs,daily,2003-11-05,2.8596,brl_per_usd
brl_usd,BRL/USD official exchange rate,market_repricing,bcb_sgs,daily,2003-11-06,2.8708,brl_per_usd
brl_usd,BRL/USD official exchange rate,market_repricing,bcb_sgs,daily,2003-11-07,2.8699,brl_per_usd
brl_usd,BRL/USD official exchange rate,market_repricing,bcb_sgs,daily,2003-11-10,2.8807,brl_per_usd
brl_usd,BRL/USD official exchange rate,market_repricing,bcb_sgs,daily,2003-11-11,2.8955,brl_per_usd
brl_usd,BRL/USD official exchange rate,market_repricing,bcb_sgs,daily,2003-11-12,2.9112,brl_per_usd
brl_usd,BRL/USD official exchange rate,market_repricing,bcb_sgs,daily,2003-11-13,2.9196,brl_per_usd
brl_usd,BRL/USD official exchange rate,market_repricing,bcb_sgs,daily,2003-11-14,2.9418,brl_per_usd
brl_usd,BRL/USD official exchange rate,market_repricing,bcb_sgs,daily,2003-11-17,2.9546,brl_per_usd
brl_usd,BRL/USD official exchange rate,market_repricing,bcb_sgs,daily,2003-11-18,2.9421,brl_per_usd
brl_usd,BRL/USD official exchange rate,market_repricing,bcb_sgs,daily,2003-11-19,2.9507,brl_per_usd
brl_usd,BRL/USD official exchange rate,market_repricing,bcb_sgs,daily,2003-11-20,2.948,brl_per_usd
brl_usd,BRL/USD official exchange rate,market_repricing,bcb_sgs,daily,2003-11-21,2.9301,brl_per_usd
brl_usd,BRL/USD official exchange rate,market_repricing,bcb_sgs,daily,2003-11-24,2.927,brl_per_usd
brl_usd,BRL/USD official exchange rate,market_repricing,bcb_sgs,daily,2003-11-25,2.9246,brl_per_usd
brl_usd,BRL/USD official exchange rate,market_repricing,bcb_sgs,daily,2003-11-26,2.9361,brl_per_usd
brl_usd,BRL/USD official exchange rate,market_repricing,bcb_sgs,daily,2003-11-27,2.9477,brl_per_usd
brl_usd,BRL/USD official exchange rate,market_repricing,bcb_sgs,daily,2003-11-28,2.9494,brl_per_usd
brl_usd,BRL/USD official exchange rate,market_repricing,bcb_sgs,daily,2003-12-01,2.9341,brl_per_usd
brl_usd,BRL/USD official exchange rate,market_repricing,bcb_sgs,daily,2003-12-02,2.9273,brl_per_usd
brl_usd,BRL/USD official exchange rate,market_repricing,bcb_sgs,daily,2003-12-03,2.9316,brl_per_usd
brl_usd,BRL/USD official exchange rate,market_repricing,bcb_sgs,daily,2003-12-04,2.9403,brl_per_usd
brl_usd,BRL/USD official exchange rate,market_repricing,bcb_sgs,daily,2003-12-05,2.9398,brl_per_usd
brl_usd,BRL/USD official exchange rate,market_repricing,bcb_sgs,daily,2003-12-08,2.9422,brl_per_usd
brl_usd,BRL/USD official exchange rate,market_repricing,bcb_sgs,daily,2003-12-09,2.935,brl_per_usd
brl_usd,BRL/USD official exchange rate,market_repricing,bcb_sgs,daily,2003-12-10,2.9429,brl_per_usd
brl_usd,BRL/USD official exchange rate,market_repricing,bcb_sgs,daily,2003-12-11,2.9434,brl_per_usd
brl_usd,BRL/USD official exchange rate,market_repricing,bcb_sgs,daily,2003-12-12,2.942,brl_per_usd
brl_usd,BRL/USD official exchange rate,market_repricing,bcb_sgs,daily,2003-12-15,2.9293,brl_per_usd
brl_usd,BRL/USD official exchange rate,market_repricing,bcb_sgs,daily,2003-12-16,2.932,brl_per_usd
brl_usd,BRL/USD official exchange rate,market_repricing,bcb_sgs,daily,2003-12-17,2.9381,brl_per_usd
brl_usd,BRL/USD official exchange rate,market_repricing,bcb_sgs,daily,2003-12-18,2.9341,brl_per_usd
brl_usd,BRL/USD official exchange rate,market_repricing,bcb_sgs,daily,2003-12-19,2.9278,brl_per_usd
brl_usd,BRL/USD official exchange rate,market_repricing,bcb_sgs,daily,2003-12-22,2.9239,brl_per_usd
brl_usd,BRL/USD official exchange rate,market_repricing,bcb_sgs,daily,2003-12-23,2.9175,brl_per_usd
brl_usd,BRL/USD official exchange rate,market_repricing,bcb_sgs,daily,2003-12-24,2.9082,brl_per_usd
brl_usd,BRL/USD official exchange rate,market_repricing,bcb_sgs,daily,2003-12-26,2.8994,brl_per_usd
brl_usd,BRL/USD official exchange rate,market_repricing,bcb_sgs,daily,2003-12-29,2.8883,brl_per_usd
brl_usd,BRL/USD official exchange rate,market_repricing,bcb_sgs,daily,2003-12-30,2.8892,brl_per_usd
brl_usd,BRL/USD official exchange rate,market_repricing,bcb_sgs,daily,2003-12-31,2.8892,brl_per_usd
brl_usd,BRL/USD official exchange rate,market_repricing,bcb_sgs,daily,2004-01-02,2.8862,brl_per_usd
brl_usd,BRL/USD official exchange rate,market_repricing,bcb_sgs,daily,2004-01-05,2.8627,brl_per_usd
brl_usd,BRL/USD official exchange rate,market_repricing,bcb_sgs,daily,2004-01-06,2.8508,brl_per_usd
brl_usd,BRL/USD official exchange rate,market_repricing,bcb_sgs,daily,2004-01-07,2.8723,brl_per_usd
brl_usd,BRL/USD official exchange rate,market_repricing,bcb_sgs,daily,2004-01-08,2.8588,brl_per_usd
brl_usd,BRL/USD official exchange rate,market_repricing,bcb_sgs,daily,2004-01-09,2.8422,brl_per_usd
brl_usd,BRL/USD official exchange rate,market_repricing,bcb_sgs,daily,2004-01-12,2.8163,brl_per_usd
brl_usd,BRL/USD official exchange rate,market_repricing,bcb_sgs,daily,2004-01-13,2.8022,brl_per_usd
brl_usd,BRL/USD official exchange rate,market_repricing,bcb_sgs,daily,2004-01-14,2.8142,brl_per_usd
brl_usd,BRL/USD official exchange rate,market_repricing,bcb_sgs,daily,2004-01-15,2.8126,brl_per_usd
brl_usd,BRL/USD official exchange rate,market_repricing,bcb_sgs,daily,2004-01-16,2.8184,brl_per_usd
brl_usd,BRL/USD official exchange rate,market_repricing,bcb_sgs,daily,2004-01-19,2.8419,brl_per_usd
brl_usd,BRL/USD official exchange rate,market_repricing,bcb_sgs,daily,2004-01-20,2.8382,brl_per_usd
brl_usd,BRL/USD official exchange rate,market_repricing,bcb_sgs,daily,2004-01-21,2.8417,brl_per_usd
brl_usd,BRL/USD official exchange rate,market_repricing,bcb_sgs,daily,2004-01-22,2.8417,brl_per_usd
brl_usd,BRL/USD official exchange rate,market_repricing,bcb_sgs,daily,2004-01-23,2.8435,brl_per_usd
brl_usd,BRL/USD official exchange rate,market_repricing,bcb_sgs,daily,2004-01-26,2.8431,brl_per_usd
brl_usd,BRL/USD official exchange rate,market_repricing,bcb_sgs,daily,2004-01-27,2.8587,brl_per_usd
brl_usd,BRL/USD official exchange rate,market_repricing,bcb_sgs,daily,2004-01-28,2.8785,brl_per_usd
brl_usd,BRL/USD official exchange rate,market_repricing,bcb_sgs,daily,2004-01-29,2.9236,brl_per_usd
brl_usd,BRL/USD official exchange rate,market_repricing,bcb_sgs,daily,2004-01-30,2.9409,brl_per_usd
brl_usd,BRL/USD official exchange rate,market_repricing,bcb_sgs,daily,2004-02-02,2.9486,brl_per_usd
brl_usd,BRL/USD official exchange rate,market_repricing,bcb_sgs,daily,2004-02-03,2.9326,brl_per_usd
brl_usd,BRL/USD official exchange rate,market_repricing,bcb_sgs,daily,2004-02-04,2.9106,brl_per_usd
brl_usd,BRL/USD official exchange rate,market_repricing,bcb_sgs,daily,2004-02-05,2.9335,brl_per_usd
brl_usd,BRL/USD official exchange rate,market_repricing,bcb_sgs,daily,2004-02-06,2.95,brl_per_usd
brl_usd,BRL/USD official exchange rate,market_repricing,bcb_sgs,daily,2004-02-09,2.9341,brl_per_usd
brl_usd,BRL/USD official exchange rate,market_repricing,bcb_sgs,daily,2004-02-10,2.9198,brl_per_usd
brl_usd,BRL/USD official exchange rate,market_repricing,bcb_sgs,daily,2004-02-11,2.9253,brl_per_usd
brl_usd,BRL/USD official exchange rate,market_repricing,bcb_sgs,daily,2004-02-12,2.9042,brl_per_usd
brl_usd,BRL/USD official exchange rate,market_repricing,bcb_sgs,daily,2004-02-13,2.9085,brl_per_usd
brl_usd,BRL/USD official exchange rate,market_repricing,bcb_sgs,daily,2004-02-16,2.9066,brl_per_usd
brl_usd,BRL/USD official exchange rate,market_repricing,bcb_sgs,daily,2004-02-17,2.9125,brl_per_usd
brl_usd,BRL/USD official exchange rate,market_repricing,bcb_sgs,daily,2004-02-18,2.9296,brl_per_usd
brl_usd,BRL/USD official exchange rate,market_repricing,bcb_sgs,daily,2004-02-19,2.9509,brl_per_usd
brl_usd,BRL/USD official exchange rate,market_repricing,bcb_sgs,daily,2004-02-20,2.9878,brl_per_usd
brl_usd,BRL/USD official exchange rate,market_repricing,bcb_sgs,daily,2004-02-25,2.9403,brl_per_usd
brl_usd,BRL/USD official exchange rate,market_repricing,bcb_sgs,daily,2004-02-26,2.9369,brl_per_usd
brl_usd,BRL/USD official exchange rate,market_repricing,bcb_sgs,daily,2004-02-27,2.9138,brl_per_usd
brl_usd,BRL/USD official exchange rate,market_repricing,bcb_sgs,daily,2004-03-01,2.8945,brl_per_usd
brl_usd,BRL/USD official exchange rate,market_repricing,bcb_sgs,daily,2004-03-02,2.9086,brl_per_usd
brl_usd,BRL/USD official exchange rate,market_repricing,bcb_sgs,daily,2004-03-03,2.8812,brl_per_usd
brl_usd,BRL/USD official exchange rate,market_repricing,bcb_sgs,daily,2004-03-04,2.8878,brl_per_usd
brl_usd,BRL/USD official exchange rate,market_repricing,bcb_sgs,daily,2004-03-05,2.879,brl_per_usd
brl_usd,BRL/USD official exchange rate,market_repricing,bcb_sgs,daily,2004-03-08,2.8752,brl_per_usd
brl_usd,BRL/USD official exchange rate,market_repricing,bcb_sgs,daily,2004-03-09,2.8758,brl_per_usd
brl_usd,BRL/USD official exchange rate,market_repricing,bcb_sgs,daily,2004-03-10,2.8891,brl_per_usd
brl_usd,BRL/USD official exchange rate,market_repricing,bcb_sgs,daily,2004-03-11,2.9132,brl_per_usd
brl_usd,BRL/USD official exchange rate,market_repricing,bcb_sgs,daily,2004-03-12,2.9063,brl_per_usd
brl_usd,BRL/USD official exchange rate,market_repricing,bcb_sgs,daily,2004-03-15,2.9013,brl_per_usd
brl_usd,BRL/USD official exchange rate,market_repricing,bcb_sgs,daily,2004-03-16,2.9001,brl_per_usd
brl_usd,BRL/USD official exchange rate,market_repricing,bcb_sgs,daily,2004-03-17,2.907,brl_per_usd
brl_usd,BRL/USD official exchange rate,market_repricing,bcb_sgs,daily,2004-03-18,2.9135,brl_per_usd
brl_usd,BRL/USD official exchange rate,market_repricing,bcb_sgs,daily,2004-03-19,2.9,brl_per_usd
brl_usd,BRL/USD official exchange rate,market_repricing,bcb_sgs,daily,2004-03-22,2.9107,brl_per_usd
brl_usd,BRL/USD official exchange rate,market_repricing,bcb_sgs,daily,2004-03-23,2.9144,brl_per_usd
brl_usd,BRL/USD official exchange rate,market_repricing,bcb_sgs,daily,2004-03-24,2.9264,brl_per_usd
brl_usd,BRL/USD official exchange rate,market_repricing,bcb_sgs,daily,2004-03-25,2.9337,brl_per_usd
brl_usd,BRL/USD official exchange rate,market_repricing,bcb_sgs,daily,2004-03-26,2.941,brl_per_usd
brl_usd,BRL/USD official exchange rate,market_repricing,bcb_sgs,daily,2004-03-29,2.9365,brl_per_usd
brl_usd,BRL/USD official exchange rate,market_repricing,bcb_sgs,daily,2004-03-30,2.9216,brl_per_usd
brl_usd,BRL/USD official exchange rate,market_repricing,bcb_sgs,daily,2004-03-31,2.9086,brl_per_usd
brl_usd,BRL/USD official exchange rate,market_repricing,bcb_sgs,daily,2004-04-01,2.8904,brl_per_usd
brl_usd,BRL/USD official exchange rate,market_repricing,bcb_sgs,daily,2004-04-02,2.893,brl_per_usd
brl_usd,BRL/USD official exchange rate,market_repricing,bcb_sgs,daily,2004-04-05,2.8851,brl_per_usd
brl_usd,BRL/USD official exchange rate,market_repricing,bcb_sgs,daily,2004-04-06,2.8743,brl_per_usd
brl_usd,BRL/USD official exchange rate,market_repricing,bcb_sgs,daily,2004-04-07,2.8773,brl_per_usd
brl_usd,BRL/USD official exchange rate,market_repricing,bcb_sgs,daily,2004-04-08,2.8802,brl_per_usd
brl_usd,BRL/USD official exchange rate,market_repricing,bcb_sgs,daily,2004-04-12,2.8855,brl_per_usd
brl_usd,BRL/USD official exchange rate,market_repricing,bcb_sgs,daily,2004-04-13,2.8851,brl_per_usd
brl_usd,BRL/USD official exchange rate,market_repricing,bcb_sgs,daily,2004-04-14,2.8956,brl_per_usd
brl_usd,BRL/USD official exchange rate,market_repricing,bcb_sgs,daily,2004-04-15,2.9064,brl_per_usd
brl_usd,BRL/USD official exchange rate,market_repricing,bcb_sgs,daily,2004-04-16,2.9153,brl_per_usd
brl_usd,BRL/USD official exchange rate,market_repricing,bcb_sgs,daily,2004-04-19,2.9101,brl_per_usd
brl_usd,BRL/USD official exchange rate,market_repricing,bcb_sgs,daily,2004-04-20,2.9186,brl_per_usd
brl_usd,BRL/USD official exchange rate,market_repricing,bcb_sgs,daily,2004-04-22,2.9305,brl_per_usd
brl_usd,BRL/USD official exchange rate,market_repricing,bcb_sgs,daily,2004-04-23,2.9173,brl_per_usd
brl_usd,BRL/USD official exchange rate,market_repricing,bcb_sgs,daily,2004-04-26,2.9085,brl_per_usd
brl_usd,BRL/USD official exchange rate,market_repricing,bcb_sgs,daily,2004-04-27,2.9161,brl_per_usd
brl_usd,BRL/USD official exchange rate,market_repricing,bcb_sgs,daily,2004-04-28,2.9335,brl_per_usd
brl_usd,BRL/USD official exchange rate,market_repricing,bcb_sgs,daily,2004-04-29,2.9522,brl_per_usd
brl_usd,BRL/USD official exchange rate,market_repricing,bcb_sgs,daily,2004-04-30,2.9447,brl_per_usd
brl_usd,BRL/USD official exchange rate,market_repricing,bcb_sgs,daily,2004-05-03,2.9569,brl_per_usd
brl_usd,BRL/USD official exchange rate,market_repricing,bcb_sgs,daily,2004-05-04,2.9696,brl_per_usd
brl_usd,BRL/USD official exchange rate,market_repricing,bcb_sgs,daily,2004-05-05,2.9616,brl_per_usd
brl_usd,BRL/USD official exchange rate,market_repricing,bcb_sgs,daily,2004-05-06,2.9899,brl_per_usd
brl_usd,BRL/USD official exchange rate,market_repricing,bcb_sgs,daily,2004-05-07,3.0504,brl_per_usd
brl_usd,BRL/USD official exchange rate,market_repricing,bcb_sgs,daily,2004-05-10,3.1249,brl_per_usd
brl_usd,BRL/USD official exchange rate,market_repricing,bcb_sgs,daily,2004-05-11,3.1051,brl_per_usd
brl_usd,BRL/USD official exchange rate,market_repricing,bcb_sgs,daily,2004-05-12,3.1211,brl_per_usd
brl_usd,BRL/USD official exchange rate,market_repricing,bcb_sgs,daily,2004-05-13,3.1279,brl_per_usd
brl_usd,BRL/USD official exchange rate,market_repricing,bcb_sgs,daily,2004-05-14,3.0982,brl_per_usd
brl_usd,BRL/USD official exchange rate,market_repricing,bcb_sgs,daily,2004-05-17,3.122,brl_per_usd
brl_usd,BRL/USD official exchange rate,market_repricing,bcb_sgs,daily,2004-05-18,3.1169,brl_per_usd
brl_usd,BRL/USD official exchange rate,market_repricing,bcb_sgs,daily,2004-05-19,3.1059,brl_per_usd
brl_usd,BRL/USD official exchange rate,market_repricing,bcb_sgs,daily,2004-05-20,3.1813,brl_per_usd
brl_usd,BRL/USD official exchange rate,market_repricing,bcb_sgs,daily,2004-05-21,3.2051,brl_per_usd
brl_usd,BRL/USD official exchange rate,market_repricing,bcb_sgs,daily,2004-05-24,3.1798,brl_per_usd
brl_usd,BRL/USD official exchange rate,market_repricing,bcb_sgs,daily,2004-05-25,3.1576,brl_per_usd
brl_usd,BRL/USD official exchange rate,market_repricing,bcb_sgs,daily,2004-05-26,3.157,brl_per_usd
brl_usd,BRL/USD official exchange rate,market_repricing,bcb_sgs,daily,2004-05-27,3.1524,brl_per_usd
brl_usd,BRL/USD official exchange rate,market_repricing,bcb_sgs,daily,2004-05-28,3.0961,brl_per_usd
brl_usd,BRL/USD official exchange rate,market_repricing,bcb_sgs,daily,2004-05-31,3.1291,brl_per_usd
brl_usd,BRL/USD official exchange rate,market_repricing,bcb_sgs,daily,2004-06-01,3.1567,brl_per_usd
brl_usd,BRL/USD official exchange rate,market_repricing,bcb_sgs,daily,2004-06-02,3.1302,brl_per_usd
brl_usd,BRL/USD official exchange rate,market_repricing,bcb_sgs,daily,2004-06-03,3.1443,brl_per_usd
brl_usd,BRL/USD official exchange rate,market_repricing,bcb_sgs,daily,2004-06-04,3.1335,brl_per_usd
brl_usd,BRL/USD official exchange rate,market_repricing,bcb_sgs,daily,2004-06-07,3.1119,brl_per_usd
brl_usd,BRL/USD official exchange rate,market_repricing,bcb_sgs,daily,2004-06-08,3.1155,brl_per_usd
brl_usd,BRL/USD official exchange rate,market_repricing,bcb_sgs,daily,2004-06-09,3.1166,brl_per_usd
brl_usd,BRL/USD official exchange rate,market_repricing,bcb_sgs,daily,2004-06-11,3.1402,brl_per_usd
brl_usd,BRL/USD official exchange rate,market_repricing,bcb_sgs,daily,2004-06-14,3.1651,brl_per_usd
brl_usd,BRL/USD official exchange rate,market_repricing,bcb_sgs,daily,2004-06-15,3.138,brl_per_usd
brl_usd,BRL/USD official exchange rate,market_repricing,bcb_sgs,daily,2004-06-16,3.1405,brl_per_usd
brl_usd,BRL/USD official exchange rate,market_repricing,bcb_sgs,daily,2004-06-17,3.128,brl_per_usd
brl_usd,BRL/USD official exchange rate,market_repricing,bcb_sgs,daily,2004-06-18,3.1388,brl_per_usd
brl_usd,BRL/USD official exchange rate,market_repricing,bcb_sgs,daily,2004-06-21,3.1298,brl_per_usd
brl_usd,BRL/USD official exchange rate,market_repricing,bcb_sgs,daily,2004-06-22,3.1341,brl_per_usd
brl_usd,BRL/USD official exchange rate,market_repricing,bcb_sgs,daily,2004-06-23,3.1258,brl_per_usd
brl_usd,BRL/USD official exchange rate,market_repricing,bcb_sgs,daily,2004-06-24,3.103,brl_per_usd
brl_usd,BRL/USD official exchange rate,market_repricing,bcb_sgs,daily,2004-06-25,3.1096,brl_per_usd
brl_usd,BRL/USD official exchange rate,market_repricing,bcb_sgs,daily,2004-06-28,3.1247,brl_per_usd
brl_usd,BRL/USD official exchange rate,market_repricing,bcb_sgs,daily,2004-06-29,3.1183,brl_per_usd
brl_usd,BRL/USD official exchange rate,market_repricing,bcb_sgs,daily,2004-06-30,3.1075,brl_per_usd
brl_usd,BRL/USD official exchange rate,market_repricing,bcb_sgs,daily,2004-07-01,3.0747,brl_per_usd
brl_usd,BRL/USD official exchange rate,market_repricing,bcb_sgs,daily,2004-07-02,3.0502,brl_per_usd
brl_usd,BRL/USD official exchange rate,market_repricing,bcb_sgs,daily,2004-07-05,3.0316,brl_per_usd
brl_usd,BRL/USD official exchange rate,market_repricing,bcb_sgs,daily,2004-07-06,3.0418,brl_per_usd
brl_usd,BRL/USD official exchange rate,market_repricing,bcb_sgs,daily,2004-07-07,3.0367,brl_per_usd
brl_usd,BRL/USD official exchange rate,market_repricing,bcb_sgs,daily,2004-07-08,3.0475,brl_per_usd
brl_usd,BRL/USD official exchange rate,market_repricing,bcb_sgs,daily,2004-07-09,3.0429,brl_per_usd
brl_usd,BRL/USD official exchange rate,market_repricing,bcb_sgs,daily,2004-07-12,3.0371,brl_per_usd
brl_usd,BRL/USD official exchange rate,market_repricing,bcb_sgs,daily,2004-07-13,3.042,brl_per_usd
brl_usd,BRL/USD official exchange rate,market_repricing,bcb_sgs,daily,2004-07-14,3.0284,brl_per_usd
brl_usd,BRL/USD official exchange rate,market_repricing,bcb_sgs,daily,2004-07-15,3.0215,brl_per_usd
brl_usd,BRL/USD official exchange rate,market_repricing,bcb_sgs,daily,2004-07-16,3.0021,brl_per_usd
brl_usd,BRL/USD official exchange rate,market_repricing,bcb_sgs,daily,2004-07-19,2.9939,brl_per_usd
brl_usd,BRL/USD official exchange rate,market_repricing,bcb_sgs,daily,2004-07-20,3.0041,brl_per_usd
brl_usd,BRL/USD official exchange rate,market_repricing,bcb_sgs,daily,2004-07-21,3.0247,brl_per_usd
brl_usd,BRL/USD official exchange rate,market_repricing,bcb_sgs,daily,2004-07-22,3.0392,brl_per_usd
brl_usd,BRL/USD official exchange rate,market_repricing,bcb_sgs,daily,2004-07-23,3.0465,brl_per_usd
brl_usd,BRL/USD official exchange rate,market_repricing,bcb_sgs,daily,2004-07-26,3.0573,brl_per_usd
brl_usd,BRL/USD official exchange rate,market_repricing,bcb_sgs,daily,2004-07-27,3.067,brl_per_usd
brl_usd,BRL/USD official exchange rate,market_repricing,bcb_sgs,daily,2004-07-28,3.0557,brl_per_usd
brl_usd,BRL/USD official exchange rate,market_repricing,bcb_sgs,daily,2004-07-29,3.0374,brl_per_usd
brl_usd,BRL/USD official exchange rate,market_repricing,bcb_sgs,daily,2004-07-30,3.0268,brl_per_usd
brl_usd,BRL/USD official exchange rate,market_repricing,bcb_sgs,daily,2004-08-02,3.0466,brl_per_usd
brl_usd,BRL/USD official exchange rate,market_repricing,bcb_sgs,daily,2004-08-03,3.055,brl_per_usd
brl_usd,BRL/USD official exchange rate,market_repricing,bcb_sgs,daily,2004-08-04,3.0579,brl_per_usd
brl_usd,BRL/USD official exchange rate,market_repricing,bcb_sgs,daily,2004-08-05,3.0637,brl_per_usd
brl_usd,BRL/USD official exchange rate,market_repricing,bcb_sgs,daily,2004-08-06,3.0489,brl_per_usd
brl_usd,BRL/USD official exchange rate,market_repricing,bcb_sgs,daily,2004-08-09,3.0396,brl_per_usd
brl_usd,BRL/USD official exchange rate,market_repricing,bcb_sgs,daily,2004-08-10,3.0285,brl_per_usd
brl_usd,BRL/USD official exchange rate,market_repricing,bcb_sgs,daily,2004-08-11,3.0392,brl_per_usd
brl_usd,BRL/USD official exchange rate,market_repricing,bcb_sgs,daily,2004-08-12,3.0307,brl_per_usd
brl_usd,BRL/USD official exchange rate,market_repricing,bcb_sgs,daily,2004-08-13,3.0235,brl_per_usd
brl_usd,BRL/USD official exchange rate,market_repricing,bcb_sgs,daily,2004-08-16,3.0146,brl_per_usd
brl_usd,BRL/USD official exchange rate,market_repricing,bcb_sgs,daily,2004-08-17,2.9989,brl_per_usd
brl_usd,BRL/USD official exchange rate,market_repricing,bcb_sgs,daily,2004-08-18,2.9922,brl_per_usd
brl_usd,BRL/USD official exchange rate,market_repricing,bcb_sgs,daily,2004-08-19,2.9793,brl_per_usd
brl_usd,BRL/USD official exchange rate,market_repricing,bcb_sgs,daily,2004-08-20,2.9742,brl_per_usd
brl_usd,BRL/USD official exchange rate,market_repricing,bcb_sgs,daily,2004-08-23,2.9687,brl_per_usd
brl_usd,BRL/USD official exchange rate,market_repricing,bcb_sgs,daily,2004-08-24,2.9576,brl_per_usd
brl_usd,BRL/USD official exchange rate,market_repricing,bcb_sgs,daily,2004-08-25,2.9512,brl_per_usd
brl_usd,BRL/USD official exchange rate,market_repricing,bcb_sgs,daily,2004-08-26,2.9541,brl_per_usd
brl_usd,BRL/USD official exchange rate,market_repricing,bcb_sgs,daily,2004-08-27,2.9571,brl_per_usd
brl_usd,BRL/USD official exchange rate,market_repricing,bcb_sgs,daily,2004-08-30,2.9488,brl_per_usd
brl_usd,BRL/USD official exchange rate,market_repricing,bcb_sgs,daily,2004-08-31,2.9338,brl_per_usd
brl_usd,BRL/USD official exchange rate,market_repricing,bcb_sgs,daily,2004-09-01,2.9298,brl_per_usd
brl_usd,BRL/USD official exchange rate,market_repricing,bcb_sgs,daily,2004-09-02,2.9361,brl_per_usd
brl_usd,BRL/USD official exchange rate,market_repricing,bcb_sgs,daily,2004-09-03,2.9289,brl_per_usd
brl_usd,BRL/USD official exchange rate,market_repricing,bcb_sgs,daily,2004-09-06,2.9142,brl_per_usd
brl_usd,BRL/USD official exchange rate,market_repricing,bcb_sgs,daily,2004-09-08,2.9014,brl_per_usd
brl_usd,BRL/USD official exchange rate,market_repricing,bcb_sgs,daily,2004-09-09,2.9028,brl_per_usd
brl_usd,BRL/USD official exchange rate,market_repricing,bcb_sgs,daily,2004-09-10,2.8988,brl_per_usd
brl_usd,BRL/USD official exchange rate,market_repricing,bcb_sgs,daily,2004-09-13,2.906,brl_per_usd
brl_usd,BRL/USD official exchange rate,market_repricing,bcb_sgs,daily,2004-09-14,2.9125,brl_per_usd
brl_usd,BRL/USD official exchange rate,market_repricing,bcb_sgs,daily,2004-09-15,2.9042,brl_per_usd
brl_usd,BRL/USD official exchange rate,market_repricing,bcb_sgs,daily,2004-09-16,2.8892,brl_per_usd
brl_usd,BRL/USD official exchange rate,market_repricing,bcb_sgs,daily,2004-09-17,2.8744,brl_per_usd
brl_usd,BRL/USD official exchange rate,market_repricing,bcb_sgs,daily,2004-09-20,2.8676,brl_per_usd
brl_usd,BRL/USD official exchange rate,market_repricing,bcb_sgs,daily,2004-09-21,2.8737,brl_per_usd
brl_usd,BRL/USD official exchange rate,market_repricing,bcb_sgs,daily,2004-09-22,2.8677,brl_per_usd
brl_usd,BRL/USD official exchange rate,market_repricing,bcb_sgs,daily,2004-09-23,2.8725,brl_per_usd
brl_usd,BRL/USD official exchange rate,market_repricing,bcb_sgs,daily,2004-09-24,2.8735,brl_per_usd
brl_usd,BRL/USD official exchange rate,market_repricing,bcb_sgs,daily,2004-09-27,2.8728,brl_per_usd
brl_usd,BRL/USD official exchange rate,market_repricing,bcb_sgs,daily,2004-09-28,2.8692,brl_per_usd
brl_usd,BRL/USD official exchange rate,market_repricing,bcb_sgs,daily,2004-09-29,2.8602,brl_per_usd
brl_usd,BRL/USD official exchange rate,market_repricing,bcb_sgs,daily,2004-09-30,2.8586,brl_per_usd
brl_usd,BRL/USD official exchange rate,market_repricing,bcb_sgs,daily,2004-10-01,2.8513,brl_per_usd
brl_usd,BRL/USD official exchange rate,market_repricing,bcb_sgs,daily,2004-10-04,2.8265,brl_per_usd
brl_usd,BRL/USD official exchange rate,market_repricing,bcb_sgs,daily,2004-10-05,2.8241,brl_per_usd
brl_usd,BRL/USD official exchange rate,market_repricing,bcb_sgs,daily,2004-10-06,2.8362,brl_per_usd
brl_usd,BRL/USD official exchange rate,market_repricing,bcb_sgs,daily,2004-10-07,2.8518,brl_per_usd
brl_usd,BRL/USD official exchange rate,market_repricing,bcb_sgs,daily,2004-10-08,2.8251,brl_per_usd
brl_usd,BRL/USD official exchange rate,market_repricing,bcb_sgs,daily,2004-10-11,2.8318,brl_per_usd
brl_usd,BRL/USD official exchange rate,market_repricing,bcb_sgs,daily,2004-10-13,2.8374,brl_per_usd
brl_usd,BRL/USD official exchange rate,market_repricing,bcb_sgs,daily,2004-10-14,2.8631,brl_per_usd
brl_usd,BRL/USD official exchange rate,market_repricing,bcb_sgs,daily,2004-10-15,2.8623,brl_per_usd
brl_usd,BRL/USD official exchange rate,market_repricing,bcb_sgs,daily,2004-10-18,2.8547,brl_per_usd
brl_usd,BRL/USD official exchange rate,market_repricing,bcb_sgs,daily,2004-10-19,2.8706,brl_per_usd
brl_usd,BRL/USD official exchange rate,market_repricing,bcb_sgs,daily,2004-10-20,2.8847,brl_per_usd
brl_usd,BRL/USD official exchange rate,market_repricing,bcb_sgs,daily,2004-10-21,2.8535,brl_per_usd
brl_usd,BRL/USD official exchange rate,market_repricing,bcb_sgs,daily,2004-10-22,2.8489,brl_per_usd
brl_usd,BRL/USD official exchange rate,market_repricing,bcb_sgs,daily,2004-10-25,2.8817,brl_per_usd
brl_usd,BRL/USD official exchange rate,market_repricing,bcb_sgs,daily,2004-10-26,2.8729,brl_per_usd
brl_usd,BRL/USD official exchange rate,market_repricing,bcb_sgs,daily,2004-10-27,2.8585,brl_per_usd
brl_usd,BRL/USD official exchange rate,market_repricing,bcb_sgs,daily,2004-10-28,2.8655,brl_per_usd
brl_usd,BRL/USD official exchange rate,market_repricing,bcb_sgs,daily,2004-10-29,2.8565,brl_per_usd
brl_usd,BRL/USD official exchange rate,market_repricing,bcb_sgs,daily,2004-11-01,2.859,brl_per_usd
brl_usd,BRL/USD official exchange rate,market_repricing,bcb_sgs,daily,2004-11-03,2.8304,brl_per_usd
brl_usd,BRL/USD official exchange rate,market_repricing,bcb_sgs,daily,2004-11-04,2.8211,brl_per_usd
brl_usd,BRL/USD official exchange rate,market_repricing,bcb_sgs,daily,2004-11-05,2.8186,brl_per_usd
brl_usd,BRL/USD official exchange rate,market_repricing,bcb_sgs,daily,2004-11-08,2.8299,brl_per_usd
brl_usd,BRL/USD official exchange rate,market_repricing,bcb_sgs,daily,2004-11-09,2.8287,brl_per_usd
brl_usd,BRL/USD official exchange rate,market_repricing,bcb_sgs,daily,2004-11-10,2.8209,brl_per_usd
brl_usd,BRL/USD official exchange rate,market_repricing,bcb_sgs,daily,2004-11-11,2.82,brl_per_usd
brl_usd,BRL/USD official exchange rate,market_repricing,bcb_sgs,daily,2004-11-12,2.7991,brl_per_usd
brl_usd,BRL/USD official exchange rate,market_repricing,bcb_sgs,daily,2004-11-16,2.7856,brl_per_usd
brl_usd,BRL/USD official exchange rate,market_repricing,bcb_sgs,daily,2004-11-17,2.7674,brl_per_usd
brl_usd,BRL/USD official exchange rate,market_repricing,bcb_sgs,daily,2004-11-18,2.7603,brl_per_usd
brl_usd,BRL/USD official exchange rate,market_repricing,bcb_sgs,daily,2004-11-19,2.7637,brl_per_usd
brl_usd,BRL/USD official exchange rate,market_repricing,bcb_sgs,daily,2004-11-22,2.7678,brl_per_usd
brl_usd,BRL/USD official exchange rate,market_repricing,bcb_sgs,daily,2004-11-23,2.7446,brl_per_usd
brl_usd,BRL/USD official exchange rate,market_repricing,bcb_sgs,daily,2004-11-24,2.7485,brl_per_usd
brl_usd,BRL/USD official exchange rate,market_repricing,bcb_sgs,daily,2004-11-25,2.7511,brl_per_usd
brl_usd,BRL/USD official exchange rate,market_repricing,bcb_sgs,daily,2004-11-26,2.7332,brl_per_usd
brl_usd,BRL/USD official exchange rate,market_repricing,bcb_sgs,daily,2004-11-29,2.7402,brl_per_usd
brl_usd,BRL/USD official exchange rate,market_repricing,bcb_sgs,daily,2004-11-30,2.7307,brl_per_usd
brl_usd,BRL/USD official exchange rate,market_repricing,bcb_sgs,daily,2004-12-01,2.7145,brl_per_usd
brl_usd,BRL/USD official exchange rate,market_repricing,bcb_sgs,daily,2004-12-02,2.7239,brl_per_usd
brl_usd,BRL/USD official exchange rate,market_repricing,bcb_sgs,daily,2004-12-03,2.7095,brl_per_usd
brl_usd,BRL/USD official exchange rate,market_repricing,bcb_sgs,daily,2004-12-06,2.7186,brl_per_usd
brl_usd,BRL/USD official exchange rate,market_repricing,bcb_sgs,daily,2004-12-07,2.7322,brl_per_usd
brl_usd,BRL/USD official exchange rate,market_repricing,bcb_sgs,daily,2004-12-08,2.7664,brl_per_usd
brl_usd,BRL/USD official exchange rate,market_repricing,bcb_sgs,daily,2004-12-09,2.7744,brl_per_usd
brl_usd,BRL/USD official exchange rate,market_repricing,bcb_sgs,daily,2004-12-10,2.7867,brl_per_usd
brl_usd,BRL/USD official exchange rate,market_repricing,bcb_sgs,daily,2004-12-13,2.7697,brl_per_usd
brl_usd,BRL/USD official exchange rate,market_repricing,bcb_sgs,daily,2004-12-14,2.758,brl_per_usd
brl_usd,BRL/USD official exchange rate,market_repricing,bcb_sgs,daily,2004-12-15,2.7508,brl_per_usd
brl_usd,BRL/USD official exchange rate,market_repricing,bcb_sgs,daily,2004-12-16,2.7293,brl_per_usd
brl_usd,BRL/USD official exchange rate,market_repricing,bcb_sgs,daily,2004-12-17,2.7247,brl_per_usd
brl_usd,BRL/USD official exchange rate,market_repricing,bcb_sgs,daily,2004-12-20,2.6927,brl_per_usd
brl_usd,BRL/USD official exchange rate,market_repricing,bcb_sgs,daily,2004-12-21,2.6892,brl_per_usd
brl_usd,BRL/USD official exchange rate,market_repricing,bcb_sgs,daily,2004-12-22,2.699,brl_per_usd
brl_usd,BRL/USD official exchange rate,market_repricing,bcb_sgs,daily,2004-12-23,2.7067,brl_per_usd
brl_usd,BRL/USD official exchange rate,market_repricing,bcb_sgs,daily,2004-12-24,2.6912,brl_per_usd
brl_usd,BRL/USD official exchange rate,market_repricing,bcb_sgs,daily,2004-12-27,2.6983,brl_per_usd
brl_usd,BRL/USD official exchange rate,market_repricing,bcb_sgs,daily,2004-12-28,2.6895,brl_per_usd
brl_usd,BRL/USD official exchange rate,market_repricing,bcb_sgs,daily,2004-12-29,2.6836,brl_per_usd
brl_usd,BRL/USD official exchange rate,market_repricing,bcb_sgs,daily,2004-12-30,2.6544,brl_per_usd
brl_usd,BRL/USD official exchange rate,market_repricing,bcb_sgs,daily,2004-12-31,2.6544,brl_per_usd
brl_usd,BRL/USD official exchange rate,market_repricing,bcb_sgs,daily,2005-01-03,2.6682,brl_per_usd
brl_usd,BRL/USD official exchange rate,market_repricing,bcb_sgs,daily,2005-01-04,2.6887,brl_per_usd
brl_usd,BRL/USD official exchange rate,market_repricing,bcb_sgs,daily,2005-01-05,2.7096,brl_per_usd
brl_usd,BRL/USD official exchange rate,market_repricing,bcb_sgs,daily,2005-01-06,2.7207,brl_per_usd
brl_usd,BRL/USD official exchange rate,market_repricing,bcb_sgs,daily,2005-01-07,2.7032,brl_per_usd
brl_usd,BRL/USD official exchange rate,market_repricing,bcb_sgs,daily,2005-01-10,2.6973,brl_per_usd
brl_usd,BRL/USD official exchange rate,market_repricing,bcb_sgs,daily,2005-01-11,2.7106,brl_per_usd
brl_usd,BRL/USD official exchange rate,market_repricing,bcb_sgs,daily,2005-01-12,2.7113,brl_per_usd
brl_usd,BRL/USD official exchange rate,market_repricing,bcb_sgs,daily,2005-01-13,2.7011,brl_per_usd
brl_usd,BRL/USD official exchange rate,market_repricing,bcb_sgs,daily,2005-01-14,2.7074,brl_per_usd
brl_usd,BRL/USD official exchange rate,market_repricing,bcb_sgs,daily,2005-01-17,2.7007,brl_per_usd
brl_usd,BRL/USD official exchange rate,market_repricing,bcb_sgs,daily,2005-01-18,2.7139,brl_per_usd
brl_usd,BRL/USD official exchange rate,market_repricing,bcb_sgs,daily,2005-01-19,2.7185,brl_per_usd
brl_usd,BRL/USD official exchange rate,market_repricing,bcb_sgs,daily,2005-01-20,2.7222,brl_per_usd
brl_usd,BRL/USD official exchange rate,market_repricing,bcb_sgs,daily,2005-01-21,2.6999,brl_per_usd
brl_usd,BRL/USD official exchange rate,market_repricing,bcb_sgs,daily,2005-01-24,2.678,brl_per_usd
brl_usd,BRL/USD official exchange rate,market_repricing,bcb_sgs,daily,2005-01-25,2.6794,brl_per_usd
brl_usd,BRL/USD official exchange rate,market_repricing,bcb_sgs,daily,2005-01-26,2.6748,brl_per_usd
brl_usd,BRL/USD official exchange rate,market_repricing,bcb_sgs,daily,2005-01-27,2.6645,brl_per_usd
brl_usd,BRL/USD official exchange rate,market_repricing,bcb_sgs,daily,2005-01-28,2.6587,brl_per_usd
brl_usd,BRL/USD official exchange rate,market_repricing,bcb_sgs,daily,2005-01-31,2.6248,brl_per_usd
brl_usd,BRL/USD official exchange rate,market_repricing,bcb_sgs,daily,2005-02-01,2.613,brl_per_usd
brl_usd,BRL/USD official exchange rate,market_repricing,bcb_sgs,daily,2005-02-02,2.624,brl_per_usd
brl_usd,BRL/USD official exchange rate,market_repricing,bcb_sgs,daily,2005-02-03,2.6034,brl_per_usd
brl_usd,BRL/USD official exchange rate,market_repricing,bcb_sgs,daily,2005-02-04,2.603,brl_per_usd
brl_usd,BRL/USD official exchange rate,market_repricing,bcb_sgs,daily,2005-02-09,2.6078,brl_per_usd
brl_usd,BRL/USD official exchange rate,market_repricing,bcb_sgs,daily,2005-02-10,2.6122,brl_per_usd
brl_usd,BRL/USD official exchange rate,market_repricing,bcb_sgs,daily,2005-02-11,2.6173,brl_per_usd
brl_usd,BRL/USD official exchange rate,market_repricing,bcb_sgs,daily,2005-02-14,2.5834,brl_per_usd
brl_usd,BRL/USD official exchange rate,market_repricing,bcb_sgs,daily,2005-02-15,2.5762,brl_per_usd
brl_usd,BRL/USD official exchange rate,market_repricing,bcb_sgs,daily,2005-02-16,2.5926,brl_per_usd
brl_usd,BRL/USD official exchange rate,market_repricing,bcb_sgs,daily,2005-02-17,2.5737,brl_per_usd
brl_usd,BRL/USD official exchange rate,market_repricing,bcb_sgs,daily,2005-02-18,2.5621,brl_per_usd
brl_usd,BRL/USD official exchange rate,market_repricing,bcb_sgs,daily,2005-02-21,2.5762,brl_per_usd
brl_usd,BRL/USD official exchange rate,market_repricing,bcb_sgs,daily,2005-02-22,2.5937,brl_per_usd
brl_usd,BRL/USD official exchange rate,market_repricing,bcb_sgs,daily,2005-02-23,2.5857,brl_per_usd
brl_usd,BRL/USD official exchange rate,market_repricing,bcb_sgs,daily,2005-02-24,2.6098,brl_per_usd
brl_usd,BRL/USD official exchange rate,market_repricing,bcb_sgs,daily,2005-02-25,2.632,brl_per_usd
brl_usd,BRL/USD official exchange rate,market_repricing,bcb_sgs,daily,2005-02-28,2.595,brl_per_usd
brl_usd,BRL/USD official exchange rate,market_repricing,bcb_sgs,daily,2005-03-01,2.6011,brl_per_usd
brl_usd,BRL/USD official exchange rate,market_repricing,bcb_sgs,daily,2005-03-02,2.6368,brl_per_usd
brl_usd,BRL/USD official exchange rate,market_repricing,bcb_sgs,daily,2005-03-03,2.6698,brl_per_usd
brl_usd,BRL/USD official exchange rate,market_repricing,bcb_sgs,daily,2005-03-04,2.6615,brl_per_usd
brl_usd,BRL/USD official exchange rate,market_repricing,bcb_sgs,daily,2005-03-07,2.6624,brl_per_usd
brl_usd,BRL/USD official exchange rate,market_repricing,bcb_sgs,daily,2005-03-08,2.6934,brl_per_usd
brl_usd,BRL/USD official exchange rate,market_repricing,bcb_sgs,daily,2005-03-09,2.7113,brl_per_usd
brl_usd,BRL/USD official exchange rate,market_repricing,bcb_sgs,daily,2005-03-10,2.7319,brl_per_usd
brl_usd,BRL/USD official exchange rate,market_repricing,bcb_sgs,daily,2005-03-11,2.7021,brl_per_usd
brl_usd,BRL/USD official exchange rate,market_repricing,bcb_sgs,daily,2005-03-14,2.7523,brl_per_usd
brl_usd,BRL/USD official exchange rate,market_repricing,bcb_sgs,daily,2005-03-15,2.7621,brl_per_usd
brl_usd,BRL/USD official exchange rate,market_repricing,bcb_sgs,daily,2005-03-16,2.757,brl_per_usd
brl_usd,BRL/USD official exchange rate,market_repricing,bcb_sgs,daily,2005-03-17,2.7522,brl_per_usd
brl_usd,BRL/USD official exchange rate,market_repricing,bcb_sgs,daily,2005-03-18,2.7163,brl_per_usd
brl_usd,BRL/USD official exchange rate,market_repricing,bcb_sgs,daily,2005-03-21,2.7288,brl_per_usd
brl_usd,BRL/USD official exchange rate,market_repricing,bcb_sgs,daily,2005-03-22,2.706,brl_per_usd
brl_usd,BRL/USD official exchange rate,market_repricing,bcb_sgs,daily,2005-03-23,2.7403,brl_per_usd
brl_usd,BRL/USD official exchange rate,market_repricing,bcb_sgs,daily,2005-03-24,2.7303,brl_per_usd
brl_usd,BRL/USD official exchange rate,market_repricing,bcb_sgs,daily,2005-03-28,2.7385,brl_per_usd
brl_usd,BRL/USD official exchange rate,market_repricing,bcb_sgs,daily,2005-03-29,2.7031,brl_per_usd
brl_usd,BRL/USD official exchange rate,market_repricing,bcb_sgs,daily,2005-03-30,2.6808,brl_per_usd
brl_usd,BRL/USD official exchange rate,market_repricing,bcb_sgs,daily,2005-03-31,2.6662,brl_per_usd
brl_usd,BRL/USD official exchange rate,market_repricing,bcb_sgs,daily,2005-04-01,2.655,brl_per_usd
brl_usd,BRL/USD official exchange rate,market_repricing,bcb_sgs,daily,2005-04-04,2.6598,brl_per_usd
brl_usd,BRL/USD official exchange rate,market_repricing,bcb_sgs,daily,2005-04-05,2.6255,brl_per_usd
brl_usd,BRL/USD official exchange rate,market_repricing,bcb_sgs,daily,2005-04-06,2.6067,brl_per_usd
brl_usd,BRL/USD official exchange rate,market_repricing,bcb_sgs,daily,2005-04-07,2.6019,brl_per_usd
brl_usd,BRL/USD official exchange rate,market_repricing,bcb_sgs,daily,2005-04-08,2.5942,brl_per_usd
brl_usd,BRL/USD official exchange rate,market_repricing,bcb_sgs,daily,2005-04-11,2.5783,brl_per_usd
brl_usd,BRL/USD official exchange rate,market_repricing,bcb_sgs,daily,2005-04-12,2.5899,brl_per_usd
brl_usd,BRL/USD official exchange rate,market_repricing,bcb_sgs,daily,2005-04-13,2.5598,brl_per_usd
brl_usd,BRL/USD official exchange rate,market_repricing,bcb_sgs,daily,2005-04-14,2.5747,brl_per_usd
brl_usd,BRL/USD official exchange rate,market_repricing,bcb_sgs,daily,2005-04-15,2.5971,brl_per_usd
brl_usd,BRL/USD official exchange rate,market_repricing,bcb_sgs,daily,2005-04-18,2.6157,brl_per_usd
brl_usd,BRL/USD official exchange rate,market_repricing,bcb_sgs,daily,2005-04-19,2.5825,brl_per_usd
brl_usd,BRL/USD official exchange rate,market_repricing,bcb_sgs,daily,2005-04-20,2.5645,brl_per_usd
brl_usd,BRL/USD official exchange rate,market_repricing,bcb_sgs,daily,2005-04-22,2.5392,brl_per_usd
brl_usd,BRL/USD official exchange rate,market_repricing,bcb_sgs,daily,2005-04-25,2.5308,brl_per_usd
brl_usd,BRL/USD official exchange rate,market_repricing,bcb_sgs,daily,2005-04-26,2.5355,brl_per_usd
brl_usd,BRL/USD official exchange rate,market_repricing,bcb_sgs,daily,2005-04-27,2.5195,brl_per_usd
brl_usd,BRL/USD official exchange rate,market_repricing,bcb_sgs,daily,2005-04-28,2.5217,brl_per_usd
brl_usd,BRL/USD official exchange rate,market_repricing,bcb_sgs,daily,2005-04-29,2.5313,brl_per_usd
brl_usd,BRL/USD official exchange rate,market_repricing,bcb_sgs,daily,2005-05-02,2.5146,brl_per_usd
brl_usd,BRL/USD official exchange rate,market_repricing,bcb_sgs,daily,2005-05-03,2.5007,brl_per_usd
brl_usd,BRL/USD official exchange rate,market_repricing,bcb_sgs,daily,2005-05-04,2.4765,brl_per_usd
brl_usd,BRL/USD official exchange rate,market_repricing,bcb_sgs,daily,2005-05-05,2.4687,brl_per_usd
brl_usd,BRL/USD official exchange rate,market_repricing,bcb_sgs,daily,2005-05-06,2.4594,brl_per_usd
brl_usd,BRL/USD official exchange rate,market_repricing,bcb_sgs,daily,2005-05-09,2.4538,brl_per_usd
brl_usd,BRL/USD official exchange rate,market_repricing,bcb_sgs,daily,2005-05-10,2.465,brl_per_usd
brl_usd,BRL/USD official exchange rate,market_repricing,bcb_sgs,daily,2005-05-11,2.4719,brl_per_usd
brl_usd,BRL/USD official exchange rate,market_repricing,bcb_sgs,daily,2005-05-12,2.4648,brl_per_usd
brl_usd,BRL/USD official exchange rate,market_repricing,bcb_sgs,daily,2005-05-13,2.4715,brl_per_usd
brl_usd,BRL/USD official exchange rate,market_repricing,bcb_sgs,daily,2005-05-16,2.4772,brl_per_usd
brl_usd,BRL/USD official exchange rate,market_repricing,bcb_sgs,daily,2005-05-17,2.4779,brl_per_usd
brl_usd,BRL/USD official exchange rate,market_repricing,bcb_sgs,daily,2005-05-18,2.4636,brl_per_usd
brl_usd,BRL/USD official exchange rate,market_repricing,bcb_sgs,daily,2005-05-19,2.4458,brl_per_usd
brl_usd,BRL/USD official exchange rate,market_repricing,bcb_sgs,daily,2005-05-20,2.4493,brl_per_usd
brl_usd,BRL/USD official exchange rate,market_repricing,bcb_sgs,daily,2005-05-23,2.4299,brl_per_usd
brl_usd,BRL/USD official exchange rate,market_repricing,bcb_sgs,daily,2005-05-24,2.4313,brl_per_usd
brl_usd,BRL/USD official exchange rate,market_repricing,bcb_sgs,daily,2005-05-25,2.4116,brl_per_usd
brl_usd,BRL/USD official exchange rate,market_repricing,bcb_sgs,daily,2005-05-27,2.3934,brl_per_usd
brl_usd,BRL/USD official exchange rate,market_repricing,bcb_sgs,daily,2005-05-30,2.3784,brl_per_usd
brl_usd,BRL/USD official exchange rate,market_repricing,bcb_sgs,daily,2005-05-31,2.4038,brl_per_usd
brl_usd,BRL/USD official exchange rate,market_repricing,bcb_sgs,daily,2005-06-01,2.4286,brl_per_usd
brl_usd,BRL/USD official exchange rate,market_repricing,bcb_sgs,daily,2005-06-02,2.4202,brl_per_usd
brl_usd,BRL/USD official exchange rate,market_repricing,bcb_sgs,daily,2005-06-03,2.4029,brl_per_usd
brl_usd,BRL/USD official exchange rate,market_repricing,bcb_sgs,daily,2005-06-06,2.4576,brl_per_usd
brl_usd,BRL/USD official exchange rate,market_repricing,bcb_sgs,daily,2005-06-07,2.4632,brl_per_usd
brl_usd,BRL/USD official exchange rate,market_repricing,bcb_sgs,daily,2005-06-08,2.4464,brl_per_usd
brl_usd,BRL/USD official exchange rate,market_repricing,bcb_sgs,daily,2005-06-09,2.4891,brl_per_usd
brl_usd,BRL/USD official exchange rate,market_repricing,bcb_sgs,daily,2005-06-10,2.4751,brl_per_usd
brl_usd,BRL/USD official exchange rate,market_repricing,bcb_sgs,daily,2005-06-13,2.4562,brl_per_usd
brl_usd,BRL/USD official exchange rate,market_repricing,bcb_sgs,daily,2005-06-14,2.4375,brl_per_usd
brl_usd,BRL/USD official exchange rate,market_repricing,bcb_sgs,daily,2005-06-15,2.4455,brl_per_usd
brl_usd,BRL/USD official exchange rate,market_repricing,bcb_sgs,daily,2005-06-16,2.4161,brl_per_usd
brl_usd,BRL/USD official exchange rate,market_repricing,bcb_sgs,daily,2005-06-17,2.3873,brl_per_usd
brl_usd,BRL/USD official exchange rate,market_repricing,bcb_sgs,daily,2005-06-20,2.3855,brl_per_usd
brl_usd,BRL/USD official exchange rate,market_repricing,bcb_sgs,daily,2005-06-21,2.3772,brl_per_usd
brl_usd,BRL/USD official exchange rate,market_repricing,bcb_sgs,daily,2005-06-22,2.3703,brl_per_usd
brl_usd,BRL/USD official exchange rate,market_repricing,bcb_sgs,daily,2005-06-23,2.3932,brl_per_usd
brl_usd,BRL/USD official exchange rate,market_repricing,bcb_sgs,daily,2005-06-24,2.3877,brl_per_usd
brl_usd,BRL/USD official exchange rate,market_repricing,bcb_sgs,daily,2005-06-27,2.383,brl_per_usd
brl_usd,BRL/USD official exchange rate,market_repricing,bcb_sgs,daily,2005-06-28,2.3694,brl_per_usd
brl_usd,BRL/USD official exchange rate,market_repricing,bcb_sgs,daily,2005-06-29,2.3549,brl_per_usd
brl_usd,BRL/USD official exchange rate,market_repricing,bcb_sgs,daily,2005-06-30,2.3504,brl_per_usd
brl_usd,BRL/USD official exchange rate,market_repricing,bcb_sgs,daily,2005-07-01,2.3459,brl_per_usd
brl_usd,BRL/USD official exchange rate,market_repricing,bcb_sgs,daily,2005-07-04,2.3715,brl_per_usd
brl_usd,BRL/USD official exchange rate,market_repricing,bcb_sgs,daily,2005-07-05,2.3668,brl_per_usd
brl_usd,BRL/USD official exchange rate,market_repricing,bcb_sgs,daily,2005-07-06,2.3901,brl_per_usd
brl_usd,BRL/USD official exchange rate,market_repricing,bcb_sgs,daily,2005-07-07,2.389,brl_per_usd
brl_usd,BRL/USD official exchange rate,market_repricing,bcb_sgs,daily,2005-07-08,2.3683,brl_per_usd
brl_usd,BRL/USD official exchange rate,market_repricing,bcb_sgs,daily,2005-07-11,2.3502,brl_per_usd
brl_usd,BRL/USD official exchange rate,market_repricing,bcb_sgs,daily,2005-07-12,2.3353,brl_per_usd
brl_usd,BRL/USD official exchange rate,market_repricing,bcb_sgs,daily,2005-07-13,2.3482,brl_per_usd
brl_usd,BRL/USD official exchange rate,market_repricing,bcb_sgs,daily,2005-07-14,2.3433,brl_per_usd
brl_usd,BRL/USD official exchange rate,market_repricing,bcb_sgs,daily,2005-07-15,2.3427,brl_per_usd
brl_usd,BRL/USD official exchange rate,market_repricing,bcb_sgs,daily,2005-07-18,2.3304,brl_per_usd
brl_usd,BRL/USD official exchange rate,market_repricing,bcb_sgs,daily,2005-07-19,2.3434,brl_per_usd
brl_usd,BRL/USD official exchange rate,market_repricing,bcb_sgs,daily,2005-07-20,2.3522,brl_per_usd
brl_usd,BRL/USD official exchange rate,market_repricing,bcb_sgs,daily,2005-07-21,2.3405,brl_per_usd
brl_usd,BRL/USD official exchange rate,market_repricing,bcb_sgs,daily,2005-07-22,2.3761,brl_per_usd
brl_usd,BRL/USD official exchange rate,market_repricing,bcb_sgs,daily,2005-07-25,2.4287,brl_per_usd
brl_usd,BRL/USD official exchange rate,market_repricing,bcb_sgs,daily,2005-07-26,2.4656,brl_per_usd
brl_usd,BRL/USD official exchange rate,market_repricing,bcb_sgs,daily,2005-07-27,2.4439,brl_per_usd
brl_usd,BRL/USD official exchange rate,market_repricing,bcb_sgs,daily,2005-07-28,2.4211,brl_per_usd
brl_usd,BRL/USD official exchange rate,market_repricing,bcb_sgs,daily,2005-07-29,2.3905,brl_per_usd
brl_usd,BRL/USD official exchange rate,market_repricing,bcb_sgs,daily,2005-08-01,2.3785,brl_per_usd
brl_usd,BRL/USD official exchange rate,market_repricing,bcb_sgs,daily,2005-08-02,2.353,brl_per_usd
brl_usd,BRL/USD official exchange rate,market_repricing,bcb_sgs,daily,2005-08-03,2.3151,brl_per_usd
brl_usd,BRL/USD official exchange rate,market_repricing,bcb_sgs,daily,2005-08-04,2.3054,brl_per_usd
brl_usd,BRL/USD official exchange rate,market_repricing,bcb_sgs,daily,2005-08-05,2.2986,brl_per_usd
brl_usd,BRL/USD official exchange rate,market_repricing,bcb_sgs,daily,2005-08-08,2.31,brl_per_usd
brl_usd,BRL/USD official exchange rate,market_repricing,bcb_sgs,daily,2005-08-09,2.3151,brl_per_usd
brl_usd,BRL/USD official exchange rate,market_repricing,bcb_sgs,daily,2005-08-10,2.2767,brl_per_usd
brl_usd,BRL/USD official exchange rate,market_repricing,bcb_sgs,daily,2005-08-11,2.3169,brl_per_usd
brl_usd,BRL/USD official exchange rate,market_repricing,bcb_sgs,daily,2005-08-12,2.3758,brl_per_usd
brl_usd,BRL/USD official exchange rate,market_repricing,bcb_sgs,daily,2005-08-15,2.3422,brl_per_usd
brl_usd,BRL/USD official exchange rate,market_repricing,bcb_sgs,daily,2005-08-16,2.3442,brl_per_usd
brl_usd,BRL/USD official exchange rate,market_repricing,bcb_sgs,daily,2005-08-17,2.3492,brl_per_usd
brl_usd,BRL/USD official exchange rate,market_repricing,bcb_sgs,daily,2005-08-18,2.3637,brl_per_usd
brl_usd,BRL/USD official exchange rate,market_repricing,bcb_sgs,daily,2005-08-19,2.4316,brl_per_usd
brl_usd,BRL/USD official exchange rate,market_repricing,bcb_sgs,daily,2005-08-22,2.4028,brl_per_usd
brl_usd,BRL/USD official exchange rate,market_repricing,bcb_sgs,daily,2005-08-23,2.4097,brl_per_usd
brl_usd,BRL/USD official exchange rate,market_repricing,bcb_sgs,daily,2005-08-24,2.4235,brl_per_usd
brl_usd,BRL/USD official exchange rate,market_repricing,bcb_sgs,daily,2005-08-25,2.4203,brl_per_usd
brl_usd,BRL/USD official exchange rate,market_repricing,bcb_sgs,daily,2005-08-26,2.4129,brl_per_usd
brl_usd,BRL/USD official exchange rate,market_repricing,bcb_sgs,daily,2005-08-29,2.3995,brl_per_usd
brl_usd,BRL/USD official exchange rate,market_repricing,bcb_sgs,daily,2005-08-30,2.3861,brl_per_usd
brl_usd,BRL/USD official exchange rate,market_repricing,bcb_sgs,daily,2005-08-31,2.3637,brl_per_usd
brl_usd,BRL/USD official exchange rate,market_repricing,bcb_sgs,daily,2005-09-01,2.3623,brl_per_usd
brl_usd,BRL/USD official exchange rate,market_repricing,bcb_sgs,daily,2005-09-02,2.3429,brl_per_usd
brl_usd,BRL/USD official exchange rate,market_repricing,bcb_sgs,daily,2005-09-05,2.3295,brl_per_usd
brl_usd,BRL/USD official exchange rate,market_repricing,bcb_sgs,daily,2005-09-06,2.3262,brl_per_usd
brl_usd,BRL/USD official exchange rate,market_repricing,bcb_sgs,daily,2005-09-08,2.3198,brl_per_usd
brl_usd,BRL/USD official exchange rate,market_repricing,bcb_sgs,daily,2005-09-09,2.3175,brl_per_usd
brl_usd,BRL/USD official exchange rate,market_repricing,bcb_sgs,daily,2005-09-12,2.3197,brl_per_usd
brl_usd,BRL/USD official exchange rate,market_repricing,bcb_sgs,daily,2005-09-13,2.3269,brl_per_usd
brl_usd,BRL/USD official exchange rate,market_repricing,bcb_sgs,daily,2005-09-14,2.33,brl_per_usd
brl_usd,BRL/USD official exchange rate,market_repricing,bcb_sgs,daily,2005-09-15,2.3012,brl_per_usd
brl_usd,BRL/USD official exchange rate,market_repricing,bcb_sgs,daily,2005-09-16,2.2937,brl_per_usd
brl_usd,BRL/USD official exchange rate,market_repricing,bcb_sgs,daily,2005-09-19,2.2905,brl_per_usd
brl_usd,BRL/USD official exchange rate,market_repricing,bcb_sgs,daily,2005-09-20,2.2948,brl_per_usd
brl_usd,BRL/USD official exchange rate,market_repricing,bcb_sgs,daily,2005-09-21,2.2827,brl_per_usd
brl_usd,BRL/USD official exchange rate,market_repricing,bcb_sgs,daily,2005-09-22,2.2752,brl_per_usd
brl_usd,BRL/USD official exchange rate,market_repricing,bcb_sgs,daily,2005-09-23,2.2682,brl_per_usd
brl_usd,BRL/USD official exchange rate,market_repricing,bcb_sgs,daily,2005-09-26,2.2583,brl_per_usd
brl_usd,BRL/USD official exchange rate,market_repricing,bcb_sgs,daily,2005-09-27,2.2533,brl_per_usd
brl_usd,BRL/USD official exchange rate,market_repricing,bcb_sgs,daily,2005-09-28,2.2433,brl_per_usd
brl_usd,BRL/USD official exchange rate,market_repricing,bcb_sgs,daily,2005-09-29,2.2244,brl_per_usd
brl_usd,BRL/USD official exchange rate,market_repricing,bcb_sgs,daily,2005-09-30,2.2222,brl_per_usd
brl_usd,BRL/USD official exchange rate,market_repricing,bcb_sgs,daily,2005-10-03,2.2339,brl_per_usd
brl_usd,BRL/USD official exchange rate,market_repricing,bcb_sgs,daily,2005-10-04,2.2424,brl_per_usd
brl_usd,BRL/USD official exchange rate,market_repricing,bcb_sgs,daily,2005-10-05,2.2685,brl_per_usd
brl_usd,BRL/USD official exchange rate,market_repricing,bcb_sgs,daily,2005-10-06,2.2886,brl_per_usd
brl_usd,BRL/USD official exchange rate,market_repricing,bcb_sgs,daily,2005-10-07,2.263,brl_per_usd
brl_usd,BRL/USD official exchange rate,market_repricing,bcb_sgs,daily,2005-10-10,2.2384,brl_per_usd
brl_usd,BRL/USD official exchange rate,market_repricing,bcb_sgs,daily,2005-10-11,2.2351,brl_per_usd
brl_usd,BRL/USD official exchange rate,market_repricing,bcb_sgs,daily,2005-10-13,2.2627,brl_per_usd
brl_usd,BRL/USD official exchange rate,market_repricing,bcb_sgs,daily,2005-10-14,2.2511,brl_per_usd
brl_usd,BRL/USD official exchange rate,market_repricing,bcb_sgs,daily,2005-10-17,2.2352,brl_per_usd
brl_usd,BRL/USD official exchange rate,market_repricing,bcb_sgs,daily,2005-10-18,2.2405,brl_per_usd
brl_usd,BRL/USD official exchange rate,market_repricing,bcb_sgs,daily,2005-10-19,2.2535,brl_per_usd
brl_usd,BRL/USD official exchange rate,market_repricing,bcb_sgs,daily,2005-10-20,2.2443,brl_per_usd
brl_usd,BRL/USD official exchange rate,market_repricing,bcb_sgs,daily,2005-10-21,2.2546,brl_per_usd
brl_usd,BRL/USD official exchange rate,market_repricing,bcb_sgs,daily,2005-10-24,2.2623,brl_per_usd
brl_usd,BRL/USD official exchange rate,market_repricing,bcb_sgs,daily,2005-10-25,2.2618,brl_per_usd
brl_usd,BRL/USD official exchange rate,market_repricing,bcb_sgs,daily,2005-10-26,2.2746,brl_per_usd
brl_usd,BRL/USD official exchange rate,market_repricing,bcb_sgs,daily,2005-10-27,2.2851,brl_per_usd
brl_usd,BRL/USD official exchange rate,market_repricing,bcb_sgs,daily,2005-10-28,2.2791,brl_per_usd
brl_usd,BRL/USD official exchange rate,market_repricing,bcb_sgs,daily,2005-10-31,2.2543,brl_per_usd
brl_usd,BRL/USD official exchange rate,market_repricing,bcb_sgs,daily,2005-11-01,2.2516,brl_per_usd
brl_usd,BRL/USD official exchange rate,market_repricing,bcb_sgs,daily,2005-11-03,2.2336,brl_per_usd
brl_usd,BRL/USD official exchange rate,market_repricing,bcb_sgs,daily,2005-11-04,2.2231,brl_per_usd
brl_usd,BRL/USD official exchange rate,market_repricing,bcb_sgs,daily,2005-11-07,2.2013,brl_per_usd
brl_usd,BRL/USD official exchange rate,market_repricing,bcb_sgs,daily,2005-11-08,2.2032,brl_per_usd
brl_usd,BRL/USD official exchange rate,market_repricing,bcb_sgs,daily,2005-11-09,2.1717,brl_per_usd
brl_usd,BRL/USD official exchange rate,market_repricing,bcb_sgs,daily,2005-11-10,2.1757,brl_per_usd
brl_usd,BRL/USD official exchange rate,market_repricing,bcb_sgs,daily,2005-11-11,2.1633,brl_per_usd
brl_usd,BRL/USD official exchange rate,market_repricing,bcb_sgs,daily,2005-11-14,2.199,brl_per_usd
brl_usd,BRL/USD official exchange rate,market_repricing,bcb_sgs,daily,2005-11-16,2.1974,brl_per_usd
brl_usd,BRL/USD official exchange rate,market_repricing,bcb_sgs,daily,2005-11-17,2.1866,brl_per_usd
brl_usd,BRL/USD official exchange rate,market_repricing,bcb_sgs,daily,2005-11-18,2.2187,brl_per_usd
brl_usd,BRL/USD official exchange rate,market_repricing,bcb_sgs,daily,2005-11-21,2.2181,brl_per_usd
brl_usd,BRL/USD official exchange rate,market_repricing,bcb_sgs,daily,2005-11-22,2.2511,brl_per_usd
brl_usd,BRL/USD official exchange rate,market_repricing,bcb_sgs,daily,2005-11-23,2.238,brl_per_usd
brl_usd,BRL/USD official exchange rate,market_repricing,bcb_sgs,daily,2005-11-24,2.237,brl_per_usd
brl_usd,BRL/USD official exchange rate,market_repricing,bcb_sgs,daily,2005-11-25,2.2329,brl_per_usd
brl_usd,BRL/USD official exchange rate,market_repricing,bcb_sgs,daily,2005-11-28,2.2094,brl_per_usd
brl_usd,BRL/USD official exchange rate,market_repricing,bcb_sgs,daily,2005-11-29,2.198,brl_per_usd
brl_usd,BRL/USD official exchange rate,market_repricing,bcb_sgs,daily,2005-11-30,2.207,brl_per_usd
brl_usd,BRL/USD official exchange rate,market_repricing,bcb_sgs,daily,2005-12-01,2.2177,brl_per_usd
brl_usd,BRL/USD official exchange rate,market_repricing,bcb_sgs,daily,2005-12-02,2.2061,brl_per_usd
brl_usd,BRL/USD official exchange rate,market_repricing,bcb_sgs,daily,2005-12-05,2.1968,brl_per_usd
brl_usd,BRL/USD official exchange rate,market_repricing,bcb_sgs,daily,2005-12-06,2.1807,brl_per_usd
brl_usd,BRL/USD official exchange rate,market_repricing,bcb_sgs,daily,2005-12-07,2.18,brl_per_usd
brl_usd,BRL/USD official exchange rate,market_repricing,bcb_sgs,daily,2005-12-08,2.2127,brl_per_usd
brl_usd,BRL/USD official exchange rate,market_repricing,bcb_sgs,daily,2005-12-09,2.2446,brl_per_usd
brl_usd,BRL/USD official exchange rate,market_repricing,bcb_sgs,daily,2005-12-12,2.2634,brl_per_usd
brl_usd,BRL/USD official exchange rate,market_repricing,bcb_sgs,daily,2005-12-13,2.2565,brl_per_usd
brl_usd,BRL/USD official exchange rate,market_repricing,bcb_sgs,daily,2005-12-14,2.2779,brl_per_usd
brl_usd,BRL/USD official exchange rate,market_repricing,bcb_sgs,daily,2005-12-15,2.2957,brl_per_usd
brl_usd,BRL/USD official exchange rate,market_repricing,bcb_sgs,daily,2005-12-16,2.3356,brl_per_usd
brl_usd,BRL/USD official exchange rate,market_repricing,bcb_sgs,daily,2005-12-19,2.3735,brl_per_usd
brl_usd,BRL/USD official exchange rate,market_repricing,bcb_sgs,daily,2005-12-20,2.3497,brl_per_usd
brl_usd,BRL/USD official exchange rate,market_repricing,bcb_sgs,daily,2005-12-21,2.3168,brl_per_usd
brl_usd,BRL/USD official exchange rate,market_repricing,bcb_sgs,daily,2005-12-22,2.3254,brl_per_usd
brl_usd,BRL/USD official exchange rate,market_repricing,bcb_sgs,daily,2005-12-23,2.3327,brl_per_usd
brl_usd,BRL/USD official exchange rate,market_repricing,bcb_sgs,daily,2005-12-26,2.3325,brl_per_usd
brl_usd,BRL/USD official exchange rate,market_repricing,bcb_sgs,daily,2005-12-27,2.3526,brl_per_usd
brl_usd,BRL/USD official exchange rate,market_repricing,bcb_sgs,daily,2005-12-28,2.3483,brl_per_usd
brl_usd,BRL/USD official exchange rate,market_repricing,bcb_sgs,daily,2005-12-29,2.3407,brl_per_usd
brl_usd,BRL/USD official exchange rate,market_repricing,bcb_sgs,daily,2005-12-30,2.3407,brl_per_usd
brl_usd,BRL/USD official exchange rate,market_repricing,bcb_sgs,daily,2006-01-02,2.337,brl_per_usd
brl_usd,BRL/USD official exchange rate,market_repricing,bcb_sgs,daily,2006-01-03,2.346,brl_per_usd
brl_usd,BRL/USD official exchange rate,market_repricing,bcb_sgs,daily,2006-01-04,2.3066,brl_per_usd
brl_usd,BRL/USD official exchange rate,market_repricing,bcb_sgs,daily,2006-01-05,2.2825,brl_per_usd
brl_usd,BRL/USD official exchange rate,market_repricing,bcb_sgs,daily,2006-01-06,2.287,brl_per_usd
brl_usd,BRL/USD official exchange rate,market_repricing,bcb_sgs,daily,2006-01-09,2.2632,brl_per_usd
brl_usd,BRL/USD official exchange rate,market_repricing,bcb_sgs,daily,2006-01-10,2.2638,brl_per_usd
brl_usd,BRL/USD official exchange rate,market_repricing,bcb_sgs,daily,2006-01-11,2.2679,brl_per_usd
brl_usd,BRL/USD official exchange rate,market_repricing,bcb_sgs,daily,2006-01-12,2.2729,brl_per_usd
brl_usd,BRL/USD official exchange rate,market_repricing,bcb_sgs,daily,2006-01-13,2.2747,brl_per_usd
brl_usd,BRL/USD official exchange rate,market_repricing,bcb_sgs,daily,2006-01-16,2.2762,brl_per_usd
brl_usd,BRL/USD official exchange rate,market_repricing,bcb_sgs,daily,2006-01-17,2.2924,brl_per_usd
brl_usd,BRL/USD official exchange rate,market_repricing,bcb_sgs,daily,2006-01-18,2.3276,brl_per_usd
brl_usd,BRL/USD official exchange rate,market_repricing,bcb_sgs,daily,2006-01-19,2.3225,brl_per_usd
brl_usd,BRL/USD official exchange rate,market_repricing,bcb_sgs,daily,2006-01-20,2.2756,brl_per_usd
brl_usd,BRL/USD official exchange rate,market_repricing,bcb_sgs,daily,2006-01-23,2.2609,brl_per_usd
brl_usd,BRL/USD official exchange rate,market_repricing,bcb_sgs,daily,2006-01-24,2.244,brl_per_usd
brl_usd,BRL/USD official exchange rate,market_repricing,bcb_sgs,daily,2006-01-25,2.2433,brl_per_usd
brl_usd,BRL/USD official exchange rate,market_repricing,bcb_sgs,daily,2006-01-26,2.2382,brl_per_usd
brl_usd,BRL/USD official exchange rate,market_repricing,bcb_sgs,daily,2006-01-27,2.2152,brl_per_usd
brl_usd,BRL/USD official exchange rate,market_repricing,bcb_sgs,daily,2006-01-30,2.2116,brl_per_usd
brl_usd,BRL/USD official exchange rate,market_repricing,bcb_sgs,daily,2006-01-31,2.216,brl_per_usd
brl_usd,BRL/USD official exchange rate,market_repricing,bcb_sgs,daily,2006-02-01,2.2217,brl_per_usd
brl_usd,BRL/USD official exchange rate,market_repricing,bcb_sgs,daily,2006-02-02,2.221,brl_per_usd
brl_usd,BRL/USD official exchange rate,market_repricing,bcb_sgs,daily,2006-02-03,2.2202,brl_per_usd
brl_usd,BRL/USD official exchange rate,market_repricing,bcb_sgs,daily,2006-02-06,2.1877,brl_per_usd
brl_usd,BRL/USD official exchange rate,market_repricing,bcb_sgs,daily,2006-02-07,2.1866,brl_per_usd
brl_usd,BRL/USD official exchange rate,market_repricing,bcb_sgs,daily,2006-02-08,2.1956,brl_per_usd
brl_usd,BRL/USD official exchange rate,market_repricing,bcb_sgs,daily,2006-02-09,2.1778,brl_per_usd
brl_usd,BRL/USD official exchange rate,market_repricing,bcb_sgs,daily,2006-02-10,2.1575,brl_per_usd
brl_usd,BRL/USD official exchange rate,market_repricing,bcb_sgs,daily,2006-02-13,2.1621,brl_per_usd
brl_usd,BRL/USD official exchange rate,market_repricing,bcb_sgs,daily,2006-02-14,2.1435,brl_per_usd
brl_usd,BRL/USD official exchange rate,market_repricing,bcb_sgs,daily,2006-02-15,2.1375,brl_per_usd
brl_usd,BRL/USD official exchange rate,market_repricing,bcb_sgs,daily,2006-02-16,2.1177,brl_per_usd
brl_usd,BRL/USD official exchange rate,market_repricing,bcb_sgs,daily,2006-02-17,2.1186,brl_per_usd
brl_usd,BRL/USD official exchange rate,market_repricing,bcb_sgs,daily,2006-02-20,2.1182,brl_per_usd
brl_usd,BRL/USD official exchange rate,market_repricing,bcb_sgs,daily,2006-02-21,2.1297,brl_per_usd
brl_usd,BRL/USD official exchange rate,market_repricing,bcb_sgs,daily,2006-02-22,2.1484,brl_per_usd
brl_usd,BRL/USD official exchange rate,market_repricing,bcb_sgs,daily,2006-02-23,2.1353,brl_per_usd
brl_usd,BRL/USD official exchange rate,market_repricing,bcb_sgs,daily,2006-02-24,2.1355,brl_per_usd
brl_usd,BRL/USD official exchange rate,market_repricing,bcb_sgs,daily,2006-03-01,2.1181,brl_per_usd
brl_usd,BRL/USD official exchange rate,market_repricing,bcb_sgs,daily,2006-03-02,2.1134,brl_per_usd
brl_usd,BRL/USD official exchange rate,market_repricing,bcb_sgs,daily,2006-03-03,2.1155,brl_per_usd
brl_usd,BRL/USD official exchange rate,market_repricing,bcb_sgs,daily,2006-03-06,2.1261,brl_per_usd
brl_usd,BRL/USD official exchange rate,market_repricing,bcb_sgs,daily,2006-03-07,2.1682,brl_per_usd
brl_usd,BRL/USD official exchange rate,market_repricing,bcb_sgs,daily,2006-03-08,2.1778,brl_per_usd
brl_usd,BRL/USD official exchange rate,market_repricing,bcb_sgs,daily,2006-03-09,2.1615,brl_per_usd
brl_usd,BRL/USD official exchange rate,market_repricing,bcb_sgs,daily,2006-03-10,2.1447,brl_per_usd
brl_usd,BRL/USD official exchange rate,market_repricing,bcb_sgs,daily,2006-03-13,2.1349,brl_per_usd
brl_usd,BRL/USD official exchange rate,market_repricing,bcb_sgs,daily,2006-03-14,2.1269,brl_per_usd
brl_usd,BRL/USD official exchange rate,market_repricing,bcb_sgs,daily,2006-03-15,2.1215,brl_per_usd
brl_usd,BRL/USD official exchange rate,market_repricing,bcb_sgs,daily,2006-03-16,2.1067,brl_per_usd
brl_usd,BRL/USD official exchange rate,market_repricing,bcb_sgs,daily,2006-03-17,2.1188,brl_per_usd
brl_usd,BRL/USD official exchange rate,market_repricing,bcb_sgs,daily,2006-03-20,2.1386,brl_per_usd
brl_usd,BRL/USD official exchange rate,market_repricing,bcb_sgs,daily,2006-03-21,2.1591,brl_per_usd
brl_usd,BRL/USD official exchange rate,market_repricing,bcb_sgs,daily,2006-03-22,2.1553,brl_per_usd
brl_usd,BRL/USD official exchange rate,market_repricing,bcb_sgs,daily,2006-03-23,2.1506,brl_per_usd
brl_usd,BRL/USD official exchange rate,market_repricing,bcb_sgs,daily,2006-03-24,2.1628,brl_per_usd
brl_usd,BRL/USD official exchange rate,market_repricing,bcb_sgs,daily,2006-03-27,2.1804,brl_per_usd
brl_usd,BRL/USD official exchange rate,market_repricing,bcb_sgs,daily,2006-03-28,2.2238,brl_per_usd
brl_usd,BRL/USD official exchange rate,market_repricing,bcb_sgs,daily,2006-03-29,2.2228,brl_per_usd
brl_usd,BRL/USD official exchange rate,market_repricing,bcb_sgs,daily,2006-03-30,2.1952,brl_per_usd
brl_usd,BRL/USD official exchange rate,market_repricing,bcb_sgs,daily,2006-03-31,2.1724,brl_per_usd
brl_usd,BRL/USD official exchange rate,market_repricing,bcb_sgs,daily,2006-04-03,2.1542,brl_per_usd
brl_usd,BRL/USD official exchange rate,market_repricing,bcb_sgs,daily,2006-04-04,2.1293,brl_per_usd
brl_usd,BRL/USD official exchange rate,market_repricing,bcb_sgs,daily,2006-04-05,2.1344,brl_per_usd
brl_usd,BRL/USD official exchange rate,market_repricing,bcb_sgs,daily,2006-04-06,2.1299,brl_per_usd
brl_usd,BRL/USD official exchange rate,market_repricing,bcb_sgs,daily,2006-04-07,2.1409,brl_per_usd
brl_usd,BRL/USD official exchange rate,market_repricing,bcb_sgs,daily,2006-04-10,2.1522,brl_per_usd
brl_usd,BRL/USD official exchange rate,market_repricing,bcb_sgs,daily,2006-04-11,2.142,brl_per_usd
brl_usd,BRL/USD official exchange rate,market_repricing,bcb_sgs,daily,2006-04-12,2.1336,brl_per_usd
brl_usd,BRL/USD official exchange rate,market_repricing,bcb_sgs,daily,2006-04-13,2.1426,brl_per_usd
brl_usd,BRL/USD official exchange rate,market_repricing,bcb_sgs,daily,2006-04-17,2.1343,brl_per_usd
brl_usd,BRL/USD official exchange rate,market_repricing,bcb_sgs,daily,2006-04-18,2.1292,brl_per_usd
brl_usd,BRL/USD official exchange rate,market_repricing,bcb_sgs,daily,2006-04-19,2.1143,brl_per_usd
brl_usd,BRL/USD official exchange rate,market_repricing,bcb_sgs,daily,2006-04-20,2.1236,brl_per_usd
brl_usd,BRL/USD official exchange rate,market_repricing,bcb_sgs,daily,2006-04-24,2.1182,brl_per_usd
brl_usd,BRL/USD official exchange rate,market_repricing,bcb_sgs,daily,2006-04-25,2.1233,brl_per_usd
brl_usd,BRL/USD official exchange rate,market_repricing,bcb_sgs,daily,2006-04-26,2.1224,brl_per_usd
brl_usd,BRL/USD official exchange rate,market_repricing,bcb_sgs,daily,2006-04-27,2.1136,brl_per_usd
brl_usd,BRL/USD official exchange rate,market_repricing,bcb_sgs,daily,2006-04-28,2.0892,brl_per_usd
brl_usd,BRL/USD official exchange rate,market_repricing,bcb_sgs,daily,2006-05-02,2.0718,brl_per_usd
brl_usd,BRL/USD official exchange rate,market_repricing,bcb_sgs,daily,2006-05-03,2.0706,brl_per_usd
brl_usd,BRL/USD official exchange rate,market_repricing,bcb_sgs,daily,2006-05-04,2.0667,brl_per_usd
brl_usd,BRL/USD official exchange rate,market_repricing,bcb_sgs,daily,2006-05-05,2.0587,brl_per_usd
brl_usd,BRL/USD official exchange rate,market_repricing,bcb_sgs,daily,2006-05-08,2.0651,brl_per_usd
brl_usd,BRL/USD official exchange rate,market_repricing,bcb_sgs,daily,2006-05-09,2.0642,brl_per_usd
brl_usd,BRL/USD official exchange rate,market_repricing,bcb_sgs,daily,2006-05-10,2.0586,brl_per_usd
brl_usd,BRL/USD official exchange rate,market_repricing,bcb_sgs,daily,2006-05-11,2.0881,brl_per_usd
brl_usd,BRL/USD official exchange rate,market_repricing,bcb_sgs,daily,2006-05-12,2.1307,brl_per_usd
brl_usd,BRL/USD official exchange rate,market_repricing,bcb_sgs,daily,2006-05-15,2.1774,brl_per_usd
brl_usd,BRL/USD official exchange rate,market_repricing,bcb_sgs,daily,2006-05-16,2.1403,brl_per_usd
brl_usd,BRL/USD official exchange rate,market_repricing,bcb_sgs,daily,2006-05-17,2.1826,brl_per_usd
brl_usd,BRL/USD official exchange rate,market_repricing,bcb_sgs,daily,2006-05-18,2.1833,brl_per_usd
brl_usd,BRL/USD official exchange rate,market_repricing,bcb_sgs,daily,2006-05-19,2.193,brl_per_usd
brl_usd,BRL/USD official exchange rate,market_repricing,bcb_sgs,daily,2006-05-22,2.2883,brl_per_usd
brl_usd,BRL/USD official exchange rate,market_repricing,bcb_sgs,daily,2006-05-23,2.2601,brl_per_usd
brl_usd,BRL/USD official exchange rate,market_repricing,bcb_sgs,daily,2006-05-24,2.3711,brl_per_usd
brl_usd,BRL/USD official exchange rate,market_repricing,bcb_sgs,daily,2006-05-25,2.315,brl_per_usd
brl_usd,BRL/USD official exchange rate,market_repricing,bcb_sgs,daily,2006-05-26,2.252,brl_per_usd
brl_usd,BRL/USD official exchange rate,market_repricing,bcb_sgs,daily,2006-05-29,2.2566,brl_per_usd
brl_usd,BRL/USD official exchange rate,market_repricing,bcb_sgs,daily,2006-05-30,2.3235,brl_per_usd
brl_usd,BRL/USD official exchange rate,market_repricing,bcb_sgs,daily,2006-05-31,2.3005,brl_per_usd
brl_usd,BRL/USD official exchange rate,market_repricing,bcb_sgs,daily,2006-06-01,2.2713,brl_per_usd
brl_usd,BRL/USD official exchange rate,market_repricing,bcb_sgs,daily,2006-06-02,2.2595,brl_per_usd
brl_usd,BRL/USD official exchange rate,market_repricing,bcb_sgs,daily,2006-06-05,2.2557,brl_per_usd
brl_usd,BRL/USD official exchange rate,market_repricing,bcb_sgs,daily,2006-06-06,2.2686,brl_per_usd
brl_usd,BRL/USD official exchange rate,market_repricing,bcb_sgs,daily,2006-06-07,2.25,brl_per_usd
brl_usd,BRL/USD official exchange rate,market_repricing,bcb_sgs,daily,2006-06-08,2.2701,brl_per_usd
brl_usd,BRL/USD official exchange rate,market_repricing,bcb_sgs,daily,2006-06-09,2.2615,brl_per_usd
brl_usd,BRL/USD official exchange rate,market_repricing,bcb_sgs,daily,2006-06-12,2.2707,brl_per_usd
brl_usd,BRL/USD official exchange rate,market_repricing,bcb_sgs,daily,2006-06-13,2.3018,brl_per_usd
brl_usd,BRL/USD official exchange rate,market_repricing,bcb_sgs,daily,2006-06-14,2.2845,brl_per_usd
brl_usd,BRL/USD official exchange rate,market_repricing,bcb_sgs,daily,2006-06-16,2.2521,brl_per_usd
brl_usd,BRL/USD official exchange rate,market_repricing,bcb_sgs,daily,2006-06-19,2.2404,brl_per_usd
brl_usd,BRL/USD official exchange rate,market_repricing,bcb_sgs,daily,2006-06-20,2.2506,brl_per_usd
brl_usd,BRL/USD official exchange rate,market_repricing,bcb_sgs,daily,2006-06-21,2.2378,brl_per_usd
brl_usd,BRL/USD official exchange rate,market_repricing,bcb_sgs,daily,2006-06-22,2.2391,brl_per_usd
brl_usd,BRL/USD official exchange rate,market_repricing,bcb_sgs,daily,2006-06-23,2.2462,brl_per_usd
brl_usd,BRL/USD official exchange rate,market_repricing,bcb_sgs,daily,2006-06-26,2.2259,brl_per_usd
brl_usd,BRL/USD official exchange rate,market_repricing,bcb_sgs,daily,2006-06-27,2.2315,brl_per_usd
brl_usd,BRL/USD official exchange rate,market_repricing,bcb_sgs,daily,2006-06-28,2.2262,brl_per_usd
brl_usd,BRL/USD official exchange rate,market_repricing,bcb_sgs,daily,2006-06-29,2.2063,brl_per_usd
brl_usd,BRL/USD official exchange rate,market_repricing,bcb_sgs,daily,2006-06-30,2.1643,brl_per_usd
brl_usd,BRL/USD official exchange rate,market_repricing,bcb_sgs,daily,2006-07-03,2.1701,brl_per_usd
brl_usd,BRL/USD official exchange rate,market_repricing,bcb_sgs,daily,2006-07-04,2.1646,brl_per_usd
brl_usd,BRL/USD official exchange rate,market_repricing,bcb_sgs,daily,2006-07-05,2.1955,brl_per_usd
brl_usd,BRL/USD official exchange rate,market_repricing,bcb_sgs,daily,2006-07-06,2.184,brl_per_usd
brl_usd,BRL/USD official exchange rate,market_repricing,bcb_sgs,daily,2006-07-07,2.1765,brl_per_usd
brl_usd,BRL/USD official exchange rate,market_repricing,bcb_sgs,daily,2006-07-10,2.175,brl_per_usd
brl_usd,BRL/USD official exchange rate,market_repricing,bcb_sgs,daily,2006-07-11,2.1859,brl_per_usd
brl_usd,BRL/USD official exchange rate,market_repricing,bcb_sgs,daily,2006-07-12,2.1915,brl_per_usd
brl_usd,BRL/USD official exchange rate,market_repricing,bcb_sgs,daily,2006-07-13,2.2106,brl_per_usd
brl_usd,BRL/USD official exchange rate,market_repricing,bcb_sgs,daily,2006-07-14,2.213,brl_per_usd
brl_usd,BRL/USD official exchange rate,market_repricing,bcb_sgs,daily,2006-07-17,2.2126,brl_per_usd
brl_usd,BRL/USD official exchange rate,market_repricing,bcb_sgs,daily,2006-07-18,2.1962,brl_per_usd
brl_usd,BRL/USD official exchange rate,market_repricing,bcb_sgs,daily,2006-07-19,2.181,brl_per_usd
brl_usd,BRL/USD official exchange rate,market_repricing,bcb_sgs,daily,2006-07-20,2.1895,brl_per_usd
brl_usd,BRL/USD official exchange rate,market_repricing,bcb_sgs,daily,2006-07-21,2.1935,brl_per_usd
brl_usd,BRL/USD official exchange rate,market_repricing,bcb_sgs,daily,2006-07-24,2.1916,brl_per_usd
brl_usd,BRL/USD official exchange rate,market_repricing,bcb_sgs,daily,2006-07-25,2.1993,brl_per_usd
brl_usd,BRL/USD official exchange rate,market_repricing,bcb_sgs,daily,2006-07-26,2.1984,brl_per_usd
brl_usd,BRL/USD official exchange rate,market_repricing,bcb_sgs,daily,2006-07-27,2.1899,brl_per_usd
brl_usd,BRL/USD official exchange rate,market_repricing,bcb_sgs,daily,2006-07-28,2.18,brl_per_usd
brl_usd,BRL/USD official exchange rate,market_repricing,bcb_sgs,daily,2006-07-31,2.1762,brl_per_usd
brl_usd,BRL/USD official exchange rate,market_repricing,bcb_sgs,daily,2006-08-01,2.1905,brl_per_usd
brl_usd,BRL/USD official exchange rate,market_repricing,bcb_sgs,daily,2006-08-02,2.1821,brl_per_usd
brl_usd,BRL/USD official exchange rate,market_repricing,bcb_sgs,daily,2006-08-03,2.1835,brl_per_usd
brl_usd,BRL/USD official exchange rate,market_repricing,bcb_sgs,daily,2006-08-04,2.172,brl_per_usd
brl_usd,BRL/USD official exchange rate,market_repricing,bcb_sgs,daily,2006-08-07,2.1793,brl_per_usd
brl_usd,BRL/USD official exchange rate,market_repricing,bcb_sgs,daily,2006-08-08,2.1839,brl_per_usd
brl_usd,BRL/USD official exchange rate,market_repricing,bcb_sgs,daily,2006-08-09,2.1687,brl_per_usd
brl_usd,BRL/USD official exchange rate,market_repricing,bcb_sgs,daily,2006-08-10,2.1628,brl_per_usd
brl_usd,BRL/USD official exchange rate,market_repricing,bcb_sgs,daily,2006-08-11,2.1616,brl_per_usd
brl_usd,BRL/USD official exchange rate,market_repricing,bcb_sgs,daily,2006-08-14,2.1605,brl_per_usd
brl_usd,BRL/USD official exchange rate,market_repricing,bcb_sgs,daily,2006-08-15,2.148,brl_per_usd
brl_usd,BRL/USD official exchange rate,market_repricing,bcb_sgs,daily,2006-08-16,2.1329,brl_per_usd
brl_usd,BRL/USD official exchange rate,market_repricing,bcb_sgs,daily,2006-08-17,2.1365,brl_per_usd
brl_usd,BRL/USD official exchange rate,market_repricing,bcb_sgs,daily,2006-08-18,2.1456,brl_per_usd
brl_usd,BRL/USD official exchange rate,market_repricing,bcb_sgs,daily,2006-08-21,2.1361,brl_per_usd
brl_usd,BRL/USD official exchange rate,market_repricing,bcb_sgs,daily,2006-08-22,2.1355,brl_per_usd
brl_usd,BRL/USD official exchange rate,market_repricing,bcb_sgs,daily,2006-08-23,2.1354,brl_per_usd
brl_usd,BRL/USD official exchange rate,market_repricing,bcb_sgs,daily,2006-08-24,2.1523,brl_per_usd
brl_usd,BRL/USD official exchange rate,market_repricing,bcb_sgs,daily,2006-08-25,2.1571,brl_per_usd
brl_usd,BRL/USD official exchange rate,market_repricing,bcb_sgs,daily,2006-08-28,2.1473,brl_per_usd
brl_usd,BRL/USD official exchange rate,market_repricing,bcb_sgs,daily,2006-08-29,2.1419,brl_per_usd
brl_usd,BRL/USD official exchange rate,market_repricing,bcb_sgs,daily,2006-08-30,2.133,brl_per_usd
brl_usd,BRL/USD official exchange rate,market_repricing,bcb_sgs,daily,2006-08-31,2.1388,brl_per_usd
brl_usd,BRL/USD official exchange rate,market_repricing,bcb_sgs,daily,2006-09-01,2.1468,brl_per_usd
brl_usd,BRL/USD official exchange rate,market_repricing,bcb_sgs,daily,2006-09-04,2.1282,brl_per_usd
brl_usd,BRL/USD official exchange rate,market_repricing,bcb_sgs,daily,2006-09-05,2.1288,brl_per_usd
brl_usd,BRL/USD official exchange rate,market_repricing,bcb_sgs,daily,2006-09-06,2.1443,brl_per_usd
brl_usd,BRL/USD official exchange rate,market_repricing,bcb_sgs,daily,2006-09-08,2.1582,brl_per_usd
brl_usd,BRL/USD official exchange rate,market_repricing,bcb_sgs,daily,2006-09-11,2.1751,brl_per_usd
brl_usd,BRL/USD official exchange rate,market_repricing,bcb_sgs,daily,2006-09-12,2.1732,brl_per_usd
brl_usd,BRL/USD official exchange rate,market_repricing,bcb_sgs,daily,2006-09-13,2.17,brl_per_usd
brl_usd,BRL/USD official exchange rate,market_repricing,bcb_sgs,daily,2006-09-14,2.1593,brl_per_usd
brl_usd,BRL/USD official exchange rate,market_repricing,bcb_sgs,daily,2006-09-15,2.154,brl_per_usd
brl_usd,BRL/USD official exchange rate,market_repricing,bcb_sgs,daily,2006-09-18,2.1453,brl_per_usd
brl_usd,BRL/USD official exchange rate,market_repricing,bcb_sgs,daily,2006-09-19,2.1518,brl_per_usd
brl_usd,BRL/USD official exchange rate,market_repricing,bcb_sgs,daily,2006-09-20,2.169,brl_per_usd
brl_usd,BRL/USD official exchange rate,market_repricing,bcb_sgs,daily,2006-09-21,2.1969,brl_per_usd
brl_usd,BRL/USD official exchange rate,market_repricing,bcb_sgs,daily,2006-09-22,2.2177,brl_per_usd
brl_usd,BRL/USD official exchange rate,market_repricing,bcb_sgs,daily,2006-09-25,2.2188,brl_per_usd
brl_usd,BRL/USD official exchange rate,market_repricing,bcb_sgs,daily,2006-09-26,2.198,brl_per_usd
brl_usd,BRL/USD official exchange rate,market_repricing,bcb_sgs,daily,2006-09-27,2.186,brl_per_usd
brl_usd,BRL/USD official exchange rate,market_repricing,bcb_sgs,daily,2006-09-28,2.1793,brl_per_usd
brl_usd,BRL/USD official exchange rate,market_repricing,bcb_sgs,daily,2006-09-29,2.1742,brl_per_usd
brl_usd,BRL/USD official exchange rate,market_repricing,bcb_sgs,daily,2006-10-02,2.1623,brl_per_usd
brl_usd,BRL/USD official exchange rate,market_repricing,bcb_sgs,daily,2006-10-03,2.1655,brl_per_usd
brl_usd,BRL/USD official exchange rate,market_repricing,bcb_sgs,daily,2006-10-04,2.1676,brl_per_usd
brl_usd,BRL/USD official exchange rate,market_repricing,bcb_sgs,daily,2006-10-05,2.1629,brl_per_usd
brl_usd,BRL/USD official exchange rate,market_repricing,bcb_sgs,daily,2006-10-06,2.1636,brl_per_usd
brl_usd,BRL/USD official exchange rate,market_repricing,bcb_sgs,daily,2006-10-09,2.1588,brl_per_usd
brl_usd,BRL/USD official exchange rate,market_repricing,bcb_sgs,daily,2006-10-10,2.1497,brl_per_usd
brl_usd,BRL/USD official exchange rate,market_repricing,bcb_sgs,daily,2006-10-11,2.1546,brl_per_usd
brl_usd,BRL/USD official exchange rate,market_repricing,bcb_sgs,daily,2006-10-13,2.1419,brl_per_usd
brl_usd,BRL/USD official exchange rate,market_repricing,bcb_sgs,daily,2006-10-16,2.1331,brl_per_usd
brl_usd,BRL/USD official exchange rate,market_repricing,bcb_sgs,daily,2006-10-17,2.1361,brl_per_usd
brl_usd,BRL/USD official exchange rate,market_repricing,bcb_sgs,daily,2006-10-18,2.1339,brl_per_usd
brl_usd,BRL/USD official exchange rate,market_repricing,bcb_sgs,daily,2006-10-19,2.1387,brl_per_usd
brl_usd,BRL/USD official exchange rate,market_repricing,bcb_sgs,daily,2006-10-20,2.1457,brl_per_usd
brl_usd,BRL/USD official exchange rate,market_repricing,bcb_sgs,daily,2006-10-23,2.1391,brl_per_usd
brl_usd,BRL/USD official exchange rate,market_repricing,bcb_sgs,daily,2006-10-24,2.1467,brl_per_usd
brl_usd,BRL/USD official exchange rate,market_repricing,bcb_sgs,daily,2006-10-25,2.151,brl_per_usd
brl_usd,BRL/USD official exchange rate,market_repricing,bcb_sgs,daily,2006-10-26,2.1363,brl_per_usd
brl_usd,BRL/USD official exchange rate,market_repricing,bcb_sgs,daily,2006-10-27,2.1378,brl_per_usd
brl_usd,BRL/USD official exchange rate,market_repricing,bcb_sgs,daily,2006-10-30,2.1456,brl_per_usd
brl_usd,BRL/USD official exchange rate,market_repricing,bcb_sgs,daily,2006-10-31,2.143,brl_per_usd
brl_usd,BRL/USD official exchange rate,market_repricing,bcb_sgs,daily,2006-11-01,2.141,brl_per_usd
brl_usd,BRL/USD official exchange rate,market_repricing,bcb_sgs,daily,2006-11-03,2.142,brl_per_usd
brl_usd,BRL/USD official exchange rate,market_repricing,bcb_sgs,daily,2006-11-06,2.1378,brl_per_usd
brl_usd,BRL/USD official exchange rate,market_repricing,bcb_sgs,daily,2006-11-07,2.1353,brl_per_usd
brl_usd,BRL/USD official exchange rate,market_repricing,bcb_sgs,daily,2006-11-08,2.1464,brl_per_usd
brl_usd,BRL/USD official exchange rate,market_repricing,bcb_sgs,daily,2006-11-09,2.1412,brl_per_usd
brl_usd,BRL/USD official exchange rate,market_repricing,bcb_sgs,daily,2006-11-10,2.1489,brl_per_usd
brl_usd,BRL/USD official exchange rate,market_repricing,bcb_sgs,daily,2006-11-13,2.162,brl_per_usd
brl_usd,BRL/USD official exchange rate,market_repricing,bcb_sgs,daily,2006-11-14,2.1537,brl_per_usd
brl_usd,BRL/USD official exchange rate,market_repricing,bcb_sgs,daily,2006-11-16,2.1517,brl_per_usd
brl_usd,BRL/USD official exchange rate,market_repricing,bcb_sgs,daily,2006-11-17,2.1593,brl_per_usd
brl_usd,BRL/USD official exchange rate,market_repricing,bcb_sgs,daily,2006-11-20,2.1622,brl_per_usd
brl_usd,BRL/USD official exchange rate,market_repricing,bcb_sgs,daily,2006-11-21,2.1638,brl_per_usd
brl_usd,BRL/USD official exchange rate,market_repricing,bcb_sgs,daily,2006-11-22,2.1623,brl_per_usd
brl_usd,BRL/USD official exchange rate,market_repricing,bcb_sgs,daily,2006-11-23,2.1683,brl_per_usd
brl_usd,BRL/USD official exchange rate,market_repricing,bcb_sgs,daily,2006-11-24,2.17,brl_per_usd
brl_usd,BRL/USD official exchange rate,market_repricing,bcb_sgs,daily,2006-11-27,2.18,brl_per_usd
brl_usd,BRL/USD official exchange rate,market_repricing,bcb_sgs,daily,2006-11-28,2.187,brl_per_usd
brl_usd,BRL/USD official exchange rate,market_repricing,bcb_sgs,daily,2006-11-29,2.1783,brl_per_usd
brl_usd,BRL/USD official exchange rate,market_repricing,bcb_sgs,daily,2006-11-30,2.1668,brl_per_usd
brl_usd,BRL/USD official exchange rate,market_repricing,bcb_sgs,daily,2006-12-01,2.1672,brl_per_usd
brl_usd,BRL/USD official exchange rate,market_repricing,bcb_sgs,daily,2006-12-04,2.1693,brl_per_usd
brl_usd,BRL/USD official exchange rate,market_repricing,bcb_sgs,daily,2006-12-05,2.156,brl_per_usd
brl_usd,BRL/USD official exchange rate,market_repricing,bcb_sgs,daily,2006-12-06,2.1528,brl_per_usd
brl_usd,BRL/USD official exchange rate,market_repricing,bcb_sgs,daily,2006-12-07,2.1428,brl_per_usd
brl_usd,BRL/USD official exchange rate,market_repricing,bcb_sgs,daily,2006-12-08,2.1442,brl_per_usd
brl_usd,BRL/USD official exchange rate,market_repricing,bcb_sgs,daily,2006-12-11,2.1384,brl_per_usd
brl_usd,BRL/USD official exchange rate,market_repricing,bcb_sgs,daily,2006-12-12,2.1481,brl_per_usd
brl_usd,BRL/USD official exchange rate,market_repricing,bcb_sgs,daily,2006-12-13,2.1459,brl_per_usd
brl_usd,BRL/USD official exchange rate,market_repricing,bcb_sgs,daily,2006-12-14,2.146,brl_per_usd
brl_usd,BRL/USD official exchange rate,market_repricing,bcb_sgs,daily,2006-12-15,2.147,brl_per_usd
brl_usd,BRL/USD official exchange rate,market_repricing,bcb_sgs,daily,2006-12-18,2.147,brl_per_usd
brl_usd,BRL/USD official exchange rate,market_repricing,bcb_sgs,daily,2006-12-19,2.1572,brl_per_usd
brl_usd,BRL/USD official exchange rate,market_repricing,bcb_sgs,daily,2006-12-20,2.156,brl_per_usd
brl_usd,BRL/USD official exchange rate,market_repricing,bcb_sgs,daily,2006-12-21,2.1593,brl_per_usd
brl_usd,BRL/USD official exchange rate,market_repricing,bcb_sgs,daily,2006-12-22,2.1518,brl_per_usd
brl_usd,BRL/USD official exchange rate,market_repricing,bcb_sgs,daily,2006-12-26,2.1437,brl_per_usd
brl_usd,BRL/USD official exchange rate,market_repricing,bcb_sgs,daily,2006-12-27,2.1497,brl_per_usd
brl_usd,BRL/USD official exchange rate,market_repricing,bcb_sgs,daily,2006-12-28,2.138,brl_per_usd
brl_usd,BRL/USD official exchange rate,market_repricing,bcb_sgs,daily,2006-12-29,2.138,brl_per_usd
brl_usd,BRL/USD official exchange rate,market_repricing,bcb_sgs,daily,2007-01-02,2.1342,brl_per_usd
brl_usd,BRL/USD official exchange rate,market_repricing,bcb_sgs,daily,2007-01-03,2.1372,brl_per_usd
brl_usd,BRL/USD official exchange rate,market_repricing,bcb_sgs,daily,2007-01-04,2.1429,brl_per_usd
brl_usd,BRL/USD official exchange rate,market_repricing,bcb_sgs,daily,2007-01-05,2.1474,brl_per_usd
brl_usd,BRL/USD official exchange rate,market_repricing,bcb_sgs,daily,2007-01-08,2.1505,brl_per_usd
brl_usd,BRL/USD official exchange rate,market_repricing,bcb_sgs,daily,2007-01-09,2.1506,brl_per_usd
brl_usd,BRL/USD official exchange rate,market_repricing,bcb_sgs,daily,2007-01-10,2.1556,brl_per_usd
brl_usd,BRL/USD official exchange rate,market_repricing,bcb_sgs,daily,2007-01-11,2.1465,brl_per_usd
brl_usd,BRL/USD official exchange rate,market_repricing,bcb_sgs,daily,2007-01-12,2.1421,brl_per_usd
brl_usd,BRL/USD official exchange rate,market_repricing,bcb_sgs,daily,2007-01-15,2.1407,brl_per_usd
brl_usd,BRL/USD official exchange rate,market_repricing,bcb_sgs,daily,2007-01-16,2.1444,brl_per_usd
brl_usd,BRL/USD official exchange rate,market_repricing,bcb_sgs,daily,2007-01-17,2.135,brl_per_usd
brl_usd,BRL/USD official exchange rate,market_repricing,bcb_sgs,daily,2007-01-18,2.1329,brl_per_usd
brl_usd,BRL/USD official exchange rate,market_repricing,bcb_sgs,daily,2007-01-19,2.1307,brl_per_usd
brl_usd,BRL/USD official exchange rate,market_repricing,bcb_sgs,daily,2007-01-22,2.1327,brl_per_usd
brl_usd,BRL/USD official exchange rate,market_repricing,bcb_sgs,daily,2007-01-23,2.1368,brl_per_usd
brl_usd,BRL/USD official exchange rate,market_repricing,bcb_sgs,daily,2007-01-24,2.1286,brl_per_usd
brl_usd,BRL/USD official exchange rate,market_repricing,bcb_sgs,daily,2007-01-25,2.1281,brl_per_usd
brl_usd,BRL/USD official exchange rate,market_repricing,bcb_sgs,daily,2007-01-26,2.136,brl_per_usd
brl_usd,BRL/USD official exchange rate,market_repricing,bcb_sgs,daily,2007-01-29,2.136,brl_per_usd
brl_usd,BRL/USD official exchange rate,market_repricing,bcb_sgs,daily,2007-01-30,2.1329,brl_per_usd
brl_usd,BRL/USD official exchange rate,market_repricing,bcb_sgs,daily,2007-01-31,2.1247,brl_per_usd
brl_usd,BRL/USD official exchange rate,market_repricing,bcb_sgs,daily,2007-02-01,2.1093,brl_per_usd
brl_usd,BRL/USD official exchange rate,market_repricing,bcb_sgs,daily,2007-02-02,2.0982,brl_per_usd
brl_usd,BRL/USD official exchange rate,market_repricing,bcb_sgs,daily,2007-02-05,2.0964,brl_per_usd
brl_usd,BRL/USD official exchange rate,market_repricing,bcb_sgs,daily,2007-02-06,2.0833,brl_per_usd
brl_usd,BRL/USD official exchange rate,market_repricing,bcb_sgs,daily,2007-02-07,2.0852,brl_per_usd
brl_usd,BRL/USD official exchange rate,market_repricing,bcb_sgs,daily,2007-02-08,2.0951,brl_per_usd
brl_usd,BRL/USD official exchange rate,market_repricing,bcb_sgs,daily,2007-02-09,2.1033,brl_per_usd
brl_usd,BRL/USD official exchange rate,market_repricing,bcb_sgs,daily,2007-02-12,2.114,brl_per_usd
brl_usd,BRL/USD official exchange rate,market_repricing,bcb_sgs,daily,2007-02-13,2.1088,brl_per_usd
brl_usd,BRL/USD official exchange rate,market_repricing,bcb_sgs,daily,2007-02-14,2.1,brl_per_usd
brl_usd,BRL/USD official exchange rate,market_repricing,bcb_sgs,daily,2007-02-15,2.0896,brl_per_usd
brl_usd,BRL/USD official exchange rate,market_repricing,bcb_sgs,daily,2007-02-16,2.0913,brl_per_usd
brl_usd,BRL/USD official exchange rate,market_repricing,bcb_sgs,daily,2007-02-21,2.0802,brl_per_usd
brl_usd,BRL/USD official exchange rate,market_repricing,bcb_sgs,daily,2007-02-22,2.0766,brl_per_usd
brl_usd,BRL/USD official exchange rate,market_repricing,bcb_sgs,daily,2007-02-23,2.0868,brl_per_usd
brl_usd,BRL/USD official exchange rate,market_repricing,bcb_sgs,daily,2007-02-26,2.0863,brl_per_usd
brl_usd,BRL/USD official exchange rate,market_repricing,bcb_sgs,daily,2007-02-27,2.1099,brl_per_usd
brl_usd,BRL/USD official exchange rate,market_repricing,bcb_sgs,daily,2007-02-28,2.1182,brl_per_usd
brl_usd,BRL/USD official exchange rate,market_repricing,bcb_sgs,daily,2007-03-01,2.126,brl_per_usd
brl_usd,BRL/USD official exchange rate,market_repricing,bcb_sgs,daily,2007-03-02,2.1274,brl_per_usd
brl_usd,BRL/USD official exchange rate,market_repricing,bcb_sgs,daily,2007-03-05,2.1388,brl_per_usd
brl_usd,BRL/USD official exchange rate,market_repricing,bcb_sgs,daily,2007-03-06,2.1209,brl_per_usd
brl_usd,BRL/USD official exchange rate,market_repricing,bcb_sgs,daily,2007-03-07,2.1121,brl_per_usd
brl_usd,BRL/USD official exchange rate,market_repricing,bcb_sgs,daily,2007-03-08,2.1054,brl_per_usd
brl_usd,BRL/USD official exchange rate,market_repricing,bcb_sgs,daily,2007-03-09,2.0983,brl_per_usd
brl_usd,BRL/USD official exchange rate,market_repricing,bcb_sgs,daily,2007-03-12,2.0902,brl_per_usd
brl_usd,BRL/USD official exchange rate,market_repricing,bcb_sgs,daily,2007-03-13,2.0962,brl_per_usd
brl_usd,BRL/USD official exchange rate,market_repricing,bcb_sgs,daily,2007-03-14,2.1044,brl_per_usd
brl_usd,BRL/USD official exchange rate,market_repricing,bcb_sgs,daily,2007-03-15,2.0909,brl_per_usd
brl_usd,BRL/USD official exchange rate,market_repricing,bcb_sgs,daily,2007-03-16,2.0915,brl_per_usd
brl_usd,BRL/USD official exchange rate,market_repricing,bcb_sgs,daily,2007-03-19,2.0792,brl_per_usd
brl_usd,BRL/USD official exchange rate,market_repricing,bcb_sgs,daily,2007-03-20,2.0763,brl_per_usd
brl_usd,BRL/USD official exchange rate,market_repricing,bcb_sgs,daily,2007-03-21,2.0676,brl_per_usd
brl_usd,BRL/USD official exchange rate,market_repricing,bcb_sgs,daily,2007-03-22,2.0602,brl_per_usd
brl_usd,BRL/USD official exchange rate,market_repricing,bcb_sgs,daily,2007-03-23,2.0652,brl_per_usd
brl_usd,BRL/USD official exchange rate,market_repricing,bcb_sgs,daily,2007-03-26,2.0601,brl_per_usd
brl_usd,BRL/USD official exchange rate,market_repricing,bcb_sgs,daily,2007-03-27,2.0637,brl_per_usd
brl_usd,BRL/USD official exchange rate,market_repricing,bcb_sgs,daily,2007-03-28,2.0716,brl_per_usd
brl_usd,BRL/USD official exchange rate,market_repricing,bcb_sgs,daily,2007-03-29,2.0545,brl_per_usd
brl_usd,BRL/USD official exchange rate,market_repricing,bcb_sgs,daily,2007-03-30,2.0504,brl_per_usd
brl_usd,BRL/USD official exchange rate,market_repricing,bcb_sgs,daily,2007-04-02,2.0478,brl_per_usd
brl_usd,BRL/USD official exchange rate,market_repricing,bcb_sgs,daily,2007-04-03,2.0372,brl_per_usd
brl_usd,BRL/USD official exchange rate,market_repricing,bcb_sgs,daily,2007-04-04,2.0321,brl_per_usd
brl_usd,BRL/USD official exchange rate,market_repricing,bcb_sgs,daily,2007-04-05,2.0333,brl_per_usd
brl_usd,BRL/USD official exchange rate,market_repricing,bcb_sgs,daily,2007-04-09,2.0236,brl_per_usd
brl_usd,BRL/USD official exchange rate,market_repricing,bcb_sgs,daily,2007-04-10,2.0282,brl_per_usd
brl_usd,BRL/USD official exchange rate,market_repricing,bcb_sgs,daily,2007-04-11,2.0333,brl_per_usd
brl_usd,BRL/USD official exchange rate,market_repricing,bcb_sgs,daily,2007-04-12,2.0371,brl_per_usd
brl_usd,BRL/USD official exchange rate,market_repricing,bcb_sgs,daily,2007-04-13,2.0231,brl_per_usd
brl_usd,BRL/USD official exchange rate,market_repricing,bcb_sgs,daily,2007-04-16,2.034,brl_per_usd
brl_usd,BRL/USD official exchange rate,market_repricing,bcb_sgs,daily,2007-04-17,2.0348,brl_per_usd
brl_usd,BRL/USD official exchange rate,market_repricing,bcb_sgs,daily,2007-04-18,2.0365,brl_per_usd
brl_usd,BRL/USD official exchange rate,market_repricing,bcb_sgs,daily,2007-04-19,2.0312,brl_per_usd
brl_usd,BRL/USD official exchange rate,market_repricing,bcb_sgs,daily,2007-04-20,2.0262,brl_per_usd
brl_usd,BRL/USD official exchange rate,market_repricing,bcb_sgs,daily,2007-04-23,2.029,brl_per_usd
brl_usd,BRL/USD official exchange rate,market_repricing,bcb_sgs,daily,2007-04-24,2.0385,brl_per_usd
brl_usd,BRL/USD official exchange rate,market_repricing,bcb_sgs,daily,2007-04-25,2.0236,brl_per_usd
brl_usd,BRL/USD official exchange rate,market_repricing,bcb_sgs,daily,2007-04-26,2.0252,brl_per_usd
brl_usd,BRL/USD official exchange rate,market_repricing,bcb_sgs,daily,2007-04-27,2.0321,brl_per_usd
brl_usd,BRL/USD official exchange rate,market_repricing,bcb_sgs,daily,2007-04-30,2.0339,brl_per_usd
brl_usd,BRL/USD official exchange rate,market_repricing,bcb_sgs,daily,2007-05-02,2.0268,brl_per_usd
brl_usd,BRL/USD official exchange rate,market_repricing,bcb_sgs,daily,2007-05-03,2.0239,brl_per_usd
brl_usd,BRL/USD official exchange rate,market_repricing,bcb_sgs,daily,2007-05-04,2.0309,brl_per_usd
brl_usd,BRL/USD official exchange rate,market_repricing,bcb_sgs,daily,2007-05-07,2.0266,brl_per_usd
brl_usd,BRL/USD official exchange rate,market_repricing,bcb_sgs,daily,2007-05-08,2.0226,brl_per_usd
brl_usd,BRL/USD official exchange rate,market_repricing,bcb_sgs,daily,2007-05-09,2.0222,brl_per_usd
brl_usd,BRL/USD official exchange rate,market_repricing,bcb_sgs,daily,2007-05-10,2.0217,brl_per_usd
brl_usd,BRL/USD official exchange rate,market_repricing,bcb_sgs,daily,2007-05-11,2.0194,brl_per_usd
brl_usd,BRL/USD official exchange rate,market_repricing,bcb_sgs,daily,2007-05-14,2.0138,brl_per_usd
brl_usd,BRL/USD official exchange rate,market_repricing,bcb_sgs,daily,2007-05-15,1.9922,brl_per_usd
brl_usd,BRL/USD official exchange rate,market_repricing,bcb_sgs,daily,2007-05-16,1.9586,brl_per_usd
brl_usd,BRL/USD official exchange rate,market_repricing,bcb_sgs,daily,2007-05-17,1.9573,brl_per_usd
brl_usd,BRL/USD official exchange rate,market_repricing,bcb_sgs,daily,2007-05-18,1.963,brl_per_usd
brl_usd,BRL/USD official exchange rate,market_repricing,bcb_sgs,daily,2007-05-21,1.9435,brl_per_usd
brl_usd,BRL/USD official exchange rate,market_repricing,bcb_sgs,daily,2007-05-22,1.9409,brl_per_usd
brl_usd,BRL/USD official exchange rate,market_repricing,bcb_sgs,daily,2007-05-23,1.9489,brl_per_usd
brl_usd,BRL/USD official exchange rate,market_repricing,bcb_sgs,daily,2007-05-24,1.9653,brl_per_usd
brl_usd,BRL/USD official exchange rate,market_repricing,bcb_sgs,daily,2007-05-25,1.952,brl_per_usd
brl_usd,BRL/USD official exchange rate,market_repricing,bcb_sgs,daily,2007-05-28,1.9441,brl_per_usd
brl_usd,BRL/USD official exchange rate,market_repricing,bcb_sgs,daily,2007-05-29,1.9461,brl_per_usd
brl_usd,BRL/USD official exchange rate,market_repricing,bcb_sgs,daily,2007-05-30,1.9468,brl_per_usd
brl_usd,BRL/USD official exchange rate,market_repricing,bcb_sgs,daily,2007-05-31,1.9289,brl_per_usd
brl_usd,BRL/USD official exchange rate,market_repricing,bcb_sgs,daily,2007-06-01,1.9056,brl_per_usd
brl_usd,BRL/USD official exchange rate,market_repricing,bcb_sgs,daily,2007-06-04,1.9215,brl_per_usd
brl_usd,BRL/USD official exchange rate,market_repricing,bcb_sgs,daily,2007-06-05,1.9395,brl_per_usd
brl_usd,BRL/USD official exchange rate,market_repricing,bcb_sgs,daily,2007-06-06,1.9617,brl_per_usd
brl_usd,BRL/USD official exchange rate,market_repricing,bcb_sgs,daily,2007-06-08,1.9638,brl_per_usd
brl_usd,BRL/USD official exchange rate,market_repricing,bcb_sgs,daily,2007-06-11,1.9473,brl_per_usd
brl_usd,BRL/USD official exchange rate,market_repricing,bcb_sgs,daily,2007-06-12,1.942,brl_per_usd
brl_usd,BRL/USD official exchange rate,market_repricing,bcb_sgs,daily,2007-06-13,1.9442,brl_per_usd
brl_usd,BRL/USD official exchange rate,market_repricing,bcb_sgs,daily,2007-06-14,1.9303,brl_per_usd
brl_usd,BRL/USD official exchange rate,market_repricing,bcb_sgs,daily,2007-06-15,1.9097,brl_per_usd
brl_usd,BRL/USD official exchange rate,market_repricing,bcb_sgs,daily,2007-06-18,1.9047,brl_per_usd
brl_usd,BRL/USD official exchange rate,market_repricing,bcb_sgs,daily,2007-06-19,1.9058,brl_per_usd
brl_usd,BRL/USD official exchange rate,market_repricing,bcb_sgs,daily,2007-06-20,1.9198,brl_per_usd
brl_usd,BRL/USD official exchange rate,market_repricing,bcb_sgs,daily,2007-06-21,1.9197,brl_per_usd
brl_usd,BRL/USD official exchange rate,market_repricing,bcb_sgs,daily,2007-06-22,1.9334,brl_per_usd
brl_usd,BRL/USD official exchange rate,market_repricing,bcb_sgs,daily,2007-06-25,1.9379,brl_per_usd
brl_usd,BRL/USD official exchange rate,market_repricing,bcb_sgs,daily,2007-06-26,1.9488,brl_per_usd
brl_usd,BRL/USD official exchange rate,market_repricing,bcb_sgs,daily,2007-06-27,1.9499,brl_per_usd
brl_usd,BRL/USD official exchange rate,market_repricing,bcb_sgs,daily,2007-06-28,1.9256,brl_per_usd
brl_usd,BRL/USD official exchange rate,market_repricing,bcb_sgs,daily,2007-06-29,1.9262,brl_per_usd
brl_usd,BRL/USD official exchange rate,market_repricing,bcb_sgs,daily,2007-07-02,1.9176,brl_per_usd
brl_usd,BRL/USD official exchange rate,market_repricing,bcb_sgs,daily,2007-07-03,1.9122,brl_per_usd
brl_usd,BRL/USD official exchange rate,market_repricing,bcb_sgs,daily,2007-07-04,1.9099,brl_per_usd
brl_usd,BRL/USD official exchange rate,market_repricing,bcb_sgs,daily,2007-07-05,1.9157,brl_per_usd
brl_usd,BRL/USD official exchange rate,market_repricing,bcb_sgs,daily,2007-07-06,1.9033,brl_per_usd
brl_usd,BRL/USD official exchange rate,market_repricing,bcb_sgs,daily,2007-07-09,1.8992,brl_per_usd
brl_usd,BRL/USD official exchange rate,market_repricing,bcb_sgs,daily,2007-07-10,1.8947,brl_per_usd
brl_usd,BRL/USD official exchange rate,market_repricing,bcb_sgs,daily,2007-07-11,1.89,brl_per_usd
brl_usd,BRL/USD official exchange rate,market_repricing,bcb_sgs,daily,2007-07-12,1.8767,brl_per_usd
brl_usd,BRL/USD official exchange rate,market_repricing,bcb_sgs,daily,2007-07-13,1.8684,brl_per_usd
brl_usd,BRL/USD official exchange rate,market_repricing,bcb_sgs,daily,2007-07-16,1.8647,brl_per_usd
brl_usd,BRL/USD official exchange rate,market_repricing,bcb_sgs,daily,2007-07-17,1.8621,brl_per_usd
brl_usd,BRL/USD official exchange rate,market_repricing,bcb_sgs,daily,2007-07-18,1.8609,brl_per_usd
brl_usd,BRL/USD official exchange rate,market_repricing,bcb_sgs,daily,2007-07-19,1.8536,brl_per_usd
brl_usd,BRL/USD official exchange rate,market_repricing,bcb_sgs,daily,2007-07-20,1.8606,brl_per_usd
brl_usd,BRL/USD official exchange rate,market_repricing,bcb_sgs,daily,2007-07-23,1.8448,brl_per_usd
brl_usd,BRL/USD official exchange rate,market_repricing,bcb_sgs,daily,2007-07-24,1.8525,brl_per_usd
brl_usd,BRL/USD official exchange rate,market_repricing,bcb_sgs,daily,2007-07-25,1.8643,brl_per_usd
brl_usd,BRL/USD official exchange rate,market_repricing,bcb_sgs,daily,2007-07-26,1.9054,brl_per_usd
brl_usd,BRL/USD official exchange rate,market_repricing,bcb_sgs,daily,2007-07-27,1.9069,brl_per_usd
brl_usd,BRL/USD official exchange rate,market_repricing,bcb_sgs,daily,2007-07-30,1.8809,brl_per_usd
brl_usd,BRL/USD official exchange rate,market_repricing,bcb_sgs,daily,2007-07-31,1.8776,brl_per_usd
brl_usd,BRL/USD official exchange rate,market_repricing,bcb_sgs,daily,2007-08-01,1.8856,brl_per_usd
brl_usd,BRL/USD official exchange rate,market_repricing,bcb_sgs,daily,2007-08-02,1.8729,brl_per_usd
brl_usd,BRL/USD official exchange rate,market_repricing,bcb_sgs,daily,2007-08-03,1.8814,brl_per_usd
brl_usd,BRL/USD official exchange rate,market_repricing,bcb_sgs,daily,2007-08-06,1.9106,brl_per_usd
brl_usd,BRL/USD official exchange rate,market_repricing,bcb_sgs,daily,2007-08-07,1.9077,brl_per_usd
brl_usd,BRL/USD official exchange rate,market_repricing,bcb_sgs,daily,2007-08-08,1.8866,brl_per_usd
brl_usd,BRL/USD official exchange rate,market_repricing,bcb_sgs,daily,2007-08-09,1.9191,brl_per_usd
brl_usd,BRL/USD official exchange rate,market_repricing,bcb_sgs,daily,2007-08-10,1.955,brl_per_usd
brl_usd,BRL/USD official exchange rate,market_repricing,bcb_sgs,daily,2007-08-13,1.9411,brl_per_usd
brl_usd,BRL/USD official exchange rate,market_repricing,bcb_sgs,daily,2007-08-14,1.9809,brl_per_usd
brl_usd,BRL/USD official exchange rate,market_repricing,bcb_sgs,daily,2007-08-15,2.0043,brl_per_usd
brl_usd,BRL/USD official exchange rate,market_repricing,bcb_sgs,daily,2007-08-16,2.1124,brl_per_usd
brl_usd,BRL/USD official exchange rate,market_repricing,bcb_sgs,daily,2007-08-17,2.0376,brl_per_usd
brl_usd,BRL/USD official exchange rate,market_repricing,bcb_sgs,daily,2007-08-20,2.028,brl_per_usd
brl_usd,BRL/USD official exchange rate,market_repricing,bcb_sgs,daily,2007-08-21,2.0385,brl_per_usd
brl_usd,BRL/USD official exchange rate,market_repricing,bcb_sgs,daily,2007-08-22,2.0173,brl_per_usd
brl_usd,BRL/USD official exchange rate,market_repricing,bcb_sgs,daily,2007-08-23,1.9939,brl_per_usd
brl_usd,BRL/USD official exchange rate,market_repricing,bcb_sgs,daily,2007-08-24,1.9855,brl_per_usd
brl_usd,BRL/USD official exchange rate,market_repricing,bcb_sgs,daily,2007-08-27,1.9489,brl_per_usd
brl_usd,BRL/USD official exchange rate,market_repricing,bcb_sgs,daily,2007-08-28,1.9849,brl_per_usd
brl_usd,BRL/USD official exchange rate,market_repricing,bcb_sgs,daily,2007-08-29,1.9864,brl_per_usd
brl_usd,BRL/USD official exchange rate,market_repricing,bcb_sgs,daily,2007-08-30,1.9777,brl_per_usd
brl_usd,BRL/USD official exchange rate,market_repricing,bcb_sgs,daily,2007-08-31,1.962,brl_per_usd
brl_usd,BRL/USD official exchange rate,market_repricing,bcb_sgs,daily,2007-09-03,1.9547,brl_per_usd
brl_usd,BRL/USD official exchange rate,market_repricing,bcb_sgs,daily,2007-09-04,1.9528,brl_per_usd
brl_usd,BRL/USD official exchange rate,market_repricing,bcb_sgs,daily,2007-09-05,1.964,brl_per_usd
brl_usd,BRL/USD official exchange rate,market_repricing,bcb_sgs,daily,2007-09-06,1.9545,brl_per_usd
brl_usd,BRL/USD official exchange rate,market_repricing,bcb_sgs,daily,2007-09-10,1.9591,brl_per_usd
brl_usd,BRL/USD official exchange rate,market_repricing,bcb_sgs,daily,2007-09-11,1.9304,brl_per_usd
brl_usd,BRL/USD official exchange rate,market_repricing,bcb_sgs,daily,2007-09-12,1.9125,brl_per_usd
brl_usd,BRL/USD official exchange rate,market_repricing,bcb_sgs,daily,2007-09-13,1.8991,brl_per_usd
brl_usd,BRL/USD official exchange rate,market_repricing,bcb_sgs,daily,2007-09-14,1.9031,brl_per_usd
brl_usd,BRL/USD official exchange rate,market_repricing,bcb_sgs,daily,2007-09-17,1.9123,brl_per_usd
brl_usd,BRL/USD official exchange rate,market_repricing,bcb_sgs,daily,2007-09-18,1.896,brl_per_usd
brl_usd,BRL/USD official exchange rate,market_repricing,bcb_sgs,daily,2007-09-19,1.8639,brl_per_usd
brl_usd,BRL/USD official exchange rate,market_repricing,bcb_sgs,daily,2007-09-20,1.8637,brl_per_usd
brl_usd,BRL/USD official exchange rate,market_repricing,bcb_sgs,daily,2007-09-21,1.8618,brl_per_usd
brl_usd,BRL/USD official exchange rate,market_repricing,bcb_sgs,daily,2007-09-24,1.8694,brl_per_usd
brl_usd,BRL/USD official exchange rate,market_repricing,bcb_sgs,daily,2007-09-25,1.8656,brl_per_usd
brl_usd,BRL/USD official exchange rate,market_repricing,bcb_sgs,daily,2007-09-26,1.8493,brl_per_usd
brl_usd,BRL/USD official exchange rate,market_repricing,bcb_sgs,daily,2007-09-27,1.8409,brl_per_usd
brl_usd,BRL/USD official exchange rate,market_repricing,bcb_sgs,daily,2007-09-28,1.8389,brl_per_usd
brl_usd,BRL/USD official exchange rate,market_repricing,bcb_sgs,daily,2007-10-01,1.8225,brl_per_usd
brl_usd,BRL/USD official exchange rate,market_repricing,bcb_sgs,daily,2007-10-02,1.8235,brl_per_usd
brl_usd,BRL/USD official exchange rate,market_repricing,bcb_sgs,daily,2007-10-03,1.8274,brl_per_usd
brl_usd,BRL/USD official exchange rate,market_repricing,bcb_sgs,daily,2007-10-04,1.8284,brl_per_usd
brl_usd,BRL/USD official exchange rate,market_repricing,bcb_sgs,daily,2007-10-05,1.8092,brl_per_usd
brl_usd,BRL/USD official exchange rate,market_repricing,bcb_sgs,daily,2007-10-08,1.8133,brl_per_usd
brl_usd,BRL/USD official exchange rate,market_repricing,bcb_sgs,daily,2007-10-09,1.8108,brl_per_usd
brl_usd,BRL/USD official exchange rate,market_repricing,bcb_sgs,daily,2007-10-10,1.8048,brl_per_usd
brl_usd,BRL/USD official exchange rate,market_repricing,bcb_sgs,daily,2007-10-11,1.792,brl_per_usd
brl_usd,BRL/USD official exchange rate,market_repricing,bcb_sgs,daily,2007-10-15,1.8078,brl_per_usd
brl_usd,BRL/USD official exchange rate,market_repricing,bcb_sgs,daily,2007-10-16,1.8242,brl_per_usd
brl_usd,BRL/USD official exchange rate,market_repricing,bcb_sgs,daily,2007-10-17,1.8138,brl_per_usd
brl_usd,BRL/USD official exchange rate,market_repricing,bcb_sgs,daily,2007-10-18,1.8071,brl_per_usd
brl_usd,BRL/USD official exchange rate,market_repricing,bcb_sgs,daily,2007-10-19,1.7964,brl_per_usd
brl_usd,BRL/USD official exchange rate,market_repricing,bcb_sgs,daily,2007-10-22,1.8206,brl_per_usd
brl_usd,BRL/USD official exchange rate,market_repricing,bcb_sgs,daily,2007-10-23,1.8007,brl_per_usd
brl_usd,BRL/USD official exchange rate,market_repricing,bcb_sgs,daily,2007-10-24,1.7969,brl_per_usd
brl_usd,BRL/USD official exchange rate,market_repricing,bcb_sgs,daily,2007-10-25,1.7896,brl_per_usd
brl_usd,BRL/USD official exchange rate,market_repricing,bcb_sgs,daily,2007-10-26,1.7752,brl_per_usd
brl_usd,BRL/USD official exchange rate,market_repricing,bcb_sgs,daily,2007-10-29,1.7595,brl_per_usd
brl_usd,BRL/USD official exchange rate,market_repricing,bcb_sgs,daily,2007-10-30,1.7552,brl_per_usd
brl_usd,BRL/USD official exchange rate,market_repricing,bcb_sgs,daily,2007-10-31,1.744,brl_per_usd
brl_usd,BRL/USD official exchange rate,market_repricing,bcb_sgs,daily,2007-11-01,1.746,brl_per_usd
brl_usd,BRL/USD official exchange rate,market_repricing,bcb_sgs,daily,2007-11-05,1.7556,brl_per_usd
brl_usd,BRL/USD official exchange rate,market_repricing,bcb_sgs,daily,2007-11-06,1.7325,brl_per_usd
brl_usd,BRL/USD official exchange rate,market_repricing,bcb_sgs,daily,2007-11-07,1.74,brl_per_usd
brl_usd,BRL/USD official exchange rate,market_repricing,bcb_sgs,daily,2007-11-08,1.7354,brl_per_usd
brl_usd,BRL/USD official exchange rate,market_repricing,bcb_sgs,daily,2007-11-09,1.749,brl_per_usd
brl_usd,BRL/USD official exchange rate,market_repricing,bcb_sgs,daily,2007-11-12,1.774,brl_per_usd
brl_usd,BRL/USD official exchange rate,market_repricing,bcb_sgs,daily,2007-11-13,1.7682,brl_per_usd
brl_usd,BRL/USD official exchange rate,market_repricing,bcb_sgs,daily,2007-11-14,1.7378,brl_per_usd
brl_usd,BRL/USD official exchange rate,market_repricing,bcb_sgs,daily,2007-11-16,1.7414,brl_per_usd
brl_usd,BRL/USD official exchange rate,market_repricing,bcb_sgs,daily,2007-11-19,1.7593,brl_per_usd
brl_usd,BRL/USD official exchange rate,market_repricing,bcb_sgs,daily,2007-11-20,1.7647,brl_per_usd
brl_usd,BRL/USD official exchange rate,market_repricing,bcb_sgs,daily,2007-11-21,1.7866,brl_per_usd
brl_usd,BRL/USD official exchange rate,market_repricing,bcb_sgs,daily,2007-11-22,1.7747,brl_per_usd
brl_usd,BRL/USD official exchange rate,market_repricing,bcb_sgs,daily,2007-11-23,1.7962,brl_per_usd
brl_usd,BRL/USD official exchange rate,market_repricing,bcb_sgs,daily,2007-11-26,1.811,brl_per_usd
brl_usd,BRL/USD official exchange rate,market_repricing,bcb_sgs,daily,2007-11-27,1.8501,brl_per_usd
brl_usd,BRL/USD official exchange rate,market_repricing,bcb_sgs,daily,2007-11-28,1.8018,brl_per_usd
brl_usd,BRL/USD official exchange rate,market_repricing,bcb_sgs,daily,2007-11-29,1.7905,brl_per_usd
brl_usd,BRL/USD official exchange rate,market_repricing,bcb_sgs,daily,2007-11-30,1.7837,brl_per_usd
brl_usd,BRL/USD official exchange rate,market_repricing,bcb_sgs,daily,2007-12-03,1.7888,brl_per_usd
brl_usd,BRL/USD official exchange rate,market_repricing,bcb_sgs,daily,2007-12-04,1.8233,brl_per_usd
brl_usd,BRL/USD official exchange rate,market_repricing,bcb_sgs,daily,2007-12-05,1.7956,brl_per_usd
brl_usd,BRL/USD official exchange rate,market_repricing,bcb_sgs,daily,2007-12-06,1.7873,brl_per_usd
brl_usd,BRL/USD official exchange rate,market_repricing,bcb_sgs,daily,2007-12-07,1.7616,brl_per_usd
brl_usd,BRL/USD official exchange rate,market_repricing,bcb_sgs,daily,2007-12-10,1.762,brl_per_usd
brl_usd,BRL/USD official exchange rate,market_repricing,bcb_sgs,daily,2007-12-11,1.765,brl_per_usd
brl_usd,BRL/USD official exchange rate,market_repricing,bcb_sgs,daily,2007-12-12,1.7624,brl_per_usd
brl_usd,BRL/USD official exchange rate,market_repricing,bcb_sgs,daily,2007-12-13,1.7746,brl_per_usd
brl_usd,BRL/USD official exchange rate,market_repricing,bcb_sgs,daily,2007-12-14,1.7959,brl_per_usd
brl_usd,BRL/USD official exchange rate,market_repricing,bcb_sgs,daily,2007-12-17,1.8123,brl_per_usd
brl_usd,BRL/USD official exchange rate,market_repricing,bcb_sgs,daily,2007-12-18,1.8091,brl_per_usd
brl_usd,BRL/USD official exchange rate,market_repricing,bcb_sgs,daily,2007-12-19,1.8019,brl_per_usd
brl_usd,BRL/USD official exchange rate,market_repricing,bcb_sgs,daily,2007-12-20,1.8032,brl_per_usd
brl_usd,BRL/USD official exchange rate,market_repricing,bcb_sgs,daily,2007-12-21,1.7966,brl_per_usd
brl_usd,BRL/USD official exchange rate,market_repricing,bcb_sgs,daily,2007-12-24,1.7909,brl_per_usd
brl_usd,BRL/USD official exchange rate,market_repricing,bcb_sgs,daily,2007-12-26,1.7795,brl_per_usd
brl_usd,BRL/USD official exchange rate,market_repricing,bcb_sgs,daily,2007-12-27,1.7671,brl_per_usd
brl_usd,BRL/USD official exchange rate,market_repricing,bcb_sgs,daily,2007-12-28,1.7713,brl_per_usd
brl_usd,BRL/USD official exchange rate,market_repricing,bcb_sgs,daily,2007-12-31,1.7713,brl_per_usd
brl_usd,BRL/USD official exchange rate,market_repricing,bcb_sgs,daily,2008-01-02,1.7722,brl_per_usd
brl_usd,BRL/USD official exchange rate,market_repricing,bcb_sgs,daily,2008-01-03,1.7569,brl_per_usd
brl_usd,BRL/USD official exchange rate,market_repricing,bcb_sgs,daily,2008-01-04,1.7574,brl_per_usd
brl_usd,BRL/USD official exchange rate,market_repricing,bcb_sgs,daily,2008-01-07,1.7675,brl_per_usd
brl_usd,BRL/USD official exchange rate,market_repricing,bcb_sgs,daily,2008-01-08,1.7554,brl_per_usd
brl_usd,BRL/USD official exchange rate,market_repricing,bcb_sgs,daily,2008-01-09,1.7691,brl_per_usd
brl_usd,BRL/USD official exchange rate,market_repricing,bcb_sgs,daily,2008-01-10,1.7628,brl_per_usd
brl_usd,BRL/USD official exchange rate,market_repricing,bcb_sgs,daily,2008-01-11,1.7536,brl_per_usd
brl_usd,BRL/USD official exchange rate,market_repricing,bcb_sgs,daily,2008-01-14,1.7414,brl_per_usd
brl_usd,BRL/USD official exchange rate,market_repricing,bcb_sgs,daily,2008-01-15,1.745,brl_per_usd
brl_usd,BRL/USD official exchange rate,market_repricing,bcb_sgs,daily,2008-01-16,1.763,brl_per_usd
brl_usd,BRL/USD official exchange rate,market_repricing,bcb_sgs,daily,2008-01-17,1.7687,brl_per_usd
brl_usd,BRL/USD official exchange rate,market_repricing,bcb_sgs,daily,2008-01-18,1.785,brl_per_usd
brl_usd,BRL/USD official exchange rate,market_repricing,bcb_sgs,daily,2008-01-21,1.8301,brl_per_usd
brl_usd,BRL/USD official exchange rate,market_repricing,bcb_sgs,daily,2008-01-22,1.8041,brl_per_usd
brl_usd,BRL/USD official exchange rate,market_repricing,bcb_sgs,daily,2008-01-23,1.8147,brl_per_usd
brl_usd,BRL/USD official exchange rate,market_repricing,bcb_sgs,daily,2008-01-24,1.7883,brl_per_usd
brl_usd,BRL/USD official exchange rate,market_repricing,bcb_sgs,daily,2008-01-25,1.7912,brl_per_usd
brl_usd,BRL/USD official exchange rate,market_repricing,bcb_sgs,daily,2008-01-28,1.7906,brl_per_usd
brl_usd,BRL/USD official exchange rate,market_repricing,bcb_sgs,daily,2008-01-29,1.7762,brl_per_usd
brl_usd,BRL/USD official exchange rate,market_repricing,bcb_sgs,daily,2008-01-30,1.7802,brl_per_usd
brl_usd,BRL/USD official exchange rate,market_repricing,bcb_sgs,daily,2008-01-31,1.7603,brl_per_usd
brl_usd,BRL/USD official exchange rate,market_repricing,bcb_sgs,daily,2008-02-01,1.7451,brl_per_usd
brl_usd,BRL/USD official exchange rate,market_repricing,bcb_sgs,daily,2008-02-06,1.7531,brl_per_usd
brl_usd,BRL/USD official exchange rate,market_repricing,bcb_sgs,daily,2008-02-07,1.7627,brl_per_usd
brl_usd,BRL/USD official exchange rate,market_repricing,bcb_sgs,daily,2008-02-08,1.7681,brl_per_usd
brl_usd,BRL/USD official exchange rate,market_repricing,bcb_sgs,daily,2008-02-11,1.7601,brl_per_usd
brl_usd,BRL/USD official exchange rate,market_repricing,bcb_sgs,daily,2008-02-12,1.7478,brl_per_usd
brl_usd,BRL/USD official exchange rate,market_repricing,bcb_sgs,daily,2008-02-13,1.7459,brl_per_usd
brl_usd,BRL/USD official exchange rate,market_repricing,bcb_sgs,daily,2008-02-14,1.7469,brl_per_usd
brl_usd,BRL/USD official exchange rate,market_repricing,bcb_sgs,daily,2008-02-15,1.7541,brl_per_usd
brl_usd,BRL/USD official exchange rate,market_repricing,bcb_sgs,daily,2008-02-18,1.7394,brl_per_usd
brl_usd,BRL/USD official exchange rate,market_repricing,bcb_sgs,daily,2008-02-19,1.7329,brl_per_usd
brl_usd,BRL/USD official exchange rate,market_repricing,bcb_sgs,daily,2008-02-20,1.7351,brl_per_usd
brl_usd,BRL/USD official exchange rate,market_repricing,bcb_sgs,daily,2008-02-21,1.7104,brl_per_usd
brl_usd,BRL/USD official exchange rate,market_repricing,bcb_sgs,daily,2008-02-22,1.704,brl_per_usd
brl_usd,BRL/USD official exchange rate,market_repricing,bcb_sgs,daily,2008-02-25,1.7062,brl_per_usd
brl_usd,BRL/USD official exchange rate,market_repricing,bcb_sgs,daily,2008-02-26,1.6882,brl_per_usd
brl_usd,BRL/USD official exchange rate,market_repricing,bcb_sgs,daily,2008-02-27,1.6715,brl_per_usd
brl_usd,BRL/USD official exchange rate,market_repricing,bcb_sgs,daily,2008-02-28,1.6723,brl_per_usd
brl_usd,BRL/USD official exchange rate,market_repricing,bcb_sgs,daily,2008-02-29,1.6833,brl_per_usd
brl_usd,BRL/USD official exchange rate,market_repricing,bcb_sgs,daily,2008-03-03,1.6816,brl_per_usd
brl_usd,BRL/USD official exchange rate,market_repricing,bcb_sgs,daily,2008-03-04,1.673,brl_per_usd
brl_usd,BRL/USD official exchange rate,market_repricing,bcb_sgs,daily,2008-03-05,1.67,brl_per_usd
brl_usd,BRL/USD official exchange rate,market_repricing,bcb_sgs,daily,2008-03-06,1.672,brl_per_usd
brl_usd,BRL/USD official exchange rate,market_repricing,bcb_sgs,daily,2008-03-07,1.6841,brl_per_usd
brl_usd,BRL/USD official exchange rate,market_repricing,bcb_sgs,daily,2008-03-10,1.6996,brl_per_usd
brl_usd,BRL/USD official exchange rate,market_repricing,bcb_sgs,daily,2008-03-11,1.6947,brl_per_usd
brl_usd,BRL/USD official exchange rate,market_repricing,bcb_sgs,daily,2008-03-12,1.6796,brl_per_usd
brl_usd,BRL/USD official exchange rate,market_repricing,bcb_sgs,daily,2008-03-13,1.6971,brl_per_usd
brl_usd,BRL/USD official exchange rate,market_repricing,bcb_sgs,daily,2008-03-14,1.6947,brl_per_usd
brl_usd,BRL/USD official exchange rate,market_repricing,bcb_sgs,daily,2008-03-17,1.7248,brl_per_usd
brl_usd,BRL/USD official exchange rate,market_repricing,bcb_sgs,daily,2008-03-18,1.7007,brl_per_usd
brl_usd,BRL/USD official exchange rate,market_repricing,bcb_sgs,daily,2008-03-19,1.7045,brl_per_usd
brl_usd,BRL/USD official exchange rate,market_repricing,bcb_sgs,daily,2008-03-20,1.7424,brl_per_usd
brl_usd,BRL/USD official exchange rate,market_repricing,bcb_sgs,daily,2008-03-24,1.7407,brl_per_usd
brl_usd,BRL/USD official exchange rate,market_repricing,bcb_sgs,daily,2008-03-25,1.7341,brl_per_usd
brl_usd,BRL/USD official exchange rate,market_repricing,bcb_sgs,daily,2008-03-26,1.7288,brl_per_usd
brl_usd,BRL/USD official exchange rate,market_repricing,bcb_sgs,daily,2008-03-27,1.7345,brl_per_usd
brl_usd,BRL/USD official exchange rate,market_repricing,bcb_sgs,daily,2008-03-28,1.7456,brl_per_usd
brl_usd,BRL/USD official exchange rate,market_repricing,bcb_sgs,daily,2008-03-31,1.7491,brl_per_usd
brl_usd,BRL/USD official exchange rate,market_repricing,bcb_sgs,daily,2008-04-01,1.7534,brl_per_usd
brl_usd,BRL/USD official exchange rate,market_repricing,bcb_sgs,daily,2008-04-02,1.7273,brl_per_usd
brl_usd,BRL/USD official exchange rate,market_repricing,bcb_sgs,daily,2008-04-03,1.7252,brl_per_usd
brl_usd,BRL/USD official exchange rate,market_repricing,bcb_sgs,daily,2008-04-04,1.7117,brl_per_usd
brl_usd,BRL/USD official exchange rate,market_repricing,bcb_sgs,daily,2008-04-07,1.699,brl_per_usd
brl_usd,BRL/USD official exchange rate,market_repricing,bcb_sgs,daily,2008-04-08,1.7038,brl_per_usd
brl_usd,BRL/USD official exchange rate,market_repricing,bcb_sgs,daily,2008-04-09,1.6878,brl_per_usd
brl_usd,BRL/USD official exchange rate,market_repricing,bcb_sgs,daily,2008-04-10,1.6822,brl_per_usd
brl_usd,BRL/USD official exchange rate,market_repricing,bcb_sgs,daily,2008-04-11,1.6876,brl_per_usd
brl_usd,BRL/USD official exchange rate,market_repricing,bcb_sgs,daily,2008-04-14,1.6867,brl_per_usd
brl_usd,BRL/USD official exchange rate,market_repricing,bcb_sgs,daily,2008-04-15,1.6822,brl_per_usd
brl_usd,BRL/USD official exchange rate,market_repricing,bcb_sgs,daily,2008-04-16,1.6699,brl_per_usd
brl_usd,BRL/USD official exchange rate,market_repricing,bcb_sgs,daily,2008-04-17,1.6588,brl_per_usd
brl_usd,BRL/USD official exchange rate,market_repricing,bcb_sgs,daily,2008-04-18,1.6693,brl_per_usd
brl_usd,BRL/USD official exchange rate,market_repricing,bcb_sgs,daily,2008-04-22,1.6575,brl_per_usd
brl_usd,BRL/USD official exchange rate,market_repricing,bcb_sgs,daily,2008-04-23,1.6582,brl_per_usd
brl_usd,BRL/USD official exchange rate,market_repricing,bcb_sgs,daily,2008-04-24,1.6687,brl_per_usd
brl_usd,BRL/USD official exchange rate,market_repricing,bcb_sgs,daily,2008-04-25,1.6688,brl_per_usd
brl_usd,BRL/USD official exchange rate,market_repricing,bcb_sgs,daily,2008-04-28,1.6764,brl_per_usd
brl_usd,BRL/USD official exchange rate,market_repricing,bcb_sgs,daily,2008-04-29,1.7058,brl_per_usd
brl_usd,BRL/USD official exchange rate,market_repricing,bcb_sgs,daily,2008-04-30,1.6872,brl_per_usd
brl_usd,BRL/USD official exchange rate,market_repricing,bcb_sgs,daily,2008-05-02,1.6506,brl_per_usd
brl_usd,BRL/USD official exchange rate,market_repricing,bcb_sgs,daily,2008-05-05,1.6578,brl_per_usd
brl_usd,BRL/USD official exchange rate,market_repricing,bcb_sgs,daily,2008-05-06,1.6615,brl_per_usd
brl_usd,BRL/USD official exchange rate,market_repricing,bcb_sgs,daily,2008-05-07,1.6741,brl_per_usd
brl_usd,BRL/USD official exchange rate,market_repricing,bcb_sgs,daily,2008-05-08,1.6936,brl_per_usd
brl_usd,BRL/USD official exchange rate,market_repricing,bcb_sgs,daily,2008-05-09,1.6949,brl_per_usd
brl_usd,BRL/USD official exchange rate,market_repricing,bcb_sgs,daily,2008-05-12,1.6743,brl_per_usd
brl_usd,BRL/USD official exchange rate,market_repricing,bcb_sgs,daily,2008-05-13,1.6583,brl_per_usd
brl_usd,BRL/USD official exchange rate,market_repricing,bcb_sgs,daily,2008-05-14,1.6641,brl_per_usd
brl_usd,BRL/USD official exchange rate,market_repricing,bcb_sgs,daily,2008-05-15,1.6601,brl_per_usd
brl_usd,BRL/USD official exchange rate,market_repricing,bcb_sgs,daily,2008-05-16,1.6434,brl_per_usd
brl_usd,BRL/USD official exchange rate,market_repricing,bcb_sgs,daily,2008-05-19,1.646,brl_per_usd
brl_usd,BRL/USD official exchange rate,market_repricing,bcb_sgs,daily,2008-05-20,1.657,brl_per_usd
brl_usd,BRL/USD official exchange rate,market_repricing,bcb_sgs,daily,2008-05-21,1.6492,brl_per_usd
brl_usd,BRL/USD official exchange rate,market_repricing,bcb_sgs,daily,2008-05-23,1.6547,brl_per_usd
brl_usd,BRL/USD official exchange rate,market_repricing,bcb_sgs,daily,2008-05-26,1.661,brl_per_usd
brl_usd,BRL/USD official exchange rate,market_repricing,bcb_sgs,daily,2008-05-27,1.6681,brl_per_usd
brl_usd,BRL/USD official exchange rate,market_repricing,bcb_sgs,daily,2008-05-28,1.663,brl_per_usd
brl_usd,BRL/USD official exchange rate,market_repricing,bcb_sgs,daily,2008-05-29,1.6496,brl_per_usd
brl_usd,BRL/USD official exchange rate,market_repricing,bcb_sgs,daily,2008-05-30,1.6294,brl_per_usd
brl_usd,BRL/USD official exchange rate,market_repricing,bcb_sgs,daily,2008-06-02,1.632,brl_per_usd
brl_usd,BRL/USD official exchange rate,market_repricing,bcb_sgs,daily,2008-06-03,1.6215,brl_per_usd
brl_usd,BRL/USD official exchange rate,market_repricing,bcb_sgs,daily,2008-06-04,1.6307,brl_per_usd
brl_usd,BRL/USD official exchange rate,market_repricing,bcb_sgs,daily,2008-06-05,1.6262,brl_per_usd
brl_usd,BRL/USD official exchange rate,market_repricing,bcb_sgs,daily,2008-06-06,1.6282,brl_per_usd
brl_usd,BRL/USD official exchange rate,market_repricing,bcb_sgs,daily,2008-06-09,1.6265,brl_per_usd
brl_usd,BRL/USD official exchange rate,market_repricing,bcb_sgs,daily,2008-06-10,1.6392,brl_per_usd
brl_usd,BRL/USD official exchange rate,market_repricing,bcb_sgs,daily,2008-06-11,1.6428,brl_per_usd
brl_usd,BRL/USD official exchange rate,market_repricing,bcb_sgs,daily,2008-06-12,1.64,brl_per_usd
brl_usd,BRL/USD official exchange rate,market_repricing,bcb_sgs,daily,2008-06-13,1.6368,brl_per_usd
brl_usd,BRL/USD official exchange rate,market_repricing,bcb_sgs,daily,2008-06-16,1.6277,brl_per_usd
brl_usd,BRL/USD official exchange rate,market_repricing,bcb_sgs,daily,2008-06-17,1.6127,brl_per_usd
brl_usd,BRL/USD official exchange rate,market_repricing,bcb_sgs,daily,2008-06-18,1.6113,brl_per_usd
brl_usd,BRL/USD official exchange rate,market_repricing,bcb_sgs,daily,2008-06-19,1.6051,brl_per_usd
brl_usd,BRL/USD official exchange rate,market_repricing,bcb_sgs,daily,2008-06-20,1.6042,brl_per_usd
brl_usd,BRL/USD official exchange rate,market_repricing,bcb_sgs,daily,2008-06-23,1.6117,brl_per_usd
brl_usd,BRL/USD official exchange rate,market_repricing,bcb_sgs,daily,2008-06-24,1.6046,brl_per_usd
brl_usd,BRL/USD official exchange rate,market_repricing,bcb_sgs,daily,2008-06-25,1.6001,brl_per_usd
brl_usd,BRL/USD official exchange rate,market_repricing,bcb_sgs,daily,2008-06-26,1.5951,brl_per_usd
brl_usd,BRL/USD official exchange rate,market_repricing,bcb_sgs,daily,2008-06-27,1.6077,brl_per_usd
brl_usd,BRL/USD official exchange rate,market_repricing,bcb_sgs,daily,2008-06-30,1.5919,brl_per_usd
brl_usd,BRL/USD official exchange rate,market_repricing,bcb_sgs,daily,2008-07-01,1.6061,brl_per_usd
brl_usd,BRL/USD official exchange rate,market_repricing,bcb_sgs,daily,2008-07-02,1.5993,brl_per_usd
brl_usd,BRL/USD official exchange rate,market_repricing,bcb_sgs,daily,2008-07-03,1.6089,brl_per_usd
brl_usd,BRL/USD official exchange rate,market_repricing,bcb_sgs,daily,2008-07-04,1.61,brl_per_usd
brl_usd,BRL/USD official exchange rate,market_repricing,bcb_sgs,daily,2008-07-07,1.6041,brl_per_usd
brl_usd,BRL/USD official exchange rate,market_repricing,bcb_sgs,daily,2008-07-08,1.6027,brl_per_usd
brl_usd,BRL/USD official exchange rate,market_repricing,bcb_sgs,daily,2008-07-09,1.6092,brl_per_usd
brl_usd,BRL/USD official exchange rate,market_repricing,bcb_sgs,daily,2008-07-10,1.6147,brl_per_usd
brl_usd,BRL/USD official exchange rate,market_repricing,bcb_sgs,daily,2008-07-11,1.6032,brl_per_usd
brl_usd,BRL/USD official exchange rate,market_repricing,bcb_sgs,daily,2008-07-14,1.5942,brl_per_usd
brl_usd,BRL/USD official exchange rate,market_repricing,bcb_sgs,daily,2008-07-15,1.591,brl_per_usd
brl_usd,BRL/USD official exchange rate,market_repricing,bcb_sgs,daily,2008-07-16,1.596,brl_per_usd
brl_usd,BRL/USD official exchange rate,market_repricing,bcb_sgs,daily,2008-07-17,1.5913,brl_per_usd
brl_usd,BRL/USD official exchange rate,market_repricing,bcb_sgs,daily,2008-07-18,1.5938,brl_per_usd
brl_usd,BRL/USD official exchange rate,market_repricing,bcb_sgs,daily,2008-07-21,1.5818,brl_per_usd
brl_usd,BRL/USD official exchange rate,market_repricing,bcb_sgs,daily,2008-07-22,1.5811,brl_per_usd
brl_usd,BRL/USD official exchange rate,market_repricing,bcb_sgs,daily,2008-07-23,1.5834,brl_per_usd
brl_usd,BRL/USD official exchange rate,market_repricing,bcb_sgs,daily,2008-07-24,1.5781,brl_per_usd
brl_usd,BRL/USD official exchange rate,market_repricing,bcb_sgs,daily,2008-07-25,1.5745,brl_per_usd
brl_usd,BRL/USD official exchange rate,market_repricing,bcb_sgs,daily,2008-07-28,1.5754,brl_per_usd
brl_usd,BRL/USD official exchange rate,market_repricing,bcb_sgs,daily,2008-07-29,1.573,brl_per_usd
brl_usd,BRL/USD official exchange rate,market_repricing,bcb_sgs,daily,2008-07-30,1.5641,brl_per_usd
brl_usd,BRL/USD official exchange rate,market_repricing,bcb_sgs,daily,2008-07-31,1.5666,brl_per_usd
brl_usd,BRL/USD official exchange rate,market_repricing,bcb_sgs,daily,2008-08-01,1.5593,brl_per_usd
brl_usd,BRL/USD official exchange rate,market_repricing,bcb_sgs,daily,2008-08-04,1.5659,brl_per_usd
brl_usd,BRL/USD official exchange rate,market_repricing,bcb_sgs,daily,2008-08-05,1.5732,brl_per_usd
brl_usd,BRL/USD official exchange rate,market_repricing,bcb_sgs,daily,2008-08-06,1.5782,brl_per_usd
brl_usd,BRL/USD official exchange rate,market_repricing,bcb_sgs,daily,2008-08-07,1.5843,brl_per_usd
brl_usd,BRL/USD official exchange rate,market_repricing,bcb_sgs,daily,2008-08-08,1.6136,brl_per_usd
brl_usd,BRL/USD official exchange rate,market_repricing,bcb_sgs,daily,2008-08-11,1.6148,brl_per_usd
brl_usd,BRL/USD official exchange rate,market_repricing,bcb_sgs,daily,2008-08-12,1.6161,brl_per_usd
brl_usd,BRL/USD official exchange rate,market_repricing,bcb_sgs,daily,2008-08-13,1.6211,brl_per_usd
brl_usd,BRL/USD official exchange rate,market_repricing,bcb_sgs,daily,2008-08-14,1.6204,brl_per_usd
brl_usd,BRL/USD official exchange rate,market_repricing,bcb_sgs,daily,2008-08-15,1.6389,brl_per_usd
brl_usd,BRL/USD official exchange rate,market_repricing,bcb_sgs,daily,2008-08-18,1.6349,brl_per_usd
brl_usd,BRL/USD official exchange rate,market_repricing,bcb_sgs,daily,2008-08-19,1.6343,brl_per_usd
brl_usd,BRL/USD official exchange rate,market_repricing,bcb_sgs,daily,2008-08-20,1.6207,brl_per_usd
brl_usd,BRL/USD official exchange rate,market_repricing,bcb_sgs,daily,2008-08-21,1.6143,brl_per_usd
brl_usd,BRL/USD official exchange rate,market_repricing,bcb_sgs,daily,2008-08-22,1.6217,brl_per_usd
brl_usd,BRL/USD official exchange rate,market_repricing,bcb_sgs,daily,2008-08-25,1.6275,brl_per_usd
brl_usd,BRL/USD official exchange rate,market_repricing,bcb_sgs,daily,2008-08-26,1.6375,brl_per_usd
brl_usd,BRL/USD official exchange rate,market_repricing,bcb_sgs,daily,2008-08-27,1.6213,brl_per_usd
brl_usd,BRL/USD official exchange rate,market_repricing,bcb_sgs,daily,2008-08-28,1.6262,brl_per_usd
brl_usd,BRL/USD official exchange rate,market_repricing,bcb_sgs,daily,2008-08-29,1.6344,brl_per_usd
brl_usd,BRL/USD official exchange rate,market_repricing,bcb_sgs,daily,2008-09-01,1.6447,brl_per_usd
brl_usd,BRL/USD official exchange rate,market_repricing,bcb_sgs,daily,2008-09-02,1.6602,brl_per_usd
brl_usd,BRL/USD official exchange rate,market_repricing,bcb_sgs,daily,2008-09-03,1.6728,brl_per_usd
brl_usd,BRL/USD official exchange rate,market_repricing,bcb_sgs,daily,2008-09-04,1.701,brl_per_usd
brl_usd,BRL/USD official exchange rate,market_repricing,bcb_sgs,daily,2008-09-05,1.7305,brl_per_usd
brl_usd,BRL/USD official exchange rate,market_repricing,bcb_sgs,daily,2008-09-08,1.7282,brl_per_usd
brl_usd,BRL/USD official exchange rate,market_repricing,bcb_sgs,daily,2008-09-09,1.7544,brl_per_usd
brl_usd,BRL/USD official exchange rate,market_repricing,bcb_sgs,daily,2008-09-10,1.7858,brl_per_usd
brl_usd,BRL/USD official exchange rate,market_repricing,bcb_sgs,daily,2008-09-11,1.8255,brl_per_usd
brl_usd,BRL/USD official exchange rate,market_repricing,bcb_sgs,daily,2008-09-12,1.7912,brl_per_usd
brl_usd,BRL/USD official exchange rate,market_repricing,bcb_sgs,daily,2008-09-15,1.8125,brl_per_usd
brl_usd,BRL/USD official exchange rate,market_repricing,bcb_sgs,daily,2008-09-16,1.841,brl_per_usd
brl_usd,BRL/USD official exchange rate,market_repricing,bcb_sgs,daily,2008-09-17,1.866,brl_per_usd
brl_usd,BRL/USD official exchange rate,market_repricing,bcb_sgs,daily,2008-09-18,1.9159,brl_per_usd
brl_usd,BRL/USD official exchange rate,market_repricing,bcb_sgs,daily,2008-09-19,1.8398,brl_per_usd
brl_usd,BRL/USD official exchange rate,market_repricing,bcb_sgs,daily,2008-09-22,1.7989,brl_per_usd
brl_usd,BRL/USD official exchange rate,market_repricing,bcb_sgs,daily,2008-09-23,1.8242,brl_per_usd
brl_usd,BRL/USD official exchange rate,market_repricing,bcb_sgs,daily,2008-09-24,1.8445,brl_per_usd
brl_usd,BRL/USD official exchange rate,market_repricing,bcb_sgs,daily,2008-09-25,1.8277,brl_per_usd
brl_usd,BRL/USD official exchange rate,market_repricing,bcb_sgs,daily,2008-09-26,1.8555,brl_per_usd
brl_usd,BRL/USD official exchange rate,market_repricing,bcb_sgs,daily,2008-09-29,1.9559,brl_per_usd
brl_usd,BRL/USD official exchange rate,market_repricing,bcb_sgs,daily,2008-09-30,1.9143,brl_per_usd
brl_usd,BRL/USD official exchange rate,market_repricing,bcb_sgs,daily,2008-10-01,1.9213,brl_per_usd
brl_usd,BRL/USD official exchange rate,market_repricing,bcb_sgs,daily,2008-10-02,2.0081,brl_per_usd
brl_usd,BRL/USD official exchange rate,market_repricing,bcb_sgs,daily,2008-10-03,2.054,brl_per_usd
brl_usd,BRL/USD official exchange rate,market_repricing,bcb_sgs,daily,2008-10-06,2.1769,brl_per_usd
brl_usd,BRL/USD official exchange rate,market_repricing,bcb_sgs,daily,2008-10-07,2.1883,brl_per_usd
brl_usd,BRL/USD official exchange rate,market_repricing,bcb_sgs,daily,2008-10-08,2.3924,brl_per_usd
brl_usd,BRL/USD official exchange rate,market_repricing,bcb_sgs,daily,2008-10-09,2.1818,brl_per_usd
brl_usd,BRL/USD official exchange rate,market_repricing,bcb_sgs,daily,2008-10-10,2.288,brl_per_usd
brl_usd,BRL/USD official exchange rate,market_repricing,bcb_sgs,daily,2008-10-13,2.1562,brl_per_usd
brl_usd,BRL/USD official exchange rate,market_repricing,bcb_sgs,daily,2008-10-14,2.0789,brl_per_usd
brl_usd,BRL/USD official exchange rate,market_repricing,bcb_sgs,daily,2008-10-15,2.1551,brl_per_usd
brl_usd,BRL/USD official exchange rate,market_repricing,bcb_sgs,daily,2008-10-16,2.1854,brl_per_usd
brl_usd,BRL/USD official exchange rate,market_repricing,bcb_sgs,daily,2008-10-17,2.102,brl_per_usd
brl_usd,BRL/USD official exchange rate,market_repricing,bcb_sgs,daily,2008-10-20,2.1174,brl_per_usd
brl_usd,BRL/USD official exchange rate,market_repricing,bcb_sgs,daily,2008-10-21,2.1941,brl_per_usd
brl_usd,BRL/USD official exchange rate,market_repricing,bcb_sgs,daily,2008-10-22,2.365,brl_per_usd
brl_usd,BRL/USD official exchange rate,market_repricing,bcb_sgs,daily,2008-10-23,2.3147,brl_per_usd
brl_usd,BRL/USD official exchange rate,market_repricing,bcb_sgs,daily,2008-10-24,2.3112,brl_per_usd
brl_usd,BRL/USD official exchange rate,market_repricing,bcb_sgs,daily,2008-10-27,2.2524,brl_per_usd
brl_usd,BRL/USD official exchange rate,market_repricing,bcb_sgs,daily,2008-10-28,2.17,brl_per_usd
brl_usd,BRL/USD official exchange rate,market_repricing,bcb_sgs,daily,2008-10-29,2.132,brl_per_usd
brl_usd,BRL/USD official exchange rate,market_repricing,bcb_sgs,daily,2008-10-30,2.1151,brl_per_usd
brl_usd,BRL/USD official exchange rate,market_repricing,bcb_sgs,daily,2008-10-31,2.1153,brl_per_usd
brl_usd,BRL/USD official exchange rate,market_repricing,bcb_sgs,daily,2008-11-03,2.1818,brl_per_usd
brl_usd,BRL/USD official exchange rate,market_repricing,bcb_sgs,daily,2008-11-04,2.1227,brl_per_usd
brl_usd,BRL/USD official exchange rate,market_repricing,bcb_sgs,daily,2008-11-05,2.121,brl_per_usd
brl_usd,BRL/USD official exchange rate,market_repricing,bcb_sgs,daily,2008-11-06,2.1593,brl_per_usd
brl_usd,BRL/USD official exchange rate,market_repricing,bcb_sgs,daily,2008-11-07,2.1613,brl_per_usd
brl_usd,BRL/USD official exchange rate,market_repricing,bcb_sgs,daily,2008-11-10,2.1335,brl_per_usd
brl_usd,BRL/USD official exchange rate,market_repricing,bcb_sgs,daily,2008-11-11,2.201,brl_per_usd
brl_usd,BRL/USD official exchange rate,market_repricing,bcb_sgs,daily,2008-11-12,2.2632,brl_per_usd
brl_usd,BRL/USD official exchange rate,market_repricing,bcb_sgs,daily,2008-11-13,2.3314,brl_per_usd
brl_usd,BRL/USD official exchange rate,market_repricing,bcb_sgs,daily,2008-11-14,2.28,brl_per_usd
brl_usd,BRL/USD official exchange rate,market_repricing,bcb_sgs,daily,2008-11-17,2.294,brl_per_usd
brl_usd,BRL/USD official exchange rate,market_repricing,bcb_sgs,daily,2008-11-18,2.2996,brl_per_usd
brl_usd,BRL/USD official exchange rate,market_repricing,bcb_sgs,daily,2008-11-19,2.3766,brl_per_usd
brl_usd,BRL/USD official exchange rate,market_repricing,bcb_sgs,daily,2008-11-20,2.3962,brl_per_usd
brl_usd,BRL/USD official exchange rate,market_repricing,bcb_sgs,daily,2008-11-21,2.4277,brl_per_usd
brl_usd,BRL/USD official exchange rate,market_repricing,bcb_sgs,daily,2008-11-24,2.35,brl_per_usd
brl_usd,BRL/USD official exchange rate,market_repricing,bcb_sgs,daily,2008-11-25,2.3056,brl_per_usd
brl_usd,BRL/USD official exchange rate,market_repricing,bcb_sgs,daily,2008-11-26,2.3221,brl_per_usd
brl_usd,BRL/USD official exchange rate,market_repricing,bcb_sgs,daily,2008-11-27,2.2657,brl_per_usd
brl_usd,BRL/USD official exchange rate,market_repricing,bcb_sgs,daily,2008-11-28,2.3331,brl_per_usd
brl_usd,BRL/USD official exchange rate,market_repricing,bcb_sgs,daily,2008-12-01,2.3565,brl_per_usd
brl_usd,BRL/USD official exchange rate,market_repricing,bcb_sgs,daily,2008-12-02,2.3457,brl_per_usd
brl_usd,BRL/USD official exchange rate,market_repricing,bcb_sgs,daily,2008-12-03,2.4213,brl_per_usd
brl_usd,BRL/USD official exchange rate,market_repricing,bcb_sgs,daily,2008-12-04,2.4905,brl_per_usd
brl_usd,BRL/USD official exchange rate,market_repricing,bcb_sgs,daily,2008-12-05,2.5004,brl_per_usd
brl_usd,BRL/USD official exchange rate,market_repricing,bcb_sgs,daily,2008-12-08,2.4689,brl_per_usd
brl_usd,BRL/USD official exchange rate,market_repricing,bcb_sgs,daily,2008-12-09,2.4829,brl_per_usd
brl_usd,BRL/USD official exchange rate,market_repricing,bcb_sgs,daily,2008-12-10,2.4683,brl_per_usd
brl_usd,BRL/USD official exchange rate,market_repricing,bcb_sgs,daily,2008-12-11,2.3397,brl_per_usd
brl_usd,BRL/USD official exchange rate,market_repricing,bcb_sgs,daily,2008-12-12,2.392,brl_per_usd
brl_usd,BRL/USD official exchange rate,market_repricing,bcb_sgs,daily,2008-12-15,2.369,brl_per_usd
brl_usd,BRL/USD official exchange rate,market_repricing,bcb_sgs,daily,2008-12-16,2.3783,brl_per_usd
brl_usd,BRL/USD official exchange rate,market_repricing,bcb_sgs,daily,2008-12-17,2.3576,brl_per_usd
brl_usd,BRL/USD official exchange rate,market_repricing,bcb_sgs,daily,2008-12-18,2.3572,brl_per_usd
brl_usd,BRL/USD official exchange rate,market_repricing,bcb_sgs,daily,2008-12-19,2.3859,brl_per_usd
brl_usd,BRL/USD official exchange rate,market_repricing,bcb_sgs,daily,2008-12-22,2.374,brl_per_usd
brl_usd,BRL/USD official exchange rate,market_repricing,bcb_sgs,daily,2008-12-23,2.3829,brl_per_usd
brl_usd,BRL/USD official exchange rate,market_repricing,bcb_sgs,daily,2008-12-24,2.3751,brl_per_usd
brl_usd,BRL/USD official exchange rate,market_repricing,bcb_sgs,daily,2008-12-26,2.3613,brl_per_usd
brl_usd,BRL/USD official exchange rate,market_repricing,bcb_sgs,daily,2008-12-29,2.3956,brl_per_usd
brl_usd,BRL/USD official exchange rate,market_repricing,bcb_sgs,daily,2008-12-30,2.337,brl_per_usd
brl_usd,BRL/USD official exchange rate,market_repricing,bcb_sgs,daily,2008-12-31,2.337,brl_per_usd
brl_usd,BRL/USD official exchange rate,market_repricing,bcb_sgs,daily,2009-01-02,2.3298,brl_per_usd
brl_usd,BRL/USD official exchange rate,market_repricing,bcb_sgs,daily,2009-01-05,2.278,brl_per_usd
brl_usd,BRL/USD official exchange rate,market_repricing,bcb_sgs,daily,2009-01-06,2.1889,brl_per_usd
brl_usd,BRL/USD official exchange rate,market_repricing,bcb_sgs,daily,2009-01-07,2.2174,brl_per_usd
brl_usd,BRL/USD official exchange rate,market_repricing,bcb_sgs,daily,2009-01-08,2.2683,brl_per_usd
brl_usd,BRL/USD official exchange rate,market_repricing,bcb_sgs,daily,2009-01-09,2.2867,brl_per_usd
brl_usd,BRL/USD official exchange rate,market_repricing,bcb_sgs,daily,2009-01-12,2.2969,brl_per_usd
brl_usd,BRL/USD official exchange rate,market_repricing,bcb_sgs,daily,2009-01-13,2.3083,brl_per_usd
brl_usd,BRL/USD official exchange rate,market_repricing,bcb_sgs,daily,2009-01-14,2.3341,brl_per_usd
brl_usd,BRL/USD official exchange rate,market_repricing,bcb_sgs,daily,2009-01-15,2.3803,brl_per_usd
brl_usd,BRL/USD official exchange rate,market_repricing,bcb_sgs,daily,2009-01-16,2.3248,brl_per_usd
brl_usd,BRL/USD official exchange rate,market_repricing,bcb_sgs,daily,2009-01-19,2.3306,brl_per_usd
brl_usd,BRL/USD official exchange rate,market_repricing,bcb_sgs,daily,2009-01-20,2.3548,brl_per_usd
brl_usd,BRL/USD official exchange rate,market_repricing,bcb_sgs,daily,2009-01-21,2.3544,brl_per_usd
brl_usd,BRL/USD official exchange rate,market_repricing,bcb_sgs,daily,2009-01-22,2.3299,brl_per_usd
brl_usd,BRL/USD official exchange rate,market_repricing,bcb_sgs,daily,2009-01-23,2.3568,brl_per_usd
brl_usd,BRL/USD official exchange rate,market_repricing,bcb_sgs,daily,2009-01-26,2.3149,brl_per_usd
brl_usd,BRL/USD official exchange rate,market_repricing,bcb_sgs,daily,2009-01-27,2.3109,brl_per_usd
brl_usd,BRL/USD official exchange rate,market_repricing,bcb_sgs,daily,2009-01-28,2.2982,brl_per_usd
brl_usd,BRL/USD official exchange rate,market_repricing,bcb_sgs,daily,2009-01-29,2.2761,brl_per_usd
brl_usd,BRL/USD official exchange rate,market_repricing,bcb_sgs,daily,2009-01-30,2.3162,brl_per_usd
brl_usd,BRL/USD official exchange rate,market_repricing,bcb_sgs,daily,2009-02-02,2.3475,brl_per_usd
brl_usd,BRL/USD official exchange rate,market_repricing,bcb_sgs,daily,2009-02-03,2.3144,brl_per_usd
brl_usd,BRL/USD official exchange rate,market_repricing,bcb_sgs,daily,2009-02-04,2.2994,brl_per_usd
brl_usd,BRL/USD official exchange rate,market_repricing,bcb_sgs,daily,2009-02-05,2.3065,brl_per_usd
brl_usd,BRL/USD official exchange rate,market_repricing,bcb_sgs,daily,2009-02-06,2.2658,brl_per_usd
brl_usd,BRL/USD official exchange rate,market_repricing,bcb_sgs,daily,2009-02-09,2.2446,brl_per_usd
brl_usd,BRL/USD official exchange rate,market_repricing,bcb_sgs,daily,2009-02-10,2.2528,brl_per_usd
brl_usd,BRL/USD official exchange rate,market_repricing,bcb_sgs,daily,2009-02-11,2.287,brl_per_usd
brl_usd,BRL/USD official exchange rate,market_repricing,bcb_sgs,daily,2009-02-12,2.2909,brl_per_usd
brl_usd,BRL/USD official exchange rate,market_repricing,bcb_sgs,daily,2009-02-13,2.268,brl_per_usd
brl_usd,BRL/USD official exchange rate,market_repricing,bcb_sgs,daily,2009-02-16,2.2719,brl_per_usd
brl_usd,BRL/USD official exchange rate,market_repricing,bcb_sgs,daily,2009-02-17,2.3131,brl_per_usd
brl_usd,BRL/USD official exchange rate,market_repricing,bcb_sgs,daily,2009-02-18,2.3396,brl_per_usd
brl_usd,BRL/USD official exchange rate,market_repricing,bcb_sgs,daily,2009-02-19,2.3249,brl_per_usd
brl_usd,BRL/USD official exchange rate,market_repricing,bcb_sgs,daily,2009-02-20,2.3916,brl_per_usd
brl_usd,BRL/USD official exchange rate,market_repricing,bcb_sgs,daily,2009-02-25,2.3814,brl_per_usd
brl_usd,BRL/USD official exchange rate,market_repricing,bcb_sgs,daily,2009-02-26,2.3503,brl_per_usd
brl_usd,BRL/USD official exchange rate,market_repricing,bcb_sgs,daily,2009-02-27,2.3784,brl_per_usd
brl_usd,BRL/USD official exchange rate,market_repricing,bcb_sgs,daily,2009-03-02,2.4121,brl_per_usd
brl_usd,BRL/USD official exchange rate,market_repricing,bcb_sgs,daily,2009-03-03,2.4218,brl_per_usd
brl_usd,BRL/USD official exchange rate,market_repricing,bcb_sgs,daily,2009-03-04,2.3917,brl_per_usd
brl_usd,BRL/USD official exchange rate,market_repricing,bcb_sgs,daily,2009-03-05,2.3822,brl_per_usd
brl_usd,BRL/USD official exchange rate,market_repricing,bcb_sgs,daily,2009-03-06,2.3768,brl_per_usd
brl_usd,BRL/USD official exchange rate,market_repricing,bcb_sgs,daily,2009-03-09,2.3781,brl_per_usd
brl_usd,BRL/USD official exchange rate,market_repricing,bcb_sgs,daily,2009-03-10,2.3515,brl_per_usd
brl_usd,BRL/USD official exchange rate,market_repricing,bcb_sgs,daily,2009-03-11,2.3366,brl_per_usd
brl_usd,BRL/USD official exchange rate,market_repricing,bcb_sgs,daily,2009-03-12,2.3158,brl_per_usd
brl_usd,BRL/USD official exchange rate,market_repricing,bcb_sgs,daily,2009-03-13,2.3012,brl_per_usd
brl_usd,BRL/USD official exchange rate,market_repricing,bcb_sgs,daily,2009-03-16,2.2705,brl_per_usd
brl_usd,BRL/USD official exchange rate,market_repricing,bcb_sgs,daily,2009-03-17,2.2833,brl_per_usd
brl_usd,BRL/USD official exchange rate,market_repricing,bcb_sgs,daily,2009-03-18,2.2806,brl_per_usd
brl_usd,BRL/USD official exchange rate,market_repricing,bcb_sgs,daily,2009-03-19,2.2379,brl_per_usd
brl_usd,BRL/USD official exchange rate,market_repricing,bcb_sgs,daily,2009-03-20,2.2567,brl_per_usd
brl_usd,BRL/USD official exchange rate,market_repricing,bcb_sgs,daily,2009-03-23,2.2505,brl_per_usd
brl_usd,BRL/USD official exchange rate,market_repricing,bcb_sgs,daily,2009-03-24,2.2567,brl_per_usd
brl_usd,BRL/USD official exchange rate,market_repricing,bcb_sgs,daily,2009-03-25,2.2435,brl_per_usd
brl_usd,BRL/USD official exchange rate,market_repricing,bcb_sgs,daily,2009-03-26,2.2375,brl_per_usd
brl_usd,BRL/USD official exchange rate,market_repricing,bcb_sgs,daily,2009-03-27,2.2745,brl_per_usd
brl_usd,BRL/USD official exchange rate,market_repricing,bcb_sgs,daily,2009-03-30,2.3297,brl_per_usd
brl_usd,BRL/USD official exchange rate,market_repricing,bcb_sgs,daily,2009-03-31,2.3152,brl_per_usd
brl_usd,BRL/USD official exchange rate,market_repricing,bcb_sgs,daily,2009-04-01,2.2899,brl_per_usd
brl_usd,BRL/USD official exchange rate,market_repricing,bcb_sgs,daily,2009-04-02,2.2355,brl_per_usd
brl_usd,BRL/USD official exchange rate,market_repricing,bcb_sgs,daily,2009-04-03,2.2072,brl_per_usd
brl_usd,BRL/USD official exchange rate,market_repricing,bcb_sgs,daily,2009-04-06,2.2252,brl_per_usd
brl_usd,BRL/USD official exchange rate,market_repricing,bcb_sgs,daily,2009-04-07,2.2249,brl_per_usd
brl_usd,BRL/USD official exchange rate,market_repricing,bcb_sgs,daily,2009-04-08,2.2014,brl_per_usd
brl_usd,BRL/USD official exchange rate,market_repricing,bcb_sgs,daily,2009-04-09,2.1766,brl_per_usd
brl_usd,BRL/USD official exchange rate,market_repricing,bcb_sgs,daily,2009-04-13,2.1699,brl_per_usd
brl_usd,BRL/USD official exchange rate,market_repricing,bcb_sgs,daily,2009-04-14,2.1876,brl_per_usd
brl_usd,BRL/USD official exchange rate,market_repricing,bcb_sgs,daily,2009-04-15,2.1992,brl_per_usd
brl_usd,BRL/USD official exchange rate,market_repricing,bcb_sgs,daily,2009-04-16,2.1791,brl_per_usd
brl_usd,BRL/USD official exchange rate,market_repricing,bcb_sgs,daily,2009-04-17,2.1864,brl_per_usd
brl_usd,BRL/USD official exchange rate,market_repricing,bcb_sgs,daily,2009-04-20,2.235,brl_per_usd
brl_usd,BRL/USD official exchange rate,market_repricing,bcb_sgs,daily,2009-04-22,2.2128,brl_per_usd
brl_usd,BRL/USD official exchange rate,market_repricing,bcb_sgs,daily,2009-04-23,2.2107,brl_per_usd
brl_usd,BRL/USD official exchange rate,market_repricing,bcb_sgs,daily,2009-04-24,2.1933,brl_per_usd
brl_usd,BRL/USD official exchange rate,market_repricing,bcb_sgs,daily,2009-04-27,2.2165,brl_per_usd
brl_usd,BRL/USD official exchange rate,market_repricing,bcb_sgs,daily,2009-04-28,2.2037,brl_per_usd
brl_usd,BRL/USD official exchange rate,market_repricing,bcb_sgs,daily,2009-04-29,2.1838,brl_per_usd
brl_usd,BRL/USD official exchange rate,market_repricing,bcb_sgs,daily,2009-04-30,2.1783,brl_per_usd
brl_usd,BRL/USD official exchange rate,market_repricing,bcb_sgs,daily,2009-05-04,2.1369,brl_per_usd
brl_usd,BRL/USD official exchange rate,market_repricing,bcb_sgs,daily,2009-05-05,2.1476,brl_per_usd
brl_usd,BRL/USD official exchange rate,market_repricing,bcb_sgs,daily,2009-05-06,2.1213,brl_per_usd
brl_usd,BRL/USD official exchange rate,market_repricing,bcb_sgs,daily,2009-05-07,2.0984,brl_per_usd
brl_usd,BRL/USD official exchange rate,market_repricing,bcb_sgs,daily,2009-05-08,2.075,brl_per_usd
brl_usd,BRL/USD official exchange rate,market_repricing,bcb_sgs,daily,2009-05-11,2.0579,brl_per_usd
brl_usd,BRL/USD official exchange rate,market_repricing,bcb_sgs,daily,2009-05-12,2.0649,brl_per_usd
brl_usd,BRL/USD official exchange rate,market_repricing,bcb_sgs,daily,2009-05-13,2.0992,brl_per_usd
brl_usd,BRL/USD official exchange rate,market_repricing,bcb_sgs,daily,2009-05-14,2.0929,brl_per_usd
brl_usd,BRL/USD official exchange rate,market_repricing,bcb_sgs,daily,2009-05-15,2.0762,brl_per_usd
brl_usd,BRL/USD official exchange rate,market_repricing,bcb_sgs,daily,2009-05-18,2.0784,brl_per_usd
brl_usd,BRL/USD official exchange rate,market_repricing,bcb_sgs,daily,2009-05-19,2.0488,brl_per_usd
brl_usd,BRL/USD official exchange rate,market_repricing,bcb_sgs,daily,2009-05-20,2.0199,brl_per_usd
brl_usd,BRL/USD official exchange rate,market_repricing,bcb_sgs,daily,2009-05-21,2.0264,brl_per_usd
brl_usd,BRL/USD official exchange rate,market_repricing,bcb_sgs,daily,2009-05-22,2.0279,brl_per_usd
brl_usd,BRL/USD official exchange rate,market_repricing,bcb_sgs,daily,2009-05-25,2.0234,brl_per_usd
brl_usd,BRL/USD official exchange rate,market_repricing,bcb_sgs,daily,2009-05-26,2.0261,brl_per_usd
brl_usd,BRL/USD official exchange rate,market_repricing,bcb_sgs,daily,2009-05-27,2.0095,brl_per_usd
brl_usd,BRL/USD official exchange rate,market_repricing,bcb_sgs,daily,2009-05-28,2.0144,brl_per_usd
brl_usd,BRL/USD official exchange rate,market_repricing,bcb_sgs,daily,2009-05-29,1.973,brl_per_usd
brl_usd,BRL/USD official exchange rate,market_repricing,bcb_sgs,daily,2009-06-01,1.944,brl_per_usd
brl_usd,BRL/USD official exchange rate,market_repricing,bcb_sgs,daily,2009-06-02,1.937,brl_per_usd
brl_usd,BRL/USD official exchange rate,market_repricing,bcb_sgs,daily,2009-06-03,1.96,brl_per_usd
brl_usd,BRL/USD official exchange rate,market_repricing,bcb_sgs,daily,2009-06-04,1.9497,brl_per_usd
brl_usd,BRL/USD official exchange rate,market_repricing,bcb_sgs,daily,2009-06-05,1.9534,brl_per_usd
brl_usd,BRL/USD official exchange rate,market_repricing,bcb_sgs,daily,2009-06-08,1.9704,brl_per_usd
brl_usd,BRL/USD official exchange rate,market_repricing,bcb_sgs,daily,2009-06-09,1.9385,brl_per_usd
brl_usd,BRL/USD official exchange rate,market_repricing,bcb_sgs,daily,2009-06-10,1.9474,brl_per_usd
brl_usd,BRL/USD official exchange rate,market_repricing,bcb_sgs,daily,2009-06-12,1.9301,brl_per_usd
brl_usd,BRL/USD official exchange rate,market_repricing,bcb_sgs,daily,2009-06-15,1.9458,brl_per_usd
brl_usd,BRL/USD official exchange rate,market_repricing,bcb_sgs,daily,2009-06-16,1.9461,brl_per_usd
brl_usd,BRL/USD official exchange rate,market_repricing,bcb_sgs,daily,2009-06-17,1.9784,brl_per_usd
brl_usd,BRL/USD official exchange rate,market_repricing,bcb_sgs,daily,2009-06-18,1.9709,brl_per_usd
brl_usd,BRL/USD official exchange rate,market_repricing,bcb_sgs,daily,2009-06-19,1.9592,brl_per_usd
brl_usd,BRL/USD official exchange rate,market_repricing,bcb_sgs,daily,2009-06-22,2.0074,brl_per_usd
brl_usd,BRL/USD official exchange rate,market_repricing,bcb_sgs,daily,2009-06-23,2.0019,brl_per_usd
brl_usd,BRL/USD official exchange rate,market_repricing,bcb_sgs,daily,2009-06-24,1.9724,brl_per_usd
brl_usd,BRL/USD official exchange rate,market_repricing,bcb_sgs,daily,2009-06-25,1.9562,brl_per_usd
brl_usd,BRL/USD official exchange rate,market_repricing,bcb_sgs,daily,2009-06-26,1.9396,brl_per_usd
brl_usd,BRL/USD official exchange rate,market_repricing,bcb_sgs,daily,2009-06-29,1.9487,brl_per_usd
brl_usd,BRL/USD official exchange rate,market_repricing,bcb_sgs,daily,2009-06-30,1.9516,brl_per_usd
brl_usd,BRL/USD official exchange rate,market_repricing,bcb_sgs,daily,2009-07-01,1.9342,brl_per_usd
brl_usd,BRL/USD official exchange rate,market_repricing,bcb_sgs,daily,2009-07-02,1.9469,brl_per_usd
brl_usd,BRL/USD official exchange rate,market_repricing,bcb_sgs,daily,2009-07-03,1.9474,brl_per_usd
brl_usd,BRL/USD official exchange rate,market_repricing,bcb_sgs,daily,2009-07-06,1.9711,brl_per_usd
brl_usd,BRL/USD official exchange rate,market_repricing,bcb_sgs,daily,2009-07-07,1.9641,brl_per_usd
brl_usd,BRL/USD official exchange rate,market_repricing,bcb_sgs,daily,2009-07-08,1.9982,brl_per_usd
brl_usd,BRL/USD official exchange rate,market_repricing,bcb_sgs,daily,2009-07-09,1.9921,brl_per_usd
brl_usd,BRL/USD official exchange rate,market_repricing,bcb_sgs,daily,2009-07-10,2.0147,brl_per_usd
brl_usd,BRL/USD official exchange rate,market_repricing,bcb_sgs,daily,2009-07-13,1.9895,brl_per_usd
brl_usd,BRL/USD official exchange rate,market_repricing,bcb_sgs,daily,2009-07-14,1.9704,brl_per_usd
brl_usd,BRL/USD official exchange rate,market_repricing,bcb_sgs,daily,2009-07-15,1.942,brl_per_usd
brl_usd,BRL/USD official exchange rate,market_repricing,bcb_sgs,daily,2009-07-16,1.934,brl_per_usd
brl_usd,BRL/USD official exchange rate,market_repricing,bcb_sgs,daily,2009-07-17,1.929,brl_per_usd
brl_usd,BRL/USD official exchange rate,market_repricing,bcb_sgs,daily,2009-07-20,1.9068,brl_per_usd
brl_usd,BRL/USD official exchange rate,market_repricing,bcb_sgs,daily,2009-07-21,1.9043,brl_per_usd
brl_usd,BRL/USD official exchange rate,market_repricing,bcb_sgs,daily,2009-07-22,1.9029,brl_per_usd
brl_usd,BRL/USD official exchange rate,market_repricing,bcb_sgs,daily,2009-07-23,1.8922,brl_per_usd
brl_usd,BRL/USD official exchange rate,market_repricing,bcb_sgs,daily,2009-07-24,1.896,brl_per_usd
brl_usd,BRL/USD official exchange rate,market_repricing,bcb_sgs,daily,2009-07-27,1.8837,brl_per_usd
brl_usd,BRL/USD official exchange rate,market_repricing,bcb_sgs,daily,2009-07-28,1.8819,brl_per_usd
brl_usd,BRL/USD official exchange rate,market_repricing,bcb_sgs,daily,2009-07-29,1.8982,brl_per_usd
brl_usd,BRL/USD official exchange rate,market_repricing,bcb_sgs,daily,2009-07-30,1.8811,brl_per_usd
brl_usd,BRL/USD official exchange rate,market_repricing,bcb_sgs,daily,2009-07-31,1.8726,brl_per_usd
brl_usd,BRL/USD official exchange rate,market_repricing,bcb_sgs,daily,2009-08-03,1.8369,brl_per_usd
brl_usd,BRL/USD official exchange rate,market_repricing,bcb_sgs,daily,2009-08-04,1.8272,brl_per_usd
brl_usd,BRL/USD official exchange rate,market_repricing,bcb_sgs,daily,2009-08-05,1.8181,brl_per_usd
brl_usd,BRL/USD official exchange rate,market_repricing,bcb_sgs,daily,2009-08-06,1.8348,brl_per_usd
brl_usd,BRL/USD official exchange rate,market_repricing,bcb_sgs,daily,2009-08-07,1.8232,brl_per_usd
brl_usd,BRL/USD official exchange rate,market_repricing,bcb_sgs,daily,2009-08-10,1.8412,brl_per_usd
brl_usd,BRL/USD official exchange rate,market_repricing,bcb_sgs,daily,2009-08-11,1.8457,brl_per_usd
brl_usd,BRL/USD official exchange rate,market_repricing,bcb_sgs,daily,2009-08-12,1.8386,brl_per_usd
brl_usd,BRL/USD official exchange rate,market_repricing,bcb_sgs,daily,2009-08-13,1.8325,brl_per_usd
brl_usd,BRL/USD official exchange rate,market_repricing,bcb_sgs,daily,2009-08-14,1.8385,brl_per_usd
brl_usd,BRL/USD official exchange rate,market_repricing,bcb_sgs,daily,2009-08-17,1.8682,brl_per_usd
brl_usd,BRL/USD official exchange rate,market_repricing,bcb_sgs,daily,2009-08-18,1.8574,brl_per_usd
brl_usd,BRL/USD official exchange rate,market_repricing,bcb_sgs,daily,2009-08-19,1.8433,brl_per_usd
brl_usd,BRL/USD official exchange rate,market_repricing,bcb_sgs,daily,2009-08-20,1.8434,brl_per_usd
brl_usd,BRL/USD official exchange rate,market_repricing,bcb_sgs,daily,2009-08-21,1.8297,brl_per_usd
brl_usd,BRL/USD official exchange rate,market_repricing,bcb_sgs,daily,2009-08-24,1.8339,brl_per_usd
brl_usd,BRL/USD official exchange rate,market_repricing,bcb_sgs,daily,2009-08-25,1.8419,brl_per_usd
brl_usd,BRL/USD official exchange rate,market_repricing,bcb_sgs,daily,2009-08-26,1.867,brl_per_usd
brl_usd,BRL/USD official exchange rate,market_repricing,bcb_sgs,daily,2009-08-27,1.8669,brl_per_usd
brl_usd,BRL/USD official exchange rate,market_repricing,bcb_sgs,daily,2009-08-28,1.874,brl_per_usd
brl_usd,BRL/USD official exchange rate,market_repricing,bcb_sgs,daily,2009-08-31,1.8864,brl_per_usd
brl_usd,BRL/USD official exchange rate,market_repricing,bcb_sgs,daily,2009-09-01,1.8829,brl_per_usd
brl_usd,BRL/USD official exchange rate,market_repricing,bcb_sgs,daily,2009-09-02,1.9038,brl_per_usd
brl_usd,BRL/USD official exchange rate,market_repricing,bcb_sgs,daily,2009-09-03,1.8702,brl_per_usd
brl_usd,BRL/USD official exchange rate,market_repricing,bcb_sgs,daily,2009-09-04,1.8501,brl_per_usd
brl_usd,BRL/USD official exchange rate,market_repricing,bcb_sgs,daily,2009-09-08,1.8254,brl_per_usd
brl_usd,BRL/USD official exchange rate,market_repricing,bcb_sgs,daily,2009-09-09,1.828,brl_per_usd
brl_usd,BRL/USD official exchange rate,market_repricing,bcb_sgs,daily,2009-09-10,1.8261,brl_per_usd
brl_usd,BRL/USD official exchange rate,market_repricing,bcb_sgs,daily,2009-09-11,1.8179,brl_per_usd
brl_usd,BRL/USD official exchange rate,market_repricing,bcb_sgs,daily,2009-09-14,1.8197,brl_per_usd
brl_usd,BRL/USD official exchange rate,market_repricing,bcb_sgs,daily,2009-09-15,1.8087,brl_per_usd
brl_usd,BRL/USD official exchange rate,market_repricing,bcb_sgs,daily,2009-09-16,1.7984,brl_per_usd
brl_usd,BRL/USD official exchange rate,market_repricing,bcb_sgs,daily,2009-09-17,1.8094,brl_per_usd
brl_usd,BRL/USD official exchange rate,market_repricing,bcb_sgs,daily,2009-09-18,1.8049,brl_per_usd
brl_usd,BRL/USD official exchange rate,market_repricing,bcb_sgs,daily,2009-09-21,1.8172,brl_per_usd
brl_usd,BRL/USD official exchange rate,market_repricing,bcb_sgs,daily,2009-09-22,1.8061,brl_per_usd
brl_usd,BRL/USD official exchange rate,market_repricing,bcb_sgs,daily,2009-09-23,1.7916,brl_per_usd
brl_usd,BRL/USD official exchange rate,market_repricing,bcb_sgs,daily,2009-09-24,1.7917,brl_per_usd
brl_usd,BRL/USD official exchange rate,market_repricing,bcb_sgs,daily,2009-09-25,1.8017,brl_per_usd
brl_usd,BRL/USD official exchange rate,market_repricing,bcb_sgs,daily,2009-09-28,1.791,brl_per_usd
brl_usd,BRL/USD official exchange rate,market_repricing,bcb_sgs,daily,2009-09-29,1.7928,brl_per_usd
brl_usd,BRL/USD official exchange rate,market_repricing,bcb_sgs,daily,2009-09-30,1.7781,brl_per_usd
brl_usd,BRL/USD official exchange rate,market_repricing,bcb_sgs,daily,2009-10-01,1.7794,brl_per_usd
brl_usd,BRL/USD official exchange rate,market_repricing,bcb_sgs,daily,2009-10-02,1.7844,brl_per_usd
brl_usd,BRL/USD official exchange rate,market_repricing,bcb_sgs,daily,2009-10-05,1.7673,brl_per_usd
brl_usd,BRL/USD official exchange rate,market_repricing,bcb_sgs,daily,2009-10-06,1.7533,brl_per_usd
brl_usd,BRL/USD official exchange rate,market_repricing,bcb_sgs,daily,2009-10-07,1.7595,brl_per_usd
brl_usd,BRL/USD official exchange rate,market_repricing,bcb_sgs,daily,2009-10-08,1.7412,brl_per_usd
brl_usd,BRL/USD official exchange rate,market_repricing,bcb_sgs,daily,2009-10-09,1.7389,brl_per_usd
brl_usd,BRL/USD official exchange rate,market_repricing,bcb_sgs,daily,2009-10-13,1.7298,brl_per_usd
brl_usd,BRL/USD official exchange rate,market_repricing,bcb_sgs,daily,2009-10-14,1.7099,brl_per_usd
brl_usd,BRL/USD official exchange rate,market_repricing,bcb_sgs,daily,2009-10-15,1.7037,brl_per_usd
brl_usd,BRL/USD official exchange rate,market_repricing,bcb_sgs,daily,2009-10-16,1.7135,brl_per_usd
brl_usd,BRL/USD official exchange rate,market_repricing,bcb_sgs,daily,2009-10-19,1.713,brl_per_usd
brl_usd,BRL/USD official exchange rate,market_repricing,bcb_sgs,daily,2009-10-20,1.745,brl_per_usd
brl_usd,BRL/USD official exchange rate,market_repricing,bcb_sgs,daily,2009-10-21,1.744,brl_per_usd
brl_usd,BRL/USD official exchange rate,market_repricing,bcb_sgs,daily,2009-10-22,1.7304,brl_per_usd
brl_usd,BRL/USD official exchange rate,market_repricing,bcb_sgs,daily,2009-10-23,1.7113,brl_per_usd
brl_usd,BRL/USD official exchange rate,market_repricing,bcb_sgs,daily,2009-10-26,1.7157,brl_per_usd
brl_usd,BRL/USD official exchange rate,market_repricing,bcb_sgs,daily,2009-10-27,1.7342,brl_per_usd
brl_usd,BRL/USD official exchange rate,market_repricing,bcb_sgs,daily,2009-10-28,1.7447,brl_per_usd
brl_usd,BRL/USD official exchange rate,market_repricing,bcb_sgs,daily,2009-10-29,1.7436,brl_per_usd
brl_usd,BRL/USD official exchange rate,market_repricing,bcb_sgs,daily,2009-10-30,1.744,brl_per_usd
brl_usd,BRL/USD official exchange rate,market_repricing,bcb_sgs,daily,2009-11-03,1.7588,brl_per_usd
brl_usd,BRL/USD official exchange rate,market_repricing,bcb_sgs,daily,2009-11-04,1.7271,brl_per_usd
brl_usd,BRL/USD official exchange rate,market_repricing,bcb_sgs,daily,2009-11-05,1.724,brl_per_usd
brl_usd,BRL/USD official exchange rate,market_repricing,bcb_sgs,daily,2009-11-06,1.7179,brl_per_usd
brl_usd,BRL/USD official exchange rate,market_repricing,bcb_sgs,daily,2009-11-09,1.7024,brl_per_usd
brl_usd,BRL/USD official exchange rate,market_repricing,bcb_sgs,daily,2009-11-10,1.7096,brl_per_usd
brl_usd,BRL/USD official exchange rate,market_repricing,bcb_sgs,daily,2009-11-11,1.7112,brl_per_usd
brl_usd,BRL/USD official exchange rate,market_repricing,bcb_sgs,daily,2009-11-12,1.725,brl_per_usd
brl_usd,BRL/USD official exchange rate,market_repricing,bcb_sgs,daily,2009-11-13,1.729,brl_per_usd
brl_usd,BRL/USD official exchange rate,market_repricing,bcb_sgs,daily,2009-11-16,1.7127,brl_per_usd
brl_usd,BRL/USD official exchange rate,market_repricing,bcb_sgs,daily,2009-11-17,1.7153,brl_per_usd
brl_usd,BRL/USD official exchange rate,market_repricing,bcb_sgs,daily,2009-11-18,1.7103,brl_per_usd
brl_usd,BRL/USD official exchange rate,market_repricing,bcb_sgs,daily,2009-11-19,1.7287,brl_per_usd
brl_usd,BRL/USD official exchange rate,market_repricing,bcb_sgs,daily,2009-11-20,1.7356,brl_per_usd
brl_usd,BRL/USD official exchange rate,market_repricing,bcb_sgs,daily,2009-11-23,1.7245,brl_per_usd
brl_usd,BRL/USD official exchange rate,market_repricing,bcb_sgs,daily,2009-11-24,1.7282,brl_per_usd
brl_usd,BRL/USD official exchange rate,market_repricing,bcb_sgs,daily,2009-11-25,1.7272,brl_per_usd
brl_usd,BRL/USD official exchange rate,market_repricing,bcb_sgs,daily,2009-11-26,1.7409,brl_per_usd
brl_usd,BRL/USD official exchange rate,market_repricing,bcb_sgs,daily,2009-11-27,1.7443,brl_per_usd
brl_usd,BRL/USD official exchange rate,market_repricing,bcb_sgs,daily,2009-11-30,1.7505,brl_per_usd
brl_usd,BRL/USD official exchange rate,market_repricing,bcb_sgs,daily,2009-12-01,1.7293,brl_per_usd
brl_usd,BRL/USD official exchange rate,market_repricing,bcb_sgs,daily,2009-12-02,1.7201,brl_per_usd
brl_usd,BRL/USD official exchange rate,market_repricing,bcb_sgs,daily,2009-12-03,1.7096,brl_per_usd
brl_usd,BRL/USD official exchange rate,market_repricing,bcb_sgs,daily,2009-12-04,1.7131,brl_per_usd
brl_usd,BRL/USD official exchange rate,market_repricing,bcb_sgs,daily,2009-12-07,1.7302,brl_per_usd
brl_usd,BRL/USD official exchange rate,market_repricing,bcb_sgs,daily,2009-12-08,1.7482,brl_per_usd
brl_usd,BRL/USD official exchange rate,market_repricing,bcb_sgs,daily,2009-12-09,1.7611,brl_per_usd
brl_usd,BRL/USD official exchange rate,market_repricing,bcb_sgs,daily,2009-12-10,1.7627,brl_per_usd
brl_usd,BRL/USD official exchange rate,market_repricing,bcb_sgs,daily,2009-12-11,1.7521,brl_per_usd
brl_usd,BRL/USD official exchange rate,market_repricing,bcb_sgs,daily,2009-12-14,1.7483,brl_per_usd
brl_usd,BRL/USD official exchange rate,market_repricing,bcb_sgs,daily,2009-12-15,1.7557,brl_per_usd
brl_usd,BRL/USD official exchange rate,market_repricing,bcb_sgs,daily,2009-12-16,1.7518,brl_per_usd
brl_usd,BRL/USD official exchange rate,market_repricing,bcb_sgs,daily,2009-12-17,1.7823,brl_per_usd
brl_usd,BRL/USD official exchange rate,market_repricing,bcb_sgs,daily,2009-12-18,1.7879,brl_per_usd
brl_usd,BRL/USD official exchange rate,market_repricing,bcb_sgs,daily,2009-12-21,1.7787,brl_per_usd
brl_usd,BRL/USD official exchange rate,market_repricing,bcb_sgs,daily,2009-12-22,1.7825,brl_per_usd
brl_usd,BRL/USD official exchange rate,market_repricing,bcb_sgs,daily,2009-12-23,1.7763,brl_per_usd
brl_usd,BRL/USD official exchange rate,market_repricing,bcb_sgs,daily,2009-12-24,1.7527,brl_per_usd
brl_usd,BRL/USD official exchange rate,market_repricing,bcb_sgs,daily,2009-12-28,1.7398,brl_per_usd
brl_usd,BRL/USD official exchange rate,market_repricing,bcb_sgs,daily,2009-12-29,1.7421,brl_per_usd
brl_usd,BRL/USD official exchange rate,market_repricing,bcb_sgs,daily,2009-12-30,1.7412,brl_per_usd
brl_usd,BRL/USD official exchange rate,market_repricing,bcb_sgs,daily,2009-12-31,1.7412,brl_per_usd
brl_usd,BRL/USD official exchange rate,market_repricing,bcb_sgs,daily,2010-01-04,1.724,brl_per_usd
brl_usd,BRL/USD official exchange rate,market_repricing,bcb_sgs,daily,2010-01-05,1.7227,brl_per_usd
brl_usd,BRL/USD official exchange rate,market_repricing,bcb_sgs,daily,2010-01-06,1.7337,brl_per_usd
brl_usd,BRL/USD official exchange rate,market_repricing,bcb_sgs,daily,2010-01-07,1.7413,brl_per_usd
brl_usd,BRL/USD official exchange rate,market_repricing,bcb_sgs,daily,2010-01-08,1.739,brl_per_usd
brl_usd,BRL/USD official exchange rate,market_repricing,bcb_sgs,daily,2010-01-11,1.7323,brl_per_usd
brl_usd,BRL/USD official exchange rate,market_repricing,bcb_sgs,daily,2010-01-12,1.7439,brl_per_usd
brl_usd,BRL/USD official exchange rate,market_repricing,bcb_sgs,daily,2010-01-13,1.7442,brl_per_usd
brl_usd,BRL/USD official exchange rate,market_repricing,bcb_sgs,daily,2010-01-14,1.7648,brl_per_usd
brl_usd,BRL/USD official exchange rate,market_repricing,bcb_sgs,daily,2010-01-15,1.7711,brl_per_usd
brl_usd,BRL/USD official exchange rate,market_repricing,bcb_sgs,daily,2010-01-18,1.7721,brl_per_usd
brl_usd,BRL/USD official exchange rate,market_repricing,bcb_sgs,daily,2010-01-19,1.7747,brl_per_usd
brl_usd,BRL/USD official exchange rate,market_repricing,bcb_sgs,daily,2010-01-20,1.7854,brl_per_usd
brl_usd,BRL/USD official exchange rate,market_repricing,bcb_sgs,daily,2010-01-21,1.7903,brl_per_usd
brl_usd,BRL/USD official exchange rate,market_repricing,bcb_sgs,daily,2010-01-22,1.8187,brl_per_usd
brl_usd,BRL/USD official exchange rate,market_repricing,bcb_sgs,daily,2010-01-25,1.8194,brl_per_usd
brl_usd,BRL/USD official exchange rate,market_repricing,bcb_sgs,daily,2010-01-26,1.8367,brl_per_usd
brl_usd,BRL/USD official exchange rate,market_repricing,bcb_sgs,daily,2010-01-27,1.8513,brl_per_usd
brl_usd,BRL/USD official exchange rate,market_repricing,bcb_sgs,daily,2010-01-28,1.856,brl_per_usd
brl_usd,BRL/USD official exchange rate,market_repricing,bcb_sgs,daily,2010-01-29,1.8748,brl_per_usd
brl_usd,BRL/USD official exchange rate,market_repricing,bcb_sgs,daily,2010-02-01,1.8773,brl_per_usd
brl_usd,BRL/USD official exchange rate,market_repricing,bcb_sgs,daily,2010-02-02,1.8363,brl_per_usd
brl_usd,BRL/USD official exchange rate,market_repricing,bcb_sgs,daily,2010-02-03,1.8337,brl_per_usd
brl_usd,BRL/USD official exchange rate,market_repricing,bcb_sgs,daily,2010-02-04,1.8715,brl_per_usd
brl_usd,BRL/USD official exchange rate,market_repricing,bcb_sgs,daily,2010-02-05,1.8753,brl_per_usd
brl_usd,BRL/USD official exchange rate,market_repricing,bcb_sgs,daily,2010-02-08,1.873,brl_per_usd
brl_usd,BRL/USD official exchange rate,market_repricing,bcb_sgs,daily,2010-02-09,1.855,brl_per_usd
brl_usd,BRL/USD official exchange rate,market_repricing,bcb_sgs,daily,2010-02-10,1.8483,brl_per_usd
brl_usd,BRL/USD official exchange rate,market_repricing,bcb_sgs,daily,2010-02-11,1.8516,brl_per_usd
brl_usd,BRL/USD official exchange rate,market_repricing,bcb_sgs,daily,2010-02-12,1.867,brl_per_usd
brl_usd,BRL/USD official exchange rate,market_repricing,bcb_sgs,daily,2010-02-17,1.8313,brl_per_usd
brl_usd,BRL/USD official exchange rate,market_repricing,bcb_sgs,daily,2010-02-18,1.8266,brl_per_usd
brl_usd,BRL/USD official exchange rate,market_repricing,bcb_sgs,daily,2010-02-19,1.8116,brl_per_usd
brl_usd,BRL/USD official exchange rate,market_repricing,bcb_sgs,daily,2010-02-22,1.8046,brl_per_usd
brl_usd,BRL/USD official exchange rate,market_repricing,bcb_sgs,daily,2010-02-23,1.8186,brl_per_usd
brl_usd,BRL/USD official exchange rate,market_repricing,bcb_sgs,daily,2010-02-24,1.8203,brl_per_usd
brl_usd,BRL/USD official exchange rate,market_repricing,bcb_sgs,daily,2010-02-25,1.8364,brl_per_usd
brl_usd,BRL/USD official exchange rate,market_repricing,bcb_sgs,daily,2010-02-26,1.811,brl_per_usd
brl_usd,BRL/USD official exchange rate,market_repricing,bcb_sgs,daily,2010-03-01,1.8,brl_per_usd
brl_usd,BRL/USD official exchange rate,market_repricing,bcb_sgs,daily,2010-03-02,1.7851,brl_per_usd
brl_usd,BRL/USD official exchange rate,market_repricing,bcb_sgs,daily,2010-03-03,1.7846,brl_per_usd
brl_usd,BRL/USD official exchange rate,market_repricing,bcb_sgs,daily,2010-03-04,1.7888,brl_per_usd
brl_usd,BRL/USD official exchange rate,market_repricing,bcb_sgs,daily,2010-03-05,1.7824,brl_per_usd
brl_usd,BRL/USD official exchange rate,market_repricing,bcb_sgs,daily,2010-03-08,1.7826,brl_per_usd
brl_usd,BRL/USD official exchange rate,market_repricing,bcb_sgs,daily,2010-03-09,1.7899,brl_per_usd
brl_usd,BRL/USD official exchange rate,market_repricing,bcb_sgs,daily,2010-03-10,1.7716,brl_per_usd
brl_usd,BRL/USD official exchange rate,market_repricing,bcb_sgs,daily,2010-03-11,1.7693,brl_per_usd
brl_usd,BRL/USD official exchange rate,market_repricing,bcb_sgs,daily,2010-03-12,1.7637,brl_per_usd
brl_usd,BRL/USD official exchange rate,market_repricing,bcb_sgs,daily,2010-03-15,1.7644,brl_per_usd
brl_usd,BRL/USD official exchange rate,market_repricing,bcb_sgs,daily,2010-03-16,1.7666,brl_per_usd
brl_usd,BRL/USD official exchange rate,market_repricing,bcb_sgs,daily,2010-03-17,1.764,brl_per_usd
brl_usd,BRL/USD official exchange rate,market_repricing,bcb_sgs,daily,2010-03-18,1.7848,brl_per_usd
brl_usd,BRL/USD official exchange rate,market_repricing,bcb_sgs,daily,2010-03-19,1.7954,brl_per_usd
brl_usd,BRL/USD official exchange rate,market_repricing,bcb_sgs,daily,2010-03-22,1.803,brl_per_usd
brl_usd,BRL/USD official exchange rate,market_repricing,bcb_sgs,daily,2010-03-23,1.7813,brl_per_usd
brl_usd,BRL/USD official exchange rate,market_repricing,bcb_sgs,daily,2010-03-24,1.7904,brl_per_usd
brl_usd,BRL/USD official exchange rate,market_repricing,bcb_sgs,daily,2010-03-25,1.8008,brl_per_usd
brl_usd,BRL/USD official exchange rate,market_repricing,bcb_sgs,daily,2010-03-26,1.8231,brl_per_usd
brl_usd,BRL/USD official exchange rate,market_repricing,bcb_sgs,daily,2010-03-29,1.8064,brl_per_usd
brl_usd,BRL/USD official exchange rate,market_repricing,bcb_sgs,daily,2010-03-30,1.7952,brl_per_usd
brl_usd,BRL/USD official exchange rate,market_repricing,bcb_sgs,daily,2010-03-31,1.781,brl_per_usd
brl_usd,BRL/USD official exchange rate,market_repricing,bcb_sgs,daily,2010-04-01,1.7701,brl_per_usd
brl_usd,BRL/USD official exchange rate,market_repricing,bcb_sgs,daily,2010-04-05,1.7573,brl_per_usd
brl_usd,BRL/USD official exchange rate,market_repricing,bcb_sgs,daily,2010-04-06,1.7605,brl_per_usd
brl_usd,BRL/USD official exchange rate,market_repricing,bcb_sgs,daily,2010-04-07,1.7662,brl_per_usd
brl_usd,BRL/USD official exchange rate,market_repricing,bcb_sgs,daily,2010-04-08,1.7806,brl_per_usd
brl_usd,BRL/USD official exchange rate,market_repricing,bcb_sgs,daily,2010-04-09,1.773,brl_per_usd
brl_usd,BRL/USD official exchange rate,market_repricing,bcb_sgs,daily,2010-04-12,1.7608,brl_per_usd
brl_usd,BRL/USD official exchange rate,market_repricing,bcb_sgs,daily,2010-04-13,1.7584,brl_per_usd
brl_usd,BRL/USD official exchange rate,market_repricing,bcb_sgs,daily,2010-04-14,1.7446,brl_per_usd
brl_usd,BRL/USD official exchange rate,market_repricing,bcb_sgs,daily,2010-04-15,1.7483,brl_per_usd
brl_usd,BRL/USD official exchange rate,market_repricing,bcb_sgs,daily,2010-04-16,1.7558,brl_per_usd
brl_usd,BRL/USD official exchange rate,market_repricing,bcb_sgs,daily,2010-04-19,1.7588,brl_per_usd
brl_usd,BRL/USD official exchange rate,market_repricing,bcb_sgs,daily,2010-04-20,1.7497,brl_per_usd
brl_usd,BRL/USD official exchange rate,market_repricing,bcb_sgs,daily,2010-04-22,1.7626,brl_per_usd
brl_usd,BRL/USD official exchange rate,market_repricing,bcb_sgs,daily,2010-04-23,1.7624,brl_per_usd
brl_usd,BRL/USD official exchange rate,market_repricing,bcb_sgs,daily,2010-04-26,1.7446,brl_per_usd
brl_usd,BRL/USD official exchange rate,market_repricing,bcb_sgs,daily,2010-04-27,1.7592,brl_per_usd
brl_usd,BRL/USD official exchange rate,market_repricing,bcb_sgs,daily,2010-04-28,1.7558,brl_per_usd
brl_usd,BRL/USD official exchange rate,market_repricing,bcb_sgs,daily,2010-04-29,1.7321,brl_per_usd
brl_usd,BRL/USD official exchange rate,market_repricing,bcb_sgs,daily,2010-04-30,1.7306,brl_per_usd
brl_usd,BRL/USD official exchange rate,market_repricing,bcb_sgs,daily,2010-05-03,1.7315,brl_per_usd
brl_usd,BRL/USD official exchange rate,market_repricing,bcb_sgs,daily,2010-05-04,1.7557,brl_per_usd
brl_usd,BRL/USD official exchange rate,market_repricing,bcb_sgs,daily,2010-05-05,1.7862,brl_per_usd
brl_usd,BRL/USD official exchange rate,market_repricing,bcb_sgs,daily,2010-05-06,1.8353,brl_per_usd
brl_usd,BRL/USD official exchange rate,market_repricing,bcb_sgs,daily,2010-05-07,1.8343,brl_per_usd
brl_usd,BRL/USD official exchange rate,market_repricing,bcb_sgs,daily,2010-05-10,1.7833,brl_per_usd
brl_usd,BRL/USD official exchange rate,market_repricing,bcb_sgs,daily,2010-05-11,1.7843,brl_per_usd
brl_usd,BRL/USD official exchange rate,market_repricing,bcb_sgs,daily,2010-05-12,1.7723,brl_per_usd
brl_usd,BRL/USD official exchange rate,market_repricing,bcb_sgs,daily,2010-05-13,1.7737,brl_per_usd
brl_usd,BRL/USD official exchange rate,market_repricing,bcb_sgs,daily,2010-05-14,1.7967,brl_per_usd
brl_usd,BRL/USD official exchange rate,market_repricing,bcb_sgs,daily,2010-05-17,1.8045,brl_per_usd
brl_usd,BRL/USD official exchange rate,market_repricing,bcb_sgs,daily,2010-05-18,1.7921,brl_per_usd
brl_usd,BRL/USD official exchange rate,market_repricing,bcb_sgs,daily,2010-05-19,1.8366,brl_per_usd
brl_usd,BRL/USD official exchange rate,market_repricing,bcb_sgs,daily,2010-05-20,1.8677,brl_per_usd
brl_usd,BRL/USD official exchange rate,market_repricing,bcb_sgs,daily,2010-05-21,1.871,brl_per_usd
brl_usd,BRL/USD official exchange rate,market_repricing,bcb_sgs,daily,2010-05-24,1.8522,brl_per_usd
brl_usd,BRL/USD official exchange rate,market_repricing,bcb_sgs,daily,2010-05-25,1.8811,brl_per_usd
brl_usd,BRL/USD official exchange rate,market_repricing,bcb_sgs,daily,2010-05-26,1.8461,brl_per_usd
brl_usd,BRL/USD official exchange rate,market_repricing,bcb_sgs,daily,2010-05-27,1.8328,brl_per_usd
brl_usd,BRL/USD official exchange rate,market_repricing,bcb_sgs,daily,2010-05-28,1.8229,brl_per_usd
brl_usd,BRL/USD official exchange rate,market_repricing,bcb_sgs,daily,2010-05-31,1.8167,brl_per_usd
brl_usd,BRL/USD official exchange rate,market_repricing,bcb_sgs,daily,2010-06-01,1.8255,brl_per_usd
brl_usd,BRL/USD official exchange rate,market_repricing,bcb_sgs,daily,2010-06-02,1.8362,brl_per_usd
brl_usd,BRL/USD official exchange rate,market_repricing,bcb_sgs,daily,2010-06-04,1.8401,brl_per_usd
brl_usd,BRL/USD official exchange rate,market_repricing,bcb_sgs,daily,2010-06-07,1.8634,brl_per_usd
brl_usd,BRL/USD official exchange rate,market_repricing,bcb_sgs,daily,2010-06-08,1.8658,brl_per_usd
brl_usd,BRL/USD official exchange rate,market_repricing,bcb_sgs,daily,2010-06-09,1.8423,brl_per_usd
brl_usd,BRL/USD official exchange rate,market_repricing,bcb_sgs,daily,2010-06-10,1.8185,brl_per_usd
brl_usd,BRL/USD official exchange rate,market_repricing,bcb_sgs,daily,2010-06-11,1.8125,brl_per_usd
brl_usd,BRL/USD official exchange rate,market_repricing,bcb_sgs,daily,2010-06-14,1.803,brl_per_usd
brl_usd,BRL/USD official exchange rate,market_repricing,bcb_sgs,daily,2010-06-15,1.7971,brl_per_usd
brl_usd,BRL/USD official exchange rate,market_repricing,bcb_sgs,daily,2010-06-16,1.7893,brl_per_usd
brl_usd,BRL/USD official exchange rate,market_repricing,bcb_sgs,daily,2010-06-17,1.7817,brl_per_usd
brl_usd,BRL/USD official exchange rate,market_repricing,bcb_sgs,daily,2010-06-18,1.7761,brl_per_usd
brl_usd,BRL/USD official exchange rate,market_repricing,bcb_sgs,daily,2010-06-21,1.7663,brl_per_usd
brl_usd,BRL/USD official exchange rate,market_repricing,bcb_sgs,daily,2010-06-22,1.768,brl_per_usd
brl_usd,BRL/USD official exchange rate,market_repricing,bcb_sgs,daily,2010-06-23,1.7908,brl_per_usd
brl_usd,BRL/USD official exchange rate,market_repricing,bcb_sgs,daily,2010-06-24,1.7907,brl_per_usd
brl_usd,BRL/USD official exchange rate,market_repricing,bcb_sgs,daily,2010-06-25,1.7781,brl_per_usd
brl_usd,BRL/USD official exchange rate,market_repricing,bcb_sgs,daily,2010-06-28,1.7826,brl_per_usd
brl_usd,BRL/USD official exchange rate,market_repricing,bcb_sgs,daily,2010-06-29,1.8076,brl_per_usd
brl_usd,BRL/USD official exchange rate,market_repricing,bcb_sgs,daily,2010-06-30,1.8015,brl_per_usd
brl_usd,BRL/USD official exchange rate,market_repricing,bcb_sgs,daily,2010-07-01,1.8006,brl_per_usd
brl_usd,BRL/USD official exchange rate,market_repricing,bcb_sgs,daily,2010-07-02,1.7785,brl_per_usd
brl_usd,BRL/USD official exchange rate,market_repricing,bcb_sgs,daily,2010-07-05,1.7755,brl_per_usd
brl_usd,BRL/USD official exchange rate,market_repricing,bcb_sgs,daily,2010-07-06,1.7665,brl_per_usd
brl_usd,BRL/USD official exchange rate,market_repricing,bcb_sgs,daily,2010-07-07,1.7719,brl_per_usd
brl_usd,BRL/USD official exchange rate,market_repricing,bcb_sgs,daily,2010-07-08,1.7652,brl_per_usd
brl_usd,BRL/USD official exchange rate,market_repricing,bcb_sgs,daily,2010-07-09,1.7572,brl_per_usd
brl_usd,BRL/USD official exchange rate,market_repricing,bcb_sgs,daily,2010-07-12,1.7644,brl_per_usd
brl_usd,BRL/USD official exchange rate,market_repricing,bcb_sgs,daily,2010-07-13,1.7525,brl_per_usd
brl_usd,BRL/USD official exchange rate,market_repricing,bcb_sgs,daily,2010-07-14,1.7657,brl_per_usd
brl_usd,BRL/USD official exchange rate,market_repricing,bcb_sgs,daily,2010-07-15,1.769,brl_per_usd
brl_usd,BRL/USD official exchange rate,market_repricing,bcb_sgs,daily,2010-07-16,1.7792,brl_per_usd
brl_usd,BRL/USD official exchange rate,market_repricing,bcb_sgs,daily,2010-07-19,1.7854,brl_per_usd
brl_usd,BRL/USD official exchange rate,market_repricing,bcb_sgs,daily,2010-07-20,1.78,brl_per_usd
brl_usd,BRL/USD official exchange rate,market_repricing,bcb_sgs,daily,2010-07-21,1.7766,brl_per_usd
brl_usd,BRL/USD official exchange rate,market_repricing,bcb_sgs,daily,2010-07-22,1.7629,brl_per_usd
brl_usd,BRL/USD official exchange rate,market_repricing,bcb_sgs,daily,2010-07-23,1.7617,brl_per_usd
brl_usd,BRL/USD official exchange rate,market_repricing,bcb_sgs,daily,2010-07-26,1.7669,brl_per_usd
brl_usd,BRL/USD official exchange rate,market_repricing,bcb_sgs,daily,2010-07-27,1.7658,brl_per_usd
brl_usd,BRL/USD official exchange rate,market_repricing,bcb_sgs,daily,2010-07-28,1.765,brl_per_usd
brl_usd,BRL/USD official exchange rate,market_repricing,bcb_sgs,daily,2010-07-29,1.7643,brl_per_usd
brl_usd,BRL/USD official exchange rate,market_repricing,bcb_sgs,daily,2010-07-30,1.7572,brl_per_usd
brl_usd,BRL/USD official exchange rate,market_repricing,bcb_sgs,daily,2010-08-02,1.7489,brl_per_usd
brl_usd,BRL/USD official exchange rate,market_repricing,bcb_sgs,daily,2010-08-03,1.7594,brl_per_usd
brl_usd,BRL/USD official exchange rate,market_repricing,bcb_sgs,daily,2010-08-04,1.7563,brl_per_usd
brl_usd,BRL/USD official exchange rate,market_repricing,bcb_sgs,daily,2010-08-05,1.7535,brl_per_usd
brl_usd,BRL/USD official exchange rate,market_repricing,bcb_sgs,daily,2010-08-06,1.7566,brl_per_usd
brl_usd,BRL/USD official exchange rate,market_repricing,bcb_sgs,daily,2010-08-09,1.7537,brl_per_usd
brl_usd,BRL/USD official exchange rate,market_repricing,bcb_sgs,daily,2010-08-10,1.7576,brl_per_usd
brl_usd,BRL/USD official exchange rate,market_repricing,bcb_sgs,daily,2010-08-11,1.7663,brl_per_usd
brl_usd,BRL/USD official exchange rate,market_repricing,bcb_sgs,daily,2010-08-12,1.7731,brl_per_usd
brl_usd,BRL/USD official exchange rate,market_repricing,bcb_sgs,daily,2010-08-13,1.7716,brl_per_usd
brl_usd,BRL/USD official exchange rate,market_repricing,bcb_sgs,daily,2010-08-16,1.7639,brl_per_usd
brl_usd,BRL/USD official exchange rate,market_repricing,bcb_sgs,daily,2010-08-17,1.7528,brl_per_usd
brl_usd,BRL/USD official exchange rate,market_repricing,bcb_sgs,daily,2010-08-18,1.7513,brl_per_usd
brl_usd,BRL/USD official exchange rate,market_repricing,bcb_sgs,daily,2010-08-19,1.7584,brl_per_usd
brl_usd,BRL/USD official exchange rate,market_repricing,bcb_sgs,daily,2010-08-20,1.7597,brl_per_usd
brl_usd,BRL/USD official exchange rate,market_repricing,bcb_sgs,daily,2010-08-23,1.7587,brl_per_usd
brl_usd,BRL/USD official exchange rate,market_repricing,bcb_sgs,daily,2010-08-24,1.7727,brl_per_usd
brl_usd,BRL/USD official exchange rate,market_repricing,bcb_sgs,daily,2010-08-25,1.7668,brl_per_usd
brl_usd,BRL/USD official exchange rate,market_repricing,bcb_sgs,daily,2010-08-26,1.7596,brl_per_usd
brl_usd,BRL/USD official exchange rate,market_repricing,bcb_sgs,daily,2010-08-27,1.7544,brl_per_usd
brl_usd,BRL/USD official exchange rate,market_repricing,bcb_sgs,daily,2010-08-30,1.7591,brl_per_usd
brl_usd,BRL/USD official exchange rate,market_repricing,bcb_sgs,daily,2010-08-31,1.756,brl_per_usd
brl_usd,BRL/USD official exchange rate,market_repricing,bcb_sgs,daily,2010-09-01,1.7441,brl_per_usd
brl_usd,BRL/USD official exchange rate,market_repricing,bcb_sgs,daily,2010-09-02,1.7367,brl_per_usd
brl_usd,BRL/USD official exchange rate,market_repricing,bcb_sgs,daily,2010-09-03,1.7281,brl_per_usd
brl_usd,BRL/USD official exchange rate,market_repricing,bcb_sgs,daily,2010-09-06,1.7259,brl_per_usd
brl_usd,BRL/USD official exchange rate,market_repricing,bcb_sgs,daily,2010-09-08,1.7231,brl_per_usd
brl_usd,BRL/USD official exchange rate,market_repricing,bcb_sgs,daily,2010-09-09,1.7238,brl_per_usd
brl_usd,BRL/USD official exchange rate,market_repricing,bcb_sgs,daily,2010-09-10,1.7186,brl_per_usd
brl_usd,BRL/USD official exchange rate,market_repricing,bcb_sgs,daily,2010-09-13,1.7174,brl_per_usd
brl_usd,BRL/USD official exchange rate,market_repricing,bcb_sgs,daily,2010-09-14,1.7076,brl_per_usd
brl_usd,BRL/USD official exchange rate,market_repricing,bcb_sgs,daily,2010-09-15,1.7169,brl_per_usd
brl_usd,BRL/USD official exchange rate,market_repricing,bcb_sgs,daily,2010-09-16,1.7184,brl_per_usd
brl_usd,BRL/USD official exchange rate,market_repricing,bcb_sgs,daily,2010-09-17,1.7166,brl_per_usd
brl_usd,BRL/USD official exchange rate,market_repricing,bcb_sgs,daily,2010-09-20,1.7216,brl_per_usd
brl_usd,BRL/USD official exchange rate,market_repricing,bcb_sgs,daily,2010-09-21,1.7255,brl_per_usd
brl_usd,BRL/USD official exchange rate,market_repricing,bcb_sgs,daily,2010-09-22,1.7184,brl_per_usd
brl_usd,BRL/USD official exchange rate,market_repricing,bcb_sgs,daily,2010-09-23,1.7194,brl_per_usd
brl_usd,BRL/USD official exchange rate,market_repricing,bcb_sgs,daily,2010-09-24,1.712,brl_per_usd
brl_usd,BRL/USD official exchange rate,market_repricing,bcb_sgs,daily,2010-09-27,1.71,brl_per_usd
brl_usd,BRL/USD official exchange rate,market_repricing,bcb_sgs,daily,2010-09-28,1.7093,brl_per_usd
brl_usd,BRL/USD official exchange rate,market_repricing,bcb_sgs,daily,2010-09-29,1.7053,brl_per_usd
brl_usd,BRL/USD official exchange rate,market_repricing,bcb_sgs,daily,2010-09-30,1.6942,brl_per_usd
brl_usd,BRL/USD official exchange rate,market_repricing,bcb_sgs,daily,2010-10-01,1.6812,brl_per_usd
brl_usd,BRL/USD official exchange rate,market_repricing,bcb_sgs,daily,2010-10-04,1.6882,brl_per_usd
brl_usd,BRL/USD official exchange rate,market_repricing,bcb_sgs,daily,2010-10-05,1.6808,brl_per_usd
brl_usd,BRL/USD official exchange rate,market_repricing,bcb_sgs,daily,2010-10-06,1.6758,brl_per_usd
brl_usd,BRL/USD official exchange rate,market_repricing,bcb_sgs,daily,2010-10-07,1.6777,brl_per_usd
brl_usd,BRL/USD official exchange rate,market_repricing,bcb_sgs,daily,2010-10-08,1.6804,brl_per_usd
brl_usd,BRL/USD official exchange rate,market_repricing,bcb_sgs,daily,2010-10-11,1.6648,brl_per_usd
brl_usd,BRL/USD official exchange rate,market_repricing,bcb_sgs,daily,2010-10-13,1.6554,brl_per_usd
brl_usd,BRL/USD official exchange rate,market_repricing,bcb_sgs,daily,2010-10-14,1.6596,brl_per_usd
brl_usd,BRL/USD official exchange rate,market_repricing,bcb_sgs,daily,2010-10-15,1.6604,brl_per_usd
brl_usd,BRL/USD official exchange rate,market_repricing,bcb_sgs,daily,2010-10-18,1.6686,brl_per_usd
brl_usd,BRL/USD official exchange rate,market_repricing,bcb_sgs,daily,2010-10-19,1.6868,brl_per_usd
brl_usd,BRL/USD official exchange rate,market_repricing,bcb_sgs,daily,2010-10-20,1.6735,brl_per_usd
brl_usd,BRL/USD official exchange rate,market_repricing,bcb_sgs,daily,2010-10-21,1.6897,brl_per_usd
brl_usd,BRL/USD official exchange rate,market_repricing,bcb_sgs,daily,2010-10-22,1.6997,brl_per_usd
brl_usd,BRL/USD official exchange rate,market_repricing,bcb_sgs,daily,2010-10-25,1.7026,brl_per_usd
brl_usd,BRL/USD official exchange rate,market_repricing,bcb_sgs,daily,2010-10-26,1.7045,brl_per_usd
brl_usd,BRL/USD official exchange rate,market_repricing,bcb_sgs,daily,2010-10-27,1.7077,brl_per_usd
brl_usd,BRL/USD official exchange rate,market_repricing,bcb_sgs,daily,2010-10-28,1.7112,brl_per_usd
brl_usd,BRL/USD official exchange rate,market_repricing,bcb_sgs,daily,2010-10-29,1.7014,brl_per_usd
brl_usd,BRL/USD official exchange rate,market_repricing,bcb_sgs,daily,2010-11-01,1.7044,brl_per_usd
brl_usd,BRL/USD official exchange rate,market_repricing,bcb_sgs,daily,2010-11-03,1.6937,brl_per_usd
brl_usd,BRL/USD official exchange rate,market_repricing,bcb_sgs,daily,2010-11-04,1.6819,brl_per_usd
brl_usd,BRL/USD official exchange rate,market_repricing,bcb_sgs,daily,2010-11-05,1.6801,brl_per_usd
brl_usd,BRL/USD official exchange rate,market_repricing,bcb_sgs,daily,2010-11-08,1.697,brl_per_usd
brl_usd,BRL/USD official exchange rate,market_repricing,bcb_sgs,daily,2010-11-09,1.697,brl_per_usd
brl_usd,BRL/USD official exchange rate,market_repricing,bcb_sgs,daily,2010-11-10,1.707,brl_per_usd
brl_usd,BRL/USD official exchange rate,market_repricing,bcb_sgs,daily,2010-11-11,1.7178,brl_per_usd
brl_usd,BRL/USD official exchange rate,market_repricing,bcb_sgs,daily,2010-11-12,1.7198,brl_per_usd
brl_usd,BRL/USD official exchange rate,market_repricing,bcb_sgs,daily,2010-11-16,1.7295,brl_per_usd
brl_usd,BRL/USD official exchange rate,market_repricing,bcb_sgs,daily,2010-11-17,1.7298,brl_per_usd
brl_usd,BRL/USD official exchange rate,market_repricing,bcb_sgs,daily,2010-11-18,1.7143,brl_per_usd
brl_usd,BRL/USD official exchange rate,market_repricing,bcb_sgs,daily,2010-11-19,1.7189,brl_per_usd
brl_usd,BRL/USD official exchange rate,market_repricing,bcb_sgs,daily,2010-11-22,1.7235,brl_per_usd
brl_usd,BRL/USD official exchange rate,market_repricing,bcb_sgs,daily,2010-11-23,1.7336,brl_per_usd
brl_usd,BRL/USD official exchange rate,market_repricing,bcb_sgs,daily,2010-11-24,1.7247,brl_per_usd
brl_usd,BRL/USD official exchange rate,market_repricing,bcb_sgs,daily,2010-11-25,1.7206,brl_per_usd
brl_usd,BRL/USD official exchange rate,market_repricing,bcb_sgs,daily,2010-11-26,1.7298,brl_per_usd
brl_usd,BRL/USD official exchange rate,market_repricing,bcb_sgs,daily,2010-11-29,1.7271,brl_per_usd
brl_usd,BRL/USD official exchange rate,market_repricing,bcb_sgs,daily,2010-11-30,1.7161,brl_per_usd
brl_usd,BRL/USD official exchange rate,market_repricing,bcb_sgs,daily,2010-12-01,1.7052,brl_per_usd
brl_usd,BRL/USD official exchange rate,market_repricing,bcb_sgs,daily,2010-12-02,1.7029,brl_per_usd
brl_usd,BRL/USD official exchange rate,market_repricing,bcb_sgs,daily,2010-12-03,1.6917,brl_per_usd
brl_usd,BRL/USD official exchange rate,market_repricing,bcb_sgs,daily,2010-12-06,1.6836,brl_per_usd
brl_usd,BRL/USD official exchange rate,market_repricing,bcb_sgs,daily,2010-12-07,1.6739,brl_per_usd
brl_usd,BRL/USD official exchange rate,market_repricing,bcb_sgs,daily,2010-12-08,1.6892,brl_per_usd
brl_usd,BRL/USD official exchange rate,market_repricing,bcb_sgs,daily,2010-12-09,1.7024,brl_per_usd
brl_usd,BRL/USD official exchange rate,market_repricing,bcb_sgs,daily,2010-12-10,1.7117,brl_per_usd
brl_usd,BRL/USD official exchange rate,market_repricing,bcb_sgs,daily,2010-12-13,1.7027,brl_per_usd
brl_usd,BRL/USD official exchange rate,market_repricing,bcb_sgs,daily,2010-12-14,1.6949,brl_per_usd
brl_usd,BRL/USD official exchange rate,market_repricing,bcb_sgs,daily,2010-12-15,1.6988,brl_per_usd
brl_usd,BRL/USD official exchange rate,market_repricing,bcb_sgs,daily,2010-12-16,1.7028,brl_per_usd
brl_usd,BRL/USD official exchange rate,market_repricing,bcb_sgs,daily,2010-12-17,1.7098,brl_per_usd
brl_usd,BRL/USD official exchange rate,market_repricing,bcb_sgs,daily,2010-12-20,1.7082,brl_per_usd
brl_usd,BRL/USD official exchange rate,market_repricing,bcb_sgs,daily,2010-12-21,1.6974,brl_per_usd
brl_usd,BRL/USD official exchange rate,market_repricing,bcb_sgs,daily,2010-12-22,1.6946,brl_per_usd
brl_usd,BRL/USD official exchange rate,market_repricing,bcb_sgs,daily,2010-12-23,1.6984,brl_per_usd
brl_usd,BRL/USD official exchange rate,market_repricing,bcb_sgs,daily,2010-12-24,1.6903,brl_per_usd
brl_usd,BRL/USD official exchange rate,market_repricing,bcb_sgs,daily,2010-12-27,1.6922,brl_per_usd
brl_usd,BRL/USD official exchange rate,market_repricing,bcb_sgs,daily,2010-12-28,1.6866,brl_per_usd
brl_usd,BRL/USD official exchange rate,market_repricing,bcb_sgs,daily,2010-12-29,1.6788,brl_per_usd
brl_usd,BRL/USD official exchange rate,market_repricing,bcb_sgs,daily,2010-12-30,1.6662,brl_per_usd
brl_usd,BRL/USD official exchange rate,market_repricing,bcb_sgs,daily,2010-12-31,1.6662,brl_per_usd
brl_usd,BRL/USD official exchange rate,market_repricing,bcb_sgs,daily,2011-01-03,1.651,brl_per_usd
brl_usd,BRL/USD official exchange rate,market_repricing,bcb_sgs,daily,2011-01-04,1.6556,brl_per_usd
brl_usd,BRL/USD official exchange rate,market_repricing,bcb_sgs,daily,2011-01-05,1.6713,brl_per_usd
brl_usd,BRL/USD official exchange rate,market_repricing,bcb_sgs,daily,2011-01-06,1.6857,brl_per_usd
brl_usd,BRL/USD official exchange rate,market_repricing,bcb_sgs,daily,2011-01-07,1.6861,brl_per_usd
brl_usd,BRL/USD official exchange rate,market_repricing,bcb_sgs,daily,2011-01-10,1.6912,brl_per_usd
brl_usd,BRL/USD official exchange rate,market_repricing,bcb_sgs,daily,2011-01-11,1.6887,brl_per_usd
brl_usd,BRL/USD official exchange rate,market_repricing,bcb_sgs,daily,2011-01-12,1.6773,brl_per_usd
brl_usd,BRL/USD official exchange rate,market_repricing,bcb_sgs,daily,2011-01-13,1.6701,brl_per_usd
brl_usd,BRL/USD official exchange rate,market_repricing,bcb_sgs,daily,2011-01-14,1.6843,brl_per_usd
brl_usd,BRL/USD official exchange rate,market_repricing,bcb_sgs,daily,2011-01-17,1.6818,brl_per_usd
brl_usd,BRL/USD official exchange rate,market_repricing,bcb_sgs,daily,2011-01-18,1.6745,brl_per_usd
brl_usd,BRL/USD official exchange rate,market_repricing,bcb_sgs,daily,2011-01-19,1.6714,brl_per_usd
brl_usd,BRL/USD official exchange rate,market_repricing,bcb_sgs,daily,2011-01-20,1.6715,brl_per_usd
brl_usd,BRL/USD official exchange rate,market_repricing,bcb_sgs,daily,2011-01-21,1.6723,brl_per_usd
brl_usd,BRL/USD official exchange rate,market_repricing,bcb_sgs,daily,2011-01-24,1.6731,brl_per_usd
brl_usd,BRL/USD official exchange rate,market_repricing,bcb_sgs,daily,2011-01-25,1.6745,brl_per_usd
brl_usd,BRL/USD official exchange rate,market_repricing,bcb_sgs,daily,2011-01-26,1.6692,brl_per_usd
brl_usd,BRL/USD official exchange rate,market_repricing,bcb_sgs,daily,2011-01-27,1.672,brl_per_usd
brl_usd,BRL/USD official exchange rate,market_repricing,bcb_sgs,daily,2011-01-28,1.6782,brl_per_usd
brl_usd,BRL/USD official exchange rate,market_repricing,bcb_sgs,daily,2011-01-31,1.6734,brl_per_usd
brl_usd,BRL/USD official exchange rate,market_repricing,bcb_sgs,daily,2011-02-01,1.6631,brl_per_usd
brl_usd,BRL/USD official exchange rate,market_repricing,bcb_sgs,daily,2011-02-02,1.6671,brl_per_usd
brl_usd,BRL/USD official exchange rate,market_repricing,bcb_sgs,daily,2011-02-03,1.6697,brl_per_usd
brl_usd,BRL/USD official exchange rate,market_repricing,bcb_sgs,daily,2011-02-04,1.6738,brl_per_usd
brl_usd,BRL/USD official exchange rate,market_repricing,bcb_sgs,daily,2011-02-07,1.6776,brl_per_usd
brl_usd,BRL/USD official exchange rate,market_repricing,bcb_sgs,daily,2011-02-08,1.6711,brl_per_usd
brl_usd,BRL/USD official exchange rate,market_repricing,bcb_sgs,daily,2011-02-09,1.6643,brl_per_usd
brl_usd,BRL/USD official exchange rate,market_repricing,bcb_sgs,daily,2011-02-10,1.668,brl_per_usd
brl_usd,BRL/USD official exchange rate,market_repricing,bcb_sgs,daily,2011-02-11,1.6679,brl_per_usd
brl_usd,BRL/USD official exchange rate,market_repricing,bcb_sgs,daily,2011-02-14,1.6681,brl_per_usd
brl_usd,BRL/USD official exchange rate,market_repricing,bcb_sgs,daily,2011-02-15,1.6682,brl_per_usd
brl_usd,BRL/USD official exchange rate,market_repricing,bcb_sgs,daily,2011-02-16,1.6704,brl_per_usd
brl_usd,BRL/USD official exchange rate,market_repricing,bcb_sgs,daily,2011-02-17,1.6661,brl_per_usd
brl_usd,BRL/USD official exchange rate,market_repricing,bcb_sgs,daily,2011-02-18,1.6677,brl_per_usd
brl_usd,BRL/USD official exchange rate,market_repricing,bcb_sgs,daily,2011-02-21,1.6667,brl_per_usd
brl_usd,BRL/USD official exchange rate,market_repricing,bcb_sgs,daily,2011-02-22,1.6694,brl_per_usd
brl_usd,BRL/USD official exchange rate,market_repricing,bcb_sgs,daily,2011-02-23,1.672,brl_per_usd
brl_usd,BRL/USD official exchange rate,market_repricing,bcb_sgs,daily,2011-02-24,1.6649,brl_per_usd
brl_usd,BRL/USD official exchange rate,market_repricing,bcb_sgs,daily,2011-02-25,1.6625,brl_per_usd
brl_usd,BRL/USD official exchange rate,market_repricing,bcb_sgs,daily,2011-02-28,1.6612,brl_per_usd
brl_usd,BRL/USD official exchange rate,market_repricing,bcb_sgs,daily,2011-03-01,1.6627,brl_per_usd
brl_usd,BRL/USD official exchange rate,market_repricing,bcb_sgs,daily,2011-03-02,1.661,brl_per_usd
brl_usd,BRL/USD official exchange rate,market_repricing,bcb_sgs,daily,2011-03-03,1.6545,brl_per_usd
brl_usd,BRL/USD official exchange rate,market_repricing,bcb_sgs,daily,2011-03-04,1.6462,brl_per_usd
brl_usd,BRL/USD official exchange rate,market_repricing,bcb_sgs,daily,2011-03-09,1.6559,brl_per_usd
brl_usd,BRL/USD official exchange rate,market_repricing,bcb_sgs,daily,2011-03-10,1.6612,brl_per_usd
brl_usd,BRL/USD official exchange rate,market_repricing,bcb_sgs,daily,2011-03-11,1.6649,brl_per_usd
brl_usd,BRL/USD official exchange rate,market_repricing,bcb_sgs,daily,2011-03-14,1.6631,brl_per_usd
brl_usd,BRL/USD official exchange rate,market_repricing,bcb_sgs,daily,2011-03-15,1.6692,brl_per_usd
brl_usd,BRL/USD official exchange rate,market_repricing,bcb_sgs,daily,2011-03-16,1.6674,brl_per_usd
brl_usd,BRL/USD official exchange rate,market_repricing,bcb_sgs,daily,2011-03-17,1.6757,brl_per_usd
brl_usd,BRL/USD official exchange rate,market_repricing,bcb_sgs,daily,2011-03-18,1.672,brl_per_usd
brl_usd,BRL/USD official exchange rate,market_repricing,bcb_sgs,daily,2011-03-21,1.6652,brl_per_usd
brl_usd,BRL/USD official exchange rate,market_repricing,bcb_sgs,daily,2011-03-22,1.6638,brl_per_usd
brl_usd,BRL/USD official exchange rate,market_repricing,bcb_sgs,daily,2011-03-23,1.6602,brl_per_usd
brl_usd,BRL/USD official exchange rate,market_repricing,bcb_sgs,daily,2011-03-24,1.6593,brl_per_usd
brl_usd,BRL/USD official exchange rate,market_repricing,bcb_sgs,daily,2011-03-25,1.6581,brl_per_usd
brl_usd,BRL/USD official exchange rate,market_repricing,bcb_sgs,daily,2011-03-28,1.6614,brl_per_usd
brl_usd,BRL/USD official exchange rate,market_repricing,bcb_sgs,daily,2011-03-29,1.6546,brl_per_usd
brl_usd,BRL/USD official exchange rate,market_repricing,bcb_sgs,daily,2011-03-30,1.636,brl_per_usd
brl_usd,BRL/USD official exchange rate,market_repricing,bcb_sgs,daily,2011-03-31,1.6287,brl_per_usd
brl_usd,BRL/USD official exchange rate,market_repricing,bcb_sgs,daily,2011-04-01,1.6194,brl_per_usd
brl_usd,BRL/USD official exchange rate,market_repricing,bcb_sgs,daily,2011-04-04,1.611,brl_per_usd
brl_usd,BRL/USD official exchange rate,market_repricing,bcb_sgs,daily,2011-04-05,1.6087,brl_per_usd
brl_usd,BRL/USD official exchange rate,market_repricing,bcb_sgs,daily,2011-04-06,1.6097,brl_per_usd
brl_usd,BRL/USD official exchange rate,market_repricing,bcb_sgs,daily,2011-04-07,1.5927,brl_per_usd
brl_usd,BRL/USD official exchange rate,market_repricing,bcb_sgs,daily,2011-04-08,1.5762,brl_per_usd
brl_usd,BRL/USD official exchange rate,market_repricing,bcb_sgs,daily,2011-04-11,1.5805,brl_per_usd
brl_usd,BRL/USD official exchange rate,market_repricing,bcb_sgs,daily,2011-04-12,1.587,brl_per_usd
brl_usd,BRL/USD official exchange rate,market_repricing,bcb_sgs,daily,2011-04-13,1.5864,brl_per_usd
brl_usd,BRL/USD official exchange rate,market_repricing,bcb_sgs,daily,2011-04-14,1.5842,brl_per_usd
brl_usd,BRL/USD official exchange rate,market_repricing,bcb_sgs,daily,2011-04-15,1.5776,brl_per_usd
brl_usd,BRL/USD official exchange rate,market_repricing,bcb_sgs,daily,2011-04-18,1.5912,brl_per_usd
brl_usd,BRL/USD official exchange rate,market_repricing,bcb_sgs,daily,2011-04-19,1.5792,brl_per_usd
brl_usd,BRL/USD official exchange rate,market_repricing,bcb_sgs,daily,2011-04-20,1.5722,brl_per_usd
brl_usd,BRL/USD official exchange rate,market_repricing,bcb_sgs,daily,2011-04-25,1.572,brl_per_usd
brl_usd,BRL/USD official exchange rate,market_repricing,bcb_sgs,daily,2011-04-26,1.5654,brl_per_usd
brl_usd,BRL/USD official exchange rate,market_repricing,bcb_sgs,daily,2011-04-27,1.5705,brl_per_usd
brl_usd,BRL/USD official exchange rate,market_repricing,bcb_sgs,daily,2011-04-28,1.5853,brl_per_usd
brl_usd,BRL/USD official exchange rate,market_repricing,bcb_sgs,daily,2011-04-29,1.5733,brl_per_usd
brl_usd,BRL/USD official exchange rate,market_repricing,bcb_sgs,daily,2011-05-02,1.5747,brl_per_usd
brl_usd,BRL/USD official exchange rate,market_repricing,bcb_sgs,daily,2011-05-03,1.589,brl_per_usd
brl_usd,BRL/USD official exchange rate,market_repricing,bcb_sgs,daily,2011-05-04,1.603,brl_per_usd
brl_usd,BRL/USD official exchange rate,market_repricing,bcb_sgs,daily,2011-05-05,1.6219,brl_per_usd
brl_usd,BRL/USD official exchange rate,market_repricing,bcb_sgs,daily,2011-05-06,1.6111,brl_per_usd
brl_usd,BRL/USD official exchange rate,market_repricing,bcb_sgs,daily,2011-05-09,1.6199,brl_per_usd
brl_usd,BRL/USD official exchange rate,market_repricing,bcb_sgs,daily,2011-05-10,1.6069,brl_per_usd
brl_usd,BRL/USD official exchange rate,market_repricing,bcb_sgs,daily,2011-05-11,1.6178,brl_per_usd
brl_usd,BRL/USD official exchange rate,market_repricing,bcb_sgs,daily,2011-05-12,1.6207,brl_per_usd
brl_usd,BRL/USD official exchange rate,market_repricing,bcb_sgs,daily,2011-05-13,1.6328,brl_per_usd
brl_usd,BRL/USD official exchange rate,market_repricing,bcb_sgs,daily,2011-05-16,1.6317,brl_per_usd
brl_usd,BRL/USD official exchange rate,market_repricing,bcb_sgs,daily,2011-05-17,1.629,brl_per_usd
brl_usd,BRL/USD official exchange rate,market_repricing,bcb_sgs,daily,2011-05-18,1.6166,brl_per_usd
brl_usd,BRL/USD official exchange rate,market_repricing,bcb_sgs,daily,2011-05-19,1.6165,brl_per_usd
brl_usd,BRL/USD official exchange rate,market_repricing,bcb_sgs,daily,2011-05-20,1.6169,brl_per_usd
brl_usd,BRL/USD official exchange rate,market_repricing,bcb_sgs,daily,2011-05-23,1.6339,brl_per_usd
brl_usd,BRL/USD official exchange rate,market_repricing,bcb_sgs,daily,2011-05-24,1.6256,brl_per_usd
brl_usd,BRL/USD official exchange rate,market_repricing,bcb_sgs,daily,2011-05-25,1.6297,brl_per_usd
brl_usd,BRL/USD official exchange rate,market_repricing,bcb_sgs,daily,2011-05-26,1.6196,brl_per_usd
brl_usd,BRL/USD official exchange rate,market_repricing,bcb_sgs,daily,2011-05-27,1.6038,brl_per_usd
brl_usd,BRL/USD official exchange rate,market_repricing,bcb_sgs,daily,2011-05-30,1.5958,brl_per_usd
brl_usd,BRL/USD official exchange rate,market_repricing,bcb_sgs,daily,2011-05-31,1.5799,brl_per_usd
brl_usd,BRL/USD official exchange rate,market_repricing,bcb_sgs,daily,2011-06-01,1.5878,brl_per_usd
brl_usd,BRL/USD official exchange rate,market_repricing,bcb_sgs,daily,2011-06-02,1.5805,brl_per_usd
brl_usd,BRL/USD official exchange rate,market_repricing,bcb_sgs,daily,2011-06-03,1.5744,brl_per_usd
brl_usd,BRL/USD official exchange rate,market_repricing,bcb_sgs,daily,2011-06-06,1.581,brl_per_usd
brl_usd,BRL/USD official exchange rate,market_repricing,bcb_sgs,daily,2011-06-07,1.5764,brl_per_usd
brl_usd,BRL/USD official exchange rate,market_repricing,bcb_sgs,daily,2011-06-08,1.582,brl_per_usd
brl_usd,BRL/USD official exchange rate,market_repricing,bcb_sgs,daily,2011-06-09,1.5877,brl_per_usd
brl_usd,BRL/USD official exchange rate,market_repricing,bcb_sgs,daily,2011-06-10,1.5938,brl_per_usd
brl_usd,BRL/USD official exchange rate,market_repricing,bcb_sgs,daily,2011-06-13,1.5888,brl_per_usd
brl_usd,BRL/USD official exchange rate,market_repricing,bcb_sgs,daily,2011-06-14,1.5821,brl_per_usd
brl_usd,BRL/USD official exchange rate,market_repricing,bcb_sgs,daily,2011-06-15,1.596,brl_per_usd
brl_usd,BRL/USD official exchange rate,market_repricing,bcb_sgs,daily,2011-06-16,1.6108,brl_per_usd
brl_usd,BRL/USD official exchange rate,market_repricing,bcb_sgs,daily,2011-06-17,1.5979,brl_per_usd
brl_usd,BRL/USD official exchange rate,market_repricing,bcb_sgs,daily,2011-06-20,1.5969,brl_per_usd
brl_usd,BRL/USD official exchange rate,market_repricing,bcb_sgs,daily,2011-06-21,1.591,brl_per_usd
brl_usd,BRL/USD official exchange rate,market_repricing,bcb_sgs,daily,2011-06-22,1.5877,brl_per_usd
brl_usd,BRL/USD official exchange rate,market_repricing,bcb_sgs,daily,2011-06-24,1.5988,brl_per_usd
brl_usd,BRL/USD official exchange rate,market_repricing,bcb_sgs,daily,2011-06-27,1.5969,brl_per_usd
brl_usd,BRL/USD official exchange rate,market_repricing,bcb_sgs,daily,2011-06-28,1.5833,brl_per_usd
brl_usd,BRL/USD official exchange rate,market_repricing,bcb_sgs,daily,2011-06-29,1.573,brl_per_usd
brl_usd,BRL/USD official exchange rate,market_repricing,bcb_sgs,daily,2011-06-30,1.5611,brl_per_usd
brl_usd,BRL/USD official exchange rate,market_repricing,bcb_sgs,daily,2011-07-01,1.5599,brl_per_usd
brl_usd,BRL/USD official exchange rate,market_repricing,bcb_sgs,daily,2011-07-04,1.558,brl_per_usd
brl_usd,BRL/USD official exchange rate,market_repricing,bcb_sgs,daily,2011-07-05,1.5637,brl_per_usd
brl_usd,BRL/USD official exchange rate,market_repricing,bcb_sgs,daily,2011-07-06,1.5662,brl_per_usd
brl_usd,BRL/USD official exchange rate,market_repricing,bcb_sgs,daily,2011-07-07,1.5581,brl_per_usd
brl_usd,BRL/USD official exchange rate,market_repricing,bcb_sgs,daily,2011-07-08,1.5634,brl_per_usd
brl_usd,BRL/USD official exchange rate,market_repricing,bcb_sgs,daily,2011-07-11,1.5796,brl_per_usd
brl_usd,BRL/USD official exchange rate,market_repricing,bcb_sgs,daily,2011-07-12,1.5773,brl_per_usd
brl_usd,BRL/USD official exchange rate,market_repricing,bcb_sgs,daily,2011-07-13,1.5762,brl_per_usd
brl_usd,BRL/USD official exchange rate,market_repricing,bcb_sgs,daily,2011-07-14,1.5729,brl_per_usd
brl_usd,BRL/USD official exchange rate,market_repricing,bcb_sgs,daily,2011-07-15,1.5743,brl_per_usd
brl_usd,BRL/USD official exchange rate,market_repricing,bcb_sgs,daily,2011-07-18,1.5828,brl_per_usd
brl_usd,BRL/USD official exchange rate,market_repricing,bcb_sgs,daily,2011-07-19,1.5691,brl_per_usd
brl_usd,BRL/USD official exchange rate,market_repricing,bcb_sgs,daily,2011-07-20,1.5651,brl_per_usd
brl_usd,BRL/USD official exchange rate,market_repricing,bcb_sgs,daily,2011-07-21,1.5567,brl_per_usd
brl_usd,BRL/USD official exchange rate,market_repricing,bcb_sgs,daily,2011-07-22,1.5547,brl_per_usd
brl_usd,BRL/USD official exchange rate,market_repricing,bcb_sgs,daily,2011-07-25,1.5449,brl_per_usd
brl_usd,BRL/USD official exchange rate,market_repricing,bcb_sgs,daily,2011-07-26,1.5345,brl_per_usd
brl_usd,BRL/USD official exchange rate,market_repricing,bcb_sgs,daily,2011-07-27,1.5639,brl_per_usd
brl_usd,BRL/USD official exchange rate,market_repricing,bcb_sgs,daily,2011-07-28,1.5651,brl_per_usd
brl_usd,BRL/USD official exchange rate,market_repricing,bcb_sgs,daily,2011-07-29,1.5563,brl_per_usd
brl_usd,BRL/USD official exchange rate,market_repricing,bcb_sgs,daily,2011-08-01,1.5551,brl_per_usd
brl_usd,BRL/USD official exchange rate,market_repricing,bcb_sgs,daily,2011-08-02,1.5656,brl_per_usd
brl_usd,BRL/USD official exchange rate,market_repricing,bcb_sgs,daily,2011-08-03,1.5651,brl_per_usd
brl_usd,BRL/USD official exchange rate,market_repricing,bcb_sgs,daily,2011-08-04,1.5752,brl_per_usd
brl_usd,BRL/USD official exchange rate,market_repricing,bcb_sgs,daily,2011-08-05,1.5895,brl_per_usd
brl_usd,BRL/USD official exchange rate,market_repricing,bcb_sgs,daily,2011-08-08,1.5999,brl_per_usd
brl_usd,BRL/USD official exchange rate,market_repricing,bcb_sgs,daily,2011-08-09,1.6334,brl_per_usd
brl_usd,BRL/USD official exchange rate,market_repricing,bcb_sgs,daily,2011-08-10,1.6183,brl_per_usd
brl_usd,BRL/USD official exchange rate,market_repricing,bcb_sgs,daily,2011-08-11,1.6306,brl_per_usd
brl_usd,BRL/USD official exchange rate,market_repricing,bcb_sgs,daily,2011-08-12,1.6157,brl_per_usd
brl_usd,BRL/USD official exchange rate,market_repricing,bcb_sgs,daily,2011-08-15,1.5956,brl_per_usd
brl_usd,BRL/USD official exchange rate,market_repricing,bcb_sgs,daily,2011-08-16,1.5918,brl_per_usd
brl_usd,BRL/USD official exchange rate,market_repricing,bcb_sgs,daily,2011-08-17,1.583,brl_per_usd
brl_usd,BRL/USD official exchange rate,market_repricing,bcb_sgs,daily,2011-08-18,1.6062,brl_per_usd
brl_usd,BRL/USD official exchange rate,market_repricing,bcb_sgs,daily,2011-08-19,1.596,brl_per_usd
brl_usd,BRL/USD official exchange rate,market_repricing,bcb_sgs,daily,2011-08-22,1.6009,brl_per_usd
brl_usd,BRL/USD official exchange rate,market_repricing,bcb_sgs,daily,2011-08-23,1.6036,brl_per_usd
brl_usd,BRL/USD official exchange rate,market_repricing,bcb_sgs,daily,2011-08-24,1.6039,brl_per_usd
brl_usd,BRL/USD official exchange rate,market_repricing,bcb_sgs,daily,2011-08-25,1.6154,brl_per_usd
brl_usd,BRL/USD official exchange rate,market_repricing,bcb_sgs,daily,2011-08-26,1.6114,brl_per_usd
brl_usd,BRL/USD official exchange rate,market_repricing,bcb_sgs,daily,2011-08-29,1.5974,brl_per_usd
brl_usd,BRL/USD official exchange rate,market_repricing,bcb_sgs,daily,2011-08-30,1.5904,brl_per_usd
brl_usd,BRL/USD official exchange rate,market_repricing,bcb_sgs,daily,2011-08-31,1.5872,brl_per_usd
brl_usd,BRL/USD official exchange rate,market_repricing,bcb_sgs,daily,2011-09-01,1.604,brl_per_usd
brl_usd,BRL/USD official exchange rate,market_repricing,bcb_sgs,daily,2011-09-02,1.6343,brl_per_usd
brl_usd,BRL/USD official exchange rate,market_repricing,bcb_sgs,daily,2011-09-05,1.6522,brl_per_usd
brl_usd,BRL/USD official exchange rate,market_repricing,bcb_sgs,daily,2011-09-06,1.6583,brl_per_usd
brl_usd,BRL/USD official exchange rate,market_repricing,bcb_sgs,daily,2011-09-08,1.6566,brl_per_usd
brl_usd,BRL/USD official exchange rate,market_repricing,bcb_sgs,daily,2011-09-09,1.6774,brl_per_usd
brl_usd,BRL/USD official exchange rate,market_repricing,bcb_sgs,daily,2011-09-12,1.6899,brl_per_usd
brl_usd,BRL/USD official exchange rate,market_repricing,bcb_sgs,daily,2011-09-13,1.7127,brl_per_usd
brl_usd,BRL/USD official exchange rate,market_repricing,bcb_sgs,daily,2011-09-14,1.7288,brl_per_usd
brl_usd,BRL/USD official exchange rate,market_repricing,bcb_sgs,daily,2011-09-15,1.7106,brl_per_usd
brl_usd,BRL/USD official exchange rate,market_repricing,bcb_sgs,daily,2011-09-16,1.7122,brl_per_usd
brl_usd,BRL/USD official exchange rate,market_repricing,bcb_sgs,daily,2011-09-19,1.7763,brl_per_usd
brl_usd,BRL/USD official exchange rate,market_repricing,bcb_sgs,daily,2011-09-20,1.787,brl_per_usd
brl_usd,BRL/USD official exchange rate,market_repricing,bcb_sgs,daily,2011-09-21,1.828,brl_per_usd
brl_usd,BRL/USD official exchange rate,market_repricing,bcb_sgs,daily,2011-09-22,1.9016,brl_per_usd
brl_usd,BRL/USD official exchange rate,market_repricing,bcb_sgs,daily,2011-09-23,1.8735,brl_per_usd
brl_usd,BRL/USD official exchange rate,market_repricing,bcb_sgs,daily,2011-09-26,1.8445,brl_per_usd
brl_usd,BRL/USD official exchange rate,market_repricing,bcb_sgs,daily,2011-09-27,1.8008,brl_per_usd
brl_usd,BRL/USD official exchange rate,market_repricing,bcb_sgs,daily,2011-09-28,1.8131,brl_per_usd
brl_usd,BRL/USD official exchange rate,market_repricing,bcb_sgs,daily,2011-09-29,1.8291,brl_per_usd
brl_usd,BRL/USD official exchange rate,market_repricing,bcb_sgs,daily,2011-09-30,1.8544,brl_per_usd
brl_usd,BRL/USD official exchange rate,market_repricing,bcb_sgs,daily,2011-10-03,1.8811,brl_per_usd
brl_usd,BRL/USD official exchange rate,market_repricing,bcb_sgs,daily,2011-10-04,1.8856,brl_per_usd
brl_usd,BRL/USD official exchange rate,market_repricing,bcb_sgs,daily,2011-10-05,1.8456,brl_per_usd
brl_usd,BRL/USD official exchange rate,market_repricing,bcb_sgs,daily,2011-10-06,1.8116,brl_per_usd
brl_usd,BRL/USD official exchange rate,market_repricing,bcb_sgs,daily,2011-10-07,1.7666,brl_per_usd
brl_usd,BRL/USD official exchange rate,market_repricing,bcb_sgs,daily,2011-10-10,1.7478,brl_per_usd
brl_usd,BRL/USD official exchange rate,market_repricing,bcb_sgs,daily,2011-10-11,1.7658,brl_per_usd
brl_usd,BRL/USD official exchange rate,market_repricing,bcb_sgs,daily,2011-10-13,1.7536,brl_per_usd
brl_usd,BRL/USD official exchange rate,market_repricing,bcb_sgs,daily,2011-10-14,1.7376,brl_per_usd
brl_usd,BRL/USD official exchange rate,market_repricing,bcb_sgs,daily,2011-10-17,1.7488,brl_per_usd
brl_usd,BRL/USD official exchange rate,market_repricing,bcb_sgs,daily,2011-10-18,1.7724,brl_per_usd
brl_usd,BRL/USD official exchange rate,market_repricing,bcb_sgs,daily,2011-10-19,1.7604,brl_per_usd
brl_usd,BRL/USD official exchange rate,market_repricing,bcb_sgs,daily,2011-10-20,1.7826,brl_per_usd
brl_usd,BRL/USD official exchange rate,market_repricing,bcb_sgs,daily,2011-10-21,1.7803,brl_per_usd
brl_usd,BRL/USD official exchange rate,market_repricing,bcb_sgs,daily,2011-10-24,1.7768,brl_per_usd
brl_usd,BRL/USD official exchange rate,market_repricing,bcb_sgs,daily,2011-10-25,1.7548,brl_per_usd
brl_usd,BRL/USD official exchange rate,market_repricing,bcb_sgs,daily,2011-10-26,1.7606,brl_per_usd
brl_usd,BRL/USD official exchange rate,market_repricing,bcb_sgs,daily,2011-10-27,1.7323,brl_per_usd
brl_usd,BRL/USD official exchange rate,market_repricing,bcb_sgs,daily,2011-10-28,1.6986,brl_per_usd
brl_usd,BRL/USD official exchange rate,market_repricing,bcb_sgs,daily,2011-10-31,1.6885,brl_per_usd
brl_usd,BRL/USD official exchange rate,market_repricing,bcb_sgs,daily,2011-11-01,1.7506,brl_per_usd
brl_usd,BRL/USD official exchange rate,market_repricing,bcb_sgs,daily,2011-11-03,1.727,brl_per_usd
brl_usd,BRL/USD official exchange rate,market_repricing,bcb_sgs,daily,2011-11-04,1.7415,brl_per_usd
brl_usd,BRL/USD official exchange rate,market_repricing,bcb_sgs,daily,2011-11-07,1.7503,brl_per_usd
brl_usd,BRL/USD official exchange rate,market_repricing,bcb_sgs,daily,2011-11-08,1.7453,brl_per_usd
brl_usd,BRL/USD official exchange rate,market_repricing,bcb_sgs,daily,2011-11-09,1.7516,brl_per_usd
brl_usd,BRL/USD official exchange rate,market_repricing,bcb_sgs,daily,2011-11-10,1.761,brl_per_usd
brl_usd,BRL/USD official exchange rate,market_repricing,bcb_sgs,daily,2011-11-11,1.7547,brl_per_usd
brl_usd,BRL/USD official exchange rate,market_repricing,bcb_sgs,daily,2011-11-14,1.7649,brl_per_usd
brl_usd,BRL/USD official exchange rate,market_repricing,bcb_sgs,daily,2011-11-16,1.7772,brl_per_usd
brl_usd,BRL/USD official exchange rate,market_repricing,bcb_sgs,daily,2011-11-17,1.7775,brl_per_usd
brl_usd,BRL/USD official exchange rate,market_repricing,bcb_sgs,daily,2011-11-18,1.7723,brl_per_usd
brl_usd,BRL/USD official exchange rate,market_repricing,bcb_sgs,daily,2011-11-21,1.8061,brl_per_usd
brl_usd,BRL/USD official exchange rate,market_repricing,bcb_sgs,daily,2011-11-22,1.8069,brl_per_usd
brl_usd,BRL/USD official exchange rate,market_repricing,bcb_sgs,daily,2011-11-23,1.8441,brl_per_usd
brl_usd,BRL/USD official exchange rate,market_repricing,bcb_sgs,daily,2011-11-24,1.866,brl_per_usd
brl_usd,BRL/USD official exchange rate,market_repricing,bcb_sgs,daily,2011-11-25,1.8937,brl_per_usd
brl_usd,BRL/USD official exchange rate,market_repricing,bcb_sgs,daily,2011-11-28,1.8596,brl_per_usd
brl_usd,BRL/USD official exchange rate,market_repricing,bcb_sgs,daily,2011-11-29,1.8486,brl_per_usd
brl_usd,BRL/USD official exchange rate,market_repricing,bcb_sgs,daily,2011-11-30,1.8109,brl_per_usd
brl_usd,BRL/USD official exchange rate,market_repricing,bcb_sgs,daily,2011-12-01,1.7929,brl_per_usd
brl_usd,BRL/USD official exchange rate,market_repricing,bcb_sgs,daily,2011-12-02,1.7843,brl_per_usd
brl_usd,BRL/USD official exchange rate,market_repricing,bcb_sgs,daily,2011-12-05,1.783,brl_per_usd
brl_usd,BRL/USD official exchange rate,market_repricing,bcb_sgs,daily,2011-12-06,1.7913,brl_per_usd
brl_usd,BRL/USD official exchange rate,market_repricing,bcb_sgs,daily,2011-12-07,1.798,brl_per_usd
brl_usd,BRL/USD official exchange rate,market_repricing,bcb_sgs,daily,2011-12-08,1.7941,brl_per_usd
brl_usd,BRL/USD official exchange rate,market_repricing,bcb_sgs,daily,2011-12-09,1.813,brl_per_usd
brl_usd,BRL/USD official exchange rate,market_repricing,bcb_sgs,daily,2011-12-12,1.8219,brl_per_usd
brl_usd,BRL/USD official exchange rate,market_repricing,bcb_sgs,daily,2011-12-13,1.8409,brl_per_usd
brl_usd,BRL/USD official exchange rate,market_repricing,bcb_sgs,daily,2011-12-14,1.8728,brl_per_usd
brl_usd,BRL/USD official exchange rate,market_repricing,bcb_sgs,daily,2011-12-15,1.8609,brl_per_usd
brl_usd,BRL/USD official exchange rate,market_repricing,bcb_sgs,daily,2011-12-16,1.8465,brl_per_usd
brl_usd,BRL/USD official exchange rate,market_repricing,bcb_sgs,daily,2011-12-19,1.8616,brl_per_usd
brl_usd,BRL/USD official exchange rate,market_repricing,bcb_sgs,daily,2011-12-20,1.8508,brl_per_usd
brl_usd,BRL/USD official exchange rate,market_repricing,bcb_sgs,daily,2011-12-21,1.8556,brl_per_usd
brl_usd,BRL/USD official exchange rate,market_repricing,bcb_sgs,daily,2011-12-22,1.8578,brl_per_usd
brl_usd,BRL/USD official exchange rate,market_repricing,bcb_sgs,daily,2011-12-23,1.856,brl_per_usd
brl_usd,BRL/USD official exchange rate,market_repricing,bcb_sgs,daily,2011-12-26,1.8566,brl_per_usd
brl_usd,BRL/USD official exchange rate,market_repricing,bcb_sgs,daily,2011-12-27,1.8585,brl_per_usd
brl_usd,BRL/USD official exchange rate,market_repricing,bcb_sgs,daily,2011-12-28,1.8634,brl_per_usd
brl_usd,BRL/USD official exchange rate,market_repricing,bcb_sgs,daily,2011-12-29,1.8758,brl_per_usd
brl_usd,BRL/USD official exchange rate,market_repricing,bcb_sgs,daily,2011-12-30,1.8758,brl_per_usd
brl_usd,BRL/USD official exchange rate,market_repricing,bcb_sgs,daily,2012-01-02,1.8683,brl_per_usd
brl_usd,BRL/USD official exchange rate,market_repricing,bcb_sgs,daily,2012-01-03,1.8457,brl_per_usd
brl_usd,BRL/USD official exchange rate,market_repricing,bcb_sgs,daily,2012-01-04,1.8272,brl_per_usd
brl_usd,BRL/USD official exchange rate,market_repricing,bcb_sgs,daily,2012-01-05,1.8371,brl_per_usd
brl_usd,BRL/USD official exchange rate,market_repricing,bcb_sgs,daily,2012-01-06,1.8449,brl_per_usd
brl_usd,BRL/USD official exchange rate,market_repricing,bcb_sgs,daily,2012-01-09,1.8442,brl_per_usd
brl_usd,BRL/USD official exchange rate,market_repricing,bcb_sgs,daily,2012-01-10,1.8042,brl_per_usd
brl_usd,BRL/USD official exchange rate,market_repricing,bcb_sgs,daily,2012-01-11,1.8048,brl_per_usd
brl_usd,BRL/USD official exchange rate,market_repricing,bcb_sgs,daily,2012-01-12,1.7874,brl_per_usd
brl_usd,BRL/USD official exchange rate,market_repricing,bcb_sgs,daily,2012-01-13,1.7853,brl_per_usd
brl_usd,BRL/USD official exchange rate,market_repricing,bcb_sgs,daily,2012-01-16,1.7836,brl_per_usd
brl_usd,BRL/USD official exchange rate,market_repricing,bcb_sgs,daily,2012-01-17,1.776,brl_per_usd
brl_usd,BRL/USD official exchange rate,market_repricing,bcb_sgs,daily,2012-01-18,1.7791,brl_per_usd
brl_usd,BRL/USD official exchange rate,market_repricing,bcb_sgs,daily,2012-01-19,1.7648,brl_per_usd
brl_usd,BRL/USD official exchange rate,market_repricing,bcb_sgs,daily,2012-01-20,1.767,brl_per_usd
brl_usd,BRL/USD official exchange rate,market_repricing,bcb_sgs,daily,2012-01-23,1.7528,brl_per_usd
brl_usd,BRL/USD official exchange rate,market_repricing,bcb_sgs,daily,2012-01-24,1.7649,brl_per_usd
brl_usd,BRL/USD official exchange rate,market_repricing,bcb_sgs,daily,2012-01-25,1.7632,brl_per_usd
brl_usd,BRL/USD official exchange rate,market_repricing,bcb_sgs,daily,2012-01-26,1.7389,brl_per_usd
brl_usd,BRL/USD official exchange rate,market_repricing,bcb_sgs,daily,2012-01-27,1.7436,brl_per_usd
brl_usd,BRL/USD official exchange rate,market_repricing,bcb_sgs,daily,2012-01-30,1.7509,brl_per_usd
brl_usd,BRL/USD official exchange rate,market_repricing,bcb_sgs,daily,2012-01-31,1.7391,brl_per_usd
brl_usd,BRL/USD official exchange rate,market_repricing,bcb_sgs,daily,2012-02-01,1.7376,brl_per_usd
brl_usd,BRL/USD official exchange rate,market_repricing,bcb_sgs,daily,2012-02-02,1.7326,brl_per_usd
brl_usd,BRL/USD official exchange rate,market_repricing,bcb_sgs,daily,2012-02-03,1.7223,brl_per_usd
brl_usd,BRL/USD official exchange rate,market_repricing,bcb_sgs,daily,2012-02-06,1.7249,brl_per_usd
brl_usd,BRL/USD official exchange rate,market_repricing,bcb_sgs,daily,2012-02-07,1.7261,brl_per_usd
brl_usd,BRL/USD official exchange rate,market_repricing,bcb_sgs,daily,2012-02-08,1.7195,brl_per_usd
brl_usd,BRL/USD official exchange rate,market_repricing,bcb_sgs,daily,2012-02-09,1.7225,brl_per_usd
brl_usd,BRL/USD official exchange rate,market_repricing,bcb_sgs,daily,2012-02-10,1.726,brl_per_usd
brl_usd,BRL/USD official exchange rate,market_repricing,bcb_sgs,daily,2012-02-13,1.7169,brl_per_usd
brl_usd,BRL/USD official exchange rate,market_repricing,bcb_sgs,daily,2012-02-14,1.7173,brl_per_usd
brl_usd,BRL/USD official exchange rate,market_repricing,bcb_sgs,daily,2012-02-15,1.7158,brl_per_usd
brl_usd,BRL/USD official exchange rate,market_repricing,bcb_sgs,daily,2012-02-16,1.7326,brl_per_usd
brl_usd,BRL/USD official exchange rate,market_repricing,bcb_sgs,daily,2012-02-17,1.7136,brl_per_usd
brl_usd,BRL/USD official exchange rate,market_repricing,bcb_sgs,daily,2012-02-22,1.7076,brl_per_usd
brl_usd,BRL/USD official exchange rate,market_repricing,bcb_sgs,daily,2012-02-23,1.704,brl_per_usd
brl_usd,BRL/USD official exchange rate,market_repricing,bcb_sgs,daily,2012-02-24,1.7098,brl_per_usd
brl_usd,BRL/USD official exchange rate,market_repricing,bcb_sgs,daily,2012-02-27,1.7088,brl_per_usd
brl_usd,BRL/USD official exchange rate,market_repricing,bcb_sgs,daily,2012-02-28,1.7024,brl_per_usd
brl_usd,BRL/USD official exchange rate,market_repricing,bcb_sgs,daily,2012-02-29,1.7092,brl_per_usd
brl_usd,BRL/USD official exchange rate,market_repricing,bcb_sgs,daily,2012-03-01,1.7152,brl_per_usd
brl_usd,BRL/USD official exchange rate,market_repricing,bcb_sgs,daily,2012-03-02,1.7245,brl_per_usd
brl_usd,BRL/USD official exchange rate,market_repricing,bcb_sgs,daily,2012-03-05,1.7314,brl_per_usd
brl_usd,BRL/USD official exchange rate,market_repricing,bcb_sgs,daily,2012-03-06,1.7556,brl_per_usd
brl_usd,BRL/USD official exchange rate,market_repricing,bcb_sgs,daily,2012-03-07,1.7692,brl_per_usd
brl_usd,BRL/USD official exchange rate,market_repricing,bcb_sgs,daily,2012-03-08,1.7697,brl_per_usd
brl_usd,BRL/USD official exchange rate,market_repricing,bcb_sgs,daily,2012-03-09,1.7767,brl_per_usd
brl_usd,BRL/USD official exchange rate,market_repricing,bcb_sgs,daily,2012-03-12,1.8157,brl_per_usd
brl_usd,BRL/USD official exchange rate,market_repricing,bcb_sgs,daily,2012-03-13,1.8102,brl_per_usd
brl_usd,BRL/USD official exchange rate,market_repricing,bcb_sgs,daily,2012-03-14,1.8146,brl_per_usd
brl_usd,BRL/USD official exchange rate,market_repricing,bcb_sgs,daily,2012-03-15,1.8006,brl_per_usd
brl_usd,BRL/USD official exchange rate,market_repricing,bcb_sgs,daily,2012-03-16,1.8018,brl_per_usd
brl_usd,BRL/USD official exchange rate,market_repricing,bcb_sgs,daily,2012-03-19,1.809,brl_per_usd
brl_usd,BRL/USD official exchange rate,market_repricing,bcb_sgs,daily,2012-03-20,1.8259,brl_per_usd
brl_usd,BRL/USD official exchange rate,market_repricing,bcb_sgs,daily,2012-03-21,1.8267,brl_per_usd
brl_usd,BRL/USD official exchange rate,market_repricing,bcb_sgs,daily,2012-03-22,1.825,brl_per_usd
brl_usd,BRL/USD official exchange rate,market_repricing,bcb_sgs,daily,2012-03-23,1.8194,brl_per_usd
brl_usd,BRL/USD official exchange rate,market_repricing,bcb_sgs,daily,2012-03-26,1.8143,brl_per_usd
brl_usd,BRL/USD official exchange rate,market_repricing,bcb_sgs,daily,2012-03-27,1.8135,brl_per_usd
brl_usd,BRL/USD official exchange rate,market_repricing,bcb_sgs,daily,2012-03-28,1.8223,brl_per_usd
brl_usd,BRL/USD official exchange rate,market_repricing,bcb_sgs,daily,2012-03-29,1.8334,brl_per_usd
brl_usd,BRL/USD official exchange rate,market_repricing,bcb_sgs,daily,2012-03-30,1.8221,brl_per_usd
brl_usd,BRL/USD official exchange rate,market_repricing,bcb_sgs,daily,2012-04-02,1.8314,brl_per_usd
brl_usd,BRL/USD official exchange rate,market_repricing,bcb_sgs,daily,2012-04-03,1.8256,brl_per_usd
brl_usd,BRL/USD official exchange rate,market_repricing,bcb_sgs,daily,2012-04-04,1.8316,brl_per_usd
brl_usd,BRL/USD official exchange rate,market_repricing,bcb_sgs,daily,2012-04-05,1.8301,brl_per_usd
brl_usd,BRL/USD official exchange rate,market_repricing,bcb_sgs,daily,2012-04-09,1.826,brl_per_usd
brl_usd,BRL/USD official exchange rate,market_repricing,bcb_sgs,daily,2012-04-10,1.8317,brl_per_usd
brl_usd,BRL/USD official exchange rate,market_repricing,bcb_sgs,daily,2012-04-11,1.8303,brl_per_usd
brl_usd,BRL/USD official exchange rate,market_repricing,bcb_sgs,daily,2012-04-12,1.827,brl_per_usd
brl_usd,BRL/USD official exchange rate,market_repricing,bcb_sgs,daily,2012-04-13,1.8364,brl_per_usd
brl_usd,BRL/USD official exchange rate,market_repricing,bcb_sgs,daily,2012-04-16,1.8373,brl_per_usd
brl_usd,BRL/USD official exchange rate,market_repricing,bcb_sgs,daily,2012-04-17,1.8454,brl_per_usd
brl_usd,BRL/USD official exchange rate,market_repricing,bcb_sgs,daily,2012-04-18,1.8694,brl_per_usd
brl_usd,BRL/USD official exchange rate,market_repricing,bcb_sgs,daily,2012-04-19,1.8867,brl_per_usd
brl_usd,BRL/USD official exchange rate,market_repricing,bcb_sgs,daily,2012-04-20,1.8786,brl_per_usd
brl_usd,BRL/USD official exchange rate,market_repricing,bcb_sgs,daily,2012-04-23,1.8864,brl_per_usd
brl_usd,BRL/USD official exchange rate,market_repricing,bcb_sgs,daily,2012-04-24,1.878,brl_per_usd
brl_usd,BRL/USD official exchange rate,market_repricing,bcb_sgs,daily,2012-04-25,1.8807,brl_per_usd
brl_usd,BRL/USD official exchange rate,market_repricing,bcb_sgs,daily,2012-04-26,1.8871,brl_per_usd
brl_usd,BRL/USD official exchange rate,market_repricing,bcb_sgs,daily,2012-04-27,1.8852,brl_per_usd
brl_usd,BRL/USD official exchange rate,market_repricing,bcb_sgs,daily,2012-04-30,1.8918,brl_per_usd
brl_usd,BRL/USD official exchange rate,market_repricing,bcb_sgs,daily,2012-05-02,1.9149,brl_per_usd
brl_usd,BRL/USD official exchange rate,market_repricing,bcb_sgs,daily,2012-05-03,1.9277,brl_per_usd
brl_usd,BRL/USD official exchange rate,market_repricing,bcb_sgs,daily,2012-05-04,1.921,brl_per_usd
brl_usd,BRL/USD official exchange rate,market_repricing,bcb_sgs,daily,2012-05-07,1.9268,brl_per_usd
brl_usd,BRL/USD official exchange rate,market_repricing,bcb_sgs,daily,2012-05-08,1.9366,brl_per_usd
brl_usd,BRL/USD official exchange rate,market_repricing,bcb_sgs,daily,2012-05-09,1.9577,brl_per_usd
brl_usd,BRL/USD official exchange rate,market_repricing,bcb_sgs,daily,2012-05-10,1.9581,brl_per_usd
brl_usd,BRL/USD official exchange rate,market_repricing,bcb_sgs,daily,2012-05-11,1.9513,brl_per_usd
brl_usd,BRL/USD official exchange rate,market_repricing,bcb_sgs,daily,2012-05-14,1.9866,brl_per_usd
brl_usd,BRL/USD official exchange rate,market_repricing,bcb_sgs,daily,2012-05-15,1.9947,brl_per_usd
brl_usd,BRL/USD official exchange rate,market_repricing,bcb_sgs,daily,2012-05-16,1.9974,brl_per_usd
brl_usd,BRL/USD official exchange rate,market_repricing,bcb_sgs,daily,2012-05-17,1.9973,brl_per_usd
brl_usd,BRL/USD official exchange rate,market_repricing,bcb_sgs,daily,2012-05-18,2.0095,brl_per_usd
brl_usd,BRL/USD official exchange rate,market_repricing,bcb_sgs,daily,2012-05-21,2.0374,brl_per_usd
brl_usd,BRL/USD official exchange rate,market_repricing,bcb_sgs,daily,2012-05-22,2.0493,brl_per_usd
brl_usd,BRL/USD official exchange rate,market_repricing,bcb_sgs,daily,2012-05-23,2.0816,brl_per_usd
brl_usd,BRL/USD official exchange rate,market_repricing,bcb_sgs,daily,2012-05-24,2.0384,brl_per_usd
brl_usd,BRL/USD official exchange rate,market_repricing,bcb_sgs,daily,2012-05-25,2.0032,brl_per_usd
brl_usd,BRL/USD official exchange rate,market_repricing,bcb_sgs,daily,2012-05-28,1.9778,brl_per_usd
brl_usd,BRL/USD official exchange rate,market_repricing,bcb_sgs,daily,2012-05-29,1.9944,brl_per_usd
brl_usd,BRL/USD official exchange rate,market_repricing,bcb_sgs,daily,2012-05-30,2.0078,brl_per_usd
brl_usd,BRL/USD official exchange rate,market_repricing,bcb_sgs,daily,2012-05-31,2.0223,brl_per_usd
brl_usd,BRL/USD official exchange rate,market_repricing,bcb_sgs,daily,2012-06-01,2.035,brl_per_usd
brl_usd,BRL/USD official exchange rate,market_repricing,bcb_sgs,daily,2012-06-04,2.041,brl_per_usd
brl_usd,BRL/USD official exchange rate,market_repricing,bcb_sgs,daily,2012-06-05,2.0266,brl_per_usd
brl_usd,BRL/USD official exchange rate,market_repricing,bcb_sgs,daily,2012-06-06,2.0183,brl_per_usd
brl_usd,BRL/USD official exchange rate,market_repricing,bcb_sgs,daily,2012-06-08,2.0353,brl_per_usd
brl_usd,BRL/USD official exchange rate,market_repricing,bcb_sgs,daily,2012-06-11,2.0348,brl_per_usd
brl_usd,BRL/USD official exchange rate,market_repricing,bcb_sgs,daily,2012-06-12,2.0564,brl_per_usd
brl_usd,BRL/USD official exchange rate,market_repricing,bcb_sgs,daily,2012-06-13,2.0604,brl_per_usd
brl_usd,BRL/USD official exchange rate,market_repricing,bcb_sgs,daily,2012-06-14,2.0691,brl_per_usd
brl_usd,BRL/USD official exchange rate,market_repricing,bcb_sgs,daily,2012-06-15,2.0443,brl_per_usd
brl_usd,BRL/USD official exchange rate,market_repricing,bcb_sgs,daily,2012-06-18,2.0634,brl_per_usd
brl_usd,BRL/USD official exchange rate,market_repricing,bcb_sgs,daily,2012-06-19,2.044,brl_per_usd
brl_usd,BRL/USD official exchange rate,market_repricing,bcb_sgs,daily,2012-06-20,2.0293,brl_per_usd
brl_usd,BRL/USD official exchange rate,market_repricing,bcb_sgs,daily,2012-06-21,2.0363,brl_per_usd
brl_usd,BRL/USD official exchange rate,market_repricing,bcb_sgs,daily,2012-06-22,2.0555,brl_per_usd
brl_usd,BRL/USD official exchange rate,market_repricing,bcb_sgs,daily,2012-06-25,2.0718,brl_per_usd
brl_usd,BRL/USD official exchange rate,market_repricing,bcb_sgs,daily,2012-06-26,2.0743,brl_per_usd
brl_usd,BRL/USD official exchange rate,market_repricing,bcb_sgs,daily,2012-06-27,2.0764,brl_per_usd
brl_usd,BRL/USD official exchange rate,market_repricing,bcb_sgs,daily,2012-06-28,2.0904,brl_per_usd
brl_usd,BRL/USD official exchange rate,market_repricing,bcb_sgs,daily,2012-06-29,2.0213,brl_per_usd
brl_usd,BRL/USD official exchange rate,market_repricing,bcb_sgs,daily,2012-07-02,1.9893,brl_per_usd
brl_usd,BRL/USD official exchange rate,market_repricing,bcb_sgs,daily,2012-07-03,1.9888,brl_per_usd
brl_usd,BRL/USD official exchange rate,market_repricing,bcb_sgs,daily,2012-07-04,2.0201,brl_per_usd
brl_usd,BRL/USD official exchange rate,market_repricing,bcb_sgs,daily,2012-07-05,2.0292,brl_per_usd
brl_usd,BRL/USD official exchange rate,market_repricing,bcb_sgs,daily,2012-07-06,2.0359,brl_per_usd
brl_usd,BRL/USD official exchange rate,market_repricing,bcb_sgs,daily,2012-07-09,2.0312,brl_per_usd
brl_usd,BRL/USD official exchange rate,market_repricing,bcb_sgs,daily,2012-07-10,2.0332,brl_per_usd
brl_usd,BRL/USD official exchange rate,market_repricing,bcb_sgs,daily,2012-07-11,2.031,brl_per_usd
brl_usd,BRL/USD official exchange rate,market_repricing,bcb_sgs,daily,2012-07-12,2.0471,brl_per_usd
brl_usd,BRL/USD official exchange rate,market_repricing,bcb_sgs,daily,2012-07-13,2.0338,brl_per_usd
brl_usd,BRL/USD official exchange rate,market_repricing,bcb_sgs,daily,2012-07-16,2.038,brl_per_usd
brl_usd,BRL/USD official exchange rate,market_repricing,bcb_sgs,daily,2012-07-17,2.0349,brl_per_usd
brl_usd,BRL/USD official exchange rate,market_repricing,bcb_sgs,daily,2012-07-18,2.0258,brl_per_usd
brl_usd,BRL/USD official exchange rate,market_repricing,bcb_sgs,daily,2012-07-19,2.0239,brl_per_usd
brl_usd,BRL/USD official exchange rate,market_repricing,bcb_sgs,daily,2012-07-20,2.0227,brl_per_usd
brl_usd,BRL/USD official exchange rate,market_repricing,bcb_sgs,daily,2012-07-23,2.0412,brl_per_usd
brl_usd,BRL/USD official exchange rate,market_repricing,bcb_sgs,daily,2012-07-24,2.0418,brl_per_usd
brl_usd,BRL/USD official exchange rate,market_repricing,bcb_sgs,daily,2012-07-25,2.0403,brl_per_usd
brl_usd,BRL/USD official exchange rate,market_repricing,bcb_sgs,daily,2012-07-26,2.0255,brl_per_usd
brl_usd,BRL/USD official exchange rate,market_repricing,bcb_sgs,daily,2012-07-27,2.0173,brl_per_usd
brl_usd,BRL/USD official exchange rate,market_repricing,bcb_sgs,daily,2012-07-30,2.0313,brl_per_usd
brl_usd,BRL/USD official exchange rate,market_repricing,bcb_sgs,daily,2012-07-31,2.0499,brl_per_usd
brl_usd,BRL/USD official exchange rate,market_repricing,bcb_sgs,daily,2012-08-01,2.0432,brl_per_usd
brl_usd,BRL/USD official exchange rate,market_repricing,bcb_sgs,daily,2012-08-02,2.0475,brl_per_usd
brl_usd,BRL/USD official exchange rate,market_repricing,bcb_sgs,daily,2012-08-03,2.0313,brl_per_usd
brl_usd,BRL/USD official exchange rate,market_repricing,bcb_sgs,daily,2012-08-06,2.0279,brl_per_usd
brl_usd,BRL/USD official exchange rate,market_repricing,bcb_sgs,daily,2012-08-07,2.0281,brl_per_usd
brl_usd,BRL/USD official exchange rate,market_repricing,bcb_sgs,daily,2012-08-08,2.0273,brl_per_usd
brl_usd,BRL/USD official exchange rate,market_repricing,bcb_sgs,daily,2012-08-09,2.0182,brl_per_usd
brl_usd,BRL/USD official exchange rate,market_repricing,bcb_sgs,daily,2012-08-10,2.0175,brl_per_usd
brl_usd,BRL/USD official exchange rate,market_repricing,bcb_sgs,daily,2012-08-13,2.0266,brl_per_usd
brl_usd,BRL/USD official exchange rate,market_repricing,bcb_sgs,daily,2012-08-14,2.0258,brl_per_usd
brl_usd,BRL/USD official exchange rate,market_repricing,bcb_sgs,daily,2012-08-15,2.0234,brl_per_usd
brl_usd,BRL/USD official exchange rate,market_repricing,bcb_sgs,daily,2012-08-16,2.0214,brl_per_usd
brl_usd,BRL/USD official exchange rate,market_repricing,bcb_sgs,daily,2012-08-17,2.0182,brl_per_usd
brl_usd,BRL/USD official exchange rate,market_repricing,bcb_sgs,daily,2012-08-20,2.0209,brl_per_usd
brl_usd,BRL/USD official exchange rate,market_repricing,bcb_sgs,daily,2012-08-21,2.0173,brl_per_usd
brl_usd,BRL/USD official exchange rate,market_repricing,bcb_sgs,daily,2012-08-22,2.021,brl_per_usd
brl_usd,BRL/USD official exchange rate,market_repricing,bcb_sgs,daily,2012-08-23,2.0241,brl_per_usd
brl_usd,BRL/USD official exchange rate,market_repricing,bcb_sgs,daily,2012-08-24,2.0255,brl_per_usd
brl_usd,BRL/USD official exchange rate,market_repricing,bcb_sgs,daily,2012-08-27,2.0293,brl_per_usd
brl_usd,BRL/USD official exchange rate,market_repricing,bcb_sgs,daily,2012-08-28,2.0433,brl_per_usd
brl_usd,BRL/USD official exchange rate,market_repricing,bcb_sgs,daily,2012-08-29,2.0509,brl_per_usd
brl_usd,BRL/USD official exchange rate,market_repricing,bcb_sgs,daily,2012-08-30,2.0513,brl_per_usd
brl_usd,BRL/USD official exchange rate,market_repricing,bcb_sgs,daily,2012-08-31,2.0372,brl_per_usd
brl_usd,BRL/USD official exchange rate,market_repricing,bcb_sgs,daily,2012-09-03,2.0335,brl_per_usd
brl_usd,BRL/USD official exchange rate,market_repricing,bcb_sgs,daily,2012-09-04,2.0392,brl_per_usd
brl_usd,BRL/USD official exchange rate,market_repricing,bcb_sgs,daily,2012-09-05,2.0385,brl_per_usd
brl_usd,BRL/USD official exchange rate,market_repricing,bcb_sgs,daily,2012-09-06,2.0381,brl_per_usd
brl_usd,BRL/USD official exchange rate,market_repricing,bcb_sgs,daily,2012-09-10,2.0241,brl_per_usd
brl_usd,BRL/USD official exchange rate,market_repricing,bcb_sgs,daily,2012-09-11,2.0197,brl_per_usd
brl_usd,BRL/USD official exchange rate,market_repricing,bcb_sgs,daily,2012-09-12,2.0204,brl_per_usd
brl_usd,BRL/USD official exchange rate,market_repricing,bcb_sgs,daily,2012-09-13,2.0254,brl_per_usd
brl_usd,BRL/USD official exchange rate,market_repricing,bcb_sgs,daily,2012-09-14,2.0139,brl_per_usd
brl_usd,BRL/USD official exchange rate,market_repricing,bcb_sgs,daily,2012-09-17,2.0312,brl_per_usd
brl_usd,BRL/USD official exchange rate,market_repricing,bcb_sgs,daily,2012-09-18,2.0274,brl_per_usd
brl_usd,BRL/USD official exchange rate,market_repricing,bcb_sgs,daily,2012-09-19,2.0236,brl_per_usd
brl_usd,BRL/USD official exchange rate,market_repricing,bcb_sgs,daily,2012-09-20,2.0263,brl_per_usd
brl_usd,BRL/USD official exchange rate,market_repricing,bcb_sgs,daily,2012-09-21,2.024,brl_per_usd
brl_usd,BRL/USD official exchange rate,market_repricing,bcb_sgs,daily,2012-09-24,2.0273,brl_per_usd
brl_usd,BRL/USD official exchange rate,market_repricing,bcb_sgs,daily,2012-09-25,2.0251,brl_per_usd
brl_usd,BRL/USD official exchange rate,market_repricing,bcb_sgs,daily,2012-09-26,2.0341,brl_per_usd
brl_usd,BRL/USD official exchange rate,market_repricing,bcb_sgs,daily,2012-09-27,2.0311,brl_per_usd
brl_usd,BRL/USD official exchange rate,market_repricing,bcb_sgs,daily,2012-09-28,2.0306,brl_per_usd
brl_usd,BRL/USD official exchange rate,market_repricing,bcb_sgs,daily,2012-10-01,2.026,brl_per_usd
brl_usd,BRL/USD official exchange rate,market_repricing,bcb_sgs,daily,2012-10-02,2.0266,brl_per_usd
brl_usd,BRL/USD official exchange rate,market_repricing,bcb_sgs,daily,2012-10-03,2.0266,brl_per_usd
brl_usd,BRL/USD official exchange rate,market_repricing,bcb_sgs,daily,2012-10-04,2.0224,brl_per_usd
brl_usd,BRL/USD official exchange rate,market_repricing,bcb_sgs,daily,2012-10-05,2.0246,brl_per_usd
brl_usd,BRL/USD official exchange rate,market_repricing,bcb_sgs,daily,2012-10-08,2.0313,brl_per_usd
brl_usd,BRL/USD official exchange rate,market_repricing,bcb_sgs,daily,2012-10-09,2.0337,brl_per_usd
brl_usd,BRL/USD official exchange rate,market_repricing,bcb_sgs,daily,2012-10-10,2.0378,brl_per_usd
brl_usd,BRL/USD official exchange rate,market_repricing,bcb_sgs,daily,2012-10-11,2.0369,brl_per_usd
brl_usd,BRL/USD official exchange rate,market_repricing,bcb_sgs,daily,2012-10-15,2.0382,brl_per_usd
brl_usd,BRL/USD official exchange rate,market_repricing,bcb_sgs,daily,2012-10-16,2.0351,brl_per_usd
brl_usd,BRL/USD official exchange rate,market_repricing,bcb_sgs,daily,2012-10-17,2.0336,brl_per_usd
brl_usd,BRL/USD official exchange rate,market_repricing,bcb_sgs,daily,2012-10-18,2.0295,brl_per_usd
brl_usd,BRL/USD official exchange rate,market_repricing,bcb_sgs,daily,2012-10-19,2.0272,brl_per_usd
brl_usd,BRL/USD official exchange rate,market_repricing,bcb_sgs,daily,2012-10-22,2.0266,brl_per_usd
brl_usd,BRL/USD official exchange rate,market_repricing,bcb_sgs,daily,2012-10-23,2.0286,brl_per_usd
brl_usd,BRL/USD official exchange rate,market_repricing,bcb_sgs,daily,2012-10-24,2.0263,brl_per_usd
brl_usd,BRL/USD official exchange rate,market_repricing,bcb_sgs,daily,2012-10-25,2.0261,brl_per_usd
brl_usd,BRL/USD official exchange rate,market_repricing,bcb_sgs,daily,2012-10-26,2.0263,brl_per_usd
brl_usd,BRL/USD official exchange rate,market_repricing,bcb_sgs,daily,2012-10-29,2.0296,brl_per_usd
brl_usd,BRL/USD official exchange rate,market_repricing,bcb_sgs,daily,2012-10-30,2.0323,brl_per_usd
brl_usd,BRL/USD official exchange rate,market_repricing,bcb_sgs,daily,2012-10-31,2.0313,brl_per_usd
brl_usd,BRL/USD official exchange rate,market_repricing,bcb_sgs,daily,2012-11-01,2.0312,brl_per_usd
brl_usd,BRL/USD official exchange rate,market_repricing,bcb_sgs,daily,2012-11-05,2.035,brl_per_usd
brl_usd,BRL/USD official exchange rate,market_repricing,bcb_sgs,daily,2012-11-06,2.0341,brl_per_usd
brl_usd,BRL/USD official exchange rate,market_repricing,bcb_sgs,daily,2012-11-07,2.033,brl_per_usd
brl_usd,BRL/USD official exchange rate,market_repricing,bcb_sgs,daily,2012-11-08,2.0357,brl_per_usd
brl_usd,BRL/USD official exchange rate,market_repricing,bcb_sgs,daily,2012-11-09,2.0512,brl_per_usd
brl_usd,BRL/USD official exchange rate,market_repricing,bcb_sgs,daily,2012-11-12,2.0476,brl_per_usd
brl_usd,BRL/USD official exchange rate,market_repricing,bcb_sgs,daily,2012-11-13,2.0614,brl_per_usd
brl_usd,BRL/USD official exchange rate,market_repricing,bcb_sgs,daily,2012-11-14,2.0629,brl_per_usd
brl_usd,BRL/USD official exchange rate,market_repricing,bcb_sgs,daily,2012-11-16,2.0712,brl_per_usd
brl_usd,BRL/USD official exchange rate,market_repricing,bcb_sgs,daily,2012-11-19,2.0745,brl_per_usd
brl_usd,BRL/USD official exchange rate,market_repricing,bcb_sgs,daily,2012-11-20,2.0835,brl_per_usd
brl_usd,BRL/USD official exchange rate,market_repricing,bcb_sgs,daily,2012-11-21,2.0924,brl_per_usd
brl_usd,BRL/USD official exchange rate,market_repricing,bcb_sgs,daily,2012-11-22,2.0912,brl_per_usd
brl_usd,BRL/USD official exchange rate,market_repricing,bcb_sgs,daily,2012-11-23,2.0985,brl_per_usd
brl_usd,BRL/USD official exchange rate,market_repricing,bcb_sgs,daily,2012-11-26,2.0787,brl_per_usd
brl_usd,BRL/USD official exchange rate,market_repricing,bcb_sgs,daily,2012-11-27,2.0752,brl_per_usd
brl_usd,BRL/USD official exchange rate,market_repricing,bcb_sgs,daily,2012-11-28,2.0912,brl_per_usd
brl_usd,BRL/USD official exchange rate,market_repricing,bcb_sgs,daily,2012-11-29,2.0991,brl_per_usd
brl_usd,BRL/USD official exchange rate,market_repricing,bcb_sgs,daily,2012-11-30,2.1074,brl_per_usd
brl_usd,BRL/USD official exchange rate,market_repricing,bcb_sgs,daily,2012-12-03,2.1121,brl_per_usd
brl_usd,BRL/USD official exchange rate,market_repricing,bcb_sgs,daily,2012-12-04,2.1077,brl_per_usd
brl_usd,BRL/USD official exchange rate,market_repricing,bcb_sgs,daily,2012-12-05,2.1046,brl_per_usd
brl_usd,BRL/USD official exchange rate,market_repricing,bcb_sgs,daily,2012-12-06,2.0836,brl_per_usd
brl_usd,BRL/USD official exchange rate,market_repricing,bcb_sgs,daily,2012-12-07,2.0804,brl_per_usd
brl_usd,BRL/USD official exchange rate,market_repricing,bcb_sgs,daily,2012-12-10,2.081,brl_per_usd
brl_usd,BRL/USD official exchange rate,market_repricing,bcb_sgs,daily,2012-12-11,2.0743,brl_per_usd
brl_usd,BRL/USD official exchange rate,market_repricing,bcb_sgs,daily,2012-12-12,2.0801,brl_per_usd
brl_usd,BRL/USD official exchange rate,market_repricing,bcb_sgs,daily,2012-12-13,2.0751,brl_per_usd
brl_usd,BRL/USD official exchange rate,market_repricing,bcb_sgs,daily,2012-12-14,2.084,brl_per_usd
brl_usd,BRL/USD official exchange rate,market_repricing,bcb_sgs,daily,2012-12-17,2.0902,brl_per_usd
brl_usd,BRL/USD official exchange rate,market_repricing,bcb_sgs,daily,2012-12-18,2.0966,brl_per_usd
brl_usd,BRL/USD official exchange rate,market_repricing,bcb_sgs,daily,2012-12-19,2.0791,brl_per_usd
brl_usd,BRL/USD official exchange rate,market_repricing,bcb_sgs,daily,2012-12-20,2.0625,brl_per_usd
brl_usd,BRL/USD official exchange rate,market_repricing,bcb_sgs,daily,2012-12-21,2.0758,brl_per_usd
brl_usd,BRL/USD official exchange rate,market_repricing,bcb_sgs,daily,2012-12-24,2.0774,brl_per_usd
brl_usd,BRL/USD official exchange rate,market_repricing,bcb_sgs,daily,2012-12-26,2.0569,brl_per_usd
brl_usd,BRL/USD official exchange rate,market_repricing,bcb_sgs,daily,2012-12-27,2.0483,brl_per_usd
brl_usd,BRL/USD official exchange rate,market_repricing,bcb_sgs,daily,2012-12-28,2.0435,brl_per_usd
brl_usd,BRL/USD official exchange rate,market_repricing,bcb_sgs,daily,2012-12-31,2.0435,brl_per_usd
brl_usd,BRL/USD official exchange rate,market_repricing,bcb_sgs,daily,2013-01-02,2.0415,brl_per_usd
brl_usd,BRL/USD official exchange rate,market_repricing,bcb_sgs,daily,2013-01-03,2.0464,brl_per_usd
brl_usd,BRL/USD official exchange rate,market_repricing,bcb_sgs,daily,2013-01-04,2.0425,brl_per_usd
brl_usd,BRL/USD official exchange rate,market_repricing,bcb_sgs,daily,2013-01-07,2.0312,brl_per_usd
brl_usd,BRL/USD official exchange rate,market_repricing,bcb_sgs,daily,2013-01-08,2.0286,brl_per_usd
brl_usd,BRL/USD official exchange rate,market_repricing,bcb_sgs,daily,2013-01-09,2.0417,brl_per_usd
brl_usd,BRL/USD official exchange rate,market_repricing,bcb_sgs,daily,2013-01-10,2.0358,brl_per_usd
brl_usd,BRL/USD official exchange rate,market_repricing,bcb_sgs,daily,2013-01-11,2.0341,brl_per_usd
brl_usd,BRL/USD official exchange rate,market_repricing,bcb_sgs,daily,2013-01-14,2.0334,brl_per_usd
brl_usd,BRL/USD official exchange rate,market_repricing,bcb_sgs,daily,2013-01-15,2.0374,brl_per_usd
brl_usd,BRL/USD official exchange rate,market_repricing,bcb_sgs,daily,2013-01-16,2.0409,brl_per_usd
brl_usd,BRL/USD official exchange rate,market_repricing,bcb_sgs,daily,2013-01-17,2.0411,brl_per_usd
brl_usd,BRL/USD official exchange rate,market_repricing,bcb_sgs,daily,2013-01-18,2.0441,brl_per_usd
brl_usd,BRL/USD official exchange rate,market_repricing,bcb_sgs,daily,2013-01-21,2.042,brl_per_usd
brl_usd,BRL/USD official exchange rate,market_repricing,bcb_sgs,daily,2013-01-22,2.0471,brl_per_usd
brl_usd,BRL/USD official exchange rate,market_repricing,bcb_sgs,daily,2013-01-23,2.0394,brl_per_usd
brl_usd,BRL/USD official exchange rate,market_repricing,bcb_sgs,daily,2013-01-24,2.0344,brl_per_usd
brl_usd,BRL/USD official exchange rate,market_repricing,bcb_sgs,daily,2013-01-25,2.0285,brl_per_usd
brl_usd,BRL/USD official exchange rate,market_repricing,bcb_sgs,daily,2013-01-28,2.0241,brl_per_usd
brl_usd,BRL/USD official exchange rate,market_repricing,bcb_sgs,daily,2013-01-29,1.9912,brl_per_usd
brl_usd,BRL/USD official exchange rate,market_repricing,bcb_sgs,daily,2013-01-30,1.99,brl_per_usd
brl_usd,BRL/USD official exchange rate,market_repricing,bcb_sgs,daily,2013-01-31,1.9883,brl_per_usd
brl_usd,BRL/USD official exchange rate,market_repricing,bcb_sgs,daily,2013-02-01,1.9843,brl_per_usd
brl_usd,BRL/USD official exchange rate,market_repricing,bcb_sgs,daily,2013-02-04,1.9893,brl_per_usd
brl_usd,BRL/USD official exchange rate,market_repricing,bcb_sgs,daily,2013-02-05,1.9881,brl_per_usd
brl_usd,BRL/USD official exchange rate,market_repricing,bcb_sgs,daily,2013-02-06,1.9884,brl_per_usd
brl_usd,BRL/USD official exchange rate,market_repricing,bcb_sgs,daily,2013-02-07,1.9789,brl_per_usd
brl_usd,BRL/USD official exchange rate,market_repricing,bcb_sgs,daily,2013-02-08,1.9636,brl_per_usd
brl_usd,BRL/USD official exchange rate,market_repricing,bcb_sgs,daily,2013-02-13,1.967,brl_per_usd
brl_usd,BRL/USD official exchange rate,market_repricing,bcb_sgs,daily,2013-02-14,1.9666,brl_per_usd
brl_usd,BRL/USD official exchange rate,market_repricing,bcb_sgs,daily,2013-02-15,1.96,brl_per_usd
brl_usd,BRL/USD official exchange rate,market_repricing,bcb_sgs,daily,2013-02-18,1.9676,brl_per_usd
brl_usd,BRL/USD official exchange rate,market_repricing,bcb_sgs,daily,2013-02-19,1.9597,brl_per_usd
brl_usd,BRL/USD official exchange rate,market_repricing,bcb_sgs,daily,2013-02-20,1.957,brl_per_usd
brl_usd,BRL/USD official exchange rate,market_repricing,bcb_sgs,daily,2013-02-21,1.972,brl_per_usd
brl_usd,BRL/USD official exchange rate,market_repricing,bcb_sgs,daily,2013-02-22,1.9705,brl_per_usd
brl_usd,BRL/USD official exchange rate,market_repricing,bcb_sgs,daily,2013-02-25,1.9676,brl_per_usd
brl_usd,BRL/USD official exchange rate,market_repricing,bcb_sgs,daily,2013-02-26,1.9818,brl_per_usd
brl_usd,BRL/USD official exchange rate,market_repricing,bcb_sgs,daily,2013-02-27,1.9807,brl_per_usd
brl_usd,BRL/USD official exchange rate,market_repricing,bcb_sgs,daily,2013-02-28,1.9754,brl_per_usd
brl_usd,BRL/USD official exchange rate,market_repricing,bcb_sgs,daily,2013-03-01,1.9848,brl_per_usd
brl_usd,BRL/USD official exchange rate,market_repricing,bcb_sgs,daily,2013-03-04,1.9827,brl_per_usd
brl_usd,BRL/USD official exchange rate,market_repricing,bcb_sgs,daily,2013-03-05,1.9693,brl_per_usd
brl_usd,BRL/USD official exchange rate,market_repricing,bcb_sgs,daily,2013-03-06,1.9673,brl_per_usd
brl_usd,BRL/USD official exchange rate,market_repricing,bcb_sgs,daily,2013-03-07,1.9642,brl_per_usd
brl_usd,BRL/USD official exchange rate,market_repricing,bcb_sgs,daily,2013-03-08,1.9528,brl_per_usd
brl_usd,BRL/USD official exchange rate,market_repricing,bcb_sgs,daily,2013-03-11,1.9552,brl_per_usd
brl_usd,BRL/USD official exchange rate,market_repricing,bcb_sgs,daily,2013-03-12,1.9585,brl_per_usd
brl_usd,BRL/USD official exchange rate,market_repricing,bcb_sgs,daily,2013-03-13,1.9619,brl_per_usd
brl_usd,BRL/USD official exchange rate,market_repricing,bcb_sgs,daily,2013-03-14,1.9676,brl_per_usd
brl_usd,BRL/USD official exchange rate,market_repricing,bcb_sgs,daily,2013-03-15,1.9749,brl_per_usd
brl_usd,BRL/USD official exchange rate,market_repricing,bcb_sgs,daily,2013-03-18,1.9871,brl_per_usd
brl_usd,BRL/USD official exchange rate,market_repricing,bcb_sgs,daily,2013-03-19,1.983,brl_per_usd
brl_usd,BRL/USD official exchange rate,market_repricing,bcb_sgs,daily,2013-03-20,1.9868,brl_per_usd
brl_usd,BRL/USD official exchange rate,market_repricing,bcb_sgs,daily,2013-03-21,1.9931,brl_per_usd
brl_usd,BRL/USD official exchange rate,market_repricing,bcb_sgs,daily,2013-03-22,2.0126,brl_per_usd
brl_usd,BRL/USD official exchange rate,market_repricing,bcb_sgs,daily,2013-03-25,2.014,brl_per_usd
brl_usd,BRL/USD official exchange rate,market_repricing,bcb_sgs,daily,2013-03-26,2.0087,brl_per_usd
brl_usd,BRL/USD official exchange rate,market_repricing,bcb_sgs,daily,2013-03-27,2.0185,brl_per_usd
brl_usd,BRL/USD official exchange rate,market_repricing,bcb_sgs,daily,2013-03-28,2.0138,brl_per_usd
brl_usd,BRL/USD official exchange rate,market_repricing,bcb_sgs,daily,2013-04-01,2.0186,brl_per_usd
brl_usd,BRL/USD official exchange rate,market_repricing,bcb_sgs,daily,2013-04-02,2.0179,brl_per_usd
brl_usd,BRL/USD official exchange rate,market_repricing,bcb_sgs,daily,2013-04-03,2.0239,brl_per_usd
brl_usd,BRL/USD official exchange rate,market_repricing,bcb_sgs,daily,2013-04-04,2.0201,brl_per_usd
brl_usd,BRL/USD official exchange rate,market_repricing,bcb_sgs,daily,2013-04-05,2.0035,brl_per_usd
brl_usd,BRL/USD official exchange rate,market_repricing,bcb_sgs,daily,2013-04-08,1.9902,brl_per_usd
brl_usd,BRL/USD official exchange rate,market_repricing,bcb_sgs,daily,2013-04-09,1.9861,brl_per_usd
brl_usd,BRL/USD official exchange rate,market_repricing,bcb_sgs,daily,2013-04-10,1.981,brl_per_usd
brl_usd,BRL/USD official exchange rate,market_repricing,bcb_sgs,daily,2013-04-11,1.9736,brl_per_usd
brl_usd,BRL/USD official exchange rate,market_repricing,bcb_sgs,daily,2013-04-12,1.9761,brl_per_usd
brl_usd,BRL/USD official exchange rate,market_repricing,bcb_sgs,daily,2013-04-15,1.979,brl_per_usd
brl_usd,BRL/USD official exchange rate,market_repricing,bcb_sgs,daily,2013-04-16,1.9903,brl_per_usd
brl_usd,BRL/USD official exchange rate,market_repricing,bcb_sgs,daily,2013-04-17,1.9939,brl_per_usd
brl_usd,BRL/USD official exchange rate,market_repricing,bcb_sgs,daily,2013-04-18,2.0152,brl_per_usd
brl_usd,BRL/USD official exchange rate,market_repricing,bcb_sgs,daily,2013-04-19,2.0089,brl_per_usd
brl_usd,BRL/USD official exchange rate,market_repricing,bcb_sgs,daily,2013-04-22,2.0154,brl_per_usd
brl_usd,BRL/USD official exchange rate,market_repricing,bcb_sgs,daily,2013-04-23,2.017,brl_per_usd
brl_usd,BRL/USD official exchange rate,market_repricing,bcb_sgs,daily,2013-04-24,2.0244,brl_per_usd
brl_usd,BRL/USD official exchange rate,market_repricing,bcb_sgs,daily,2013-04-25,2.0119,brl_per_usd
brl_usd,BRL/USD official exchange rate,market_repricing,bcb_sgs,daily,2013-04-26,2.0001,brl_per_usd
brl_usd,BRL/USD official exchange rate,market_repricing,bcb_sgs,daily,2013-04-29,1.9999,brl_per_usd
brl_usd,BRL/USD official exchange rate,market_repricing,bcb_sgs,daily,2013-04-30,2.0017,brl_per_usd
brl_usd,BRL/USD official exchange rate,market_repricing,bcb_sgs,daily,2013-05-02,2.0095,brl_per_usd
brl_usd,BRL/USD official exchange rate,market_repricing,bcb_sgs,daily,2013-05-03,2.0093,brl_per_usd
brl_usd,BRL/USD official exchange rate,market_repricing,bcb_sgs,daily,2013-05-06,2.0143,brl_per_usd
brl_usd,BRL/USD official exchange rate,market_repricing,bcb_sgs,daily,2013-05-07,2.011,brl_per_usd
brl_usd,BRL/USD official exchange rate,market_repricing,bcb_sgs,daily,2013-05-08,2.003,brl_per_usd
brl_usd,BRL/USD official exchange rate,market_repricing,bcb_sgs,daily,2013-05-09,2.0051,brl_per_usd
brl_usd,BRL/USD official exchange rate,market_repricing,bcb_sgs,daily,2013-05-10,2.0231,brl_per_usd
brl_usd,BRL/USD official exchange rate,market_repricing,bcb_sgs,daily,2013-05-13,2.015,brl_per_usd
brl_usd,BRL/USD official exchange rate,market_repricing,bcb_sgs,daily,2013-05-14,2.0063,brl_per_usd
brl_usd,BRL/USD official exchange rate,market_repricing,bcb_sgs,daily,2013-05-15,2.0233,brl_per_usd
brl_usd,BRL/USD official exchange rate,market_repricing,bcb_sgs,daily,2013-05-16,2.0254,brl_per_usd
brl_usd,BRL/USD official exchange rate,market_repricing,bcb_sgs,daily,2013-05-17,2.0354,brl_per_usd
brl_usd,BRL/USD official exchange rate,market_repricing,bcb_sgs,daily,2013-05-20,2.0333,brl_per_usd
brl_usd,BRL/USD official exchange rate,market_repricing,bcb_sgs,daily,2013-05-21,2.0402,brl_per_usd
brl_usd,BRL/USD official exchange rate,market_repricing,bcb_sgs,daily,2013-05-22,2.0387,brl_per_usd
brl_usd,BRL/USD official exchange rate,market_repricing,bcb_sgs,daily,2013-05-23,2.0537,brl_per_usd
brl_usd,BRL/USD official exchange rate,market_repricing,bcb_sgs,daily,2013-05-24,2.0495,brl_per_usd
brl_usd,BRL/USD official exchange rate,market_repricing,bcb_sgs,daily,2013-05-27,2.0527,brl_per_usd
brl_usd,BRL/USD official exchange rate,market_repricing,bcb_sgs,daily,2013-05-28,2.0616,brl_per_usd
brl_usd,BRL/USD official exchange rate,market_repricing,bcb_sgs,daily,2013-05-29,2.0894,brl_per_usd
brl_usd,BRL/USD official exchange rate,market_repricing,bcb_sgs,daily,2013-05-31,2.1319,brl_per_usd
brl_usd,BRL/USD official exchange rate,market_repricing,bcb_sgs,daily,2013-06-03,2.1355,brl_per_usd
brl_usd,BRL/USD official exchange rate,market_repricing,bcb_sgs,daily,2013-06-04,2.1282,brl_per_usd
brl_usd,BRL/USD official exchange rate,market_repricing,bcb_sgs,daily,2013-06-05,2.1235,brl_per_usd
brl_usd,BRL/USD official exchange rate,market_repricing,bcb_sgs,daily,2013-06-06,2.125,brl_per_usd
brl_usd,BRL/USD official exchange rate,market_repricing,bcb_sgs,daily,2013-06-07,2.1372,brl_per_usd
brl_usd,BRL/USD official exchange rate,market_repricing,bcb_sgs,daily,2013-06-10,2.1506,brl_per_usd
brl_usd,BRL/USD official exchange rate,market_repricing,bcb_sgs,daily,2013-06-11,2.1521,brl_per_usd
brl_usd,BRL/USD official exchange rate,market_repricing,bcb_sgs,daily,2013-06-12,2.142,brl_per_usd
brl_usd,BRL/USD official exchange rate,market_repricing,bcb_sgs,daily,2013-06-13,2.1447,brl_per_usd
brl_usd,BRL/USD official exchange rate,market_repricing,bcb_sgs,daily,2013-06-14,2.1367,brl_per_usd
brl_usd,BRL/USD official exchange rate,market_repricing,bcb_sgs,daily,2013-06-17,2.1538,brl_per_usd
brl_usd,BRL/USD official exchange rate,market_repricing,bcb_sgs,daily,2013-06-18,2.1706,brl_per_usd
brl_usd,BRL/USD official exchange rate,market_repricing,bcb_sgs,daily,2013-06-19,2.1744,brl_per_usd
brl_usd,BRL/USD official exchange rate,market_repricing,bcb_sgs,daily,2013-06-20,2.2523,brl_per_usd
brl_usd,BRL/USD official exchange rate,market_repricing,bcb_sgs,daily,2013-06-21,2.2648,brl_per_usd
brl_usd,BRL/USD official exchange rate,market_repricing,bcb_sgs,daily,2013-06-24,2.2515,brl_per_usd
brl_usd,BRL/USD official exchange rate,market_repricing,bcb_sgs,daily,2013-06-25,2.2185,brl_per_usd
brl_usd,BRL/USD official exchange rate,market_repricing,bcb_sgs,daily,2013-06-26,2.1975,brl_per_usd
brl_usd,BRL/USD official exchange rate,market_repricing,bcb_sgs,daily,2013-06-27,2.1846,brl_per_usd
brl_usd,BRL/USD official exchange rate,market_repricing,bcb_sgs,daily,2013-06-28,2.2156,brl_per_usd
brl_usd,BRL/USD official exchange rate,market_repricing,bcb_sgs,daily,2013-07-01,2.2297,brl_per_usd
brl_usd,BRL/USD official exchange rate,market_repricing,bcb_sgs,daily,2013-07-02,2.2412,brl_per_usd
brl_usd,BRL/USD official exchange rate,market_repricing,bcb_sgs,daily,2013-07-03,2.2634,brl_per_usd
brl_usd,BRL/USD official exchange rate,market_repricing,bcb_sgs,daily,2013-07-04,2.2595,brl_per_usd
brl_usd,BRL/USD official exchange rate,market_repricing,bcb_sgs,daily,2013-07-05,2.2645,brl_per_usd
brl_usd,BRL/USD official exchange rate,market_repricing,bcb_sgs,daily,2013-07-08,2.2583,brl_per_usd
brl_usd,BRL/USD official exchange rate,market_repricing,bcb_sgs,daily,2013-07-09,2.2628,brl_per_usd
brl_usd,BRL/USD official exchange rate,market_repricing,bcb_sgs,daily,2013-07-10,2.2697,brl_per_usd
brl_usd,BRL/USD official exchange rate,market_repricing,bcb_sgs,daily,2013-07-11,2.2672,brl_per_usd
brl_usd,BRL/USD official exchange rate,market_repricing,bcb_sgs,daily,2013-07-12,2.267,brl_per_usd
brl_usd,BRL/USD official exchange rate,market_repricing,bcb_sgs,daily,2013-07-15,2.2548,brl_per_usd
brl_usd,BRL/USD official exchange rate,market_repricing,bcb_sgs,daily,2013-07-16,2.2353,brl_per_usd
brl_usd,BRL/USD official exchange rate,market_repricing,bcb_sgs,daily,2013-07-17,2.2372,brl_per_usd
brl_usd,BRL/USD official exchange rate,market_repricing,bcb_sgs,daily,2013-07-18,2.2297,brl_per_usd
brl_usd,BRL/USD official exchange rate,market_repricing,bcb_sgs,daily,2013-07-19,2.2364,brl_per_usd
brl_usd,BRL/USD official exchange rate,market_repricing,bcb_sgs,daily,2013-07-22,2.2386,brl_per_usd
brl_usd,BRL/USD official exchange rate,market_repricing,bcb_sgs,daily,2013-07-23,2.2267,brl_per_usd
brl_usd,BRL/USD official exchange rate,market_repricing,bcb_sgs,daily,2013-07-24,2.2348,brl_per_usd
brl_usd,BRL/USD official exchange rate,market_repricing,bcb_sgs,daily,2013-07-25,2.2497,brl_per_usd
brl_usd,BRL/USD official exchange rate,market_repricing,bcb_sgs,daily,2013-07-26,2.2488,brl_per_usd
brl_usd,BRL/USD official exchange rate,market_repricing,bcb_sgs,daily,2013-07-29,2.2609,brl_per_usd
brl_usd,BRL/USD official exchange rate,market_repricing,bcb_sgs,daily,2013-07-30,2.2734,brl_per_usd
brl_usd,BRL/USD official exchange rate,market_repricing,bcb_sgs,daily,2013-07-31,2.2903,brl_per_usd
brl_usd,BRL/USD official exchange rate,market_repricing,bcb_sgs,daily,2013-08-01,2.2914,brl_per_usd
brl_usd,BRL/USD official exchange rate,market_repricing,bcb_sgs,daily,2013-08-02,2.2933,brl_per_usd
brl_usd,BRL/USD official exchange rate,market_repricing,bcb_sgs,daily,2013-08-05,2.301,brl_per_usd
brl_usd,BRL/USD official exchange rate,market_repricing,bcb_sgs,daily,2013-08-06,2.2955,brl_per_usd
brl_usd,BRL/USD official exchange rate,market_repricing,bcb_sgs,daily,2013-08-07,2.3028,brl_per_usd
brl_usd,BRL/USD official exchange rate,market_repricing,bcb_sgs,daily,2013-08-08,2.2882,brl_per_usd
brl_usd,BRL/USD official exchange rate,market_repricing,bcb_sgs,daily,2013-08-09,2.2748,brl_per_usd
brl_usd,BRL/USD official exchange rate,market_repricing,bcb_sgs,daily,2013-08-12,2.2722,brl_per_usd
brl_usd,BRL/USD official exchange rate,market_repricing,bcb_sgs,daily,2013-08-13,2.3035,brl_per_usd
brl_usd,BRL/USD official exchange rate,market_repricing,bcb_sgs,daily,2013-08-14,2.3118,brl_per_usd
brl_usd,BRL/USD official exchange rate,market_repricing,bcb_sgs,daily,2013-08-15,2.3434,brl_per_usd
brl_usd,BRL/USD official exchange rate,market_repricing,bcb_sgs,daily,2013-08-16,2.3565,brl_per_usd
brl_usd,BRL/USD official exchange rate,market_repricing,bcb_sgs,daily,2013-08-19,2.398,brl_per_usd
brl_usd,BRL/USD official exchange rate,market_repricing,bcb_sgs,daily,2013-08-20,2.3943,brl_per_usd
brl_usd,BRL/USD official exchange rate,market_repricing,bcb_sgs,daily,2013-08-21,2.4169,brl_per_usd
brl_usd,BRL/USD official exchange rate,market_repricing,bcb_sgs,daily,2013-08-22,2.4457,brl_per_usd
brl_usd,BRL/USD official exchange rate,market_repricing,bcb_sgs,daily,2013-08-23,2.3868,brl_per_usd
brl_usd,BRL/USD official exchange rate,market_repricing,bcb_sgs,daily,2013-08-26,2.3705,brl_per_usd
brl_usd,BRL/USD official exchange rate,market_repricing,bcb_sgs,daily,2013-08-27,2.3998,brl_per_usd
brl_usd,BRL/USD official exchange rate,market_repricing,bcb_sgs,daily,2013-08-28,2.3515,brl_per_usd
brl_usd,BRL/USD official exchange rate,market_repricing,bcb_sgs,daily,2013-08-29,2.3578,brl_per_usd
brl_usd,BRL/USD official exchange rate,market_repricing,bcb_sgs,daily,2013-08-30,2.3725,brl_per_usd
brl_usd,BRL/USD official exchange rate,market_repricing,bcb_sgs,daily,2013-09-02,2.3643,brl_per_usd
brl_usd,BRL/USD official exchange rate,market_repricing,bcb_sgs,daily,2013-09-03,2.3897,brl_per_usd
brl_usd,BRL/USD official exchange rate,market_repricing,bcb_sgs,daily,2013-09-04,2.3538,brl_per_usd
brl_usd,BRL/USD official exchange rate,market_repricing,bcb_sgs,daily,2013-09-05,2.3314,brl_per_usd
brl_usd,BRL/USD official exchange rate,market_repricing,bcb_sgs,daily,2013-09-06,2.2979,brl_per_usd
brl_usd,BRL/USD official exchange rate,market_repricing,bcb_sgs,daily,2013-09-09,2.2868,brl_per_usd
brl_usd,BRL/USD official exchange rate,market_repricing,bcb_sgs,daily,2013-09-10,2.2779,brl_per_usd
brl_usd,BRL/USD official exchange rate,market_repricing,bcb_sgs,daily,2013-09-11,2.2947,brl_per_usd
brl_usd,BRL/USD official exchange rate,market_repricing,bcb_sgs,daily,2013-09-12,2.2769,brl_per_usd
brl_usd,BRL/USD official exchange rate,market_repricing,bcb_sgs,daily,2013-09-13,2.2785,brl_per_usd
brl_usd,BRL/USD official exchange rate,market_repricing,bcb_sgs,daily,2013-09-16,2.2649,brl_per_usd
brl_usd,BRL/USD official exchange rate,market_repricing,bcb_sgs,daily,2013-09-17,2.2617,brl_per_usd
brl_usd,BRL/USD official exchange rate,market_repricing,bcb_sgs,daily,2013-09-18,2.2489,brl_per_usd
brl_usd,BRL/USD official exchange rate,market_repricing,bcb_sgs,daily,2013-09-19,2.2036,brl_per_usd
brl_usd,BRL/USD official exchange rate,market_repricing,bcb_sgs,daily,2013-09-20,2.2053,brl_per_usd
brl_usd,BRL/USD official exchange rate,market_repricing,bcb_sgs,daily,2013-09-23,2.2033,brl_per_usd
brl_usd,BRL/USD official exchange rate,market_repricing,bcb_sgs,daily,2013-09-24,2.2031,brl_per_usd
brl_usd,BRL/USD official exchange rate,market_repricing,bcb_sgs,daily,2013-09-25,2.2224,brl_per_usd
brl_usd,BRL/USD official exchange rate,market_repricing,bcb_sgs,daily,2013-09-26,2.2285,brl_per_usd
brl_usd,BRL/USD official exchange rate,market_repricing,bcb_sgs,daily,2013-09-27,2.2571,brl_per_usd
brl_usd,BRL/USD official exchange rate,market_repricing,bcb_sgs,daily,2013-09-30,2.23,brl_per_usd
brl_usd,BRL/USD official exchange rate,market_repricing,bcb_sgs,daily,2013-10-01,2.2123,brl_per_usd
brl_usd,BRL/USD official exchange rate,market_repricing,bcb_sgs,daily,2013-10-02,2.2088,brl_per_usd
brl_usd,BRL/USD official exchange rate,market_repricing,bcb_sgs,daily,2013-10-03,2.2069,brl_per_usd
brl_usd,BRL/USD official exchange rate,market_repricing,bcb_sgs,daily,2013-10-04,2.2051,brl_per_usd
brl_usd,BRL/USD official exchange rate,market_repricing,bcb_sgs,daily,2013-10-07,2.2087,brl_per_usd
brl_usd,BRL/USD official exchange rate,market_repricing,bcb_sgs,daily,2013-10-08,2.2016,brl_per_usd
brl_usd,BRL/USD official exchange rate,market_repricing,bcb_sgs,daily,2013-10-09,2.2054,brl_per_usd
brl_usd,BRL/USD official exchange rate,market_repricing,bcb_sgs,daily,2013-10-10,2.185,brl_per_usd
brl_usd,BRL/USD official exchange rate,market_repricing,bcb_sgs,daily,2013-10-11,2.1821,brl_per_usd
brl_usd,BRL/USD official exchange rate,market_repricing,bcb_sgs,daily,2013-10-14,2.1817,brl_per_usd
brl_usd,BRL/USD official exchange rate,market_repricing,bcb_sgs,daily,2013-10-15,2.1818,brl_per_usd
brl_usd,BRL/USD official exchange rate,market_repricing,bcb_sgs,daily,2013-10-16,2.1629,brl_per_usd
brl_usd,BRL/USD official exchange rate,market_repricing,bcb_sgs,daily,2013-10-17,2.1611,brl_per_usd
brl_usd,BRL/USD official exchange rate,market_repricing,bcb_sgs,daily,2013-10-18,2.1616,brl_per_usd
brl_usd,BRL/USD official exchange rate,market_repricing,bcb_sgs,daily,2013-10-21,2.1738,brl_per_usd
brl_usd,BRL/USD official exchange rate,market_repricing,bcb_sgs,daily,2013-10-22,2.176,brl_per_usd
brl_usd,BRL/USD official exchange rate,market_repricing,bcb_sgs,daily,2013-10-23,2.1826,brl_per_usd
brl_usd,BRL/USD official exchange rate,market_repricing,bcb_sgs,daily,2013-10-24,2.2003,brl_per_usd
brl_usd,BRL/USD official exchange rate,market_repricing,bcb_sgs,daily,2013-10-25,2.1848,brl_per_usd
brl_usd,BRL/USD official exchange rate,market_repricing,bcb_sgs,daily,2013-10-28,2.1846,brl_per_usd
brl_usd,BRL/USD official exchange rate,market_repricing,bcb_sgs,daily,2013-10-29,2.1804,brl_per_usd
brl_usd,BRL/USD official exchange rate,market_repricing,bcb_sgs,daily,2013-10-30,2.1888,brl_per_usd
brl_usd,BRL/USD official exchange rate,market_repricing,bcb_sgs,daily,2013-10-31,2.2026,brl_per_usd
brl_usd,BRL/USD official exchange rate,market_repricing,bcb_sgs,daily,2013-11-01,2.2468,brl_per_usd
brl_usd,BRL/USD official exchange rate,market_repricing,bcb_sgs,daily,2013-11-04,2.2426,brl_per_usd
brl_usd,BRL/USD official exchange rate,market_repricing,bcb_sgs,daily,2013-11-05,2.2747,brl_per_usd
brl_usd,BRL/USD official exchange rate,market_repricing,bcb_sgs,daily,2013-11-06,2.2785,brl_per_usd
brl_usd,BRL/USD official exchange rate,market_repricing,bcb_sgs,daily,2013-11-07,2.2825,brl_per_usd
brl_usd,BRL/USD official exchange rate,market_repricing,bcb_sgs,daily,2013-11-08,2.317,brl_per_usd
brl_usd,BRL/USD official exchange rate,market_repricing,bcb_sgs,daily,2013-11-11,2.3142,brl_per_usd
brl_usd,BRL/USD official exchange rate,market_repricing,bcb_sgs,daily,2013-11-12,2.3362,brl_per_usd
brl_usd,BRL/USD official exchange rate,market_repricing,bcb_sgs,daily,2013-11-13,2.3234,brl_per_usd
brl_usd,BRL/USD official exchange rate,market_repricing,bcb_sgs,daily,2013-11-14,2.3289,brl_per_usd
brl_usd,BRL/USD official exchange rate,market_repricing,bcb_sgs,daily,2013-11-18,2.2828,brl_per_usd
brl_usd,BRL/USD official exchange rate,market_repricing,bcb_sgs,daily,2013-11-19,2.2662,brl_per_usd
brl_usd,BRL/USD official exchange rate,market_repricing,bcb_sgs,daily,2013-11-20,2.2726,brl_per_usd
brl_usd,BRL/USD official exchange rate,market_repricing,bcb_sgs,daily,2013-11-21,2.3067,brl_per_usd
brl_usd,BRL/USD official exchange rate,market_repricing,bcb_sgs,daily,2013-11-22,2.2913,brl_per_usd
brl_usd,BRL/USD official exchange rate,market_repricing,bcb_sgs,daily,2013-11-25,2.2871,brl_per_usd
brl_usd,BRL/USD official exchange rate,market_repricing,bcb_sgs,daily,2013-11-26,2.304,brl_per_usd
brl_usd,BRL/USD official exchange rate,market_repricing,bcb_sgs,daily,2013-11-27,2.3058,brl_per_usd
brl_usd,BRL/USD official exchange rate,market_repricing,bcb_sgs,daily,2013-11-28,2.3208,brl_per_usd
brl_usd,BRL/USD official exchange rate,market_repricing,bcb_sgs,daily,2013-11-29,2.3249,brl_per_usd
brl_usd,BRL/USD official exchange rate,market_repricing,bcb_sgs,daily,2013-12-02,2.3449,brl_per_usd
brl_usd,BRL/USD official exchange rate,market_repricing,bcb_sgs,daily,2013-12-03,2.3558,brl_per_usd
brl_usd,BRL/USD official exchange rate,market_repricing,bcb_sgs,daily,2013-12-04,2.374,brl_per_usd
brl_usd,BRL/USD official exchange rate,market_repricing,bcb_sgs,daily,2013-12-05,2.3747,brl_per_usd
brl_usd,BRL/USD official exchange rate,market_repricing,bcb_sgs,daily,2013-12-06,2.3525,brl_per_usd
brl_usd,BRL/USD official exchange rate,market_repricing,bcb_sgs,daily,2013-12-09,2.3225,brl_per_usd
brl_usd,BRL/USD official exchange rate,market_repricing,bcb_sgs,daily,2013-12-10,2.3102,brl_per_usd
brl_usd,BRL/USD official exchange rate,market_repricing,bcb_sgs,daily,2013-12-11,2.3262,brl_per_usd
brl_usd,BRL/USD official exchange rate,market_repricing,bcb_sgs,daily,2013-12-12,2.3338,brl_per_usd
brl_usd,BRL/USD official exchange rate,market_repricing,bcb_sgs,daily,2013-12-13,2.3354,brl_per_usd
brl_usd,BRL/USD official exchange rate,market_repricing,bcb_sgs,daily,2013-12-16,2.3255,brl_per_usd
brl_usd,BRL/USD official exchange rate,market_repricing,bcb_sgs,daily,2013-12-17,2.3221,brl_per_usd
brl_usd,BRL/USD official exchange rate,market_repricing,bcb_sgs,daily,2013-12-18,2.3274,brl_per_usd
brl_usd,BRL/USD official exchange rate,market_repricing,bcb_sgs,daily,2013-12-19,2.3528,brl_per_usd
brl_usd,BRL/USD official exchange rate,market_repricing,bcb_sgs,daily,2013-12-20,2.3817,brl_per_usd
brl_usd,BRL/USD official exchange rate,market_repricing,bcb_sgs,daily,2013-12-23,2.3706,brl_per_usd
brl_usd,BRL/USD official exchange rate,market_repricing,bcb_sgs,daily,2013-12-24,2.3554,brl_per_usd
brl_usd,BRL/USD official exchange rate,market_repricing,bcb_sgs,daily,2013-12-26,2.3507,brl_per_usd
brl_usd,BRL/USD official exchange rate,market_repricing,bcb_sgs,daily,2013-12-27,2.3538,brl_per_usd
brl_usd,BRL/USD official exchange rate,market_repricing,bcb_sgs,daily,2013-12-30,2.3426,brl_per_usd
brl_usd,BRL/USD official exchange rate,market_repricing,bcb_sgs,daily,2013-12-31,2.3426,brl_per_usd
brl_usd,BRL/USD official exchange rate,market_repricing,bcb_sgs,daily,2014-01-02,2.3975,brl_per_usd
brl_usd,BRL/USD official exchange rate,market_repricing,bcb_sgs,daily,2014-01-03,2.3741,brl_per_usd
brl_usd,BRL/USD official exchange rate,market_repricing,bcb_sgs,daily,2014-01-06,2.3789,brl_per_usd
brl_usd,BRL/USD official exchange rate,market_repricing,bcb_sgs,daily,2014-01-07,2.3634,brl_per_usd
brl_usd,BRL/USD official exchange rate,market_repricing,bcb_sgs,daily,2014-01-08,2.3779,brl_per_usd
brl_usd,BRL/USD official exchange rate,market_repricing,bcb_sgs,daily,2014-01-09,2.396,brl_per_usd
brl_usd,BRL/USD official exchange rate,market_repricing,bcb_sgs,daily,2014-01-10,2.3819,brl_per_usd
brl_usd,BRL/USD official exchange rate,market_repricing,bcb_sgs,daily,2014-01-13,2.3491,brl_per_usd
brl_usd,BRL/USD official exchange rate,market_repricing,bcb_sgs,daily,2014-01-14,2.3617,brl_per_usd
brl_usd,BRL/USD official exchange rate,market_repricing,bcb_sgs,daily,2014-01-15,2.347,brl_per_usd
brl_usd,BRL/USD official exchange rate,market_repricing,bcb_sgs,daily,2014-01-16,2.3683,brl_per_usd
brl_usd,BRL/USD official exchange rate,market_repricing,bcb_sgs,daily,2014-01-17,2.3601,brl_per_usd
brl_usd,BRL/USD official exchange rate,market_repricing,bcb_sgs,daily,2014-01-20,2.3335,brl_per_usd
brl_usd,BRL/USD official exchange rate,market_repricing,bcb_sgs,daily,2014-01-21,2.3608,brl_per_usd
brl_usd,BRL/USD official exchange rate,market_repricing,bcb_sgs,daily,2014-01-22,2.3601,brl_per_usd
brl_usd,BRL/USD official exchange rate,market_repricing,bcb_sgs,daily,2014-01-23,2.3761,brl_per_usd
brl_usd,BRL/USD official exchange rate,market_repricing,bcb_sgs,daily,2014-01-24,2.4129,brl_per_usd
brl_usd,BRL/USD official exchange rate,market_repricing,bcb_sgs,daily,2014-01-27,2.4044,brl_per_usd
brl_usd,BRL/USD official exchange rate,market_repricing,bcb_sgs,daily,2014-01-28,2.4165,brl_per_usd
brl_usd,BRL/USD official exchange rate,market_repricing,bcb_sgs,daily,2014-01-29,2.4397,brl_per_usd
brl_usd,BRL/USD official exchange rate,market_repricing,bcb_sgs,daily,2014-01-30,2.4224,brl_per_usd
brl_usd,BRL/USD official exchange rate,market_repricing,bcb_sgs,daily,2014-01-31,2.4263,brl_per_usd
brl_usd,BRL/USD official exchange rate,market_repricing,bcb_sgs,daily,2014-02-03,2.409,brl_per_usd
brl_usd,BRL/USD official exchange rate,market_repricing,bcb_sgs,daily,2014-02-04,2.4177,brl_per_usd
brl_usd,BRL/USD official exchange rate,market_repricing,bcb_sgs,daily,2014-02-05,2.4106,brl_per_usd
brl_usd,BRL/USD official exchange rate,market_repricing,bcb_sgs,daily,2014-02-06,2.4041,brl_per_usd
brl_usd,BRL/USD official exchange rate,market_repricing,bcb_sgs,daily,2014-02-07,2.3817,brl_per_usd
brl_usd,BRL/USD official exchange rate,market_repricing,bcb_sgs,daily,2014-02-10,2.3936,brl_per_usd
brl_usd,BRL/USD official exchange rate,market_repricing,bcb_sgs,daily,2014-02-11,2.4076,brl_per_usd
brl_usd,BRL/USD official exchange rate,market_repricing,bcb_sgs,daily,2014-02-12,2.4086,brl_per_usd
brl_usd,BRL/USD official exchange rate,market_repricing,bcb_sgs,daily,2014-02-13,2.4238,brl_per_usd
brl_usd,BRL/USD official exchange rate,market_repricing,bcb_sgs,daily,2014-02-14,2.3924,brl_per_usd
brl_usd,BRL/USD official exchange rate,market_repricing,bcb_sgs,daily,2014-02-17,2.387,brl_per_usd
brl_usd,BRL/USD official exchange rate,market_repricing,bcb_sgs,daily,2014-02-18,2.3983,brl_per_usd
brl_usd,BRL/USD official exchange rate,market_repricing,bcb_sgs,daily,2014-02-19,2.3986,brl_per_usd
brl_usd,BRL/USD official exchange rate,market_repricing,bcb_sgs,daily,2014-02-20,2.3799,brl_per_usd
brl_usd,BRL/USD official exchange rate,market_repricing,bcb_sgs,daily,2014-02-21,2.3625,brl_per_usd
brl_usd,BRL/USD official exchange rate,market_repricing,bcb_sgs,daily,2014-02-24,2.3391,brl_per_usd
brl_usd,BRL/USD official exchange rate,market_repricing,bcb_sgs,daily,2014-02-25,2.3367,brl_per_usd
brl_usd,BRL/USD official exchange rate,market_repricing,bcb_sgs,daily,2014-02-26,2.3454,brl_per_usd
brl_usd,BRL/USD official exchange rate,market_repricing,bcb_sgs,daily,2014-02-27,2.3436,brl_per_usd
brl_usd,BRL/USD official exchange rate,market_repricing,bcb_sgs,daily,2014-02-28,2.3334,brl_per_usd
brl_usd,BRL/USD official exchange rate,market_repricing,bcb_sgs,daily,2014-03-05,2.324,brl_per_usd
brl_usd,BRL/USD official exchange rate,market_repricing,bcb_sgs,daily,2014-03-06,2.3094,brl_per_usd
brl_usd,BRL/USD official exchange rate,market_repricing,bcb_sgs,daily,2014-03-07,2.3382,brl_per_usd
brl_usd,BRL/USD official exchange rate,market_repricing,bcb_sgs,daily,2014-03-10,2.341,brl_per_usd
brl_usd,BRL/USD official exchange rate,market_repricing,bcb_sgs,daily,2014-03-11,2.3461,brl_per_usd
brl_usd,BRL/USD official exchange rate,market_repricing,bcb_sgs,daily,2014-03-12,2.3649,brl_per_usd
brl_usd,BRL/USD official exchange rate,market_repricing,bcb_sgs,daily,2014-03-13,2.3486,brl_per_usd
brl_usd,BRL/USD official exchange rate,market_repricing,bcb_sgs,daily,2014-03-14,2.3638,brl_per_usd
brl_usd,BRL/USD official exchange rate,market_repricing,bcb_sgs,daily,2014-03-17,2.3518,brl_per_usd
brl_usd,BRL/USD official exchange rate,market_repricing,bcb_sgs,daily,2014-03-18,2.3522,brl_per_usd
brl_usd,BRL/USD official exchange rate,market_repricing,bcb_sgs,daily,2014-03-19,2.3338,brl_per_usd
brl_usd,BRL/USD official exchange rate,market_repricing,bcb_sgs,daily,2014-03-20,2.342,brl_per_usd
brl_usd,BRL/USD official exchange rate,market_repricing,bcb_sgs,daily,2014-03-21,2.3245,brl_per_usd
brl_usd,BRL/USD official exchange rate,market_repricing,bcb_sgs,daily,2014-03-24,2.3248,brl_per_usd
brl_usd,BRL/USD official exchange rate,market_repricing,bcb_sgs,daily,2014-03-25,2.3124,brl_per_usd
brl_usd,BRL/USD official exchange rate,market_repricing,bcb_sgs,daily,2014-03-26,2.3119,brl_per_usd
brl_usd,BRL/USD official exchange rate,market_repricing,bcb_sgs,daily,2014-03-27,2.283,brl_per_usd
brl_usd,BRL/USD official exchange rate,market_repricing,bcb_sgs,daily,2014-03-28,2.2603,brl_per_usd
brl_usd,BRL/USD official exchange rate,market_repricing,bcb_sgs,daily,2014-03-31,2.263,brl_per_usd
brl_usd,BRL/USD official exchange rate,market_repricing,bcb_sgs,daily,2014-04-01,2.262,brl_per_usd
brl_usd,BRL/USD official exchange rate,market_repricing,bcb_sgs,daily,2014-04-02,2.2711,brl_per_usd
brl_usd,BRL/USD official exchange rate,market_repricing,bcb_sgs,daily,2014-04-03,2.2811,brl_per_usd
brl_usd,BRL/USD official exchange rate,market_repricing,bcb_sgs,daily,2014-04-04,2.242,brl_per_usd
brl_usd,BRL/USD official exchange rate,market_repricing,bcb_sgs,daily,2014-04-07,2.2326,brl_per_usd
brl_usd,BRL/USD official exchange rate,market_repricing,bcb_sgs,daily,2014-04-08,2.1974,brl_per_usd
brl_usd,BRL/USD official exchange rate,market_repricing,bcb_sgs,daily,2014-04-09,2.2111,brl_per_usd
brl_usd,BRL/USD official exchange rate,market_repricing,bcb_sgs,daily,2014-04-10,2.1987,brl_per_usd
brl_usd,BRL/USD official exchange rate,market_repricing,bcb_sgs,daily,2014-04-11,2.2059,brl_per_usd
brl_usd,BRL/USD official exchange rate,market_repricing,bcb_sgs,daily,2014-04-14,2.2096,brl_per_usd
brl_usd,BRL/USD official exchange rate,market_repricing,bcb_sgs,daily,2014-04-15,2.2257,brl_per_usd
brl_usd,BRL/USD official exchange rate,market_repricing,bcb_sgs,daily,2014-04-16,2.2342,brl_per_usd
brl_usd,BRL/USD official exchange rate,market_repricing,bcb_sgs,daily,2014-04-17,2.2482,brl_per_usd
brl_usd,BRL/USD official exchange rate,market_repricing,bcb_sgs,daily,2014-04-22,2.2449,brl_per_usd
brl_usd,BRL/USD official exchange rate,market_repricing,bcb_sgs,daily,2014-04-23,2.2426,brl_per_usd
brl_usd,BRL/USD official exchange rate,market_repricing,bcb_sgs,daily,2014-04-24,2.2229,brl_per_usd
brl_usd,BRL/USD official exchange rate,market_repricing,bcb_sgs,daily,2014-04-25,2.2325,brl_per_usd
brl_usd,BRL/USD official exchange rate,market_repricing,bcb_sgs,daily,2014-04-28,2.237,brl_per_usd
brl_usd,BRL/USD official exchange rate,market_repricing,bcb_sgs,daily,2014-04-29,2.2199,brl_per_usd
brl_usd,BRL/USD official exchange rate,market_repricing,bcb_sgs,daily,2014-04-30,2.236,brl_per_usd
brl_usd,BRL/USD official exchange rate,market_repricing,bcb_sgs,daily,2014-05-02,2.2221,brl_per_usd
brl_usd,BRL/USD official exchange rate,market_repricing,bcb_sgs,daily,2014-05-05,2.2286,brl_per_usd
brl_usd,BRL/USD official exchange rate,market_repricing,bcb_sgs,daily,2014-05-06,2.2322,brl_per_usd
brl_usd,BRL/USD official exchange rate,market_repricing,bcb_sgs,daily,2014-05-07,2.2282,brl_per_usd
brl_usd,BRL/USD official exchange rate,market_repricing,bcb_sgs,daily,2014-05-08,2.2107,brl_per_usd
brl_usd,BRL/USD official exchange rate,market_repricing,bcb_sgs,daily,2014-05-09,2.2192,brl_per_usd
brl_usd,BRL/USD official exchange rate,market_repricing,bcb_sgs,daily,2014-05-12,2.2164,brl_per_usd
brl_usd,BRL/USD official exchange rate,market_repricing,bcb_sgs,daily,2014-05-13,2.2101,brl_per_usd
brl_usd,BRL/USD official exchange rate,market_repricing,bcb_sgs,daily,2014-05-14,2.2129,brl_per_usd
brl_usd,BRL/USD official exchange rate,market_repricing,bcb_sgs,daily,2014-05-15,2.2166,brl_per_usd
brl_usd,BRL/USD official exchange rate,market_repricing,bcb_sgs,daily,2014-05-16,2.211,brl_per_usd
brl_usd,BRL/USD official exchange rate,market_repricing,bcb_sgs,daily,2014-05-19,2.2111,brl_per_usd
brl_usd,BRL/USD official exchange rate,market_repricing,bcb_sgs,daily,2014-05-20,2.2156,brl_per_usd
brl_usd,BRL/USD official exchange rate,market_repricing,bcb_sgs,daily,2014-05-21,2.2111,brl_per_usd
brl_usd,BRL/USD official exchange rate,market_repricing,bcb_sgs,daily,2014-05-22,2.2131,brl_per_usd
brl_usd,BRL/USD official exchange rate,market_repricing,bcb_sgs,daily,2014-05-23,2.2187,brl_per_usd
brl_usd,BRL/USD official exchange rate,market_repricing,bcb_sgs,daily,2014-05-26,2.2209,brl_per_usd
brl_usd,BRL/USD official exchange rate,market_repricing,bcb_sgs,daily,2014-05-27,2.2354,brl_per_usd
brl_usd,BRL/USD official exchange rate,market_repricing,bcb_sgs,daily,2014-05-28,2.2405,brl_per_usd
brl_usd,BRL/USD official exchange rate,market_repricing,bcb_sgs,daily,2014-05-29,2.2251,brl_per_usd
brl_usd,BRL/USD official exchange rate,market_repricing,bcb_sgs,daily,2014-05-30,2.239,brl_per_usd
brl_usd,BRL/USD official exchange rate,market_repricing,bcb_sgs,daily,2014-06-02,2.264,brl_per_usd
brl_usd,BRL/USD official exchange rate,market_repricing,bcb_sgs,daily,2014-06-03,2.2654,brl_per_usd
brl_usd,BRL/USD official exchange rate,market_repricing,bcb_sgs,daily,2014-06-04,2.2802,brl_per_usd
brl_usd,BRL/USD official exchange rate,market_repricing,bcb_sgs,daily,2014-06-05,2.2695,brl_per_usd
brl_usd,BRL/USD official exchange rate,market_repricing,bcb_sgs,daily,2014-06-06,2.2445,brl_per_usd
brl_usd,BRL/USD official exchange rate,market_repricing,bcb_sgs,daily,2014-06-09,2.2336,brl_per_usd
brl_usd,BRL/USD official exchange rate,market_repricing,bcb_sgs,daily,2014-06-10,2.2296,brl_per_usd
brl_usd,BRL/USD official exchange rate,market_repricing,bcb_sgs,daily,2014-06-11,2.2307,brl_per_usd
brl_usd,BRL/USD official exchange rate,market_repricing,bcb_sgs,daily,2014-06-12,2.2306,brl_per_usd
brl_usd,BRL/USD official exchange rate,market_repricing,bcb_sgs,daily,2014-06-13,2.2347,brl_per_usd
brl_usd,BRL/USD official exchange rate,market_repricing,bcb_sgs,daily,2014-06-16,2.2313,brl_per_usd
brl_usd,BRL/USD official exchange rate,market_repricing,bcb_sgs,daily,2014-06-17,2.2486,brl_per_usd
brl_usd,BRL/USD official exchange rate,market_repricing,bcb_sgs,daily,2014-06-18,2.2534,brl_per_usd
brl_usd,BRL/USD official exchange rate,market_repricing,bcb_sgs,daily,2014-06-20,2.238,brl_per_usd
brl_usd,BRL/USD official exchange rate,market_repricing,bcb_sgs,daily,2014-06-23,2.2195,brl_per_usd
brl_usd,BRL/USD official exchange rate,market_repricing,bcb_sgs,daily,2014-06-24,2.2217,brl_per_usd
brl_usd,BRL/USD official exchange rate,market_repricing,bcb_sgs,daily,2014-06-25,2.2052,brl_per_usd
brl_usd,BRL/USD official exchange rate,market_repricing,bcb_sgs,daily,2014-06-26,2.2089,brl_per_usd
brl_usd,BRL/USD official exchange rate,market_repricing,bcb_sgs,daily,2014-06-27,2.1975,brl_per_usd
brl_usd,BRL/USD official exchange rate,market_repricing,bcb_sgs,daily,2014-06-30,2.2025,brl_per_usd
brl_usd,BRL/USD official exchange rate,market_repricing,bcb_sgs,daily,2014-07-01,2.2054,brl_per_usd
brl_usd,BRL/USD official exchange rate,market_repricing,bcb_sgs,daily,2014-07-02,2.2134,brl_per_usd
brl_usd,BRL/USD official exchange rate,market_repricing,bcb_sgs,daily,2014-07-03,2.2281,brl_per_usd
brl_usd,BRL/USD official exchange rate,market_repricing,bcb_sgs,daily,2014-07-04,2.2149,brl_per_usd
brl_usd,BRL/USD official exchange rate,market_repricing,bcb_sgs,daily,2014-07-07,2.2201,brl_per_usd
brl_usd,BRL/USD official exchange rate,market_repricing,bcb_sgs,daily,2014-07-08,2.215,brl_per_usd
brl_usd,BRL/USD official exchange rate,market_repricing,bcb_sgs,daily,2014-07-09,2.2139,brl_per_usd
brl_usd,BRL/USD official exchange rate,market_repricing,bcb_sgs,daily,2014-07-10,2.2237,brl_per_usd
brl_usd,BRL/USD official exchange rate,market_repricing,bcb_sgs,daily,2014-07-11,2.2228,brl_per_usd
brl_usd,BRL/USD official exchange rate,market_repricing,bcb_sgs,daily,2014-07-14,2.2176,brl_per_usd
brl_usd,BRL/USD official exchange rate,market_repricing,bcb_sgs,daily,2014-07-15,2.2195,brl_per_usd
brl_usd,BRL/USD official exchange rate,market_repricing,bcb_sgs,daily,2014-07-16,2.2193,brl_per_usd
brl_usd,BRL/USD official exchange rate,market_repricing,bcb_sgs,daily,2014-07-17,2.2403,brl_per_usd
brl_usd,BRL/USD official exchange rate,market_repricing,bcb_sgs,daily,2014-07-18,2.2362,brl_per_usd
brl_usd,BRL/USD official exchange rate,market_repricing,bcb_sgs,daily,2014-07-21,2.2238,brl_per_usd
brl_usd,BRL/USD official exchange rate,market_repricing,bcb_sgs,daily,2014-07-22,2.2129,brl_per_usd
brl_usd,BRL/USD official exchange rate,market_repricing,bcb_sgs,daily,2014-07-23,2.2202,brl_per_usd
brl_usd,BRL/USD official exchange rate,market_repricing,bcb_sgs,daily,2014-07-24,2.2204,brl_per_usd
brl_usd,BRL/USD official exchange rate,market_repricing,bcb_sgs,daily,2014-07-25,2.2293,brl_per_usd
brl_usd,BRL/USD official exchange rate,market_repricing,bcb_sgs,daily,2014-07-28,2.2302,brl_per_usd
brl_usd,BRL/USD official exchange rate,market_repricing,bcb_sgs,daily,2014-07-29,2.2278,brl_per_usd
brl_usd,BRL/USD official exchange rate,market_repricing,bcb_sgs,daily,2014-07-30,2.2447,brl_per_usd
brl_usd,BRL/USD official exchange rate,market_repricing,bcb_sgs,daily,2014-07-31,2.2674,brl_per_usd
brl_usd,BRL/USD official exchange rate,market_repricing,bcb_sgs,daily,2014-08-01,2.2607,brl_per_usd
brl_usd,BRL/USD official exchange rate,market_repricing,bcb_sgs,daily,2014-08-04,2.2577,brl_per_usd
brl_usd,BRL/USD official exchange rate,market_repricing,bcb_sgs,daily,2014-08-05,2.2756,brl_per_usd
brl_usd,BRL/USD official exchange rate,market_repricing,bcb_sgs,daily,2014-08-06,2.279,brl_per_usd
brl_usd,BRL/USD official exchange rate,market_repricing,bcb_sgs,daily,2014-08-07,2.2802,brl_per_usd
brl_usd,BRL/USD official exchange rate,market_repricing,bcb_sgs,daily,2014-08-08,2.2986,brl_per_usd
brl_usd,BRL/USD official exchange rate,market_repricing,bcb_sgs,daily,2014-08-11,2.2779,brl_per_usd
brl_usd,BRL/USD official exchange rate,market_repricing,bcb_sgs,daily,2014-08-12,2.277,brl_per_usd
brl_usd,BRL/USD official exchange rate,market_repricing,bcb_sgs,daily,2014-08-13,2.2692,brl_per_usd
brl_usd,BRL/USD official exchange rate,market_repricing,bcb_sgs,daily,2014-08-14,2.2703,brl_per_usd
brl_usd,BRL/USD official exchange rate,market_repricing,bcb_sgs,daily,2014-08-15,2.269,brl_per_usd
brl_usd,BRL/USD official exchange rate,market_repricing,bcb_sgs,daily,2014-08-18,2.2595,brl_per_usd
brl_usd,BRL/USD official exchange rate,market_repricing,bcb_sgs,daily,2014-08-19,2.2587,brl_per_usd
brl_usd,BRL/USD official exchange rate,market_repricing,bcb_sgs,daily,2014-08-20,2.255,brl_per_usd
brl_usd,BRL/USD official exchange rate,market_repricing,bcb_sgs,daily,2014-08-21,2.2582,brl_per_usd
brl_usd,BRL/USD official exchange rate,market_repricing,bcb_sgs,daily,2014-08-22,2.2778,brl_per_usd
brl_usd,BRL/USD official exchange rate,market_repricing,bcb_sgs,daily,2014-08-25,2.2808,brl_per_usd
brl_usd,BRL/USD official exchange rate,market_repricing,bcb_sgs,daily,2014-08-26,2.2748,brl_per_usd
brl_usd,BRL/USD official exchange rate,market_repricing,bcb_sgs,daily,2014-08-27,2.2591,brl_per_usd
brl_usd,BRL/USD official exchange rate,market_repricing,bcb_sgs,daily,2014-08-28,2.2499,brl_per_usd
brl_usd,BRL/USD official exchange rate,market_repricing,bcb_sgs,daily,2014-08-29,2.2396,brl_per_usd
brl_usd,BRL/USD official exchange rate,market_repricing,bcb_sgs,daily,2014-09-01,2.2364,brl_per_usd
brl_usd,BRL/USD official exchange rate,market_repricing,bcb_sgs,daily,2014-09-02,2.2521,brl_per_usd
brl_usd,BRL/USD official exchange rate,market_repricing,bcb_sgs,daily,2014-09-03,2.2319,brl_per_usd
brl_usd,BRL/USD official exchange rate,market_repricing,bcb_sgs,daily,2014-09-04,2.2356,brl_per_usd
brl_usd,BRL/USD official exchange rate,market_repricing,bcb_sgs,daily,2014-09-05,2.2416,brl_per_usd
brl_usd,BRL/USD official exchange rate,market_repricing,bcb_sgs,daily,2014-09-08,2.2491,brl_per_usd
brl_usd,BRL/USD official exchange rate,market_repricing,bcb_sgs,daily,2014-09-09,2.2813,brl_per_usd
brl_usd,BRL/USD official exchange rate,market_repricing,bcb_sgs,daily,2014-09-10,2.2967,brl_per_usd
brl_usd,BRL/USD official exchange rate,market_repricing,bcb_sgs,daily,2014-09-11,2.288,brl_per_usd
brl_usd,BRL/USD official exchange rate,market_repricing,bcb_sgs,daily,2014-09-12,2.3251,brl_per_usd
brl_usd,BRL/USD official exchange rate,market_repricing,bcb_sgs,daily,2014-09-15,2.3401,brl_per_usd
brl_usd,BRL/USD official exchange rate,market_repricing,bcb_sgs,daily,2014-09-16,2.3351,brl_per_usd
brl_usd,BRL/USD official exchange rate,market_repricing,bcb_sgs,daily,2014-09-17,2.3384,brl_per_usd
brl_usd,BRL/USD official exchange rate,market_repricing,bcb_sgs,daily,2014-09-18,2.3668,brl_per_usd
brl_usd,BRL/USD official exchange rate,market_repricing,bcb_sgs,daily,2014-09-19,2.3656,brl_per_usd
brl_usd,BRL/USD official exchange rate,market_repricing,bcb_sgs,daily,2014-09-22,2.387,brl_per_usd
brl_usd,BRL/USD official exchange rate,market_repricing,bcb_sgs,daily,2014-09-23,2.4026,brl_per_usd
brl_usd,BRL/USD official exchange rate,market_repricing,bcb_sgs,daily,2014-09-24,2.407,brl_per_usd
brl_usd,BRL/USD official exchange rate,market_repricing,bcb_sgs,daily,2014-09-25,2.4085,brl_per_usd
brl_usd,BRL/USD official exchange rate,market_repricing,bcb_sgs,daily,2014-09-26,2.431,brl_per_usd
brl_usd,BRL/USD official exchange rate,market_repricing,bcb_sgs,daily,2014-09-29,2.4522,brl_per_usd
brl_usd,BRL/USD official exchange rate,market_repricing,bcb_sgs,daily,2014-09-30,2.451,brl_per_usd
brl_usd,BRL/USD official exchange rate,market_repricing,bcb_sgs,daily,2014-10-01,2.4623,brl_per_usd
brl_usd,BRL/USD official exchange rate,market_repricing,bcb_sgs,daily,2014-10-02,2.4785,brl_per_usd
brl_usd,BRL/USD official exchange rate,market_repricing,bcb_sgs,daily,2014-10-03,2.4932,brl_per_usd
brl_usd,BRL/USD official exchange rate,market_repricing,bcb_sgs,daily,2014-10-06,2.4098,brl_per_usd
brl_usd,BRL/USD official exchange rate,market_repricing,bcb_sgs,daily,2014-10-07,2.4038,brl_per_usd
brl_usd,BRL/USD official exchange rate,market_repricing,bcb_sgs,daily,2014-10-08,2.4072,brl_per_usd
brl_usd,BRL/USD official exchange rate,market_repricing,bcb_sgs,daily,2014-10-09,2.3914,brl_per_usd
brl_usd,BRL/USD official exchange rate,market_repricing,bcb_sgs,daily,2014-10-10,2.4103,brl_per_usd
brl_usd,BRL/USD official exchange rate,market_repricing,bcb_sgs,daily,2014-10-13,2.3923,brl_per_usd
brl_usd,BRL/USD official exchange rate,market_repricing,bcb_sgs,daily,2014-10-14,2.3991,brl_per_usd
brl_usd,BRL/USD official exchange rate,market_repricing,bcb_sgs,daily,2014-10-15,2.4316,brl_per_usd
brl_usd,BRL/USD official exchange rate,market_repricing,bcb_sgs,daily,2014-10-16,2.477,brl_per_usd
brl_usd,BRL/USD official exchange rate,market_repricing,bcb_sgs,daily,2014-10-17,2.4477,brl_per_usd
brl_usd,BRL/USD official exchange rate,market_repricing,bcb_sgs,daily,2014-10-20,2.4554,brl_per_usd
brl_usd,BRL/USD official exchange rate,market_repricing,bcb_sgs,daily,2014-10-21,2.4797,brl_per_usd
brl_usd,BRL/USD official exchange rate,market_repricing,bcb_sgs,daily,2014-10-22,2.4781,brl_per_usd
brl_usd,BRL/USD official exchange rate,market_repricing,bcb_sgs,daily,2014-10-23,2.5004,brl_per_usd
brl_usd,BRL/USD official exchange rate,market_repricing,bcb_sgs,daily,2014-10-24,2.4805,brl_per_usd
brl_usd,BRL/USD official exchange rate,market_repricing,bcb_sgs,daily,2014-10-27,2.5341,brl_per_usd
brl_usd,BRL/USD official exchange rate,market_repricing,bcb_sgs,daily,2014-10-28,2.4869,brl_per_usd
brl_usd,BRL/USD official exchange rate,market_repricing,bcb_sgs,daily,2014-10-29,2.4346,brl_per_usd
brl_usd,BRL/USD official exchange rate,market_repricing,bcb_sgs,daily,2014-10-30,2.4119,brl_per_usd
brl_usd,BRL/USD official exchange rate,market_repricing,bcb_sgs,daily,2014-10-31,2.4442,brl_per_usd
brl_usd,BRL/USD official exchange rate,market_repricing,bcb_sgs,daily,2014-11-03,2.4839,brl_per_usd
brl_usd,BRL/USD official exchange rate,market_repricing,bcb_sgs,daily,2014-11-04,2.5195,brl_per_usd
brl_usd,BRL/USD official exchange rate,market_repricing,bcb_sgs,daily,2014-11-05,2.5168,brl_per_usd
brl_usd,BRL/USD official exchange rate,market_repricing,bcb_sgs,daily,2014-11-06,2.5325,brl_per_usd
brl_usd,BRL/USD official exchange rate,market_repricing,bcb_sgs,daily,2014-11-07,2.5721,brl_per_usd
brl_usd,BRL/USD official exchange rate,market_repricing,bcb_sgs,daily,2014-11-10,2.539,brl_per_usd
brl_usd,BRL/USD official exchange rate,market_repricing,bcb_sgs,daily,2014-11-11,2.5644,brl_per_usd
brl_usd,BRL/USD official exchange rate,market_repricing,bcb_sgs,daily,2014-11-12,2.555,brl_per_usd
brl_usd,BRL/USD official exchange rate,market_repricing,bcb_sgs,daily,2014-11-13,2.5725,brl_per_usd
brl_usd,BRL/USD official exchange rate,market_repricing,bcb_sgs,daily,2014-11-14,2.6136,brl_per_usd
brl_usd,BRL/USD official exchange rate,market_repricing,bcb_sgs,daily,2014-11-17,2.6035,brl_per_usd
brl_usd,BRL/USD official exchange rate,market_repricing,bcb_sgs,daily,2014-11-18,2.5967,brl_per_usd
brl_usd,BRL/USD official exchange rate,market_repricing,bcb_sgs,daily,2014-11-19,2.5849,brl_per_usd
brl_usd,BRL/USD official exchange rate,market_repricing,bcb_sgs,daily,2014-11-20,2.545,brl_per_usd
brl_usd,BRL/USD official exchange rate,market_repricing,bcb_sgs,daily,2014-11-21,2.5391,brl_per_usd
brl_usd,BRL/USD official exchange rate,market_repricing,bcb_sgs,daily,2014-11-24,2.5282,brl_per_usd
brl_usd,BRL/USD official exchange rate,market_repricing,bcb_sgs,daily,2014-11-25,2.5237,brl_per_usd
brl_usd,BRL/USD official exchange rate,market_repricing,bcb_sgs,daily,2014-11-26,2.5103,brl_per_usd
brl_usd,BRL/USD official exchange rate,market_repricing,bcb_sgs,daily,2014-11-27,2.5065,brl_per_usd
brl_usd,BRL/USD official exchange rate,market_repricing,bcb_sgs,daily,2014-11-28,2.5601,brl_per_usd
brl_usd,BRL/USD official exchange rate,market_repricing,bcb_sgs,daily,2014-12-01,2.5624,brl_per_usd
brl_usd,BRL/USD official exchange rate,market_repricing,bcb_sgs,daily,2014-12-02,2.5664,brl_per_usd
brl_usd,BRL/USD official exchange rate,market_repricing,bcb_sgs,daily,2014-12-03,2.5607,brl_per_usd
brl_usd,BRL/USD official exchange rate,market_repricing,bcb_sgs,daily,2014-12-04,2.5797,brl_per_usd
brl_usd,BRL/USD official exchange rate,market_repricing,bcb_sgs,daily,2014-12-05,2.5888,brl_per_usd
brl_usd,BRL/USD official exchange rate,market_repricing,bcb_sgs,daily,2014-12-08,2.5923,brl_per_usd
brl_usd,BRL/USD official exchange rate,market_repricing,bcb_sgs,daily,2014-12-09,2.6016,brl_per_usd
brl_usd,BRL/USD official exchange rate,market_repricing,bcb_sgs,daily,2014-12-10,2.5931,brl_per_usd
brl_usd,BRL/USD official exchange rate,market_repricing,bcb_sgs,daily,2014-12-11,2.6271,brl_per_usd
brl_usd,BRL/USD official exchange rate,market_repricing,bcb_sgs,daily,2014-12-12,2.6558,brl_per_usd
brl_usd,BRL/USD official exchange rate,market_repricing,bcb_sgs,daily,2014-12-15,2.6717,brl_per_usd
brl_usd,BRL/USD official exchange rate,market_repricing,bcb_sgs,daily,2014-12-16,2.7403,brl_per_usd
brl_usd,BRL/USD official exchange rate,market_repricing,bcb_sgs,daily,2014-12-17,2.7246,brl_per_usd
brl_usd,BRL/USD official exchange rate,market_repricing,bcb_sgs,daily,2014-12-18,2.6676,brl_per_usd
brl_usd,BRL/USD official exchange rate,market_repricing,bcb_sgs,daily,2014-12-19,2.6486,brl_per_usd
brl_usd,BRL/USD official exchange rate,market_repricing,bcb_sgs,daily,2014-12-22,2.6527,brl_per_usd
brl_usd,BRL/USD official exchange rate,market_repricing,bcb_sgs,daily,2014-12-23,2.6775,brl_per_usd
brl_usd,BRL/USD official exchange rate,market_repricing,bcb_sgs,daily,2014-12-24,2.6832,brl_per_usd
brl_usd,BRL/USD official exchange rate,market_repricing,bcb_sgs,daily,2014-12-26,2.6812,brl_per_usd
brl_usd,BRL/USD official exchange rate,market_repricing,bcb_sgs,daily,2014-12-29,2.6783,brl_per_usd
brl_usd,BRL/USD official exchange rate,market_repricing,bcb_sgs,daily,2014-12-30,2.6562,brl_per_usd
brl_usd,BRL/USD official exchange rate,market_repricing,bcb_sgs,daily,2014-12-31,2.6562,brl_per_usd
brl_usd,BRL/USD official exchange rate,market_repricing,bcb_sgs,daily,2015-01-02,2.6929,brl_per_usd
brl_usd,BRL/USD official exchange rate,market_repricing,bcb_sgs,daily,2015-01-05,2.7107,brl_per_usd
brl_usd,BRL/USD official exchange rate,market_repricing,bcb_sgs,daily,2015-01-06,2.7023,brl_per_usd
brl_usd,BRL/USD official exchange rate,market_repricing,bcb_sgs,daily,2015-01-07,2.6807,brl_per_usd
brl_usd,BRL/USD official exchange rate,market_repricing,bcb_sgs,daily,2015-01-08,2.6919,brl_per_usd
brl_usd,BRL/USD official exchange rate,market_repricing,bcb_sgs,daily,2015-01-09,2.6583,brl_per_usd
brl_usd,BRL/USD official exchange rate,market_repricing,bcb_sgs,daily,2015-01-12,2.6575,brl_per_usd
brl_usd,BRL/USD official exchange rate,market_repricing,bcb_sgs,daily,2015-01-13,2.6485,brl_per_usd
brl_usd,BRL/USD official exchange rate,market_repricing,bcb_sgs,daily,2015-01-14,2.6222,brl_per_usd
brl_usd,BRL/USD official exchange rate,market_repricing,bcb_sgs,daily,2015-01-15,2.6122,brl_per_usd
brl_usd,BRL/USD official exchange rate,market_repricing,bcb_sgs,daily,2015-01-16,2.6193,brl_per_usd
brl_usd,BRL/USD official exchange rate,market_repricing,bcb_sgs,daily,2015-01-19,2.6243,brl_per_usd
brl_usd,BRL/USD official exchange rate,market_repricing,bcb_sgs,daily,2015-01-20,2.6247,brl_per_usd
brl_usd,BRL/USD official exchange rate,market_repricing,bcb_sgs,daily,2015-01-21,2.5968,brl_per_usd
brl_usd,BRL/USD official exchange rate,market_repricing,bcb_sgs,daily,2015-01-22,2.5754,brl_per_usd
brl_usd,BRL/USD official exchange rate,market_repricing,bcb_sgs,daily,2015-01-23,2.5856,brl_per_usd
brl_usd,BRL/USD official exchange rate,market_repricing,bcb_sgs,daily,2015-01-26,2.5966,brl_per_usd
brl_usd,BRL/USD official exchange rate,market_repricing,bcb_sgs,daily,2015-01-27,2.5809,brl_per_usd
brl_usd,BRL/USD official exchange rate,market_repricing,bcb_sgs,daily,2015-01-28,2.5797,brl_per_usd
brl_usd,BRL/USD official exchange rate,market_repricing,bcb_sgs,daily,2015-01-29,2.596,brl_per_usd
brl_usd,BRL/USD official exchange rate,market_repricing,bcb_sgs,daily,2015-01-30,2.6623,brl_per_usd
brl_usd,BRL/USD official exchange rate,market_repricing,bcb_sgs,daily,2015-02-02,2.6894,brl_per_usd
brl_usd,BRL/USD official exchange rate,market_repricing,bcb_sgs,daily,2015-02-03,2.7059,brl_per_usd
brl_usd,BRL/USD official exchange rate,market_repricing,bcb_sgs,daily,2015-02-04,2.7148,brl_per_usd
brl_usd,BRL/USD official exchange rate,market_repricing,bcb_sgs,daily,2015-02-05,2.7386,brl_per_usd
brl_usd,BRL/USD official exchange rate,market_repricing,bcb_sgs,daily,2015-02-06,2.7641,brl_per_usd
brl_usd,BRL/USD official exchange rate,market_repricing,bcb_sgs,daily,2015-02-09,2.7873,brl_per_usd
brl_usd,BRL/USD official exchange rate,market_repricing,bcb_sgs,daily,2015-02-10,2.8075,brl_per_usd
brl_usd,BRL/USD official exchange rate,market_repricing,bcb_sgs,daily,2015-02-11,2.8576,brl_per_usd
brl_usd,BRL/USD official exchange rate,market_repricing,bcb_sgs,daily,2015-02-12,2.8625,brl_per_usd
brl_usd,BRL/USD official exchange rate,market_repricing,bcb_sgs,daily,2015-02-13,2.8392,brl_per_usd
brl_usd,BRL/USD official exchange rate,market_repricing,bcb_sgs,daily,2015-02-18,2.843,brl_per_usd
brl_usd,BRL/USD official exchange rate,market_repricing,bcb_sgs,daily,2015-02-19,2.8545,brl_per_usd
brl_usd,BRL/USD official exchange rate,market_repricing,bcb_sgs,daily,2015-02-20,2.8701,brl_per_usd
brl_usd,BRL/USD official exchange rate,market_repricing,bcb_sgs,daily,2015-02-23,2.8811,brl_per_usd
brl_usd,BRL/USD official exchange rate,market_repricing,bcb_sgs,daily,2015-02-24,2.8649,brl_per_usd
brl_usd,BRL/USD official exchange rate,market_repricing,bcb_sgs,daily,2015-02-25,2.8646,brl_per_usd
brl_usd,BRL/USD official exchange rate,market_repricing,bcb_sgs,daily,2015-02-26,2.8728,brl_per_usd
brl_usd,BRL/USD official exchange rate,market_repricing,bcb_sgs,daily,2015-02-27,2.8782,brl_per_usd
brl_usd,BRL/USD official exchange rate,market_repricing,bcb_sgs,daily,2015-03-02,2.8655,brl_per_usd
brl_usd,BRL/USD official exchange rate,market_repricing,bcb_sgs,daily,2015-03-03,2.9051,brl_per_usd
brl_usd,BRL/USD official exchange rate,market_repricing,bcb_sgs,daily,2015-03-04,2.9804,brl_per_usd
brl_usd,BRL/USD official exchange rate,market_repricing,bcb_sgs,daily,2015-03-05,2.9931,brl_per_usd
brl_usd,BRL/USD official exchange rate,market_repricing,bcb_sgs,daily,2015-03-06,3.0366,brl_per_usd
brl_usd,BRL/USD official exchange rate,market_repricing,bcb_sgs,daily,2015-03-09,3.1018,brl_per_usd
brl_usd,BRL/USD official exchange rate,market_repricing,bcb_sgs,daily,2015-03-10,3.1299,brl_per_usd
brl_usd,BRL/USD official exchange rate,market_repricing,bcb_sgs,daily,2015-03-11,3.1162,brl_per_usd
brl_usd,BRL/USD official exchange rate,market_repricing,bcb_sgs,daily,2015-03-12,3.1171,brl_per_usd
brl_usd,BRL/USD official exchange rate,market_repricing,bcb_sgs,daily,2015-03-13,3.2264,brl_per_usd
brl_usd,BRL/USD official exchange rate,market_repricing,bcb_sgs,daily,2015-03-16,3.2257,brl_per_usd
brl_usd,BRL/USD official exchange rate,market_repricing,bcb_sgs,daily,2015-03-17,3.2683,brl_per_usd
brl_usd,BRL/USD official exchange rate,market_repricing,bcb_sgs,daily,2015-03-18,3.2518,brl_per_usd
brl_usd,BRL/USD official exchange rate,market_repricing,bcb_sgs,daily,2015-03-19,3.2642,brl_per_usd
brl_usd,BRL/USD official exchange rate,market_repricing,bcb_sgs,daily,2015-03-20,3.2423,brl_per_usd
brl_usd,BRL/USD official exchange rate,market_repricing,bcb_sgs,daily,2015-03-23,3.18,brl_per_usd
brl_usd,BRL/USD official exchange rate,market_repricing,bcb_sgs,daily,2015-03-24,3.131,brl_per_usd
brl_usd,BRL/USD official exchange rate,market_repricing,bcb_sgs,daily,2015-03-25,3.1476,brl_per_usd
brl_usd,BRL/USD official exchange rate,market_repricing,bcb_sgs,daily,2015-03-26,3.1915,brl_per_usd
brl_usd,BRL/USD official exchange rate,market_repricing,bcb_sgs,daily,2015-03-27,3.2259,brl_per_usd
brl_usd,BRL/USD official exchange rate,market_repricing,bcb_sgs,daily,2015-03-30,3.2601,brl_per_usd
brl_usd,BRL/USD official exchange rate,market_repricing,bcb_sgs,daily,2015-03-31,3.208,brl_per_usd
brl_usd,BRL/USD official exchange rate,market_repricing,bcb_sgs,daily,2015-04-01,3.1556,brl_per_usd
brl_usd,BRL/USD official exchange rate,market_repricing,bcb_sgs,daily,2015-04-02,3.1492,brl_per_usd
brl_usd,BRL/USD official exchange rate,market_repricing,bcb_sgs,daily,2015-04-06,3.0926,brl_per_usd
brl_usd,BRL/USD official exchange rate,market_repricing,bcb_sgs,daily,2015-04-07,3.1231,brl_per_usd
brl_usd,BRL/USD official exchange rate,market_repricing,bcb_sgs,daily,2015-04-08,3.0834,brl_per_usd
brl_usd,BRL/USD official exchange rate,market_repricing,bcb_sgs,daily,2015-04-09,3.0466,brl_per_usd
brl_usd,BRL/USD official exchange rate,market_repricing,bcb_sgs,daily,2015-04-10,3.0796,brl_per_usd
brl_usd,BRL/USD official exchange rate,market_repricing,bcb_sgs,daily,2015-04-13,3.1011,brl_per_usd
brl_usd,BRL/USD official exchange rate,market_repricing,bcb_sgs,daily,2015-04-14,3.088,brl_per_usd
brl_usd,BRL/USD official exchange rate,market_repricing,bcb_sgs,daily,2015-04-15,3.0681,brl_per_usd
brl_usd,BRL/USD official exchange rate,market_repricing,bcb_sgs,daily,2015-04-16,3.0249,brl_per_usd
brl_usd,BRL/USD official exchange rate,market_repricing,bcb_sgs,daily,2015-04-17,3.0544,brl_per_usd
brl_usd,BRL/USD official exchange rate,market_repricing,bcb_sgs,daily,2015-04-20,3.0473,brl_per_usd
brl_usd,BRL/USD official exchange rate,market_repricing,bcb_sgs,daily,2015-04-22,3.0186,brl_per_usd
brl_usd,BRL/USD official exchange rate,market_repricing,bcb_sgs,daily,2015-04-23,3.0084,brl_per_usd
brl_usd,BRL/USD official exchange rate,market_repricing,bcb_sgs,daily,2015-04-24,2.9745,brl_per_usd
brl_usd,BRL/USD official exchange rate,market_repricing,bcb_sgs,daily,2015-04-27,2.9236,brl_per_usd
brl_usd,BRL/USD official exchange rate,market_repricing,bcb_sgs,daily,2015-04-28,2.8943,brl_per_usd
brl_usd,BRL/USD official exchange rate,market_repricing,bcb_sgs,daily,2015-04-29,2.9375,brl_per_usd
brl_usd,BRL/USD official exchange rate,market_repricing,bcb_sgs,daily,2015-04-30,2.9936,brl_per_usd
brl_usd,BRL/USD official exchange rate,market_repricing,bcb_sgs,daily,2015-05-04,3.0754,brl_per_usd
brl_usd,BRL/USD official exchange rate,market_repricing,bcb_sgs,daily,2015-05-05,3.0626,brl_per_usd
brl_usd,BRL/USD official exchange rate,market_repricing,bcb_sgs,daily,2015-05-06,3.042,brl_per_usd
brl_usd,BRL/USD official exchange rate,market_repricing,bcb_sgs,daily,2015-05-07,3.0421,brl_per_usd
brl_usd,BRL/USD official exchange rate,market_repricing,bcb_sgs,daily,2015-05-08,2.9966,brl_per_usd
brl_usd,BRL/USD official exchange rate,market_repricing,bcb_sgs,daily,2015-05-11,3.0175,brl_per_usd
brl_usd,BRL/USD official exchange rate,market_repricing,bcb_sgs,daily,2015-05-12,3.0389,brl_per_usd
brl_usd,BRL/USD official exchange rate,market_repricing,bcb_sgs,daily,2015-05-13,3.0103,brl_per_usd
brl_usd,BRL/USD official exchange rate,market_repricing,bcb_sgs,daily,2015-05-14,3.0032,brl_per_usd
brl_usd,BRL/USD official exchange rate,market_repricing,bcb_sgs,daily,2015-05-15,2.9894,brl_per_usd
brl_usd,BRL/USD official exchange rate,market_repricing,bcb_sgs,daily,2015-05-18,3.0145,brl_per_usd
brl_usd,BRL/USD official exchange rate,market_repricing,bcb_sgs,daily,2015-05-19,3.0284,brl_per_usd
brl_usd,BRL/USD official exchange rate,market_repricing,bcb_sgs,daily,2015-05-20,3.0347,brl_per_usd
brl_usd,BRL/USD official exchange rate,market_repricing,bcb_sgs,daily,2015-05-21,3.0295,brl_per_usd
brl_usd,BRL/USD official exchange rate,market_repricing,bcb_sgs,daily,2015-05-22,3.0653,brl_per_usd
brl_usd,BRL/USD official exchange rate,market_repricing,bcb_sgs,daily,2015-05-25,3.1212,brl_per_usd
brl_usd,BRL/USD official exchange rate,market_repricing,bcb_sgs,daily,2015-05-26,3.1351,brl_per_usd
brl_usd,BRL/USD official exchange rate,market_repricing,bcb_sgs,daily,2015-05-27,3.174,brl_per_usd
brl_usd,BRL/USD official exchange rate,market_repricing,bcb_sgs,daily,2015-05-28,3.1748,brl_per_usd
brl_usd,BRL/USD official exchange rate,market_repricing,bcb_sgs,daily,2015-05-29,3.1788,brl_per_usd
brl_usd,BRL/USD official exchange rate,market_repricing,bcb_sgs,daily,2015-06-01,3.1789,brl_per_usd
brl_usd,BRL/USD official exchange rate,market_repricing,bcb_sgs,daily,2015-06-02,3.1443,brl_per_usd
brl_usd,BRL/USD official exchange rate,market_repricing,bcb_sgs,daily,2015-06-03,3.1184,brl_per_usd
brl_usd,BRL/USD official exchange rate,market_repricing,bcb_sgs,daily,2015-06-05,3.1684,brl_per_usd
brl_usd,BRL/USD official exchange rate,market_repricing,bcb_sgs,daily,2015-06-08,3.119,brl_per_usd
brl_usd,BRL/USD official exchange rate,market_repricing,bcb_sgs,daily,2015-06-09,3.0991,brl_per_usd
brl_usd,BRL/USD official exchange rate,market_repricing,bcb_sgs,daily,2015-06-10,3.0843,brl_per_usd
brl_usd,BRL/USD official exchange rate,market_repricing,bcb_sgs,daily,2015-06-11,3.1514,brl_per_usd
brl_usd,BRL/USD official exchange rate,market_repricing,bcb_sgs,daily,2015-06-12,3.1107,brl_per_usd
brl_usd,BRL/USD official exchange rate,market_repricing,bcb_sgs,daily,2015-06-15,3.1036,brl_per_usd
brl_usd,BRL/USD official exchange rate,market_repricing,bcb_sgs,daily,2015-06-16,3.1082,brl_per_usd
brl_usd,BRL/USD official exchange rate,market_repricing,bcb_sgs,daily,2015-06-17,3.0989,brl_per_usd
brl_usd,BRL/USD official exchange rate,market_repricing,bcb_sgs,daily,2015-06-18,3.0472,brl_per_usd
brl_usd,BRL/USD official exchange rate,market_repricing,bcb_sgs,daily,2015-06-19,3.0788,brl_per_usd
brl_usd,BRL/USD official exchange rate,market_repricing,bcb_sgs,daily,2015-06-22,3.0757,brl_per_usd
brl_usd,BRL/USD official exchange rate,market_repricing,bcb_sgs,daily,2015-06-23,3.1042,brl_per_usd
brl_usd,BRL/USD official exchange rate,market_repricing,bcb_sgs,daily,2015-06-24,3.0852,brl_per_usd
brl_usd,BRL/USD official exchange rate,market_repricing,bcb_sgs,daily,2015-06-25,3.1015,brl_per_usd
brl_usd,BRL/USD official exchange rate,market_repricing,bcb_sgs,daily,2015-06-26,3.1271,brl_per_usd
brl_usd,BRL/USD official exchange rate,market_repricing,bcb_sgs,daily,2015-06-29,3.139,brl_per_usd
brl_usd,BRL/USD official exchange rate,market_repricing,bcb_sgs,daily,2015-06-30,3.1026,brl_per_usd
brl_usd,BRL/USD official exchange rate,market_repricing,bcb_sgs,daily,2015-07-01,3.1191,brl_per_usd
brl_usd,BRL/USD official exchange rate,market_repricing,bcb_sgs,daily,2015-07-02,3.1173,brl_per_usd
brl_usd,BRL/USD official exchange rate,market_repricing,bcb_sgs,daily,2015-07-03,3.1271,brl_per_usd
brl_usd,BRL/USD official exchange rate,market_repricing,bcb_sgs,daily,2015-07-06,3.1431,brl_per_usd
brl_usd,BRL/USD official exchange rate,market_repricing,bcb_sgs,daily,2015-07-07,3.1809,brl_per_usd
brl_usd,BRL/USD official exchange rate,market_repricing,bcb_sgs,daily,2015-07-08,3.2282,brl_per_usd
brl_usd,BRL/USD official exchange rate,market_repricing,bcb_sgs,daily,2015-07-09,3.2163,brl_per_usd
brl_usd,BRL/USD official exchange rate,market_repricing,bcb_sgs,daily,2015-07-10,3.1897,brl_per_usd
brl_usd,BRL/USD official exchange rate,market_repricing,bcb_sgs,daily,2015-07-13,3.1594,brl_per_usd
brl_usd,BRL/USD official exchange rate,market_repricing,bcb_sgs,daily,2015-07-14,3.123,brl_per_usd
brl_usd,BRL/USD official exchange rate,market_repricing,bcb_sgs,daily,2015-07-15,3.1532,brl_per_usd
brl_usd,BRL/USD official exchange rate,market_repricing,bcb_sgs,daily,2015-07-16,3.1375,brl_per_usd
brl_usd,BRL/USD official exchange rate,market_repricing,bcb_sgs,daily,2015-07-17,3.1832,brl_per_usd
brl_usd,BRL/USD official exchange rate,market_repricing,bcb_sgs,daily,2015-07-20,3.2149,brl_per_usd
brl_usd,BRL/USD official exchange rate,market_repricing,bcb_sgs,daily,2015-07-21,3.1813,brl_per_usd
brl_usd,BRL/USD official exchange rate,market_repricing,bcb_sgs,daily,2015-07-22,3.2094,brl_per_usd
brl_usd,BRL/USD official exchange rate,market_repricing,bcb_sgs,daily,2015-07-23,3.285,brl_per_usd
brl_usd,BRL/USD official exchange rate,market_repricing,bcb_sgs,daily,2015-07-24,3.3254,brl_per_usd
brl_usd,BRL/USD official exchange rate,market_repricing,bcb_sgs,daily,2015-07-27,3.3557,brl_per_usd
brl_usd,BRL/USD official exchange rate,market_repricing,bcb_sgs,daily,2015-07-28,3.3815,brl_per_usd
brl_usd,BRL/USD official exchange rate,market_repricing,bcb_sgs,daily,2015-07-29,3.3419,brl_per_usd
brl_usd,BRL/USD official exchange rate,market_repricing,bcb_sgs,daily,2015-07-30,3.3652,brl_per_usd
brl_usd,BRL/USD official exchange rate,market_repricing,bcb_sgs,daily,2015-07-31,3.394,brl_per_usd
brl_usd,BRL/USD official exchange rate,market_repricing,bcb_sgs,daily,2015-08-03,3.4425,brl_per_usd
brl_usd,BRL/USD official exchange rate,market_repricing,bcb_sgs,daily,2015-08-04,3.4675,brl_per_usd
brl_usd,BRL/USD official exchange rate,market_repricing,bcb_sgs,daily,2015-08-05,3.4851,brl_per_usd
brl_usd,BRL/USD official exchange rate,market_repricing,bcb_sgs,daily,2015-08-06,3.5347,brl_per_usd
brl_usd,BRL/USD official exchange rate,market_repricing,bcb_sgs,daily,2015-08-07,3.5181,brl_per_usd
brl_usd,BRL/USD official exchange rate,market_repricing,bcb_sgs,daily,2015-08-10,3.4909,brl_per_usd
brl_usd,BRL/USD official exchange rate,market_repricing,bcb_sgs,daily,2015-08-11,3.4925,brl_per_usd
brl_usd,BRL/USD official exchange rate,market_repricing,bcb_sgs,daily,2015-08-12,3.4826,brl_per_usd
brl_usd,BRL/USD official exchange rate,market_repricing,bcb_sgs,daily,2015-08-13,3.5074,brl_per_usd
brl_usd,BRL/USD official exchange rate,market_repricing,bcb_sgs,daily,2015-08-14,3.4761,brl_per_usd
brl_usd,BRL/USD official exchange rate,market_repricing,bcb_sgs,daily,2015-08-17,3.4746,brl_per_usd
brl_usd,BRL/USD official exchange rate,market_repricing,bcb_sgs,daily,2015-08-18,3.4811,brl_per_usd
brl_usd,BRL/USD official exchange rate,market_repricing,bcb_sgs,daily,2015-08-19,3.4849,brl_per_usd
brl_usd,BRL/USD official exchange rate,market_repricing,bcb_sgs,daily,2015-08-20,3.4751,brl_per_usd
brl_usd,BRL/USD official exchange rate,market_repricing,bcb_sgs,daily,2015-08-21,3.4896,brl_per_usd
brl_usd,BRL/USD official exchange rate,market_repricing,bcb_sgs,daily,2015-08-24,3.5494,brl_per_usd
brl_usd,BRL/USD official exchange rate,market_repricing,bcb_sgs,daily,2015-08-25,3.5345,brl_per_usd
brl_usd,BRL/USD official exchange rate,market_repricing,bcb_sgs,daily,2015-08-26,3.6326,brl_per_usd
brl_usd,BRL/USD official exchange rate,market_repricing,bcb_sgs,daily,2015-08-27,3.5555,brl_per_usd
brl_usd,BRL/USD official exchange rate,market_repricing,bcb_sgs,daily,2015-08-28,3.579,brl_per_usd
brl_usd,BRL/USD official exchange rate,market_repricing,bcb_sgs,daily,2015-08-31,3.6467,brl_per_usd
brl_usd,BRL/USD official exchange rate,market_repricing,bcb_sgs,daily,2015-09-01,3.6725,brl_per_usd
brl_usd,BRL/USD official exchange rate,market_repricing,bcb_sgs,daily,2015-09-02,3.7314,brl_per_usd
brl_usd,BRL/USD official exchange rate,market_repricing,bcb_sgs,daily,2015-09-03,3.776,brl_per_usd
brl_usd,BRL/USD official exchange rate,market_repricing,bcb_sgs,daily,2015-09-04,3.7986,brl_per_usd
brl_usd,BRL/USD official exchange rate,market_repricing,bcb_sgs,daily,2015-09-08,3.8028,brl_per_usd
brl_usd,BRL/USD official exchange rate,market_repricing,bcb_sgs,daily,2015-09-09,3.787,brl_per_usd
brl_usd,BRL/USD official exchange rate,market_repricing,bcb_sgs,daily,2015-09-10,3.8698,brl_per_usd
brl_usd,BRL/USD official exchange rate,market_repricing,bcb_sgs,daily,2015-09-11,3.8698,brl_per_usd
brl_usd,BRL/USD official exchange rate,market_repricing,bcb_sgs,daily,2015-09-14,3.8653,brl_per_usd
brl_usd,BRL/USD official exchange rate,market_repricing,bcb_sgs,daily,2015-09-15,3.8599,brl_per_usd
brl_usd,BRL/USD official exchange rate,market_repricing,bcb_sgs,daily,2015-09-16,3.8368,brl_per_usd
brl_usd,BRL/USD official exchange rate,market_repricing,bcb_sgs,daily,2015-09-17,3.8921,brl_per_usd
brl_usd,BRL/USD official exchange rate,market_repricing,bcb_sgs,daily,2015-09-18,3.9021,brl_per_usd
brl_usd,BRL/USD official exchange rate,market_repricing,bcb_sgs,daily,2015-09-21,3.9821,brl_per_usd
brl_usd,BRL/USD official exchange rate,market_repricing,bcb_sgs,daily,2015-09-22,4.0425,brl_per_usd
brl_usd,BRL/USD official exchange rate,market_repricing,bcb_sgs,daily,2015-09-23,4.1041,brl_per_usd
brl_usd,BRL/USD official exchange rate,market_repricing,bcb_sgs,daily,2015-09-24,4.1949,brl_per_usd
brl_usd,BRL/USD official exchange rate,market_repricing,bcb_sgs,daily,2015-09-25,3.9479,brl_per_usd
brl_usd,BRL/USD official exchange rate,market_repricing,bcb_sgs,daily,2015-09-28,4.0099,brl_per_usd
brl_usd,BRL/USD official exchange rate,market_repricing,bcb_sgs,daily,2015-09-29,4.1172,brl_per_usd
brl_usd,BRL/USD official exchange rate,market_repricing,bcb_sgs,daily,2015-09-30,3.9729,brl_per_usd
brl_usd,BRL/USD official exchange rate,market_repricing,bcb_sgs,daily,2015-10-01,3.9794,brl_per_usd
brl_usd,BRL/USD official exchange rate,market_repricing,bcb_sgs,daily,2015-10-02,4.001,brl_per_usd
brl_usd,BRL/USD official exchange rate,market_repricing,bcb_sgs,daily,2015-10-05,3.9141,brl_per_usd
brl_usd,BRL/USD official exchange rate,market_repricing,bcb_sgs,daily,2015-10-06,3.8567,brl_per_usd
brl_usd,BRL/USD official exchange rate,market_repricing,bcb_sgs,daily,2015-10-07,3.806,brl_per_usd
brl_usd,BRL/USD official exchange rate,market_repricing,bcb_sgs,daily,2015-10-08,3.8517,brl_per_usd
brl_usd,BRL/USD official exchange rate,market_repricing,bcb_sgs,daily,2015-10-09,3.7386,brl_per_usd
brl_usd,BRL/USD official exchange rate,market_repricing,bcb_sgs,daily,2015-10-13,3.825,brl_per_usd
brl_usd,BRL/USD official exchange rate,market_repricing,bcb_sgs,daily,2015-10-14,3.8507,brl_per_usd
brl_usd,BRL/USD official exchange rate,market_repricing,bcb_sgs,daily,2015-10-15,3.8344,brl_per_usd
brl_usd,BRL/USD official exchange rate,market_repricing,bcb_sgs,daily,2015-10-16,3.8438,brl_per_usd
brl_usd,BRL/USD official exchange rate,market_repricing,bcb_sgs,daily,2015-10-19,3.9015,brl_per_usd
brl_usd,BRL/USD official exchange rate,market_repricing,bcb_sgs,daily,2015-10-20,3.8656,brl_per_usd
brl_usd,BRL/USD official exchange rate,market_repricing,bcb_sgs,daily,2015-10-21,3.9386,brl_per_usd
brl_usd,BRL/USD official exchange rate,market_repricing,bcb_sgs,daily,2015-10-22,3.936,brl_per_usd
brl_usd,BRL/USD official exchange rate,market_repricing,bcb_sgs,daily,2015-10-23,3.8988,brl_per_usd
brl_usd,BRL/USD official exchange rate,market_repricing,bcb_sgs,daily,2015-10-26,3.8582,brl_per_usd
brl_usd,BRL/USD official exchange rate,market_repricing,bcb_sgs,daily,2015-10-27,3.9114,brl_per_usd
brl_usd,BRL/USD official exchange rate,market_repricing,bcb_sgs,daily,2015-10-28,3.8797,brl_per_usd
brl_usd,BRL/USD official exchange rate,market_repricing,bcb_sgs,daily,2015-10-29,3.9328,brl_per_usd
brl_usd,BRL/USD official exchange rate,market_repricing,bcb_sgs,daily,2015-10-30,3.8589,brl_per_usd
brl_usd,BRL/USD official exchange rate,market_repricing,bcb_sgs,daily,2015-11-03,3.8126,brl_per_usd
brl_usd,BRL/USD official exchange rate,market_repricing,bcb_sgs,daily,2015-11-04,3.7687,brl_per_usd
brl_usd,BRL/USD official exchange rate,market_repricing,bcb_sgs,daily,2015-11-05,3.7893,brl_per_usd
brl_usd,BRL/USD official exchange rate,market_repricing,bcb_sgs,daily,2015-11-06,3.8059,brl_per_usd
brl_usd,BRL/USD official exchange rate,market_repricing,bcb_sgs,daily,2015-11-09,3.7928,brl_per_usd
brl_usd,BRL/USD official exchange rate,market_repricing,bcb_sgs,daily,2015-11-10,3.7981,brl_per_usd
brl_usd,BRL/USD official exchange rate,market_repricing,bcb_sgs,daily,2015-11-11,3.7327,brl_per_usd
brl_usd,BRL/USD official exchange rate,market_repricing,bcb_sgs,daily,2015-11-12,3.7996,brl_per_usd
brl_usd,BRL/USD official exchange rate,market_repricing,bcb_sgs,daily,2015-11-13,3.8023,brl_per_usd
brl_usd,BRL/USD official exchange rate,market_repricing,bcb_sgs,daily,2015-11-16,3.8336,brl_per_usd
brl_usd,BRL/USD official exchange rate,market_repricing,bcb_sgs,daily,2015-11-17,3.8052,brl_per_usd
brl_usd,BRL/USD official exchange rate,market_repricing,bcb_sgs,daily,2015-11-18,3.7921,brl_per_usd
brl_usd,BRL/USD official exchange rate,market_repricing,bcb_sgs,daily,2015-11-19,3.7442,brl_per_usd
brl_usd,BRL/USD official exchange rate,market_repricing,bcb_sgs,daily,2015-11-20,3.701,brl_per_usd
brl_usd,BRL/USD official exchange rate,market_repricing,bcb_sgs,daily,2015-11-23,3.7231,brl_per_usd
brl_usd,BRL/USD official exchange rate,market_repricing,bcb_sgs,daily,2015-11-24,3.7081,brl_per_usd
brl_usd,BRL/USD official exchange rate,market_repricing,bcb_sgs,daily,2015-11-25,3.7688,brl_per_usd
brl_usd,BRL/USD official exchange rate,market_repricing,bcb_sgs,daily,2015-11-26,3.7606,brl_per_usd
brl_usd,BRL/USD official exchange rate,market_repricing,bcb_sgs,daily,2015-11-27,3.7399,brl_per_usd
brl_usd,BRL/USD official exchange rate,market_repricing,bcb_sgs,daily,2015-11-30,3.8506,brl_per_usd
brl_usd,BRL/USD official exchange rate,market_repricing,bcb_sgs,daily,2015-12-01,3.8745,brl_per_usd
brl_usd,BRL/USD official exchange rate,market_repricing,bcb_sgs,daily,2015-12-02,3.8545,brl_per_usd
brl_usd,BRL/USD official exchange rate,market_repricing,bcb_sgs,daily,2015-12-03,3.797,brl_per_usd
brl_usd,BRL/USD official exchange rate,market_repricing,bcb_sgs,daily,2015-12-04,3.7575,brl_per_usd
brl_usd,BRL/USD official exchange rate,market_repricing,bcb_sgs,daily,2015-12-07,3.7476,brl_per_usd
brl_usd,BRL/USD official exchange rate,market_repricing,bcb_sgs,daily,2015-12-08,3.7921,brl_per_usd
brl_usd,BRL/USD official exchange rate,market_repricing,bcb_sgs,daily,2015-12-09,3.758,brl_per_usd
brl_usd,BRL/USD official exchange rate,market_repricing,bcb_sgs,daily,2015-12-10,3.7685,brl_per_usd
brl_usd,BRL/USD official exchange rate,market_repricing,bcb_sgs,daily,2015-12-11,3.8548,brl_per_usd
brl_usd,BRL/USD official exchange rate,market_repricing,bcb_sgs,daily,2015-12-14,3.9023,brl_per_usd
brl_usd,BRL/USD official exchange rate,market_repricing,bcb_sgs,daily,2015-12-15,3.8703,brl_per_usd
brl_usd,BRL/USD official exchange rate,market_repricing,bcb_sgs,daily,2015-12-16,3.9357,brl_per_usd
brl_usd,BRL/USD official exchange rate,market_repricing,bcb_sgs,daily,2015-12-17,3.8929,brl_per_usd
brl_usd,BRL/USD official exchange rate,market_repricing,bcb_sgs,daily,2015-12-18,3.9062,brl_per_usd
brl_usd,BRL/USD official exchange rate,market_repricing,bcb_sgs,daily,2015-12-21,3.9831,brl_per_usd
brl_usd,BRL/USD official exchange rate,market_repricing,bcb_sgs,daily,2015-12-22,3.977,brl_per_usd
brl_usd,BRL/USD official exchange rate,market_repricing,bcb_sgs,daily,2015-12-23,3.9632,brl_per_usd
brl_usd,BRL/USD official exchange rate,market_repricing,bcb_sgs,daily,2015-12-24,3.9524,brl_per_usd
brl_usd,BRL/USD official exchange rate,market_repricing,bcb_sgs,daily,2015-12-28,3.9186,brl_per_usd
brl_usd,BRL/USD official exchange rate,market_repricing,bcb_sgs,daily,2015-12-29,3.8492,brl_per_usd
brl_usd,BRL/USD official exchange rate,market_repricing,bcb_sgs,daily,2015-12-30,3.9048,brl_per_usd
brl_usd,BRL/USD official exchange rate,market_repricing,bcb_sgs,daily,2015-12-31,3.9048,brl_per_usd
brl_usd,BRL/USD official exchange rate,market_repricing,bcb_sgs,daily,2016-01-04,4.0387,brl_per_usd
brl_usd,BRL/USD official exchange rate,market_repricing,bcb_sgs,daily,2016-01-05,4.0114,brl_per_usd
brl_usd,BRL/USD official exchange rate,market_repricing,bcb_sgs,daily,2016-01-06,4.0303,brl_per_usd
brl_usd,BRL/USD official exchange rate,market_repricing,bcb_sgs,daily,2016-01-07,4.0475,brl_per_usd
brl_usd,BRL/USD official exchange rate,market_repricing,bcb_sgs,daily,2016-01-08,4.025,brl_per_usd
brl_usd,BRL/USD official exchange rate,market_repricing,bcb_sgs,daily,2016-01-11,4.0153,brl_per_usd
brl_usd,BRL/USD official exchange rate,market_repricing,bcb_sgs,daily,2016-01-12,4.0299,brl_per_usd
brl_usd,BRL/USD official exchange rate,market_repricing,bcb_sgs,daily,2016-01-13,3.9863,brl_per_usd
brl_usd,BRL/USD official exchange rate,market_repricing,bcb_sgs,daily,2016-01-14,4.0223,brl_per_usd
brl_usd,BRL/USD official exchange rate,market_repricing,bcb_sgs,daily,2016-01-15,4.0402,brl_per_usd
brl_usd,BRL/USD official exchange rate,market_repricing,bcb_sgs,daily,2016-01-18,4.0364,brl_per_usd
brl_usd,BRL/USD official exchange rate,market_repricing,bcb_sgs,daily,2016-01-19,4.0303,brl_per_usd
brl_usd,BRL/USD official exchange rate,market_repricing,bcb_sgs,daily,2016-01-20,4.0861,brl_per_usd
brl_usd,BRL/USD official exchange rate,market_repricing,bcb_sgs,daily,2016-01-21,4.1558,brl_per_usd
brl_usd,BRL/USD official exchange rate,market_repricing,bcb_sgs,daily,2016-01-22,4.1232,brl_per_usd
brl_usd,BRL/USD official exchange rate,market_repricing,bcb_sgs,daily,2016-01-25,4.1002,brl_per_usd
brl_usd,BRL/USD official exchange rate,market_repricing,bcb_sgs,daily,2016-01-26,4.0967,brl_per_usd
brl_usd,BRL/USD official exchange rate,market_repricing,bcb_sgs,daily,2016-01-27,4.0448,brl_per_usd
brl_usd,BRL/USD official exchange rate,market_repricing,bcb_sgs,daily,2016-01-28,4.0838,brl_per_usd
brl_usd,BRL/USD official exchange rate,market_repricing,bcb_sgs,daily,2016-01-29,4.0428,brl_per_usd
brl_usd,BRL/USD official exchange rate,market_repricing,bcb_sgs,daily,2016-02-01,3.9986,brl_per_usd
brl_usd,BRL/USD official exchange rate,market_repricing,bcb_sgs,daily,2016-02-02,3.9919,brl_per_usd
brl_usd,BRL/USD official exchange rate,market_repricing,bcb_sgs,daily,2016-02-03,3.9558,brl_per_usd
brl_usd,BRL/USD official exchange rate,market_repricing,bcb_sgs,daily,2016-02-04,3.8653,brl_per_usd
brl_usd,BRL/USD official exchange rate,market_repricing,bcb_sgs,daily,2016-02-05,3.8975,brl_per_usd
brl_usd,BRL/USD official exchange rate,market_repricing,bcb_sgs,daily,2016-02-10,3.9412,brl_per_usd
brl_usd,BRL/USD official exchange rate,market_repricing,bcb_sgs,daily,2016-02-11,3.9642,brl_per_usd
brl_usd,BRL/USD official exchange rate,market_repricing,bcb_sgs,daily,2016-02-12,3.9891,brl_per_usd
brl_usd,BRL/USD official exchange rate,market_repricing,bcb_sgs,daily,2016-02-15,3.9885,brl_per_usd
brl_usd,BRL/USD official exchange rate,market_repricing,bcb_sgs,daily,2016-02-16,4.0213,brl_per_usd
brl_usd,BRL/USD official exchange rate,market_repricing,bcb_sgs,daily,2016-02-17,4.0318,brl_per_usd
brl_usd,BRL/USD official exchange rate,market_repricing,bcb_sgs,daily,2016-02-18,4.0091,brl_per_usd
brl_usd,BRL/USD official exchange rate,market_repricing,bcb_sgs,daily,2016-02-19,4.0492,brl_per_usd
brl_usd,BRL/USD official exchange rate,market_repricing,bcb_sgs,daily,2016-02-22,3.9618,brl_per_usd
brl_usd,BRL/USD official exchange rate,market_repricing,bcb_sgs,daily,2016-02-23,3.9684,brl_per_usd
brl_usd,BRL/USD official exchange rate,market_repricing,bcb_sgs,daily,2016-02-24,3.99,brl_per_usd
brl_usd,BRL/USD official exchange rate,market_repricing,bcb_sgs,daily,2016-02-25,3.94,brl_per_usd
brl_usd,BRL/USD official exchange rate,market_repricing,bcb_sgs,daily,2016-02-26,3.9578,brl_per_usd
brl_usd,BRL/USD official exchange rate,market_repricing,bcb_sgs,daily,2016-02-29,3.9796,brl_per_usd
brl_usd,BRL/USD official exchange rate,market_repricing,bcb_sgs,daily,2016-03-01,3.9913,brl_per_usd
brl_usd,BRL/USD official exchange rate,market_repricing,bcb_sgs,daily,2016-03-02,3.9116,brl_per_usd
brl_usd,BRL/USD official exchange rate,market_repricing,bcb_sgs,daily,2016-03-03,3.8504,brl_per_usd
brl_usd,BRL/USD official exchange rate,market_repricing,bcb_sgs,daily,2016-03-04,3.7188,brl_per_usd
brl_usd,BRL/USD official exchange rate,market_repricing,bcb_sgs,daily,2016-03-07,3.7714,brl_per_usd
brl_usd,BRL/USD official exchange rate,market_repricing,bcb_sgs,daily,2016-03-08,3.7813,brl_per_usd
brl_usd,BRL/USD official exchange rate,market_repricing,bcb_sgs,daily,2016-03-09,3.7037,brl_per_usd
brl_usd,BRL/USD official exchange rate,market_repricing,bcb_sgs,daily,2016-03-10,3.67,brl_per_usd
brl_usd,BRL/USD official exchange rate,market_repricing,bcb_sgs,daily,2016-03-11,3.6271,brl_per_usd
brl_usd,BRL/USD official exchange rate,market_repricing,bcb_sgs,daily,2016-03-14,3.6239,brl_per_usd
brl_usd,BRL/USD official exchange rate,market_repricing,bcb_sgs,daily,2016-03-15,3.7116,brl_per_usd
brl_usd,BRL/USD official exchange rate,market_repricing,bcb_sgs,daily,2016-03-16,3.8079,brl_per_usd
brl_usd,BRL/USD official exchange rate,market_repricing,bcb_sgs,daily,2016-03-17,3.6445,brl_per_usd
brl_usd,BRL/USD official exchange rate,market_repricing,bcb_sgs,daily,2016-03-18,3.6146,brl_per_usd
brl_usd,BRL/USD official exchange rate,market_repricing,bcb_sgs,daily,2016-03-21,3.6229,brl_per_usd
brl_usd,BRL/USD official exchange rate,market_repricing,bcb_sgs,daily,2016-03-22,3.6073,brl_per_usd
brl_usd,BRL/USD official exchange rate,market_repricing,bcb_sgs,daily,2016-03-23,3.6531,brl_per_usd
brl_usd,BRL/USD official exchange rate,market_repricing,bcb_sgs,daily,2016-03-24,3.6948,brl_per_usd
brl_usd,BRL/USD official exchange rate,market_repricing,bcb_sgs,daily,2016-03-28,3.6408,brl_per_usd
brl_usd,BRL/USD official exchange rate,market_repricing,bcb_sgs,daily,2016-03-29,3.6687,brl_per_usd
brl_usd,BRL/USD official exchange rate,market_repricing,bcb_sgs,daily,2016-03-30,3.6116,brl_per_usd
brl_usd,BRL/USD official exchange rate,market_repricing,bcb_sgs,daily,2016-03-31,3.5589,brl_per_usd
brl_usd,BRL/USD official exchange rate,market_repricing,bcb_sgs,daily,2016-04-01,3.5799,brl_per_usd
brl_usd,BRL/USD official exchange rate,market_repricing,bcb_sgs,daily,2016-04-04,3.5871,brl_per_usd
brl_usd,BRL/USD official exchange rate,market_repricing,bcb_sgs,daily,2016-04-05,3.6581,brl_per_usd
brl_usd,BRL/USD official exchange rate,market_repricing,bcb_sgs,daily,2016-04-06,3.6749,brl_per_usd
brl_usd,BRL/USD official exchange rate,market_repricing,bcb_sgs,daily,2016-04-07,3.6921,brl_per_usd
brl_usd,BRL/USD official exchange rate,market_repricing,bcb_sgs,daily,2016-04-08,3.6385,brl_per_usd
brl_usd,BRL/USD official exchange rate,market_repricing,bcb_sgs,daily,2016-04-11,3.5284,brl_per_usd
brl_usd,BRL/USD official exchange rate,market_repricing,bcb_sgs,daily,2016-04-12,3.5406,brl_per_usd
brl_usd,BRL/USD official exchange rate,market_repricing,bcb_sgs,daily,2016-04-13,3.5429,brl_per_usd
brl_usd,BRL/USD official exchange rate,market_repricing,bcb_sgs,daily,2016-04-14,3.5126,brl_per_usd
brl_usd,BRL/USD official exchange rate,market_repricing,bcb_sgs,daily,2016-04-15,3.5276,brl_per_usd
brl_usd,BRL/USD official exchange rate,market_repricing,bcb_sgs,daily,2016-04-18,3.5904,brl_per_usd
brl_usd,BRL/USD official exchange rate,market_repricing,bcb_sgs,daily,2016-04-19,3.5538,brl_per_usd
brl_usd,BRL/USD official exchange rate,market_repricing,bcb_sgs,daily,2016-04-20,3.5503,brl_per_usd
brl_usd,BRL/USD official exchange rate,market_repricing,bcb_sgs,daily,2016-04-22,3.5829,brl_per_usd
brl_usd,BRL/USD official exchange rate,market_repricing,bcb_sgs,daily,2016-04-25,3.5472,brl_per_usd
brl_usd,BRL/USD official exchange rate,market_repricing,bcb_sgs,daily,2016-04-26,3.5301,brl_per_usd
brl_usd,BRL/USD official exchange rate,market_repricing,bcb_sgs,daily,2016-04-27,3.5295,brl_per_usd
brl_usd,BRL/USD official exchange rate,market_repricing,bcb_sgs,daily,2016-04-28,3.4992,brl_per_usd
brl_usd,BRL/USD official exchange rate,market_repricing,bcb_sgs,daily,2016-04-29,3.4508,brl_per_usd
brl_usd,BRL/USD official exchange rate,market_repricing,bcb_sgs,daily,2016-05-02,3.4991,brl_per_usd
brl_usd,BRL/USD official exchange rate,market_repricing,bcb_sgs,daily,2016-05-03,3.555,brl_per_usd
brl_usd,BRL/USD official exchange rate,market_repricing,bcb_sgs,daily,2016-05-04,3.5397,brl_per_usd
brl_usd,BRL/USD official exchange rate,market_repricing,bcb_sgs,daily,2016-05-05,3.5296,brl_per_usd
brl_usd,BRL/USD official exchange rate,market_repricing,bcb_sgs,daily,2016-05-06,3.5362,brl_per_usd
brl_usd,BRL/USD official exchange rate,market_repricing,bcb_sgs,daily,2016-05-09,3.5387,brl_per_usd
brl_usd,BRL/USD official exchange rate,market_repricing,bcb_sgs,daily,2016-05-10,3.4772,brl_per_usd
brl_usd,BRL/USD official exchange rate,market_repricing,bcb_sgs,daily,2016-05-11,3.4645,brl_per_usd
brl_usd,BRL/USD official exchange rate,market_repricing,bcb_sgs,daily,2016-05-12,3.4877,brl_per_usd
brl_usd,BRL/USD official exchange rate,market_repricing,bcb_sgs,daily,2016-05-13,3.5041,brl_per_usd
brl_usd,BRL/USD official exchange rate,market_repricing,bcb_sgs,daily,2016-05-16,3.5035,brl_per_usd
brl_usd,BRL/USD official exchange rate,market_repricing,bcb_sgs,daily,2016-05-17,3.5037,brl_per_usd
brl_usd,BRL/USD official exchange rate,market_repricing,bcb_sgs,daily,2016-05-18,3.5368,brl_per_usd
brl_usd,BRL/USD official exchange rate,market_repricing,bcb_sgs,daily,2016-05-19,3.6003,brl_per_usd
brl_usd,BRL/USD official exchange rate,market_repricing,bcb_sgs,daily,2016-05-20,3.5419,brl_per_usd
brl_usd,BRL/USD official exchange rate,market_repricing,bcb_sgs,daily,2016-05-23,3.566,brl_per_usd
brl_usd,BRL/USD official exchange rate,market_repricing,bcb_sgs,daily,2016-05-24,3.5491,brl_per_usd
brl_usd,BRL/USD official exchange rate,market_repricing,bcb_sgs,daily,2016-05-25,3.5804,brl_per_usd
brl_usd,BRL/USD official exchange rate,market_repricing,bcb_sgs,daily,2016-05-27,3.6168,brl_per_usd
brl_usd,BRL/USD official exchange rate,market_repricing,bcb_sgs,daily,2016-05-30,3.5997,brl_per_usd
brl_usd,BRL/USD official exchange rate,market_repricing,bcb_sgs,daily,2016-05-31,3.5951,brl_per_usd
brl_usd,BRL/USD official exchange rate,market_repricing,bcb_sgs,daily,2016-06-01,3.6126,brl_per_usd
brl_usd,BRL/USD official exchange rate,market_repricing,bcb_sgs,daily,2016-06-02,3.5961,brl_per_usd
brl_usd,BRL/USD official exchange rate,market_repricing,bcb_sgs,daily,2016-06-03,3.5409,brl_per_usd
brl_usd,BRL/USD official exchange rate,market_repricing,bcb_sgs,daily,2016-06-06,3.5098,brl_per_usd
brl_usd,BRL/USD official exchange rate,market_repricing,bcb_sgs,daily,2016-06-07,3.4745,brl_per_usd
brl_usd,BRL/USD official exchange rate,market_repricing,bcb_sgs,daily,2016-06-08,3.3898,brl_per_usd
brl_usd,BRL/USD official exchange rate,market_repricing,bcb_sgs,daily,2016-06-09,3.3817,brl_per_usd
brl_usd,BRL/USD official exchange rate,market_repricing,bcb_sgs,daily,2016-06-10,3.4261,brl_per_usd
brl_usd,BRL/USD official exchange rate,market_repricing,bcb_sgs,daily,2016-06-13,3.4533,brl_per_usd
brl_usd,BRL/USD official exchange rate,market_repricing,bcb_sgs,daily,2016-06-14,3.4839,brl_per_usd
brl_usd,BRL/USD official exchange rate,market_repricing,bcb_sgs,daily,2016-06-15,3.4768,brl_per_usd
brl_usd,BRL/USD official exchange rate,market_repricing,bcb_sgs,daily,2016-06-16,3.4904,brl_per_usd
brl_usd,BRL/USD official exchange rate,market_repricing,bcb_sgs,daily,2016-06-17,3.4372,brl_per_usd
brl_usd,BRL/USD official exchange rate,market_repricing,bcb_sgs,daily,2016-06-20,3.3835,brl_per_usd
brl_usd,BRL/USD official exchange rate,market_repricing,bcb_sgs,daily,2016-06-21,3.3897,brl_per_usd
brl_usd,BRL/USD official exchange rate,market_repricing,bcb_sgs,daily,2016-06-22,3.3883,brl_per_usd
brl_usd,BRL/USD official exchange rate,market_repricing,bcb_sgs,daily,2016-06-23,3.3533,brl_per_usd
brl_usd,BRL/USD official exchange rate,market_repricing,bcb_sgs,daily,2016-06-24,3.3772,brl_per_usd
brl_usd,BRL/USD official exchange rate,market_repricing,bcb_sgs,daily,2016-06-27,3.3934,brl_per_usd
brl_usd,BRL/USD official exchange rate,market_repricing,bcb_sgs,daily,2016-06-28,3.3267,brl_per_usd
brl_usd,BRL/USD official exchange rate,market_repricing,bcb_sgs,daily,2016-06-29,3.2435,brl_per_usd
brl_usd,BRL/USD official exchange rate,market_repricing,bcb_sgs,daily,2016-06-30,3.2098,brl_per_usd
brl_usd,BRL/USD official exchange rate,market_repricing,bcb_sgs,daily,2016-07-01,3.2298,brl_per_usd
brl_usd,BRL/USD official exchange rate,market_repricing,bcb_sgs,daily,2016-07-04,3.248,brl_per_usd
brl_usd,BRL/USD official exchange rate,market_repricing,bcb_sgs,daily,2016-07-05,3.2904,brl_per_usd
brl_usd,BRL/USD official exchange rate,market_repricing,bcb_sgs,daily,2016-07-06,3.3242,brl_per_usd
brl_usd,BRL/USD official exchange rate,market_repricing,bcb_sgs,daily,2016-07-07,3.3388,brl_per_usd
brl_usd,BRL/USD official exchange rate,market_repricing,bcb_sgs,daily,2016-07-08,3.2968,brl_per_usd
brl_usd,BRL/USD official exchange rate,market_repricing,bcb_sgs,daily,2016-07-11,3.3031,brl_per_usd
brl_usd,BRL/USD official exchange rate,market_repricing,bcb_sgs,daily,2016-07-12,3.275,brl_per_usd
brl_usd,BRL/USD official exchange rate,market_repricing,bcb_sgs,daily,2016-07-13,3.2896,brl_per_usd
brl_usd,BRL/USD official exchange rate,market_repricing,bcb_sgs,daily,2016-07-14,3.2311,brl_per_usd
brl_usd,BRL/USD official exchange rate,market_repricing,bcb_sgs,daily,2016-07-15,3.2656,brl_per_usd
brl_usd,BRL/USD official exchange rate,market_repricing,bcb_sgs,daily,2016-07-18,3.2634,brl_per_usd
brl_usd,BRL/USD official exchange rate,market_repricing,bcb_sgs,daily,2016-07-19,3.2801,brl_per_usd
brl_usd,BRL/USD official exchange rate,market_repricing,bcb_sgs,daily,2016-07-20,3.2512,brl_per_usd
brl_usd,BRL/USD official exchange rate,market_repricing,bcb_sgs,daily,2016-07-21,3.2585,brl_per_usd
brl_usd,BRL/USD official exchange rate,market_repricing,bcb_sgs,daily,2016-07-22,3.2854,brl_per_usd
brl_usd,BRL/USD official exchange rate,market_repricing,bcb_sgs,daily,2016-07-25,3.2819,brl_per_usd
brl_usd,BRL/USD official exchange rate,market_repricing,bcb_sgs,daily,2016-07-26,3.279,brl_per_usd
brl_usd,BRL/USD official exchange rate,market_repricing,bcb_sgs,daily,2016-07-27,3.282,brl_per_usd
brl_usd,BRL/USD official exchange rate,market_repricing,bcb_sgs,daily,2016-07-28,3.274,brl_per_usd
brl_usd,BRL/USD official exchange rate,market_repricing,bcb_sgs,daily,2016-07-29,3.239,brl_per_usd
brl_usd,BRL/USD official exchange rate,market_repricing,bcb_sgs,daily,2016-08-01,3.2662,brl_per_usd
brl_usd,BRL/USD official exchange rate,market_repricing,bcb_sgs,daily,2016-08-02,3.249,brl_per_usd
brl_usd,BRL/USD official exchange rate,market_repricing,bcb_sgs,daily,2016-08-03,3.2733,brl_per_usd
brl_usd,BRL/USD official exchange rate,market_repricing,bcb_sgs,daily,2016-08-04,3.2183,brl_per_usd
brl_usd,BRL/USD official exchange rate,market_repricing,bcb_sgs,daily,2016-08-05,3.1859,brl_per_usd
brl_usd,BRL/USD official exchange rate,market_repricing,bcb_sgs,daily,2016-08-08,3.1771,brl_per_usd
brl_usd,BRL/USD official exchange rate,market_repricing,bcb_sgs,daily,2016-08-09,3.1503,brl_per_usd
brl_usd,BRL/USD official exchange rate,market_repricing,bcb_sgs,daily,2016-08-10,3.1302,brl_per_usd
brl_usd,BRL/USD official exchange rate,market_repricing,bcb_sgs,daily,2016-08-11,3.1364,brl_per_usd
brl_usd,BRL/USD official exchange rate,market_repricing,bcb_sgs,daily,2016-08-12,3.1602,brl_per_usd
brl_usd,BRL/USD official exchange rate,market_repricing,bcb_sgs,daily,2016-08-15,3.1672,brl_per_usd
brl_usd,BRL/USD official exchange rate,market_repricing,bcb_sgs,daily,2016-08-16,3.1749,brl_per_usd
brl_usd,BRL/USD official exchange rate,market_repricing,bcb_sgs,daily,2016-08-17,3.2248,brl_per_usd
brl_usd,BRL/USD official exchange rate,market_repricing,bcb_sgs,daily,2016-08-18,3.2215,brl_per_usd
brl_usd,BRL/USD official exchange rate,market_repricing,bcb_sgs,daily,2016-08-19,3.2267,brl_per_usd
brl_usd,BRL/USD official exchange rate,market_repricing,bcb_sgs,daily,2016-08-22,3.2163,brl_per_usd
brl_usd,BRL/USD official exchange rate,market_repricing,bcb_sgs,daily,2016-08-23,3.2054,brl_per_usd
brl_usd,BRL/USD official exchange rate,market_repricing,bcb_sgs,daily,2016-08-24,3.2372,brl_per_usd
brl_usd,BRL/USD official exchange rate,market_repricing,bcb_sgs,daily,2016-08-25,3.2319,brl_per_usd
brl_usd,BRL/USD official exchange rate,market_repricing,bcb_sgs,daily,2016-08-26,3.2153,brl_per_usd
brl_usd,BRL/USD official exchange rate,market_repricing,bcb_sgs,daily,2016-08-29,3.2613,brl_per_usd
brl_usd,BRL/USD official exchange rate,market_repricing,bcb_sgs,daily,2016-08-30,3.2525,brl_per_usd
brl_usd,BRL/USD official exchange rate,market_repricing,bcb_sgs,daily,2016-08-31,3.2403,brl_per_usd
brl_usd,BRL/USD official exchange rate,market_repricing,bcb_sgs,daily,2016-09-01,3.2472,brl_per_usd
brl_usd,BRL/USD official exchange rate,market_repricing,bcb_sgs,daily,2016-09-02,3.2431,brl_per_usd
brl_usd,BRL/USD official exchange rate,market_repricing,bcb_sgs,daily,2016-09-05,3.2721,brl_per_usd
brl_usd,BRL/USD official exchange rate,market_repricing,bcb_sgs,daily,2016-09-06,3.2452,brl_per_usd
brl_usd,BRL/USD official exchange rate,market_repricing,bcb_sgs,daily,2016-09-08,3.1934,brl_per_usd
brl_usd,BRL/USD official exchange rate,market_repricing,bcb_sgs,daily,2016-09-09,3.2638,brl_per_usd
brl_usd,BRL/USD official exchange rate,market_repricing,bcb_sgs,daily,2016-09-12,3.2854,brl_per_usd
brl_usd,BRL/USD official exchange rate,market_repricing,bcb_sgs,daily,2016-09-13,3.2972,brl_per_usd
brl_usd,BRL/USD official exchange rate,market_repricing,bcb_sgs,daily,2016-09-14,3.3262,brl_per_usd
brl_usd,BRL/USD official exchange rate,market_repricing,bcb_sgs,daily,2016-09-15,3.3326,brl_per_usd
brl_usd,BRL/USD official exchange rate,market_repricing,bcb_sgs,daily,2016-09-16,3.3004,brl_per_usd
brl_usd,BRL/USD official exchange rate,market_repricing,bcb_sgs,daily,2016-09-19,3.2636,brl_per_usd
brl_usd,BRL/USD official exchange rate,market_repricing,bcb_sgs,daily,2016-09-20,3.254,brl_per_usd
brl_usd,BRL/USD official exchange rate,market_repricing,bcb_sgs,daily,2016-09-21,3.2408,brl_per_usd
brl_usd,BRL/USD official exchange rate,market_repricing,bcb_sgs,daily,2016-09-22,3.2015,brl_per_usd
brl_usd,BRL/USD official exchange rate,market_repricing,bcb_sgs,daily,2016-09-23,3.2242,brl_per_usd
brl_usd,BRL/USD official exchange rate,market_repricing,bcb_sgs,daily,2016-09-26,3.24,brl_per_usd
brl_usd,BRL/USD official exchange rate,market_repricing,bcb_sgs,daily,2016-09-27,3.2358,brl_per_usd
brl_usd,BRL/USD official exchange rate,market_repricing,bcb_sgs,daily,2016-09-28,3.2476,brl_per_usd
brl_usd,BRL/USD official exchange rate,market_repricing,bcb_sgs,daily,2016-09-29,3.2235,brl_per_usd
brl_usd,BRL/USD official exchange rate,market_repricing,bcb_sgs,daily,2016-09-30,3.2462,brl_per_usd
brl_usd,BRL/USD official exchange rate,market_repricing,bcb_sgs,daily,2016-10-03,3.2338,brl_per_usd
brl_usd,BRL/USD official exchange rate,market_repricing,bcb_sgs,daily,2016-10-04,3.2203,brl_per_usd
brl_usd,BRL/USD official exchange rate,market_repricing,bcb_sgs,daily,2016-10-05,3.2359,brl_per_usd
brl_usd,BRL/USD official exchange rate,market_repricing,bcb_sgs,daily,2016-10-06,3.231,brl_per_usd
brl_usd,BRL/USD official exchange rate,market_repricing,bcb_sgs,daily,2016-10-07,3.2134,brl_per_usd
brl_usd,BRL/USD official exchange rate,market_repricing,bcb_sgs,daily,2016-10-10,3.2125,brl_per_usd
brl_usd,BRL/USD official exchange rate,market_repricing,bcb_sgs,daily,2016-10-11,3.2136,brl_per_usd
brl_usd,BRL/USD official exchange rate,market_repricing,bcb_sgs,daily,2016-10-13,3.2087,brl_per_usd
brl_usd,BRL/USD official exchange rate,market_repricing,bcb_sgs,daily,2016-10-14,3.1864,brl_per_usd
brl_usd,BRL/USD official exchange rate,market_repricing,bcb_sgs,daily,2016-10-17,3.1963,brl_per_usd
brl_usd,BRL/USD official exchange rate,market_repricing,bcb_sgs,daily,2016-10-18,3.1874,brl_per_usd
brl_usd,BRL/USD official exchange rate,market_repricing,bcb_sgs,daily,2016-10-19,3.18,brl_per_usd
brl_usd,BRL/USD official exchange rate,market_repricing,bcb_sgs,daily,2016-10-20,3.1605,brl_per_usd
brl_usd,BRL/USD official exchange rate,market_repricing,bcb_sgs,daily,2016-10-21,3.1593,brl_per_usd
brl_usd,BRL/USD official exchange rate,market_repricing,bcb_sgs,daily,2016-10-24,3.1311,brl_per_usd
brl_usd,BRL/USD official exchange rate,market_repricing,bcb_sgs,daily,2016-10-25,3.1193,brl_per_usd
brl_usd,BRL/USD official exchange rate,market_repricing,bcb_sgs,daily,2016-10-26,3.1219,brl_per_usd
brl_usd,BRL/USD official exchange rate,market_repricing,bcb_sgs,daily,2016-10-27,3.1429,brl_per_usd
brl_usd,BRL/USD official exchange rate,market_repricing,bcb_sgs,daily,2016-10-28,3.1815,brl_per_usd
brl_usd,BRL/USD official exchange rate,market_repricing,bcb_sgs,daily,2016-10-31,3.1811,brl_per_usd
brl_usd,BRL/USD official exchange rate,market_repricing,bcb_sgs,daily,2016-11-01,3.2053,brl_per_usd
brl_usd,BRL/USD official exchange rate,market_repricing,bcb_sgs,daily,2016-11-03,3.231,brl_per_usd
brl_usd,BRL/USD official exchange rate,market_repricing,bcb_sgs,daily,2016-11-04,3.2449,brl_per_usd
brl_usd,BRL/USD official exchange rate,market_repricing,bcb_sgs,daily,2016-11-07,3.2024,brl_per_usd
brl_usd,BRL/USD official exchange rate,market_repricing,bcb_sgs,daily,2016-11-08,3.2024,brl_per_usd
brl_usd,BRL/USD official exchange rate,market_repricing,bcb_sgs,daily,2016-11-09,3.2258,brl_per_usd
brl_usd,BRL/USD official exchange rate,market_repricing,bcb_sgs,daily,2016-11-10,3.3104,brl_per_usd
brl_usd,BRL/USD official exchange rate,market_repricing,bcb_sgs,daily,2016-11-11,3.4377,brl_per_usd
brl_usd,BRL/USD official exchange rate,market_repricing,bcb_sgs,daily,2016-11-14,3.4446,brl_per_usd
brl_usd,BRL/USD official exchange rate,market_repricing,bcb_sgs,daily,2016-11-16,3.4183,brl_per_usd
brl_usd,BRL/USD official exchange rate,market_repricing,bcb_sgs,daily,2016-11-17,3.4052,brl_per_usd
brl_usd,BRL/USD official exchange rate,market_repricing,bcb_sgs,daily,2016-11-18,3.3917,brl_per_usd
brl_usd,BRL/USD official exchange rate,market_repricing,bcb_sgs,daily,2016-11-21,3.3517,brl_per_usd
brl_usd,BRL/USD official exchange rate,market_repricing,bcb_sgs,daily,2016-11-22,3.3476,brl_per_usd
brl_usd,BRL/USD official exchange rate,market_repricing,bcb_sgs,daily,2016-11-23,3.3927,brl_per_usd
brl_usd,BRL/USD official exchange rate,market_repricing,bcb_sgs,daily,2016-11-24,3.3987,brl_per_usd
brl_usd,BRL/USD official exchange rate,market_repricing,bcb_sgs,daily,2016-11-25,3.4279,brl_per_usd
brl_usd,BRL/USD official exchange rate,market_repricing,bcb_sgs,daily,2016-11-28,3.3996,brl_per_usd
brl_usd,BRL/USD official exchange rate,market_repricing,bcb_sgs,daily,2016-11-29,3.406,brl_per_usd
brl_usd,BRL/USD official exchange rate,market_repricing,bcb_sgs,daily,2016-11-30,3.3967,brl_per_usd
brl_usd,BRL/USD official exchange rate,market_repricing,bcb_sgs,daily,2016-12-01,3.4362,brl_per_usd
brl_usd,BRL/USD official exchange rate,market_repricing,bcb_sgs,daily,2016-12-02,3.465,brl_per_usd
brl_usd,BRL/USD official exchange rate,market_repricing,bcb_sgs,daily,2016-12-05,3.4598,brl_per_usd
brl_usd,BRL/USD official exchange rate,market_repricing,bcb_sgs,daily,2016-12-06,3.4354,brl_per_usd
brl_usd,BRL/USD official exchange rate,market_repricing,bcb_sgs,daily,2016-12-07,3.3895,brl_per_usd
brl_usd,BRL/USD official exchange rate,market_repricing,bcb_sgs,daily,2016-12-08,3.4008,brl_per_usd
brl_usd,BRL/USD official exchange rate,market_repricing,bcb_sgs,daily,2016-12-09,3.3858,brl_per_usd
brl_usd,BRL/USD official exchange rate,market_repricing,bcb_sgs,daily,2016-12-12,3.3697,brl_per_usd
brl_usd,BRL/USD official exchange rate,market_repricing,bcb_sgs,daily,2016-12-13,3.334,brl_per_usd
brl_usd,BRL/USD official exchange rate,market_repricing,bcb_sgs,daily,2016-12-14,3.3103,brl_per_usd
brl_usd,BRL/USD official exchange rate,market_repricing,bcb_sgs,daily,2016-12-15,3.383,brl_per_usd
brl_usd,BRL/USD official exchange rate,market_repricing,bcb_sgs,daily,2016-12-16,3.3712,brl_per_usd
brl_usd,BRL/USD official exchange rate,market_repricing,bcb_sgs,daily,2016-12-19,3.3778,brl_per_usd
brl_usd,BRL/USD official exchange rate,market_repricing,bcb_sgs,daily,2016-12-20,3.3586,brl_per_usd
brl_usd,BRL/USD official exchange rate,market_repricing,bcb_sgs,daily,2016-12-21,3.3297,brl_per_usd
brl_usd,BRL/USD official exchange rate,market_repricing,bcb_sgs,daily,2016-12-22,3.3302,brl_per_usd
brl_usd,BRL/USD official exchange rate,market_repricing,bcb_sgs,daily,2016-12-23,3.2696,brl_per_usd
brl_usd,BRL/USD official exchange rate,market_repricing,bcb_sgs,daily,2016-12-26,3.2701,brl_per_usd
brl_usd,BRL/USD official exchange rate,market_repricing,bcb_sgs,daily,2016-12-27,3.2776,brl_per_usd
brl_usd,BRL/USD official exchange rate,market_repricing,bcb_sgs,daily,2016-12-28,3.2774,brl_per_usd
brl_usd,BRL/USD official exchange rate,market_repricing,bcb_sgs,daily,2016-12-29,3.2591,brl_per_usd
brl_usd,BRL/USD official exchange rate,market_repricing,bcb_sgs,daily,2016-12-30,3.2591,brl_per_usd
brl_usd,BRL/USD official exchange rate,market_repricing,bcb_sgs,daily,2017-01-02,3.2729,brl_per_usd
brl_usd,BRL/USD official exchange rate,market_repricing,bcb_sgs,daily,2017-01-03,3.2632,brl_per_usd
brl_usd,BRL/USD official exchange rate,market_repricing,bcb_sgs,daily,2017-01-04,3.2333,brl_per_usd
brl_usd,BRL/USD official exchange rate,market_repricing,bcb_sgs,daily,2017-01-05,3.2129,brl_per_usd
brl_usd,BRL/USD official exchange rate,market_repricing,bcb_sgs,daily,2017-01-06,3.2057,brl_per_usd
brl_usd,BRL/USD official exchange rate,market_repricing,bcb_sgs,daily,2017-01-09,3.2097,brl_per_usd
brl_usd,BRL/USD official exchange rate,market_repricing,bcb_sgs,daily,2017-01-10,3.1918,brl_per_usd
brl_usd,BRL/USD official exchange rate,market_repricing,bcb_sgs,daily,2017-01-11,3.2154,brl_per_usd
brl_usd,BRL/USD official exchange rate,market_repricing,bcb_sgs,daily,2017-01-12,3.1661,brl_per_usd
brl_usd,BRL/USD official exchange rate,market_repricing,bcb_sgs,daily,2017-01-13,3.2034,brl_per_usd
brl_usd,BRL/USD official exchange rate,market_repricing,bcb_sgs,daily,2017-01-16,3.2234,brl_per_usd
brl_usd,BRL/USD official exchange rate,market_repricing,bcb_sgs,daily,2017-01-17,3.21,brl_per_usd
brl_usd,BRL/USD official exchange rate,market_repricing,bcb_sgs,daily,2017-01-18,3.2211,brl_per_usd
brl_usd,BRL/USD official exchange rate,market_repricing,bcb_sgs,daily,2017-01-19,3.2113,brl_per_usd
brl_usd,BRL/USD official exchange rate,market_repricing,bcb_sgs,daily,2017-01-20,3.1918,brl_per_usd
brl_usd,BRL/USD official exchange rate,market_repricing,bcb_sgs,daily,2017-01-23,3.1609,brl_per_usd
brl_usd,BRL/USD official exchange rate,market_repricing,bcb_sgs,daily,2017-01-24,3.1649,brl_per_usd
brl_usd,BRL/USD official exchange rate,market_repricing,bcb_sgs,daily,2017-01-25,3.169,brl_per_usd
brl_usd,BRL/USD official exchange rate,market_repricing,bcb_sgs,daily,2017-01-26,3.1804,brl_per_usd
brl_usd,BRL/USD official exchange rate,market_repricing,bcb_sgs,daily,2017-01-27,3.1596,brl_per_usd
brl_usd,BRL/USD official exchange rate,market_repricing,bcb_sgs,daily,2017-01-30,3.1316,brl_per_usd
brl_usd,BRL/USD official exchange rate,market_repricing,bcb_sgs,daily,2017-01-31,3.127,brl_per_usd
brl_usd,BRL/USD official exchange rate,market_repricing,bcb_sgs,daily,2017-02-01,3.1479,brl_per_usd
brl_usd,BRL/USD official exchange rate,market_repricing,bcb_sgs,daily,2017-02-02,3.1196,brl_per_usd
brl_usd,BRL/USD official exchange rate,market_repricing,bcb_sgs,daily,2017-02-03,3.1241,brl_per_usd
brl_usd,BRL/USD official exchange rate,market_repricing,bcb_sgs,daily,2017-02-06,3.1179,brl_per_usd
brl_usd,BRL/USD official exchange rate,market_repricing,bcb_sgs,daily,2017-02-07,3.1304,brl_per_usd
brl_usd,BRL/USD official exchange rate,market_repricing,bcb_sgs,daily,2017-02-08,3.1255,brl_per_usd
brl_usd,BRL/USD official exchange rate,market_repricing,bcb_sgs,daily,2017-02-09,3.1185,brl_per_usd
brl_usd,BRL/USD official exchange rate,market_repricing,bcb_sgs,daily,2017-02-10,3.1155,brl_per_usd
brl_usd,BRL/USD official exchange rate,market_repricing,bcb_sgs,daily,2017-02-13,3.1175,brl_per_usd
brl_usd,BRL/USD official exchange rate,market_repricing,bcb_sgs,daily,2017-02-14,3.1004,brl_per_usd
brl_usd,BRL/USD official exchange rate,market_repricing,bcb_sgs,daily,2017-02-15,3.0779,brl_per_usd
brl_usd,BRL/USD official exchange rate,market_repricing,bcb_sgs,daily,2017-02-16,3.051,brl_per_usd
brl_usd,BRL/USD official exchange rate,market_repricing,bcb_sgs,daily,2017-02-17,3.095,brl_per_usd
brl_usd,BRL/USD official exchange rate,market_repricing,bcb_sgs,daily,2017-02-20,3.0918,brl_per_usd
brl_usd,BRL/USD official exchange rate,market_repricing,bcb_sgs,daily,2017-02-21,3.097,brl_per_usd
brl_usd,BRL/USD official exchange rate,market_repricing,bcb_sgs,daily,2017-02-22,3.0824,brl_per_usd
brl_usd,BRL/USD official exchange rate,market_repricing,bcb_sgs,daily,2017-02-23,3.0638,brl_per_usd
brl_usd,BRL/USD official exchange rate,market_repricing,bcb_sgs,daily,2017-02-24,3.0993,brl_per_usd
brl_usd,BRL/USD official exchange rate,market_repricing,bcb_sgs,daily,2017-03-01,3.0976,brl_per_usd
brl_usd,BRL/USD official exchange rate,market_repricing,bcb_sgs,daily,2017-03-02,3.1138,brl_per_usd
brl_usd,BRL/USD official exchange rate,market_repricing,bcb_sgs,daily,2017-03-03,3.1364,brl_per_usd
brl_usd,BRL/USD official exchange rate,market_repricing,bcb_sgs,daily,2017-03-06,3.1111,brl_per_usd
brl_usd,BRL/USD official exchange rate,market_repricing,bcb_sgs,daily,2017-03-07,3.1185,brl_per_usd
brl_usd,BRL/USD official exchange rate,market_repricing,bcb_sgs,daily,2017-03-08,3.1477,brl_per_usd
brl_usd,BRL/USD official exchange rate,market_repricing,bcb_sgs,daily,2017-03-09,3.1735,brl_per_usd
brl_usd,BRL/USD official exchange rate,market_repricing,bcb_sgs,daily,2017-03-10,3.1623,brl_per_usd
brl_usd,BRL/USD official exchange rate,market_repricing,bcb_sgs,daily,2017-03-13,3.1541,brl_per_usd
brl_usd,BRL/USD official exchange rate,market_repricing,bcb_sgs,daily,2017-03-14,3.1639,brl_per_usd
brl_usd,BRL/USD official exchange rate,market_repricing,bcb_sgs,daily,2017-03-15,3.1629,brl_per_usd
brl_usd,BRL/USD official exchange rate,market_repricing,bcb_sgs,daily,2017-03-16,3.108,brl_per_usd
brl_usd,BRL/USD official exchange rate,market_repricing,bcb_sgs,daily,2017-03-17,3.1075,brl_per_usd
brl_usd,BRL/USD official exchange rate,market_repricing,bcb_sgs,daily,2017-03-20,3.0898,brl_per_usd
brl_usd,BRL/USD official exchange rate,market_repricing,bcb_sgs,daily,2017-03-21,3.0765,brl_per_usd
brl_usd,BRL/USD official exchange rate,market_repricing,bcb_sgs,daily,2017-03-22,3.0939,brl_per_usd
brl_usd,BRL/USD official exchange rate,market_repricing,bcb_sgs,daily,2017-03-23,3.1248,brl_per_usd
brl_usd,BRL/USD official exchange rate,market_repricing,bcb_sgs,daily,2017-03-24,3.1282,brl_per_usd
brl_usd,BRL/USD official exchange rate,market_repricing,bcb_sgs,daily,2017-03-27,3.1256,brl_per_usd
brl_usd,BRL/USD official exchange rate,market_repricing,bcb_sgs,daily,2017-03-28,3.1303,brl_per_usd
brl_usd,BRL/USD official exchange rate,market_repricing,bcb_sgs,daily,2017-03-29,3.1229,brl_per_usd
brl_usd,BRL/USD official exchange rate,market_repricing,bcb_sgs,daily,2017-03-30,3.1247,brl_per_usd
brl_usd,BRL/USD official exchange rate,market_repricing,bcb_sgs,daily,2017-03-31,3.1684,brl_per_usd
brl_usd,BRL/USD official exchange rate,market_repricing,bcb_sgs,daily,2017-04-03,3.1167,brl_per_usd
brl_usd,BRL/USD official exchange rate,market_repricing,bcb_sgs,daily,2017-04-04,3.1231,brl_per_usd
brl_usd,BRL/USD official exchange rate,market_repricing,bcb_sgs,daily,2017-04-05,3.0923,brl_per_usd
brl_usd,BRL/USD official exchange rate,market_repricing,bcb_sgs,daily,2017-04-06,3.116,brl_per_usd
brl_usd,BRL/USD official exchange rate,market_repricing,bcb_sgs,daily,2017-04-07,3.1302,brl_per_usd
brl_usd,BRL/USD official exchange rate,market_repricing,bcb_sgs,daily,2017-04-10,3.1409,brl_per_usd
brl_usd,BRL/USD official exchange rate,market_repricing,bcb_sgs,daily,2017-04-11,3.1424,brl_per_usd
brl_usd,BRL/USD official exchange rate,market_repricing,bcb_sgs,daily,2017-04-12,3.1463,brl_per_usd
brl_usd,BRL/USD official exchange rate,market_repricing,bcb_sgs,daily,2017-04-13,3.1269,brl_per_usd
brl_usd,BRL/USD official exchange rate,market_repricing,bcb_sgs,daily,2017-04-17,3.1036,brl_per_usd
brl_usd,BRL/USD official exchange rate,market_repricing,bcb_sgs,daily,2017-04-18,3.0958,brl_per_usd
brl_usd,BRL/USD official exchange rate,market_repricing,bcb_sgs,daily,2017-04-19,3.1294,brl_per_usd
brl_usd,BRL/USD official exchange rate,market_repricing,bcb_sgs,daily,2017-04-20,3.1453,brl_per_usd
brl_usd,BRL/USD official exchange rate,market_repricing,bcb_sgs,daily,2017-04-24,3.1251,brl_per_usd
brl_usd,BRL/USD official exchange rate,market_repricing,bcb_sgs,daily,2017-04-25,3.1577,brl_per_usd
brl_usd,BRL/USD official exchange rate,market_repricing,bcb_sgs,daily,2017-04-26,3.1847,brl_per_usd
brl_usd,BRL/USD official exchange rate,market_repricing,bcb_sgs,daily,2017-04-27,3.1763,brl_per_usd
brl_usd,BRL/USD official exchange rate,market_repricing,bcb_sgs,daily,2017-04-28,3.1984,brl_per_usd
brl_usd,BRL/USD official exchange rate,market_repricing,bcb_sgs,daily,2017-05-02,3.1724,brl_per_usd
brl_usd,BRL/USD official exchange rate,market_repricing,bcb_sgs,daily,2017-05-03,3.1489,brl_per_usd
brl_usd,BRL/USD official exchange rate,market_repricing,bcb_sgs,daily,2017-05-04,3.178,brl_per_usd
brl_usd,BRL/USD official exchange rate,market_repricing,bcb_sgs,daily,2017-05-05,3.1764,brl_per_usd
brl_usd,BRL/USD official exchange rate,market_repricing,bcb_sgs,daily,2017-05-08,3.1938,brl_per_usd
brl_usd,BRL/USD official exchange rate,market_repricing,bcb_sgs,daily,2017-05-09,3.1857,brl_per_usd
brl_usd,BRL/USD official exchange rate,market_repricing,bcb_sgs,daily,2017-05-10,3.1606,brl_per_usd
brl_usd,BRL/USD official exchange rate,market_repricing,bcb_sgs,daily,2017-05-11,3.1559,brl_per_usd
brl_usd,BRL/USD official exchange rate,market_repricing,bcb_sgs,daily,2017-05-12,3.129,brl_per_usd
brl_usd,BRL/USD official exchange rate,market_repricing,bcb_sgs,daily,2017-05-15,3.1011,brl_per_usd
brl_usd,BRL/USD official exchange rate,market_repricing,bcb_sgs,daily,2017-05-16,3.0924,brl_per_usd
brl_usd,BRL/USD official exchange rate,market_repricing,bcb_sgs,daily,2017-05-17,3.1076,brl_per_usd
brl_usd,BRL/USD official exchange rate,market_repricing,bcb_sgs,daily,2017-05-18,3.3807,brl_per_usd
brl_usd,BRL/USD official exchange rate,market_repricing,bcb_sgs,daily,2017-05-19,3.2878,brl_per_usd
brl_usd,BRL/USD official exchange rate,market_repricing,bcb_sgs,daily,2017-05-22,3.2863,brl_per_usd
brl_usd,BRL/USD official exchange rate,market_repricing,bcb_sgs,daily,2017-05-23,3.2654,brl_per_usd
brl_usd,BRL/USD official exchange rate,market_repricing,bcb_sgs,daily,2017-05-24,3.2629,brl_per_usd
brl_usd,BRL/USD official exchange rate,market_repricing,bcb_sgs,daily,2017-05-25,3.2824,brl_per_usd
brl_usd,BRL/USD official exchange rate,market_repricing,bcb_sgs,daily,2017-05-26,3.2614,brl_per_usd
brl_usd,BRL/USD official exchange rate,market_repricing,bcb_sgs,daily,2017-05-29,3.2709,brl_per_usd
brl_usd,BRL/USD official exchange rate,market_repricing,bcb_sgs,daily,2017-05-30,3.2659,brl_per_usd
brl_usd,BRL/USD official exchange rate,market_repricing,bcb_sgs,daily,2017-05-31,3.2437,brl_per_usd
brl_usd,BRL/USD official exchange rate,market_repricing,bcb_sgs,daily,2017-06-01,3.2307,brl_per_usd
brl_usd,BRL/USD official exchange rate,market_repricing,bcb_sgs,daily,2017-06-02,3.2401,brl_per_usd
brl_usd,BRL/USD official exchange rate,market_repricing,bcb_sgs,daily,2017-06-05,3.282,brl_per_usd
brl_usd,BRL/USD official exchange rate,market_repricing,bcb_sgs,daily,2017-06-06,3.2817,brl_per_usd
brl_usd,BRL/USD official exchange rate,market_repricing,bcb_sgs,daily,2017-06-07,3.2747,brl_per_usd
brl_usd,BRL/USD official exchange rate,market_repricing,bcb_sgs,daily,2017-06-08,3.2838,brl_per_usd
brl_usd,BRL/USD official exchange rate,market_repricing,bcb_sgs,daily,2017-06-09,3.274,brl_per_usd
brl_usd,BRL/USD official exchange rate,market_repricing,bcb_sgs,daily,2017-06-12,3.2986,brl_per_usd
brl_usd,BRL/USD official exchange rate,market_repricing,bcb_sgs,daily,2017-06-13,3.3208,brl_per_usd
brl_usd,BRL/USD official exchange rate,market_repricing,bcb_sgs,daily,2017-06-14,3.2836,brl_per_usd
brl_usd,BRL/USD official exchange rate,market_repricing,bcb_sgs,daily,2017-06-16,3.2892,brl_per_usd
brl_usd,BRL/USD official exchange rate,market_repricing,bcb_sgs,daily,2017-06-19,3.2975,brl_per_usd
brl_usd,BRL/USD official exchange rate,market_repricing,bcb_sgs,daily,2017-06-20,3.3145,brl_per_usd
brl_usd,BRL/USD official exchange rate,market_repricing,bcb_sgs,daily,2017-06-21,3.3247,brl_per_usd
brl_usd,BRL/USD official exchange rate,market_repricing,bcb_sgs,daily,2017-06-22,3.3362,brl_per_usd
brl_usd,BRL/USD official exchange rate,market_repricing,bcb_sgs,daily,2017-06-23,3.3342,brl_per_usd
brl_usd,BRL/USD official exchange rate,market_repricing,bcb_sgs,daily,2017-06-26,3.3128,brl_per_usd
brl_usd,BRL/USD official exchange rate,market_repricing,bcb_sgs,daily,2017-06-27,3.3172,brl_per_usd
brl_usd,BRL/USD official exchange rate,market_repricing,bcb_sgs,daily,2017-06-28,3.303,brl_per_usd
brl_usd,BRL/USD official exchange rate,market_repricing,bcb_sgs,daily,2017-06-29,3.2952,brl_per_usd
brl_usd,BRL/USD official exchange rate,market_repricing,bcb_sgs,daily,2017-06-30,3.3082,brl_per_usd
brl_usd,BRL/USD official exchange rate,market_repricing,bcb_sgs,daily,2017-07-03,3.3015,brl_per_usd
brl_usd,BRL/USD official exchange rate,market_repricing,bcb_sgs,daily,2017-07-04,3.305,brl_per_usd
brl_usd,BRL/USD official exchange rate,market_repricing,bcb_sgs,daily,2017-07-05,3.3193,brl_per_usd
brl_usd,BRL/USD official exchange rate,market_repricing,bcb_sgs,daily,2017-07-06,3.3064,brl_per_usd
brl_usd,BRL/USD official exchange rate,market_repricing,bcb_sgs,daily,2017-07-07,3.2895,brl_per_usd
brl_usd,BRL/USD official exchange rate,market_repricing,bcb_sgs,daily,2017-07-10,3.265,brl_per_usd
brl_usd,BRL/USD official exchange rate,market_repricing,bcb_sgs,daily,2017-07-11,3.2522,brl_per_usd
brl_usd,BRL/USD official exchange rate,market_repricing,bcb_sgs,daily,2017-07-12,3.2264,brl_per_usd
brl_usd,BRL/USD official exchange rate,market_repricing,bcb_sgs,daily,2017-07-13,3.2108,brl_per_usd
brl_usd,BRL/USD official exchange rate,market_repricing,bcb_sgs,daily,2017-07-14,3.1899,brl_per_usd
brl_usd,BRL/USD official exchange rate,market_repricing,bcb_sgs,daily,2017-07-17,3.1821,brl_per_usd
brl_usd,BRL/USD official exchange rate,market_repricing,bcb_sgs,daily,2017-07-18,3.1668,brl_per_usd
brl_usd,BRL/USD official exchange rate,market_repricing,bcb_sgs,daily,2017-07-19,3.1533,brl_per_usd
brl_usd,BRL/USD official exchange rate,market_repricing,bcb_sgs,daily,2017-07-20,3.1402,brl_per_usd
brl_usd,BRL/USD official exchange rate,market_repricing,bcb_sgs,daily,2017-07-21,3.1256,brl_per_usd
brl_usd,BRL/USD official exchange rate,market_repricing,bcb_sgs,daily,2017-07-24,3.1459,brl_per_usd
brl_usd,BRL/USD official exchange rate,market_repricing,bcb_sgs,daily,2017-07-25,3.1556,brl_per_usd
brl_usd,BRL/USD official exchange rate,market_repricing,bcb_sgs,daily,2017-07-26,3.1657,brl_per_usd
brl_usd,BRL/USD official exchange rate,market_repricing,bcb_sgs,daily,2017-07-27,3.1513,brl_per_usd
brl_usd,BRL/USD official exchange rate,market_repricing,bcb_sgs,daily,2017-07-28,3.1457,brl_per_usd
brl_usd,BRL/USD official exchange rate,market_repricing,bcb_sgs,daily,2017-07-31,3.1307,brl_per_usd
brl_usd,BRL/USD official exchange rate,market_repricing,bcb_sgs,daily,2017-08-01,3.1161,brl_per_usd
brl_usd,BRL/USD official exchange rate,market_repricing,bcb_sgs,daily,2017-08-02,3.1268,brl_per_usd
brl_usd,BRL/USD official exchange rate,market_repricing,bcb_sgs,daily,2017-08-03,3.1194,brl_per_usd
brl_usd,BRL/USD official exchange rate,market_repricing,bcb_sgs,daily,2017-08-04,3.1224,brl_per_usd
brl_usd,BRL/USD official exchange rate,market_repricing,bcb_sgs,daily,2017-08-07,3.1267,brl_per_usd
brl_usd,BRL/USD official exchange rate,market_repricing,bcb_sgs,daily,2017-08-08,3.132,brl_per_usd
brl_usd,BRL/USD official exchange rate,market_repricing,bcb_sgs,daily,2017-08-09,3.1464,brl_per_usd
brl_usd,BRL/USD official exchange rate,market_repricing,bcb_sgs,daily,2017-08-10,3.1543,brl_per_usd
brl_usd,BRL/USD official exchange rate,market_repricing,bcb_sgs,daily,2017-08-11,3.1695,brl_per_usd
brl_usd,BRL/USD official exchange rate,market_repricing,bcb_sgs,daily,2017-08-14,3.1888,brl_per_usd
brl_usd,BRL/USD official exchange rate,market_repricing,bcb_sgs,daily,2017-08-15,3.1976,brl_per_usd
brl_usd,BRL/USD official exchange rate,market_repricing,bcb_sgs,daily,2017-08-16,3.167,brl_per_usd
brl_usd,BRL/USD official exchange rate,market_repricing,bcb_sgs,daily,2017-08-17,3.1603,brl_per_usd
brl_usd,BRL/USD official exchange rate,market_repricing,bcb_sgs,daily,2017-08-18,3.1654,brl_per_usd
brl_usd,BRL/USD official exchange rate,market_repricing,bcb_sgs,daily,2017-08-21,3.1443,brl_per_usd
brl_usd,BRL/USD official exchange rate,market_repricing,bcb_sgs,daily,2017-08-22,3.1539,brl_per_usd
brl_usd,BRL/USD official exchange rate,market_repricing,bcb_sgs,daily,2017-08-23,3.1569,brl_per_usd
brl_usd,BRL/USD official exchange rate,market_repricing,bcb_sgs,daily,2017-08-24,3.1404,brl_per_usd
brl_usd,BRL/USD official exchange rate,market_repricing,bcb_sgs,daily,2017-08-25,3.1462,brl_per_usd
brl_usd,BRL/USD official exchange rate,market_repricing,bcb_sgs,daily,2017-08-28,3.1563,brl_per_usd
brl_usd,BRL/USD official exchange rate,market_repricing,bcb_sgs,daily,2017-08-29,3.1695,brl_per_usd
brl_usd,BRL/USD official exchange rate,market_repricing,bcb_sgs,daily,2017-08-30,3.1638,brl_per_usd
brl_usd,BRL/USD official exchange rate,market_repricing,bcb_sgs,daily,2017-08-31,3.1471,brl_per_usd
brl_usd,BRL/USD official exchange rate,market_repricing,bcb_sgs,daily,2017-09-01,3.1333,brl_per_usd
brl_usd,BRL/USD official exchange rate,market_repricing,bcb_sgs,daily,2017-09-04,3.1389,brl_per_usd
brl_usd,BRL/USD official exchange rate,market_repricing,bcb_sgs,daily,2017-09-05,3.1203,brl_per_usd
brl_usd,BRL/USD official exchange rate,market_repricing,bcb_sgs,daily,2017-09-06,3.1133,brl_per_usd
brl_usd,BRL/USD official exchange rate,market_repricing,bcb_sgs,daily,2017-09-08,3.0908,brl_per_usd
brl_usd,BRL/USD official exchange rate,market_repricing,bcb_sgs,daily,2017-09-11,3.0852,brl_per_usd
brl_usd,BRL/USD official exchange rate,market_repricing,bcb_sgs,daily,2017-09-12,3.1144,brl_per_usd
brl_usd,BRL/USD official exchange rate,market_repricing,bcb_sgs,daily,2017-09-13,3.1343,brl_per_usd
brl_usd,BRL/USD official exchange rate,market_repricing,bcb_sgs,daily,2017-09-14,3.1354,brl_per_usd
brl_usd,BRL/USD official exchange rate,market_repricing,bcb_sgs,daily,2017-09-15,3.1255,brl_per_usd
brl_usd,BRL/USD official exchange rate,market_repricing,bcb_sgs,daily,2017-09-18,3.1239,brl_per_usd
brl_usd,BRL/USD official exchange rate,market_repricing,bcb_sgs,daily,2017-09-19,3.1323,brl_per_usd
brl_usd,BRL/USD official exchange rate,market_repricing,bcb_sgs,daily,2017-09-20,3.1281,brl_per_usd
brl_usd,BRL/USD official exchange rate,market_repricing,bcb_sgs,daily,2017-09-21,3.1347,brl_per_usd
brl_usd,BRL/USD official exchange rate,market_repricing,bcb_sgs,daily,2017-09-22,3.1285,brl_per_usd
brl_usd,BRL/USD official exchange rate,market_repricing,bcb_sgs,daily,2017-09-25,3.1412,brl_per_usd
brl_usd,BRL/USD official exchange rate,market_repricing,bcb_sgs,daily,2017-09-26,3.1674,brl_per_usd
brl_usd,BRL/USD official exchange rate,market_repricing,bcb_sgs,daily,2017-09-27,3.1932,brl_per_usd
brl_usd,BRL/USD official exchange rate,market_repricing,bcb_sgs,daily,2017-09-28,3.1871,brl_per_usd
brl_usd,BRL/USD official exchange rate,market_repricing,bcb_sgs,daily,2017-09-29,3.168,brl_per_usd
brl_usd,BRL/USD official exchange rate,market_repricing,bcb_sgs,daily,2017-10-02,3.1642,brl_per_usd
brl_usd,BRL/USD official exchange rate,market_repricing,bcb_sgs,daily,2017-10-03,3.1502,brl_per_usd
brl_usd,BRL/USD official exchange rate,market_repricing,bcb_sgs,daily,2017-10-04,3.1315,brl_per_usd
brl_usd,BRL/USD official exchange rate,market_repricing,bcb_sgs,daily,2017-10-05,3.1347,brl_per_usd
brl_usd,BRL/USD official exchange rate,market_repricing,bcb_sgs,daily,2017-10-06,3.1648,brl_per_usd
brl_usd,BRL/USD official exchange rate,market_repricing,bcb_sgs,daily,2017-10-09,3.177,brl_per_usd
brl_usd,BRL/USD official exchange rate,market_repricing,bcb_sgs,daily,2017-10-10,3.1688,brl_per_usd
brl_usd,BRL/USD official exchange rate,market_repricing,bcb_sgs,daily,2017-10-11,3.1639,brl_per_usd
brl_usd,BRL/USD official exchange rate,market_repricing,bcb_sgs,daily,2017-10-13,3.1572,brl_per_usd
brl_usd,BRL/USD official exchange rate,market_repricing,bcb_sgs,daily,2017-10-16,3.1607,brl_per_usd
brl_usd,BRL/USD official exchange rate,market_repricing,bcb_sgs,daily,2017-10-17,3.1769,brl_per_usd
brl_usd,BRL/USD official exchange rate,market_repricing,bcb_sgs,daily,2017-10-18,3.1673,brl_per_usd
brl_usd,BRL/USD official exchange rate,market_repricing,bcb_sgs,daily,2017-10-19,3.1732,brl_per_usd
brl_usd,BRL/USD official exchange rate,market_repricing,bcb_sgs,daily,2017-10-20,3.1833,brl_per_usd
brl_usd,BRL/USD official exchange rate,market_repricing,bcb_sgs,daily,2017-10-23,3.2003,brl_per_usd
brl_usd,BRL/USD official exchange rate,market_repricing,bcb_sgs,daily,2017-10-24,3.247,brl_per_usd
brl_usd,BRL/USD official exchange rate,market_repricing,bcb_sgs,daily,2017-10-25,3.2387,brl_per_usd
brl_usd,BRL/USD official exchange rate,market_repricing,bcb_sgs,daily,2017-10-26,3.2444,brl_per_usd
brl_usd,BRL/USD official exchange rate,market_repricing,bcb_sgs,daily,2017-10-27,3.2801,brl_per_usd
brl_usd,BRL/USD official exchange rate,market_repricing,bcb_sgs,daily,2017-10-30,3.2547,brl_per_usd
brl_usd,BRL/USD official exchange rate,market_repricing,bcb_sgs,daily,2017-10-31,3.2769,brl_per_usd
brl_usd,BRL/USD official exchange rate,market_repricing,bcb_sgs,daily,2017-11-01,3.2736,brl_per_usd
brl_usd,BRL/USD official exchange rate,market_repricing,bcb_sgs,daily,2017-11-03,3.292,brl_per_usd
brl_usd,BRL/USD official exchange rate,market_repricing,bcb_sgs,daily,2017-11-06,3.2851,brl_per_usd
brl_usd,BRL/USD official exchange rate,market_repricing,bcb_sgs,daily,2017-11-07,3.2733,brl_per_usd
brl_usd,BRL/USD official exchange rate,market_repricing,bcb_sgs,daily,2017-11-08,3.2509,brl_per_usd
brl_usd,BRL/USD official exchange rate,market_repricing,bcb_sgs,daily,2017-11-09,3.2515,brl_per_usd
brl_usd,BRL/USD official exchange rate,market_repricing,bcb_sgs,daily,2017-11-10,3.2661,brl_per_usd
brl_usd,BRL/USD official exchange rate,market_repricing,bcb_sgs,daily,2017-11-13,3.2873,brl_per_usd
brl_usd,BRL/USD official exchange rate,market_repricing,bcb_sgs,daily,2017-11-14,3.2834,brl_per_usd
brl_usd,BRL/USD official exchange rate,market_repricing,bcb_sgs,daily,2017-11-16,3.2808,brl_per_usd
brl_usd,BRL/USD official exchange rate,market_repricing,bcb_sgs,daily,2017-11-17,3.2788,brl_per_usd
brl_usd,BRL/USD official exchange rate,market_repricing,bcb_sgs,daily,2017-11-20,3.2623,brl_per_usd
brl_usd,BRL/USD official exchange rate,market_repricing,bcb_sgs,daily,2017-11-21,3.2591,brl_per_usd
brl_usd,BRL/USD official exchange rate,market_repricing,bcb_sgs,daily,2017-11-22,3.2561,brl_per_usd
brl_usd,BRL/USD official exchange rate,market_repricing,bcb_sgs,daily,2017-11-23,3.2371,brl_per_usd
brl_usd,BRL/USD official exchange rate,market_repricing,bcb_sgs,daily,2017-11-24,3.23,brl_per_usd
brl_usd,BRL/USD official exchange rate,market_repricing,bcb_sgs,daily,2017-11-27,3.2218,brl_per_usd
brl_usd,BRL/USD official exchange rate,market_repricing,bcb_sgs,daily,2017-11-28,3.2232,brl_per_usd
brl_usd,BRL/USD official exchange rate,market_repricing,bcb_sgs,daily,2017-11-29,3.2136,brl_per_usd
brl_usd,BRL/USD official exchange rate,market_repricing,bcb_sgs,daily,2017-11-30,3.2616,brl_per_usd
brl_usd,BRL/USD official exchange rate,market_repricing,bcb_sgs,daily,2017-12-01,3.2636,brl_per_usd
brl_usd,BRL/USD official exchange rate,market_repricing,bcb_sgs,daily,2017-12-04,3.2506,brl_per_usd
brl_usd,BRL/USD official exchange rate,market_repricing,bcb_sgs,daily,2017-12-05,3.2322,brl_per_usd
brl_usd,BRL/USD official exchange rate,market_repricing,bcb_sgs,daily,2017-12-06,3.2354,brl_per_usd
brl_usd,BRL/USD official exchange rate,market_repricing,bcb_sgs,daily,2017-12-07,3.2892,brl_per_usd
brl_usd,BRL/USD official exchange rate,market_repricing,bcb_sgs,daily,2017-12-08,3.2811,brl_per_usd
brl_usd,BRL/USD official exchange rate,market_repricing,bcb_sgs,daily,2017-12-11,3.2845,brl_per_usd
brl_usd,BRL/USD official exchange rate,market_repricing,bcb_sgs,daily,2017-12-12,3.3149,brl_per_usd
brl_usd,BRL/USD official exchange rate,market_repricing,bcb_sgs,daily,2017-12-13,3.3036,brl_per_usd
brl_usd,BRL/USD official exchange rate,market_repricing,bcb_sgs,daily,2017-12-14,3.3332,brl_per_usd
brl_usd,BRL/USD official exchange rate,market_repricing,bcb_sgs,daily,2017-12-15,3.3182,brl_per_usd
brl_usd,BRL/USD official exchange rate,market_repricing,bcb_sgs,daily,2017-12-18,3.2881,brl_per_usd
brl_usd,BRL/USD official exchange rate,market_repricing,bcb_sgs,daily,2017-12-19,3.2883,brl_per_usd
brl_usd,BRL/USD official exchange rate,market_repricing,bcb_sgs,daily,2017-12-20,3.2909,brl_per_usd
brl_usd,BRL/USD official exchange rate,market_repricing,bcb_sgs,daily,2017-12-21,3.3045,brl_per_usd
brl_usd,BRL/USD official exchange rate,market_repricing,bcb_sgs,daily,2017-12-22,3.3209,brl_per_usd
brl_usd,BRL/USD official exchange rate,market_repricing,bcb_sgs,daily,2017-12-26,3.32,brl_per_usd
brl_usd,BRL/USD official exchange rate,market_repricing,bcb_sgs,daily,2017-12-27,3.3031,brl_per_usd
brl_usd,BRL/USD official exchange rate,market_repricing,bcb_sgs,daily,2017-12-28,3.308,brl_per_usd
brl_usd,BRL/USD official exchange rate,market_repricing,bcb_sgs,daily,2017-12-29,3.308,brl_per_usd
brl_usd,BRL/USD official exchange rate,market_repricing,bcb_sgs,daily,2018-01-02,3.2697,brl_per_usd
brl_usd,BRL/USD official exchange rate,market_repricing,bcb_sgs,daily,2018-01-03,3.2535,brl_per_usd
brl_usd,BRL/USD official exchange rate,market_repricing,bcb_sgs,daily,2018-01-04,3.2318,brl_per_usd
brl_usd,BRL/USD official exchange rate,market_repricing,bcb_sgs,daily,2018-01-05,3.2409,brl_per_usd
brl_usd,BRL/USD official exchange rate,market_repricing,bcb_sgs,daily,2018-01-08,3.2357,brl_per_usd
brl_usd,BRL/USD official exchange rate,market_repricing,bcb_sgs,daily,2018-01-09,3.2397,brl_per_usd
brl_usd,BRL/USD official exchange rate,market_repricing,bcb_sgs,daily,2018-01-10,3.2467,brl_per_usd
brl_usd,BRL/USD official exchange rate,market_repricing,bcb_sgs,daily,2018-01-11,3.2301,brl_per_usd
brl_usd,BRL/USD official exchange rate,market_repricing,bcb_sgs,daily,2018-01-12,3.2197,brl_per_usd
brl_usd,BRL/USD official exchange rate,market_repricing,bcb_sgs,daily,2018-01-15,3.1963,brl_per_usd
brl_usd,BRL/USD official exchange rate,market_repricing,bcb_sgs,daily,2018-01-16,3.2219,brl_per_usd
brl_usd,BRL/USD official exchange rate,market_repricing,bcb_sgs,daily,2018-01-17,3.2324,brl_per_usd
brl_usd,BRL/USD official exchange rate,market_repricing,bcb_sgs,daily,2018-01-18,3.2129,brl_per_usd
brl_usd,BRL/USD official exchange rate,market_repricing,bcb_sgs,daily,2018-01-19,3.2087,brl_per_usd
brl_usd,BRL/USD official exchange rate,market_repricing,bcb_sgs,daily,2018-01-22,3.1934,brl_per_usd
brl_usd,BRL/USD official exchange rate,market_repricing,bcb_sgs,daily,2018-01-23,3.2249,brl_per_usd
brl_usd,BRL/USD official exchange rate,market_repricing,bcb_sgs,daily,2018-01-24,3.197,brl_per_usd
brl_usd,BRL/USD official exchange rate,market_repricing,bcb_sgs,daily,2018-01-25,3.1391,brl_per_usd
brl_usd,BRL/USD official exchange rate,market_repricing,bcb_sgs,daily,2018-01-26,3.145,brl_per_usd
brl_usd,BRL/USD official exchange rate,market_repricing,bcb_sgs,daily,2018-01-29,3.1655,brl_per_usd
brl_usd,BRL/USD official exchange rate,market_repricing,bcb_sgs,daily,2018-01-30,3.1661,brl_per_usd
brl_usd,BRL/USD official exchange rate,market_repricing,bcb_sgs,daily,2018-01-31,3.1624,brl_per_usd
brl_usd,BRL/USD official exchange rate,market_repricing,bcb_sgs,daily,2018-02-01,3.173,brl_per_usd
brl_usd,BRL/USD official exchange rate,market_repricing,bcb_sgs,daily,2018-02-02,3.206,brl_per_usd
brl_usd,BRL/USD official exchange rate,market_repricing,bcb_sgs,daily,2018-02-05,3.2355,brl_per_usd
brl_usd,BRL/USD official exchange rate,market_repricing,bcb_sgs,daily,2018-02-06,3.2613,brl_per_usd
brl_usd,BRL/USD official exchange rate,market_repricing,bcb_sgs,daily,2018-02-07,3.2467,brl_per_usd
brl_usd,BRL/USD official exchange rate,market_repricing,bcb_sgs,daily,2018-02-08,3.2692,brl_per_usd
brl_usd,BRL/USD official exchange rate,market_repricing,bcb_sgs,daily,2018-02-09,3.2821,brl_per_usd
brl_usd,BRL/USD official exchange rate,market_repricing,bcb_sgs,daily,2018-02-14,3.2536,brl_per_usd
brl_usd,BRL/USD official exchange rate,market_repricing,bcb_sgs,daily,2018-02-15,3.2208,brl_per_usd
brl_usd,BRL/USD official exchange rate,market_repricing,bcb_sgs,daily,2018-02-16,3.2381,brl_per_usd
brl_usd,BRL/USD official exchange rate,market_repricing,bcb_sgs,daily,2018-02-19,3.2347,brl_per_usd
brl_usd,BRL/USD official exchange rate,market_repricing,bcb_sgs,daily,2018-02-20,3.2507,brl_per_usd
brl_usd,BRL/USD official exchange rate,market_repricing,bcb_sgs,daily,2018-02-21,3.2555,brl_per_usd
brl_usd,BRL/USD official exchange rate,market_repricing,bcb_sgs,daily,2018-02-22,3.2598,brl_per_usd
brl_usd,BRL/USD official exchange rate,market_repricing,bcb_sgs,daily,2018-02-23,3.2417,brl_per_usd
brl_usd,BRL/USD official exchange rate,market_repricing,bcb_sgs,daily,2018-02-26,3.2351,brl_per_usd
brl_usd,BRL/USD official exchange rate,market_repricing,bcb_sgs,daily,2018-02-27,3.2383,brl_per_usd
brl_usd,BRL/USD official exchange rate,market_repricing,bcb_sgs,daily,2018-02-28,3.2449,brl_per_usd
brl_usd,BRL/USD official exchange rate,market_repricing,bcb_sgs,daily,2018-03-01,3.262,brl_per_usd
brl_usd,BRL/USD official exchange rate,market_repricing,bcb_sgs,daily,2018-03-02,3.2614,brl_per_usd
brl_usd,BRL/USD official exchange rate,market_repricing,bcb_sgs,daily,2018-03-05,3.2582,brl_per_usd
brl_usd,BRL/USD official exchange rate,market_repricing,bcb_sgs,daily,2018-03-06,3.2246,brl_per_usd
brl_usd,BRL/USD official exchange rate,market_repricing,bcb_sgs,daily,2018-03-07,3.2318,brl_per_usd
brl_usd,BRL/USD official exchange rate,market_repricing,bcb_sgs,daily,2018-03-08,3.2518,brl_per_usd
brl_usd,BRL/USD official exchange rate,market_repricing,bcb_sgs,daily,2018-03-09,3.2496,brl_per_usd
brl_usd,BRL/USD official exchange rate,market_repricing,bcb_sgs,daily,2018-03-12,3.2606,brl_per_usd
brl_usd,BRL/USD official exchange rate,market_repricing,bcb_sgs,daily,2018-03-13,3.2492,brl_per_usd
brl_usd,BRL/USD official exchange rate,market_repricing,bcb_sgs,daily,2018-03-14,3.2584,brl_per_usd
brl_usd,BRL/USD official exchange rate,market_repricing,bcb_sgs,daily,2018-03-15,3.2859,brl_per_usd
brl_usd,BRL/USD official exchange rate,market_repricing,bcb_sgs,daily,2018-03-16,3.2905,brl_per_usd
brl_usd,BRL/USD official exchange rate,market_repricing,bcb_sgs,daily,2018-03-19,3.2911,brl_per_usd
brl_usd,BRL/USD official exchange rate,market_repricing,bcb_sgs,daily,2018-03-20,3.2981,brl_per_usd
brl_usd,BRL/USD official exchange rate,market_repricing,bcb_sgs,daily,2018-03-21,3.2921,brl_per_usd
brl_usd,BRL/USD official exchange rate,market_repricing,bcb_sgs,daily,2018-03-22,3.3033,brl_per_usd
brl_usd,BRL/USD official exchange rate,market_repricing,bcb_sgs,daily,2018-03-23,3.3041,brl_per_usd
brl_usd,BRL/USD official exchange rate,market_repricing,bcb_sgs,daily,2018-03-26,3.3034,brl_per_usd
brl_usd,BRL/USD official exchange rate,market_repricing,bcb_sgs,daily,2018-03-27,3.3256,brl_per_usd
brl_usd,BRL/USD official exchange rate,market_repricing,bcb_sgs,daily,2018-03-28,3.338,brl_per_usd
brl_usd,BRL/USD official exchange rate,market_repricing,bcb_sgs,daily,2018-03-29,3.3238,brl_per_usd
brl_usd,BRL/USD official exchange rate,market_repricing,bcb_sgs,daily,2018-04-02,3.3104,brl_per_usd
brl_usd,BRL/USD official exchange rate,market_repricing,bcb_sgs,daily,2018-04-03,3.3139,brl_per_usd
brl_usd,BRL/USD official exchange rate,market_repricing,bcb_sgs,daily,2018-04-04,3.3538,brl_per_usd
brl_usd,BRL/USD official exchange rate,market_repricing,bcb_sgs,daily,2018-04-05,3.3196,brl_per_usd
brl_usd,BRL/USD official exchange rate,market_repricing,bcb_sgs,daily,2018-04-06,3.3666,brl_per_usd
brl_usd,BRL/USD official exchange rate,market_repricing,bcb_sgs,daily,2018-04-09,3.3903,brl_per_usd
brl_usd,BRL/USD official exchange rate,market_repricing,bcb_sgs,daily,2018-04-10,3.4195,brl_per_usd
brl_usd,BRL/USD official exchange rate,market_repricing,bcb_sgs,daily,2018-04-11,3.4052,brl_per_usd
brl_usd,BRL/USD official exchange rate,market_repricing,bcb_sgs,daily,2018-04-12,3.3858,brl_per_usd
brl_usd,BRL/USD official exchange rate,market_repricing,bcb_sgs,daily,2018-04-13,3.4105,brl_per_usd
brl_usd,BRL/USD official exchange rate,market_repricing,bcb_sgs,daily,2018-04-16,3.4263,brl_per_usd
brl_usd,BRL/USD official exchange rate,market_repricing,bcb_sgs,daily,2018-04-17,3.4041,brl_per_usd
brl_usd,BRL/USD official exchange rate,market_repricing,bcb_sgs,daily,2018-04-18,3.3844,brl_per_usd
brl_usd,BRL/USD official exchange rate,market_repricing,bcb_sgs,daily,2018-04-19,3.3977,brl_per_usd
brl_usd,BRL/USD official exchange rate,market_repricing,bcb_sgs,daily,2018-04-20,3.4101,brl_per_usd
brl_usd,BRL/USD official exchange rate,market_repricing,bcb_sgs,daily,2018-04-23,3.4421,brl_per_usd
brl_usd,BRL/USD official exchange rate,market_repricing,bcb_sgs,daily,2018-04-24,3.4667,brl_per_usd
brl_usd,BRL/USD official exchange rate,market_repricing,bcb_sgs,daily,2018-04-25,3.504,brl_per_usd
brl_usd,BRL/USD official exchange rate,market_repricing,bcb_sgs,daily,2018-04-26,3.4977,brl_per_usd
brl_usd,BRL/USD official exchange rate,market_repricing,bcb_sgs,daily,2018-04-27,3.4676,brl_per_usd
brl_usd,BRL/USD official exchange rate,market_repricing,bcb_sgs,daily,2018-04-30,3.4811,brl_per_usd
brl_usd,BRL/USD official exchange rate,market_repricing,bcb_sgs,daily,2018-05-02,3.5424,brl_per_usd
brl_usd,BRL/USD official exchange rate,market_repricing,bcb_sgs,daily,2018-05-03,3.5484,brl_per_usd
brl_usd,BRL/USD official exchange rate,market_repricing,bcb_sgs,daily,2018-05-04,3.5308,brl_per_usd
brl_usd,BRL/USD official exchange rate,market_repricing,bcb_sgs,daily,2018-05-07,3.5458,brl_per_usd
brl_usd,BRL/USD official exchange rate,market_repricing,bcb_sgs,daily,2018-05-08,3.5788,brl_per_usd
brl_usd,BRL/USD official exchange rate,market_repricing,bcb_sgs,daily,2018-05-09,3.5943,brl_per_usd
brl_usd,BRL/USD official exchange rate,market_repricing,bcb_sgs,daily,2018-05-10,3.5566,brl_per_usd
brl_usd,BRL/USD official exchange rate,market_repricing,bcb_sgs,daily,2018-05-11,3.5716,brl_per_usd
brl_usd,BRL/USD official exchange rate,market_repricing,bcb_sgs,daily,2018-05-14,3.6097,brl_per_usd
brl_usd,BRL/USD official exchange rate,market_repricing,bcb_sgs,daily,2018-05-15,3.6753,brl_per_usd
brl_usd,BRL/USD official exchange rate,market_repricing,bcb_sgs,daily,2018-05-16,3.6803,brl_per_usd
brl_usd,BRL/USD official exchange rate,market_repricing,bcb_sgs,daily,2018-05-17,3.6874,brl_per_usd
brl_usd,BRL/USD official exchange rate,market_repricing,bcb_sgs,daily,2018-05-18,3.7503,brl_per_usd
brl_usd,BRL/USD official exchange rate,market_repricing,bcb_sgs,daily,2018-05-21,3.7072,brl_per_usd
brl_usd,BRL/USD official exchange rate,market_repricing,bcb_sgs,daily,2018-05-22,3.6502,brl_per_usd
brl_usd,BRL/USD official exchange rate,market_repricing,bcb_sgs,daily,2018-05-23,3.6507,brl_per_usd
brl_usd,BRL/USD official exchange rate,market_repricing,bcb_sgs,daily,2018-05-24,3.6436,brl_per_usd
brl_usd,BRL/USD official exchange rate,market_repricing,bcb_sgs,daily,2018-05-25,3.6587,brl_per_usd
brl_usd,BRL/USD official exchange rate,market_repricing,bcb_sgs,daily,2018-05-28,3.7092,brl_per_usd
brl_usd,BRL/USD official exchange rate,market_repricing,bcb_sgs,daily,2018-05-29,3.7289,brl_per_usd
brl_usd,BRL/USD official exchange rate,market_repricing,bcb_sgs,daily,2018-05-30,3.737,brl_per_usd
brl_usd,BRL/USD official exchange rate,market_repricing,bcb_sgs,daily,2018-06-01,3.7413,brl_per_usd
brl_usd,BRL/USD official exchange rate,market_repricing,bcb_sgs,daily,2018-06-04,3.7424,brl_per_usd
brl_usd,BRL/USD official exchange rate,market_repricing,bcb_sgs,daily,2018-06-05,3.7752,brl_per_usd
brl_usd,BRL/USD official exchange rate,market_repricing,bcb_sgs,daily,2018-06-06,3.8193,brl_per_usd
brl_usd,BRL/USD official exchange rate,market_repricing,bcb_sgs,daily,2018-06-07,3.9,brl_per_usd
brl_usd,BRL/USD official exchange rate,market_repricing,bcb_sgs,daily,2018-06-08,3.7859,brl_per_usd
brl_usd,BRL/USD official exchange rate,market_repricing,bcb_sgs,daily,2018-06-11,3.6913,brl_per_usd
brl_usd,BRL/USD official exchange rate,market_repricing,bcb_sgs,daily,2018-06-12,3.7044,brl_per_usd
brl_usd,BRL/USD official exchange rate,market_repricing,bcb_sgs,daily,2018-06-13,3.7054,brl_per_usd
brl_usd,BRL/USD official exchange rate,market_repricing,bcb_sgs,daily,2018-06-14,3.7057,brl_per_usd
brl_usd,BRL/USD official exchange rate,market_repricing,bcb_sgs,daily,2018-06-15,3.7738,brl_per_usd
brl_usd,BRL/USD official exchange rate,market_repricing,bcb_sgs,daily,2018-06-18,3.7543,brl_per_usd
brl_usd,BRL/USD official exchange rate,market_repricing,bcb_sgs,daily,2018-06-19,3.7566,brl_per_usd
brl_usd,BRL/USD official exchange rate,market_repricing,bcb_sgs,daily,2018-06-20,3.7335,brl_per_usd
brl_usd,BRL/USD official exchange rate,market_repricing,bcb_sgs,daily,2018-06-21,3.7894,brl_per_usd
brl_usd,BRL/USD official exchange rate,market_repricing,bcb_sgs,daily,2018-06-22,3.7663,brl_per_usd
brl_usd,BRL/USD official exchange rate,market_repricing,bcb_sgs,daily,2018-06-25,3.776,brl_per_usd
brl_usd,BRL/USD official exchange rate,market_repricing,bcb_sgs,daily,2018-06-26,3.7721,brl_per_usd
brl_usd,BRL/USD official exchange rate,market_repricing,bcb_sgs,daily,2018-06-27,3.8358,brl_per_usd
brl_usd,BRL/USD official exchange rate,market_repricing,bcb_sgs,daily,2018-06-28,3.8521,brl_per_usd
brl_usd,BRL/USD official exchange rate,market_repricing,bcb_sgs,daily,2018-06-29,3.8558,brl_per_usd
brl_usd,BRL/USD official exchange rate,market_repricing,bcb_sgs,daily,2018-07-02,3.9055,brl_per_usd
brl_usd,BRL/USD official exchange rate,market_repricing,bcb_sgs,daily,2018-07-03,3.892,brl_per_usd
brl_usd,BRL/USD official exchange rate,market_repricing,bcb_sgs,daily,2018-07-04,3.9058,brl_per_usd
brl_usd,BRL/USD official exchange rate,market_repricing,bcb_sgs,daily,2018-07-05,3.9192,brl_per_usd
brl_usd,BRL/USD official exchange rate,market_repricing,bcb_sgs,daily,2018-07-06,3.9264,brl_per_usd
brl_usd,BRL/USD official exchange rate,market_repricing,bcb_sgs,daily,2018-07-09,3.8692,brl_per_usd
brl_usd,BRL/USD official exchange rate,market_repricing,bcb_sgs,daily,2018-07-10,3.8452,brl_per_usd
brl_usd,BRL/USD official exchange rate,market_repricing,bcb_sgs,daily,2018-07-11,3.8417,brl_per_usd
brl_usd,BRL/USD official exchange rate,market_repricing,bcb_sgs,daily,2018-07-12,3.8564,brl_per_usd
brl_usd,BRL/USD official exchange rate,market_repricing,bcb_sgs,daily,2018-07-13,3.8745,brl_per_usd
brl_usd,BRL/USD official exchange rate,market_repricing,bcb_sgs,daily,2018-07-16,3.8579,brl_per_usd
brl_usd,BRL/USD official exchange rate,market_repricing,bcb_sgs,daily,2018-07-17,3.8671,brl_per_usd
brl_usd,BRL/USD official exchange rate,market_repricing,bcb_sgs,daily,2018-07-18,3.8474,brl_per_usd
brl_usd,BRL/USD official exchange rate,market_repricing,bcb_sgs,daily,2018-07-19,3.8847,brl_per_usd
brl_usd,BRL/USD official exchange rate,market_repricing,bcb_sgs,daily,2018-07-20,3.7793,brl_per_usd
brl_usd,BRL/USD official exchange rate,market_repricing,bcb_sgs,daily,2018-07-23,3.7915,brl_per_usd
brl_usd,BRL/USD official exchange rate,market_repricing,bcb_sgs,daily,2018-07-24,3.7459,brl_per_usd
brl_usd,BRL/USD official exchange rate,market_repricing,bcb_sgs,daily,2018-07-25,3.712,brl_per_usd
brl_usd,BRL/USD official exchange rate,market_repricing,bcb_sgs,daily,2018-07-26,3.7243,brl_per_usd
brl_usd,BRL/USD official exchange rate,market_repricing,bcb_sgs,daily,2018-07-27,3.7164,brl_per_usd
brl_usd,BRL/USD official exchange rate,market_repricing,bcb_sgs,daily,2018-07-30,3.7155,brl_per_usd
brl_usd,BRL/USD official exchange rate,market_repricing,bcb_sgs,daily,2018-07-31,3.7549,brl_per_usd
brl_usd,BRL/USD official exchange rate,market_repricing,bcb_sgs,daily,2018-08-01,3.7491,brl_per_usd
brl_usd,BRL/USD official exchange rate,market_repricing,bcb_sgs,daily,2018-08-02,3.7645,brl_per_usd
brl_usd,BRL/USD official exchange rate,market_repricing,bcb_sgs,daily,2018-08-03,3.7201,brl_per_usd
brl_usd,BRL/USD official exchange rate,market_repricing,bcb_sgs,daily,2018-08-06,3.7214,brl_per_usd
brl_usd,BRL/USD official exchange rate,market_repricing,bcb_sgs,daily,2018-08-07,3.7118,brl_per_usd
brl_usd,BRL/USD official exchange rate,market_repricing,bcb_sgs,daily,2018-08-08,3.7519,brl_per_usd
brl_usd,BRL/USD official exchange rate,market_repricing,bcb_sgs,daily,2018-08-09,3.803,brl_per_usd
brl_usd,BRL/USD official exchange rate,market_repricing,bcb_sgs,daily,2018-08-10,3.8472,brl_per_usd
brl_usd,BRL/USD official exchange rate,market_repricing,bcb_sgs,daily,2018-08-13,3.8988,brl_per_usd
brl_usd,BRL/USD official exchange rate,market_repricing,bcb_sgs,daily,2018-08-14,3.8812,brl_per_usd
brl_usd,BRL/USD official exchange rate,market_repricing,bcb_sgs,daily,2018-08-15,3.9134,brl_per_usd
brl_usd,BRL/USD official exchange rate,market_repricing,bcb_sgs,daily,2018-08-16,3.881,brl_per_usd
brl_usd,BRL/USD official exchange rate,market_repricing,bcb_sgs,daily,2018-08-17,3.9389,brl_per_usd
brl_usd,BRL/USD official exchange rate,market_repricing,bcb_sgs,daily,2018-08-20,3.943,brl_per_usd
brl_usd,BRL/USD official exchange rate,market_repricing,bcb_sgs,daily,2018-08-21,3.9873,brl_per_usd
brl_usd,BRL/USD official exchange rate,market_repricing,bcb_sgs,daily,2018-08-22,4.074,brl_per_usd
brl_usd,BRL/USD official exchange rate,market_repricing,bcb_sgs,daily,2018-08-23,4.0727,brl_per_usd
brl_usd,BRL/USD official exchange rate,market_repricing,bcb_sgs,daily,2018-08-24,4.0854,brl_per_usd
brl_usd,BRL/USD official exchange rate,market_repricing,bcb_sgs,daily,2018-08-27,4.0687,brl_per_usd
brl_usd,BRL/USD official exchange rate,market_repricing,bcb_sgs,daily,2018-08-28,4.1192,brl_per_usd
brl_usd,BRL/USD official exchange rate,market_repricing,bcb_sgs,daily,2018-08-29,4.1353,brl_per_usd
brl_usd,BRL/USD official exchange rate,market_repricing,bcb_sgs,daily,2018-08-30,4.1812,brl_per_usd
brl_usd,BRL/USD official exchange rate,market_repricing,bcb_sgs,daily,2018-08-31,4.1353,brl_per_usd
brl_usd,BRL/USD official exchange rate,market_repricing,bcb_sgs,daily,2018-09-03,4.1279,brl_per_usd
brl_usd,BRL/USD official exchange rate,market_repricing,bcb_sgs,daily,2018-09-04,4.1652,brl_per_usd
brl_usd,BRL/USD official exchange rate,market_repricing,bcb_sgs,daily,2018-09-05,4.1609,brl_per_usd
brl_usd,BRL/USD official exchange rate,market_repricing,bcb_sgs,daily,2018-09-06,4.146,brl_per_usd
brl_usd,BRL/USD official exchange rate,market_repricing,bcb_sgs,daily,2018-09-10,4.1007,brl_per_usd
brl_usd,BRL/USD official exchange rate,market_repricing,bcb_sgs,daily,2018-09-11,4.1641,brl_per_usd
brl_usd,BRL/USD official exchange rate,market_repricing,bcb_sgs,daily,2018-09-12,4.1259,brl_per_usd
brl_usd,BRL/USD official exchange rate,market_repricing,bcb_sgs,daily,2018-09-13,4.1637,brl_per_usd
brl_usd,BRL/USD official exchange rate,market_repricing,bcb_sgs,daily,2018-09-14,4.1879,brl_per_usd
brl_usd,BRL/USD official exchange rate,market_repricing,bcb_sgs,daily,2018-09-17,4.1695,brl_per_usd
brl_usd,BRL/USD official exchange rate,market_repricing,bcb_sgs,daily,2018-09-18,4.1369,brl_per_usd
brl_usd,BRL/USD official exchange rate,market_repricing,bcb_sgs,daily,2018-09-19,4.1351,brl_per_usd
brl_usd,BRL/USD official exchange rate,market_repricing,bcb_sgs,daily,2018-09-20,4.0997,brl_per_usd
brl_usd,BRL/USD official exchange rate,market_repricing,bcb_sgs,daily,2018-09-21,4.0728,brl_per_usd
brl_usd,BRL/USD official exchange rate,market_repricing,bcb_sgs,daily,2018-09-24,4.0594,brl_per_usd
brl_usd,BRL/USD official exchange rate,market_repricing,bcb_sgs,daily,2018-09-25,4.1286,brl_per_usd
brl_usd,BRL/USD official exchange rate,market_repricing,bcb_sgs,daily,2018-09-26,4.057,brl_per_usd
brl_usd,BRL/USD official exchange rate,market_repricing,bcb_sgs,daily,2018-09-27,4.0092,brl_per_usd
brl_usd,BRL/USD official exchange rate,market_repricing,bcb_sgs,daily,2018-09-28,4.0039,brl_per_usd
brl_usd,BRL/USD official exchange rate,market_repricing,bcb_sgs,daily,2018-10-01,4.0273,brl_per_usd
brl_usd,BRL/USD official exchange rate,market_repricing,bcb_sgs,daily,2018-10-02,3.9505,brl_per_usd
brl_usd,BRL/USD official exchange rate,market_repricing,bcb_sgs,daily,2018-10-03,3.8542,brl_per_usd
brl_usd,BRL/USD official exchange rate,market_repricing,bcb_sgs,daily,2018-10-04,3.9047,brl_per_usd
brl_usd,BRL/USD official exchange rate,market_repricing,bcb_sgs,daily,2018-10-05,3.8699,brl_per_usd
brl_usd,BRL/USD official exchange rate,market_repricing,bcb_sgs,daily,2018-10-08,3.7588,brl_per_usd
brl_usd,BRL/USD official exchange rate,market_repricing,bcb_sgs,daily,2018-10-09,3.7391,brl_per_usd
brl_usd,BRL/USD official exchange rate,market_repricing,bcb_sgs,daily,2018-10-10,3.751,brl_per_usd
brl_usd,BRL/USD official exchange rate,market_repricing,bcb_sgs,daily,2018-10-11,3.746,brl_per_usd
brl_usd,BRL/USD official exchange rate,market_repricing,bcb_sgs,daily,2018-10-15,3.7332,brl_per_usd
brl_usd,BRL/USD official exchange rate,market_repricing,bcb_sgs,daily,2018-10-16,3.7079,brl_per_usd
brl_usd,BRL/USD official exchange rate,market_repricing,bcb_sgs,daily,2018-10-17,3.7008,brl_per_usd
brl_usd,BRL/USD official exchange rate,market_repricing,bcb_sgs,daily,2018-10-18,3.6963,brl_per_usd
brl_usd,BRL/USD official exchange rate,market_repricing,bcb_sgs,daily,2018-10-19,3.7079,brl_per_usd
brl_usd,BRL/USD official exchange rate,market_repricing,bcb_sgs,daily,2018-10-22,3.6903,brl_per_usd
brl_usd,BRL/USD official exchange rate,market_repricing,bcb_sgs,daily,2018-10-23,3.708,brl_per_usd
brl_usd,BRL/USD official exchange rate,market_repricing,bcb_sgs,daily,2018-10-24,3.706,brl_per_usd
brl_usd,BRL/USD official exchange rate,market_repricing,bcb_sgs,daily,2018-10-25,3.7014,brl_per_usd
brl_usd,BRL/USD official exchange rate,market_repricing,bcb_sgs,daily,2018-10-26,3.6753,brl_per_usd
brl_usd,BRL/USD official exchange rate,market_repricing,bcb_sgs,daily,2018-10-29,3.6368,brl_per_usd
brl_usd,BRL/USD official exchange rate,market_repricing,bcb_sgs,daily,2018-10-30,3.7019,brl_per_usd
brl_usd,BRL/USD official exchange rate,market_repricing,bcb_sgs,daily,2018-10-31,3.7177,brl_per_usd
brl_usd,BRL/USD official exchange rate,market_repricing,bcb_sgs,daily,2018-11-01,3.6973,brl_per_usd
brl_usd,BRL/USD official exchange rate,market_repricing,bcb_sgs,daily,2018-11-05,3.7048,brl_per_usd
brl_usd,BRL/USD official exchange rate,market_repricing,bcb_sgs,daily,2018-11-06,3.7492,brl_per_usd
brl_usd,BRL/USD official exchange rate,market_repricing,bcb_sgs,daily,2018-11-07,3.7592,brl_per_usd
brl_usd,BRL/USD official exchange rate,market_repricing,bcb_sgs,daily,2018-11-08,3.7391,brl_per_usd
brl_usd,BRL/USD official exchange rate,market_repricing,bcb_sgs,daily,2018-11-09,3.7506,brl_per_usd
brl_usd,BRL/USD official exchange rate,market_repricing,bcb_sgs,daily,2018-11-12,3.7478,brl_per_usd
brl_usd,BRL/USD official exchange rate,market_repricing,bcb_sgs,daily,2018-11-13,3.7792,brl_per_usd
brl_usd,BRL/USD official exchange rate,market_repricing,bcb_sgs,daily,2018-11-14,3.7924,brl_per_usd
brl_usd,BRL/USD official exchange rate,market_repricing,bcb_sgs,daily,2018-11-16,3.7525,brl_per_usd
brl_usd,BRL/USD official exchange rate,market_repricing,bcb_sgs,daily,2018-11-19,3.7553,brl_per_usd
brl_usd,BRL/USD official exchange rate,market_repricing,bcb_sgs,daily,2018-11-20,3.7591,brl_per_usd
brl_usd,BRL/USD official exchange rate,market_repricing,bcb_sgs,daily,2018-11-21,3.7872,brl_per_usd
brl_usd,BRL/USD official exchange rate,market_repricing,bcb_sgs,daily,2018-11-22,3.8103,brl_per_usd
brl_usd,BRL/USD official exchange rate,market_repricing,bcb_sgs,daily,2018-11-23,3.8081,brl_per_usd
brl_usd,BRL/USD official exchange rate,market_repricing,bcb_sgs,daily,2018-11-26,3.8655,brl_per_usd
brl_usd,BRL/USD official exchange rate,market_repricing,bcb_sgs,daily,2018-11-27,3.8925,brl_per_usd
brl_usd,BRL/USD official exchange rate,market_repricing,bcb_sgs,daily,2018-11-28,3.8631,brl_per_usd
brl_usd,BRL/USD official exchange rate,market_repricing,bcb_sgs,daily,2018-11-29,3.8568,brl_per_usd
brl_usd,BRL/USD official exchange rate,market_repricing,bcb_sgs,daily,2018-11-30,3.8633,brl_per_usd
brl_usd,BRL/USD official exchange rate,market_repricing,bcb_sgs,daily,2018-12-03,3.8285,brl_per_usd
brl_usd,BRL/USD official exchange rate,market_repricing,bcb_sgs,daily,2018-12-04,3.8313,brl_per_usd
brl_usd,BRL/USD official exchange rate,market_repricing,bcb_sgs,daily,2018-12-05,3.8561,brl_per_usd
brl_usd,BRL/USD official exchange rate,market_repricing,bcb_sgs,daily,2018-12-06,3.9178,brl_per_usd
brl_usd,BRL/USD official exchange rate,market_repricing,bcb_sgs,daily,2018-12-07,3.8964,brl_per_usd
brl_usd,BRL/USD official exchange rate,market_repricing,bcb_sgs,daily,2018-12-10,3.911,brl_per_usd
brl_usd,BRL/USD official exchange rate,market_repricing,bcb_sgs,daily,2018-12-11,3.9013,brl_per_usd
brl_usd,BRL/USD official exchange rate,market_repricing,bcb_sgs,daily,2018-12-12,3.8629,brl_per_usd
brl_usd,BRL/USD official exchange rate,market_repricing,bcb_sgs,daily,2018-12-13,3.879,brl_per_usd
brl_usd,BRL/USD official exchange rate,market_repricing,bcb_sgs,daily,2018-12-14,3.909,brl_per_usd
brl_usd,BRL/USD official exchange rate,market_repricing,bcb_sgs,daily,2018-12-17,3.9121,brl_per_usd
brl_usd,BRL/USD official exchange rate,market_repricing,bcb_sgs,daily,2018-12-18,3.8997,brl_per_usd
brl_usd,BRL/USD official exchange rate,market_repricing,bcb_sgs,daily,2018-12-19,3.8907,brl_per_usd
brl_usd,BRL/USD official exchange rate,market_repricing,bcb_sgs,daily,2018-12-20,3.8443,brl_per_usd
brl_usd,BRL/USD official exchange rate,market_repricing,bcb_sgs,daily,2018-12-21,3.8671,brl_per_usd
brl_usd,BRL/USD official exchange rate,market_repricing,bcb_sgs,daily,2018-12-24,3.8855,brl_per_usd
brl_usd,BRL/USD official exchange rate,market_repricing,bcb_sgs,daily,2018-12-26,3.9258,brl_per_usd
brl_usd,BRL/USD official exchange rate,market_repricing,bcb_sgs,daily,2018-12-27,3.933,brl_per_usd
brl_usd,BRL/USD official exchange rate,market_repricing,bcb_sgs,daily,2018-12-28,3.8748,brl_per_usd
brl_usd,BRL/USD official exchange rate,market_repricing,bcb_sgs,daily,2018-12-31,3.8748,brl_per_usd
brl_usd,BRL/USD official exchange rate,market_repricing,bcb_sgs,daily,2019-01-02,3.8595,brl_per_usd
brl_usd,BRL/USD official exchange rate,market_repricing,bcb_sgs,daily,2019-01-03,3.7683,brl_per_usd
brl_usd,BRL/USD official exchange rate,market_repricing,bcb_sgs,daily,2019-01-04,3.7627,brl_per_usd
brl_usd,BRL/USD official exchange rate,market_repricing,bcb_sgs,daily,2019-01-07,3.7062,brl_per_usd
brl_usd,BRL/USD official exchange rate,market_repricing,bcb_sgs,daily,2019-01-08,3.7208,brl_per_usd
brl_usd,BRL/USD official exchange rate,market_repricing,bcb_sgs,daily,2019-01-09,3.6931,brl_per_usd
brl_usd,BRL/USD official exchange rate,market_repricing,bcb_sgs,daily,2019-01-10,3.6869,brl_per_usd
brl_usd,BRL/USD official exchange rate,market_repricing,bcb_sgs,daily,2019-01-11,3.7141,brl_per_usd
brl_usd,BRL/USD official exchange rate,market_repricing,bcb_sgs,daily,2019-01-14,3.726,brl_per_usd
brl_usd,BRL/USD official exchange rate,market_repricing,bcb_sgs,daily,2019-01-15,3.7049,brl_per_usd
brl_usd,BRL/USD official exchange rate,market_repricing,bcb_sgs,daily,2019-01-16,3.7197,brl_per_usd
brl_usd,BRL/USD official exchange rate,market_repricing,bcb_sgs,daily,2019-01-17,3.7591,brl_per_usd
brl_usd,BRL/USD official exchange rate,market_repricing,bcb_sgs,daily,2019-01-18,3.7486,brl_per_usd
brl_usd,BRL/USD official exchange rate,market_repricing,bcb_sgs,daily,2019-01-21,3.7705,brl_per_usd
brl_usd,BRL/USD official exchange rate,market_repricing,bcb_sgs,daily,2019-01-22,3.7615,brl_per_usd
brl_usd,BRL/USD official exchange rate,market_repricing,bcb_sgs,daily,2019-01-23,3.7994,brl_per_usd
brl_usd,BRL/USD official exchange rate,market_repricing,bcb_sgs,daily,2019-01-24,3.7815,brl_per_usd
brl_usd,BRL/USD official exchange rate,market_repricing,bcb_sgs,daily,2019-01-25,3.7626,brl_per_usd
brl_usd,BRL/USD official exchange rate,market_repricing,bcb_sgs,daily,2019-01-28,3.7676,brl_per_usd
brl_usd,BRL/USD official exchange rate,market_repricing,bcb_sgs,daily,2019-01-29,3.737,brl_per_usd
brl_usd,BRL/USD official exchange rate,market_repricing,bcb_sgs,daily,2019-01-30,3.7151,brl_per_usd
brl_usd,BRL/USD official exchange rate,market_repricing,bcb_sgs,daily,2019-01-31,3.6519,brl_per_usd
brl_usd,BRL/USD official exchange rate,market_repricing,bcb_sgs,daily,2019-02-01,3.6694,brl_per_usd
brl_usd,BRL/USD official exchange rate,market_repricing,bcb_sgs,daily,2019-02-04,3.6756,brl_per_usd
brl_usd,BRL/USD official exchange rate,market_repricing,bcb_sgs,daily,2019-02-05,3.6741,brl_per_usd
brl_usd,BRL/USD official exchange rate,market_repricing,bcb_sgs,daily,2019-02-06,3.7019,brl_per_usd
brl_usd,BRL/USD official exchange rate,market_repricing,bcb_sgs,daily,2019-02-07,3.7193,brl_per_usd
brl_usd,BRL/USD official exchange rate,market_repricing,bcb_sgs,daily,2019-02-08,3.7184,brl_per_usd
brl_usd,BRL/USD official exchange rate,market_repricing,bcb_sgs,daily,2019-02-11,3.7391,brl_per_usd
brl_usd,BRL/USD official exchange rate,market_repricing,bcb_sgs,daily,2019-02-12,3.7296,brl_per_usd
brl_usd,BRL/USD official exchange rate,market_repricing,bcb_sgs,daily,2019-02-13,3.7277,brl_per_usd
brl_usd,BRL/USD official exchange rate,market_repricing,bcb_sgs,daily,2019-02-14,3.7756,brl_per_usd
brl_usd,BRL/USD official exchange rate,market_repricing,bcb_sgs,daily,2019-02-15,3.7155,brl_per_usd
brl_usd,BRL/USD official exchange rate,market_repricing,bcb_sgs,daily,2019-02-18,3.7316,brl_per_usd
brl_usd,BRL/USD official exchange rate,market_repricing,bcb_sgs,daily,2019-02-19,3.7206,brl_per_usd
brl_usd,BRL/USD official exchange rate,market_repricing,bcb_sgs,daily,2019-02-20,3.71,brl_per_usd
brl_usd,BRL/USD official exchange rate,market_repricing,bcb_sgs,daily,2019-02-21,3.7595,brl_per_usd
brl_usd,BRL/USD official exchange rate,market_repricing,bcb_sgs,daily,2019-02-22,3.743,brl_per_usd
brl_usd,BRL/USD official exchange rate,market_repricing,bcb_sgs,daily,2019-02-25,3.7285,brl_per_usd
brl_usd,BRL/USD official exchange rate,market_repricing,bcb_sgs,daily,2019-02-26,3.7595,brl_per_usd
brl_usd,BRL/USD official exchange rate,market_repricing,bcb_sgs,daily,2019-02-27,3.7351,brl_per_usd
brl_usd,BRL/USD official exchange rate,market_repricing,bcb_sgs,daily,2019-02-28,3.7385,brl_per_usd
brl_usd,BRL/USD official exchange rate,market_repricing,bcb_sgs,daily,2019-03-01,3.7832,brl_per_usd
brl_usd,BRL/USD official exchange rate,market_repricing,bcb_sgs,daily,2019-03-06,3.8303,brl_per_usd
brl_usd,BRL/USD official exchange rate,market_repricing,bcb_sgs,daily,2019-03-07,3.8487,brl_per_usd
brl_usd,BRL/USD official exchange rate,market_repricing,bcb_sgs,daily,2019-03-08,3.8678,brl_per_usd
brl_usd,BRL/USD official exchange rate,market_repricing,bcb_sgs,daily,2019-03-11,3.8461,brl_per_usd
brl_usd,BRL/USD official exchange rate,market_repricing,bcb_sgs,daily,2019-03-12,3.8129,brl_per_usd
brl_usd,BRL/USD official exchange rate,market_repricing,bcb_sgs,daily,2019-03-13,3.8265,brl_per_usd
brl_usd,BRL/USD official exchange rate,market_repricing,bcb_sgs,daily,2019-03-14,3.8327,brl_per_usd
brl_usd,BRL/USD official exchange rate,market_repricing,bcb_sgs,daily,2019-03-15,3.8344,brl_per_usd
brl_usd,BRL/USD official exchange rate,market_repricing,bcb_sgs,daily,2019-03-18,3.8111,brl_per_usd
brl_usd,BRL/USD official exchange rate,market_repricing,bcb_sgs,daily,2019-03-19,3.7762,brl_per_usd
brl_usd,BRL/USD official exchange rate,market_repricing,bcb_sgs,daily,2019-03-20,3.7897,brl_per_usd
brl_usd,BRL/USD official exchange rate,market_repricing,bcb_sgs,daily,2019-03-21,3.7967,brl_per_usd
brl_usd,BRL/USD official exchange rate,market_repricing,bcb_sgs,daily,2019-03-22,3.8815,brl_per_usd
brl_usd,BRL/USD official exchange rate,market_repricing,bcb_sgs,daily,2019-03-25,3.877,brl_per_usd
brl_usd,BRL/USD official exchange rate,market_repricing,bcb_sgs,daily,2019-03-26,3.8646,brl_per_usd
brl_usd,BRL/USD official exchange rate,market_repricing,bcb_sgs,daily,2019-03-27,3.9389,brl_per_usd
brl_usd,BRL/USD official exchange rate,market_repricing,bcb_sgs,daily,2019-03-28,3.9682,brl_per_usd
brl_usd,BRL/USD official exchange rate,market_repricing,bcb_sgs,daily,2019-03-29,3.8967,brl_per_usd
brl_usd,BRL/USD official exchange rate,market_repricing,bcb_sgs,daily,2019-04-01,3.8682,brl_per_usd
brl_usd,BRL/USD official exchange rate,market_repricing,bcb_sgs,daily,2019-04-02,3.8661,brl_per_usd
brl_usd,BRL/USD official exchange rate,market_repricing,bcb_sgs,daily,2019-04-03,3.8436,brl_per_usd
brl_usd,BRL/USD official exchange rate,market_repricing,bcb_sgs,daily,2019-04-04,3.8713,brl_per_usd
brl_usd,BRL/USD official exchange rate,market_repricing,bcb_sgs,daily,2019-04-05,3.8622,brl_per_usd
brl_usd,BRL/USD official exchange rate,market_repricing,bcb_sgs,daily,2019-04-08,3.8658,brl_per_usd
brl_usd,BRL/USD official exchange rate,market_repricing,bcb_sgs,daily,2019-04-09,3.8563,brl_per_usd
brl_usd,BRL/USD official exchange rate,market_repricing,bcb_sgs,daily,2019-04-10,3.8345,brl_per_usd
brl_usd,BRL/USD official exchange rate,market_repricing,bcb_sgs,daily,2019-04-11,3.8399,brl_per_usd
brl_usd,BRL/USD official exchange rate,market_repricing,bcb_sgs,daily,2019-04-12,3.8685,brl_per_usd
brl_usd,BRL/USD official exchange rate,market_repricing,bcb_sgs,daily,2019-04-15,3.873,brl_per_usd
brl_usd,BRL/USD official exchange rate,market_repricing,bcb_sgs,daily,2019-04-16,3.8913,brl_per_usd
brl_usd,BRL/USD official exchange rate,market_repricing,bcb_sgs,daily,2019-04-17,3.9225,brl_per_usd
brl_usd,BRL/USD official exchange rate,market_repricing,bcb_sgs,daily,2019-04-18,3.937,brl_per_usd
brl_usd,BRL/USD official exchange rate,market_repricing,bcb_sgs,daily,2019-04-22,3.923,brl_per_usd
brl_usd,BRL/USD official exchange rate,market_repricing,bcb_sgs,daily,2019-04-23,3.9436,brl_per_usd
brl_usd,BRL/USD official exchange rate,market_repricing,bcb_sgs,daily,2019-04-24,3.963,brl_per_usd
brl_usd,BRL/USD official exchange rate,market_repricing,bcb_sgs,daily,2019-04-25,3.9725,brl_per_usd
brl_usd,BRL/USD official exchange rate,market_repricing,bcb_sgs,daily,2019-04-26,3.9353,brl_per_usd
brl_usd,BRL/USD official exchange rate,market_repricing,bcb_sgs,daily,2019-04-29,3.9364,brl_per_usd
brl_usd,BRL/USD official exchange rate,market_repricing,bcb_sgs,daily,2019-04-30,3.9453,brl_per_usd
brl_usd,BRL/USD official exchange rate,market_repricing,bcb_sgs,daily,2019-05-02,3.965,brl_per_usd
brl_usd,BRL/USD official exchange rate,market_repricing,bcb_sgs,daily,2019-05-03,3.9388,brl_per_usd
brl_usd,BRL/USD official exchange rate,market_repricing,bcb_sgs,daily,2019-05-06,3.9624,brl_per_usd
brl_usd,BRL/USD official exchange rate,market_repricing,bcb_sgs,daily,2019-05-07,3.988,brl_per_usd
brl_usd,BRL/USD official exchange rate,market_repricing,bcb_sgs,daily,2019-05-08,3.9344,brl_per_usd
brl_usd,BRL/USD official exchange rate,market_repricing,bcb_sgs,daily,2019-05-09,3.9673,brl_per_usd
brl_usd,BRL/USD official exchange rate,market_repricing,bcb_sgs,daily,2019-05-10,3.9578,brl_per_usd
brl_usd,BRL/USD official exchange rate,market_repricing,bcb_sgs,daily,2019-05-13,3.989,brl_per_usd
brl_usd,BRL/USD official exchange rate,market_repricing,bcb_sgs,daily,2019-05-14,3.9788,brl_per_usd
brl_usd,BRL/USD official exchange rate,market_repricing,bcb_sgs,daily,2019-05-15,4.0031,brl_per_usd
brl_usd,BRL/USD official exchange rate,market_repricing,bcb_sgs,daily,2019-05-16,4.0138,brl_per_usd
brl_usd,BRL/USD official exchange rate,market_repricing,bcb_sgs,daily,2019-05-17,4.0844,brl_per_usd
brl_usd,BRL/USD official exchange rate,market_repricing,bcb_sgs,daily,2019-05-20,4.1056,brl_per_usd
brl_usd,BRL/USD official exchange rate,market_repricing,bcb_sgs,daily,2019-05-21,4.081,brl_per_usd
brl_usd,BRL/USD official exchange rate,market_repricing,bcb_sgs,daily,2019-05-22,4.0228,brl_per_usd
brl_usd,BRL/USD official exchange rate,market_repricing,bcb_sgs,daily,2019-05-23,4.0513,brl_per_usd
brl_usd,BRL/USD official exchange rate,market_repricing,bcb_sgs,daily,2019-05-24,4.0322,brl_per_usd
brl_usd,BRL/USD official exchange rate,market_repricing,bcb_sgs,daily,2019-05-27,4.021,brl_per_usd
brl_usd,BRL/USD official exchange rate,market_repricing,bcb_sgs,daily,2019-05-28,4.0275,brl_per_usd
brl_usd,BRL/USD official exchange rate,market_repricing,bcb_sgs,daily,2019-05-29,3.9965,brl_per_usd
brl_usd,BRL/USD official exchange rate,market_repricing,bcb_sgs,daily,2019-05-30,3.972,brl_per_usd
brl_usd,BRL/USD official exchange rate,market_repricing,bcb_sgs,daily,2019-05-31,3.9407,brl_per_usd
brl_usd,BRL/USD official exchange rate,market_repricing,bcb_sgs,daily,2019-06-03,3.9003,brl_per_usd
brl_usd,BRL/USD official exchange rate,market_repricing,bcb_sgs,daily,2019-06-04,3.871,brl_per_usd
brl_usd,BRL/USD official exchange rate,market_repricing,bcb_sgs,daily,2019-06-05,3.8611,brl_per_usd
brl_usd,BRL/USD official exchange rate,market_repricing,bcb_sgs,daily,2019-06-06,3.8726,brl_per_usd
brl_usd,BRL/USD official exchange rate,market_repricing,bcb_sgs,daily,2019-06-07,3.8571,brl_per_usd
brl_usd,BRL/USD official exchange rate,market_repricing,bcb_sgs,daily,2019-06-10,3.879,brl_per_usd
brl_usd,BRL/USD official exchange rate,market_repricing,bcb_sgs,daily,2019-06-11,3.8664,brl_per_usd
brl_usd,BRL/USD official exchange rate,market_repricing,bcb_sgs,daily,2019-06-12,3.8437,brl_per_usd
brl_usd,BRL/USD official exchange rate,market_repricing,bcb_sgs,daily,2019-06-13,3.8429,brl_per_usd
brl_usd,BRL/USD official exchange rate,market_repricing,bcb_sgs,daily,2019-06-14,3.8813,brl_per_usd
brl_usd,BRL/USD official exchange rate,market_repricing,bcb_sgs,daily,2019-06-17,3.8895,brl_per_usd
brl_usd,BRL/USD official exchange rate,market_repricing,bcb_sgs,daily,2019-06-18,3.8608,brl_per_usd
brl_usd,BRL/USD official exchange rate,market_repricing,bcb_sgs,daily,2019-06-19,3.8723,brl_per_usd
brl_usd,BRL/USD official exchange rate,market_repricing,bcb_sgs,daily,2019-06-21,3.8255,brl_per_usd
brl_usd,BRL/USD official exchange rate,market_repricing,bcb_sgs,daily,2019-06-24,3.8234,brl_per_usd
brl_usd,BRL/USD official exchange rate,market_repricing,bcb_sgs,daily,2019-06-25,3.8303,brl_per_usd
brl_usd,BRL/USD official exchange rate,market_repricing,bcb_sgs,daily,2019-06-26,3.8441,brl_per_usd
brl_usd,BRL/USD official exchange rate,market_repricing,bcb_sgs,daily,2019-06-27,3.8642,brl_per_usd
brl_usd,BRL/USD official exchange rate,market_repricing,bcb_sgs,daily,2019-06-28,3.8322,brl_per_usd
brl_usd,BRL/USD official exchange rate,market_repricing,bcb_sgs,daily,2019-07-01,3.8193,brl_per_usd
brl_usd,BRL/USD official exchange rate,market_repricing,bcb_sgs,daily,2019-07-02,3.8564,brl_per_usd
brl_usd,BRL/USD official exchange rate,market_repricing,bcb_sgs,daily,2019-07-03,3.8475,brl_per_usd
brl_usd,BRL/USD official exchange rate,market_repricing,bcb_sgs,daily,2019-07-04,3.794,brl_per_usd
brl_usd,BRL/USD official exchange rate,market_repricing,bcb_sgs,daily,2019-07-05,3.8204,brl_per_usd
brl_usd,BRL/USD official exchange rate,market_repricing,bcb_sgs,daily,2019-07-08,3.8065,brl_per_usd
brl_usd,BRL/USD official exchange rate,market_repricing,bcb_sgs,daily,2019-07-09,3.7858,brl_per_usd
brl_usd,BRL/USD official exchange rate,market_repricing,bcb_sgs,daily,2019-07-10,3.7697,brl_per_usd
brl_usd,BRL/USD official exchange rate,market_repricing,bcb_sgs,daily,2019-07-11,3.7533,brl_per_usd
brl_usd,BRL/USD official exchange rate,market_repricing,bcb_sgs,daily,2019-07-12,3.7452,brl_per_usd
brl_usd,BRL/USD official exchange rate,market_repricing,bcb_sgs,daily,2019-07-15,3.7463,brl_per_usd
brl_usd,BRL/USD official exchange rate,market_repricing,bcb_sgs,daily,2019-07-16,3.7624,brl_per_usd
brl_usd,BRL/USD official exchange rate,market_repricing,bcb_sgs,daily,2019-07-17,3.7618,brl_per_usd
brl_usd,BRL/USD official exchange rate,market_repricing,bcb_sgs,daily,2019-07-18,3.7489,brl_per_usd
brl_usd,BRL/USD official exchange rate,market_repricing,bcb_sgs,daily,2019-07-19,3.7408,brl_per_usd
brl_usd,BRL/USD official exchange rate,market_repricing,bcb_sgs,daily,2019-07-22,3.74,brl_per_usd
brl_usd,BRL/USD official exchange rate,market_repricing,bcb_sgs,daily,2019-07-23,3.7621,brl_per_usd
brl_usd,BRL/USD official exchange rate,market_repricing,bcb_sgs,daily,2019-07-24,3.7596,brl_per_usd
brl_usd,BRL/USD official exchange rate,market_repricing,bcb_sgs,daily,2019-07-25,3.7849,brl_per_usd
brl_usd,BRL/USD official exchange rate,market_repricing,bcb_sgs,daily,2019-07-26,3.7741,brl_per_usd
brl_usd,BRL/USD official exchange rate,market_repricing,bcb_sgs,daily,2019-07-29,3.7909,brl_per_usd
brl_usd,BRL/USD official exchange rate,market_repricing,bcb_sgs,daily,2019-07-30,3.79,brl_per_usd
brl_usd,BRL/USD official exchange rate,market_repricing,bcb_sgs,daily,2019-07-31,3.7649,brl_per_usd
brl_usd,BRL/USD official exchange rate,market_repricing,bcb_sgs,daily,2019-08-01,3.8296,brl_per_usd
brl_usd,BRL/USD official exchange rate,market_repricing,bcb_sgs,daily,2019-08-02,3.8739,brl_per_usd
brl_usd,BRL/USD official exchange rate,market_repricing,bcb_sgs,daily,2019-08-05,3.9404,brl_per_usd
brl_usd,BRL/USD official exchange rate,market_repricing,bcb_sgs,daily,2019-08-06,3.9643,brl_per_usd
brl_usd,BRL/USD official exchange rate,market_repricing,bcb_sgs,daily,2019-08-07,3.985,brl_per_usd
brl_usd,BRL/USD official exchange rate,market_repricing,bcb_sgs,daily,2019-08-08,3.9409,brl_per_usd
brl_usd,BRL/USD official exchange rate,market_repricing,bcb_sgs,daily,2019-08-09,3.9362,brl_per_usd
brl_usd,BRL/USD official exchange rate,market_repricing,bcb_sgs,daily,2019-08-12,3.9966,brl_per_usd
brl_usd,BRL/USD official exchange rate,market_repricing,bcb_sgs,daily,2019-08-13,3.9736,brl_per_usd
brl_usd,BRL/USD official exchange rate,market_repricing,bcb_sgs,daily,2019-08-14,4.0074,brl_per_usd
brl_usd,BRL/USD official exchange rate,market_repricing,bcb_sgs,daily,2019-08-15,4.0188,brl_per_usd
brl_usd,BRL/USD official exchange rate,market_repricing,bcb_sgs,daily,2019-08-16,3.9933,brl_per_usd
brl_usd,BRL/USD official exchange rate,market_repricing,bcb_sgs,daily,2019-08-19,4.0274,brl_per_usd
brl_usd,BRL/USD official exchange rate,market_repricing,bcb_sgs,daily,2019-08-20,4.0425,brl_per_usd
brl_usd,BRL/USD official exchange rate,market_repricing,bcb_sgs,daily,2019-08-21,4.0254,brl_per_usd
brl_usd,BRL/USD official exchange rate,market_repricing,bcb_sgs,daily,2019-08-22,4.0444,brl_per_usd
brl_usd,BRL/USD official exchange rate,market_repricing,bcb_sgs,daily,2019-08-23,4.0851,brl_per_usd
brl_usd,BRL/USD official exchange rate,market_repricing,bcb_sgs,daily,2019-08-26,4.1367,brl_per_usd
brl_usd,BRL/USD official exchange rate,market_repricing,bcb_sgs,daily,2019-08-27,4.1557,brl_per_usd
brl_usd,BRL/USD official exchange rate,market_repricing,bcb_sgs,daily,2019-08-28,4.1559,brl_per_usd
brl_usd,BRL/USD official exchange rate,market_repricing,bcb_sgs,daily,2019-08-29,4.168,brl_per_usd
brl_usd,BRL/USD official exchange rate,market_repricing,bcb_sgs,daily,2019-08-30,4.1385,brl_per_usd
brl_usd,BRL/USD official exchange rate,market_repricing,bcb_sgs,daily,2019-09-02,4.1581,brl_per_usd
brl_usd,BRL/USD official exchange rate,market_repricing,bcb_sgs,daily,2019-09-03,4.1657,brl_per_usd
brl_usd,BRL/USD official exchange rate,market_repricing,bcb_sgs,daily,2019-09-04,4.1249,brl_per_usd
brl_usd,BRL/USD official exchange rate,market_repricing,bcb_sgs,daily,2019-09-05,4.0859,brl_per_usd
brl_usd,BRL/USD official exchange rate,market_repricing,bcb_sgs,daily,2019-09-06,4.065,brl_per_usd
brl_usd,BRL/USD official exchange rate,market_repricing,bcb_sgs,daily,2019-09-09,4.0766,brl_per_usd
brl_usd,BRL/USD official exchange rate,market_repricing,bcb_sgs,daily,2019-09-10,4.1108,brl_per_usd
brl_usd,BRL/USD official exchange rate,market_repricing,bcb_sgs,daily,2019-09-11,4.0631,brl_per_usd
brl_usd,BRL/USD official exchange rate,market_repricing,bcb_sgs,daily,2019-09-12,4.0494,brl_per_usd
brl_usd,BRL/USD official exchange rate,market_repricing,bcb_sgs,daily,2019-09-13,4.0616,brl_per_usd
brl_usd,BRL/USD official exchange rate,market_repricing,bcb_sgs,daily,2019-09-16,4.0872,brl_per_usd
brl_usd,BRL/USD official exchange rate,market_repricing,bcb_sgs,daily,2019-09-17,4.0998,brl_per_usd
brl_usd,BRL/USD official exchange rate,market_repricing,bcb_sgs,daily,2019-09-18,4.0972,brl_per_usd
brl_usd,BRL/USD official exchange rate,market_repricing,bcb_sgs,daily,2019-09-19,4.1393,brl_per_usd
brl_usd,BRL/USD official exchange rate,market_repricing,bcb_sgs,daily,2019-09-20,4.1687,brl_per_usd
brl_usd,BRL/USD official exchange rate,market_repricing,bcb_sgs,daily,2019-09-23,4.1734,brl_per_usd
brl_usd,BRL/USD official exchange rate,market_repricing,bcb_sgs,daily,2019-09-24,4.1721,brl_per_usd
brl_usd,BRL/USD official exchange rate,market_repricing,bcb_sgs,daily,2019-09-25,4.1827,brl_per_usd
brl_usd,BRL/USD official exchange rate,market_repricing,bcb_sgs,daily,2019-09-26,4.1469,brl_per_usd
brl_usd,BRL/USD official exchange rate,market_repricing,bcb_sgs,daily,2019-09-27,4.1587,brl_per_usd
brl_usd,BRL/USD official exchange rate,market_repricing,bcb_sgs,daily,2019-09-30,4.1644,brl_per_usd
brl_usd,BRL/USD official exchange rate,market_repricing,bcb_sgs,daily,2019-10-01,4.174,brl_per_usd
brl_usd,BRL/USD official exchange rate,market_repricing,bcb_sgs,daily,2019-10-02,4.1546,brl_per_usd
brl_usd,BRL/USD official exchange rate,market_repricing,bcb_sgs,daily,2019-10-03,4.1012,brl_per_usd
brl_usd,BRL/USD official exchange rate,market_repricing,bcb_sgs,daily,2019-10-04,4.061,brl_per_usd
brl_usd,BRL/USD official exchange rate,market_repricing,bcb_sgs,daily,2019-10-07,4.0688,brl_per_usd
brl_usd,BRL/USD official exchange rate,market_repricing,bcb_sgs,daily,2019-10-08,4.0868,brl_per_usd
brl_usd,BRL/USD official exchange rate,market_repricing,bcb_sgs,daily,2019-10-09,4.0954,brl_per_usd
brl_usd,BRL/USD official exchange rate,market_repricing,bcb_sgs,daily,2019-10-10,4.1145,brl_per_usd
brl_usd,BRL/USD official exchange rate,market_repricing,bcb_sgs,daily,2019-10-11,4.106,brl_per_usd
brl_usd,BRL/USD official exchange rate,market_repricing,bcb_sgs,daily,2019-10-14,4.1263,brl_per_usd
brl_usd,BRL/USD official exchange rate,market_repricing,bcb_sgs,daily,2019-10-15,4.1488,brl_per_usd
brl_usd,BRL/USD official exchange rate,market_repricing,bcb_sgs,daily,2019-10-16,4.1714,brl_per_usd
brl_usd,BRL/USD official exchange rate,market_repricing,bcb_sgs,daily,2019-10-17,4.1457,brl_per_usd
brl_usd,BRL/USD official exchange rate,market_repricing,bcb_sgs,daily,2019-10-18,4.1376,brl_per_usd
brl_usd,BRL/USD official exchange rate,market_repricing,bcb_sgs,daily,2019-10-21,4.1319,brl_per_usd
brl_usd,BRL/USD official exchange rate,market_repricing,bcb_sgs,daily,2019-10-22,4.0858,brl_per_usd
brl_usd,BRL/USD official exchange rate,market_repricing,bcb_sgs,daily,2019-10-23,4.0721,brl_per_usd
brl_usd,BRL/USD official exchange rate,market_repricing,bcb_sgs,daily,2019-10-24,4.0089,brl_per_usd
brl_usd,BRL/USD official exchange rate,market_repricing,bcb_sgs,daily,2019-10-25,4.0133,brl_per_usd
brl_usd,BRL/USD official exchange rate,market_repricing,bcb_sgs,daily,2019-10-28,3.9793,brl_per_usd
brl_usd,BRL/USD official exchange rate,market_repricing,bcb_sgs,daily,2019-10-29,3.9946,brl_per_usd
brl_usd,BRL/USD official exchange rate,market_repricing,bcb_sgs,daily,2019-10-30,4.0186,brl_per_usd
brl_usd,BRL/USD official exchange rate,market_repricing,bcb_sgs,daily,2019-10-31,4.0041,brl_per_usd
brl_usd,BRL/USD official exchange rate,market_repricing,bcb_sgs,daily,2019-11-01,3.9786,brl_per_usd
brl_usd,BRL/USD official exchange rate,market_repricing,bcb_sgs,daily,2019-11-04,3.9922,brl_per_usd
brl_usd,BRL/USD official exchange rate,market_repricing,bcb_sgs,daily,2019-11-05,4.0043,brl_per_usd
brl_usd,BRL/USD official exchange rate,market_repricing,bcb_sgs,daily,2019-11-06,4.0351,brl_per_usd
brl_usd,BRL/USD official exchange rate,market_repricing,bcb_sgs,daily,2019-11-07,4.0927,brl_per_usd
brl_usd,BRL/USD official exchange rate,market_repricing,bcb_sgs,daily,2019-11-08,4.1365,brl_per_usd
brl_usd,BRL/USD official exchange rate,market_repricing,bcb_sgs,daily,2019-11-11,4.1559,brl_per_usd
brl_usd,BRL/USD official exchange rate,market_repricing,bcb_sgs,daily,2019-11-12,4.1756,brl_per_usd
brl_usd,BRL/USD official exchange rate,market_repricing,bcb_sgs,daily,2019-11-13,4.1767,brl_per_usd
brl_usd,BRL/USD official exchange rate,market_repricing,bcb_sgs,daily,2019-11-14,4.1831,brl_per_usd
brl_usd,BRL/USD official exchange rate,market_repricing,bcb_sgs,daily,2019-11-18,4.1827,brl_per_usd
brl_usd,BRL/USD official exchange rate,market_repricing,bcb_sgs,daily,2019-11-19,4.2084,brl_per_usd
brl_usd,BRL/USD official exchange rate,market_repricing,bcb_sgs,daily,2019-11-20,4.2037,brl_per_usd
brl_usd,BRL/USD official exchange rate,market_repricing,bcb_sgs,daily,2019-11-21,4.2012,brl_per_usd
brl_usd,BRL/USD official exchange rate,market_repricing,bcb_sgs,daily,2019-11-22,4.1832,brl_per_usd
brl_usd,BRL/USD official exchange rate,market_repricing,bcb_sgs,daily,2019-11-25,4.2089,brl_per_usd
brl_usd,BRL/USD official exchange rate,market_repricing,bcb_sgs,daily,2019-11-26,4.2559,brl_per_usd
brl_usd,BRL/USD official exchange rate,market_repricing,bcb_sgs,daily,2019-11-27,4.2602,brl_per_usd
brl_usd,BRL/USD official exchange rate,market_repricing,bcb_sgs,daily,2019-11-28,4.248,brl_per_usd
brl_usd,BRL/USD official exchange rate,market_repricing,bcb_sgs,daily,2019-11-29,4.224,brl_per_usd
brl_usd,BRL/USD official exchange rate,market_repricing,bcb_sgs,daily,2019-12-02,4.2261,brl_per_usd
brl_usd,BRL/USD official exchange rate,market_repricing,bcb_sgs,daily,2019-12-03,4.2008,brl_per_usd
brl_usd,BRL/USD official exchange rate,market_repricing,bcb_sgs,daily,2019-12-04,4.1926,brl_per_usd
brl_usd,BRL/USD official exchange rate,market_repricing,bcb_sgs,daily,2019-12-05,4.2136,brl_per_usd
brl_usd,BRL/USD official exchange rate,market_repricing,bcb_sgs,daily,2019-12-06,4.1783,brl_per_usd
brl_usd,BRL/USD official exchange rate,market_repricing,bcb_sgs,daily,2019-12-09,4.1503,brl_per_usd
brl_usd,BRL/USD official exchange rate,market_repricing,bcb_sgs,daily,2019-12-10,4.1427,brl_per_usd
brl_usd,BRL/USD official exchange rate,market_repricing,bcb_sgs,daily,2019-12-11,4.1153,brl_per_usd
brl_usd,BRL/USD official exchange rate,market_repricing,bcb_sgs,daily,2019-12-12,4.1092,brl_per_usd
brl_usd,BRL/USD official exchange rate,market_repricing,bcb_sgs,daily,2019-12-13,4.0949,brl_per_usd
brl_usd,BRL/USD official exchange rate,market_repricing,bcb_sgs,daily,2019-12-16,4.0801,brl_per_usd
brl_usd,BRL/USD official exchange rate,market_repricing,bcb_sgs,daily,2019-12-17,4.0687,brl_per_usd
brl_usd,BRL/USD official exchange rate,market_repricing,bcb_sgs,daily,2019-12-18,4.0548,brl_per_usd
brl_usd,BRL/USD official exchange rate,market_repricing,bcb_sgs,daily,2019-12-19,4.0633,brl_per_usd
brl_usd,BRL/USD official exchange rate,market_repricing,bcb_sgs,daily,2019-12-20,4.0777,brl_per_usd
brl_usd,BRL/USD official exchange rate,market_repricing,bcb_sgs,daily,2019-12-23,4.0757,brl_per_usd
brl_usd,BRL/USD official exchange rate,market_repricing,bcb_sgs,daily,2019-12-24,4.0813,brl_per_usd
brl_usd,BRL/USD official exchange rate,market_repricing,bcb_sgs,daily,2019-12-26,4.0601,brl_per_usd
brl_usd,BRL/USD official exchange rate,market_repricing,bcb_sgs,daily,2019-12-27,4.0545,brl_per_usd
brl_usd,BRL/USD official exchange rate,market_repricing,bcb_sgs,daily,2019-12-30,4.0307,brl_per_usd
brl_usd,BRL/USD official exchange rate,market_repricing,bcb_sgs,daily,2019-12-31,4.0307,brl_per_usd
brl_usd,BRL/USD official exchange rate,market_repricing,bcb_sgs,daily,2020-01-02,4.0213,brl_per_usd
brl_usd,BRL/USD official exchange rate,market_repricing,bcb_sgs,daily,2020-01-03,4.0522,brl_per_usd
brl_usd,BRL/USD official exchange rate,market_repricing,bcb_sgs,daily,2020-01-06,4.0554,brl_per_usd
brl_usd,BRL/USD official exchange rate,market_repricing,bcb_sgs,daily,2020-01-07,4.0841,brl_per_usd
brl_usd,BRL/USD official exchange rate,market_repricing,bcb_sgs,daily,2020-01-08,4.0672,brl_per_usd
brl_usd,BRL/USD official exchange rate,market_repricing,bcb_sgs,daily,2020-01-09,4.0744,brl_per_usd
brl_usd,BRL/USD official exchange rate,market_repricing,bcb_sgs,daily,2020-01-10,4.0745,brl_per_usd
brl_usd,BRL/USD official exchange rate,market_repricing,bcb_sgs,daily,2020-01-13,4.1309,brl_per_usd
brl_usd,BRL/USD official exchange rate,market_repricing,bcb_sgs,daily,2020-01-14,4.1443,brl_per_usd
brl_usd,BRL/USD official exchange rate,market_repricing,bcb_sgs,daily,2020-01-15,4.1622,brl_per_usd
brl_usd,BRL/USD official exchange rate,market_repricing,bcb_sgs,daily,2020-01-16,4.1726,brl_per_usd
brl_usd,BRL/USD official exchange rate,market_repricing,bcb_sgs,daily,2020-01-17,4.1837,brl_per_usd
brl_usd,BRL/USD official exchange rate,market_repricing,bcb_sgs,daily,2020-01-20,4.1829,brl_per_usd
brl_usd,BRL/USD official exchange rate,market_repricing,bcb_sgs,daily,2020-01-21,4.2014,brl_per_usd
brl_usd,BRL/USD official exchange rate,market_repricing,bcb_sgs,daily,2020-01-22,4.1889,brl_per_usd
brl_usd,BRL/USD official exchange rate,market_repricing,bcb_sgs,daily,2020-01-23,4.1662,brl_per_usd
brl_usd,BRL/USD official exchange rate,market_repricing,bcb_sgs,daily,2020-01-24,4.1769,brl_per_usd
brl_usd,BRL/USD official exchange rate,market_repricing,bcb_sgs,daily,2020-01-27,4.2196,brl_per_usd
brl_usd,BRL/USD official exchange rate,market_repricing,bcb_sgs,daily,2020-01-28,4.2064,brl_per_usd
brl_usd,BRL/USD official exchange rate,market_repricing,bcb_sgs,daily,2020-01-29,4.2013,brl_per_usd
brl_usd,BRL/USD official exchange rate,market_repricing,bcb_sgs,daily,2020-01-30,4.2523,brl_per_usd
brl_usd,BRL/USD official exchange rate,market_repricing,bcb_sgs,daily,2020-01-31,4.2695,brl_per_usd
brl_usd,BRL/USD official exchange rate,market_repricing,bcb_sgs,daily,2020-02-03,4.2475,brl_per_usd
brl_usd,BRL/USD official exchange rate,market_repricing,bcb_sgs,daily,2020-02-04,4.2381,brl_per_usd
brl_usd,BRL/USD official exchange rate,market_repricing,bcb_sgs,daily,2020-02-05,4.2449,brl_per_usd
brl_usd,BRL/USD official exchange rate,market_repricing,bcb_sgs,daily,2020-02-06,4.2477,brl_per_usd
brl_usd,BRL/USD official exchange rate,market_repricing,bcb_sgs,daily,2020-02-07,4.3076,brl_per_usd
brl_usd,BRL/USD official exchange rate,market_repricing,bcb_sgs,daily,2020-02-10,4.3195,brl_per_usd
brl_usd,BRL/USD official exchange rate,market_repricing,bcb_sgs,daily,2020-02-11,4.3148,brl_per_usd
brl_usd,BRL/USD official exchange rate,market_repricing,bcb_sgs,daily,2020-02-12,4.3366,brl_per_usd
brl_usd,BRL/USD official exchange rate,market_repricing,bcb_sgs,daily,2020-02-13,4.3389,brl_per_usd
brl_usd,BRL/USD official exchange rate,market_repricing,bcb_sgs,daily,2020-02-14,4.3163,brl_per_usd
brl_usd,BRL/USD official exchange rate,market_repricing,bcb_sgs,daily,2020-02-17,4.3157,brl_per_usd
brl_usd,BRL/USD official exchange rate,market_repricing,bcb_sgs,daily,2020-02-18,4.3471,brl_per_usd
brl_usd,BRL/USD official exchange rate,market_repricing,bcb_sgs,daily,2020-02-19,4.3728,brl_per_usd
brl_usd,BRL/USD official exchange rate,market_repricing,bcb_sgs,daily,2020-02-20,4.3873,brl_per_usd
brl_usd,BRL/USD official exchange rate,market_repricing,bcb_sgs,daily,2020-02-21,4.3924,brl_per_usd
brl_usd,BRL/USD official exchange rate,market_repricing,bcb_sgs,daily,2020-02-26,4.4359,brl_per_usd
brl_usd,BRL/USD official exchange rate,market_repricing,bcb_sgs,daily,2020-02-27,4.4764,brl_per_usd
brl_usd,BRL/USD official exchange rate,market_repricing,bcb_sgs,daily,2020-02-28,4.4987,brl_per_usd
brl_usd,BRL/USD official exchange rate,market_repricing,bcb_sgs,daily,2020-03-02,4.4946,brl_per_usd
brl_usd,BRL/USD official exchange rate,market_repricing,bcb_sgs,daily,2020-03-03,4.4883,brl_per_usd
brl_usd,BRL/USD official exchange rate,market_repricing,bcb_sgs,daily,2020-03-04,4.5258,brl_per_usd
brl_usd,BRL/USD official exchange rate,market_repricing,bcb_sgs,daily,2020-03-05,4.6207,brl_per_usd
brl_usd,BRL/USD official exchange rate,market_repricing,bcb_sgs,daily,2020-03-06,4.6459,brl_per_usd
brl_usd,BRL/USD official exchange rate,market_repricing,bcb_sgs,daily,2020-03-09,4.7379,brl_per_usd
brl_usd,BRL/USD official exchange rate,market_repricing,bcb_sgs,daily,2020-03-10,4.6693,brl_per_usd
brl_usd,BRL/USD official exchange rate,market_repricing,bcb_sgs,daily,2020-03-11,4.6738,brl_per_usd
brl_usd,BRL/USD official exchange rate,market_repricing,bcb_sgs,daily,2020-03-12,4.8833,brl_per_usd
brl_usd,BRL/USD official exchange rate,market_repricing,bcb_sgs,daily,2020-03-13,4.7362,brl_per_usd
brl_usd,BRL/USD official exchange rate,market_repricing,bcb_sgs,daily,2020-03-16,4.9471,brl_per_usd
brl_usd,BRL/USD official exchange rate,market_repricing,bcb_sgs,daily,2020-03-17,5.0496,brl_per_usd
brl_usd,BRL/USD official exchange rate,market_repricing,bcb_sgs,daily,2020-03-18,5.1107,brl_per_usd
brl_usd,BRL/USD official exchange rate,market_repricing,bcb_sgs,daily,2020-03-19,5.1444,brl_per_usd
brl_usd,BRL/USD official exchange rate,market_repricing,bcb_sgs,daily,2020-03-20,5.0248,brl_per_usd
brl_usd,BRL/USD official exchange rate,market_repricing,bcb_sgs,daily,2020-03-23,5.0805,brl_per_usd
brl_usd,BRL/USD official exchange rate,market_repricing,bcb_sgs,daily,2020-03-24,5.0713,brl_per_usd
brl_usd,BRL/USD official exchange rate,market_repricing,bcb_sgs,daily,2020-03-25,5.0706,brl_per_usd
brl_usd,BRL/USD official exchange rate,market_repricing,bcb_sgs,daily,2020-03-26,5.001,brl_per_usd
brl_usd,BRL/USD official exchange rate,market_repricing,bcb_sgs,daily,2020-03-27,5.1109,brl_per_usd
brl_usd,BRL/USD official exchange rate,market_repricing,bcb_sgs,daily,2020-03-30,5.1594,brl_per_usd
brl_usd,BRL/USD official exchange rate,market_repricing,bcb_sgs,daily,2020-03-31,5.1987,brl_per_usd
brl_usd,BRL/USD official exchange rate,market_repricing,bcb_sgs,daily,2020-04-01,5.2404,brl_per_usd
brl_usd,BRL/USD official exchange rate,market_repricing,bcb_sgs,daily,2020-04-02,5.2651,brl_per_usd
brl_usd,BRL/USD official exchange rate,market_repricing,bcb_sgs,daily,2020-04-03,5.2997,brl_per_usd
brl_usd,BRL/USD official exchange rate,market_repricing,bcb_sgs,daily,2020-04-06,5.2471,brl_per_usd
brl_usd,BRL/USD official exchange rate,market_repricing,bcb_sgs,daily,2020-04-07,5.2217,brl_per_usd
brl_usd,BRL/USD official exchange rate,market_repricing,bcb_sgs,daily,2020-04-08,5.2123,brl_per_usd
brl_usd,BRL/USD official exchange rate,market_repricing,bcb_sgs,daily,2020-04-09,5.0779,brl_per_usd
brl_usd,BRL/USD official exchange rate,market_repricing,bcb_sgs,daily,2020-04-13,5.1824,brl_per_usd
brl_usd,BRL/USD official exchange rate,market_repricing,bcb_sgs,daily,2020-04-14,5.1858,brl_per_usd
brl_usd,BRL/USD official exchange rate,market_repricing,bcb_sgs,daily,2020-04-15,5.2579,brl_per_usd
brl_usd,BRL/USD official exchange rate,market_repricing,bcb_sgs,daily,2020-04-16,5.2377,brl_per_usd
brl_usd,BRL/USD official exchange rate,market_repricing,bcb_sgs,daily,2020-04-17,5.2573,brl_per_usd
brl_usd,BRL/USD official exchange rate,market_repricing,bcb_sgs,daily,2020-04-20,5.2837,brl_per_usd
brl_usd,BRL/USD official exchange rate,market_repricing,bcb_sgs,daily,2020-04-22,5.3847,brl_per_usd
brl_usd,BRL/USD official exchange rate,market_repricing,bcb_sgs,daily,2020-04-23,5.4467,brl_per_usd
brl_usd,BRL/USD official exchange rate,market_repricing,bcb_sgs,daily,2020-04-24,5.651,brl_per_usd
brl_usd,BRL/USD official exchange rate,market_repricing,bcb_sgs,daily,2020-04-27,5.6358,brl_per_usd
brl_usd,BRL/USD official exchange rate,market_repricing,bcb_sgs,daily,2020-04-28,5.5683,brl_per_usd
brl_usd,BRL/USD official exchange rate,market_repricing,bcb_sgs,daily,2020-04-29,5.4291,brl_per_usd
brl_usd,BRL/USD official exchange rate,market_repricing,bcb_sgs,daily,2020-04-30,5.427,brl_per_usd
brl_usd,BRL/USD official exchange rate,market_repricing,bcb_sgs,daily,2020-05-04,5.5816,brl_per_usd
brl_usd,BRL/USD official exchange rate,market_repricing,bcb_sgs,daily,2020-05-05,5.5354,brl_per_usd
brl_usd,BRL/USD official exchange rate,market_repricing,bcb_sgs,daily,2020-05-06,5.6676,brl_per_usd
brl_usd,BRL/USD official exchange rate,market_repricing,bcb_sgs,daily,2020-05-07,5.8365,brl_per_usd
brl_usd,BRL/USD official exchange rate,market_repricing,bcb_sgs,daily,2020-05-08,5.7653,brl_per_usd
brl_usd,BRL/USD official exchange rate,market_repricing,bcb_sgs,daily,2020-05-11,5.7954,brl_per_usd
brl_usd,BRL/USD official exchange rate,market_repricing,bcb_sgs,daily,2020-05-12,5.7723,brl_per_usd
brl_usd,BRL/USD official exchange rate,market_repricing,bcb_sgs,daily,2020-05-13,5.9022,brl_per_usd
brl_usd,BRL/USD official exchange rate,market_repricing,bcb_sgs,daily,2020-05-14,5.9372,brl_per_usd
brl_usd,BRL/USD official exchange rate,market_repricing,bcb_sgs,daily,2020-05-15,5.8229,brl_per_usd
brl_usd,BRL/USD official exchange rate,market_repricing,bcb_sgs,daily,2020-05-18,5.7375,brl_per_usd
brl_usd,BRL/USD official exchange rate,market_repricing,bcb_sgs,daily,2020-05-19,5.7216,brl_per_usd
brl_usd,BRL/USD official exchange rate,market_repricing,bcb_sgs,daily,2020-05-20,5.6968,brl_per_usd
brl_usd,BRL/USD official exchange rate,market_repricing,bcb_sgs,daily,2020-05-21,5.6019,brl_per_usd
brl_usd,BRL/USD official exchange rate,market_repricing,bcb_sgs,daily,2020-05-22,5.5808,brl_per_usd
brl_usd,BRL/USD official exchange rate,market_repricing,bcb_sgs,daily,2020-05-25,5.4772,brl_per_usd
brl_usd,BRL/USD official exchange rate,market_repricing,bcb_sgs,daily,2020-05-26,5.3707,brl_per_usd
brl_usd,BRL/USD official exchange rate,market_repricing,bcb_sgs,daily,2020-05-27,5.2992,brl_per_usd
brl_usd,BRL/USD official exchange rate,market_repricing,bcb_sgs,daily,2020-05-28,5.3405,brl_per_usd
brl_usd,BRL/USD official exchange rate,market_repricing,bcb_sgs,daily,2020-05-29,5.4263,brl_per_usd
brl_usd,BRL/USD official exchange rate,market_repricing,bcb_sgs,daily,2020-06-01,5.3639,brl_per_usd
brl_usd,BRL/USD official exchange rate,market_repricing,bcb_sgs,daily,2020-06-02,5.2601,brl_per_usd
brl_usd,BRL/USD official exchange rate,market_repricing,bcb_sgs,daily,2020-06-03,5.0516,brl_per_usd
brl_usd,BRL/USD official exchange rate,market_repricing,bcb_sgs,daily,2020-06-04,5.1041,brl_per_usd
brl_usd,BRL/USD official exchange rate,market_repricing,bcb_sgs,daily,2020-06-05,4.9775,brl_per_usd
brl_usd,BRL/USD official exchange rate,market_repricing,bcb_sgs,daily,2020-06-08,4.9331,brl_per_usd
brl_usd,BRL/USD official exchange rate,market_repricing,bcb_sgs,daily,2020-06-09,4.9057,brl_per_usd
brl_usd,BRL/USD official exchange rate,market_repricing,bcb_sgs,daily,2020-06-10,4.8894,brl_per_usd
brl_usd,BRL/USD official exchange rate,market_repricing,bcb_sgs,daily,2020-06-12,5.0373,brl_per_usd
brl_usd,BRL/USD official exchange rate,market_repricing,bcb_sgs,daily,2020-06-15,5.1883,brl_per_usd
brl_usd,BRL/USD official exchange rate,market_repricing,bcb_sgs,daily,2020-06-16,5.1285,brl_per_usd
brl_usd,BRL/USD official exchange rate,market_repricing,bcb_sgs,daily,2020-06-17,5.2499,brl_per_usd
brl_usd,BRL/USD official exchange rate,market_repricing,bcb_sgs,daily,2020-06-18,5.3468,brl_per_usd
brl_usd,BRL/USD official exchange rate,market_repricing,bcb_sgs,daily,2020-06-19,5.3466,brl_per_usd
brl_usd,BRL/USD official exchange rate,market_repricing,bcb_sgs,daily,2020-06-22,5.2226,brl_per_usd
brl_usd,BRL/USD official exchange rate,market_repricing,bcb_sgs,daily,2020-06-23,5.1705,brl_per_usd
brl_usd,BRL/USD official exchange rate,market_repricing,bcb_sgs,daily,2020-06-24,5.2435,brl_per_usd
brl_usd,BRL/USD official exchange rate,market_repricing,bcb_sgs,daily,2020-06-25,5.3287,brl_per_usd
brl_usd,BRL/USD official exchange rate,market_repricing,bcb_sgs,daily,2020-06-26,5.4629,brl_per_usd
brl_usd,BRL/USD official exchange rate,market_repricing,bcb_sgs,daily,2020-06-29,5.4416,brl_per_usd
brl_usd,BRL/USD official exchange rate,market_repricing,bcb_sgs,daily,2020-06-30,5.476,brl_per_usd
brl_usd,BRL/USD official exchange rate,market_repricing,bcb_sgs,daily,2020-07-01,5.3651,brl_per_usd
brl_usd,BRL/USD official exchange rate,market_repricing,bcb_sgs,daily,2020-07-02,5.3028,brl_per_usd
brl_usd,BRL/USD official exchange rate,market_repricing,bcb_sgs,daily,2020-07-03,5.3374,brl_per_usd
brl_usd,BRL/USD official exchange rate,market_repricing,bcb_sgs,daily,2020-07-06,5.3085,brl_per_usd
brl_usd,BRL/USD official exchange rate,market_repricing,bcb_sgs,daily,2020-07-07,5.3318,brl_per_usd
brl_usd,BRL/USD official exchange rate,market_repricing,bcb_sgs,daily,2020-07-08,5.3482,brl_per_usd
brl_usd,BRL/USD official exchange rate,market_repricing,bcb_sgs,daily,2020-07-09,5.2978,brl_per_usd
brl_usd,BRL/USD official exchange rate,market_repricing,bcb_sgs,daily,2020-07-10,5.344,brl_per_usd
brl_usd,BRL/USD official exchange rate,market_repricing,bcb_sgs,daily,2020-07-13,5.3486,brl_per_usd
brl_usd,BRL/USD official exchange rate,market_repricing,bcb_sgs,daily,2020-07-14,5.4288,brl_per_usd
brl_usd,BRL/USD official exchange rate,market_repricing,bcb_sgs,daily,2020-07-15,5.3491,brl_per_usd
brl_usd,BRL/USD official exchange rate,market_repricing,bcb_sgs,daily,2020-07-16,5.356,brl_per_usd
brl_usd,BRL/USD official exchange rate,market_repricing,bcb_sgs,daily,2020-07-17,5.351,brl_per_usd
brl_usd,BRL/USD official exchange rate,market_repricing,bcb_sgs,daily,2020-07-20,5.3635,brl_per_usd
brl_usd,BRL/USD official exchange rate,market_repricing,bcb_sgs,daily,2020-07-21,5.2283,brl_per_usd
brl_usd,BRL/USD official exchange rate,market_repricing,bcb_sgs,daily,2020-07-22,5.1111,brl_per_usd
brl_usd,BRL/USD official exchange rate,market_repricing,bcb_sgs,daily,2020-07-23,5.1647,brl_per_usd
brl_usd,BRL/USD official exchange rate,market_repricing,bcb_sgs,daily,2020-07-24,5.2146,brl_per_usd
brl_usd,BRL/USD official exchange rate,market_repricing,bcb_sgs,daily,2020-07-27,5.1889,brl_per_usd
brl_usd,BRL/USD official exchange rate,market_repricing,bcb_sgs,daily,2020-07-28,5.1777,brl_per_usd
brl_usd,BRL/USD official exchange rate,market_repricing,bcb_sgs,daily,2020-07-29,5.1395,brl_per_usd
brl_usd,BRL/USD official exchange rate,market_repricing,bcb_sgs,daily,2020-07-30,5.1837,brl_per_usd
brl_usd,BRL/USD official exchange rate,market_repricing,bcb_sgs,daily,2020-07-31,5.2033,brl_per_usd
brl_usd,BRL/USD official exchange rate,market_repricing,bcb_sgs,daily,2020-08-03,5.3075,brl_per_usd
brl_usd,BRL/USD official exchange rate,market_repricing,bcb_sgs,daily,2020-08-04,5.3329,brl_per_usd
brl_usd,BRL/USD official exchange rate,market_repricing,bcb_sgs,daily,2020-08-05,5.276,brl_per_usd
brl_usd,BRL/USD official exchange rate,market_repricing,bcb_sgs,daily,2020-08-06,5.3431,brl_per_usd
brl_usd,BRL/USD official exchange rate,market_repricing,bcb_sgs,daily,2020-08-07,5.4227,brl_per_usd
brl_usd,BRL/USD official exchange rate,market_repricing,bcb_sgs,daily,2020-08-10,5.3933,brl_per_usd
brl_usd,BRL/USD official exchange rate,market_repricing,bcb_sgs,daily,2020-08-11,5.4285,brl_per_usd
brl_usd,BRL/USD official exchange rate,market_repricing,bcb_sgs,daily,2020-08-12,5.4551,brl_per_usd
brl_usd,BRL/USD official exchange rate,market_repricing,bcb_sgs,daily,2020-08-13,5.3801,brl_per_usd
brl_usd,BRL/USD official exchange rate,market_repricing,bcb_sgs,daily,2020-08-14,5.3852,brl_per_usd
brl_usd,BRL/USD official exchange rate,market_repricing,bcb_sgs,daily,2020-08-17,5.4497,brl_per_usd
brl_usd,BRL/USD official exchange rate,market_repricing,bcb_sgs,daily,2020-08-18,5.4659,brl_per_usd
brl_usd,BRL/USD official exchange rate,market_repricing,bcb_sgs,daily,2020-08-19,5.4906,brl_per_usd
brl_usd,BRL/USD official exchange rate,market_repricing,bcb_sgs,daily,2020-08-20,5.651,brl_per_usd
brl_usd,BRL/USD official exchange rate,market_repricing,bcb_sgs,daily,2020-08-21,5.6064,brl_per_usd
brl_usd,BRL/USD official exchange rate,market_repricing,bcb_sgs,daily,2020-08-24,5.5954,brl_per_usd
brl_usd,BRL/USD official exchange rate,market_repricing,bcb_sgs,daily,2020-08-25,5.5997,brl_per_usd
brl_usd,BRL/USD official exchange rate,market_repricing,bcb_sgs,daily,2020-08-26,5.568,brl_per_usd
brl_usd,BRL/USD official exchange rate,market_repricing,bcb_sgs,daily,2020-08-27,5.5956,brl_per_usd
brl_usd,BRL/USD official exchange rate,market_repricing,bcb_sgs,daily,2020-08-28,5.4679,brl_per_usd
brl_usd,BRL/USD official exchange rate,market_repricing,bcb_sgs,daily,2020-08-31,5.4713,brl_per_usd
brl_usd,BRL/USD official exchange rate,market_repricing,bcb_sgs,daily,2020-09-01,5.3732,brl_per_usd
brl_usd,BRL/USD official exchange rate,market_repricing,bcb_sgs,daily,2020-09-02,5.3741,brl_per_usd
brl_usd,BRL/USD official exchange rate,market_repricing,bcb_sgs,daily,2020-09-03,5.3079,brl_per_usd
brl_usd,BRL/USD official exchange rate,market_repricing,bcb_sgs,daily,2020-09-04,5.2848,brl_per_usd
brl_usd,BRL/USD official exchange rate,market_repricing,bcb_sgs,daily,2020-09-08,5.3698,brl_per_usd
brl_usd,BRL/USD official exchange rate,market_repricing,bcb_sgs,daily,2020-09-09,5.3024,brl_per_usd
brl_usd,BRL/USD official exchange rate,market_repricing,bcb_sgs,daily,2020-09-10,5.2936,brl_per_usd
brl_usd,BRL/USD official exchange rate,market_repricing,bcb_sgs,daily,2020-09-11,5.2854,brl_per_usd
brl_usd,BRL/USD official exchange rate,market_repricing,bcb_sgs,daily,2020-09-14,5.2984,brl_per_usd
brl_usd,BRL/USD official exchange rate,market_repricing,bcb_sgs,daily,2020-09-15,5.2728,brl_per_usd
brl_usd,BRL/USD official exchange rate,market_repricing,bcb_sgs,daily,2020-09-16,5.2532,brl_per_usd
brl_usd,BRL/USD official exchange rate,market_repricing,bcb_sgs,daily,2020-09-17,5.2593,brl_per_usd
brl_usd,BRL/USD official exchange rate,market_repricing,bcb_sgs,daily,2020-09-18,5.2889,brl_per_usd
brl_usd,BRL/USD official exchange rate,market_repricing,bcb_sgs,daily,2020-09-21,5.444,brl_per_usd
brl_usd,BRL/USD official exchange rate,market_repricing,bcb_sgs,daily,2020-09-22,5.4329,brl_per_usd
brl_usd,BRL/USD official exchange rate,market_repricing,bcb_sgs,daily,2020-09-23,5.5311,brl_per_usd
brl_usd,BRL/USD official exchange rate,market_repricing,bcb_sgs,daily,2020-09-24,5.5714,brl_per_usd
brl_usd,BRL/USD official exchange rate,market_repricing,bcb_sgs,daily,2020-09-25,5.5667,brl_per_usd
brl_usd,BRL/USD official exchange rate,market_repricing,bcb_sgs,daily,2020-09-28,5.5858,brl_per_usd
brl_usd,BRL/USD official exchange rate,market_repricing,bcb_sgs,daily,2020-09-29,5.6528,brl_per_usd
brl_usd,BRL/USD official exchange rate,market_repricing,bcb_sgs,daily,2020-09-30,5.6407,brl_per_usd
brl_usd,BRL/USD official exchange rate,market_repricing,bcb_sgs,daily,2020-10-01,5.6441,brl_per_usd
brl_usd,BRL/USD official exchange rate,market_repricing,bcb_sgs,daily,2020-10-02,5.6464,brl_per_usd
brl_usd,BRL/USD official exchange rate,market_repricing,bcb_sgs,daily,2020-10-05,5.6299,brl_per_usd
brl_usd,BRL/USD official exchange rate,market_repricing,bcb_sgs,daily,2020-10-06,5.5205,brl_per_usd
brl_usd,BRL/USD official exchange rate,market_repricing,bcb_sgs,daily,2020-10-07,5.6018,brl_per_usd
brl_usd,BRL/USD official exchange rate,market_repricing,bcb_sgs,daily,2020-10-08,5.62,brl_per_usd
brl_usd,BRL/USD official exchange rate,market_repricing,bcb_sgs,daily,2020-10-09,5.5393,brl_per_usd
brl_usd,BRL/USD official exchange rate,market_repricing,bcb_sgs,daily,2020-10-13,5.5859,brl_per_usd
brl_usd,BRL/USD official exchange rate,market_repricing,bcb_sgs,daily,2020-10-14,5.5675,brl_per_usd
brl_usd,BRL/USD official exchange rate,market_repricing,bcb_sgs,daily,2020-10-15,5.6172,brl_per_usd
brl_usd,BRL/USD official exchange rate,market_repricing,bcb_sgs,daily,2020-10-16,5.6226,brl_per_usd
brl_usd,BRL/USD official exchange rate,market_repricing,bcb_sgs,daily,2020-10-19,5.6023,brl_per_usd
brl_usd,BRL/USD official exchange rate,market_repricing,bcb_sgs,daily,2020-10-20,5.583,brl_per_usd
brl_usd,BRL/USD official exchange rate,market_repricing,bcb_sgs,daily,2020-10-21,5.6006,brl_per_usd
brl_usd,BRL/USD official exchange rate,market_repricing,bcb_sgs,daily,2020-10-22,5.582,brl_per_usd
brl_usd,BRL/USD official exchange rate,market_repricing,bcb_sgs,daily,2020-10-23,5.612,brl_per_usd
brl_usd,BRL/USD official exchange rate,market_repricing,bcb_sgs,daily,2020-10-26,5.6328,brl_per_usd
brl_usd,BRL/USD official exchange rate,market_repricing,bcb_sgs,daily,2020-10-27,5.6491,brl_per_usd
brl_usd,BRL/USD official exchange rate,market_repricing,bcb_sgs,daily,2020-10-28,5.7325,brl_per_usd
brl_usd,BRL/USD official exchange rate,market_repricing,bcb_sgs,daily,2020-10-29,5.7803,brl_per_usd
brl_usd,BRL/USD official exchange rate,market_repricing,bcb_sgs,daily,2020-10-30,5.7718,brl_per_usd
brl_usd,BRL/USD official exchange rate,market_repricing,bcb_sgs,daily,2020-11-03,5.6895,brl_per_usd
brl_usd,BRL/USD official exchange rate,market_repricing,bcb_sgs,daily,2020-11-04,5.6932,brl_per_usd
brl_usd,BRL/USD official exchange rate,market_repricing,bcb_sgs,daily,2020-11-05,5.5624,brl_per_usd
brl_usd,BRL/USD official exchange rate,market_repricing,bcb_sgs,daily,2020-11-06,5.5313,brl_per_usd
brl_usd,BRL/USD official exchange rate,market_repricing,bcb_sgs,daily,2020-11-09,5.2821,brl_per_usd
brl_usd,BRL/USD official exchange rate,market_repricing,bcb_sgs,daily,2020-11-10,5.3696,brl_per_usd
brl_usd,BRL/USD official exchange rate,market_repricing,bcb_sgs,daily,2020-11-11,5.402,brl_per_usd
brl_usd,BRL/USD official exchange rate,market_repricing,bcb_sgs,daily,2020-11-12,5.4094,brl_per_usd
brl_usd,BRL/USD official exchange rate,market_repricing,bcb_sgs,daily,2020-11-13,5.4854,brl_per_usd
brl_usd,BRL/USD official exchange rate,market_repricing,bcb_sgs,daily,2020-11-16,5.4198,brl_per_usd
brl_usd,BRL/USD official exchange rate,market_repricing,bcb_sgs,daily,2020-11-17,5.3968,brl_per_usd
brl_usd,BRL/USD official exchange rate,market_repricing,bcb_sgs,daily,2020-11-18,5.2932,brl_per_usd
brl_usd,BRL/USD official exchange rate,market_repricing,bcb_sgs,daily,2020-11-19,5.333,brl_per_usd
brl_usd,BRL/USD official exchange rate,market_repricing,bcb_sgs,daily,2020-11-20,5.3505,brl_per_usd
brl_usd,BRL/USD official exchange rate,market_repricing,bcb_sgs,daily,2020-11-23,5.3828,brl_per_usd
brl_usd,BRL/USD official exchange rate,market_repricing,bcb_sgs,daily,2020-11-24,5.4037,brl_per_usd
brl_usd,BRL/USD official exchange rate,market_repricing,bcb_sgs,daily,2020-11-25,5.3508,brl_per_usd
brl_usd,BRL/USD official exchange rate,market_repricing,bcb_sgs,daily,2020-11-26,5.3201,brl_per_usd
brl_usd,BRL/USD official exchange rate,market_repricing,bcb_sgs,daily,2020-11-27,5.3494,brl_per_usd
brl_usd,BRL/USD official exchange rate,market_repricing,bcb_sgs,daily,2020-11-30,5.3317,brl_per_usd
brl_usd,BRL/USD official exchange rate,market_repricing,bcb_sgs,daily,2020-12-01,5.2789,brl_per_usd
brl_usd,BRL/USD official exchange rate,market_repricing,bcb_sgs,daily,2020-12-02,5.2267,brl_per_usd
brl_usd,BRL/USD official exchange rate,market_repricing,bcb_sgs,daily,2020-12-03,5.1625,brl_per_usd
brl_usd,BRL/USD official exchange rate,market_repricing,bcb_sgs,daily,2020-12-04,5.1706,brl_per_usd
brl_usd,BRL/USD official exchange rate,market_repricing,bcb_sgs,daily,2020-12-07,5.1018,brl_per_usd
brl_usd,BRL/USD official exchange rate,market_repricing,bcb_sgs,daily,2020-12-08,5.092,brl_per_usd
brl_usd,BRL/USD official exchange rate,market_repricing,bcb_sgs,daily,2020-12-09,5.1109,brl_per_usd
brl_usd,BRL/USD official exchange rate,market_repricing,bcb_sgs,daily,2020-12-10,5.0852,brl_per_usd
brl_usd,BRL/USD official exchange rate,market_repricing,bcb_sgs,daily,2020-12-11,5.0691,brl_per_usd
brl_usd,BRL/USD official exchange rate,market_repricing,bcb_sgs,daily,2020-12-14,5.0578,brl_per_usd
brl_usd,BRL/USD official exchange rate,market_repricing,bcb_sgs,daily,2020-12-15,5.0968,brl_per_usd
brl_usd,BRL/USD official exchange rate,market_repricing,bcb_sgs,daily,2020-12-16,5.1057,brl_per_usd
brl_usd,BRL/USD official exchange rate,market_repricing,bcb_sgs,daily,2020-12-17,5.0612,brl_per_usd
brl_usd,BRL/USD official exchange rate,market_repricing,bcb_sgs,daily,2020-12-18,5.0986,brl_per_usd
brl_usd,BRL/USD official exchange rate,market_repricing,bcb_sgs,daily,2020-12-21,5.1572,brl_per_usd
brl_usd,BRL/USD official exchange rate,market_repricing,bcb_sgs,daily,2020-12-22,5.1473,brl_per_usd
brl_usd,BRL/USD official exchange rate,market_repricing,bcb_sgs,daily,2020-12-23,5.174,brl_per_usd
brl_usd,BRL/USD official exchange rate,market_repricing,bcb_sgs,daily,2020-12-24,5.18,brl_per_usd
brl_usd,BRL/USD official exchange rate,market_repricing,bcb_sgs,daily,2020-12-28,5.239,brl_per_usd
brl_usd,BRL/USD official exchange rate,market_repricing,bcb_sgs,daily,2020-12-29,5.1942,brl_per_usd
brl_usd,BRL/USD official exchange rate,market_repricing,bcb_sgs,daily,2020-12-30,5.1967,brl_per_usd
brl_usd,BRL/USD official exchange rate,market_repricing,bcb_sgs,daily,2020-12-31,5.1967,brl_per_usd
brl_usd,BRL/USD official exchange rate,market_repricing,bcb_sgs,daily,2021-01-04,5.1626,brl_per_usd
brl_usd,BRL/USD official exchange rate,market_repricing,bcb_sgs,daily,2021-01-05,5.3269,brl_per_usd
brl_usd,BRL/USD official exchange rate,market_repricing,bcb_sgs,daily,2021-01-06,5.3182,brl_per_usd
brl_usd,BRL/USD official exchange rate,market_repricing,bcb_sgs,daily,2021-01-07,5.3433,brl_per_usd
brl_usd,BRL/USD official exchange rate,market_repricing,bcb_sgs,daily,2021-01-08,5.3683,brl_per_usd
brl_usd,BRL/USD official exchange rate,market_repricing,bcb_sgs,daily,2021-01-11,5.4966,brl_per_usd
brl_usd,BRL/USD official exchange rate,market_repricing,bcb_sgs,daily,2021-01-12,5.4637,brl_per_usd
brl_usd,BRL/USD official exchange rate,market_repricing,bcb_sgs,daily,2021-01-13,5.307,brl_per_usd
brl_usd,BRL/USD official exchange rate,market_repricing,bcb_sgs,daily,2021-01-14,5.2617,brl_per_usd
brl_usd,BRL/USD official exchange rate,market_repricing,bcb_sgs,daily,2021-01-15,5.2714,brl_per_usd
brl_usd,BRL/USD official exchange rate,market_repricing,bcb_sgs,daily,2021-01-18,5.2788,brl_per_usd
brl_usd,BRL/USD official exchange rate,market_repricing,bcb_sgs,daily,2021-01-19,5.2945,brl_per_usd
brl_usd,BRL/USD official exchange rate,market_repricing,bcb_sgs,daily,2021-01-20,5.3033,brl_per_usd
brl_usd,BRL/USD official exchange rate,market_repricing,bcb_sgs,daily,2021-01-21,5.3166,brl_per_usd
brl_usd,BRL/USD official exchange rate,market_repricing,bcb_sgs,daily,2021-01-22,5.4301,brl_per_usd
brl_usd,BRL/USD official exchange rate,market_repricing,bcb_sgs,daily,2021-01-25,5.5089,brl_per_usd
brl_usd,BRL/USD official exchange rate,market_repricing,bcb_sgs,daily,2021-01-26,5.3865,brl_per_usd
brl_usd,BRL/USD official exchange rate,market_repricing,bcb_sgs,daily,2021-01-27,5.3824,brl_per_usd
brl_usd,BRL/USD official exchange rate,market_repricing,bcb_sgs,daily,2021-01-28,5.4282,brl_per_usd
brl_usd,BRL/USD official exchange rate,market_repricing,bcb_sgs,daily,2021-01-29,5.4759,brl_per_usd
brl_usd,BRL/USD official exchange rate,market_repricing,bcb_sgs,daily,2021-02-01,5.4608,brl_per_usd
brl_usd,BRL/USD official exchange rate,market_repricing,bcb_sgs,daily,2021-02-02,5.3875,brl_per_usd
brl_usd,BRL/USD official exchange rate,market_repricing,bcb_sgs,daily,2021-02-03,5.3423,brl_per_usd
brl_usd,BRL/USD official exchange rate,market_repricing,bcb_sgs,daily,2021-02-04,5.391,brl_per_usd
brl_usd,BRL/USD official exchange rate,market_repricing,bcb_sgs,daily,2021-02-05,5.3884,brl_per_usd
brl_usd,BRL/USD official exchange rate,market_repricing,bcb_sgs,daily,2021-02-08,5.367,brl_per_usd
brl_usd,BRL/USD official exchange rate,market_repricing,bcb_sgs,daily,2021-02-09,5.4216,brl_per_usd
brl_usd,BRL/USD official exchange rate,market_repricing,bcb_sgs,daily,2021-02-10,5.4024,brl_per_usd
brl_usd,BRL/USD official exchange rate,market_repricing,bcb_sgs,daily,2021-02-11,5.3626,brl_per_usd
brl_usd,BRL/USD official exchange rate,market_repricing,bcb_sgs,daily,2021-02-12,5.3815,brl_per_usd
brl_usd,BRL/USD official exchange rate,market_repricing,bcb_sgs,daily,2021-02-17,5.4138,brl_per_usd
brl_usd,BRL/USD official exchange rate,market_repricing,bcb_sgs,daily,2021-02-18,5.4238,brl_per_usd
brl_usd,BRL/USD official exchange rate,market_repricing,bcb_sgs,daily,2021-02-19,5.3924,brl_per_usd
brl_usd,BRL/USD official exchange rate,market_repricing,bcb_sgs,daily,2021-02-22,5.5044,brl_per_usd
brl_usd,BRL/USD official exchange rate,market_repricing,bcb_sgs,daily,2021-02-23,5.449,brl_per_usd
brl_usd,BRL/USD official exchange rate,market_repricing,bcb_sgs,daily,2021-02-24,5.4182,brl_per_usd
brl_usd,BRL/USD official exchange rate,market_repricing,bcb_sgs,daily,2021-02-25,5.46,brl_per_usd
brl_usd,BRL/USD official exchange rate,market_repricing,bcb_sgs,daily,2021-02-26,5.5302,brl_per_usd
brl_usd,BRL/USD official exchange rate,market_repricing,bcb_sgs,daily,2021-03-01,5.5832,brl_per_usd
brl_usd,BRL/USD official exchange rate,market_repricing,bcb_sgs,daily,2021-03-02,5.6844,brl_per_usd
brl_usd,BRL/USD official exchange rate,market_repricing,bcb_sgs,daily,2021-03-03,5.7342,brl_per_usd
brl_usd,BRL/USD official exchange rate,market_repricing,bcb_sgs,daily,2021-03-04,5.6008,brl_per_usd
brl_usd,BRL/USD official exchange rate,market_repricing,bcb_sgs,daily,2021-03-05,5.687,brl_per_usd
brl_usd,BRL/USD official exchange rate,market_repricing,bcb_sgs,daily,2021-03-08,5.7343,brl_per_usd
brl_usd,BRL/USD official exchange rate,market_repricing,bcb_sgs,daily,2021-03-09,5.8397,brl_per_usd
brl_usd,BRL/USD official exchange rate,market_repricing,bcb_sgs,daily,2021-03-10,5.7449,brl_per_usd
brl_usd,BRL/USD official exchange rate,market_repricing,bcb_sgs,daily,2021-03-11,5.589,brl_per_usd
brl_usd,BRL/USD official exchange rate,market_repricing,bcb_sgs,daily,2021-03-12,5.564,brl_per_usd
brl_usd,BRL/USD official exchange rate,market_repricing,bcb_sgs,daily,2021-03-15,5.6296,brl_per_usd
brl_usd,BRL/USD official exchange rate,market_repricing,bcb_sgs,daily,2021-03-16,5.5851,brl_per_usd
brl_usd,BRL/USD official exchange rate,market_repricing,bcb_sgs,daily,2021-03-17,5.6579,brl_per_usd
brl_usd,BRL/USD official exchange rate,market_repricing,bcb_sgs,daily,2021-03-18,5.5474,brl_per_usd
brl_usd,BRL/USD official exchange rate,market_repricing,bcb_sgs,daily,2021-03-19,5.5082,brl_per_usd
brl_usd,BRL/USD official exchange rate,market_repricing,bcb_sgs,daily,2021-03-22,5.5269,brl_per_usd
brl_usd,BRL/USD official exchange rate,market_repricing,bcb_sgs,daily,2021-03-23,5.4951,brl_per_usd
brl_usd,BRL/USD official exchange rate,market_repricing,bcb_sgs,daily,2021-03-24,5.533,brl_per_usd
brl_usd,BRL/USD official exchange rate,market_repricing,bcb_sgs,daily,2021-03-25,5.6585,brl_per_usd
brl_usd,BRL/USD official exchange rate,market_repricing,bcb_sgs,daily,2021-03-26,5.7042,brl_per_usd
brl_usd,BRL/USD official exchange rate,market_repricing,bcb_sgs,daily,2021-03-29,5.7925,brl_per_usd
brl_usd,BRL/USD official exchange rate,market_repricing,bcb_sgs,daily,2021-03-30,5.7642,brl_per_usd
brl_usd,BRL/USD official exchange rate,market_repricing,bcb_sgs,daily,2021-03-31,5.6973,brl_per_usd
brl_usd,BRL/USD official exchange rate,market_repricing,bcb_sgs,daily,2021-04-01,5.6849,brl_per_usd
brl_usd,BRL/USD official exchange rate,market_repricing,bcb_sgs,daily,2021-04-05,5.6579,brl_per_usd
brl_usd,BRL/USD official exchange rate,market_repricing,bcb_sgs,daily,2021-04-06,5.6263,brl_per_usd
brl_usd,BRL/USD official exchange rate,market_repricing,bcb_sgs,daily,2021-04-07,5.5864,brl_per_usd
brl_usd,BRL/USD official exchange rate,market_repricing,bcb_sgs,daily,2021-04-08,5.5817,brl_per_usd
brl_usd,BRL/USD official exchange rate,market_repricing,bcb_sgs,daily,2021-04-09,5.6445,brl_per_usd
brl_usd,BRL/USD official exchange rate,market_repricing,bcb_sgs,daily,2021-04-12,5.6582,brl_per_usd
brl_usd,BRL/USD official exchange rate,market_repricing,bcb_sgs,daily,2021-04-13,5.7064,brl_per_usd
brl_usd,BRL/USD official exchange rate,market_repricing,bcb_sgs,daily,2021-04-14,5.6936,brl_per_usd
brl_usd,BRL/USD official exchange rate,market_repricing,bcb_sgs,daily,2021-04-15,5.6234,brl_per_usd
brl_usd,BRL/USD official exchange rate,market_repricing,bcb_sgs,daily,2021-04-16,5.6328,brl_per_usd
brl_usd,BRL/USD official exchange rate,market_repricing,bcb_sgs,daily,2021-04-19,5.575,brl_per_usd
brl_usd,BRL/USD official exchange rate,market_repricing,bcb_sgs,daily,2021-04-20,5.5266,brl_per_usd
brl_usd,BRL/USD official exchange rate,market_repricing,bcb_sgs,daily,2021-04-22,5.497,brl_per_usd
brl_usd,BRL/USD official exchange rate,market_repricing,bcb_sgs,daily,2021-04-23,5.4787,brl_per_usd
brl_usd,BRL/USD official exchange rate,market_repricing,bcb_sgs,daily,2021-04-26,5.4566,brl_per_usd
brl_usd,BRL/USD official exchange rate,market_repricing,bcb_sgs,daily,2021-04-27,5.4424,brl_per_usd
brl_usd,BRL/USD official exchange rate,market_repricing,bcb_sgs,daily,2021-04-28,5.4005,brl_per_usd
brl_usd,BRL/USD official exchange rate,market_repricing,bcb_sgs,daily,2021-04-29,5.3662,brl_per_usd
brl_usd,BRL/USD official exchange rate,market_repricing,bcb_sgs,daily,2021-04-30,5.4036,brl_per_usd
brl_usd,BRL/USD official exchange rate,market_repricing,bcb_sgs,daily,2021-05-03,5.4087,brl_per_usd
brl_usd,BRL/USD official exchange rate,market_repricing,bcb_sgs,daily,2021-05-04,5.4505,brl_per_usd
brl_usd,BRL/USD official exchange rate,market_repricing,bcb_sgs,daily,2021-05-05,5.3872,brl_per_usd
brl_usd,BRL/USD official exchange rate,market_repricing,bcb_sgs,daily,2021-05-06,5.2897,brl_per_usd
brl_usd,BRL/USD official exchange rate,market_repricing,bcb_sgs,daily,2021-05-07,5.2217,brl_per_usd
brl_usd,BRL/USD official exchange rate,market_repricing,bcb_sgs,daily,2021-05-10,5.2227,brl_per_usd
brl_usd,BRL/USD official exchange rate,market_repricing,bcb_sgs,daily,2021-05-11,5.2403,brl_per_usd
brl_usd,BRL/USD official exchange rate,market_repricing,bcb_sgs,daily,2021-05-12,5.2353,brl_per_usd
brl_usd,BRL/USD official exchange rate,market_repricing,bcb_sgs,daily,2021-05-13,5.2815,brl_per_usd
brl_usd,BRL/USD official exchange rate,market_repricing,bcb_sgs,daily,2021-05-14,5.2701,brl_per_usd
brl_usd,BRL/USD official exchange rate,market_repricing,bcb_sgs,daily,2021-05-17,5.2755,brl_per_usd
brl_usd,BRL/USD official exchange rate,market_repricing,bcb_sgs,daily,2021-05-18,5.2588,brl_per_usd
brl_usd,BRL/USD official exchange rate,market_repricing,bcb_sgs,daily,2021-05-19,5.2822,brl_per_usd
brl_usd,BRL/USD official exchange rate,market_repricing,bcb_sgs,daily,2021-05-20,5.2905,brl_per_usd
brl_usd,BRL/USD official exchange rate,market_repricing,bcb_sgs,daily,2021-05-21,5.3027,brl_per_usd
brl_usd,BRL/USD official exchange rate,market_repricing,bcb_sgs,daily,2021-05-24,5.3198,brl_per_usd
brl_usd,BRL/USD official exchange rate,market_repricing,bcb_sgs,daily,2021-05-25,5.3143,brl_per_usd
brl_usd,BRL/USD official exchange rate,market_repricing,bcb_sgs,daily,2021-05-26,5.3164,brl_per_usd
brl_usd,BRL/USD official exchange rate,market_repricing,bcb_sgs,daily,2021-05-27,5.284,brl_per_usd
brl_usd,BRL/USD official exchange rate,market_repricing,bcb_sgs,daily,2021-05-28,5.2281,brl_per_usd
brl_usd,BRL/USD official exchange rate,market_repricing,bcb_sgs,daily,2021-05-31,5.2322,brl_per_usd
brl_usd,BRL/USD official exchange rate,market_repricing,bcb_sgs,daily,2021-06-01,5.1636,brl_per_usd
brl_usd,BRL/USD official exchange rate,market_repricing,bcb_sgs,daily,2021-06-02,5.1147,brl_per_usd
brl_usd,BRL/USD official exchange rate,market_repricing,bcb_sgs,daily,2021-06-04,5.0666,brl_per_usd
brl_usd,BRL/USD official exchange rate,market_repricing,bcb_sgs,daily,2021-06-07,5.0498,brl_per_usd
brl_usd,BRL/USD official exchange rate,market_repricing,bcb_sgs,daily,2021-06-08,5.0489,brl_per_usd
brl_usd,BRL/USD official exchange rate,market_repricing,bcb_sgs,daily,2021-06-09,5.0533,brl_per_usd
brl_usd,BRL/USD official exchange rate,market_repricing,bcb_sgs,daily,2021-06-10,5.0635,brl_per_usd
brl_usd,BRL/USD official exchange rate,market_repricing,bcb_sgs,daily,2021-06-11,5.119,brl_per_usd
brl_usd,BRL/USD official exchange rate,market_repricing,bcb_sgs,daily,2021-06-14,5.0707,brl_per_usd
brl_usd,BRL/USD official exchange rate,market_repricing,bcb_sgs,daily,2021-06-15,5.0874,brl_per_usd
brl_usd,BRL/USD official exchange rate,market_repricing,bcb_sgs,daily,2021-06-16,5.0207,brl_per_usd
brl_usd,BRL/USD official exchange rate,market_repricing,bcb_sgs,daily,2021-06-17,5.0359,brl_per_usd
brl_usd,BRL/USD official exchange rate,market_repricing,bcb_sgs,daily,2021-06-18,5.0314,brl_per_usd
brl_usd,BRL/USD official exchange rate,market_repricing,bcb_sgs,daily,2021-06-21,5.0373,brl_per_usd
brl_usd,BRL/USD official exchange rate,market_repricing,bcb_sgs,daily,2021-06-22,5.0178,brl_per_usd
brl_usd,BRL/USD official exchange rate,market_repricing,bcb_sgs,daily,2021-06-23,4.9519,brl_per_usd
brl_usd,BRL/USD official exchange rate,market_repricing,bcb_sgs,daily,2021-06-24,4.9277,brl_per_usd
brl_usd,BRL/USD official exchange rate,market_repricing,bcb_sgs,daily,2021-06-25,4.9206,brl_per_usd
brl_usd,BRL/USD official exchange rate,market_repricing,bcb_sgs,daily,2021-06-28,4.942,brl_per_usd
brl_usd,BRL/USD official exchange rate,market_repricing,bcb_sgs,daily,2021-06-29,4.945,brl_per_usd
brl_usd,BRL/USD official exchange rate,market_repricing,bcb_sgs,daily,2021-06-30,5.0022,brl_per_usd
brl_usd,BRL/USD official exchange rate,market_repricing,bcb_sgs,daily,2021-07-01,5.0055,brl_per_usd
brl_usd,BRL/USD official exchange rate,market_repricing,bcb_sgs,daily,2021-07-02,5.0293,brl_per_usd
brl_usd,BRL/USD official exchange rate,market_repricing,bcb_sgs,daily,2021-07-05,5.0749,brl_per_usd
brl_usd,BRL/USD official exchange rate,market_repricing,bcb_sgs,daily,2021-07-06,5.1645,brl_per_usd
brl_usd,BRL/USD official exchange rate,market_repricing,bcb_sgs,daily,2021-07-07,5.2328,brl_per_usd
brl_usd,BRL/USD official exchange rate,market_repricing,bcb_sgs,daily,2021-07-08,5.2587,brl_per_usd
brl_usd,BRL/USD official exchange rate,market_repricing,bcb_sgs,daily,2021-07-09,5.2393,brl_per_usd
brl_usd,BRL/USD official exchange rate,market_repricing,bcb_sgs,daily,2021-07-12,5.2239,brl_per_usd
brl_usd,BRL/USD official exchange rate,market_repricing,bcb_sgs,daily,2021-07-13,5.177,brl_per_usd
brl_usd,BRL/USD official exchange rate,market_repricing,bcb_sgs,daily,2021-07-14,5.088,brl_per_usd
brl_usd,BRL/USD official exchange rate,market_repricing,bcb_sgs,daily,2021-07-15,5.1,brl_per_usd
brl_usd,BRL/USD official exchange rate,market_repricing,bcb_sgs,daily,2021-07-16,5.0941,brl_per_usd
brl_usd,BRL/USD official exchange rate,market_repricing,bcb_sgs,daily,2021-07-19,5.1978,brl_per_usd
brl_usd,BRL/USD official exchange rate,market_repricing,bcb_sgs,daily,2021-07-20,5.2465,brl_per_usd
brl_usd,BRL/USD official exchange rate,market_repricing,bcb_sgs,daily,2021-07-21,5.2516,brl_per_usd
brl_usd,BRL/USD official exchange rate,market_repricing,bcb_sgs,daily,2021-07-22,5.1978,brl_per_usd
brl_usd,BRL/USD official exchange rate,market_repricing,bcb_sgs,daily,2021-07-23,5.1701,brl_per_usd
brl_usd,BRL/USD official exchange rate,market_repricing,bcb_sgs,daily,2021-07-26,5.1863,brl_per_usd
brl_usd,BRL/USD official exchange rate,market_repricing,bcb_sgs,daily,2021-07-27,5.1669,brl_per_usd
brl_usd,BRL/USD official exchange rate,market_repricing,bcb_sgs,daily,2021-07-28,5.1527,brl_per_usd
brl_usd,BRL/USD official exchange rate,market_repricing,bcb_sgs,daily,2021-07-29,5.0682,brl_per_usd
brl_usd,BRL/USD official exchange rate,market_repricing,bcb_sgs,daily,2021-07-30,5.1216,brl_per_usd
brl_usd,BRL/USD official exchange rate,market_repricing,bcb_sgs,daily,2021-08-02,5.1379,brl_per_usd
brl_usd,BRL/USD official exchange rate,market_repricing,bcb_sgs,daily,2021-08-03,5.2464,brl_per_usd
brl_usd,BRL/USD official exchange rate,market_repricing,bcb_sgs,daily,2021-08-04,5.2091,brl_per_usd
brl_usd,BRL/USD official exchange rate,market_repricing,bcb_sgs,daily,2021-08-05,5.1464,brl_per_usd
brl_usd,BRL/USD official exchange rate,market_repricing,bcb_sgs,daily,2021-08-06,5.241,brl_per_usd
brl_usd,BRL/USD official exchange rate,market_repricing,bcb_sgs,daily,2021-08-09,5.2774,brl_per_usd
brl_usd,BRL/USD official exchange rate,market_repricing,bcb_sgs,daily,2021-08-10,5.2217,brl_per_usd
brl_usd,BRL/USD official exchange rate,market_repricing,bcb_sgs,daily,2021-08-11,5.2013,brl_per_usd
brl_usd,BRL/USD official exchange rate,market_repricing,bcb_sgs,daily,2021-08-12,5.2351,brl_per_usd
brl_usd,BRL/USD official exchange rate,market_repricing,bcb_sgs,daily,2021-08-13,5.2474,brl_per_usd
brl_usd,BRL/USD official exchange rate,market_repricing,bcb_sgs,daily,2021-08-16,5.2495,brl_per_usd
brl_usd,BRL/USD official exchange rate,market_repricing,bcb_sgs,daily,2021-08-17,5.2585,brl_per_usd
brl_usd,BRL/USD official exchange rate,market_repricing,bcb_sgs,daily,2021-08-18,5.3025,brl_per_usd
brl_usd,BRL/USD official exchange rate,market_repricing,bcb_sgs,daily,2021-08-19,5.418,brl_per_usd
brl_usd,BRL/USD official exchange rate,market_repricing,bcb_sgs,daily,2021-08-20,5.4274,brl_per_usd
brl_usd,BRL/USD official exchange rate,market_repricing,bcb_sgs,daily,2021-08-23,5.3686,brl_per_usd
brl_usd,BRL/USD official exchange rate,market_repricing,bcb_sgs,daily,2021-08-24,5.3017,brl_per_usd
brl_usd,BRL/USD official exchange rate,market_repricing,bcb_sgs,daily,2021-08-25,5.2465,brl_per_usd
brl_usd,BRL/USD official exchange rate,market_repricing,bcb_sgs,daily,2021-08-26,5.2429,brl_per_usd
brl_usd,BRL/USD official exchange rate,market_repricing,bcb_sgs,daily,2021-08-27,5.22,brl_per_usd
brl_usd,BRL/USD official exchange rate,market_repricing,bcb_sgs,daily,2021-08-30,5.1952,brl_per_usd
brl_usd,BRL/USD official exchange rate,market_repricing,bcb_sgs,daily,2021-08-31,5.1433,brl_per_usd
brl_usd,BRL/USD official exchange rate,market_repricing,bcb_sgs,daily,2021-09-01,5.1576,brl_per_usd
brl_usd,BRL/USD official exchange rate,market_repricing,bcb_sgs,daily,2021-09-02,5.1735,brl_per_usd
brl_usd,BRL/USD official exchange rate,market_repricing,bcb_sgs,daily,2021-09-03,5.1685,brl_per_usd
brl_usd,BRL/USD official exchange rate,market_repricing,bcb_sgs,daily,2021-09-06,5.1773,brl_per_usd
brl_usd,BRL/USD official exchange rate,market_repricing,bcb_sgs,daily,2021-09-08,5.2524,brl_per_usd
brl_usd,BRL/USD official exchange rate,market_repricing,bcb_sgs,daily,2021-09-09,5.2825,brl_per_usd
brl_usd,BRL/USD official exchange rate,market_repricing,bcb_sgs,daily,2021-09-10,5.2158,brl_per_usd
brl_usd,BRL/USD official exchange rate,market_repricing,bcb_sgs,daily,2021-09-13,5.219,brl_per_usd
brl_usd,BRL/USD official exchange rate,market_repricing,bcb_sgs,daily,2021-09-14,5.226,brl_per_usd
brl_usd,BRL/USD official exchange rate,market_repricing,bcb_sgs,daily,2021-09-15,5.2576,brl_per_usd
brl_usd,BRL/USD official exchange rate,market_repricing,bcb_sgs,daily,2021-09-16,5.2594,brl_per_usd
brl_usd,BRL/USD official exchange rate,market_repricing,bcb_sgs,daily,2021-09-17,5.3103,brl_per_usd
brl_usd,BRL/USD official exchange rate,market_repricing,bcb_sgs,daily,2021-09-20,5.3332,brl_per_usd
brl_usd,BRL/USD official exchange rate,market_repricing,bcb_sgs,daily,2021-09-21,5.3044,brl_per_usd
brl_usd,BRL/USD official exchange rate,market_repricing,bcb_sgs,daily,2021-09-22,5.2783,brl_per_usd
brl_usd,BRL/USD official exchange rate,market_repricing,bcb_sgs,daily,2021-09-23,5.2891,brl_per_usd
brl_usd,BRL/USD official exchange rate,market_repricing,bcb_sgs,daily,2021-09-24,5.3435,brl_per_usd
brl_usd,BRL/USD official exchange rate,market_repricing,bcb_sgs,daily,2021-09-27,5.3478,brl_per_usd
brl_usd,BRL/USD official exchange rate,market_repricing,bcb_sgs,daily,2021-09-28,5.4206,brl_per_usd
brl_usd,BRL/USD official exchange rate,market_repricing,bcb_sgs,daily,2021-09-29,5.4173,brl_per_usd
brl_usd,BRL/USD official exchange rate,market_repricing,bcb_sgs,daily,2021-09-30,5.4394,brl_per_usd
brl_usd,BRL/USD official exchange rate,market_repricing,bcb_sgs,daily,2021-10-01,5.3911,brl_per_usd
brl_usd,BRL/USD official exchange rate,market_repricing,bcb_sgs,daily,2021-10-04,5.4204,brl_per_usd
brl_usd,BRL/USD official exchange rate,market_repricing,bcb_sgs,daily,2021-10-05,5.4611,brl_per_usd
brl_usd,BRL/USD official exchange rate,market_repricing,bcb_sgs,daily,2021-10-06,5.5097,brl_per_usd
brl_usd,BRL/USD official exchange rate,market_repricing,bcb_sgs,daily,2021-10-07,5.514,brl_per_usd
brl_usd,BRL/USD official exchange rate,market_repricing,bcb_sgs,daily,2021-10-08,5.5084,brl_per_usd
brl_usd,BRL/USD official exchange rate,market_repricing,bcb_sgs,daily,2021-10-11,5.5161,brl_per_usd
brl_usd,BRL/USD official exchange rate,market_repricing,bcb_sgs,daily,2021-10-13,5.5471,brl_per_usd
brl_usd,BRL/USD official exchange rate,market_repricing,bcb_sgs,daily,2021-10-14,5.4988,brl_per_usd
brl_usd,BRL/USD official exchange rate,market_repricing,bcb_sgs,daily,2021-10-15,5.451,brl_per_usd
brl_usd,BRL/USD official exchange rate,market_repricing,bcb_sgs,daily,2021-10-18,5.5193,brl_per_usd
brl_usd,BRL/USD official exchange rate,market_repricing,bcb_sgs,daily,2021-10-19,5.5521,brl_per_usd
brl_usd,BRL/USD official exchange rate,market_repricing,bcb_sgs,daily,2021-10-20,5.5571,brl_per_usd
brl_usd,BRL/USD official exchange rate,market_repricing,bcb_sgs,daily,2021-10-21,5.6423,brl_per_usd
brl_usd,BRL/USD official exchange rate,market_repricing,bcb_sgs,daily,2021-10-22,5.7117,brl_per_usd
brl_usd,BRL/USD official exchange rate,market_repricing,bcb_sgs,daily,2021-10-25,5.5973,brl_per_usd
brl_usd,BRL/USD official exchange rate,market_repricing,bcb_sgs,daily,2021-10-26,5.58,brl_per_usd
brl_usd,BRL/USD official exchange rate,market_repricing,bcb_sgs,daily,2021-10-27,5.5667,brl_per_usd
brl_usd,BRL/USD official exchange rate,market_repricing,bcb_sgs,daily,2021-10-28,5.6124,brl_per_usd
brl_usd,BRL/USD official exchange rate,market_repricing,bcb_sgs,daily,2021-10-29,5.643,brl_per_usd
brl_usd,BRL/USD official exchange rate,market_repricing,bcb_sgs,daily,2021-11-01,5.6694,brl_per_usd
brl_usd,BRL/USD official exchange rate,market_repricing,bcb_sgs,daily,2021-11-03,5.6672,brl_per_usd
brl_usd,BRL/USD official exchange rate,market_repricing,bcb_sgs,daily,2021-11-04,5.5942,brl_per_usd
brl_usd,BRL/USD official exchange rate,market_repricing,bcb_sgs,daily,2021-11-05,5.5455,brl_per_usd
brl_usd,BRL/USD official exchange rate,market_repricing,bcb_sgs,daily,2021-11-08,5.5627,brl_per_usd
brl_usd,BRL/USD official exchange rate,market_repricing,bcb_sgs,daily,2021-11-09,5.4957,brl_per_usd
brl_usd,BRL/USD official exchange rate,market_repricing,bcb_sgs,daily,2021-11-10,5.459,brl_per_usd
brl_usd,BRL/USD official exchange rate,market_repricing,bcb_sgs,daily,2021-11-11,5.4171,brl_per_usd
brl_usd,BRL/USD official exchange rate,market_repricing,bcb_sgs,daily,2021-11-12,5.4199,brl_per_usd
brl_usd,BRL/USD official exchange rate,market_repricing,bcb_sgs,daily,2021-11-16,5.4772,brl_per_usd
brl_usd,BRL/USD official exchange rate,market_repricing,bcb_sgs,daily,2021-11-17,5.4993,brl_per_usd
brl_usd,BRL/USD official exchange rate,market_repricing,bcb_sgs,daily,2021-11-18,5.547,brl_per_usd
brl_usd,BRL/USD official exchange rate,market_repricing,bcb_sgs,daily,2021-11-19,5.5584,brl_per_usd
brl_usd,BRL/USD official exchange rate,market_repricing,bcb_sgs,daily,2021-11-22,5.5841,brl_per_usd
brl_usd,BRL/USD official exchange rate,market_repricing,bcb_sgs,daily,2021-11-23,5.6456,brl_per_usd
brl_usd,BRL/USD official exchange rate,market_repricing,bcb_sgs,daily,2021-11-24,5.6027,brl_per_usd
brl_usd,BRL/USD official exchange rate,market_repricing,bcb_sgs,daily,2021-11-25,5.574,brl_per_usd
brl_usd,BRL/USD official exchange rate,market_repricing,bcb_sgs,daily,2021-11-26,5.5865,brl_per_usd
brl_usd,BRL/USD official exchange rate,market_repricing,bcb_sgs,daily,2021-11-29,5.6118,brl_per_usd
brl_usd,BRL/USD official exchange rate,market_repricing,bcb_sgs,daily,2021-11-30,5.6199,brl_per_usd
brl_usd,BRL/USD official exchange rate,market_repricing,bcb_sgs,daily,2021-12-01,5.6168,brl_per_usd
brl_usd,BRL/USD official exchange rate,market_repricing,bcb_sgs,daily,2021-12-02,5.6345,brl_per_usd
brl_usd,BRL/USD official exchange rate,market_repricing,bcb_sgs,daily,2021-12-03,5.6432,brl_per_usd
brl_usd,BRL/USD official exchange rate,market_repricing,bcb_sgs,daily,2021-12-06,5.6877,brl_per_usd
brl_usd,BRL/USD official exchange rate,market_repricing,bcb_sgs,daily,2021-12-07,5.6411,brl_per_usd
brl_usd,BRL/USD official exchange rate,market_repricing,bcb_sgs,daily,2021-12-08,5.5779,brl_per_usd
brl_usd,BRL/USD official exchange rate,market_repricing,bcb_sgs,daily,2021-12-09,5.5564,brl_per_usd
brl_usd,BRL/USD official exchange rate,market_repricing,bcb_sgs,daily,2021-12-10,5.5931,brl_per_usd
brl_usd,BRL/USD official exchange rate,market_repricing,bcb_sgs,daily,2021-12-13,5.6357,brl_per_usd
brl_usd,BRL/USD official exchange rate,market_repricing,bcb_sgs,daily,2021-12-14,5.6461,brl_per_usd
brl_usd,BRL/USD official exchange rate,market_repricing,bcb_sgs,daily,2021-12-15,5.7127,brl_per_usd
brl_usd,BRL/USD official exchange rate,market_repricing,bcb_sgs,daily,2021-12-16,5.6963,brl_per_usd
brl_usd,BRL/USD official exchange rate,market_repricing,bcb_sgs,daily,2021-12-17,5.6959,brl_per_usd
brl_usd,BRL/USD official exchange rate,market_repricing,bcb_sgs,daily,2021-12-20,5.7055,brl_per_usd
brl_usd,BRL/USD official exchange rate,market_repricing,bcb_sgs,daily,2021-12-21,5.7372,brl_per_usd
brl_usd,BRL/USD official exchange rate,market_repricing,bcb_sgs,daily,2021-12-22,5.7201,brl_per_usd
brl_usd,BRL/USD official exchange rate,market_repricing,bcb_sgs,daily,2021-12-23,5.691,brl_per_usd
brl_usd,BRL/USD official exchange rate,market_repricing,bcb_sgs,daily,2021-12-24,5.6591,brl_per_usd
brl_usd,BRL/USD official exchange rate,market_repricing,bcb_sgs,daily,2021-12-27,5.665,brl_per_usd
brl_usd,BRL/USD official exchange rate,market_repricing,bcb_sgs,daily,2021-12-28,5.6438,brl_per_usd
brl_usd,BRL/USD official exchange rate,market_repricing,bcb_sgs,daily,2021-12-29,5.6619,brl_per_usd
brl_usd,BRL/USD official exchange rate,market_repricing,bcb_sgs,daily,2021-12-30,5.5805,brl_per_usd
brl_usd,BRL/USD official exchange rate,market_repricing,bcb_sgs,daily,2021-12-31,5.5805,brl_per_usd
brl_usd,BRL/USD official exchange rate,market_repricing,bcb_sgs,daily,2022-01-03,5.6309,brl_per_usd
brl_usd,BRL/USD official exchange rate,market_repricing,bcb_sgs,daily,2022-01-04,5.6776,brl_per_usd
brl_usd,BRL/USD official exchange rate,market_repricing,bcb_sgs,daily,2022-01-05,5.6628,brl_per_usd
brl_usd,BRL/USD official exchange rate,market_repricing,bcb_sgs,daily,2022-01-06,5.7042,brl_per_usd
brl_usd,BRL/USD official exchange rate,market_repricing,bcb_sgs,daily,2022-01-07,5.6753,brl_per_usd
brl_usd,BRL/USD official exchange rate,market_repricing,bcb_sgs,daily,2022-01-10,5.6736,brl_per_usd
brl_usd,BRL/USD official exchange rate,market_repricing,bcb_sgs,daily,2022-01-11,5.6351,brl_per_usd
brl_usd,BRL/USD official exchange rate,market_repricing,bcb_sgs,daily,2022-01-12,5.5611,brl_per_usd
brl_usd,BRL/USD official exchange rate,market_repricing,bcb_sgs,daily,2022-01-13,5.5246,brl_per_usd
brl_usd,BRL/USD official exchange rate,market_repricing,bcb_sgs,daily,2022-01-14,5.5349,brl_per_usd
brl_usd,BRL/USD official exchange rate,market_repricing,bcb_sgs,daily,2022-01-17,5.5058,brl_per_usd
brl_usd,BRL/USD official exchange rate,market_repricing,bcb_sgs,daily,2022-01-18,5.5213,brl_per_usd
brl_usd,BRL/USD official exchange rate,market_repricing,bcb_sgs,daily,2022-01-19,5.4978,brl_per_usd
brl_usd,BRL/USD official exchange rate,market_repricing,bcb_sgs,daily,2022-01-20,5.4166,brl_per_usd
brl_usd,BRL/USD official exchange rate,market_repricing,bcb_sgs,daily,2022-01-21,5.4401,brl_per_usd
brl_usd,BRL/USD official exchange rate,market_repricing,bcb_sgs,daily,2022-01-24,5.491,brl_per_usd
brl_usd,BRL/USD official exchange rate,market_repricing,bcb_sgs,daily,2022-01-25,5.4971,brl_per_usd
brl_usd,BRL/USD official exchange rate,market_repricing,bcb_sgs,daily,2022-01-26,5.4324,brl_per_usd
brl_usd,BRL/USD official exchange rate,market_repricing,bcb_sgs,daily,2022-01-27,5.3812,brl_per_usd
brl_usd,BRL/USD official exchange rate,market_repricing,bcb_sgs,daily,2022-01-28,5.3954,brl_per_usd
brl_usd,BRL/USD official exchange rate,market_repricing,bcb_sgs,daily,2022-01-31,5.3574,brl_per_usd
brl_usd,BRL/USD official exchange rate,market_repricing,bcb_sgs,daily,2022-02-01,5.281,brl_per_usd
brl_usd,BRL/USD official exchange rate,market_repricing,bcb_sgs,daily,2022-02-02,5.2956,brl_per_usd
brl_usd,BRL/USD official exchange rate,market_repricing,bcb_sgs,daily,2022-02-03,5.3025,brl_per_usd
brl_usd,BRL/USD official exchange rate,market_repricing,bcb_sgs,daily,2022-02-04,5.3284,brl_per_usd
brl_usd,BRL/USD official exchange rate,market_repricing,bcb_sgs,daily,2022-02-07,5.2913,brl_per_usd
brl_usd,BRL/USD official exchange rate,market_repricing,bcb_sgs,daily,2022-02-08,5.2699,brl_per_usd
brl_usd,BRL/USD official exchange rate,market_repricing,bcb_sgs,daily,2022-02-09,5.2735,brl_per_usd
brl_usd,BRL/USD official exchange rate,market_repricing,bcb_sgs,daily,2022-02-10,5.2101,brl_per_usd
brl_usd,BRL/USD official exchange rate,market_repricing,bcb_sgs,daily,2022-02-11,5.1987,brl_per_usd
brl_usd,BRL/USD official exchange rate,market_repricing,bcb_sgs,daily,2022-02-14,5.2106,brl_per_usd
brl_usd,BRL/USD official exchange rate,market_repricing,bcb_sgs,daily,2022-02-15,5.1881,brl_per_usd
brl_usd,BRL/USD official exchange rate,market_repricing,bcb_sgs,daily,2022-02-16,5.163,brl_per_usd
brl_usd,BRL/USD official exchange rate,market_repricing,bcb_sgs,daily,2022-02-17,5.1565,brl_per_usd
brl_usd,BRL/USD official exchange rate,market_repricing,bcb_sgs,daily,2022-02-18,5.1339,brl_per_usd
brl_usd,BRL/USD official exchange rate,market_repricing,bcb_sgs,daily,2022-02-21,5.0997,brl_per_usd
brl_usd,BRL/USD official exchange rate,market_repricing,bcb_sgs,daily,2022-02-22,5.0611,brl_per_usd
brl_usd,BRL/USD official exchange rate,market_repricing,bcb_sgs,daily,2022-02-23,5.0143,brl_per_usd
brl_usd,BRL/USD official exchange rate,market_repricing,bcb_sgs,daily,2022-02-24,5.1174,brl_per_usd
brl_usd,BRL/USD official exchange rate,market_repricing,bcb_sgs,daily,2022-02-25,5.1394,brl_per_usd
brl_usd,BRL/USD official exchange rate,market_repricing,bcb_sgs,daily,2022-03-02,5.1347,brl_per_usd
brl_usd,BRL/USD official exchange rate,market_repricing,bcb_sgs,daily,2022-03-03,5.0479,brl_per_usd
brl_usd,BRL/USD official exchange rate,market_repricing,bcb_sgs,daily,2022-03-04,5.0758,brl_per_usd
brl_usd,BRL/USD official exchange rate,market_repricing,bcb_sgs,daily,2022-03-07,5.0579,brl_per_usd
brl_usd,BRL/USD official exchange rate,market_repricing,bcb_sgs,daily,2022-03-08,5.0903,brl_per_usd
brl_usd,BRL/USD official exchange rate,market_repricing,bcb_sgs,daily,2022-03-09,5.0094,brl_per_usd
brl_usd,BRL/USD official exchange rate,market_repricing,bcb_sgs,daily,2022-03-10,5.0513,brl_per_usd
brl_usd,BRL/USD official exchange rate,market_repricing,bcb_sgs,daily,2022-03-11,5.0255,brl_per_usd
brl_usd,BRL/USD official exchange rate,market_repricing,bcb_sgs,daily,2022-03-14,5.0647,brl_per_usd
brl_usd,BRL/USD official exchange rate,market_repricing,bcb_sgs,daily,2022-03-15,5.1314,brl_per_usd
brl_usd,BRL/USD official exchange rate,market_repricing,bcb_sgs,daily,2022-03-16,5.1287,brl_per_usd
brl_usd,BRL/USD official exchange rate,market_repricing,bcb_sgs,daily,2022-03-17,5.0764,brl_per_usd
brl_usd,BRL/USD official exchange rate,market_repricing,bcb_sgs,daily,2022-03-18,5.0411,brl_per_usd
brl_usd,BRL/USD official exchange rate,market_repricing,bcb_sgs,daily,2022-03-21,4.9666,brl_per_usd
brl_usd,BRL/USD official exchange rate,market_repricing,bcb_sgs,daily,2022-03-22,4.9208,brl_per_usd
brl_usd,BRL/USD official exchange rate,market_repricing,bcb_sgs,daily,2022-03-23,4.8704,brl_per_usd
brl_usd,BRL/USD official exchange rate,market_repricing,bcb_sgs,daily,2022-03-24,4.8067,brl_per_usd
brl_usd,BRL/USD official exchange rate,market_repricing,bcb_sgs,daily,2022-03-25,4.7782,brl_per_usd
brl_usd,BRL/USD official exchange rate,market_repricing,bcb_sgs,daily,2022-03-28,4.7905,brl_per_usd
brl_usd,BRL/USD official exchange rate,market_repricing,bcb_sgs,daily,2022-03-29,4.7486,brl_per_usd
brl_usd,BRL/USD official exchange rate,market_repricing,bcb_sgs,daily,2022-03-30,4.7497,brl_per_usd
brl_usd,BRL/USD official exchange rate,market_repricing,bcb_sgs,daily,2022-03-31,4.7378,brl_per_usd
brl_usd,BRL/USD official exchange rate,market_repricing,bcb_sgs,daily,2022-04-01,4.6984,brl_per_usd
brl_usd,BRL/USD official exchange rate,market_repricing,bcb_sgs,daily,2022-04-04,4.6175,brl_per_usd
brl_usd,BRL/USD official exchange rate,market_repricing,bcb_sgs,daily,2022-04-05,4.64,brl_per_usd
brl_usd,BRL/USD official exchange rate,market_repricing,bcb_sgs,daily,2022-04-06,4.6967,brl_per_usd
brl_usd,BRL/USD official exchange rate,market_repricing,bcb_sgs,daily,2022-04-07,4.7422,brl_per_usd
brl_usd,BRL/USD official exchange rate,market_repricing,bcb_sgs,daily,2022-04-08,4.7513,brl_per_usd
brl_usd,BRL/USD official exchange rate,market_repricing,bcb_sgs,daily,2022-04-11,4.7025,brl_per_usd
brl_usd,BRL/USD official exchange rate,market_repricing,bcb_sgs,daily,2022-04-12,4.6483,brl_per_usd
brl_usd,BRL/USD official exchange rate,market_repricing,bcb_sgs,daily,2022-04-13,4.6811,brl_per_usd
brl_usd,BRL/USD official exchange rate,market_repricing,bcb_sgs,daily,2022-04-14,4.7158,brl_per_usd
brl_usd,BRL/USD official exchange rate,market_repricing,bcb_sgs,daily,2022-04-18,4.6746,brl_per_usd
brl_usd,BRL/USD official exchange rate,market_repricing,bcb_sgs,daily,2022-04-19,4.6664,brl_per_usd
brl_usd,BRL/USD official exchange rate,market_repricing,bcb_sgs,daily,2022-04-20,4.6397,brl_per_usd
brl_usd,BRL/USD official exchange rate,market_repricing,bcb_sgs,daily,2022-04-22,4.7326,brl_per_usd
brl_usd,BRL/USD official exchange rate,market_repricing,bcb_sgs,daily,2022-04-25,4.8818,brl_per_usd
brl_usd,BRL/USD official exchange rate,market_repricing,bcb_sgs,daily,2022-04-26,4.9666,brl_per_usd
brl_usd,BRL/USD official exchange rate,market_repricing,bcb_sgs,daily,2022-04-27,5.0167,brl_per_usd
brl_usd,BRL/USD official exchange rate,market_repricing,bcb_sgs,daily,2022-04-28,5.011,brl_per_usd
brl_usd,BRL/USD official exchange rate,market_repricing,bcb_sgs,daily,2022-04-29,4.9191,brl_per_usd
brl_usd,BRL/USD official exchange rate,market_repricing,bcb_sgs,daily,2022-05-02,5.0266,brl_per_usd
brl_usd,BRL/USD official exchange rate,market_repricing,bcb_sgs,daily,2022-05-03,5.0167,brl_per_usd
brl_usd,BRL/USD official exchange rate,market_repricing,bcb_sgs,daily,2022-05-04,5.0093,brl_per_usd
brl_usd,BRL/USD official exchange rate,market_repricing,bcb_sgs,daily,2022-05-05,5.0051,brl_per_usd
brl_usd,BRL/USD official exchange rate,market_repricing,bcb_sgs,daily,2022-05-06,5.075,brl_per_usd
brl_usd,BRL/USD official exchange rate,market_repricing,bcb_sgs,daily,2022-05-09,5.134,brl_per_usd
brl_usd,BRL/USD official exchange rate,market_repricing,bcb_sgs,daily,2022-05-10,5.139,brl_per_usd
brl_usd,BRL/USD official exchange rate,market_repricing,bcb_sgs,daily,2022-05-11,5.1244,brl_per_usd
brl_usd,BRL/USD official exchange rate,market_repricing,bcb_sgs,daily,2022-05-12,5.1482,brl_per_usd
brl_usd,BRL/USD official exchange rate,market_repricing,bcb_sgs,daily,2022-05-13,5.1075,brl_per_usd
brl_usd,BRL/USD official exchange rate,market_repricing,bcb_sgs,daily,2022-05-16,5.0666,brl_per_usd
brl_usd,BRL/USD official exchange rate,market_repricing,bcb_sgs,daily,2022-05-17,4.9676,brl_per_usd
brl_usd,BRL/USD official exchange rate,market_repricing,bcb_sgs,daily,2022-05-18,4.9592,brl_per_usd
brl_usd,BRL/USD official exchange rate,market_repricing,bcb_sgs,daily,2022-05-19,4.9198,brl_per_usd
brl_usd,BRL/USD official exchange rate,market_repricing,bcb_sgs,daily,2022-05-20,4.8777,brl_per_usd
brl_usd,BRL/USD official exchange rate,market_repricing,bcb_sgs,daily,2022-05-23,4.7973,brl_per_usd
brl_usd,BRL/USD official exchange rate,market_repricing,bcb_sgs,daily,2022-05-24,4.8106,brl_per_usd
brl_usd,BRL/USD official exchange rate,market_repricing,bcb_sgs,daily,2022-05-25,4.8359,brl_per_usd
brl_usd,BRL/USD official exchange rate,market_repricing,bcb_sgs,daily,2022-05-26,4.7967,brl_per_usd
brl_usd,BRL/USD official exchange rate,market_repricing,bcb_sgs,daily,2022-05-27,4.7434,brl_per_usd
brl_usd,BRL/USD official exchange rate,market_repricing,bcb_sgs,daily,2022-05-30,4.7216,brl_per_usd
brl_usd,BRL/USD official exchange rate,market_repricing,bcb_sgs,daily,2022-05-31,4.7289,brl_per_usd
brl_usd,BRL/USD official exchange rate,market_repricing,bcb_sgs,daily,2022-06-01,4.7765,brl_per_usd
brl_usd,BRL/USD official exchange rate,market_repricing,bcb_sgs,daily,2022-06-02,4.7879,brl_per_usd
brl_usd,BRL/USD official exchange rate,market_repricing,bcb_sgs,daily,2022-06-03,4.7956,brl_per_usd
brl_usd,BRL/USD official exchange rate,market_repricing,bcb_sgs,daily,2022-06-06,4.7839,brl_per_usd
brl_usd,BRL/USD official exchange rate,market_repricing,bcb_sgs,daily,2022-06-07,4.8909,brl_per_usd
brl_usd,BRL/USD official exchange rate,market_repricing,bcb_sgs,daily,2022-06-08,4.8711,brl_per_usd
brl_usd,BRL/USD official exchange rate,market_repricing,bcb_sgs,daily,2022-06-09,4.8951,brl_per_usd
brl_usd,BRL/USD official exchange rate,market_repricing,bcb_sgs,daily,2022-06-10,4.9836,brl_per_usd
brl_usd,BRL/USD official exchange rate,market_repricing,bcb_sgs,daily,2022-06-13,5.1033,brl_per_usd
brl_usd,BRL/USD official exchange rate,market_repricing,bcb_sgs,daily,2022-06-14,5.1203,brl_per_usd
brl_usd,BRL/USD official exchange rate,market_repricing,bcb_sgs,daily,2022-06-15,5.1119,brl_per_usd
brl_usd,BRL/USD official exchange rate,market_repricing,bcb_sgs,daily,2022-06-17,5.1313,brl_per_usd
brl_usd,BRL/USD official exchange rate,market_repricing,bcb_sgs,daily,2022-06-20,5.1641,brl_per_usd
brl_usd,BRL/USD official exchange rate,market_repricing,bcb_sgs,daily,2022-06-21,5.1462,brl_per_usd
brl_usd,BRL/USD official exchange rate,market_repricing,bcb_sgs,daily,2022-06-22,5.1509,brl_per_usd
brl_usd,BRL/USD official exchange rate,market_repricing,bcb_sgs,daily,2022-06-23,5.1833,brl_per_usd
brl_usd,BRL/USD official exchange rate,market_repricing,bcb_sgs,daily,2022-06-24,5.2334,brl_per_usd
brl_usd,BRL/USD official exchange rate,market_repricing,bcb_sgs,daily,2022-06-27,5.2214,brl_per_usd
brl_usd,BRL/USD official exchange rate,market_repricing,bcb_sgs,daily,2022-06-28,5.2179,brl_per_usd
brl_usd,BRL/USD official exchange rate,market_repricing,bcb_sgs,daily,2022-06-29,5.2268,brl_per_usd
brl_usd,BRL/USD official exchange rate,market_repricing,bcb_sgs,daily,2022-06-30,5.238,brl_per_usd
brl_usd,BRL/USD official exchange rate,market_repricing,bcb_sgs,daily,2022-07-01,5.3142,brl_per_usd
brl_usd,BRL/USD official exchange rate,market_repricing,bcb_sgs,daily,2022-07-04,5.3038,brl_per_usd
brl_usd,BRL/USD official exchange rate,market_repricing,bcb_sgs,daily,2022-07-05,5.3899,brl_per_usd
brl_usd,BRL/USD official exchange rate,market_repricing,bcb_sgs,daily,2022-07-06,5.4321,brl_per_usd
brl_usd,BRL/USD official exchange rate,market_repricing,bcb_sgs,daily,2022-07-07,5.364,brl_per_usd
brl_usd,BRL/USD official exchange rate,market_repricing,bcb_sgs,daily,2022-07-08,5.3086,brl_per_usd
brl_usd,BRL/USD official exchange rate,market_repricing,bcb_sgs,daily,2022-07-11,5.3477,brl_per_usd
brl_usd,BRL/USD official exchange rate,market_repricing,bcb_sgs,daily,2022-07-12,5.412,brl_per_usd
brl_usd,BRL/USD official exchange rate,market_repricing,bcb_sgs,daily,2022-07-13,5.3992,brl_per_usd
brl_usd,BRL/USD official exchange rate,market_repricing,bcb_sgs,daily,2022-07-14,5.4568,brl_per_usd
brl_usd,BRL/USD official exchange rate,market_repricing,bcb_sgs,daily,2022-07-15,5.4014,brl_per_usd
brl_usd,BRL/USD official exchange rate,market_repricing,bcb_sgs,daily,2022-07-18,5.3675,brl_per_usd
brl_usd,BRL/USD official exchange rate,market_repricing,bcb_sgs,daily,2022-07-19,5.3904,brl_per_usd
brl_usd,BRL/USD official exchange rate,market_repricing,bcb_sgs,daily,2022-07-20,5.4288,brl_per_usd
brl_usd,BRL/USD official exchange rate,market_repricing,bcb_sgs,daily,2022-07-21,5.475,brl_per_usd
brl_usd,BRL/USD official exchange rate,market_repricing,bcb_sgs,daily,2022-07-22,5.4522,brl_per_usd
brl_usd,BRL/USD official exchange rate,market_repricing,bcb_sgs,daily,2022-07-25,5.4144,brl_per_usd
brl_usd,BRL/USD official exchange rate,market_repricing,bcb_sgs,daily,2022-07-26,5.3608,brl_per_usd
brl_usd,BRL/USD official exchange rate,market_repricing,bcb_sgs,daily,2022-07-27,5.3074,brl_per_usd
brl_usd,BRL/USD official exchange rate,market_repricing,bcb_sgs,daily,2022-07-28,5.2149,brl_per_usd
brl_usd,BRL/USD official exchange rate,market_repricing,bcb_sgs,daily,2022-07-29,5.1884,brl_per_usd
brl_usd,BRL/USD official exchange rate,market_repricing,bcb_sgs,daily,2022-08-01,5.1606,brl_per_usd
brl_usd,BRL/USD official exchange rate,market_repricing,bcb_sgs,daily,2022-08-02,5.2329,brl_per_usd
brl_usd,BRL/USD official exchange rate,market_repricing,bcb_sgs,daily,2022-08-03,5.2846,brl_per_usd
brl_usd,BRL/USD official exchange rate,market_repricing,bcb_sgs,daily,2022-08-04,5.2409,brl_per_usd
brl_usd,BRL/USD official exchange rate,market_repricing,bcb_sgs,daily,2022-08-05,5.2165,brl_per_usd
brl_usd,BRL/USD official exchange rate,market_repricing,bcb_sgs,daily,2022-08-08,5.1247,brl_per_usd
brl_usd,BRL/USD official exchange rate,market_repricing,bcb_sgs,daily,2022-08-09,5.1224,brl_per_usd
brl_usd,BRL/USD official exchange rate,market_repricing,bcb_sgs,daily,2022-08-10,5.0497,brl_per_usd
brl_usd,BRL/USD official exchange rate,market_repricing,bcb_sgs,daily,2022-08-11,5.1127,brl_per_usd
brl_usd,BRL/USD official exchange rate,market_repricing,bcb_sgs,daily,2022-08-12,5.1023,brl_per_usd
brl_usd,BRL/USD official exchange rate,market_repricing,bcb_sgs,daily,2022-08-15,5.0925,brl_per_usd
brl_usd,BRL/USD official exchange rate,market_repricing,bcb_sgs,daily,2022-08-16,5.134,brl_per_usd
brl_usd,BRL/USD official exchange rate,market_repricing,bcb_sgs,daily,2022-08-17,5.1784,brl_per_usd
brl_usd,BRL/USD official exchange rate,market_repricing,bcb_sgs,daily,2022-08-18,5.1773,brl_per_usd
brl_usd,BRL/USD official exchange rate,market_repricing,bcb_sgs,daily,2022-08-19,5.1961,brl_per_usd
brl_usd,BRL/USD official exchange rate,market_repricing,bcb_sgs,daily,2022-08-22,5.1709,brl_per_usd
brl_usd,BRL/USD official exchange rate,market_repricing,bcb_sgs,daily,2022-08-23,5.103,brl_per_usd
brl_usd,BRL/USD official exchange rate,market_repricing,bcb_sgs,daily,2022-08-24,5.105,brl_per_usd
brl_usd,BRL/USD official exchange rate,market_repricing,bcb_sgs,daily,2022-08-25,5.1173,brl_per_usd
brl_usd,BRL/USD official exchange rate,market_repricing,bcb_sgs,daily,2022-08-26,5.0903,brl_per_usd
brl_usd,BRL/USD official exchange rate,market_repricing,bcb_sgs,daily,2022-08-29,5.0428,brl_per_usd
brl_usd,BRL/USD official exchange rate,market_repricing,bcb_sgs,daily,2022-08-30,5.0617,brl_per_usd
brl_usd,BRL/USD official exchange rate,market_repricing,bcb_sgs,daily,2022-08-31,5.179,brl_per_usd
brl_usd,BRL/USD official exchange rate,market_repricing,bcb_sgs,daily,2022-09-01,5.2007,brl_per_usd
brl_usd,BRL/USD official exchange rate,market_repricing,bcb_sgs,daily,2022-09-02,5.1878,brl_per_usd
brl_usd,BRL/USD official exchange rate,market_repricing,bcb_sgs,daily,2022-09-05,5.1686,brl_per_usd
brl_usd,BRL/USD official exchange rate,market_repricing,bcb_sgs,daily,2022-09-06,5.2228,brl_per_usd
brl_usd,BRL/USD official exchange rate,market_repricing,bcb_sgs,daily,2022-09-08,5.2155,brl_per_usd
brl_usd,BRL/USD official exchange rate,market_repricing,bcb_sgs,daily,2022-09-09,5.1633,brl_per_usd
brl_usd,BRL/USD official exchange rate,market_repricing,bcb_sgs,daily,2022-09-12,5.1183,brl_per_usd
brl_usd,BRL/USD official exchange rate,market_repricing,bcb_sgs,daily,2022-09-13,5.1794,brl_per_usd
brl_usd,BRL/USD official exchange rate,market_repricing,bcb_sgs,daily,2022-09-14,5.1774,brl_per_usd
brl_usd,BRL/USD official exchange rate,market_repricing,bcb_sgs,daily,2022-09-15,5.2211,brl_per_usd
brl_usd,BRL/USD official exchange rate,market_repricing,bcb_sgs,daily,2022-09-16,5.2882,brl_per_usd
brl_usd,BRL/USD official exchange rate,market_repricing,bcb_sgs,daily,2022-09-19,5.2367,brl_per_usd
brl_usd,BRL/USD official exchange rate,market_repricing,bcb_sgs,daily,2022-09-20,5.1705,brl_per_usd
brl_usd,BRL/USD official exchange rate,market_repricing,bcb_sgs,daily,2022-09-21,5.1692,brl_per_usd
brl_usd,BRL/USD official exchange rate,market_repricing,bcb_sgs,daily,2022-09-22,5.1677,brl_per_usd
brl_usd,BRL/USD official exchange rate,market_repricing,bcb_sgs,daily,2022-09-23,5.2257,brl_per_usd
brl_usd,BRL/USD official exchange rate,market_repricing,bcb_sgs,daily,2022-09-26,5.3548,brl_per_usd
brl_usd,BRL/USD official exchange rate,market_repricing,bcb_sgs,daily,2022-09-27,5.3508,brl_per_usd
brl_usd,BRL/USD official exchange rate,market_repricing,bcb_sgs,daily,2022-09-28,5.3594,brl_per_usd
brl_usd,BRL/USD official exchange rate,market_repricing,bcb_sgs,daily,2022-09-29,5.3916,brl_per_usd
brl_usd,BRL/USD official exchange rate,market_repricing,bcb_sgs,daily,2022-09-30,5.4066,brl_per_usd
brl_usd,BRL/USD official exchange rate,market_repricing,bcb_sgs,daily,2022-10-03,5.2002,brl_per_usd
brl_usd,BRL/USD official exchange rate,market_repricing,bcb_sgs,daily,2022-10-04,5.1411,brl_per_usd
brl_usd,BRL/USD official exchange rate,market_repricing,bcb_sgs,daily,2022-10-05,5.2144,brl_per_usd
brl_usd,BRL/USD official exchange rate,market_repricing,bcb_sgs,daily,2022-10-06,5.2009,brl_per_usd
brl_usd,BRL/USD official exchange rate,market_repricing,bcb_sgs,daily,2022-10-07,5.2221,brl_per_usd
brl_usd,BRL/USD official exchange rate,market_repricing,bcb_sgs,daily,2022-10-10,5.1941,brl_per_usd
brl_usd,BRL/USD official exchange rate,market_repricing,bcb_sgs,daily,2022-10-11,5.2068,brl_per_usd
brl_usd,BRL/USD official exchange rate,market_repricing,bcb_sgs,daily,2022-10-13,5.3017,brl_per_usd
brl_usd,BRL/USD official exchange rate,market_repricing,bcb_sgs,daily,2022-10-14,5.2824,brl_per_usd
brl_usd,BRL/USD official exchange rate,market_repricing,bcb_sgs,daily,2022-10-17,5.2713,brl_per_usd
brl_usd,BRL/USD official exchange rate,market_repricing,bcb_sgs,daily,2022-10-18,5.2697,brl_per_usd
brl_usd,BRL/USD official exchange rate,market_repricing,bcb_sgs,daily,2022-10-19,5.2808,brl_per_usd
brl_usd,BRL/USD official exchange rate,market_repricing,bcb_sgs,daily,2022-10-20,5.2176,brl_per_usd
brl_usd,BRL/USD official exchange rate,market_repricing,bcb_sgs,daily,2022-10-21,5.1919,brl_per_usd
brl_usd,BRL/USD official exchange rate,market_repricing,bcb_sgs,daily,2022-10-24,5.2744,brl_per_usd
brl_usd,BRL/USD official exchange rate,market_repricing,bcb_sgs,daily,2022-10-25,5.3091,brl_per_usd
brl_usd,BRL/USD official exchange rate,market_repricing,bcb_sgs,daily,2022-10-26,5.3248,brl_per_usd
brl_usd,BRL/USD official exchange rate,market_repricing,bcb_sgs,daily,2022-10-27,5.3003,brl_per_usd
brl_usd,BRL/USD official exchange rate,market_repricing,bcb_sgs,daily,2022-10-28,5.3454,brl_per_usd
brl_usd,BRL/USD official exchange rate,market_repricing,bcb_sgs,daily,2022-10-31,5.257,brl_per_usd
brl_usd,BRL/USD official exchange rate,market_repricing,bcb_sgs,daily,2022-11-01,5.15,brl_per_usd
brl_usd,BRL/USD official exchange rate,market_repricing,bcb_sgs,daily,2022-11-03,5.1349,brl_per_usd
brl_usd,BRL/USD official exchange rate,market_repricing,bcb_sgs,daily,2022-11-04,5.036,brl_per_usd
brl_usd,BRL/USD official exchange rate,market_repricing,bcb_sgs,daily,2022-11-07,5.0886,brl_per_usd
brl_usd,BRL/USD official exchange rate,market_repricing,bcb_sgs,daily,2022-11-08,5.1744,brl_per_usd
brl_usd,BRL/USD official exchange rate,market_repricing,bcb_sgs,daily,2022-11-09,5.1629,brl_per_usd
brl_usd,BRL/USD official exchange rate,market_repricing,bcb_sgs,daily,2022-11-10,5.3064,brl_per_usd
brl_usd,BRL/USD official exchange rate,market_repricing,bcb_sgs,daily,2022-11-11,5.3051,brl_per_usd
brl_usd,BRL/USD official exchange rate,market_repricing,bcb_sgs,daily,2022-11-14,5.3013,brl_per_usd
brl_usd,BRL/USD official exchange rate,market_repricing,bcb_sgs,daily,2022-11-16,5.3204,brl_per_usd
brl_usd,BRL/USD official exchange rate,market_repricing,bcb_sgs,daily,2022-11-17,5.4655,brl_per_usd
brl_usd,BRL/USD official exchange rate,market_repricing,bcb_sgs,daily,2022-11-18,5.3477,brl_per_usd
brl_usd,BRL/USD official exchange rate,market_repricing,bcb_sgs,daily,2022-11-21,5.3259,brl_per_usd
brl_usd,BRL/USD official exchange rate,market_repricing,bcb_sgs,daily,2022-11-22,5.3339,brl_per_usd
brl_usd,BRL/USD official exchange rate,market_repricing,bcb_sgs,daily,2022-11-23,5.393,brl_per_usd
brl_usd,BRL/USD official exchange rate,market_repricing,bcb_sgs,daily,2022-11-24,5.3149,brl_per_usd
brl_usd,BRL/USD official exchange rate,market_repricing,bcb_sgs,daily,2022-11-25,5.3508,brl_per_usd
brl_usd,BRL/USD official exchange rate,market_repricing,bcb_sgs,daily,2022-11-28,5.3796,brl_per_usd
brl_usd,BRL/USD official exchange rate,market_repricing,bcb_sgs,daily,2022-11-29,5.3076,brl_per_usd
brl_usd,BRL/USD official exchange rate,market_repricing,bcb_sgs,daily,2022-11-30,5.2941,brl_per_usd
brl_usd,BRL/USD official exchange rate,market_repricing,bcb_sgs,daily,2022-12-01,5.1948,brl_per_usd
brl_usd,BRL/USD official exchange rate,market_repricing,bcb_sgs,daily,2022-12-02,5.1974,brl_per_usd
brl_usd,BRL/USD official exchange rate,market_repricing,bcb_sgs,daily,2022-12-05,5.2464,brl_per_usd
brl_usd,BRL/USD official exchange rate,market_repricing,bcb_sgs,daily,2022-12-06,5.2396,brl_per_usd
brl_usd,BRL/USD official exchange rate,market_repricing,bcb_sgs,daily,2022-12-07,5.2208,brl_per_usd
brl_usd,BRL/USD official exchange rate,market_repricing,bcb_sgs,daily,2022-12-08,5.2091,brl_per_usd
brl_usd,BRL/USD official exchange rate,market_repricing,bcb_sgs,daily,2022-12-09,5.2396,brl_per_usd
brl_usd,BRL/USD official exchange rate,market_repricing,bcb_sgs,daily,2022-12-12,5.3066,brl_per_usd
brl_usd,BRL/USD official exchange rate,market_repricing,bcb_sgs,daily,2022-12-13,5.2669,brl_per_usd
brl_usd,BRL/USD official exchange rate,market_repricing,bcb_sgs,daily,2022-12-14,5.3406,brl_per_usd
brl_usd,BRL/USD official exchange rate,market_repricing,bcb_sgs,daily,2022-12-15,5.3183,brl_per_usd
brl_usd,BRL/USD official exchange rate,market_repricing,bcb_sgs,daily,2022-12-16,5.2806,brl_per_usd
brl_usd,BRL/USD official exchange rate,market_repricing,bcb_sgs,daily,2022-12-19,5.316,brl_per_usd
brl_usd,BRL/USD official exchange rate,market_repricing,bcb_sgs,daily,2022-12-20,5.2427,brl_per_usd
brl_usd,BRL/USD official exchange rate,market_repricing,bcb_sgs,daily,2022-12-21,5.2031,brl_per_usd
brl_usd,BRL/USD official exchange rate,market_repricing,bcb_sgs,daily,2022-12-22,5.1871,brl_per_usd
brl_usd,BRL/USD official exchange rate,market_repricing,bcb_sgs,daily,2022-12-23,5.1445,brl_per_usd
brl_usd,BRL/USD official exchange rate,market_repricing,bcb_sgs,daily,2022-12-26,5.1872,brl_per_usd
brl_usd,BRL/USD official exchange rate,market_repricing,bcb_sgs,daily,2022-12-27,5.2832,brl_per_usd
brl_usd,BRL/USD official exchange rate,market_repricing,bcb_sgs,daily,2022-12-28,5.2736,brl_per_usd
brl_usd,BRL/USD official exchange rate,market_repricing,bcb_sgs,daily,2022-12-29,5.2177,brl_per_usd
brl_usd,BRL/USD official exchange rate,market_repricing,bcb_sgs,daily,2022-12-30,5.2177,brl_per_usd
brl_usd,BRL/USD official exchange rate,market_repricing,bcb_sgs,daily,2023-01-02,5.3436,brl_per_usd
brl_usd,BRL/USD official exchange rate,market_repricing,bcb_sgs,daily,2023-01-03,5.3759,brl_per_usd
brl_usd,BRL/USD official exchange rate,market_repricing,bcb_sgs,daily,2023-01-04,5.4459,brl_per_usd
brl_usd,BRL/USD official exchange rate,market_repricing,bcb_sgs,daily,2023-01-05,5.4026,brl_per_usd
brl_usd,BRL/USD official exchange rate,market_repricing,bcb_sgs,daily,2023-01-06,5.2855,brl_per_usd
brl_usd,BRL/USD official exchange rate,market_repricing,bcb_sgs,daily,2023-01-09,5.2967,brl_per_usd
brl_usd,BRL/USD official exchange rate,market_repricing,bcb_sgs,daily,2023-01-10,5.2395,brl_per_usd
brl_usd,BRL/USD official exchange rate,market_repricing,bcb_sgs,daily,2023-01-11,5.202,brl_per_usd
brl_usd,BRL/USD official exchange rate,market_repricing,bcb_sgs,daily,2023-01-12,5.14,brl_per_usd
brl_usd,BRL/USD official exchange rate,market_repricing,bcb_sgs,daily,2023-01-13,5.1146,brl_per_usd
brl_usd,BRL/USD official exchange rate,market_repricing,bcb_sgs,daily,2023-01-16,5.1115,brl_per_usd
brl_usd,BRL/USD official exchange rate,market_repricing,bcb_sgs,daily,2023-01-17,5.1203,brl_per_usd
brl_usd,BRL/USD official exchange rate,market_repricing,bcb_sgs,daily,2023-01-18,5.0909,brl_per_usd
brl_usd,BRL/USD official exchange rate,market_repricing,bcb_sgs,daily,2023-01-19,5.2144,brl_per_usd
brl_usd,BRL/USD official exchange rate,market_repricing,bcb_sgs,daily,2023-01-20,5.1986,brl_per_usd
brl_usd,BRL/USD official exchange rate,market_repricing,bcb_sgs,daily,2023-01-23,5.1922,brl_per_usd
brl_usd,BRL/USD official exchange rate,market_repricing,bcb_sgs,daily,2023-01-24,5.1696,brl_per_usd
brl_usd,BRL/USD official exchange rate,market_repricing,bcb_sgs,daily,2023-01-25,5.1042,brl_per_usd
brl_usd,BRL/USD official exchange rate,market_repricing,bcb_sgs,daily,2023-01-26,5.0951,brl_per_usd
brl_usd,BRL/USD official exchange rate,market_repricing,bcb_sgs,daily,2023-01-27,5.0767,brl_per_usd
brl_usd,BRL/USD official exchange rate,market_repricing,bcb_sgs,daily,2023-01-30,5.0959,brl_per_usd
brl_usd,BRL/USD official exchange rate,market_repricing,bcb_sgs,daily,2023-01-31,5.0993,brl_per_usd
brl_usd,BRL/USD official exchange rate,market_repricing,bcb_sgs,daily,2023-02-01,5.0721,brl_per_usd
brl_usd,BRL/USD official exchange rate,market_repricing,bcb_sgs,daily,2023-02-02,4.9901,brl_per_usd
brl_usd,BRL/USD official exchange rate,market_repricing,bcb_sgs,daily,2023-02-03,5.103,brl_per_usd
brl_usd,BRL/USD official exchange rate,market_repricing,bcb_sgs,daily,2023-02-06,5.1763,brl_per_usd
brl_usd,BRL/USD official exchange rate,market_repricing,bcb_sgs,daily,2023-02-07,5.1695,brl_per_usd
brl_usd,BRL/USD official exchange rate,market_repricing,bcb_sgs,daily,2023-02-08,5.2036,brl_per_usd
brl_usd,BRL/USD official exchange rate,market_repricing,bcb_sgs,daily,2023-02-09,5.2315,brl_per_usd
brl_usd,BRL/USD official exchange rate,market_repricing,bcb_sgs,daily,2023-02-10,5.2526,brl_per_usd
brl_usd,BRL/USD official exchange rate,market_repricing,bcb_sgs,daily,2023-02-13,5.1834,brl_per_usd
brl_usd,BRL/USD official exchange rate,market_repricing,bcb_sgs,daily,2023-02-14,5.1507,brl_per_usd
brl_usd,BRL/USD official exchange rate,market_repricing,bcb_sgs,daily,2023-02-15,5.2243,brl_per_usd
brl_usd,BRL/USD official exchange rate,market_repricing,bcb_sgs,daily,2023-02-16,5.2432,brl_per_usd
brl_usd,BRL/USD official exchange rate,market_repricing,bcb_sgs,daily,2023-02-17,5.2012,brl_per_usd
brl_usd,BRL/USD official exchange rate,market_repricing,bcb_sgs,daily,2023-02-22,5.173,brl_per_usd
brl_usd,BRL/USD official exchange rate,market_repricing,bcb_sgs,daily,2023-02-23,5.133,brl_per_usd
brl_usd,BRL/USD official exchange rate,market_repricing,bcb_sgs,daily,2023-02-24,5.1791,brl_per_usd
brl_usd,BRL/USD official exchange rate,market_repricing,bcb_sgs,daily,2023-02-27,5.196,brl_per_usd
brl_usd,BRL/USD official exchange rate,market_repricing,bcb_sgs,daily,2023-02-28,5.2078,brl_per_usd
brl_usd,BRL/USD official exchange rate,market_repricing,bcb_sgs,daily,2023-03-01,5.207,brl_per_usd
brl_usd,BRL/USD official exchange rate,market_repricing,bcb_sgs,daily,2023-03-02,5.208,brl_per_usd
brl_usd,BRL/USD official exchange rate,market_repricing,bcb_sgs,daily,2023-03-03,5.2037,brl_per_usd
brl_usd,BRL/USD official exchange rate,market_repricing,bcb_sgs,daily,2023-03-06,5.197,brl_per_usd
brl_usd,BRL/USD official exchange rate,market_repricing,bcb_sgs,daily,2023-03-07,5.1901,brl_per_usd
brl_usd,BRL/USD official exchange rate,market_repricing,bcb_sgs,daily,2023-03-08,5.1387,brl_per_usd
brl_usd,BRL/USD official exchange rate,market_repricing,bcb_sgs,daily,2023-03-09,5.1353,brl_per_usd
brl_usd,BRL/USD official exchange rate,market_repricing,bcb_sgs,daily,2023-03-10,5.1822,brl_per_usd
brl_usd,BRL/USD official exchange rate,market_repricing,bcb_sgs,daily,2023-03-13,5.24,brl_per_usd
brl_usd,BRL/USD official exchange rate,market_repricing,bcb_sgs,daily,2023-03-14,5.2362,brl_per_usd
brl_usd,BRL/USD official exchange rate,market_repricing,bcb_sgs,daily,2023-03-15,5.2981,brl_per_usd
brl_usd,BRL/USD official exchange rate,market_repricing,bcb_sgs,daily,2023-03-16,5.2892,brl_per_usd
brl_usd,BRL/USD official exchange rate,market_repricing,bcb_sgs,daily,2023-03-17,5.2679,brl_per_usd
brl_usd,BRL/USD official exchange rate,market_repricing,bcb_sgs,daily,2023-03-20,5.2467,brl_per_usd
brl_usd,BRL/USD official exchange rate,market_repricing,bcb_sgs,daily,2023-03-21,5.2444,brl_per_usd
brl_usd,BRL/USD official exchange rate,market_repricing,bcb_sgs,daily,2023-03-22,5.2648,brl_per_usd
brl_usd,BRL/USD official exchange rate,market_repricing,bcb_sgs,daily,2023-03-23,5.2632,brl_per_usd
brl_usd,BRL/USD official exchange rate,market_repricing,bcb_sgs,daily,2023-03-24,5.2921,brl_per_usd
brl_usd,BRL/USD official exchange rate,market_repricing,bcb_sgs,daily,2023-03-27,5.2306,brl_per_usd
brl_usd,BRL/USD official exchange rate,market_repricing,bcb_sgs,daily,2023-03-28,5.1733,brl_per_usd
brl_usd,BRL/USD official exchange rate,market_repricing,bcb_sgs,daily,2023-03-29,5.1493,brl_per_usd
brl_usd,BRL/USD official exchange rate,market_repricing,bcb_sgs,daily,2023-03-30,5.1254,brl_per_usd
brl_usd,BRL/USD official exchange rate,market_repricing,bcb_sgs,daily,2023-03-31,5.0804,brl_per_usd
brl_usd,BRL/USD official exchange rate,market_repricing,bcb_sgs,daily,2023-04-03,5.0637,brl_per_usd
brl_usd,BRL/USD official exchange rate,market_repricing,bcb_sgs,daily,2023-04-04,5.0762,brl_per_usd
brl_usd,BRL/USD official exchange rate,market_repricing,bcb_sgs,daily,2023-04-05,5.0447,brl_per_usd
brl_usd,BRL/USD official exchange rate,market_repricing,bcb_sgs,daily,2023-04-06,5.0683,brl_per_usd
brl_usd,BRL/USD official exchange rate,market_repricing,bcb_sgs,daily,2023-04-10,5.0834,brl_per_usd
brl_usd,BRL/USD official exchange rate,market_repricing,bcb_sgs,daily,2023-04-11,5.0128,brl_per_usd
brl_usd,BRL/USD official exchange rate,market_repricing,bcb_sgs,daily,2023-04-12,4.9496,brl_per_usd
brl_usd,BRL/USD official exchange rate,market_repricing,bcb_sgs,daily,2023-04-13,4.9097,brl_per_usd
brl_usd,BRL/USD official exchange rate,market_repricing,bcb_sgs,daily,2023-04-14,4.9455,brl_per_usd
brl_usd,BRL/USD official exchange rate,market_repricing,bcb_sgs,daily,2023-04-17,4.9421,brl_per_usd
brl_usd,BRL/USD official exchange rate,market_repricing,bcb_sgs,daily,2023-04-18,4.9678,brl_per_usd
brl_usd,BRL/USD official exchange rate,market_repricing,bcb_sgs,daily,2023-04-19,5.0467,brl_per_usd
brl_usd,BRL/USD official exchange rate,market_repricing,bcb_sgs,daily,2023-04-20,5.0497,brl_per_usd
brl_usd,BRL/USD official exchange rate,market_repricing,bcb_sgs,daily,2023-04-24,5.0595,brl_per_usd
brl_usd,BRL/USD official exchange rate,market_repricing,bcb_sgs,daily,2023-04-25,5.0613,brl_per_usd
brl_usd,BRL/USD official exchange rate,market_repricing,bcb_sgs,daily,2023-04-26,5.0585,brl_per_usd
brl_usd,BRL/USD official exchange rate,market_repricing,bcb_sgs,daily,2023-04-27,5.015,brl_per_usd
brl_usd,BRL/USD official exchange rate,market_repricing,bcb_sgs,daily,2023-04-28,5.0007,brl_per_usd
brl_usd,BRL/USD official exchange rate,market_repricing,bcb_sgs,daily,2023-05-02,5.0334,brl_per_usd
brl_usd,BRL/USD official exchange rate,market_repricing,bcb_sgs,daily,2023-05-03,5.0227,brl_per_usd
brl_usd,BRL/USD official exchange rate,market_repricing,bcb_sgs,daily,2023-05-04,5.0106,brl_per_usd
brl_usd,BRL/USD official exchange rate,market_repricing,bcb_sgs,daily,2023-05-05,4.9696,brl_per_usd
brl_usd,BRL/USD official exchange rate,market_repricing,bcb_sgs,daily,2023-05-08,4.9696,brl_per_usd
brl_usd,BRL/USD official exchange rate,market_repricing,bcb_sgs,daily,2023-05-09,5.0007,brl_per_usd
brl_usd,BRL/USD official exchange rate,market_repricing,bcb_sgs,daily,2023-05-10,4.9547,brl_per_usd
brl_usd,BRL/USD official exchange rate,market_repricing,bcb_sgs,daily,2023-05-11,4.9696,brl_per_usd
brl_usd,BRL/USD official exchange rate,market_repricing,bcb_sgs,daily,2023-05-12,4.9234,brl_per_usd
brl_usd,BRL/USD official exchange rate,market_repricing,bcb_sgs,daily,2023-05-15,4.9103,brl_per_usd
brl_usd,BRL/USD official exchange rate,market_repricing,bcb_sgs,daily,2023-05-16,4.9122,brl_per_usd
brl_usd,BRL/USD official exchange rate,market_repricing,bcb_sgs,daily,2023-05-17,4.9513,brl_per_usd
brl_usd,BRL/USD official exchange rate,market_repricing,bcb_sgs,daily,2023-05-18,4.9647,brl_per_usd
brl_usd,BRL/USD official exchange rate,market_repricing,bcb_sgs,daily,2023-05-19,4.9858,brl_per_usd
brl_usd,BRL/USD official exchange rate,market_repricing,bcb_sgs,daily,2023-05-22,4.968,brl_per_usd
brl_usd,BRL/USD official exchange rate,market_repricing,bcb_sgs,daily,2023-05-23,4.9674,brl_per_usd
brl_usd,BRL/USD official exchange rate,market_repricing,bcb_sgs,daily,2023-05-24,4.9474,brl_per_usd
brl_usd,BRL/USD official exchange rate,market_repricing,bcb_sgs,daily,2023-05-25,4.999,brl_per_usd
brl_usd,BRL/USD official exchange rate,market_repricing,bcb_sgs,daily,2023-05-26,5.0114,brl_per_usd
brl_usd,BRL/USD official exchange rate,market_repricing,bcb_sgs,daily,2023-05-29,4.9954,brl_per_usd
brl_usd,BRL/USD official exchange rate,market_repricing,bcb_sgs,daily,2023-05-30,5.0593,brl_per_usd
brl_usd,BRL/USD official exchange rate,market_repricing,bcb_sgs,daily,2023-05-31,5.0959,brl_per_usd
brl_usd,BRL/USD official exchange rate,market_repricing,bcb_sgs,daily,2023-06-01,5.035,brl_per_usd
brl_usd,BRL/USD official exchange rate,market_repricing,bcb_sgs,daily,2023-06-02,4.9558,brl_per_usd
brl_usd,BRL/USD official exchange rate,market_repricing,bcb_sgs,daily,2023-06-05,4.9236,brl_per_usd
brl_usd,BRL/USD official exchange rate,market_repricing,bcb_sgs,daily,2023-06-06,4.9292,brl_per_usd
brl_usd,BRL/USD official exchange rate,market_repricing,bcb_sgs,daily,2023-06-07,4.9119,brl_per_usd
brl_usd,BRL/USD official exchange rate,market_repricing,bcb_sgs,daily,2023-06-09,4.8922,brl_per_usd
brl_usd,BRL/USD official exchange rate,market_repricing,bcb_sgs,daily,2023-06-12,4.8832,brl_per_usd
brl_usd,BRL/USD official exchange rate,market_repricing,bcb_sgs,daily,2023-06-13,4.8533,brl_per_usd
brl_usd,BRL/USD official exchange rate,market_repricing,bcb_sgs,daily,2023-06-14,4.8462,brl_per_usd
brl_usd,BRL/USD official exchange rate,market_repricing,bcb_sgs,daily,2023-06-15,4.8222,brl_per_usd
brl_usd,BRL/USD official exchange rate,market_repricing,bcb_sgs,daily,2023-06-16,4.8286,brl_per_usd
brl_usd,BRL/USD official exchange rate,market_repricing,bcb_sgs,daily,2023-06-19,4.7803,brl_per_usd
brl_usd,BRL/USD official exchange rate,market_repricing,bcb_sgs,daily,2023-06-20,4.793,brl_per_usd
brl_usd,BRL/USD official exchange rate,market_repricing,bcb_sgs,daily,2023-06-21,4.7795,brl_per_usd
brl_usd,BRL/USD official exchange rate,market_repricing,bcb_sgs,daily,2023-06-22,4.775,brl_per_usd
brl_usd,BRL/USD official exchange rate,market_repricing,bcb_sgs,daily,2023-06-23,4.7799,brl_per_usd
brl_usd,BRL/USD official exchange rate,market_repricing,bcb_sgs,daily,2023-06-26,4.7698,brl_per_usd
brl_usd,BRL/USD official exchange rate,market_repricing,bcb_sgs,daily,2023-06-27,4.7903,brl_per_usd
brl_usd,BRL/USD official exchange rate,market_repricing,bcb_sgs,daily,2023-06-28,4.8563,brl_per_usd
brl_usd,BRL/USD official exchange rate,market_repricing,bcb_sgs,daily,2023-06-29,4.8584,brl_per_usd
brl_usd,BRL/USD official exchange rate,market_repricing,bcb_sgs,daily,2023-06-30,4.8192,brl_per_usd
brl_usd,BRL/USD official exchange rate,market_repricing,bcb_sgs,daily,2023-07-03,4.7876,brl_per_usd
brl_usd,BRL/USD official exchange rate,market_repricing,bcb_sgs,daily,2023-07-04,4.8056,brl_per_usd
brl_usd,BRL/USD official exchange rate,market_repricing,bcb_sgs,daily,2023-07-05,4.8577,brl_per_usd
brl_usd,BRL/USD official exchange rate,market_repricing,bcb_sgs,daily,2023-07-06,4.8977,brl_per_usd
brl_usd,BRL/USD official exchange rate,market_repricing,bcb_sgs,daily,2023-07-07,4.8799,brl_per_usd
brl_usd,BRL/USD official exchange rate,market_repricing,bcb_sgs,daily,2023-07-10,4.8735,brl_per_usd
brl_usd,BRL/USD official exchange rate,market_repricing,bcb_sgs,daily,2023-07-11,4.8949,brl_per_usd
brl_usd,BRL/USD official exchange rate,market_repricing,bcb_sgs,daily,2023-07-12,4.8058,brl_per_usd
brl_usd,BRL/USD official exchange rate,market_repricing,bcb_sgs,daily,2023-07-13,4.8038,brl_per_usd
brl_usd,BRL/USD official exchange rate,market_repricing,bcb_sgs,daily,2023-07-14,4.7957,brl_per_usd
brl_usd,BRL/USD official exchange rate,market_repricing,bcb_sgs,daily,2023-07-17,4.8302,brl_per_usd
brl_usd,BRL/USD official exchange rate,market_repricing,bcb_sgs,daily,2023-07-18,4.804,brl_per_usd
brl_usd,BRL/USD official exchange rate,market_repricing,bcb_sgs,daily,2023-07-19,4.8,brl_per_usd
brl_usd,BRL/USD official exchange rate,market_repricing,bcb_sgs,daily,2023-07-20,4.7888,brl_per_usd
brl_usd,BRL/USD official exchange rate,market_repricing,bcb_sgs,daily,2023-07-21,4.7732,brl_per_usd
brl_usd,BRL/USD official exchange rate,market_repricing,bcb_sgs,daily,2023-07-24,4.7457,brl_per_usd
brl_usd,BRL/USD official exchange rate,market_repricing,bcb_sgs,daily,2023-07-25,4.7496,brl_per_usd
brl_usd,BRL/USD official exchange rate,market_repricing,bcb_sgs,daily,2023-07-26,4.7368,brl_per_usd
brl_usd,BRL/USD official exchange rate,market_repricing,bcb_sgs,daily,2023-07-27,4.7202,brl_per_usd
brl_usd,BRL/USD official exchange rate,market_repricing,bcb_sgs,daily,2023-07-28,4.7253,brl_per_usd
brl_usd,BRL/USD official exchange rate,market_repricing,bcb_sgs,daily,2023-07-31,4.7415,brl_per_usd
brl_usd,BRL/USD official exchange rate,market_repricing,bcb_sgs,daily,2023-08-01,4.7752,brl_per_usd
brl_usd,BRL/USD official exchange rate,market_repricing,bcb_sgs,daily,2023-08-02,4.8083,brl_per_usd
brl_usd,BRL/USD official exchange rate,market_repricing,bcb_sgs,daily,2023-08-03,4.8797,brl_per_usd
brl_usd,BRL/USD official exchange rate,market_repricing,bcb_sgs,daily,2023-08-04,4.8609,brl_per_usd
brl_usd,BRL/USD official exchange rate,market_repricing,bcb_sgs,daily,2023-08-07,4.901,brl_per_usd
brl_usd,BRL/USD official exchange rate,market_repricing,bcb_sgs,daily,2023-08-08,4.9217,brl_per_usd
brl_usd,BRL/USD official exchange rate,market_repricing,bcb_sgs,daily,2023-08-09,4.9015,brl_per_usd
brl_usd,BRL/USD official exchange rate,market_repricing,bcb_sgs,daily,2023-08-10,4.8518,brl_per_usd
brl_usd,BRL/USD official exchange rate,market_repricing,bcb_sgs,daily,2023-08-11,4.8918,brl_per_usd
brl_usd,BRL/USD official exchange rate,market_repricing,bcb_sgs,daily,2023-08-14,4.9481,brl_per_usd
brl_usd,BRL/USD official exchange rate,market_repricing,bcb_sgs,daily,2023-08-15,4.9812,brl_per_usd
brl_usd,BRL/USD official exchange rate,market_repricing,bcb_sgs,daily,2023-08-16,4.9772,brl_per_usd
brl_usd,BRL/USD official exchange rate,market_repricing,bcb_sgs,daily,2023-08-17,4.9816,brl_per_usd
brl_usd,BRL/USD official exchange rate,market_repricing,bcb_sgs,daily,2023-08-18,4.9724,brl_per_usd
brl_usd,BRL/USD official exchange rate,market_repricing,bcb_sgs,daily,2023-08-21,4.9847,brl_per_usd
brl_usd,BRL/USD official exchange rate,market_repricing,bcb_sgs,daily,2023-08-22,4.9431,brl_per_usd
brl_usd,BRL/USD official exchange rate,market_repricing,bcb_sgs,daily,2023-08-23,4.8977,brl_per_usd
brl_usd,BRL/USD official exchange rate,market_repricing,bcb_sgs,daily,2023-08-24,4.8748,brl_per_usd
brl_usd,BRL/USD official exchange rate,market_repricing,bcb_sgs,daily,2023-08-25,4.8772,brl_per_usd
brl_usd,BRL/USD official exchange rate,market_repricing,bcb_sgs,daily,2023-08-28,4.8938,brl_per_usd
brl_usd,BRL/USD official exchange rate,market_repricing,bcb_sgs,daily,2023-08-29,4.8706,brl_per_usd
brl_usd,BRL/USD official exchange rate,market_repricing,bcb_sgs,daily,2023-08-30,4.8653,brl_per_usd
brl_usd,BRL/USD official exchange rate,market_repricing,bcb_sgs,daily,2023-08-31,4.9219,brl_per_usd
brl_usd,BRL/USD official exchange rate,market_repricing,bcb_sgs,daily,2023-09-01,4.9318,brl_per_usd
brl_usd,BRL/USD official exchange rate,market_repricing,bcb_sgs,daily,2023-09-04,4.9176,brl_per_usd
brl_usd,BRL/USD official exchange rate,market_repricing,bcb_sgs,daily,2023-09-05,4.9705,brl_per_usd
brl_usd,BRL/USD official exchange rate,market_repricing,bcb_sgs,daily,2023-09-06,4.9762,brl_per_usd
brl_usd,BRL/USD official exchange rate,market_repricing,bcb_sgs,daily,2023-09-08,4.9835,brl_per_usd
brl_usd,BRL/USD official exchange rate,market_repricing,bcb_sgs,daily,2023-09-11,4.9366,brl_per_usd
brl_usd,BRL/USD official exchange rate,market_repricing,bcb_sgs,daily,2023-09-12,4.9505,brl_per_usd
brl_usd,BRL/USD official exchange rate,market_repricing,bcb_sgs,daily,2023-09-13,4.9171,brl_per_usd
brl_usd,BRL/USD official exchange rate,market_repricing,bcb_sgs,daily,2023-09-14,4.8751,brl_per_usd
brl_usd,BRL/USD official exchange rate,market_repricing,bcb_sgs,daily,2023-09-15,4.8689,brl_per_usd
brl_usd,BRL/USD official exchange rate,market_repricing,bcb_sgs,daily,2023-09-18,4.8535,brl_per_usd
brl_usd,BRL/USD official exchange rate,market_repricing,bcb_sgs,daily,2023-09-19,4.8575,brl_per_usd
brl_usd,BRL/USD official exchange rate,market_repricing,bcb_sgs,daily,2023-09-20,4.8487,brl_per_usd
brl_usd,BRL/USD official exchange rate,market_repricing,bcb_sgs,daily,2023-09-21,4.9229,brl_per_usd
brl_usd,BRL/USD official exchange rate,market_repricing,bcb_sgs,daily,2023-09-22,4.9131,brl_per_usd
brl_usd,BRL/USD official exchange rate,market_repricing,bcb_sgs,daily,2023-09-25,4.9606,brl_per_usd
brl_usd,BRL/USD official exchange rate,market_repricing,bcb_sgs,daily,2023-09-26,4.9717,brl_per_usd
brl_usd,BRL/USD official exchange rate,market_repricing,bcb_sgs,daily,2023-09-27,5.0289,brl_per_usd
brl_usd,BRL/USD official exchange rate,market_repricing,bcb_sgs,daily,2023-09-28,5.0475,brl_per_usd
brl_usd,BRL/USD official exchange rate,market_repricing,bcb_sgs,daily,2023-09-29,5.0076,brl_per_usd
brl_usd,BRL/USD official exchange rate,market_repricing,bcb_sgs,daily,2023-10-02,5.0679,brl_per_usd
brl_usd,BRL/USD official exchange rate,market_repricing,bcb_sgs,daily,2023-10-03,5.11,brl_per_usd
brl_usd,BRL/USD official exchange rate,market_repricing,bcb_sgs,daily,2023-10-04,5.1526,brl_per_usd
brl_usd,BRL/USD official exchange rate,market_repricing,bcb_sgs,daily,2023-10-05,5.1713,brl_per_usd
brl_usd,BRL/USD official exchange rate,market_repricing,bcb_sgs,daily,2023-10-06,5.1918,brl_per_usd
brl_usd,BRL/USD official exchange rate,market_repricing,bcb_sgs,daily,2023-10-09,5.1666,brl_per_usd
brl_usd,BRL/USD official exchange rate,market_repricing,bcb_sgs,daily,2023-10-10,5.0862,brl_per_usd
brl_usd,BRL/USD official exchange rate,market_repricing,bcb_sgs,daily,2023-10-11,5.0496,brl_per_usd
brl_usd,BRL/USD official exchange rate,market_repricing,bcb_sgs,daily,2023-10-13,5.0625,brl_per_usd
brl_usd,BRL/USD official exchange rate,market_repricing,bcb_sgs,daily,2023-10-16,5.0618,brl_per_usd
brl_usd,BRL/USD official exchange rate,market_repricing,bcb_sgs,daily,2023-10-17,5.0384,brl_per_usd
brl_usd,BRL/USD official exchange rate,market_repricing,bcb_sgs,daily,2023-10-18,5.0568,brl_per_usd
brl_usd,BRL/USD official exchange rate,market_repricing,bcb_sgs,daily,2023-10-19,5.054,brl_per_usd
brl_usd,BRL/USD official exchange rate,market_repricing,bcb_sgs,daily,2023-10-20,5.0528,brl_per_usd
brl_usd,BRL/USD official exchange rate,market_repricing,bcb_sgs,daily,2023-10-23,5.0164,brl_per_usd
brl_usd,BRL/USD official exchange rate,market_repricing,bcb_sgs,daily,2023-10-24,5.0065,brl_per_usd
brl_usd,BRL/USD official exchange rate,market_repricing,bcb_sgs,daily,2023-10-25,4.9981,brl_per_usd
brl_usd,BRL/USD official exchange rate,market_repricing,bcb_sgs,daily,2023-10-26,5.0055,brl_per_usd
brl_usd,BRL/USD official exchange rate,market_repricing,bcb_sgs,daily,2023-10-27,4.948,brl_per_usd
brl_usd,BRL/USD official exchange rate,market_repricing,bcb_sgs,daily,2023-10-30,5.0074,brl_per_usd
brl_usd,BRL/USD official exchange rate,market_repricing,bcb_sgs,daily,2023-10-31,5.0575,brl_per_usd
brl_usd,BRL/USD official exchange rate,market_repricing,bcb_sgs,daily,2023-11-01,5.0194,brl_per_usd
brl_usd,BRL/USD official exchange rate,market_repricing,bcb_sgs,daily,2023-11-03,4.891,brl_per_usd
brl_usd,BRL/USD official exchange rate,market_repricing,bcb_sgs,daily,2023-11-06,4.8999,brl_per_usd
brl_usd,BRL/USD official exchange rate,market_repricing,bcb_sgs,daily,2023-11-07,4.867,brl_per_usd
brl_usd,BRL/USD official exchange rate,market_repricing,bcb_sgs,daily,2023-11-08,4.8855,brl_per_usd
brl_usd,BRL/USD official exchange rate,market_repricing,bcb_sgs,daily,2023-11-09,4.9007,brl_per_usd
brl_usd,BRL/USD official exchange rate,market_repricing,bcb_sgs,daily,2023-11-10,4.9219,brl_per_usd
brl_usd,BRL/USD official exchange rate,market_repricing,bcb_sgs,daily,2023-11-13,4.9247,brl_per_usd
brl_usd,BRL/USD official exchange rate,market_repricing,bcb_sgs,daily,2023-11-14,4.8682,brl_per_usd
brl_usd,BRL/USD official exchange rate,market_repricing,bcb_sgs,daily,2023-11-16,4.8575,brl_per_usd
brl_usd,BRL/USD official exchange rate,market_repricing,bcb_sgs,daily,2023-11-17,4.8849,brl_per_usd
brl_usd,BRL/USD official exchange rate,market_repricing,bcb_sgs,daily,2023-11-20,4.8723,brl_per_usd
brl_usd,BRL/USD official exchange rate,market_repricing,bcb_sgs,daily,2023-11-21,4.8806,brl_per_usd
brl_usd,BRL/USD official exchange rate,market_repricing,bcb_sgs,daily,2023-11-22,4.8968,brl_per_usd
brl_usd,BRL/USD official exchange rate,market_repricing,bcb_sgs,daily,2023-11-23,4.8931,brl_per_usd
brl_usd,BRL/USD official exchange rate,market_repricing,bcb_sgs,daily,2023-11-24,4.8927,brl_per_usd
brl_usd,BRL/USD official exchange rate,market_repricing,bcb_sgs,daily,2023-11-27,4.8951,brl_per_usd
brl_usd,BRL/USD official exchange rate,market_repricing,bcb_sgs,daily,2023-11-28,4.8867,brl_per_usd
brl_usd,BRL/USD official exchange rate,market_repricing,bcb_sgs,daily,2023-11-29,4.8933,brl_per_usd
brl_usd,BRL/USD official exchange rate,market_repricing,bcb_sgs,daily,2023-11-30,4.9355,brl_per_usd
brl_usd,BRL/USD official exchange rate,market_repricing,bcb_sgs,daily,2023-12-01,4.9191,brl_per_usd
brl_usd,BRL/USD official exchange rate,market_repricing,bcb_sgs,daily,2023-12-04,4.9091,brl_per_usd
brl_usd,BRL/USD official exchange rate,market_repricing,bcb_sgs,daily,2023-12-05,4.9522,brl_per_usd
brl_usd,BRL/USD official exchange rate,market_repricing,bcb_sgs,daily,2023-12-06,4.9031,brl_per_usd
brl_usd,BRL/USD official exchange rate,market_repricing,bcb_sgs,daily,2023-12-07,4.8949,brl_per_usd
brl_usd,BRL/USD official exchange rate,market_repricing,bcb_sgs,daily,2023-12-08,4.9158,brl_per_usd
brl_usd,BRL/USD official exchange rate,market_repricing,bcb_sgs,daily,2023-12-11,4.944,brl_per_usd
brl_usd,BRL/USD official exchange rate,market_repricing,bcb_sgs,daily,2023-12-12,4.9476,brl_per_usd
brl_usd,BRL/USD official exchange rate,market_repricing,bcb_sgs,daily,2023-12-13,4.958,brl_per_usd
brl_usd,BRL/USD official exchange rate,market_repricing,bcb_sgs,daily,2023-12-14,4.8912,brl_per_usd
brl_usd,BRL/USD official exchange rate,market_repricing,bcb_sgs,daily,2023-12-15,4.9397,brl_per_usd
brl_usd,BRL/USD official exchange rate,market_repricing,bcb_sgs,daily,2023-12-18,4.9399,brl_per_usd
brl_usd,BRL/USD official exchange rate,market_repricing,bcb_sgs,daily,2023-12-19,4.8663,brl_per_usd
brl_usd,BRL/USD official exchange rate,market_repricing,bcb_sgs,daily,2023-12-20,4.8766,brl_per_usd
brl_usd,BRL/USD official exchange rate,market_repricing,bcb_sgs,daily,2023-12-21,4.8755,brl_per_usd
brl_usd,BRL/USD official exchange rate,market_repricing,bcb_sgs,daily,2023-12-22,4.8619,brl_per_usd
brl_usd,BRL/USD official exchange rate,market_repricing,bcb_sgs,daily,2023-12-26,4.8368,brl_per_usd
brl_usd,BRL/USD official exchange rate,market_repricing,bcb_sgs,daily,2023-12-27,4.8306,brl_per_usd
brl_usd,BRL/USD official exchange rate,market_repricing,bcb_sgs,daily,2023-12-28,4.8413,brl_per_usd
brl_usd,BRL/USD official exchange rate,market_repricing,bcb_sgs,daily,2023-12-29,4.8413,brl_per_usd
brl_usd,BRL/USD official exchange rate,market_repricing,bcb_sgs,daily,2024-01-02,4.8916,brl_per_usd
brl_usd,BRL/USD official exchange rate,market_repricing,bcb_sgs,daily,2024-01-03,4.9212,brl_per_usd
brl_usd,BRL/USD official exchange rate,market_repricing,bcb_sgs,daily,2024-01-04,4.9188,brl_per_usd
brl_usd,BRL/USD official exchange rate,market_repricing,bcb_sgs,daily,2024-01-05,4.8899,brl_per_usd
brl_usd,BRL/USD official exchange rate,market_repricing,bcb_sgs,daily,2024-01-08,4.885,brl_per_usd
brl_usd,BRL/USD official exchange rate,market_repricing,bcb_sgs,daily,2024-01-09,4.8937,brl_per_usd
brl_usd,BRL/USD official exchange rate,market_repricing,bcb_sgs,daily,2024-01-10,4.8901,brl_per_usd
brl_usd,BRL/USD official exchange rate,market_repricing,bcb_sgs,daily,2024-01-11,4.8794,brl_per_usd
brl_usd,BRL/USD official exchange rate,market_repricing,bcb_sgs,daily,2024-01-12,4.8543,brl_per_usd
brl_usd,BRL/USD official exchange rate,market_repricing,bcb_sgs,daily,2024-01-15,4.8765,brl_per_usd
brl_usd,BRL/USD official exchange rate,market_repricing,bcb_sgs,daily,2024-01-16,4.9038,brl_per_usd
brl_usd,BRL/USD official exchange rate,market_repricing,bcb_sgs,daily,2024-01-17,4.9346,brl_per_usd
brl_usd,BRL/USD official exchange rate,market_repricing,bcb_sgs,daily,2024-01-18,4.9403,brl_per_usd
brl_usd,BRL/USD official exchange rate,market_repricing,bcb_sgs,daily,2024-01-19,4.9223,brl_per_usd
brl_usd,BRL/USD official exchange rate,market_repricing,bcb_sgs,daily,2024-01-22,4.949,brl_per_usd
brl_usd,BRL/USD official exchange rate,market_repricing,bcb_sgs,daily,2024-01-23,4.9715,brl_per_usd
brl_usd,BRL/USD official exchange rate,market_repricing,bcb_sgs,daily,2024-01-24,4.9192,brl_per_usd
brl_usd,BRL/USD official exchange rate,market_repricing,bcb_sgs,daily,2024-01-25,4.9232,brl_per_usd
brl_usd,BRL/USD official exchange rate,market_repricing,bcb_sgs,daily,2024-01-26,4.9125,brl_per_usd
brl_usd,BRL/USD official exchange rate,market_repricing,bcb_sgs,daily,2024-01-29,4.9225,brl_per_usd
brl_usd,BRL/USD official exchange rate,market_repricing,bcb_sgs,daily,2024-01-30,4.9638,brl_per_usd
brl_usd,BRL/USD official exchange rate,market_repricing,bcb_sgs,daily,2024-01-31,4.9535,brl_per_usd
brl_usd,BRL/USD official exchange rate,market_repricing,bcb_sgs,daily,2024-02-01,4.935,brl_per_usd
brl_usd,BRL/USD official exchange rate,market_repricing,bcb_sgs,daily,2024-02-02,4.9471,brl_per_usd
brl_usd,BRL/USD official exchange rate,market_repricing,bcb_sgs,daily,2024-02-05,5.0053,brl_per_usd
brl_usd,BRL/USD official exchange rate,market_repricing,bcb_sgs,daily,2024-02-06,4.9687,brl_per_usd
brl_usd,BRL/USD official exchange rate,market_repricing,bcb_sgs,daily,2024-02-07,4.9608,brl_per_usd
brl_usd,BRL/USD official exchange rate,market_repricing,bcb_sgs,daily,2024-02-08,4.9804,brl_per_usd
brl_usd,BRL/USD official exchange rate,market_repricing,bcb_sgs,daily,2024-02-09,4.9717,brl_per_usd
brl_usd,BRL/USD official exchange rate,market_repricing,bcb_sgs,daily,2024-02-14,4.9723,brl_per_usd
brl_usd,BRL/USD official exchange rate,market_repricing,bcb_sgs,daily,2024-02-15,4.971,brl_per_usd
brl_usd,BRL/USD official exchange rate,market_repricing,bcb_sgs,daily,2024-02-16,4.9761,brl_per_usd
brl_usd,BRL/USD official exchange rate,market_repricing,bcb_sgs,daily,2024-02-19,4.9585,brl_per_usd
brl_usd,BRL/USD official exchange rate,market_repricing,bcb_sgs,daily,2024-02-20,4.9408,brl_per_usd
brl_usd,BRL/USD official exchange rate,market_repricing,bcb_sgs,daily,2024-02-21,4.9303,brl_per_usd
brl_usd,BRL/USD official exchange rate,market_repricing,bcb_sgs,daily,2024-02-22,4.9419,brl_per_usd
brl_usd,BRL/USD official exchange rate,market_repricing,bcb_sgs,daily,2024-02-23,4.9851,brl_per_usd
brl_usd,BRL/USD official exchange rate,market_repricing,bcb_sgs,daily,2024-02-26,4.9819,brl_per_usd
brl_usd,BRL/USD official exchange rate,market_repricing,bcb_sgs,daily,2024-02-27,4.9575,brl_per_usd
brl_usd,BRL/USD official exchange rate,market_repricing,bcb_sgs,daily,2024-02-28,4.9557,brl_per_usd
brl_usd,BRL/USD official exchange rate,market_repricing,bcb_sgs,daily,2024-02-29,4.9833,brl_per_usd
brl_usd,BRL/USD official exchange rate,market_repricing,bcb_sgs,daily,2024-03-01,4.9596,brl_per_usd
brl_usd,BRL/USD official exchange rate,market_repricing,bcb_sgs,daily,2024-03-04,4.9475,brl_per_usd
brl_usd,BRL/USD official exchange rate,market_repricing,bcb_sgs,daily,2024-03-05,4.9488,brl_per_usd
brl_usd,BRL/USD official exchange rate,market_repricing,bcb_sgs,daily,2024-03-06,4.9398,brl_per_usd
brl_usd,BRL/USD official exchange rate,market_repricing,bcb_sgs,daily,2024-03-07,4.9364,brl_per_usd
brl_usd,BRL/USD official exchange rate,market_repricing,bcb_sgs,daily,2024-03-08,4.9751,brl_per_usd
brl_usd,BRL/USD official exchange rate,market_repricing,bcb_sgs,daily,2024-03-11,4.9777,brl_per_usd
brl_usd,BRL/USD official exchange rate,market_repricing,bcb_sgs,daily,2024-03-12,4.9813,brl_per_usd
brl_usd,BRL/USD official exchange rate,market_repricing,bcb_sgs,daily,2024-03-13,4.9803,brl_per_usd
brl_usd,BRL/USD official exchange rate,market_repricing,bcb_sgs,daily,2024-03-14,4.9768,brl_per_usd
brl_usd,BRL/USD official exchange rate,market_repricing,bcb_sgs,daily,2024-03-15,4.9937,brl_per_usd
brl_usd,BRL/USD official exchange rate,market_repricing,bcb_sgs,daily,2024-03-18,5.0124,brl_per_usd
brl_usd,BRL/USD official exchange rate,market_repricing,bcb_sgs,daily,2024-03-19,5.0352,brl_per_usd
brl_usd,BRL/USD official exchange rate,market_repricing,bcb_sgs,daily,2024-03-20,5.012,brl_per_usd
brl_usd,BRL/USD official exchange rate,market_repricing,bcb_sgs,daily,2024-03-21,4.9807,brl_per_usd
brl_usd,BRL/USD official exchange rate,market_repricing,bcb_sgs,daily,2024-03-22,4.9897,brl_per_usd
brl_usd,BRL/USD official exchange rate,market_repricing,bcb_sgs,daily,2024-03-25,4.9869,brl_per_usd
brl_usd,BRL/USD official exchange rate,market_repricing,bcb_sgs,daily,2024-03-26,4.987,brl_per_usd
brl_usd,BRL/USD official exchange rate,market_repricing,bcb_sgs,daily,2024-03-27,4.9856,brl_per_usd
brl_usd,BRL/USD official exchange rate,market_repricing,bcb_sgs,daily,2024-03-28,4.9962,brl_per_usd
brl_usd,BRL/USD official exchange rate,market_repricing,bcb_sgs,daily,2024-04-01,5.0532,brl_per_usd
brl_usd,BRL/USD official exchange rate,market_repricing,bcb_sgs,daily,2024-04-02,5.0476,brl_per_usd
brl_usd,BRL/USD official exchange rate,market_repricing,bcb_sgs,daily,2024-04-03,5.0724,brl_per_usd
brl_usd,BRL/USD official exchange rate,market_repricing,bcb_sgs,daily,2024-04-04,5.0237,brl_per_usd
brl_usd,BRL/USD official exchange rate,market_repricing,bcb_sgs,daily,2024-04-05,5.052,brl_per_usd
brl_usd,BRL/USD official exchange rate,market_repricing,bcb_sgs,daily,2024-04-08,5.0421,brl_per_usd
brl_usd,BRL/USD official exchange rate,market_repricing,bcb_sgs,daily,2024-04-09,5.008,brl_per_usd
brl_usd,BRL/USD official exchange rate,market_repricing,bcb_sgs,daily,2024-04-10,5.0654,brl_per_usd
brl_usd,BRL/USD official exchange rate,market_repricing,bcb_sgs,daily,2024-04-11,5.0765,brl_per_usd
brl_usd,BRL/USD official exchange rate,market_repricing,bcb_sgs,daily,2024-04-12,5.1364,brl_per_usd
brl_usd,BRL/USD official exchange rate,market_repricing,bcb_sgs,daily,2024-04-15,5.1746,brl_per_usd
brl_usd,BRL/USD official exchange rate,market_repricing,bcb_sgs,daily,2024-04-16,5.2635,brl_per_usd
brl_usd,BRL/USD official exchange rate,market_repricing,bcb_sgs,daily,2024-04-17,5.2469,brl_per_usd
brl_usd,BRL/USD official exchange rate,market_repricing,bcb_sgs,daily,2024-04-18,5.2512,brl_per_usd
brl_usd,BRL/USD official exchange rate,market_repricing,bcb_sgs,daily,2024-04-19,5.2269,brl_per_usd
brl_usd,BRL/USD official exchange rate,market_repricing,bcb_sgs,daily,2024-04-22,5.2043,brl_per_usd
brl_usd,BRL/USD official exchange rate,market_repricing,bcb_sgs,daily,2024-04-23,5.1626,brl_per_usd
brl_usd,BRL/USD official exchange rate,market_repricing,bcb_sgs,daily,2024-04-24,5.1592,brl_per_usd
brl_usd,BRL/USD official exchange rate,market_repricing,bcb_sgs,daily,2024-04-25,5.1679,brl_per_usd
brl_usd,BRL/USD official exchange rate,market_repricing,bcb_sgs,daily,2024-04-26,5.1184,brl_per_usd
brl_usd,BRL/USD official exchange rate,market_repricing,bcb_sgs,daily,2024-04-29,5.1155,brl_per_usd
brl_usd,BRL/USD official exchange rate,market_repricing,bcb_sgs,daily,2024-04-30,5.1718,brl_per_usd
brl_usd,BRL/USD official exchange rate,market_repricing,bcb_sgs,daily,2024-05-02,5.1184,brl_per_usd
brl_usd,BRL/USD official exchange rate,market_repricing,bcb_sgs,daily,2024-05-03,5.0668,brl_per_usd
brl_usd,BRL/USD official exchange rate,market_repricing,bcb_sgs,daily,2024-05-06,5.0727,brl_per_usd
brl_usd,BRL/USD official exchange rate,market_repricing,bcb_sgs,daily,2024-05-07,5.061,brl_per_usd
brl_usd,BRL/USD official exchange rate,market_repricing,bcb_sgs,daily,2024-05-08,5.0887,brl_per_usd
brl_usd,BRL/USD official exchange rate,market_repricing,bcb_sgs,daily,2024-05-09,5.1577,brl_per_usd
brl_usd,BRL/USD official exchange rate,market_repricing,bcb_sgs,daily,2024-05-10,5.1464,brl_per_usd
brl_usd,BRL/USD official exchange rate,market_repricing,bcb_sgs,daily,2024-05-13,5.1412,brl_per_usd
brl_usd,BRL/USD official exchange rate,market_repricing,bcb_sgs,daily,2024-05-14,5.1356,brl_per_usd
brl_usd,BRL/USD official exchange rate,market_repricing,bcb_sgs,daily,2024-05-15,5.1423,brl_per_usd
brl_usd,BRL/USD official exchange rate,market_repricing,bcb_sgs,daily,2024-05-16,5.127,brl_per_usd
brl_usd,BRL/USD official exchange rate,market_repricing,bcb_sgs,daily,2024-05-17,5.1157,brl_per_usd
brl_usd,BRL/USD official exchange rate,market_repricing,bcb_sgs,daily,2024-05-20,5.1085,brl_per_usd
brl_usd,BRL/USD official exchange rate,market_repricing,bcb_sgs,daily,2024-05-21,5.1037,brl_per_usd
brl_usd,BRL/USD official exchange rate,market_repricing,bcb_sgs,daily,2024-05-22,5.1502,brl_per_usd
brl_usd,BRL/USD official exchange rate,market_repricing,bcb_sgs,daily,2024-05-23,5.1443,brl_per_usd
brl_usd,BRL/USD official exchange rate,market_repricing,bcb_sgs,daily,2024-05-24,5.1508,brl_per_usd
brl_usd,BRL/USD official exchange rate,market_repricing,bcb_sgs,daily,2024-05-27,5.1704,brl_per_usd
brl_usd,BRL/USD official exchange rate,market_repricing,bcb_sgs,daily,2024-05-28,5.1538,brl_per_usd
brl_usd,BRL/USD official exchange rate,market_repricing,bcb_sgs,daily,2024-05-29,5.1972,brl_per_usd
brl_usd,BRL/USD official exchange rate,market_repricing,bcb_sgs,daily,2024-05-31,5.2416,brl_per_usd
brl_usd,BRL/USD official exchange rate,market_repricing,bcb_sgs,daily,2024-06-03,5.2373,brl_per_usd
brl_usd,BRL/USD official exchange rate,market_repricing,bcb_sgs,daily,2024-06-04,5.2687,brl_per_usd
brl_usd,BRL/USD official exchange rate,market_repricing,bcb_sgs,daily,2024-06-05,5.2841,brl_per_usd
brl_usd,BRL/USD official exchange rate,market_repricing,bcb_sgs,daily,2024-06-06,5.2681,brl_per_usd
brl_usd,BRL/USD official exchange rate,market_repricing,bcb_sgs,daily,2024-06-07,5.2802,brl_per_usd
brl_usd,BRL/USD official exchange rate,market_repricing,bcb_sgs,daily,2024-06-10,5.3666,brl_per_usd
brl_usd,BRL/USD official exchange rate,market_repricing,bcb_sgs,daily,2024-06-11,5.3524,brl_per_usd
brl_usd,BRL/USD official exchange rate,market_repricing,bcb_sgs,daily,2024-06-12,5.3891,brl_per_usd
brl_usd,BRL/USD official exchange rate,market_repricing,bcb_sgs,daily,2024-06-13,5.3974,brl_per_usd
brl_usd,BRL/USD official exchange rate,market_repricing,bcb_sgs,daily,2024-06-14,5.363,brl_per_usd
brl_usd,BRL/USD official exchange rate,market_repricing,bcb_sgs,daily,2024-06-17,5.413,brl_per_usd
brl_usd,BRL/USD official exchange rate,market_repricing,bcb_sgs,daily,2024-06-18,5.4074,brl_per_usd
brl_usd,BRL/USD official exchange rate,market_repricing,bcb_sgs,daily,2024-06-19,5.4647,brl_per_usd
brl_usd,BRL/USD official exchange rate,market_repricing,bcb_sgs,daily,2024-06-20,5.4254,brl_per_usd
brl_usd,BRL/USD official exchange rate,market_repricing,bcb_sgs,daily,2024-06-21,5.4416,brl_per_usd
brl_usd,BRL/USD official exchange rate,market_repricing,bcb_sgs,daily,2024-06-24,5.4,brl_per_usd
brl_usd,BRL/USD official exchange rate,market_repricing,bcb_sgs,daily,2024-06-25,5.429,brl_per_usd
brl_usd,BRL/USD official exchange rate,market_repricing,bcb_sgs,daily,2024-06-26,5.5097,brl_per_usd
brl_usd,BRL/USD official exchange rate,market_repricing,bcb_sgs,daily,2024-06-27,5.5229,brl_per_usd
brl_usd,BRL/USD official exchange rate,market_repricing,bcb_sgs,daily,2024-06-28,5.5589,brl_per_usd
brl_usd,BRL/USD official exchange rate,market_repricing,bcb_sgs,daily,2024-07-01,5.5893,brl_per_usd
brl_usd,BRL/USD official exchange rate,market_repricing,bcb_sgs,daily,2024-07-02,5.6677,brl_per_usd
brl_usd,BRL/USD official exchange rate,market_repricing,bcb_sgs,daily,2024-07-03,5.5863,brl_per_usd
brl_usd,BRL/USD official exchange rate,market_repricing,bcb_sgs,daily,2024-07-04,5.4839,brl_per_usd
brl_usd,BRL/USD official exchange rate,market_repricing,bcb_sgs,daily,2024-07-05,5.497,brl_per_usd
brl_usd,BRL/USD official exchange rate,market_repricing,bcb_sgs,daily,2024-07-08,5.472,brl_per_usd
brl_usd,BRL/USD official exchange rate,market_repricing,bcb_sgs,daily,2024-07-09,5.4387,brl_per_usd
brl_usd,BRL/USD official exchange rate,market_repricing,bcb_sgs,daily,2024-07-10,5.3967,brl_per_usd
brl_usd,BRL/USD official exchange rate,market_repricing,bcb_sgs,daily,2024-07-11,5.41,brl_per_usd
brl_usd,BRL/USD official exchange rate,market_repricing,bcb_sgs,daily,2024-07-12,5.4529,brl_per_usd
brl_usd,BRL/USD official exchange rate,market_repricing,bcb_sgs,daily,2024-07-15,5.4563,brl_per_usd
brl_usd,BRL/USD official exchange rate,market_repricing,bcb_sgs,daily,2024-07-16,5.4274,brl_per_usd
brl_usd,BRL/USD official exchange rate,market_repricing,bcb_sgs,daily,2024-07-17,5.467,brl_per_usd
brl_usd,BRL/USD official exchange rate,market_repricing,bcb_sgs,daily,2024-07-18,5.5426,brl_per_usd
brl_usd,BRL/USD official exchange rate,market_repricing,bcb_sgs,daily,2024-07-19,5.5543,brl_per_usd
brl_usd,BRL/USD official exchange rate,market_repricing,bcb_sgs,daily,2024-07-22,5.5598,brl_per_usd
brl_usd,BRL/USD official exchange rate,market_repricing,bcb_sgs,daily,2024-07-23,5.5807,brl_per_usd
brl_usd,BRL/USD official exchange rate,market_repricing,bcb_sgs,daily,2024-07-24,5.6346,brl_per_usd
brl_usd,BRL/USD official exchange rate,market_repricing,bcb_sgs,daily,2024-07-25,5.6402,brl_per_usd
brl_usd,BRL/USD official exchange rate,market_repricing,bcb_sgs,daily,2024-07-26,5.6465,brl_per_usd
brl_usd,BRL/USD official exchange rate,market_repricing,bcb_sgs,daily,2024-07-29,5.6479,brl_per_usd
brl_usd,BRL/USD official exchange rate,market_repricing,bcb_sgs,daily,2024-07-30,5.6532,brl_per_usd
brl_usd,BRL/USD official exchange rate,market_repricing,bcb_sgs,daily,2024-07-31,5.6621,brl_per_usd
brl_usd,BRL/USD official exchange rate,market_repricing,bcb_sgs,daily,2024-08-01,5.6681,brl_per_usd
brl_usd,BRL/USD official exchange rate,market_repricing,bcb_sgs,daily,2024-08-02,5.7366,brl_per_usd
brl_usd,BRL/USD official exchange rate,market_repricing,bcb_sgs,daily,2024-08-05,5.7646,brl_per_usd
brl_usd,BRL/USD official exchange rate,market_repricing,bcb_sgs,daily,2024-08-06,5.6528,brl_per_usd
brl_usd,BRL/USD official exchange rate,market_repricing,bcb_sgs,daily,2024-08-07,5.6093,brl_per_usd
brl_usd,BRL/USD official exchange rate,market_repricing,bcb_sgs,daily,2024-08-08,5.6172,brl_per_usd
brl_usd,BRL/USD official exchange rate,market_repricing,bcb_sgs,daily,2024-08-09,5.5115,brl_per_usd
brl_usd,BRL/USD official exchange rate,market_repricing,bcb_sgs,daily,2024-08-12,5.4911,brl_per_usd
brl_usd,BRL/USD official exchange rate,market_repricing,bcb_sgs,daily,2024-08-13,5.4875,brl_per_usd
brl_usd,BRL/USD official exchange rate,market_repricing,bcb_sgs,daily,2024-08-14,5.4502,brl_per_usd
brl_usd,BRL/USD official exchange rate,market_repricing,bcb_sgs,daily,2024-08-15,5.4651,brl_per_usd
brl_usd,BRL/USD official exchange rate,market_repricing,bcb_sgs,daily,2024-08-16,5.4632,brl_per_usd
brl_usd,BRL/USD official exchange rate,market_repricing,bcb_sgs,daily,2024-08-19,5.4237,brl_per_usd
brl_usd,BRL/USD official exchange rate,market_repricing,bcb_sgs,daily,2024-08-20,5.4547,brl_per_usd
brl_usd,BRL/USD official exchange rate,market_repricing,bcb_sgs,daily,2024-08-21,5.4707,brl_per_usd
brl_usd,BRL/USD official exchange rate,market_repricing,bcb_sgs,daily,2024-08-22,5.5524,brl_per_usd
brl_usd,BRL/USD official exchange rate,market_repricing,bcb_sgs,daily,2024-08-23,5.5263,brl_per_usd
brl_usd,BRL/USD official exchange rate,market_repricing,bcb_sgs,daily,2024-08-26,5.4921,brl_per_usd
brl_usd,BRL/USD official exchange rate,market_repricing,bcb_sgs,daily,2024-08-27,5.4969,brl_per_usd
brl_usd,BRL/USD official exchange rate,market_repricing,bcb_sgs,daily,2024-08-28,5.5315,brl_per_usd
brl_usd,BRL/USD official exchange rate,market_repricing,bcb_sgs,daily,2024-08-29,5.6358,brl_per_usd
brl_usd,BRL/USD official exchange rate,market_repricing,bcb_sgs,daily,2024-08-30,5.6562,brl_per_usd
brl_usd,BRL/USD official exchange rate,market_repricing,bcb_sgs,daily,2024-09-02,5.623,brl_per_usd
brl_usd,BRL/USD official exchange rate,market_repricing,bcb_sgs,daily,2024-09-03,5.6224,brl_per_usd
brl_usd,BRL/USD official exchange rate,market_repricing,bcb_sgs,daily,2024-09-04,5.6359,brl_per_usd
brl_usd,BRL/USD official exchange rate,market_repricing,bcb_sgs,daily,2024-09-05,5.6049,brl_per_usd
brl_usd,BRL/USD official exchange rate,market_repricing,bcb_sgs,daily,2024-09-06,5.5702,brl_per_usd
brl_usd,BRL/USD official exchange rate,market_repricing,bcb_sgs,daily,2024-09-09,5.6097,brl_per_usd
brl_usd,BRL/USD official exchange rate,market_repricing,bcb_sgs,daily,2024-09-10,5.6254,brl_per_usd
brl_usd,BRL/USD official exchange rate,market_repricing,bcb_sgs,daily,2024-09-11,5.6387,brl_per_usd
brl_usd,BRL/USD official exchange rate,market_repricing,bcb_sgs,daily,2024-09-12,5.6554,brl_per_usd
brl_usd,BRL/USD official exchange rate,market_repricing,bcb_sgs,daily,2024-09-13,5.5717,brl_per_usd
brl_usd,BRL/USD official exchange rate,market_repricing,bcb_sgs,daily,2024-09-16,5.5207,brl_per_usd
brl_usd,BRL/USD official exchange rate,market_repricing,bcb_sgs,daily,2024-09-17,5.501,brl_per_usd
brl_usd,BRL/USD official exchange rate,market_repricing,bcb_sgs,daily,2024-09-18,5.4767,brl_per_usd
brl_usd,BRL/USD official exchange rate,market_repricing,bcb_sgs,daily,2024-09-19,5.4189,brl_per_usd
brl_usd,BRL/USD official exchange rate,market_repricing,bcb_sgs,daily,2024-09-20,5.4775,brl_per_usd
brl_usd,BRL/USD official exchange rate,market_repricing,bcb_sgs,daily,2024-09-23,5.5446,brl_per_usd
brl_usd,BRL/USD official exchange rate,market_repricing,bcb_sgs,daily,2024-09-24,5.4702,brl_per_usd
brl_usd,BRL/USD official exchange rate,market_repricing,bcb_sgs,daily,2024-09-25,5.4736,brl_per_usd
brl_usd,BRL/USD official exchange rate,market_repricing,bcb_sgs,daily,2024-09-26,5.4412,brl_per_usd
brl_usd,BRL/USD official exchange rate,market_repricing,bcb_sgs,daily,2024-09-27,5.4431,brl_per_usd
brl_usd,BRL/USD official exchange rate,market_repricing,bcb_sgs,daily,2024-09-30,5.4481,brl_per_usd
brl_usd,BRL/USD official exchange rate,market_repricing,bcb_sgs,daily,2024-10-01,5.4521,brl_per_usd
brl_usd,BRL/USD official exchange rate,market_repricing,bcb_sgs,daily,2024-10-02,5.4305,brl_per_usd
brl_usd,BRL/USD official exchange rate,market_repricing,bcb_sgs,daily,2024-10-03,5.485,brl_per_usd
brl_usd,BRL/USD official exchange rate,market_repricing,bcb_sgs,daily,2024-10-04,5.4686,brl_per_usd
brl_usd,BRL/USD official exchange rate,market_repricing,bcb_sgs,daily,2024-10-07,5.4626,brl_per_usd
brl_usd,BRL/USD official exchange rate,market_repricing,bcb_sgs,daily,2024-10-08,5.5197,brl_per_usd
brl_usd,BRL/USD official exchange rate,market_repricing,bcb_sgs,daily,2024-10-09,5.5737,brl_per_usd
brl_usd,BRL/USD official exchange rate,market_repricing,bcb_sgs,daily,2024-10-10,5.5819,brl_per_usd
brl_usd,BRL/USD official exchange rate,market_repricing,bcb_sgs,daily,2024-10-11,5.6263,brl_per_usd
brl_usd,BRL/USD official exchange rate,market_repricing,bcb_sgs,daily,2024-10-14,5.6045,brl_per_usd
brl_usd,BRL/USD official exchange rate,market_repricing,bcb_sgs,daily,2024-10-15,5.6378,brl_per_usd
brl_usd,BRL/USD official exchange rate,market_repricing,bcb_sgs,daily,2024-10-16,5.6749,brl_per_usd
brl_usd,BRL/USD official exchange rate,market_repricing,bcb_sgs,daily,2024-10-17,5.6758,brl_per_usd
brl_usd,BRL/USD official exchange rate,market_repricing,bcb_sgs,daily,2024-10-18,5.6672,brl_per_usd
brl_usd,BRL/USD official exchange rate,market_repricing,bcb_sgs,daily,2024-10-21,5.7068,brl_per_usd
brl_usd,BRL/USD official exchange rate,market_repricing,bcb_sgs,daily,2024-10-22,5.6958,brl_per_usd
brl_usd,BRL/USD official exchange rate,market_repricing,bcb_sgs,daily,2024-10-23,5.7149,brl_per_usd
brl_usd,BRL/USD official exchange rate,market_repricing,bcb_sgs,daily,2024-10-24,5.7087,brl_per_usd
brl_usd,BRL/USD official exchange rate,market_repricing,bcb_sgs,daily,2024-10-25,5.6969,brl_per_usd
brl_usd,BRL/USD official exchange rate,market_repricing,bcb_sgs,daily,2024-10-28,5.6988,brl_per_usd
brl_usd,BRL/USD official exchange rate,market_repricing,bcb_sgs,daily,2024-10-29,5.714,brl_per_usd
brl_usd,BRL/USD official exchange rate,market_repricing,bcb_sgs,daily,2024-10-30,5.7801,brl_per_usd
brl_usd,BRL/USD official exchange rate,market_repricing,bcb_sgs,daily,2024-10-31,5.7779,brl_per_usd
brl_usd,BRL/USD official exchange rate,market_repricing,bcb_sgs,daily,2024-11-01,5.8073,brl_per_usd
brl_usd,BRL/USD official exchange rate,market_repricing,bcb_sgs,daily,2024-11-04,5.7898,brl_per_usd
brl_usd,BRL/USD official exchange rate,market_repricing,bcb_sgs,daily,2024-11-05,5.7846,brl_per_usd
brl_usd,BRL/USD official exchange rate,market_repricing,bcb_sgs,daily,2024-11-06,5.7648,brl_per_usd
brl_usd,BRL/USD official exchange rate,market_repricing,bcb_sgs,daily,2024-11-07,5.6624,brl_per_usd
brl_usd,BRL/USD official exchange rate,market_repricing,bcb_sgs,daily,2024-11-08,5.7648,brl_per_usd
brl_usd,BRL/USD official exchange rate,market_repricing,bcb_sgs,daily,2024-11-11,5.798,brl_per_usd
brl_usd,BRL/USD official exchange rate,market_repricing,bcb_sgs,daily,2024-11-12,5.7694,brl_per_usd
brl_usd,BRL/USD official exchange rate,market_repricing,bcb_sgs,daily,2024-11-13,5.7713,brl_per_usd
brl_usd,BRL/USD official exchange rate,market_repricing,bcb_sgs,daily,2024-11-14,5.7885,brl_per_usd
brl_usd,BRL/USD official exchange rate,market_repricing,bcb_sgs,daily,2024-11-18,5.7603,brl_per_usd
brl_usd,BRL/USD official exchange rate,market_repricing,bcb_sgs,daily,2024-11-19,5.7743,brl_per_usd
brl_usd,BRL/USD official exchange rate,market_repricing,bcb_sgs,daily,2024-11-21,5.8173,brl_per_usd
brl_usd,BRL/USD official exchange rate,market_repricing,bcb_sgs,daily,2024-11-22,5.8124,brl_per_usd
brl_usd,BRL/USD official exchange rate,market_repricing,bcb_sgs,daily,2024-11-25,5.8002,brl_per_usd
brl_usd,BRL/USD official exchange rate,market_repricing,bcb_sgs,daily,2024-11-26,5.799,brl_per_usd
brl_usd,BRL/USD official exchange rate,market_repricing,bcb_sgs,daily,2024-11-27,5.8291,brl_per_usd
brl_usd,BRL/USD official exchange rate,market_repricing,bcb_sgs,daily,2024-11-28,5.9871,brl_per_usd
brl_usd,BRL/USD official exchange rate,market_repricing,bcb_sgs,daily,2024-11-29,6.0535,brl_per_usd
brl_usd,BRL/USD official exchange rate,market_repricing,bcb_sgs,daily,2024-12-02,6.0634,brl_per_usd
brl_usd,BRL/USD official exchange rate,market_repricing,bcb_sgs,daily,2024-12-03,6.0707,brl_per_usd
brl_usd,BRL/USD official exchange rate,market_repricing,bcb_sgs,daily,2024-12-04,6.0581,brl_per_usd
brl_usd,BRL/USD official exchange rate,market_repricing,bcb_sgs,daily,2024-12-05,5.9849,brl_per_usd
brl_usd,BRL/USD official exchange rate,market_repricing,bcb_sgs,daily,2024-12-06,6.0293,brl_per_usd
brl_usd,BRL/USD official exchange rate,market_repricing,bcb_sgs,daily,2024-12-09,6.057,brl_per_usd
brl_usd,BRL/USD official exchange rate,market_repricing,bcb_sgs,daily,2024-12-10,6.0529,brl_per_usd
brl_usd,BRL/USD official exchange rate,market_repricing,bcb_sgs,daily,2024-12-11,6.032,brl_per_usd
brl_usd,BRL/USD official exchange rate,market_repricing,bcb_sgs,daily,2024-12-12,5.9408,brl_per_usd
brl_usd,BRL/USD official exchange rate,market_repricing,bcb_sgs,daily,2024-12-13,6.04,brl_per_usd
brl_usd,BRL/USD official exchange rate,market_repricing,bcb_sgs,daily,2024-12-16,6.0509,brl_per_usd
brl_usd,BRL/USD official exchange rate,market_repricing,bcb_sgs,daily,2024-12-17,6.1685,brl_per_usd
brl_usd,BRL/USD official exchange rate,market_repricing,bcb_sgs,daily,2024-12-18,6.1624,brl_per_usd
brl_usd,BRL/USD official exchange rate,market_repricing,bcb_sgs,daily,2024-12-19,6.1841,brl_per_usd
brl_usd,BRL/USD official exchange rate,market_repricing,bcb_sgs,daily,2024-12-20,6.078,brl_per_usd
brl_usd,BRL/USD official exchange rate,market_repricing,bcb_sgs,daily,2024-12-23,6.1612,brl_per_usd
brl_usd,BRL/USD official exchange rate,market_repricing,bcb_sgs,daily,2024-12-24,6.1541,brl_per_usd
brl_usd,BRL/USD official exchange rate,market_repricing,bcb_sgs,daily,2024-12-26,6.1656,brl_per_usd
brl_usd,BRL/USD official exchange rate,market_repricing,bcb_sgs,daily,2024-12-27,6.1991,brl_per_usd
brl_usd,BRL/USD official exchange rate,market_repricing,bcb_sgs,daily,2024-12-30,6.1923,brl_per_usd
brl_usd,BRL/USD official exchange rate,market_repricing,bcb_sgs,daily,2024-12-31,6.1923,brl_per_usd
brl_usd,BRL/USD official exchange rate,market_repricing,bcb_sgs,daily,2025-01-02,6.2086,brl_per_usd
brl_usd,BRL/USD official exchange rate,market_repricing,bcb_sgs,daily,2025-01-03,6.1563,brl_per_usd
brl_usd,BRL/USD official exchange rate,market_repricing,bcb_sgs,daily,2025-01-06,6.1119,brl_per_usd
brl_usd,BRL/USD official exchange rate,market_repricing,bcb_sgs,daily,2025-01-07,6.0741,brl_per_usd
brl_usd,BRL/USD official exchange rate,market_repricing,bcb_sgs,daily,2025-01-08,6.1321,brl_per_usd
brl_usd,BRL/USD official exchange rate,market_repricing,bcb_sgs,daily,2025-01-09,6.0896,brl_per_usd
brl_usd,BRL/USD official exchange rate,market_repricing,bcb_sgs,daily,2025-01-10,6.0965,brl_per_usd
brl_usd,BRL/USD official exchange rate,market_repricing,bcb_sgs,daily,2025-01-13,6.1079,brl_per_usd
brl_usd,BRL/USD official exchange rate,market_repricing,bcb_sgs,daily,2025-01-14,6.0671,brl_per_usd
brl_usd,BRL/USD official exchange rate,market_repricing,bcb_sgs,daily,2025-01-15,6.0377,brl_per_usd
brl_usd,BRL/USD official exchange rate,market_repricing,bcb_sgs,daily,2025-01-16,6.0322,brl_per_usd
brl_usd,BRL/USD official exchange rate,market_repricing,bcb_sgs,daily,2025-01-17,6.0609,brl_per_usd
brl_usd,BRL/USD official exchange rate,market_repricing,bcb_sgs,daily,2025-01-20,6.0498,brl_per_usd
brl_usd,BRL/USD official exchange rate,market_repricing,bcb_sgs,daily,2025-01-21,6.044,brl_per_usd
brl_usd,BRL/USD official exchange rate,market_repricing,bcb_sgs,daily,2025-01-22,5.9674,brl_per_usd
brl_usd,BRL/USD official exchange rate,market_repricing,bcb_sgs,daily,2025-01-23,5.9399,brl_per_usd
brl_usd,BRL/USD official exchange rate,market_repricing,bcb_sgs,daily,2025-01-24,5.8925,brl_per_usd
brl_usd,BRL/USD official exchange rate,market_repricing,bcb_sgs,daily,2025-01-27,5.9272,brl_per_usd
brl_usd,BRL/USD official exchange rate,market_repricing,bcb_sgs,daily,2025-01-28,5.893,brl_per_usd
brl_usd,BRL/USD official exchange rate,market_repricing,bcb_sgs,daily,2025-01-29,5.8596,brl_per_usd
brl_usd,BRL/USD official exchange rate,market_repricing,bcb_sgs,daily,2025-01-30,5.9006,brl_per_usd
brl_usd,BRL/USD official exchange rate,market_repricing,bcb_sgs,daily,2025-01-31,5.8301,brl_per_usd
brl_usd,BRL/USD official exchange rate,market_repricing,bcb_sgs,daily,2025-02-03,5.8687,brl_per_usd
brl_usd,BRL/USD official exchange rate,market_repricing,bcb_sgs,daily,2025-02-04,5.7927,brl_per_usd
brl_usd,BRL/USD official exchange rate,market_repricing,bcb_sgs,daily,2025-02-05,5.7997,brl_per_usd
brl_usd,BRL/USD official exchange rate,market_repricing,bcb_sgs,daily,2025-02-06,5.7856,brl_per_usd
brl_usd,BRL/USD official exchange rate,market_repricing,bcb_sgs,daily,2025-02-07,5.7557,brl_per_usd
brl_usd,BRL/USD official exchange rate,market_repricing,bcb_sgs,daily,2025-02-10,5.7808,brl_per_usd
brl_usd,BRL/USD official exchange rate,market_repricing,bcb_sgs,daily,2025-02-11,5.7788,brl_per_usd
brl_usd,BRL/USD official exchange rate,market_repricing,bcb_sgs,daily,2025-02-12,5.7711,brl_per_usd
brl_usd,BRL/USD official exchange rate,market_repricing,bcb_sgs,daily,2025-02-13,5.7788,brl_per_usd
brl_usd,BRL/USD official exchange rate,market_repricing,bcb_sgs,daily,2025-02-14,5.7283,brl_per_usd
brl_usd,BRL/USD official exchange rate,market_repricing,bcb_sgs,daily,2025-02-17,5.7105,brl_per_usd
brl_usd,BRL/USD official exchange rate,market_repricing,bcb_sgs,daily,2025-02-18,5.6979,brl_per_usd
brl_usd,BRL/USD official exchange rate,market_repricing,bcb_sgs,daily,2025-02-19,5.7087,brl_per_usd
brl_usd,BRL/USD official exchange rate,market_repricing,bcb_sgs,daily,2025-02-20,5.7019,brl_per_usd
brl_usd,BRL/USD official exchange rate,market_repricing,bcb_sgs,daily,2025-02-21,5.7027,brl_per_usd
brl_usd,BRL/USD official exchange rate,market_repricing,bcb_sgs,daily,2025-02-24,5.7258,brl_per_usd
brl_usd,BRL/USD official exchange rate,market_repricing,bcb_sgs,daily,2025-02-25,5.7779,brl_per_usd
brl_usd,BRL/USD official exchange rate,market_repricing,bcb_sgs,daily,2025-02-26,5.7757,brl_per_usd
brl_usd,BRL/USD official exchange rate,market_repricing,bcb_sgs,daily,2025-02-27,5.8228,brl_per_usd
brl_usd,BRL/USD official exchange rate,market_repricing,bcb_sgs,daily,2025-02-28,5.8488,brl_per_usd
brl_usd,BRL/USD official exchange rate,market_repricing,bcb_sgs,daily,2025-03-05,5.7914,brl_per_usd
brl_usd,BRL/USD official exchange rate,market_repricing,bcb_sgs,daily,2025-03-06,5.7489,brl_per_usd
brl_usd,BRL/USD official exchange rate,market_repricing,bcb_sgs,daily,2025-03-07,5.7688,brl_per_usd
brl_usd,BRL/USD official exchange rate,market_repricing,bcb_sgs,daily,2025-03-10,5.793,brl_per_usd
brl_usd,BRL/USD official exchange rate,market_repricing,bcb_sgs,daily,2025-03-11,5.8346,brl_per_usd
brl_usd,BRL/USD official exchange rate,market_repricing,bcb_sgs,daily,2025-03-12,5.8268,brl_per_usd
brl_usd,BRL/USD official exchange rate,market_repricing,bcb_sgs,daily,2025-03-13,5.8131,brl_per_usd
brl_usd,BRL/USD official exchange rate,market_repricing,bcb_sgs,daily,2025-03-14,5.7419,brl_per_usd
brl_usd,BRL/USD official exchange rate,market_repricing,bcb_sgs,daily,2025-03-17,5.7082,brl_per_usd
brl_usd,BRL/USD official exchange rate,market_repricing,bcb_sgs,daily,2025-03-18,5.6852,brl_per_usd
brl_usd,BRL/USD official exchange rate,market_repricing,bcb_sgs,daily,2025-03-19,5.6657,brl_per_usd
brl_usd,BRL/USD official exchange rate,market_repricing,bcb_sgs,daily,2025-03-20,5.6628,brl_per_usd
brl_usd,BRL/USD official exchange rate,market_repricing,bcb_sgs,daily,2025-03-21,5.7241,brl_per_usd
brl_usd,BRL/USD official exchange rate,market_repricing,bcb_sgs,daily,2025-03-24,5.7403,brl_per_usd
brl_usd,BRL/USD official exchange rate,market_repricing,bcb_sgs,daily,2025-03-25,5.6992,brl_per_usd
brl_usd,BRL/USD official exchange rate,market_repricing,bcb_sgs,daily,2025-03-26,5.7298,brl_per_usd
brl_usd,BRL/USD official exchange rate,market_repricing,bcb_sgs,daily,2025-03-27,5.7474,brl_per_usd
brl_usd,BRL/USD official exchange rate,market_repricing,bcb_sgs,daily,2025-03-28,5.766,brl_per_usd
brl_usd,BRL/USD official exchange rate,market_repricing,bcb_sgs,daily,2025-03-31,5.7422,brl_per_usd
brl_usd,BRL/USD official exchange rate,market_repricing,bcb_sgs,daily,2025-04-01,5.7051,brl_per_usd
brl_usd,BRL/USD official exchange rate,market_repricing,bcb_sgs,daily,2025-04-02,5.6923,brl_per_usd
brl_usd,BRL/USD official exchange rate,market_repricing,bcb_sgs,daily,2025-04-03,5.6067,brl_per_usd
brl_usd,BRL/USD official exchange rate,market_repricing,bcb_sgs,daily,2025-04-04,5.7777,brl_per_usd
brl_usd,BRL/USD official exchange rate,market_repricing,bcb_sgs,daily,2025-04-07,5.8877,brl_per_usd
brl_usd,BRL/USD official exchange rate,market_repricing,bcb_sgs,daily,2025-04-08,5.9368,brl_per_usd
brl_usd,BRL/USD official exchange rate,market_repricing,bcb_sgs,daily,2025-04-09,6.0605,brl_per_usd
brl_usd,BRL/USD official exchange rate,market_repricing,bcb_sgs,daily,2025-04-10,5.9115,brl_per_usd
brl_usd,BRL/USD official exchange rate,market_repricing,bcb_sgs,daily,2025-04-11,5.8737,brl_per_usd
brl_usd,BRL/USD official exchange rate,market_repricing,bcb_sgs,daily,2025-04-14,5.8425,brl_per_usd
brl_usd,BRL/USD official exchange rate,market_repricing,bcb_sgs,daily,2025-04-15,5.8707,brl_per_usd
brl_usd,BRL/USD official exchange rate,market_repricing,bcb_sgs,daily,2025-04-16,5.8808,brl_per_usd
brl_usd,BRL/USD official exchange rate,market_repricing,bcb_sgs,daily,2025-04-17,5.8559,brl_per_usd
brl_usd,BRL/USD official exchange rate,market_repricing,bcb_sgs,daily,2025-04-22,5.7496,brl_per_usd
brl_usd,BRL/USD official exchange rate,market_repricing,bcb_sgs,daily,2025-04-23,5.688,brl_per_usd
brl_usd,BRL/USD official exchange rate,market_repricing,bcb_sgs,daily,2025-04-24,5.6738,brl_per_usd
brl_usd,BRL/USD official exchange rate,market_repricing,bcb_sgs,daily,2025-04-25,5.6846,brl_per_usd
brl_usd,BRL/USD official exchange rate,market_repricing,bcb_sgs,daily,2025-04-28,5.6681,brl_per_usd
brl_usd,BRL/USD official exchange rate,market_repricing,bcb_sgs,daily,2025-04-29,5.6467,brl_per_usd
brl_usd,BRL/USD official exchange rate,market_repricing,bcb_sgs,daily,2025-04-30,5.6608,brl_per_usd
brl_usd,BRL/USD official exchange rate,market_repricing,bcb_sgs,daily,2025-05-02,5.6394,brl_per_usd
brl_usd,BRL/USD official exchange rate,market_repricing,bcb_sgs,daily,2025-05-05,5.652,brl_per_usd
brl_usd,BRL/USD official exchange rate,market_repricing,bcb_sgs,daily,2025-05-06,5.721,brl_per_usd
brl_usd,BRL/USD official exchange rate,market_repricing,bcb_sgs,daily,2025-05-07,5.7375,brl_per_usd
brl_usd,BRL/USD official exchange rate,market_repricing,bcb_sgs,daily,2025-05-08,5.686,brl_per_usd
brl_usd,BRL/USD official exchange rate,market_repricing,bcb_sgs,daily,2025-05-09,5.6511,brl_per_usd
brl_usd,BRL/USD official exchange rate,market_repricing,bcb_sgs,daily,2025-05-12,5.6822,brl_per_usd
brl_usd,BRL/USD official exchange rate,market_repricing,bcb_sgs,daily,2025-05-13,5.6262,brl_per_usd
brl_usd,BRL/USD official exchange rate,market_repricing,bcb_sgs,daily,2025-05-14,5.61,brl_per_usd
brl_usd,BRL/USD official exchange rate,market_repricing,bcb_sgs,daily,2025-05-15,5.6328,brl_per_usd
brl_usd,BRL/USD official exchange rate,market_repricing,bcb_sgs,daily,2025-05-16,5.6925,brl_per_usd
brl_usd,BRL/USD official exchange rate,market_repricing,bcb_sgs,daily,2025-05-19,5.6591,brl_per_usd
brl_usd,BRL/USD official exchange rate,market_repricing,bcb_sgs,daily,2025-05-20,5.662,brl_per_usd
brl_usd,BRL/USD official exchange rate,market_repricing,bcb_sgs,daily,2025-05-21,5.6571,brl_per_usd
brl_usd,BRL/USD official exchange rate,market_repricing,bcb_sgs,daily,2025-05-22,5.639,brl_per_usd
brl_usd,BRL/USD official exchange rate,market_repricing,bcb_sgs,daily,2025-05-23,5.6932,brl_per_usd
brl_usd,BRL/USD official exchange rate,market_repricing,bcb_sgs,daily,2025-05-26,5.6619,brl_per_usd
brl_usd,BRL/USD official exchange rate,market_repricing,bcb_sgs,daily,2025-05-27,5.6539,brl_per_usd
brl_usd,BRL/USD official exchange rate,market_repricing,bcb_sgs,daily,2025-05-28,5.6936,brl_per_usd
brl_usd,BRL/USD official exchange rate,market_repricing,bcb_sgs,daily,2025-05-29,5.6559,brl_per_usd
brl_usd,BRL/USD official exchange rate,market_repricing,bcb_sgs,daily,2025-05-30,5.7087,brl_per_usd
brl_usd,BRL/USD official exchange rate,market_repricing,bcb_sgs,daily,2025-06-02,5.6937,brl_per_usd
brl_usd,BRL/USD official exchange rate,market_repricing,bcb_sgs,daily,2025-06-03,5.6694,brl_per_usd
brl_usd,BRL/USD official exchange rate,market_repricing,bcb_sgs,daily,2025-06-04,5.6332,brl_per_usd
brl_usd,BRL/USD official exchange rate,market_repricing,bcb_sgs,daily,2025-06-05,5.5969,brl_per_usd
brl_usd,BRL/USD official exchange rate,market_repricing,bcb_sgs,daily,2025-06-06,5.5947,brl_per_usd
brl_usd,BRL/USD official exchange rate,market_repricing,bcb_sgs,daily,2025-06-09,5.576,brl_per_usd
brl_usd,BRL/USD official exchange rate,market_repricing,bcb_sgs,daily,2025-06-10,5.5557,brl_per_usd
brl_usd,BRL/USD official exchange rate,market_repricing,bcb_sgs,daily,2025-06-11,5.539,brl_per_usd
brl_usd,BRL/USD official exchange rate,market_repricing,bcb_sgs,daily,2025-06-12,5.5388,brl_per_usd
brl_usd,BRL/USD official exchange rate,market_repricing,bcb_sgs,daily,2025-06-13,5.5652,brl_per_usd
brl_usd,BRL/USD official exchange rate,market_repricing,bcb_sgs,daily,2025-06-16,5.5123,brl_per_usd
brl_usd,BRL/USD official exchange rate,market_repricing,bcb_sgs,daily,2025-06-17,5.4773,brl_per_usd
brl_usd,BRL/USD official exchange rate,market_repricing,bcb_sgs,daily,2025-06-18,5.4879,brl_per_usd
brl_usd,BRL/USD official exchange rate,market_repricing,bcb_sgs,daily,2025-06-20,5.4957,brl_per_usd
brl_usd,BRL/USD official exchange rate,market_repricing,bcb_sgs,daily,2025-06-23,5.5213,brl_per_usd
brl_usd,BRL/USD official exchange rate,market_repricing,bcb_sgs,daily,2025-06-24,5.4938,brl_per_usd
brl_usd,BRL/USD official exchange rate,market_repricing,bcb_sgs,daily,2025-06-25,5.5427,brl_per_usd
brl_usd,BRL/USD official exchange rate,market_repricing,bcb_sgs,daily,2025-06-26,5.5145,brl_per_usd
brl_usd,BRL/USD official exchange rate,market_repricing,bcb_sgs,daily,2025-06-27,5.4759,brl_per_usd
brl_usd,BRL/USD official exchange rate,market_repricing,bcb_sgs,daily,2025-06-30,5.4571,brl_per_usd
brl_usd,BRL/USD official exchange rate,market_repricing,bcb_sgs,daily,2025-07-01,5.4511,brl_per_usd
brl_usd,BRL/USD official exchange rate,market_repricing,bcb_sgs,daily,2025-07-02,5.4512,brl_per_usd
brl_usd,BRL/USD official exchange rate,market_repricing,bcb_sgs,daily,2025-07-03,5.4208,brl_per_usd
brl_usd,BRL/USD official exchange rate,market_repricing,bcb_sgs,daily,2025-07-04,5.409,brl_per_usd
brl_usd,BRL/USD official exchange rate,market_repricing,bcb_sgs,daily,2025-07-07,5.4552,brl_per_usd
brl_usd,BRL/USD official exchange rate,market_repricing,bcb_sgs,daily,2025-07-08,5.4571,brl_per_usd
brl_usd,BRL/USD official exchange rate,market_repricing,bcb_sgs,daily,2025-07-09,5.4626,brl_per_usd
brl_usd,BRL/USD official exchange rate,market_repricing,bcb_sgs,daily,2025-07-10,5.5433,brl_per_usd
brl_usd,BRL/USD official exchange rate,market_repricing,bcb_sgs,daily,2025-07-11,5.5722,brl_per_usd
brl_usd,BRL/USD official exchange rate,market_repricing,bcb_sgs,daily,2025-07-14,5.5595,brl_per_usd
brl_usd,BRL/USD official exchange rate,market_repricing,bcb_sgs,daily,2025-07-15,5.5576,brl_per_usd
brl_usd,BRL/USD official exchange rate,market_repricing,bcb_sgs,daily,2025-07-16,5.5722,brl_per_usd
brl_usd,BRL/USD official exchange rate,market_repricing,bcb_sgs,daily,2025-07-17,5.5737,brl_per_usd
brl_usd,BRL/USD official exchange rate,market_repricing,bcb_sgs,daily,2025-07-18,5.5466,brl_per_usd
brl_usd,BRL/USD official exchange rate,market_repricing,bcb_sgs,daily,2025-07-21,5.5625,brl_per_usd
brl_usd,BRL/USD official exchange rate,market_repricing,bcb_sgs,daily,2025-07-22,5.5709,brl_per_usd
brl_usd,BRL/USD official exchange rate,market_repricing,bcb_sgs,daily,2025-07-23,5.5537,brl_per_usd
brl_usd,BRL/USD official exchange rate,market_repricing,bcb_sgs,daily,2025-07-24,5.5239,brl_per_usd
brl_usd,BRL/USD official exchange rate,market_repricing,bcb_sgs,daily,2025-07-25,5.5426,brl_per_usd
brl_usd,BRL/USD official exchange rate,market_repricing,bcb_sgs,daily,2025-07-28,5.5877,brl_per_usd
brl_usd,BRL/USD official exchange rate,market_repricing,bcb_sgs,daily,2025-07-29,5.5764,brl_per_usd
brl_usd,BRL/USD official exchange rate,market_repricing,bcb_sgs,daily,2025-07-30,5.6034,brl_per_usd
brl_usd,BRL/USD official exchange rate,market_repricing,bcb_sgs,daily,2025-07-31,5.6021,brl_per_usd
brl_usd,BRL/USD official exchange rate,market_repricing,bcb_sgs,daily,2025-08-01,5.5436,brl_per_usd
brl_usd,BRL/USD official exchange rate,market_repricing,bcb_sgs,daily,2025-08-04,5.5113,brl_per_usd
brl_usd,BRL/USD official exchange rate,market_repricing,bcb_sgs,daily,2025-08-05,5.5119,brl_per_usd
brl_usd,BRL/USD official exchange rate,market_repricing,bcb_sgs,daily,2025-08-06,5.4802,brl_per_usd
brl_usd,BRL/USD official exchange rate,market_repricing,bcb_sgs,daily,2025-08-07,5.4638,brl_per_usd
brl_usd,BRL/USD official exchange rate,market_repricing,bcb_sgs,daily,2025-08-08,5.4254,brl_per_usd
brl_usd,BRL/USD official exchange rate,market_repricing,bcb_sgs,daily,2025-08-11,5.4473,brl_per_usd
brl_usd,BRL/USD official exchange rate,market_repricing,bcb_sgs,daily,2025-08-12,5.4052,brl_per_usd
brl_usd,BRL/USD official exchange rate,market_repricing,bcb_sgs,daily,2025-08-13,5.3928,brl_per_usd
brl_usd,BRL/USD official exchange rate,market_repricing,bcb_sgs,daily,2025-08-14,5.4095,brl_per_usd
brl_usd,BRL/USD official exchange rate,market_repricing,bcb_sgs,daily,2025-08-15,5.3928,brl_per_usd
brl_usd,BRL/USD official exchange rate,market_repricing,bcb_sgs,daily,2025-08-18,5.4155,brl_per_usd
brl_usd,BRL/USD official exchange rate,market_repricing,bcb_sgs,daily,2025-08-19,5.4716,brl_per_usd
brl_usd,BRL/USD official exchange rate,market_repricing,bcb_sgs,daily,2025-08-20,5.4726,brl_per_usd
brl_usd,BRL/USD official exchange rate,market_repricing,bcb_sgs,daily,2025-08-21,5.4828,brl_per_usd
brl_usd,BRL/USD official exchange rate,market_repricing,bcb_sgs,daily,2025-08-22,5.4392,brl_per_usd
brl_usd,BRL/USD official exchange rate,market_repricing,bcb_sgs,daily,2025-08-25,5.4174,brl_per_usd
brl_usd,BRL/USD official exchange rate,market_repricing,bcb_sgs,daily,2025-08-26,5.4218,brl_per_usd
brl_usd,BRL/USD official exchange rate,market_repricing,bcb_sgs,daily,2025-08-27,5.4428,brl_per_usd
brl_usd,BRL/USD official exchange rate,market_repricing,bcb_sgs,daily,2025-08-28,5.4115,brl_per_usd
brl_usd,BRL/USD official exchange rate,market_repricing,bcb_sgs,daily,2025-08-29,5.4264,brl_per_usd
brl_usd,BRL/USD official exchange rate,market_repricing,bcb_sgs,daily,2025-09-01,5.4378,brl_per_usd
brl_usd,BRL/USD official exchange rate,market_repricing,bcb_sgs,daily,2025-09-02,5.468,brl_per_usd
brl_usd,BRL/USD official exchange rate,market_repricing,bcb_sgs,daily,2025-09-03,5.4485,brl_per_usd
brl_usd,BRL/USD official exchange rate,market_repricing,bcb_sgs,daily,2025-09-04,5.4587,brl_per_usd
brl_usd,BRL/USD official exchange rate,market_repricing,bcb_sgs,daily,2025-09-05,5.3968,brl_per_usd
brl_usd,BRL/USD official exchange rate,market_repricing,bcb_sgs,daily,2025-09-08,5.4278,brl_per_usd
brl_usd,BRL/USD official exchange rate,market_repricing,bcb_sgs,daily,2025-09-09,5.4278,brl_per_usd
brl_usd,BRL/USD official exchange rate,market_repricing,bcb_sgs,daily,2025-09-10,5.4123,brl_per_usd
brl_usd,BRL/USD official exchange rate,market_repricing,bcb_sgs,daily,2025-09-11,5.3858,brl_per_usd
brl_usd,BRL/USD official exchange rate,market_repricing,bcb_sgs,daily,2025-09-12,5.3677,brl_per_usd
brl_usd,BRL/USD official exchange rate,market_repricing,bcb_sgs,daily,2025-09-15,5.3208,brl_per_usd
brl_usd,BRL/USD official exchange rate,market_repricing,bcb_sgs,daily,2025-09-16,5.3096,brl_per_usd
brl_usd,BRL/USD official exchange rate,market_repricing,bcb_sgs,daily,2025-09-17,5.3011,brl_per_usd
brl_usd,BRL/USD official exchange rate,market_repricing,bcb_sgs,daily,2025-09-18,5.301,brl_per_usd
brl_usd,BRL/USD official exchange rate,market_repricing,bcb_sgs,daily,2025-09-19,5.3276,brl_per_usd
brl_usd,BRL/USD official exchange rate,market_repricing,bcb_sgs,daily,2025-09-22,5.3457,brl_per_usd
brl_usd,BRL/USD official exchange rate,market_repricing,bcb_sgs,daily,2025-09-23,5.3063,brl_per_usd
brl_usd,BRL/USD official exchange rate,market_repricing,bcb_sgs,daily,2025-09-24,5.3112,brl_per_usd
brl_usd,BRL/USD official exchange rate,market_repricing,bcb_sgs,daily,2025-09-25,5.3425,brl_per_usd
brl_usd,BRL/USD official exchange rate,market_repricing,bcb_sgs,daily,2025-09-26,5.3445,brl_per_usd
brl_usd,BRL/USD official exchange rate,market_repricing,bcb_sgs,daily,2025-09-29,5.3229,brl_per_usd
brl_usd,BRL/USD official exchange rate,market_repricing,bcb_sgs,daily,2025-09-30,5.3186,brl_per_usd
brl_usd,BRL/USD official exchange rate,market_repricing,bcb_sgs,daily,2025-10-01,5.3208,brl_per_usd
brl_usd,BRL/USD official exchange rate,market_repricing,bcb_sgs,daily,2025-10-02,5.3449,brl_per_usd
brl_usd,BRL/USD official exchange rate,market_repricing,bcb_sgs,daily,2025-10-03,5.3498,brl_per_usd
brl_usd,BRL/USD official exchange rate,market_repricing,bcb_sgs,daily,2025-10-06,5.3226,brl_per_usd
brl_usd,BRL/USD official exchange rate,market_repricing,bcb_sgs,daily,2025-10-07,5.3363,brl_per_usd
brl_usd,BRL/USD official exchange rate,market_repricing,bcb_sgs,daily,2025-10-08,5.3427,brl_per_usd
brl_usd,BRL/USD official exchange rate,market_repricing,bcb_sgs,daily,2025-10-09,5.3538,brl_per_usd
brl_usd,BRL/USD official exchange rate,market_repricing,bcb_sgs,daily,2025-10-10,5.4446,brl_per_usd
brl_usd,BRL/USD official exchange rate,market_repricing,bcb_sgs,daily,2025-10-13,5.4629,brl_per_usd
brl_usd,BRL/USD official exchange rate,market_repricing,bcb_sgs,daily,2025-10-14,5.4982,brl_per_usd
brl_usd,BRL/USD official exchange rate,market_repricing,bcb_sgs,daily,2025-10-15,5.4464,brl_per_usd
brl_usd,BRL/USD official exchange rate,market_repricing,bcb_sgs,daily,2025-10-16,5.4354,brl_per_usd
brl_usd,BRL/USD official exchange rate,market_repricing,bcb_sgs,daily,2025-10-17,5.439,brl_per_usd
brl_usd,BRL/USD official exchange rate,market_repricing,bcb_sgs,daily,2025-10-20,5.3771,brl_per_usd
brl_usd,BRL/USD official exchange rate,market_repricing,bcb_sgs,daily,2025-10-21,5.3848,brl_per_usd
brl_usd,BRL/USD official exchange rate,market_repricing,bcb_sgs,daily,2025-10-22,5.3898,brl_per_usd
brl_usd,BRL/USD official exchange rate,market_repricing,bcb_sgs,daily,2025-10-23,5.384,brl_per_usd
brl_usd,BRL/USD official exchange rate,market_repricing,bcb_sgs,daily,2025-10-24,5.3797,brl_per_usd
brl_usd,BRL/USD official exchange rate,market_repricing,bcb_sgs,daily,2025-10-27,5.3744,brl_per_usd
brl_usd,BRL/USD official exchange rate,market_repricing,bcb_sgs,daily,2025-10-28,5.369,brl_per_usd
brl_usd,BRL/USD official exchange rate,market_repricing,bcb_sgs,daily,2025-10-29,5.3416,brl_per_usd
brl_usd,BRL/USD official exchange rate,market_repricing,bcb_sgs,daily,2025-10-30,5.385,brl_per_usd
brl_usd,BRL/USD official exchange rate,market_repricing,bcb_sgs,daily,2025-10-31,5.3843,brl_per_usd
brl_usd,BRL/USD official exchange rate,market_repricing,bcb_sgs,daily,2025-11-03,5.3505,brl_per_usd
brl_usd,BRL/USD official exchange rate,market_repricing,bcb_sgs,daily,2025-11-04,5.3846,brl_per_usd
brl_usd,BRL/USD official exchange rate,market_repricing,bcb_sgs,daily,2025-11-05,5.3798,brl_per_usd
brl_usd,BRL/USD official exchange rate,market_repricing,bcb_sgs,daily,2025-11-06,5.3451,brl_per_usd
brl_usd,BRL/USD official exchange rate,market_repricing,bcb_sgs,daily,2025-11-07,5.3567,brl_per_usd
brl_usd,BRL/USD official exchange rate,market_repricing,bcb_sgs,daily,2025-11-10,5.3181,brl_per_usd
brl_usd,BRL/USD official exchange rate,market_repricing,bcb_sgs,daily,2025-11-11,5.2729,brl_per_usd
brl_usd,BRL/USD official exchange rate,market_repricing,bcb_sgs,daily,2025-11-12,5.2885,brl_per_usd
brl_usd,BRL/USD official exchange rate,market_repricing,bcb_sgs,daily,2025-11-13,5.282,brl_per_usd
brl_usd,BRL/USD official exchange rate,market_repricing,bcb_sgs,daily,2025-11-14,5.2952,brl_per_usd
brl_usd,BRL/USD official exchange rate,market_repricing,bcb_sgs,daily,2025-11-17,5.3108,brl_per_usd
brl_usd,BRL/USD official exchange rate,market_repricing,bcb_sgs,daily,2025-11-18,5.3361,brl_per_usd
brl_usd,BRL/USD official exchange rate,market_repricing,bcb_sgs,daily,2025-11-19,5.3346,brl_per_usd
brl_usd,BRL/USD official exchange rate,market_repricing,bcb_sgs,daily,2025-11-21,5.3902,brl_per_usd
brl_usd,BRL/USD official exchange rate,market_repricing,bcb_sgs,daily,2025-11-24,5.3948,brl_per_usd
brl_usd,BRL/USD official exchange rate,market_repricing,bcb_sgs,daily,2025-11-25,5.3841,brl_per_usd
brl_usd,BRL/USD official exchange rate,market_repricing,bcb_sgs,daily,2025-11-26,5.3694,brl_per_usd
brl_usd,BRL/USD official exchange rate,market_repricing,bcb_sgs,daily,2025-11-27,5.349,brl_per_usd
brl_usd,BRL/USD official exchange rate,market_repricing,bcb_sgs,daily,2025-11-28,5.3338,brl_per_usd
brl_usd,BRL/USD official exchange rate,market_repricing,bcb_sgs,daily,2025-12-01,5.3469,brl_per_usd
brl_usd,BRL/USD official exchange rate,market_repricing,bcb_sgs,daily,2025-12-02,5.3465,brl_per_usd
brl_usd,BRL/USD official exchange rate,market_repricing,bcb_sgs,daily,2025-12-03,5.3114,brl_per_usd
brl_usd,BRL/USD official exchange rate,market_repricing,bcb_sgs,daily,2025-12-04,5.2952,brl_per_usd
brl_usd,BRL/USD official exchange rate,market_repricing,bcb_sgs,daily,2025-12-05,5.3405,brl_per_usd
brl_usd,BRL/USD official exchange rate,market_repricing,bcb_sgs,daily,2025-12-08,5.4249,brl_per_usd
brl_usd,BRL/USD official exchange rate,market_repricing,bcb_sgs,daily,2025-12-09,5.457,brl_per_usd
brl_usd,BRL/USD official exchange rate,market_repricing,bcb_sgs,daily,2025-12-10,5.4656,brl_per_usd
brl_usd,BRL/USD official exchange rate,market_repricing,bcb_sgs,daily,2025-12-11,5.4237,brl_per_usd
brl_usd,BRL/USD official exchange rate,market_repricing,bcb_sgs,daily,2025-12-12,5.4011,brl_per_usd
brl_usd,BRL/USD official exchange rate,market_repricing,bcb_sgs,daily,2025-12-15,5.3929,brl_per_usd
brl_usd,BRL/USD official exchange rate,market_repricing,bcb_sgs,daily,2025-12-16,5.4505,brl_per_usd
brl_usd,BRL/USD official exchange rate,market_repricing,bcb_sgs,daily,2025-12-17,5.5093,brl_per_usd
brl_usd,BRL/USD official exchange rate,market_repricing,bcb_sgs,daily,2025-12-18,5.5283,brl_per_usd
brl_usd,BRL/USD official exchange rate,market_repricing,bcb_sgs,daily,2025-12-19,5.516,brl_per_usd
brl_usd,BRL/USD official exchange rate,market_repricing,bcb_sgs,daily,2025-12-22,5.5389,brl_per_usd
brl_usd,BRL/USD official exchange rate,market_repricing,bcb_sgs,daily,2025-12-23,5.5643,brl_per_usd
brl_usd,BRL/USD official exchange rate,market_repricing,bcb_sgs,daily,2025-12-24,5.535,brl_per_usd
brl_usd,BRL/USD official exchange rate,market_repricing,bcb_sgs,daily,2025-12-26,5.5413,brl_per_usd
brl_usd,BRL/USD official exchange rate,market_repricing,bcb_sgs,daily,2025-12-29,5.5739,brl_per_usd
brl_usd,BRL/USD official exchange rate,market_repricing,bcb_sgs,daily,2025-12-30,5.5024,brl_per_usd
brl_usd,BRL/USD official exchange rate,market_repricing,bcb_sgs,daily,2025-12-31,5.5024,brl_per_usd
brl_usd,BRL/USD official exchange rate,market_repricing,bcb_sgs,daily,2026-01-02,5.4372,brl_per_usd
brl_usd,BRL/USD official exchange rate,market_repricing,bcb_sgs,daily,2026-01-05,5.4351,brl_per_usd
brl_usd,BRL/USD official exchange rate,market_repricing,bcb_sgs,daily,2026-01-06,5.3797,brl_per_usd
brl_usd,BRL/USD official exchange rate,market_repricing,bcb_sgs,daily,2026-01-07,5.388,brl_per_usd
brl_usd,BRL/USD official exchange rate,market_repricing,bcb_sgs,daily,2026-01-08,5.386,brl_per_usd
brl_usd,BRL/USD official exchange rate,market_repricing,bcb_sgs,daily,2026-01-09,5.3707,brl_per_usd
brl_usd,BRL/USD official exchange rate,market_repricing,bcb_sgs,daily,2026-01-12,5.376,brl_per_usd
brl_usd,BRL/USD official exchange rate,market_repricing,bcb_sgs,daily,2026-01-13,5.3764,brl_per_usd
brl_usd,BRL/USD official exchange rate,market_repricing,bcb_sgs,daily,2026-01-14,5.3795,brl_per_usd
brl_usd,BRL/USD official exchange rate,market_repricing,bcb_sgs,daily,2026-01-15,5.3846,brl_per_usd
brl_usd,BRL/USD official exchange rate,market_repricing,bcb_sgs,daily,2026-01-16,5.3798,brl_per_usd
brl_usd,BRL/USD official exchange rate,market_repricing,bcb_sgs,daily,2026-01-19,5.3653,brl_per_usd
brl_usd,BRL/USD official exchange rate,market_repricing,bcb_sgs,daily,2026-01-20,5.379,brl_per_usd
brl_usd,BRL/USD official exchange rate,market_repricing,bcb_sgs,daily,2026-01-21,5.3368,brl_per_usd
brl_usd,BRL/USD official exchange rate,market_repricing,bcb_sgs,daily,2026-01-22,5.3118,brl_per_usd
brl_usd,BRL/USD official exchange rate,market_repricing,bcb_sgs,daily,2026-01-23,5.2879,brl_per_usd
brl_usd,BRL/USD official exchange rate,market_repricing,bcb_sgs,daily,2026-01-26,5.276,brl_per_usd
brl_usd,BRL/USD official exchange rate,market_repricing,bcb_sgs,daily,2026-01-27,5.2392,brl_per_usd
brl_usd,BRL/USD official exchange rate,market_repricing,bcb_sgs,daily,2026-01-28,5.1838,brl_per_usd
brl_usd,BRL/USD official exchange rate,market_repricing,bcb_sgs,daily,2026-01-29,5.1956,brl_per_usd
brl_usd,BRL/USD official exchange rate,market_repricing,bcb_sgs,daily,2026-01-30,5.2301,brl_per_usd
brl_usd,BRL/USD official exchange rate,market_repricing,bcb_sgs,daily,2026-02-02,5.2587,brl_per_usd
brl_usd,BRL/USD official exchange rate,market_repricing,bcb_sgs,daily,2026-02-03,5.2236,brl_per_usd
brl_usd,BRL/USD official exchange rate,market_repricing,bcb_sgs,daily,2026-02-04,5.2359,brl_per_usd
brl_usd,BRL/USD official exchange rate,market_repricing,bcb_sgs,daily,2026-02-05,5.258,brl_per_usd
brl_usd,BRL/USD official exchange rate,market_repricing,bcb_sgs,daily,2026-02-06,5.2341,brl_per_usd
brl_usd,BRL/USD official exchange rate,market_repricing,bcb_sgs,daily,2026-02-09,5.1943,brl_per_usd
brl_usd,BRL/USD official exchange rate,market_repricing,bcb_sgs,daily,2026-02-10,5.2021,brl_per_usd
brl_usd,BRL/USD official exchange rate,market_repricing,bcb_sgs,daily,2026-02-11,5.1836,brl_per_usd
brl_usd,BRL/USD official exchange rate,market_repricing,bcb_sgs,daily,2026-02-12,5.1674,brl_per_usd
brl_usd,BRL/USD official exchange rate,market_repricing,bcb_sgs,daily,2026-02-13,5.2288,brl_per_usd
brl_usd,BRL/USD official exchange rate,market_repricing,bcb_sgs,daily,2026-02-18,5.2349,brl_per_usd
brl_usd,BRL/USD official exchange rate,market_repricing,bcb_sgs,daily,2026-02-19,5.2257,brl_per_usd
brl_usd,BRL/USD official exchange rate,market_repricing,bcb_sgs,daily,2026-02-20,5.2006,brl_per_usd
brl_usd,BRL/USD official exchange rate,market_repricing,bcb_sgs,daily,2026-02-23,5.1635,brl_per_usd
brl_usd,BRL/USD official exchange rate,market_repricing,bcb_sgs,daily,2026-02-24,5.1682,brl_per_usd
brl_usd,BRL/USD official exchange rate,market_repricing,bcb_sgs,daily,2026-02-25,5.144,brl_per_usd
brl_usd,BRL/USD official exchange rate,market_repricing,bcb_sgs,daily,2026-02-26,5.1382,brl_per_usd
brl_usd,BRL/USD official exchange rate,market_repricing,bcb_sgs,daily,2026-02-27,5.1495,brl_per_usd
brl_usd,BRL/USD official exchange rate,market_repricing,bcb_sgs,daily,2026-03-02,5.2001,brl_per_usd
brl_usd,BRL/USD official exchange rate,market_repricing,bcb_sgs,daily,2026-03-03,5.287,brl_per_usd
brl_usd,BRL/USD official exchange rate,market_repricing,bcb_sgs,daily,2026-03-04,5.2091,brl_per_usd
brl_usd,BRL/USD official exchange rate,market_repricing,bcb_sgs,daily,2026-03-05,5.2447,brl_per_usd
brl_usd,BRL/USD official exchange rate,market_repricing,bcb_sgs,daily,2026-03-06,5.2878,brl_per_usd
brl_usd,BRL/USD official exchange rate,market_repricing,bcb_sgs,daily,2026-03-09,5.2139,brl_per_usd
brl_usd,BRL/USD official exchange rate,market_repricing,bcb_sgs,daily,2026-03-10,5.1622,brl_per_usd
brl_usd,BRL/USD official exchange rate,market_repricing,bcb_sgs,daily,2026-03-11,5.1596,brl_per_usd
brl_usd,BRL/USD official exchange rate,market_repricing,bcb_sgs,daily,2026-03-12,5.2051,brl_per_usd
brl_usd,BRL/USD official exchange rate,market_repricing,bcb_sgs,daily,2026-03-13,5.2541,brl_per_usd
brl_usd,BRL/USD official exchange rate,market_repricing,bcb_sgs,daily,2026-03-16,5.2647,brl_per_usd
brl_usd,BRL/USD official exchange rate,market_repricing,bcb_sgs,daily,2026-03-17,5.2022,brl_per_usd
brl_usd,BRL/USD official exchange rate,market_repricing,bcb_sgs,daily,2026-03-18,5.2112,brl_per_usd
brl_usd,BRL/USD official exchange rate,market_repricing,bcb_sgs,daily,2026-03-19,5.2587,brl_per_usd
brl_usd,BRL/USD official exchange rate,market_repricing,bcb_sgs,daily,2026-03-20,5.28,brl_per_usd
brl_usd,BRL/USD official exchange rate,market_repricing,bcb_sgs,daily,2026-03-23,5.244,brl_per_usd
brl_usd,BRL/USD official exchange rate,market_repricing,bcb_sgs,daily,2026-03-24,5.2599,brl_per_usd
brl_usd,BRL/USD official exchange rate,market_repricing,bcb_sgs,daily,2026-03-25,5.2275,brl_per_usd
brl_usd,BRL/USD official exchange rate,market_repricing,bcb_sgs,daily,2026-03-26,5.2308,brl_per_usd
brl_usd,BRL/USD official exchange rate,market_repricing,bcb_sgs,daily,2026-03-27,5.2376,brl_per_usd
brl_usd,BRL/USD official exchange rate,market_repricing,bcb_sgs,daily,2026-03-30,5.2353,brl_per_usd
brl_usd,BRL/USD official exchange rate,market_repricing,bcb_sgs,daily,2026-03-31,5.2194,brl_per_usd
brl_usd,BRL/USD official exchange rate,market_repricing,bcb_sgs,daily,2026-04-01,5.1606,brl_per_usd
brl_usd,BRL/USD official exchange rate,market_repricing,bcb_sgs,daily,2026-04-02,5.1655,brl_per_usd
brl_usd,BRL/USD official exchange rate,market_repricing,bcb_sgs,daily,2026-04-06,5.1532,brl_per_usd
brl_usd,BRL/USD official exchange rate,market_repricing,bcb_sgs,daily,2026-04-07,5.1625,brl_per_usd
brl_usd,BRL/USD official exchange rate,market_repricing,bcb_sgs,daily,2026-04-08,5.0899,brl_per_usd
brl_usd,BRL/USD official exchange rate,market_repricing,bcb_sgs,daily,2026-04-09,5.0821,brl_per_usd
brl_usd,BRL/USD official exchange rate,market_repricing,bcb_sgs,daily,2026-04-10,5.0229,brl_per_usd
brl_usd,BRL/USD official exchange rate,market_repricing,bcb_sgs,daily,2026-04-13,5.0244,brl_per_usd
brl_usd,BRL/USD official exchange rate,market_repricing,bcb_sgs,daily,2026-04-14,4.9806,brl_per_usd
brl_usd,BRL/USD official exchange rate,market_repricing,bcb_sgs,daily,2026-04-15,4.9928,brl_per_usd
brl_usd,BRL/USD official exchange rate,market_repricing,bcb_sgs,daily,2026-04-16,5.0007,brl_per_usd
brl_usd,BRL/USD official exchange rate,market_repricing,bcb_sgs,daily,2026-04-17,4.9695,brl_per_usd
brl_usd,BRL/USD official exchange rate,market_repricing,bcb_sgs,daily,2026-04-20,4.9844,brl_per_usd
brl_usd,BRL/USD official exchange rate,market_repricing,bcb_sgs,daily,2026-04-22,4.9653,brl_per_usd
brl_usd,BRL/USD official exchange rate,market_repricing,bcb_sgs,daily,2026-04-23,4.9539,brl_per_usd
brl_usd,BRL/USD official exchange rate,market_repricing,bcb_sgs,daily,2026-04-24,5.0083,brl_per_usd
brl_usd,BRL/USD official exchange rate,market_repricing,bcb_sgs,daily,2026-04-27,4.97,brl_per_usd
brl_usd,BRL/USD official exchange rate,market_repricing,bcb_sgs,daily,2026-04-28,4.9878,brl_per_usd
brl_usd,BRL/USD official exchange rate,market_repricing,bcb_sgs,daily,2026-04-29,4.9985,brl_per_usd
brl_usd,BRL/USD official exchange rate,market_repricing,bcb_sgs,daily,2026-04-30,4.9886,brl_per_usd
brl_usd,BRL/USD official exchange rate,market_repricing,bcb_sgs,daily,2026-05-04,4.9587,brl_per_usd
brl_usd,BRL/USD official exchange rate,market_repricing,bcb_sgs,daily,2026-05-05,4.9242,brl_per_usd
brl_usd,BRL/USD official exchange rate,market_repricing,bcb_sgs,daily,2026-05-06,4.9274,brl_per_usd
brl_usd,BRL/USD official exchange rate,market_repricing,bcb_sgs,daily,2026-05-07,4.917,brl_per_usd
brl_usd,BRL/USD official exchange rate,market_repricing,bcb_sgs,daily,2026-05-08,4.8999,brl_per_usd
brl_usd,BRL/USD official exchange rate,market_repricing,bcb_sgs,daily,2026-05-11,4.8973,brl_per_usd
brl_usd,BRL/USD official exchange rate,market_repricing,bcb_sgs,daily,2026-05-12,4.8977,brl_per_usd
brl_usd,BRL/USD official exchange rate,market_repricing,bcb_sgs,daily,2026-05-13,4.9118,brl_per_usd
brl_usd,BRL/USD official exchange rate,market_repricing,bcb_sgs,daily,2026-05-14,4.9809,brl_per_usd
brl_usd,BRL/USD official exchange rate,market_repricing,bcb_sgs,daily,2026-05-15,5.0654,brl_per_usd
brl_usd,BRL/USD official exchange rate,market_repricing,bcb_sgs,daily,2026-05-18,5.0093,brl_per_usd
brl_usd,BRL/USD official exchange rate,market_repricing,bcb_sgs,daily,2026-05-19,5.0378,brl_per_usd
brl_usd,BRL/USD official exchange rate,market_repricing,bcb_sgs,daily,2026-05-20,5.0301,brl_per_usd
brl_usd,BRL/USD official exchange rate,market_repricing,bcb_sgs,daily,2026-05-21,5.0077,brl_per_usd
brl_usd,BRL/USD official exchange rate,market_repricing,bcb_sgs,daily,2026-05-22,5.014,brl_per_usd
brl_usd,BRL/USD official exchange rate,market_repricing,bcb_sgs,daily,2026-05-25,5.0072,brl_per_usd
brl_usd,BRL/USD official exchange rate,market_repricing,bcb_sgs,daily,2026-05-26,5.0211,brl_per_usd
brl_usd,BRL/USD official exchange rate,market_repricing,bcb_sgs,daily,2026-05-27,5.0579,brl_per_usd
brl_usd,BRL/USD official exchange rate,market_repricing,bcb_sgs,daily,2026-05-28,5.0517,brl_per_usd
brl_usd,BRL/USD official exchange rate,market_repricing,bcb_sgs,daily,2026-05-29,5.0569,brl_per_usd
brl_usd,BRL/USD official exchange rate,market_repricing,bcb_sgs,daily,2026-06-01,5.0303,brl_per_usd
brl_usd,BRL/USD official exchange rate,market_repricing,bcb_sgs,daily,2026-06-02,5.016,brl_per_usd
brl_usd,BRL/USD official exchange rate,market_repricing,bcb_sgs,daily,2026-06-03,5.0415,brl_per_usd
brl_usd,BRL/USD official exchange rate,market_repricing,bcb_sgs,daily,2026-06-05,5.1244,brl_per_usd
brl_usd,BRL/USD official exchange rate,market_repricing,bcb_sgs,daily,2026-06-08,5.1695,brl_per_usd
brl_usd,BRL/USD official exchange rate,market_repricing,bcb_sgs,daily,2026-06-09,5.1693,brl_per_usd
brl_usd,BRL/USD official exchange rate,market_repricing,bcb_sgs,daily,2026-06-10,5.1763,brl_per_usd
brl_usd,BRL/USD official exchange rate,market_repricing,bcb_sgs,daily,2026-06-11,5.1478,brl_per_usd
brl_usd,BRL/USD official exchange rate,market_repricing,bcb_sgs,daily,2026-06-12,5.0827,brl_per_usd
brl_usd,BRL/USD official exchange rate,market_repricing,bcb_sgs,daily,2026-06-15,5.043,brl_per_usd
brl_usd,BRL/USD official exchange rate,market_repricing,bcb_sgs,daily,2026-06-16,5.078,brl_per_usd
brl_usd,BRL/USD official exchange rate,market_repricing,bcb_sgs,daily,2026-06-17,5.0641,brl_per_usd
brl_usd,BRL/USD official exchange rate,market_repricing,bcb_sgs,daily,2026-06-18,5.1613,brl_per_usd
brl_usd,BRL/USD official exchange rate,market_repricing,bcb_sgs,daily,2026-06-19,5.1442,brl_per_usd
brl_usd,BRL/USD official exchange rate,market_repricing,bcb_sgs,daily,2026-06-22,5.1395,brl_per_usd
brl_usd,BRL/USD official exchange rate,market_repricing,bcb_sgs,daily,2026-06-23,5.1743,brl_per_usd
brl_usd,BRL/USD official exchange rate,market_repricing,bcb_sgs,daily,2026-06-24,5.2098,brl_per_usd
brl_usd,BRL/USD official exchange rate,market_repricing,bcb_sgs,daily,2026-06-25,5.1892,brl_per_usd
brl_usd,BRL/USD official exchange rate,market_repricing,bcb_sgs,daily,2026-06-26,5.1695,brl_per_usd
brl_usd,BRL/USD official exchange rate,market_repricing,bcb_sgs,daily,2026-06-29,5.1717,brl_per_usd
brl_usd,BRL/USD official exchange rate,market_repricing,bcb_sgs,daily,2026-06-30,5.1766,brl_per_usd
brl_usd,BRL/USD official exchange rate,market_repricing,bcb_sgs,daily,2026-07-01,5.195,brl_per_usd
brl_usd,BRL/USD official exchange rate,market_repricing,bcb_sgs,daily,2026-07-02,5.1945,brl_per_usd
brl_usd,BRL/USD official exchange rate,market_repricing,bcb_sgs,daily,2026-07-03,5.1717,brl_per_usd
brl_usd,BRL/USD official exchange rate,market_repricing,bcb_sgs,daily,2026-07-06,5.167,brl_per_usd
brl_usd,BRL/USD official exchange rate,market_repricing,bcb_sgs,daily,2026-07-07,5.1458,brl_per_usd
brl_usd,BRL/USD official exchange rate,market_repricing,bcb_sgs,daily,2026-07-08,5.1552,brl_per_usd
brl_usd,BRL/USD official exchange rate,market_repricing,bcb_sgs,daily,2026-07-09,5.1329,brl_per_usd
brl_usd,BRL/USD official exchange rate,market_repricing,bcb_sgs,daily,2026-07-10,5.1088,brl_per_usd
brl_usd,BRL/USD official exchange rate,market_repricing,bcb_sgs,daily,2026-07-13,5.1183,brl_per_usd
brl_usd,BRL/USD official exchange rate,market_repricing,bcb_sgs,daily,2026-07-14,5.0742,brl_per_usd
brl_usd,BRL/USD official exchange rate,market_repricing,bcb_sgs,daily,2026-07-15,5.0727,brl_per_usd
brl_usd,BRL/USD official exchange rate,market_repricing,bcb_sgs,daily,2026-07-16,5.0975,brl_per_usd
brl_usd,BRL/USD official exchange rate,market_repricing,bcb_sgs,daily,2026-07-17,5.1176,brl_per_usd
brl_usd,BRL/USD official exchange rate,market_repricing,bcb_sgs,daily,2026-07-20,5.0894,brl_per_usd
brl_usd,BRL/USD official exchange rate,market_repricing,bcb_sgs,daily,2026-07-21,5.078,brl_per_usd
brl_usd,BRL/USD official exchange rate,market_repricing,bcb_sgs,daily,2026-07-22,5.0638,brl_per_usd
brl_usd,BRL/USD official exchange rate,market_repricing,bcb_sgs,daily,2026-07-23,5.0807,brl_per_usd
brl_usd,BRL/USD official exchange rate,market_repricing,bcb_sgs,daily,2026-07-24,5.0666,brl_per_usd
brl_usd,BRL/USD official exchange rate,market_repricing,bcb_sgs,daily,2026-07-27,5.1005,brl_per_usd
brl_usd,BRL/USD official exchange rate,market_repricing,bcb_sgs,daily,2026-07-28,5.1177,brl_per_usd
brl_usd,BRL/USD official exchange rate,market_repricing,bcb_sgs,daily,2026-07-29,5.1217,brl_per_usd
brl_usd,BRL/USD official exchange rate,market_repricing,bcb_sgs,daily,2026-07-30,5.0739,brl_per_usd
brl_usd,BRL/USD official exchange rate,market_repricing,bcb_sgs,daily,2026-07-31,5.0773,brl_per_usd
brl_usd,BRL/USD official exchange rate,market_repricing,bcb_sgs,daily,2026-08-03,5.0723,brl_per_usd
brl_usd,BRL/USD official exchange rate,market_repricing,bcb_sgs,daily,2026-08-04,5.1053,brl_per_usd
brl_usd,BRL/USD official exchange rate,market_repricing,bcb_sgs,daily,2026-08-05,5.1154,brl_per_usd
brl_usd,BRL/USD official exchange rate,market_repricing,bcb_sgs,daily,2026-08-06,5.1017,brl_per_usd
brl_usd,BRL/USD official exchange rate,market_repricing,bcb_sgs,daily,2026-08-07,5.0908,brl_per_usd
brl_usd,BRL/USD official exchange rate,market_repricing,bcb_sgs,daily,2026-08-10,5.0963,brl_per_usd
brl_usd,BRL/USD official exchange rate,market_repricing,bcb_sgs,daily,2026-08-11,5.1285,brl_per_usd
brl_usd,BRL/USD official exchange rate,market_repricing,bcb_sgs,daily,2026-08-12,5.1639,brl_per_usd
brl_usd,BRL/USD official exchange rate,market_repricing,bcb_sgs,daily,2026-08-13,5.1859,brl_per_usd
brl_usd,BRL/USD official exchange rate,market_repricing,bcb_sgs,daily,2026-08-14,5.2236,brl_per_usd
brl_usd,BRL/USD official exchange rate,market_repricing,bcb_sgs,daily,2026-08-17,5.2014,brl_per_usd
brl_usd,BRL/USD official exchange rate,market_repricing,bcb_sgs,daily,2026-08-18,5.2043,brl_per_usd
brl_usd,BRL/USD official exchange rate,market_repricing,bcb_sgs,daily,2026-08-19,5.1714,brl_per_usd
brl_usd,BRL/USD official exchange rate,market_repricing,bcb_sgs,daily,2026-08-20,5.1862,brl_per_usd
brl_usd,BRL/USD official exchange rate,market_repricing,bcb_sgs,daily,2026-08-21,5.1625,brl_per_usd
brl_usd,BRL/USD official exchange rate,market_repricing,bcb_sgs,daily,2026-08-24,5.1512,brl_per_usd
brl_usd,BRL/USD official exchange rate,market_repricing,bcb_sgs,daily,2026-08-25,5.149,brl_per_usd
brl_usd,BRL/USD official exchange rate,market_repricing,bcb_sgs,daily,2026-08-26,5.1604,brl_per_usd
brl_usd,BRL/USD official exchange rate,market_repricing,bcb_sgs,daily,2026-08-27,5.1642,brl_per_usd
brl_usd,BRL/USD official exchange rate,market_repricing,bcb_sgs,daily,2026-08-28,5.2005,brl_per_usd
brl_usd,BRL/USD official exchange rate,market_repricing,bcb_sgs,daily,2026-08-31,5.1816,brl_per_usd
brl_usd,BRL/USD official exchange rate,market_repricing,bcb_sgs,daily,2026-09-01,5.157,brl_per_usd
brl_usd,BRL/USD official exchange rate,market_repricing,bcb_sgs,daily,2026-09-02,5.1273,brl_per_usd
brl_usd,BRL/USD official exchange rate,market_repricing,bcb_sgs,daily,2026-09-03,5.0962,brl_per_usd
brl_usd,BRL/USD official exchange rate,market_repricing,bcb_sgs,daily,2026-09-04,5.1253,brl_per_usd
brl_usd,BRL/USD official exchange rate,market_repricing,bcb_sgs,daily,2026-09-08,5.0856,brl_per_usd
brl_usd,BRL/USD official exchange rate,market_repricing,bcb_sgs,daily,2026-09-09,5.0979,brl_per_usd
brl_usd,BRL/USD official exchange rate,market_repricing,bcb_sgs,daily,2026-09-10,5.1149,brl_per_usd
brl_usd,BRL/USD official exchange rate,market_repricing,bcb_sgs,daily,2026-09-11,5.0918,brl_per_usd
brl_usd,BRL/USD official exchange rate,market_repricing,bcb_sgs,daily,2026-09-14,5.1696,brl_per_usd
brl_usd,BRL/USD official exchange rate,market_repricing,bcb_sgs,daily,2026-09-15,5.149,brl_per_usd
brl_usd,BRL/USD official exchange rate,market_repricing,bcb_sgs,daily,2026-09-16,5.1527,brl_per_usd
brl_usd,BRL/USD official exchange rate,market_repricing,bcb_sgs,daily,2026-09-17,5.1521,brl_per_usd
brl_usd,BRL/USD official exchange rate,market_repricing,bcb_sgs,daily,2026-09-18,5.1575,brl_per_usd
brl_usd,BRL/USD official exchange rate,market_repricing,bcb_sgs,daily,2026-09-21,5.1117,brl_per_usd
brl_usd,BRL/USD official exchange rate,market_repricing,bcb_sgs,daily,2026-09-22,5.1161,brl_per_usd
brl_usd,BRL/USD official exchange rate,market_repricing,bcb_sgs,daily,2026-09-23,5.1414,brl_per_usd
brl_usd,BRL/USD official exchange rate,market_repricing,bcb_sgs,daily,2026-09-24,5.1795,brl_per_usd
brl_usd,BRL/USD official exchange rate,market_repricing,bcb_sgs,daily,2026-09-25,5.1991,brl_per_usd
brl_usd,BRL/USD official exchange rate,market_repricing,bcb_sgs,daily,2026-09-28,5.2132,brl_per_usd
brl_usd,BRL/USD official exchange rate,market_repricing,bcb_sgs,daily,2026-09-29,5.2204,brl_per_usd
brl_usd,BRL/USD official exchange rate,market_repricing,bcb_sgs,daily,2026-09-30,5.1809,brl_per_usd
brl_usd,BRL/USD official exchange rate,market_repricing,bcb_sgs,daily,2026-10-01,5.2079,brl_per_usd
brl_usd,BRL/USD official exchange rate,market_repricing,bcb_sgs,daily,2026-10-02,5.2238,brl_per_usd
