metric_id,metric_name,theme,source_id,freq,date,value,unit
electricity_load,"Electricity load (SIN)",energy_water,ons_open_data,daily,2015-01-01,51441.9254,mwmed
electricity_load,"Electricity load (SIN)",energy_water,ons_open_data,daily,2015-01-02,59093.4742,mwmed
electricity_load,"Electricity load (SIN)",energy_water,ons_open_data,daily,2015-01-03,58224.5783,mwmed
electricity_load,"Electricity load (SIN)",energy_water,ons_open_data,daily,2015-01-04,54518.4562,mwmed
electricity_load,"Electricity load (SIN)",energy_water,ons_open_data,daily,2015-01-05,64421.8162,mwmed
electricity_load,"Electricity load (SIN)",energy_water,ons_open_data,daily,2015-01-06,67569.9296,mwmed
electricity_load,"Electricity load (SIN)",energy_water,ons_open_data,daily,2015-01-07,69157.1279,mwmed
electricity_load,"Electricity load (SIN)",energy_water,ons_open_data,daily,2015-01-08,69242.0050,mwmed
electricity_load,"Electricity load (SIN)",energy_water,ons_open_data,daily,2015-01-09,70369.5312,mwmed
electricity_load,"Electricity load (SIN)",energy_water,ons_open_data,daily,2015-01-10,65490.3575,mwmed
electricity_load,"Electricity load (SIN)",energy_water,ons_open_data,daily,2015-01-11,59874.6208,mwmed
electricity_load,"Electricity load (SIN)",energy_water,ons_open_data,daily,2015-01-12,71521.1692,mwmed
electricity_load,"Electricity load (SIN)",energy_water,ons_open_data,daily,2015-01-13,73987.7346,mwmed
electricity_load,"Electricity load (SIN)",energy_water,ons_open_data,daily,2015-01-14,73273.8700,mwmed
electricity_load,"Electricity load (SIN)",energy_water,ons_open_data,daily,2015-01-15,72285.3021,mwmed
electricity_load,"Electricity load (SIN)",energy_water,ons_open_data,daily,2015-01-16,72681.2971,mwmed
electricity_load,"Electricity load (SIN)",energy_water,ons_open_data,daily,2015-01-17,67278.9383,mwmed
electricity_load,"Electricity load (SIN)",energy_water,ons_open_data,daily,2015-01-18,61385.9258,mwmed
electricity_load,"Electricity load (SIN)",energy_water,ons_open_data,daily,2015-01-19,72638.3346,mwmed
electricity_load,"Electricity load (SIN)",energy_water,ons_open_data,daily,2015-01-20,72928.0558,mwmed
electricity_load,"Electricity load (SIN)",energy_water,ons_open_data,daily,2015-01-21,73281.5783,mwmed
electricity_load,"Electricity load (SIN)",energy_water,ons_open_data,daily,2015-01-22,71409.7425,mwmed
electricity_load,"Electricity load (SIN)",energy_water,ons_open_data,daily,2015-01-23,69216.8408,mwmed
electricity_load,"Electricity load (SIN)",energy_water,ons_open_data,daily,2015-01-24,63549.8967,mwmed
electricity_load,"Electricity load (SIN)",energy_water,ons_open_data,daily,2015-01-25,57228.1767,mwmed
electricity_load,"Electricity load (SIN)",energy_water,ons_open_data,daily,2015-01-26,69269.3512,mwmed
electricity_load,"Electricity load (SIN)",energy_water,ons_open_data,daily,2015-01-27,71378.7779,mwmed
electricity_load,"Electricity load (SIN)",energy_water,ons_open_data,daily,2015-01-28,71420.4613,mwmed
electricity_load,"Electricity load (SIN)",energy_water,ons_open_data,daily,2015-01-29,71185.5725,mwmed
electricity_load,"Electricity load (SIN)",energy_water,ons_open_data,daily,2015-01-30,70995.2375,mwmed
electricity_load,"Electricity load (SIN)",energy_water,ons_open_data,daily,2015-01-31,64101.7704,mwmed
electricity_load,"Electricity load (SIN)",energy_water,ons_open_data,daily,2015-02-01,57885.0067,mwmed
electricity_load,"Electricity load (SIN)",energy_water,ons_open_data,daily,2015-02-02,68757.3933,mwmed
electricity_load,"Electricity load (SIN)",energy_water,ons_open_data,daily,2015-02-03,70707.8267,mwmed
electricity_load,"Electricity load (SIN)",energy_water,ons_open_data,daily,2015-02-04,69724.3029,mwmed
electricity_load,"Electricity load (SIN)",energy_water,ons_open_data,daily,2015-02-05,68192.7775,mwmed
electricity_load,"Electricity load (SIN)",energy_water,ons_open_data,daily,2015-02-06,67216.1929,mwmed
electricity_load,"Electricity load (SIN)",energy_water,ons_open_data,daily,2015-02-07,61031.8817,mwmed
electricity_load,"Electricity load (SIN)",energy_water,ons_open_data,daily,2015-02-08,55601.7783,mwmed
electricity_load,"Electricity load (SIN)",energy_water,ons_open_data,daily,2015-02-09,67469.2733,mwmed
electricity_load,"Electricity load (SIN)",energy_water,ons_open_data,daily,2015-02-10,69997.2912,mwmed
electricity_load,"Electricity load (SIN)",energy_water,ons_open_data,daily,2015-02-11,70840.8663,mwmed
electricity_load,"Electricity load (SIN)",energy_water,ons_open_data,daily,2015-02-12,72402.4400,mwmed
electricity_load,"Electricity load (SIN)",energy_water,ons_open_data,daily,2015-02-13,72194.1379,mwmed
electricity_load,"Electricity load (SIN)",energy_water,ons_open_data,daily,2015-02-14,63550.3383,mwmed
electricity_load,"Electricity load (SIN)",energy_water,ons_open_data,daily,2015-02-15,55856.3888,mwmed
electricity_load,"Electricity load (SIN)",energy_water,ons_open_data,daily,2015-02-16,59098.7254,mwmed
electricity_load,"Electricity load (SIN)",energy_water,ons_open_data,daily,2015-02-17,58993.9121,mwmed
electricity_load,"Electricity load (SIN)",energy_water,ons_open_data,daily,2015-02-18,65246.9817,mwmed
electricity_load,"Electricity load (SIN)",energy_water,ons_open_data,daily,2015-02-19,68508.3379,mwmed
electricity_load,"Electricity load (SIN)",energy_water,ons_open_data,daily,2015-02-20,68729.6967,mwmed
electricity_load,"Electricity load (SIN)",energy_water,ons_open_data,daily,2015-02-21,63246.3196,mwmed
electricity_load,"Electricity load (SIN)",energy_water,ons_open_data,daily,2015-02-22,57077.5979,mwmed
electricity_load,"Electricity load (SIN)",energy_water,ons_open_data,daily,2015-02-23,68605.2492,mwmed
electricity_load,"Electricity load (SIN)",energy_water,ons_open_data,daily,2015-02-24,69802.7417,mwmed
electricity_load,"Electricity load (SIN)",energy_water,ons_open_data,daily,2015-02-25,70036.9746,mwmed
electricity_load,"Electricity load (SIN)",energy_water,ons_open_data,daily,2015-02-26,70311.2188,mwmed
electricity_load,"Electricity load (SIN)",energy_water,ons_open_data,daily,2015-02-27,70004.8617,mwmed
electricity_load,"Electricity load (SIN)",energy_water,ons_open_data,daily,2015-02-28,62620.0825,mwmed
electricity_load,"Electricity load (SIN)",energy_water,ons_open_data,daily,2015-03-01,55452.9079,mwmed
electricity_load,"Electricity load (SIN)",energy_water,ons_open_data,daily,2015-03-02,66832.9029,mwmed
electricity_load,"Electricity load (SIN)",energy_water,ons_open_data,daily,2015-03-03,69206.6533,mwmed
electricity_load,"Electricity load (SIN)",energy_water,ons_open_data,daily,2015-03-04,69965.9983,mwmed
electricity_load,"Electricity load (SIN)",energy_water,ons_open_data,daily,2015-03-05,70271.3979,mwmed
electricity_load,"Electricity load (SIN)",energy_water,ons_open_data,daily,2015-03-06,69642.2621,mwmed
electricity_load,"Electricity load (SIN)",energy_water,ons_open_data,daily,2015-03-07,62123.5646,mwmed
electricity_load,"Electricity load (SIN)",energy_water,ons_open_data,daily,2015-03-08,55965.3896,mwmed
electricity_load,"Electricity load (SIN)",energy_water,ons_open_data,daily,2015-03-09,66458.2992,mwmed
electricity_load,"Electricity load (SIN)",energy_water,ons_open_data,daily,2015-03-10,68074.0354,mwmed
electricity_load,"Electricity load (SIN)",energy_water,ons_open_data,daily,2015-03-11,68737.2817,mwmed
electricity_load,"Electricity load (SIN)",energy_water,ons_open_data,daily,2015-03-12,68682.8758,mwmed
electricity_load,"Electricity load (SIN)",energy_water,ons_open_data,daily,2015-03-13,68940.6925,mwmed
electricity_load,"Electricity load (SIN)",energy_water,ons_open_data,daily,2015-03-14,62759.9233,mwmed
electricity_load,"Electricity load (SIN)",energy_water,ons_open_data,daily,2015-03-15,56806.3046,mwmed
electricity_load,"Electricity load (SIN)",energy_water,ons_open_data,daily,2015-03-16,68227.8004,mwmed
electricity_load,"Electricity load (SIN)",energy_water,ons_open_data,daily,2015-03-17,68413.1658,mwmed
electricity_load,"Electricity load (SIN)",energy_water,ons_open_data,daily,2015-03-18,68112.0617,mwmed
electricity_load,"Electricity load (SIN)",energy_water,ons_open_data,daily,2015-03-19,67559.1604,mwmed
electricity_load,"Electricity load (SIN)",energy_water,ons_open_data,daily,2015-03-20,67720.4837,mwmed
electricity_load,"Electricity load (SIN)",energy_water,ons_open_data,daily,2015-03-21,60696.0238,mwmed
electricity_load,"Electricity load (SIN)",energy_water,ons_open_data,daily,2015-03-22,53873.0392,mwmed
electricity_load,"Electricity load (SIN)",energy_water,ons_open_data,daily,2015-03-23,63598.9838,mwmed
electricity_load,"Electricity load (SIN)",energy_water,ons_open_data,daily,2015-03-24,65369.2700,mwmed
electricity_load,"Electricity load (SIN)",energy_water,ons_open_data,daily,2015-03-25,66280.5375,mwmed
electricity_load,"Electricity load (SIN)",energy_water,ons_open_data,daily,2015-03-26,67380.4367,mwmed
electricity_load,"Electricity load (SIN)",energy_water,ons_open_data,daily,2015-03-27,67387.5092,mwmed
electricity_load,"Electricity load (SIN)",energy_water,ons_open_data,daily,2015-03-28,61289.4275,mwmed
electricity_load,"Electricity load (SIN)",energy_water,ons_open_data,daily,2015-03-29,55366.8779,mwmed
electricity_load,"Electricity load (SIN)",energy_water,ons_open_data,daily,2015-03-30,65650.4583,mwmed
electricity_load,"Electricity load (SIN)",energy_water,ons_open_data,daily,2015-03-31,67641.1717,mwmed
electricity_load,"Electricity load (SIN)",energy_water,ons_open_data,daily,2015-04-01,67302.9337,mwmed
electricity_load,"Electricity load (SIN)",energy_water,ons_open_data,daily,2015-04-02,65312.2508,mwmed
electricity_load,"Electricity load (SIN)",energy_water,ons_open_data,daily,2015-04-03,53201.1704,mwmed
electricity_load,"Electricity load (SIN)",energy_water,ons_open_data,daily,2015-04-04,55892.5454,mwmed
electricity_load,"Electricity load (SIN)",energy_water,ons_open_data,daily,2015-04-05,53815.3175,mwmed
electricity_load,"Electricity load (SIN)",energy_water,ons_open_data,daily,2015-04-06,65261.2908,mwmed
electricity_load,"Electricity load (SIN)",energy_water,ons_open_data,daily,2015-04-07,65123.0729,mwmed
electricity_load,"Electricity load (SIN)",energy_water,ons_open_data,daily,2015-04-08,64498.3508,mwmed
electricity_load,"Electricity load (SIN)",energy_water,ons_open_data,daily,2015-04-10,64861.1617,mwmed
electricity_load,"Electricity load (SIN)",energy_water,ons_open_data,daily,2015-04-11,59440.3404,mwmed
electricity_load,"Electricity load (SIN)",energy_water,ons_open_data,daily,2015-04-12,53575.1475,mwmed
electricity_load,"Electricity load (SIN)",energy_water,ons_open_data,daily,2015-04-13,64349.7129,mwmed
electricity_load,"Electricity load (SIN)",energy_water,ons_open_data,daily,2015-04-14,65848.9688,mwmed
electricity_load,"Electricity load (SIN)",energy_water,ons_open_data,daily,2015-04-15,66287.7050,mwmed
electricity_load,"Electricity load (SIN)",energy_water,ons_open_data,daily,2015-04-16,66370.4067,mwmed
electricity_load,"Electricity load (SIN)",energy_water,ons_open_data,daily,2015-04-17,66015.8475,mwmed
electricity_load,"Electricity load (SIN)",energy_water,ons_open_data,daily,2015-04-18,59793.3662,mwmed
electricity_load,"Electricity load (SIN)",energy_water,ons_open_data,daily,2015-04-19,54029.9237,mwmed
electricity_load,"Electricity load (SIN)",energy_water,ons_open_data,daily,2015-04-20,62244.6075,mwmed
electricity_load,"Electricity load (SIN)",energy_water,ons_open_data,daily,2015-04-21,57966.2442,mwmed
electricity_load,"Electricity load (SIN)",energy_water,ons_open_data,daily,2015-04-22,64698.0162,mwmed
electricity_load,"Electricity load (SIN)",energy_water,ons_open_data,daily,2015-04-23,63574.0333,mwmed
electricity_load,"Electricity load (SIN)",energy_water,ons_open_data,daily,2015-04-24,64134.2558,mwmed
electricity_load,"Electricity load (SIN)",energy_water,ons_open_data,daily,2015-04-25,57797.8746,mwmed
electricity_load,"Electricity load (SIN)",energy_water,ons_open_data,daily,2015-04-26,50864.7467,mwmed
electricity_load,"Electricity load (SIN)",energy_water,ons_open_data,daily,2015-04-27,61218.1150,mwmed
electricity_load,"Electricity load (SIN)",energy_water,ons_open_data,daily,2015-04-28,63379.3746,mwmed
electricity_load,"Electricity load (SIN)",energy_water,ons_open_data,daily,2015-04-29,62826.5025,mwmed
electricity_load,"Electricity load (SIN)",energy_water,ons_open_data,daily,2015-04-30,61377.7408,mwmed
electricity_load,"Electricity load (SIN)",energy_water,ons_open_data,daily,2015-05-01,50865.5542,mwmed
electricity_load,"Electricity load (SIN)",energy_water,ons_open_data,daily,2015-05-02,51899.0387,mwmed
electricity_load,"Electricity load (SIN)",energy_water,ons_open_data,daily,2015-05-03,49666.7746,mwmed
electricity_load,"Electricity load (SIN)",energy_water,ons_open_data,daily,2015-05-04,61014.1829,mwmed
electricity_load,"Electricity load (SIN)",energy_water,ons_open_data,daily,2015-05-05,62684.6492,mwmed
electricity_load,"Electricity load (SIN)",energy_water,ons_open_data,daily,2015-05-06,61840.0400,mwmed
electricity_load,"Electricity load (SIN)",energy_water,ons_open_data,daily,2015-05-07,61199.4842,mwmed
electricity_load,"Electricity load (SIN)",energy_water,ons_open_data,daily,2015-05-08,60338.3563,mwmed
electricity_load,"Electricity load (SIN)",energy_water,ons_open_data,daily,2015-05-09,54825.9262,mwmed
electricity_load,"Electricity load (SIN)",energy_water,ons_open_data,daily,2015-05-10,48937.6579,mwmed
electricity_load,"Electricity load (SIN)",energy_water,ons_open_data,daily,2015-05-11,60350.3571,mwmed
electricity_load,"Electricity load (SIN)",energy_water,ons_open_data,daily,2015-05-12,61886.4050,mwmed
electricity_load,"Electricity load (SIN)",energy_water,ons_open_data,daily,2015-05-13,61384.2858,mwmed
electricity_load,"Electricity load (SIN)",energy_water,ons_open_data,daily,2015-05-14,60773.7592,mwmed
electricity_load,"Electricity load (SIN)",energy_water,ons_open_data,daily,2015-05-15,60167.3733,mwmed
electricity_load,"Electricity load (SIN)",energy_water,ons_open_data,daily,2015-05-16,54763.8033,mwmed
electricity_load,"Electricity load (SIN)",energy_water,ons_open_data,daily,2015-05-17,49431.2517,mwmed
electricity_load,"Electricity load (SIN)",energy_water,ons_open_data,daily,2015-05-18,59612.0162,mwmed
electricity_load,"Electricity load (SIN)",energy_water,ons_open_data,daily,2015-05-19,61060.4175,mwmed
electricity_load,"Electricity load (SIN)",energy_water,ons_open_data,daily,2015-05-20,61382.8983,mwmed
electricity_load,"Electricity load (SIN)",energy_water,ons_open_data,daily,2015-05-21,61717.2133,mwmed
electricity_load,"Electricity load (SIN)",energy_water,ons_open_data,daily,2015-05-22,61609.2717,mwmed
electricity_load,"Electricity load (SIN)",energy_water,ons_open_data,daily,2015-05-23,56066.8108,mwmed
electricity_load,"Electricity load (SIN)",energy_water,ons_open_data,daily,2015-05-24,50260.9554,mwmed
electricity_load,"Electricity load (SIN)",energy_water,ons_open_data,daily,2015-05-25,60589.4833,mwmed
electricity_load,"Electricity load (SIN)",energy_water,ons_open_data,daily,2015-05-26,62291.9675,mwmed
electricity_load,"Electricity load (SIN)",energy_water,ons_open_data,daily,2015-05-27,62554.8012,mwmed
electricity_load,"Electricity load (SIN)",energy_water,ons_open_data,daily,2015-05-28,62345.6079,mwmed
electricity_load,"Electricity load (SIN)",energy_water,ons_open_data,daily,2015-05-29,61258.3192,mwmed
electricity_load,"Electricity load (SIN)",energy_water,ons_open_data,daily,2015-05-30,55082.7217,mwmed
electricity_load,"Electricity load (SIN)",energy_water,ons_open_data,daily,2015-05-31,49550.0567,mwmed
electricity_load,"Electricity load (SIN)",energy_water,ons_open_data,daily,2015-06-01,59671.0592,mwmed
electricity_load,"Electricity load (SIN)",energy_water,ons_open_data,daily,2015-06-02,61035.5379,mwmed
electricity_load,"Electricity load (SIN)",energy_water,ons_open_data,daily,2015-06-03,60542.3037,mwmed
electricity_load,"Electricity load (SIN)",energy_water,ons_open_data,daily,2015-06-04,52799.4713,mwmed
electricity_load,"Electricity load (SIN)",energy_water,ons_open_data,daily,2015-06-05,56201.2313,mwmed
electricity_load,"Electricity load (SIN)",energy_water,ons_open_data,daily,2015-06-06,52920.2787,mwmed
electricity_load,"Electricity load (SIN)",energy_water,ons_open_data,daily,2015-06-07,48761.8808,mwmed
electricity_load,"Electricity load (SIN)",energy_water,ons_open_data,daily,2015-06-08,58928.1271,mwmed
electricity_load,"Electricity load (SIN)",energy_water,ons_open_data,daily,2015-06-09,61126.8387,mwmed
electricity_load,"Electricity load (SIN)",energy_water,ons_open_data,daily,2015-06-10,61577.6754,mwmed
electricity_load,"Electricity load (SIN)",energy_water,ons_open_data,daily,2015-06-11,62052.5579,mwmed
electricity_load,"Electricity load (SIN)",energy_water,ons_open_data,daily,2015-06-12,61322.6663,mwmed
electricity_load,"Electricity load (SIN)",energy_water,ons_open_data,daily,2015-06-13,55128.2608,mwmed
electricity_load,"Electricity load (SIN)",energy_water,ons_open_data,daily,2015-06-14,49817.9029,mwmed
electricity_load,"Electricity load (SIN)",energy_water,ons_open_data,daily,2015-06-15,59616.3075,mwmed
electricity_load,"Electricity load (SIN)",energy_water,ons_open_data,daily,2015-06-16,59890.9850,mwmed
electricity_load,"Electricity load (SIN)",energy_water,ons_open_data,daily,2015-06-17,60273.0629,mwmed
electricity_load,"Electricity load (SIN)",energy_water,ons_open_data,daily,2015-06-18,61167.3167,mwmed
electricity_load,"Electricity load (SIN)",energy_water,ons_open_data,daily,2015-06-19,59454.8075,mwmed
electricity_load,"Electricity load (SIN)",energy_water,ons_open_data,daily,2015-06-20,52845.5329,mwmed
electricity_load,"Electricity load (SIN)",energy_water,ons_open_data,daily,2015-06-21,47186.1021,mwmed
electricity_load,"Electricity load (SIN)",energy_water,ons_open_data,daily,2015-06-22,56797.8779,mwmed
electricity_load,"Electricity load (SIN)",energy_water,ons_open_data,daily,2015-06-23,58483.4129,mwmed
electricity_load,"Electricity load (SIN)",energy_water,ons_open_data,daily,2015-06-24,57944.4246,mwmed
electricity_load,"Electricity load (SIN)",energy_water,ons_open_data,daily,2015-06-25,58047.3387,mwmed
electricity_load,"Electricity load (SIN)",energy_water,ons_open_data,daily,2015-06-26,57358.8096,mwmed
electricity_load,"Electricity load (SIN)",energy_water,ons_open_data,daily,2015-06-27,52024.1600,mwmed
electricity_load,"Electricity load (SIN)",energy_water,ons_open_data,daily,2015-06-28,46526.4488,mwmed
electricity_load,"Electricity load (SIN)",energy_water,ons_open_data,daily,2015-06-29,55912.4958,mwmed
electricity_load,"Electricity load (SIN)",energy_water,ons_open_data,daily,2015-06-30,57952.7108,mwmed
electricity_load,"Electricity load (SIN)",energy_water,ons_open_data,daily,2015-07-01,58603.5150,mwmed
electricity_load,"Electricity load (SIN)",energy_water,ons_open_data,daily,2015-07-02,58986.5138,mwmed
electricity_load,"Electricity load (SIN)",energy_water,ons_open_data,daily,2015-07-03,59562.1088,mwmed
electricity_load,"Electricity load (SIN)",energy_water,ons_open_data,daily,2015-07-04,53682.5529,mwmed
electricity_load,"Electricity load (SIN)",energy_water,ons_open_data,daily,2015-07-05,47215.9000,mwmed
electricity_load,"Electricity load (SIN)",energy_water,ons_open_data,daily,2015-07-06,56438.5221,mwmed
electricity_load,"Electricity load (SIN)",energy_water,ons_open_data,daily,2015-07-07,58794.4129,mwmed
electricity_load,"Electricity load (SIN)",energy_water,ons_open_data,daily,2015-07-08,59618.8850,mwmed
electricity_load,"Electricity load (SIN)",energy_water,ons_open_data,daily,2015-07-09,57704.7396,mwmed
electricity_load,"Electricity load (SIN)",energy_water,ons_open_data,daily,2015-07-10,58163.1925,mwmed
electricity_load,"Electricity load (SIN)",energy_water,ons_open_data,daily,2015-07-11,53845.7971,mwmed
electricity_load,"Electricity load (SIN)",energy_water,ons_open_data,daily,2015-07-12,48470.6892,mwmed
electricity_load,"Electricity load (SIN)",energy_water,ons_open_data,daily,2015-07-13,58462.7763,mwmed
electricity_load,"Electricity load (SIN)",energy_water,ons_open_data,daily,2015-07-14,60338.1537,mwmed
electricity_load,"Electricity load (SIN)",energy_water,ons_open_data,daily,2015-07-15,60686.4300,mwmed
electricity_load,"Electricity load (SIN)",energy_water,ons_open_data,daily,2015-07-16,59881.4304,mwmed
electricity_load,"Electricity load (SIN)",energy_water,ons_open_data,daily,2015-07-17,59272.3421,mwmed
electricity_load,"Electricity load (SIN)",energy_water,ons_open_data,daily,2015-07-18,53829.5512,mwmed
electricity_load,"Electricity load (SIN)",energy_water,ons_open_data,daily,2015-07-19,47623.7717,mwmed
electricity_load,"Electricity load (SIN)",energy_water,ons_open_data,daily,2015-07-20,58002.1975,mwmed
electricity_load,"Electricity load (SIN)",energy_water,ons_open_data,daily,2015-07-21,59767.7950,mwmed
electricity_load,"Electricity load (SIN)",energy_water,ons_open_data,daily,2015-07-22,59239.1292,mwmed
electricity_load,"Electricity load (SIN)",energy_water,ons_open_data,daily,2015-07-23,59118.7371,mwmed
electricity_load,"Electricity load (SIN)",energy_water,ons_open_data,daily,2015-07-24,59437.5825,mwmed
electricity_load,"Electricity load (SIN)",energy_water,ons_open_data,daily,2015-07-25,53894.6971,mwmed
electricity_load,"Electricity load (SIN)",energy_water,ons_open_data,daily,2015-07-26,47945.8400,mwmed
electricity_load,"Electricity load (SIN)",energy_water,ons_open_data,daily,2015-07-27,57427.8067,mwmed
electricity_load,"Electricity load (SIN)",energy_water,ons_open_data,daily,2015-07-28,59619.5317,mwmed
electricity_load,"Electricity load (SIN)",energy_water,ons_open_data,daily,2015-07-29,60178.0696,mwmed
electricity_load,"Electricity load (SIN)",energy_water,ons_open_data,daily,2015-07-30,59825.1525,mwmed
electricity_load,"Electricity load (SIN)",energy_water,ons_open_data,daily,2015-07-31,59830.7662,mwmed
electricity_load,"Electricity load (SIN)",energy_water,ons_open_data,daily,2015-08-01,54060.7883,mwmed
electricity_load,"Electricity load (SIN)",energy_water,ons_open_data,daily,2015-08-02,48476.6275,mwmed
electricity_load,"Electricity load (SIN)",energy_water,ons_open_data,daily,2015-08-03,58564.2642,mwmed
electricity_load,"Electricity load (SIN)",energy_water,ons_open_data,daily,2015-08-04,60858.1417,mwmed
electricity_load,"Electricity load (SIN)",energy_water,ons_open_data,daily,2015-08-05,61141.7012,mwmed
electricity_load,"Electricity load (SIN)",energy_water,ons_open_data,daily,2015-08-06,61359.0129,mwmed
electricity_load,"Electricity load (SIN)",energy_water,ons_open_data,daily,2015-08-07,61634.7654,mwmed
electricity_load,"Electricity load (SIN)",energy_water,ons_open_data,daily,2015-08-08,56292.0888,mwmed
electricity_load,"Electricity load (SIN)",energy_water,ons_open_data,daily,2015-08-09,49627.3754,mwmed
electricity_load,"Electricity load (SIN)",energy_water,ons_open_data,daily,2015-08-10,59813.1108,mwmed
electricity_load,"Electricity load (SIN)",energy_water,ons_open_data,daily,2015-08-11,61093.0242,mwmed
electricity_load,"Electricity load (SIN)",energy_water,ons_open_data,daily,2015-08-12,60953.6321,mwmed
electricity_load,"Electricity load (SIN)",energy_water,ons_open_data,daily,2015-08-13,61017.7971,mwmed
electricity_load,"Electricity load (SIN)",energy_water,ons_open_data,daily,2015-08-14,60510.7875,mwmed
electricity_load,"Electricity load (SIN)",energy_water,ons_open_data,daily,2015-08-15,55459.3263,mwmed
electricity_load,"Electricity load (SIN)",energy_water,ons_open_data,daily,2015-08-16,50065.0987,mwmed
electricity_load,"Electricity load (SIN)",energy_water,ons_open_data,daily,2015-08-17,60398.5579,mwmed
electricity_load,"Electricity load (SIN)",energy_water,ons_open_data,daily,2015-08-18,62046.0067,mwmed
electricity_load,"Electricity load (SIN)",energy_water,ons_open_data,daily,2015-08-19,62149.3046,mwmed
electricity_load,"Electricity load (SIN)",energy_water,ons_open_data,daily,2015-08-20,61373.7858,mwmed
electricity_load,"Electricity load (SIN)",energy_water,ons_open_data,daily,2015-08-21,60914.5192,mwmed
electricity_load,"Electricity load (SIN)",energy_water,ons_open_data,daily,2015-08-22,55542.0971,mwmed
electricity_load,"Electricity load (SIN)",energy_water,ons_open_data,daily,2015-08-23,50209.7067,mwmed
electricity_load,"Electricity load (SIN)",energy_water,ons_open_data,daily,2015-08-24,60300.0371,mwmed
electricity_load,"Electricity load (SIN)",energy_water,ons_open_data,daily,2015-08-25,61783.4271,mwmed
electricity_load,"Electricity load (SIN)",energy_water,ons_open_data,daily,2015-08-26,62286.5775,mwmed
electricity_load,"Electricity load (SIN)",energy_water,ons_open_data,daily,2015-08-27,61671.3079,mwmed
electricity_load,"Electricity load (SIN)",energy_water,ons_open_data,daily,2015-08-28,61063.2958,mwmed
electricity_load,"Electricity load (SIN)",energy_water,ons_open_data,daily,2015-08-29,55231.7283,mwmed
electricity_load,"Electricity load (SIN)",energy_water,ons_open_data,daily,2015-08-30,49858.9717,mwmed
electricity_load,"Electricity load (SIN)",energy_water,ons_open_data,daily,2015-08-31,61006.1867,mwmed
electricity_load,"Electricity load (SIN)",energy_water,ons_open_data,daily,2015-09-01,62828.4717,mwmed
electricity_load,"Electricity load (SIN)",energy_water,ons_open_data,daily,2015-09-02,61895.7762,mwmed
electricity_load,"Electricity load (SIN)",energy_water,ons_open_data,daily,2015-09-03,61860.2317,mwmed
electricity_load,"Electricity load (SIN)",energy_water,ons_open_data,daily,2015-09-04,61676.7262,mwmed
electricity_load,"Electricity load (SIN)",energy_water,ons_open_data,daily,2015-09-05,55414.1879,mwmed
electricity_load,"Electricity load (SIN)",energy_water,ons_open_data,daily,2015-09-06,49098.1462,mwmed
electricity_load,"Electricity load (SIN)",energy_water,ons_open_data,daily,2015-09-07,49837.4246,mwmed
electricity_load,"Electricity load (SIN)",energy_water,ons_open_data,daily,2015-09-08,59537.8812,mwmed
electricity_load,"Electricity load (SIN)",energy_water,ons_open_data,daily,2015-09-09,61520.0729,mwmed
electricity_load,"Electricity load (SIN)",energy_water,ons_open_data,daily,2015-09-10,62181.2346,mwmed
electricity_load,"Electricity load (SIN)",energy_water,ons_open_data,daily,2015-09-11,62394.7029,mwmed
electricity_load,"Electricity load (SIN)",energy_water,ons_open_data,daily,2015-09-12,56216.8817,mwmed
electricity_load,"Electricity load (SIN)",energy_water,ons_open_data,daily,2015-09-13,49879.8763,mwmed
electricity_load,"Electricity load (SIN)",energy_water,ons_open_data,daily,2015-09-14,59204.2708,mwmed
electricity_load,"Electricity load (SIN)",energy_water,ons_open_data,daily,2015-09-15,61238.2562,mwmed
electricity_load,"Electricity load (SIN)",energy_water,ons_open_data,daily,2015-09-16,63637.2300,mwmed
electricity_load,"Electricity load (SIN)",energy_water,ons_open_data,daily,2015-09-17,65043.4342,mwmed
electricity_load,"Electricity load (SIN)",energy_water,ons_open_data,daily,2015-09-18,65558.6600,mwmed
electricity_load,"Electricity load (SIN)",energy_water,ons_open_data,daily,2015-09-19,59542.1579,mwmed
electricity_load,"Electricity load (SIN)",energy_water,ons_open_data,daily,2015-09-20,52860.5554,mwmed
electricity_load,"Electricity load (SIN)",energy_water,ons_open_data,daily,2015-09-21,63840.5696,mwmed
electricity_load,"Electricity load (SIN)",energy_water,ons_open_data,daily,2015-09-22,65968.1967,mwmed
electricity_load,"Electricity load (SIN)",energy_water,ons_open_data,daily,2015-09-23,66670.0158,mwmed
electricity_load,"Electricity load (SIN)",energy_water,ons_open_data,daily,2015-09-24,68000.7258,mwmed
electricity_load,"Electricity load (SIN)",energy_water,ons_open_data,daily,2015-09-25,67397.7287,mwmed
electricity_load,"Electricity load (SIN)",energy_water,ons_open_data,daily,2015-09-26,59585.4158,mwmed
electricity_load,"Electricity load (SIN)",energy_water,ons_open_data,daily,2015-09-27,53255.9100,mwmed
electricity_load,"Electricity load (SIN)",energy_water,ons_open_data,daily,2015-09-28,62410.8971,mwmed
electricity_load,"Electricity load (SIN)",energy_water,ons_open_data,daily,2015-09-29,63759.3492,mwmed
electricity_load,"Electricity load (SIN)",energy_water,ons_open_data,daily,2015-09-30,63805.7021,mwmed
electricity_load,"Electricity load (SIN)",energy_water,ons_open_data,daily,2015-10-01,64286.1242,mwmed
electricity_load,"Electricity load (SIN)",energy_water,ons_open_data,daily,2015-10-02,65270.2046,mwmed
electricity_load,"Electricity load (SIN)",energy_water,ons_open_data,daily,2015-10-03,58795.2938,mwmed
electricity_load,"Electricity load (SIN)",energy_water,ons_open_data,daily,2015-10-04,52576.6525,mwmed
electricity_load,"Electricity load (SIN)",energy_water,ons_open_data,daily,2015-10-05,62473.3896,mwmed
electricity_load,"Electricity load (SIN)",energy_water,ons_open_data,daily,2015-10-06,64193.1721,mwmed
electricity_load,"Electricity load (SIN)",energy_water,ons_open_data,daily,2015-10-07,64624.9129,mwmed
electricity_load,"Electricity load (SIN)",energy_water,ons_open_data,daily,2015-10-08,65675.2729,mwmed
electricity_load,"Electricity load (SIN)",energy_water,ons_open_data,daily,2015-10-09,65518.5971,mwmed
electricity_load,"Electricity load (SIN)",energy_water,ons_open_data,daily,2015-10-10,58794.9533,mwmed
electricity_load,"Electricity load (SIN)",energy_water,ons_open_data,daily,2015-10-11,52754.9450,mwmed
electricity_load,"Electricity load (SIN)",energy_water,ons_open_data,daily,2015-10-12,52390.0379,mwmed
electricity_load,"Electricity load (SIN)",energy_water,ons_open_data,daily,2015-10-13,63518.2588,mwmed
electricity_load,"Electricity load (SIN)",energy_water,ons_open_data,daily,2015-10-14,66481.4800,mwmed
electricity_load,"Electricity load (SIN)",energy_water,ons_open_data,daily,2015-10-15,67737.4129,mwmed
electricity_load,"Electricity load (SIN)",energy_water,ons_open_data,daily,2015-10-16,68790.7267,mwmed
electricity_load,"Electricity load (SIN)",energy_water,ons_open_data,daily,2015-10-17,61850.6833,mwmed
electricity_load,"Electricity load (SIN)",energy_water,ons_open_data,daily,2015-10-18,53453.1730,mwmed
electricity_load,"Electricity load (SIN)",energy_water,ons_open_data,daily,2015-10-19,63047.8679,mwmed
electricity_load,"Electricity load (SIN)",energy_water,ons_open_data,daily,2015-10-20,66549.1317,mwmed
electricity_load,"Electricity load (SIN)",energy_water,ons_open_data,daily,2015-10-21,68422.5813,mwmed
electricity_load,"Electricity load (SIN)",energy_water,ons_open_data,daily,2015-10-22,67357.1442,mwmed
electricity_load,"Electricity load (SIN)",energy_water,ons_open_data,daily,2015-10-23,65430.1696,mwmed
electricity_load,"Electricity load (SIN)",energy_water,ons_open_data,daily,2015-10-24,58701.6304,mwmed
electricity_load,"Electricity load (SIN)",energy_water,ons_open_data,daily,2015-10-25,51571.9221,mwmed
electricity_load,"Electricity load (SIN)",energy_water,ons_open_data,daily,2015-10-26,62435.8271,mwmed
electricity_load,"Electricity load (SIN)",energy_water,ons_open_data,daily,2015-10-27,64981.1700,mwmed
electricity_load,"Electricity load (SIN)",energy_water,ons_open_data,daily,2015-10-28,64829.4796,mwmed
electricity_load,"Electricity load (SIN)",energy_water,ons_open_data,daily,2015-10-29,64522.2367,mwmed
electricity_load,"Electricity load (SIN)",energy_water,ons_open_data,daily,2015-10-30,63536.2233,mwmed
electricity_load,"Electricity load (SIN)",energy_water,ons_open_data,daily,2015-10-31,58182.7950,mwmed
electricity_load,"Electricity load (SIN)",energy_water,ons_open_data,daily,2015-11-01,52284.0704,mwmed
electricity_load,"Electricity load (SIN)",energy_water,ons_open_data,daily,2015-11-02,52339.0758,mwmed
electricity_load,"Electricity load (SIN)",energy_water,ons_open_data,daily,2015-11-03,63580.6929,mwmed
electricity_load,"Electricity load (SIN)",energy_water,ons_open_data,daily,2015-11-04,65825.7921,mwmed
electricity_load,"Electricity load (SIN)",energy_water,ons_open_data,daily,2015-11-05,65145.7979,mwmed
electricity_load,"Electricity load (SIN)",energy_water,ons_open_data,daily,2015-11-06,64919.7738,mwmed
electricity_load,"Electricity load (SIN)",energy_water,ons_open_data,daily,2015-11-07,58101.3929,mwmed
electricity_load,"Electricity load (SIN)",energy_water,ons_open_data,daily,2015-11-08,52089.6829,mwmed
electricity_load,"Electricity load (SIN)",energy_water,ons_open_data,daily,2015-11-09,63551.6433,mwmed
electricity_load,"Electricity load (SIN)",energy_water,ons_open_data,daily,2015-11-10,66185.4442,mwmed
electricity_load,"Electricity load (SIN)",energy_water,ons_open_data,daily,2015-11-11,67080.6721,mwmed
electricity_load,"Electricity load (SIN)",energy_water,ons_open_data,daily,2015-11-12,67853.2050,mwmed
electricity_load,"Electricity load (SIN)",energy_water,ons_open_data,daily,2015-11-13,67886.8292,mwmed
electricity_load,"Electricity load (SIN)",energy_water,ons_open_data,daily,2015-11-14,61291.2950,mwmed
electricity_load,"Electricity load (SIN)",energy_water,ons_open_data,daily,2015-11-15,54551.7925,mwmed
electricity_load,"Electricity load (SIN)",energy_water,ons_open_data,daily,2015-11-16,64447.8221,mwmed
electricity_load,"Electricity load (SIN)",energy_water,ons_open_data,daily,2015-11-17,65398.7396,mwmed
electricity_load,"Electricity load (SIN)",energy_water,ons_open_data,daily,2015-11-18,66483.2183,mwmed
electricity_load,"Electricity load (SIN)",energy_water,ons_open_data,daily,2015-11-19,67540.4113,mwmed
electricity_load,"Electricity load (SIN)",energy_water,ons_open_data,daily,2015-11-20,63329.8304,mwmed
electricity_load,"Electricity load (SIN)",energy_water,ons_open_data,daily,2015-11-21,58290.9092,mwmed
electricity_load,"Electricity load (SIN)",energy_water,ons_open_data,daily,2015-11-22,52289.6188,mwmed
electricity_load,"Electricity load (SIN)",energy_water,ons_open_data,daily,2015-11-23,63478.6492,mwmed
electricity_load,"Electricity load (SIN)",energy_water,ons_open_data,daily,2015-11-24,64675.3946,mwmed
electricity_load,"Electricity load (SIN)",energy_water,ons_open_data,daily,2015-11-25,65748.4762,mwmed
electricity_load,"Electricity load (SIN)",energy_water,ons_open_data,daily,2015-11-26,66074.3338,mwmed
electricity_load,"Electricity load (SIN)",energy_water,ons_open_data,daily,2015-11-27,65830.6613,mwmed
electricity_load,"Electricity load (SIN)",energy_water,ons_open_data,daily,2015-11-28,60039.8942,mwmed
electricity_load,"Electricity load (SIN)",energy_water,ons_open_data,daily,2015-11-29,53729.9504,mwmed
electricity_load,"Electricity load (SIN)",energy_water,ons_open_data,daily,2015-11-30,63105.2979,mwmed
electricity_load,"Electricity load (SIN)",energy_water,ons_open_data,daily,2015-12-01,64483.7258,mwmed
electricity_load,"Electricity load (SIN)",energy_water,ons_open_data,daily,2015-12-02,65652.7758,mwmed
electricity_load,"Electricity load (SIN)",energy_water,ons_open_data,daily,2015-12-03,65630.2829,mwmed
electricity_load,"Electricity load (SIN)",energy_water,ons_open_data,daily,2015-12-04,65051.4525,mwmed
electricity_load,"Electricity load (SIN)",energy_water,ons_open_data,daily,2015-12-05,60014.4838,mwmed
electricity_load,"Electricity load (SIN)",energy_water,ons_open_data,daily,2015-12-06,53839.4417,mwmed
electricity_load,"Electricity load (SIN)",energy_water,ons_open_data,daily,2015-12-07,63129.8054,mwmed
electricity_load,"Electricity load (SIN)",energy_water,ons_open_data,daily,2015-12-08,63960.0638,mwmed
electricity_load,"Electricity load (SIN)",energy_water,ons_open_data,daily,2015-12-09,66220.5483,mwmed
electricity_load,"Electricity load (SIN)",energy_water,ons_open_data,daily,2015-12-10,66630.2271,mwmed
electricity_load,"Electricity load (SIN)",energy_water,ons_open_data,daily,2015-12-11,67237.4579,mwmed
electricity_load,"Electricity load (SIN)",energy_water,ons_open_data,daily,2015-12-12,61630.7567,mwmed
electricity_load,"Electricity load (SIN)",energy_water,ons_open_data,daily,2015-12-13,55567.8525,mwmed
electricity_load,"Electricity load (SIN)",energy_water,ons_open_data,daily,2015-12-14,66783.6121,mwmed
electricity_load,"Electricity load (SIN)",energy_water,ons_open_data,daily,2015-12-15,68475.1433,mwmed
electricity_load,"Electricity load (SIN)",energy_water,ons_open_data,daily,2015-12-16,67697.6467,mwmed
electricity_load,"Electricity load (SIN)",energy_water,ons_open_data,daily,2015-12-17,67675.0942,mwmed
electricity_load,"Electricity load (SIN)",energy_water,ons_open_data,daily,2015-12-18,67401.7629,mwmed
electricity_load,"Electricity load (SIN)",energy_water,ons_open_data,daily,2015-12-19,61512.2592,mwmed
electricity_load,"Electricity load (SIN)",energy_water,ons_open_data,daily,2015-12-20,55903.1346,mwmed
electricity_load,"Electricity load (SIN)",energy_water,ons_open_data,daily,2015-12-21,62869.9021,mwmed
electricity_load,"Electricity load (SIN)",energy_water,ons_open_data,daily,2015-12-22,64459.0333,mwmed
electricity_load,"Electricity load (SIN)",energy_water,ons_open_data,daily,2015-12-23,64760.4192,mwmed
electricity_load,"Electricity load (SIN)",energy_water,ons_open_data,daily,2015-12-24,59362.8900,mwmed
electricity_load,"Electricity load (SIN)",energy_water,ons_open_data,daily,2015-12-25,52270.5400,mwmed
electricity_load,"Electricity load (SIN)",energy_water,ons_open_data,daily,2015-12-26,56251.3996,mwmed
electricity_load,"Electricity load (SIN)",energy_water,ons_open_data,daily,2015-12-27,54724.4708,mwmed
electricity_load,"Electricity load (SIN)",energy_water,ons_open_data,daily,2015-12-28,61546.9221,mwmed
electricity_load,"Electricity load (SIN)",energy_water,ons_open_data,daily,2015-12-29,61867.4042,mwmed
electricity_load,"Electricity load (SIN)",energy_water,ons_open_data,daily,2015-12-30,61515.9446,mwmed
electricity_load,"Electricity load (SIN)",energy_water,ons_open_data,daily,2015-12-31,57605.1833,mwmed
electricity_load,"Electricity load (SIN)",energy_water,ons_open_data,daily,2016-01-01,51554.2242,mwmed
electricity_load,"Electricity load (SIN)",energy_water,ons_open_data,daily,2016-01-02,54888.2262,mwmed
electricity_load,"Electricity load (SIN)",energy_water,ons_open_data,daily,2016-01-03,53244.0229,mwmed
electricity_load,"Electricity load (SIN)",energy_water,ons_open_data,daily,2016-01-04,61797.0004,mwmed
electricity_load,"Electricity load (SIN)",energy_water,ons_open_data,daily,2016-01-05,63793.2996,mwmed
electricity_load,"Electricity load (SIN)",energy_water,ons_open_data,daily,2016-01-06,64730.4304,mwmed
electricity_load,"Electricity load (SIN)",energy_water,ons_open_data,daily,2016-01-07,66119.3292,mwmed
electricity_load,"Electricity load (SIN)",energy_water,ons_open_data,daily,2016-01-08,66556.2179,mwmed
electricity_load,"Electricity load (SIN)",energy_water,ons_open_data,daily,2016-01-09,60912.7763,mwmed
electricity_load,"Electricity load (SIN)",energy_water,ons_open_data,daily,2016-01-10,55623.3050,mwmed
electricity_load,"Electricity load (SIN)",energy_water,ons_open_data,daily,2016-01-11,66458.5608,mwmed
electricity_load,"Electricity load (SIN)",energy_water,ons_open_data,daily,2016-01-12,68262.2721,mwmed
electricity_load,"Electricity load (SIN)",energy_water,ons_open_data,daily,2016-01-13,68609.5967,mwmed
electricity_load,"Electricity load (SIN)",energy_water,ons_open_data,daily,2016-01-14,67725.6138,mwmed
electricity_load,"Electricity load (SIN)",energy_water,ons_open_data,daily,2016-01-15,67042.0475,mwmed
electricity_load,"Electricity load (SIN)",energy_water,ons_open_data,daily,2016-01-16,60726.2875,mwmed
electricity_load,"Electricity load (SIN)",energy_water,ons_open_data,daily,2016-01-17,54424.0162,mwmed
electricity_load,"Electricity load (SIN)",energy_water,ons_open_data,daily,2016-01-18,63738.1696,mwmed
electricity_load,"Electricity load (SIN)",energy_water,ons_open_data,daily,2016-01-19,64435.2300,mwmed
electricity_load,"Electricity load (SIN)",energy_water,ons_open_data,daily,2016-01-20,64071.4271,mwmed
electricity_load,"Electricity load (SIN)",energy_water,ons_open_data,daily,2016-01-21,64354.2675,mwmed
electricity_load,"Electricity load (SIN)",energy_water,ons_open_data,daily,2016-01-22,64172.3087,mwmed
electricity_load,"Electricity load (SIN)",energy_water,ons_open_data,daily,2016-01-23,59069.8300,mwmed
electricity_load,"Electricity load (SIN)",energy_water,ons_open_data,daily,2016-01-24,54465.9254,mwmed
electricity_load,"Electricity load (SIN)",energy_water,ons_open_data,daily,2016-01-25,65387.9113,mwmed
electricity_load,"Electricity load (SIN)",energy_water,ons_open_data,daily,2016-01-26,67972.7267,mwmed
electricity_load,"Electricity load (SIN)",energy_water,ons_open_data,daily,2016-01-27,67573.4042,mwmed
electricity_load,"Electricity load (SIN)",energy_water,ons_open_data,daily,2016-01-28,67064.1475,mwmed
electricity_load,"Electricity load (SIN)",energy_water,ons_open_data,daily,2016-01-29,67038.9554,mwmed
electricity_load,"Electricity load (SIN)",energy_water,ons_open_data,daily,2016-01-30,61080.6917,mwmed
electricity_load,"Electricity load (SIN)",energy_water,ons_open_data,daily,2016-01-31,55826.8825,mwmed
electricity_load,"Electricity load (SIN)",energy_water,ons_open_data,daily,2016-02-01,67152.5421,mwmed
electricity_load,"Electricity load (SIN)",energy_water,ons_open_data,daily,2016-02-02,68734.0567,mwmed
electricity_load,"Electricity load (SIN)",energy_water,ons_open_data,daily,2016-02-03,69510.0838,mwmed
electricity_load,"Electricity load (SIN)",energy_water,ons_open_data,daily,2016-02-04,68936.1125,mwmed
electricity_load,"Electricity load (SIN)",energy_water,ons_open_data,daily,2016-02-05,68831.6217,mwmed
electricity_load,"Electricity load (SIN)",energy_water,ons_open_data,daily,2016-02-06,61897.2863,mwmed
electricity_load,"Electricity load (SIN)",energy_water,ons_open_data,daily,2016-02-07,55638.9337,mwmed
electricity_load,"Electricity load (SIN)",energy_water,ons_open_data,daily,2016-02-08,60388.1829,mwmed
electricity_load,"Electricity load (SIN)",energy_water,ons_open_data,daily,2016-02-09,60974.8796,mwmed
electricity_load,"Electricity load (SIN)",energy_water,ons_open_data,daily,2016-02-10,68498.5354,mwmed
electricity_load,"Electricity load (SIN)",energy_water,ons_open_data,daily,2016-02-11,70937.2367,mwmed
electricity_load,"Electricity load (SIN)",energy_water,ons_open_data,daily,2016-02-12,69216.3596,mwmed
electricity_load,"Electricity load (SIN)",energy_water,ons_open_data,daily,2016-02-13,63558.1350,mwmed
electricity_load,"Electricity load (SIN)",energy_water,ons_open_data,daily,2016-02-14,58479.0846,mwmed
electricity_load,"Electricity load (SIN)",energy_water,ons_open_data,daily,2016-02-15,69961.2162,mwmed
electricity_load,"Electricity load (SIN)",energy_water,ons_open_data,daily,2016-02-16,69810.1142,mwmed
electricity_load,"Electricity load (SIN)",energy_water,ons_open_data,daily,2016-02-17,70789.7846,mwmed
electricity_load,"Electricity load (SIN)",energy_water,ons_open_data,daily,2016-02-18,71209.7367,mwmed
electricity_load,"Electricity load (SIN)",energy_water,ons_open_data,daily,2016-02-19,70817.6354,mwmed
electricity_load,"Electricity load (SIN)",energy_water,ons_open_data,daily,2016-02-20,64094.3279,mwmed
electricity_load,"Electricity load (SIN)",energy_water,ons_open_data,daily,2016-02-21,57293.1437,mwmed
electricity_load,"Electricity load (SIN)",energy_water,ons_open_data,daily,2016-02-22,68259.3275,mwmed
electricity_load,"Electricity load (SIN)",energy_water,ons_open_data,daily,2016-02-23,69708.2667,mwmed
electricity_load,"Electricity load (SIN)",energy_water,ons_open_data,daily,2016-02-24,70206.4433,mwmed
electricity_load,"Electricity load (SIN)",energy_water,ons_open_data,daily,2016-02-25,70989.5304,mwmed
electricity_load,"Electricity load (SIN)",energy_water,ons_open_data,daily,2016-02-26,71007.1071,mwmed
electricity_load,"Electricity load (SIN)",energy_water,ons_open_data,daily,2016-02-27,64490.9996,mwmed
electricity_load,"Electricity load (SIN)",energy_water,ons_open_data,daily,2016-02-28,58401.1933,mwmed
electricity_load,"Electricity load (SIN)",energy_water,ons_open_data,daily,2016-02-29,67416.5238,mwmed
electricity_load,"Electricity load (SIN)",energy_water,ons_open_data,daily,2016-03-01,66138.9046,mwmed
electricity_load,"Electricity load (SIN)",energy_water,ons_open_data,daily,2016-03-02,66470.7104,mwmed
electricity_load,"Electricity load (SIN)",energy_water,ons_open_data,daily,2016-03-03,66895.6417,mwmed
electricity_load,"Electricity load (SIN)",energy_water,ons_open_data,daily,2016-03-04,67747.5471,mwmed
electricity_load,"Electricity load (SIN)",energy_water,ons_open_data,daily,2016-03-05,61143.4346,mwmed
electricity_load,"Electricity load (SIN)",energy_water,ons_open_data,daily,2016-03-06,55836.9133,mwmed
electricity_load,"Electricity load (SIN)",energy_water,ons_open_data,daily,2016-03-07,67464.7696,mwmed
electricity_load,"Electricity load (SIN)",energy_water,ons_open_data,daily,2016-03-08,69297.4850,mwmed
electricity_load,"Electricity load (SIN)",energy_water,ons_open_data,daily,2016-03-09,69869.6742,mwmed
electricity_load,"Electricity load (SIN)",energy_water,ons_open_data,daily,2016-03-10,69137.8242,mwmed
electricity_load,"Electricity load (SIN)",energy_water,ons_open_data,daily,2016-03-11,68187.5017,mwmed
electricity_load,"Electricity load (SIN)",energy_water,ons_open_data,daily,2016-03-12,61458.7400,mwmed
electricity_load,"Electricity load (SIN)",energy_water,ons_open_data,daily,2016-03-13,54389.8533,mwmed
electricity_load,"Electricity load (SIN)",energy_water,ons_open_data,daily,2016-03-14,65294.9796,mwmed
electricity_load,"Electricity load (SIN)",energy_water,ons_open_data,daily,2016-03-15,67351.8367,mwmed
electricity_load,"Electricity load (SIN)",energy_water,ons_open_data,daily,2016-03-16,67532.8262,mwmed
electricity_load,"Electricity load (SIN)",energy_water,ons_open_data,daily,2016-03-17,68466.5246,mwmed
electricity_load,"Electricity load (SIN)",energy_water,ons_open_data,daily,2016-03-18,68885.1900,mwmed
electricity_load,"Electricity load (SIN)",energy_water,ons_open_data,daily,2016-03-19,62820.0738,mwmed
electricity_load,"Electricity load (SIN)",energy_water,ons_open_data,daily,2016-03-20,56694.2650,mwmed
electricity_load,"Electricity load (SIN)",energy_water,ons_open_data,daily,2016-03-21,68578.8537,mwmed
electricity_load,"Electricity load (SIN)",energy_water,ons_open_data,daily,2016-03-22,69947.3546,mwmed
electricity_load,"Electricity load (SIN)",energy_water,ons_open_data,daily,2016-03-23,69660.0471,mwmed
electricity_load,"Electricity load (SIN)",energy_water,ons_open_data,daily,2016-03-24,66867.3667,mwmed
electricity_load,"Electricity load (SIN)",energy_water,ons_open_data,daily,2016-03-25,55633.0062,mwmed
electricity_load,"Electricity load (SIN)",energy_water,ons_open_data,daily,2016-03-26,57312.8225,mwmed
electricity_load,"Electricity load (SIN)",energy_water,ons_open_data,daily,2016-03-27,54115.2842,mwmed
electricity_load,"Electricity load (SIN)",energy_water,ons_open_data,daily,2016-03-28,66979.5762,mwmed
electricity_load,"Electricity load (SIN)",energy_water,ons_open_data,daily,2016-03-29,68891.7546,mwmed
electricity_load,"Electricity load (SIN)",energy_water,ons_open_data,daily,2016-03-30,68917.0642,mwmed
electricity_load,"Electricity load (SIN)",energy_water,ons_open_data,daily,2016-03-31,69192.5742,mwmed
electricity_load,"Electricity load (SIN)",energy_water,ons_open_data,daily,2016-04-01,68359.9162,mwmed
electricity_load,"Electricity load (SIN)",energy_water,ons_open_data,daily,2016-04-02,61830.1125,mwmed
electricity_load,"Electricity load (SIN)",energy_water,ons_open_data,daily,2016-04-03,56561.0442,mwmed
electricity_load,"Electricity load (SIN)",energy_water,ons_open_data,daily,2016-04-04,68059.8517,mwmed
electricity_load,"Electricity load (SIN)",energy_water,ons_open_data,daily,2016-04-05,66358.9854,mwmed
electricity_load,"Electricity load (SIN)",energy_water,ons_open_data,daily,2016-04-06,66803.5700,mwmed
electricity_load,"Electricity load (SIN)",energy_water,ons_open_data,daily,2016-04-07,67286.4875,mwmed
electricity_load,"Electricity load (SIN)",energy_water,ons_open_data,daily,2016-04-08,67089.9917,mwmed
electricity_load,"Electricity load (SIN)",energy_water,ons_open_data,daily,2016-04-09,60119.1158,mwmed
electricity_load,"Electricity load (SIN)",energy_water,ons_open_data,daily,2016-04-10,53879.7008,mwmed
electricity_load,"Electricity load (SIN)",energy_water,ons_open_data,daily,2016-04-11,64328.9996,mwmed
electricity_load,"Electricity load (SIN)",energy_water,ons_open_data,daily,2016-04-12,65049.1500,mwmed
electricity_load,"Electricity load (SIN)",energy_water,ons_open_data,daily,2016-04-13,65495.0046,mwmed
electricity_load,"Electricity load (SIN)",energy_water,ons_open_data,daily,2016-04-14,68838.8292,mwmed
electricity_load,"Electricity load (SIN)",energy_water,ons_open_data,daily,2016-04-15,69275.2500,mwmed
electricity_load,"Electricity load (SIN)",energy_water,ons_open_data,daily,2016-04-16,63087.2750,mwmed
electricity_load,"Electricity load (SIN)",energy_water,ons_open_data,daily,2016-04-17,57307.0483,mwmed
electricity_load,"Electricity load (SIN)",energy_water,ons_open_data,daily,2016-04-18,68562.6862,mwmed
electricity_load,"Electricity load (SIN)",energy_water,ons_open_data,daily,2016-04-19,69931.9979,mwmed
electricity_load,"Electricity load (SIN)",energy_water,ons_open_data,daily,2016-04-20,69821.2208,mwmed
electricity_load,"Electricity load (SIN)",energy_water,ons_open_data,daily,2016-04-21,61578.7183,mwmed
electricity_load,"Electricity load (SIN)",energy_water,ons_open_data,daily,2016-04-22,64243.1671,mwmed
electricity_load,"Electricity load (SIN)",energy_water,ons_open_data,daily,2016-04-23,59721.5925,mwmed
electricity_load,"Electricity load (SIN)",energy_water,ons_open_data,daily,2016-04-24,55382.5492,mwmed
electricity_load,"Electricity load (SIN)",energy_water,ons_open_data,daily,2016-04-25,66738.5471,mwmed
electricity_load,"Electricity load (SIN)",energy_water,ons_open_data,daily,2016-04-26,67336.1971,mwmed
electricity_load,"Electricity load (SIN)",energy_water,ons_open_data,daily,2016-04-27,64641.1483,mwmed
electricity_load,"Electricity load (SIN)",energy_water,ons_open_data,daily,2016-04-28,62698.0533,mwmed
electricity_load,"Electricity load (SIN)",energy_water,ons_open_data,daily,2016-04-29,61337.8783,mwmed
electricity_load,"Electricity load (SIN)",energy_water,ons_open_data,daily,2016-04-30,55674.3396,mwmed
electricity_load,"Electricity load (SIN)",energy_water,ons_open_data,daily,2016-05-01,48669.0192,mwmed
electricity_load,"Electricity load (SIN)",energy_water,ons_open_data,daily,2016-05-02,59194.0842,mwmed
electricity_load,"Electricity load (SIN)",energy_water,ons_open_data,daily,2016-05-03,61320.2292,mwmed
electricity_load,"Electricity load (SIN)",energy_water,ons_open_data,daily,2016-05-04,61794.3512,mwmed
electricity_load,"Electricity load (SIN)",energy_water,ons_open_data,daily,2016-05-05,63016.3246,mwmed
electricity_load,"Electricity load (SIN)",energy_water,ons_open_data,daily,2016-05-06,62958.7725,mwmed
electricity_load,"Electricity load (SIN)",energy_water,ons_open_data,daily,2016-05-07,57505.7812,mwmed
electricity_load,"Electricity load (SIN)",energy_water,ons_open_data,daily,2016-05-08,51115.9483,mwmed
electricity_load,"Electricity load (SIN)",energy_water,ons_open_data,daily,2016-05-09,61813.1517,mwmed
electricity_load,"Electricity load (SIN)",energy_water,ons_open_data,daily,2016-05-10,63656.6933,mwmed
electricity_load,"Electricity load (SIN)",energy_water,ons_open_data,daily,2016-05-11,64370.9587,mwmed
electricity_load,"Electricity load (SIN)",energy_water,ons_open_data,daily,2016-05-12,64078.0508,mwmed
electricity_load,"Electricity load (SIN)",energy_water,ons_open_data,daily,2016-05-13,62697.8421,mwmed
electricity_load,"Electricity load (SIN)",energy_water,ons_open_data,daily,2016-05-14,56282.1771,mwmed
electricity_load,"Electricity load (SIN)",energy_water,ons_open_data,daily,2016-05-15,50945.2675,mwmed
electricity_load,"Electricity load (SIN)",energy_water,ons_open_data,daily,2016-05-16,61275.4696,mwmed
electricity_load,"Electricity load (SIN)",energy_water,ons_open_data,daily,2016-05-17,62847.0204,mwmed
electricity_load,"Electricity load (SIN)",energy_water,ons_open_data,daily,2016-05-18,62614.8404,mwmed
electricity_load,"Electricity load (SIN)",energy_water,ons_open_data,daily,2016-05-19,62789.8200,mwmed
electricity_load,"Electricity load (SIN)",energy_water,ons_open_data,daily,2016-05-20,63044.0946,mwmed
electricity_load,"Electricity load (SIN)",energy_water,ons_open_data,daily,2016-05-21,57960.7329,mwmed
electricity_load,"Electricity load (SIN)",energy_water,ons_open_data,daily,2016-05-22,52386.6758,mwmed
electricity_load,"Electricity load (SIN)",energy_water,ons_open_data,daily,2016-05-23,61603.1363,mwmed
electricity_load,"Electricity load (SIN)",energy_water,ons_open_data,daily,2016-05-24,61717.8800,mwmed
electricity_load,"Electricity load (SIN)",energy_water,ons_open_data,daily,2016-05-25,60949.8588,mwmed
electricity_load,"Electricity load (SIN)",energy_water,ons_open_data,daily,2016-05-26,54427.6517,mwmed
electricity_load,"Electricity load (SIN)",energy_water,ons_open_data,daily,2016-05-27,58095.2750,mwmed
electricity_load,"Electricity load (SIN)",energy_water,ons_open_data,daily,2016-05-28,54883.0992,mwmed
electricity_load,"Electricity load (SIN)",energy_water,ons_open_data,daily,2016-05-29,50559.4425,mwmed
electricity_load,"Electricity load (SIN)",energy_water,ons_open_data,daily,2016-05-30,61148.5283,mwmed
electricity_load,"Electricity load (SIN)",energy_water,ons_open_data,daily,2016-05-31,62781.0050,mwmed
electricity_load,"Electricity load (SIN)",energy_water,ons_open_data,daily,2016-06-01,63049.2346,mwmed
electricity_load,"Electricity load (SIN)",energy_water,ons_open_data,daily,2016-06-02,63621.1088,mwmed
electricity_load,"Electricity load (SIN)",energy_water,ons_open_data,daily,2016-06-03,63152.0754,mwmed
electricity_load,"Electricity load (SIN)",energy_water,ons_open_data,daily,2016-06-04,57838.0075,mwmed
electricity_load,"Electricity load (SIN)",energy_water,ons_open_data,daily,2016-06-05,52190.5217,mwmed
electricity_load,"Electricity load (SIN)",energy_water,ons_open_data,daily,2016-06-06,62609.5608,mwmed
electricity_load,"Electricity load (SIN)",energy_water,ons_open_data,daily,2016-06-07,63241.9475,mwmed
electricity_load,"Electricity load (SIN)",energy_water,ons_open_data,daily,2016-06-08,63024.2783,mwmed
electricity_load,"Electricity load (SIN)",energy_water,ons_open_data,daily,2016-06-09,62156.2138,mwmed
electricity_load,"Electricity load (SIN)",energy_water,ons_open_data,daily,2016-06-10,61167.2746,mwmed
electricity_load,"Electricity load (SIN)",energy_water,ons_open_data,daily,2016-06-11,55631.9304,mwmed
electricity_load,"Electricity load (SIN)",energy_water,ons_open_data,daily,2016-06-12,49292.4096,mwmed
electricity_load,"Electricity load (SIN)",energy_water,ons_open_data,daily,2016-06-13,57706.9400,mwmed
electricity_load,"Electricity load (SIN)",energy_water,ons_open_data,daily,2016-06-14,59686.4042,mwmed
electricity_load,"Electricity load (SIN)",energy_water,ons_open_data,daily,2016-06-15,60542.9825,mwmed
electricity_load,"Electricity load (SIN)",energy_water,ons_open_data,daily,2016-06-16,60845.1708,mwmed
electricity_load,"Electricity load (SIN)",energy_water,ons_open_data,daily,2016-06-17,60581.6329,mwmed
electricity_load,"Electricity load (SIN)",energy_water,ons_open_data,daily,2016-06-18,55634.9821,mwmed
electricity_load,"Electricity load (SIN)",energy_water,ons_open_data,daily,2016-06-19,49769.8692,mwmed
electricity_load,"Electricity load (SIN)",energy_water,ons_open_data,daily,2016-06-20,59435.1329,mwmed
electricity_load,"Electricity load (SIN)",energy_water,ons_open_data,daily,2016-06-21,61096.1425,mwmed
electricity_load,"Electricity load (SIN)",energy_water,ons_open_data,daily,2016-06-22,61132.7258,mwmed
electricity_load,"Electricity load (SIN)",energy_water,ons_open_data,daily,2016-06-23,60672.8629,mwmed
electricity_load,"Electricity load (SIN)",energy_water,ons_open_data,daily,2016-06-24,59240.7125,mwmed
electricity_load,"Electricity load (SIN)",energy_water,ons_open_data,daily,2016-06-25,54474.2896,mwmed
electricity_load,"Electricity load (SIN)",energy_water,ons_open_data,daily,2016-06-26,48885.2142,mwmed
electricity_load,"Electricity load (SIN)",energy_water,ons_open_data,daily,2016-06-27,58489.6275,mwmed
electricity_load,"Electricity load (SIN)",energy_water,ons_open_data,daily,2016-06-28,59979.4467,mwmed
electricity_load,"Electricity load (SIN)",energy_water,ons_open_data,daily,2016-06-29,60295.0987,mwmed
electricity_load,"Electricity load (SIN)",energy_water,ons_open_data,daily,2016-06-30,60535.6479,mwmed
electricity_load,"Electricity load (SIN)",energy_water,ons_open_data,daily,2016-07-01,59925.6496,mwmed
electricity_load,"Electricity load (SIN)",energy_water,ons_open_data,daily,2016-07-02,55072.5846,mwmed
electricity_load,"Electricity load (SIN)",energy_water,ons_open_data,daily,2016-07-03,49546.0717,mwmed
electricity_load,"Electricity load (SIN)",energy_water,ons_open_data,daily,2016-07-04,59075.9575,mwmed
electricity_load,"Electricity load (SIN)",energy_water,ons_open_data,daily,2016-07-05,60714.8954,mwmed
electricity_load,"Electricity load (SIN)",energy_water,ons_open_data,daily,2016-07-06,60554.7654,mwmed
electricity_load,"Electricity load (SIN)",energy_water,ons_open_data,daily,2016-07-07,60737.6371,mwmed
electricity_load,"Electricity load (SIN)",energy_water,ons_open_data,daily,2016-07-08,60450.0275,mwmed
electricity_load,"Electricity load (SIN)",energy_water,ons_open_data,daily,2016-07-09,54152.0071,mwmed
electricity_load,"Electricity load (SIN)",energy_water,ons_open_data,daily,2016-07-10,49452.7113,mwmed
electricity_load,"Electricity load (SIN)",energy_water,ons_open_data,daily,2016-07-11,59728.0896,mwmed
electricity_load,"Electricity load (SIN)",energy_water,ons_open_data,daily,2016-07-12,62061.0950,mwmed
electricity_load,"Electricity load (SIN)",energy_water,ons_open_data,daily,2016-07-13,62032.9517,mwmed
electricity_load,"Electricity load (SIN)",energy_water,ons_open_data,daily,2016-07-14,62074.4700,mwmed
electricity_load,"Electricity load (SIN)",energy_water,ons_open_data,daily,2016-07-15,61945.3213,mwmed
electricity_load,"Electricity load (SIN)",energy_water,ons_open_data,daily,2016-07-16,56784.3217,mwmed
electricity_load,"Electricity load (SIN)",energy_water,ons_open_data,daily,2016-07-17,49722.7662,mwmed
electricity_load,"Electricity load (SIN)",energy_water,ons_open_data,daily,2016-07-18,58980.0246,mwmed
electricity_load,"Electricity load (SIN)",energy_water,ons_open_data,daily,2016-07-19,60508.4800,mwmed
electricity_load,"Electricity load (SIN)",energy_water,ons_open_data,daily,2016-07-20,60601.3071,mwmed
electricity_load,"Electricity load (SIN)",energy_water,ons_open_data,daily,2016-07-21,60850.0808,mwmed
electricity_load,"Electricity load (SIN)",energy_water,ons_open_data,daily,2016-07-22,60326.3708,mwmed
electricity_load,"Electricity load (SIN)",energy_water,ons_open_data,daily,2016-07-23,55142.9929,mwmed
electricity_load,"Electricity load (SIN)",energy_water,ons_open_data,daily,2016-07-24,49679.4054,mwmed
electricity_load,"Electricity load (SIN)",energy_water,ons_open_data,daily,2016-07-25,59335.9108,mwmed
electricity_load,"Electricity load (SIN)",energy_water,ons_open_data,daily,2016-07-26,61211.2487,mwmed
electricity_load,"Electricity load (SIN)",energy_water,ons_open_data,daily,2016-07-27,61848.5946,mwmed
electricity_load,"Electricity load (SIN)",energy_water,ons_open_data,daily,2016-07-28,61344.4237,mwmed
electricity_load,"Electricity load (SIN)",energy_water,ons_open_data,daily,2016-07-29,61131.0592,mwmed
electricity_load,"Electricity load (SIN)",energy_water,ons_open_data,daily,2016-07-30,55663.5917,mwmed
electricity_load,"Electricity load (SIN)",energy_water,ons_open_data,daily,2016-07-31,49628.1004,mwmed
electricity_load,"Electricity load (SIN)",energy_water,ons_open_data,daily,2016-08-01,59319.7471,mwmed
electricity_load,"Electricity load (SIN)",energy_water,ons_open_data,daily,2016-08-02,61633.3463,mwmed
electricity_load,"Electricity load (SIN)",energy_water,ons_open_data,daily,2016-08-03,61645.7925,mwmed
electricity_load,"Electricity load (SIN)",energy_water,ons_open_data,daily,2016-08-04,61280.9508,mwmed
electricity_load,"Electricity load (SIN)",energy_water,ons_open_data,daily,2016-08-05,60754.3271,mwmed
electricity_load,"Electricity load (SIN)",energy_water,ons_open_data,daily,2016-08-06,56516.0929,mwmed
electricity_load,"Electricity load (SIN)",energy_water,ons_open_data,daily,2016-08-07,50907.9813,mwmed
electricity_load,"Electricity load (SIN)",energy_water,ons_open_data,daily,2016-08-08,61025.2017,mwmed
electricity_load,"Electricity load (SIN)",energy_water,ons_open_data,daily,2016-08-09,62812.9525,mwmed
electricity_load,"Electricity load (SIN)",energy_water,ons_open_data,daily,2016-08-10,62399.5879,mwmed
electricity_load,"Electricity load (SIN)",energy_water,ons_open_data,daily,2016-08-11,61741.7775,mwmed
electricity_load,"Electricity load (SIN)",energy_water,ons_open_data,daily,2016-08-12,61078.7313,mwmed
electricity_load,"Electricity load (SIN)",energy_water,ons_open_data,daily,2016-08-13,55674.7875,mwmed
electricity_load,"Electricity load (SIN)",energy_water,ons_open_data,daily,2016-08-14,50225.2958,mwmed
electricity_load,"Electricity load (SIN)",energy_water,ons_open_data,daily,2016-08-15,60391.9125,mwmed
electricity_load,"Electricity load (SIN)",energy_water,ons_open_data,daily,2016-08-16,62768.3467,mwmed
electricity_load,"Electricity load (SIN)",energy_water,ons_open_data,daily,2016-08-17,63782.8538,mwmed
electricity_load,"Electricity load (SIN)",energy_water,ons_open_data,daily,2016-08-18,63922.6496,mwmed
electricity_load,"Electricity load (SIN)",energy_water,ons_open_data,daily,2016-08-19,63889.5454,mwmed
electricity_load,"Electricity load (SIN)",energy_water,ons_open_data,daily,2016-08-20,58153.3075,mwmed
electricity_load,"Electricity load (SIN)",energy_water,ons_open_data,daily,2016-08-21,51407.6579,mwmed
electricity_load,"Electricity load (SIN)",energy_water,ons_open_data,daily,2016-08-22,59492.7504,mwmed
electricity_load,"Electricity load (SIN)",energy_water,ons_open_data,daily,2016-08-23,60593.5800,mwmed
electricity_load,"Electricity load (SIN)",energy_water,ons_open_data,daily,2016-08-24,60799.0725,mwmed
electricity_load,"Electricity load (SIN)",energy_water,ons_open_data,daily,2016-08-25,61159.2492,mwmed
electricity_load,"Electricity load (SIN)",energy_water,ons_open_data,daily,2016-08-26,61766.6025,mwmed
electricity_load,"Electricity load (SIN)",energy_water,ons_open_data,daily,2016-08-27,56685.3454,mwmed
electricity_load,"Electricity load (SIN)",energy_water,ons_open_data,daily,2016-08-28,51070.5054,mwmed
electricity_load,"Electricity load (SIN)",energy_water,ons_open_data,daily,2016-08-29,61975.7329,mwmed
electricity_load,"Electricity load (SIN)",energy_water,ons_open_data,daily,2016-08-30,63700.9442,mwmed
electricity_load,"Electricity load (SIN)",energy_water,ons_open_data,daily,2016-08-31,62970.3463,mwmed
electricity_load,"Electricity load (SIN)",energy_water,ons_open_data,daily,2016-09-01,62389.1808,mwmed
electricity_load,"Electricity load (SIN)",energy_water,ons_open_data,daily,2016-09-02,62208.3871,mwmed
electricity_load,"Electricity load (SIN)",energy_water,ons_open_data,daily,2016-09-03,56608.0396,mwmed
electricity_load,"Electricity load (SIN)",energy_water,ons_open_data,daily,2016-09-04,50500.4883,mwmed
electricity_load,"Electricity load (SIN)",energy_water,ons_open_data,daily,2016-09-05,60205.1367,mwmed
electricity_load,"Electricity load (SIN)",energy_water,ons_open_data,daily,2016-09-06,61877.6842,mwmed
electricity_load,"Electricity load (SIN)",energy_water,ons_open_data,daily,2016-09-07,55134.0442,mwmed
electricity_load,"Electricity load (SIN)",energy_water,ons_open_data,daily,2016-09-08,60980.4112,mwmed
electricity_load,"Electricity load (SIN)",energy_water,ons_open_data,daily,2016-09-09,61374.7925,mwmed
electricity_load,"Electricity load (SIN)",energy_water,ons_open_data,daily,2016-09-10,56697.2687,mwmed
electricity_load,"Electricity load (SIN)",energy_water,ons_open_data,daily,2016-09-11,51768.1771,mwmed
electricity_load,"Electricity load (SIN)",energy_water,ons_open_data,daily,2016-09-12,62857.2304,mwmed
electricity_load,"Electricity load (SIN)",energy_water,ons_open_data,daily,2016-09-13,64909.8896,mwmed
electricity_load,"Electricity load (SIN)",energy_water,ons_open_data,daily,2016-09-14,64918.1546,mwmed
electricity_load,"Electricity load (SIN)",energy_water,ons_open_data,daily,2016-09-15,63960.8850,mwmed
electricity_load,"Electricity load (SIN)",energy_water,ons_open_data,daily,2016-09-16,63159.4300,mwmed
electricity_load,"Electricity load (SIN)",energy_water,ons_open_data,daily,2016-09-17,58331.8967,mwmed
electricity_load,"Electricity load (SIN)",energy_water,ons_open_data,daily,2016-09-18,53113.0933,mwmed
electricity_load,"Electricity load (SIN)",energy_water,ons_open_data,daily,2016-09-19,62490.7683,mwmed
electricity_load,"Electricity load (SIN)",energy_water,ons_open_data,daily,2016-09-20,62536.8771,mwmed
electricity_load,"Electricity load (SIN)",energy_water,ons_open_data,daily,2016-09-21,62508.1850,mwmed
electricity_load,"Electricity load (SIN)",energy_water,ons_open_data,daily,2016-09-22,63057.0558,mwmed
electricity_load,"Electricity load (SIN)",energy_water,ons_open_data,daily,2016-09-23,63245.8750,mwmed
electricity_load,"Electricity load (SIN)",energy_water,ons_open_data,daily,2016-09-24,57543.3112,mwmed
electricity_load,"Electricity load (SIN)",energy_water,ons_open_data,daily,2016-09-25,51084.6008,mwmed
electricity_load,"Electricity load (SIN)",energy_water,ons_open_data,daily,2016-09-26,60544.7425,mwmed
electricity_load,"Electricity load (SIN)",energy_water,ons_open_data,daily,2016-09-27,62476.2329,mwmed
electricity_load,"Electricity load (SIN)",energy_water,ons_open_data,daily,2016-09-28,63158.8292,mwmed
electricity_load,"Electricity load (SIN)",energy_water,ons_open_data,daily,2016-09-29,63398.2554,mwmed
electricity_load,"Electricity load (SIN)",energy_water,ons_open_data,daily,2016-09-30,63003.6721,mwmed
electricity_load,"Electricity load (SIN)",energy_water,ons_open_data,daily,2016-10-01,57015.8363,mwmed
electricity_load,"Electricity load (SIN)",energy_water,ons_open_data,daily,2016-10-02,50213.6904,mwmed
electricity_load,"Electricity load (SIN)",energy_water,ons_open_data,daily,2016-10-03,60487.1058,mwmed
electricity_load,"Electricity load (SIN)",energy_water,ons_open_data,daily,2016-10-04,61949.8704,mwmed
electricity_load,"Electricity load (SIN)",energy_water,ons_open_data,daily,2016-10-05,62151.8175,mwmed
electricity_load,"Electricity load (SIN)",energy_water,ons_open_data,daily,2016-10-06,61331.8454,mwmed
electricity_load,"Electricity load (SIN)",energy_water,ons_open_data,daily,2016-10-07,61102.1308,mwmed
electricity_load,"Electricity load (SIN)",energy_water,ons_open_data,daily,2016-10-08,56616.3908,mwmed
electricity_load,"Electricity load (SIN)",energy_water,ons_open_data,daily,2016-10-09,51390.7217,mwmed
electricity_load,"Electricity load (SIN)",energy_water,ons_open_data,daily,2016-10-10,61125.8167,mwmed
electricity_load,"Electricity load (SIN)",energy_water,ons_open_data,daily,2016-10-11,62885.4217,mwmed
electricity_load,"Electricity load (SIN)",energy_water,ons_open_data,daily,2016-10-12,55005.8571,mwmed
electricity_load,"Electricity load (SIN)",energy_water,ons_open_data,daily,2016-10-13,63494.0346,mwmed
electricity_load,"Electricity load (SIN)",energy_water,ons_open_data,daily,2016-10-14,64463.6400,mwmed
electricity_load,"Electricity load (SIN)",energy_water,ons_open_data,daily,2016-10-15,59462.8125,mwmed
electricity_load,"Electricity load (SIN)",energy_water,ons_open_data,daily,2016-10-16,54214.3983,mwmed
electricity_load,"Electricity load (SIN)",energy_water,ons_open_data,daily,2016-10-17,66072.2300,mwmed
electricity_load,"Electricity load (SIN)",energy_water,ons_open_data,daily,2016-10-18,68464.4942,mwmed
electricity_load,"Electricity load (SIN)",energy_water,ons_open_data,daily,2016-10-19,69391.9771,mwmed
electricity_load,"Electricity load (SIN)",energy_water,ons_open_data,daily,2016-10-20,69170.6658,mwmed
electricity_load,"Electricity load (SIN)",energy_water,ons_open_data,daily,2016-10-21,66727.8333,mwmed
electricity_load,"Electricity load (SIN)",energy_water,ons_open_data,daily,2016-10-22,58974.9463,mwmed
electricity_load,"Electricity load (SIN)",energy_water,ons_open_data,daily,2016-10-23,52899.9008,mwmed
electricity_load,"Electricity load (SIN)",energy_water,ons_open_data,daily,2016-10-24,64300.5442,mwmed
electricity_load,"Electricity load (SIN)",energy_water,ons_open_data,daily,2016-10-25,65774.1233,mwmed
electricity_load,"Electricity load (SIN)",energy_water,ons_open_data,daily,2016-10-26,66500.8187,mwmed
electricity_load,"Electricity load (SIN)",energy_water,ons_open_data,daily,2016-10-27,66194.9583,mwmed
electricity_load,"Electricity load (SIN)",energy_water,ons_open_data,daily,2016-10-28,63633.1233,mwmed
electricity_load,"Electricity load (SIN)",energy_water,ons_open_data,daily,2016-10-29,57225.2492,mwmed
electricity_load,"Electricity load (SIN)",energy_water,ons_open_data,daily,2016-10-30,50653.8158,mwmed
electricity_load,"Electricity load (SIN)",energy_water,ons_open_data,daily,2016-10-31,61927.5212,mwmed
electricity_load,"Electricity load (SIN)",energy_water,ons_open_data,daily,2016-11-01,64136.0738,mwmed
electricity_load,"Electricity load (SIN)",energy_water,ons_open_data,daily,2016-11-02,56766.0058,mwmed
electricity_load,"Electricity load (SIN)",energy_water,ons_open_data,daily,2016-11-03,64162.9083,mwmed
electricity_load,"Electricity load (SIN)",energy_water,ons_open_data,daily,2016-11-04,63559.4742,mwmed
electricity_load,"Electricity load (SIN)",energy_water,ons_open_data,daily,2016-11-05,57628.3296,mwmed
electricity_load,"Electricity load (SIN)",energy_water,ons_open_data,daily,2016-11-06,52146.1525,mwmed
electricity_load,"Electricity load (SIN)",energy_water,ons_open_data,daily,2016-11-07,63482.5537,mwmed
electricity_load,"Electricity load (SIN)",energy_water,ons_open_data,daily,2016-11-08,65522.6513,mwmed
electricity_load,"Electricity load (SIN)",energy_water,ons_open_data,daily,2016-11-09,65586.0462,mwmed
electricity_load,"Electricity load (SIN)",energy_water,ons_open_data,daily,2016-11-10,67057.4004,mwmed
electricity_load,"Electricity load (SIN)",energy_water,ons_open_data,daily,2016-11-11,67081.2238,mwmed
electricity_load,"Electricity load (SIN)",energy_water,ons_open_data,daily,2016-11-12,58880.7750,mwmed
electricity_load,"Electricity load (SIN)",energy_water,ons_open_data,daily,2016-11-13,51385.1342,mwmed
electricity_load,"Electricity load (SIN)",energy_water,ons_open_data,daily,2016-11-14,58507.3829,mwmed
electricity_load,"Electricity load (SIN)",energy_water,ons_open_data,daily,2016-11-15,55195.7525,mwmed
electricity_load,"Electricity load (SIN)",energy_water,ons_open_data,daily,2016-11-16,63685.1446,mwmed
electricity_load,"Electricity load (SIN)",energy_water,ons_open_data,daily,2016-11-17,63901.2050,mwmed
electricity_load,"Electricity load (SIN)",energy_water,ons_open_data,daily,2016-11-18,62122.8592,mwmed
electricity_load,"Electricity load (SIN)",energy_water,ons_open_data,daily,2016-11-19,55132.2108,mwmed
electricity_load,"Electricity load (SIN)",energy_water,ons_open_data,daily,2016-11-20,49781.2975,mwmed
electricity_load,"Electricity load (SIN)",energy_water,ons_open_data,daily,2016-11-21,60981.6688,mwmed
electricity_load,"Electricity load (SIN)",energy_water,ons_open_data,daily,2016-11-22,63895.1383,mwmed
electricity_load,"Electricity load (SIN)",energy_water,ons_open_data,daily,2016-11-23,64371.6304,mwmed
electricity_load,"Electricity load (SIN)",energy_water,ons_open_data,daily,2016-11-24,65156.2783,mwmed
electricity_load,"Electricity load (SIN)",energy_water,ons_open_data,daily,2016-11-25,65372.7225,mwmed
electricity_load,"Electricity load (SIN)",energy_water,ons_open_data,daily,2016-11-26,60064.8463,mwmed
electricity_load,"Electricity load (SIN)",energy_water,ons_open_data,daily,2016-11-27,54992.8154,mwmed
electricity_load,"Electricity load (SIN)",energy_water,ons_open_data,daily,2016-11-28,66602.9617,mwmed
electricity_load,"Electricity load (SIN)",energy_water,ons_open_data,daily,2016-11-29,67755.8558,mwmed
electricity_load,"Electricity load (SIN)",energy_water,ons_open_data,daily,2016-11-30,64686.3396,mwmed
electricity_load,"Electricity load (SIN)",energy_water,ons_open_data,daily,2016-12-01,63464.2650,mwmed
electricity_load,"Electricity load (SIN)",energy_water,ons_open_data,daily,2016-12-02,64453.3637,mwmed
electricity_load,"Electricity load (SIN)",energy_water,ons_open_data,daily,2016-12-03,59667.4946,mwmed
electricity_load,"Electricity load (SIN)",energy_water,ons_open_data,daily,2016-12-04,53289.4371,mwmed
electricity_load,"Electricity load (SIN)",energy_water,ons_open_data,daily,2016-12-05,63068.5425,mwmed
electricity_load,"Electricity load (SIN)",energy_water,ons_open_data,daily,2016-12-06,65873.9529,mwmed
electricity_load,"Electricity load (SIN)",energy_water,ons_open_data,daily,2016-12-07,67248.0471,mwmed
electricity_load,"Electricity load (SIN)",energy_water,ons_open_data,daily,2016-12-08,66987.4496,mwmed
electricity_load,"Electricity load (SIN)",energy_water,ons_open_data,daily,2016-12-09,67113.8283,mwmed
electricity_load,"Electricity load (SIN)",energy_water,ons_open_data,daily,2016-12-10,61134.9142,mwmed
electricity_load,"Electricity load (SIN)",energy_water,ons_open_data,daily,2016-12-11,56081.2562,mwmed
electricity_load,"Electricity load (SIN)",energy_water,ons_open_data,daily,2016-12-12,66185.3038,mwmed
electricity_load,"Electricity load (SIN)",energy_water,ons_open_data,daily,2016-12-13,67940.6892,mwmed
electricity_load,"Electricity load (SIN)",energy_water,ons_open_data,daily,2016-12-14,66201.2125,mwmed
electricity_load,"Electricity load (SIN)",energy_water,ons_open_data,daily,2016-12-15,63055.6617,mwmed
electricity_load,"Electricity load (SIN)",energy_water,ons_open_data,daily,2016-12-16,61510.9967,mwmed
electricity_load,"Electricity load (SIN)",energy_water,ons_open_data,daily,2016-12-17,56931.0425,mwmed
electricity_load,"Electricity load (SIN)",energy_water,ons_open_data,daily,2016-12-18,52804.5129,mwmed
electricity_load,"Electricity load (SIN)",energy_water,ons_open_data,daily,2016-12-19,62188.2833,mwmed
electricity_load,"Electricity load (SIN)",energy_water,ons_open_data,daily,2016-12-20,63549.8650,mwmed
electricity_load,"Electricity load (SIN)",energy_water,ons_open_data,daily,2016-12-21,64254.9254,mwmed
electricity_load,"Electricity load (SIN)",energy_water,ons_open_data,daily,2016-12-22,64759.7675,mwmed
electricity_load,"Electricity load (SIN)",energy_water,ons_open_data,daily,2016-12-23,64449.8104,mwmed
electricity_load,"Electricity load (SIN)",energy_water,ons_open_data,daily,2016-12-24,58190.2779,mwmed
electricity_load,"Electricity load (SIN)",energy_water,ons_open_data,daily,2016-12-25,53109.2854,mwmed
electricity_load,"Electricity load (SIN)",energy_water,ons_open_data,daily,2016-12-26,63119.0396,mwmed
electricity_load,"Electricity load (SIN)",energy_water,ons_open_data,daily,2016-12-27,66289.4721,mwmed
electricity_load,"Electricity load (SIN)",energy_water,ons_open_data,daily,2016-12-28,65792.0725,mwmed
electricity_load,"Electricity load (SIN)",energy_water,ons_open_data,daily,2016-12-29,65120.9583,mwmed
electricity_load,"Electricity load (SIN)",energy_water,ons_open_data,daily,2016-12-30,62815.3112,mwmed
electricity_load,"Electricity load (SIN)",energy_water,ons_open_data,daily,2016-12-31,57695.4346,mwmed
electricity_load,"Electricity load (SIN)",energy_water,ons_open_data,daily,2017-01-01,53615.0833,mwmed
electricity_load,"Electricity load (SIN)",energy_water,ons_open_data,daily,2017-01-02,64096.4458,mwmed
electricity_load,"Electricity load (SIN)",energy_water,ons_open_data,daily,2017-01-03,67976.8087,mwmed
electricity_load,"Electricity load (SIN)",energy_water,ons_open_data,daily,2017-01-04,68228.2542,mwmed
electricity_load,"Electricity load (SIN)",energy_water,ons_open_data,daily,2017-01-05,68808.6471,mwmed
electricity_load,"Electricity load (SIN)",energy_water,ons_open_data,daily,2017-01-06,68501.4938,mwmed
electricity_load,"Electricity load (SIN)",energy_water,ons_open_data,daily,2017-01-07,64048.3300,mwmed
electricity_load,"Electricity load (SIN)",energy_water,ons_open_data,daily,2017-01-08,59336.1121,mwmed
electricity_load,"Electricity load (SIN)",energy_water,ons_open_data,daily,2017-01-09,70186.7221,mwmed
electricity_load,"Electricity load (SIN)",energy_water,ons_open_data,daily,2017-01-10,71610.5567,mwmed
electricity_load,"Electricity load (SIN)",energy_water,ons_open_data,daily,2017-01-11,71281.2246,mwmed
electricity_load,"Electricity load (SIN)",energy_water,ons_open_data,daily,2017-01-12,70081.7592,mwmed
electricity_load,"Electricity load (SIN)",energy_water,ons_open_data,daily,2017-01-13,68695.7708,mwmed
electricity_load,"Electricity load (SIN)",energy_water,ons_open_data,daily,2017-01-14,63436.2121,mwmed
electricity_load,"Electricity load (SIN)",energy_water,ons_open_data,daily,2017-01-15,58471.2508,mwmed
electricity_load,"Electricity load (SIN)",energy_water,ons_open_data,daily,2017-01-16,68943.7092,mwmed
electricity_load,"Electricity load (SIN)",energy_water,ons_open_data,daily,2017-01-17,68943.8404,mwmed
electricity_load,"Electricity load (SIN)",energy_water,ons_open_data,daily,2017-01-18,69667.8071,mwmed
electricity_load,"Electricity load (SIN)",energy_water,ons_open_data,daily,2017-01-19,69184.5000,mwmed
electricity_load,"Electricity load (SIN)",energy_water,ons_open_data,daily,2017-01-20,67832.4033,mwmed
electricity_load,"Electricity load (SIN)",energy_water,ons_open_data,daily,2017-01-21,62565.2471,mwmed
electricity_load,"Electricity load (SIN)",energy_water,ons_open_data,daily,2017-01-22,56415.8208,mwmed
electricity_load,"Electricity load (SIN)",energy_water,ons_open_data,daily,2017-01-23,67387.8242,mwmed
electricity_load,"Electricity load (SIN)",energy_water,ons_open_data,daily,2017-01-24,70048.7804,mwmed
electricity_load,"Electricity load (SIN)",energy_water,ons_open_data,daily,2017-01-25,69691.3296,mwmed
electricity_load,"Electricity load (SIN)",energy_water,ons_open_data,daily,2017-01-26,70010.8754,mwmed
electricity_load,"Electricity load (SIN)",energy_water,ons_open_data,daily,2017-01-27,69230.5146,mwmed
electricity_load,"Electricity load (SIN)",energy_water,ons_open_data,daily,2017-01-28,63374.1579,mwmed
electricity_load,"Electricity load (SIN)",energy_water,ons_open_data,daily,2017-01-29,58232.7462,mwmed
electricity_load,"Electricity load (SIN)",energy_water,ons_open_data,daily,2017-01-30,69886.4254,mwmed
electricity_load,"Electricity load (SIN)",energy_water,ons_open_data,daily,2017-01-31,70399.8067,mwmed
electricity_load,"Electricity load (SIN)",energy_water,ons_open_data,daily,2017-02-01,70103.9404,mwmed
electricity_load,"Electricity load (SIN)",energy_water,ons_open_data,daily,2017-02-02,70247.1233,mwmed
electricity_load,"Electricity load (SIN)",energy_water,ons_open_data,daily,2017-02-03,70153.8867,mwmed
electricity_load,"Electricity load (SIN)",energy_water,ons_open_data,daily,2017-02-04,64772.1667,mwmed
electricity_load,"Electricity load (SIN)",energy_water,ons_open_data,daily,2017-02-05,59096.3283,mwmed
electricity_load,"Electricity load (SIN)",energy_water,ons_open_data,daily,2017-02-06,70110.8658,mwmed
electricity_load,"Electricity load (SIN)",energy_water,ons_open_data,daily,2017-02-07,71067.2538,mwmed
electricity_load,"Electricity load (SIN)",energy_water,ons_open_data,daily,2017-02-08,71043.5979,mwmed
electricity_load,"Electricity load (SIN)",energy_water,ons_open_data,daily,2017-02-09,70500.3508,mwmed
electricity_load,"Electricity load (SIN)",energy_water,ons_open_data,daily,2017-02-10,70483.4125,mwmed
electricity_load,"Electricity load (SIN)",energy_water,ons_open_data,daily,2017-02-11,64443.6137,mwmed
electricity_load,"Electricity load (SIN)",energy_water,ons_open_data,daily,2017-02-12,58148.5863,mwmed
electricity_load,"Electricity load (SIN)",energy_water,ons_open_data,daily,2017-02-13,69644.6954,mwmed
electricity_load,"Electricity load (SIN)",energy_water,ons_open_data,daily,2017-02-14,70987.0550,mwmed
electricity_load,"Electricity load (SIN)",energy_water,ons_open_data,daily,2017-02-15,72091.3667,mwmed
electricity_load,"Electricity load (SIN)",energy_water,ons_open_data,daily,2017-02-16,73019.3967,mwmed
electricity_load,"Electricity load (SIN)",energy_water,ons_open_data,daily,2017-02-17,72767.6842,mwmed
electricity_load,"Electricity load (SIN)",energy_water,ons_open_data,daily,2017-02-18,67290.3013,mwmed
electricity_load,"Electricity load (SIN)",energy_water,ons_open_data,daily,2017-02-19,61642.2429,mwmed
electricity_load,"Electricity load (SIN)",energy_water,ons_open_data,daily,2017-02-20,73565.8483,mwmed
electricity_load,"Electricity load (SIN)",energy_water,ons_open_data,daily,2017-02-21,74092.1287,mwmed
electricity_load,"Electricity load (SIN)",energy_water,ons_open_data,daily,2017-02-22,74091.1446,mwmed
electricity_load,"Electricity load (SIN)",energy_water,ons_open_data,daily,2017-02-23,74300.4058,mwmed
electricity_load,"Electricity load (SIN)",energy_water,ons_open_data,daily,2017-02-24,72957.5725,mwmed
electricity_load,"Electricity load (SIN)",energy_water,ons_open_data,daily,2017-02-25,64031.9633,mwmed
electricity_load,"Electricity load (SIN)",energy_water,ons_open_data,daily,2017-02-26,57623.6454,mwmed
electricity_load,"Electricity load (SIN)",energy_water,ons_open_data,daily,2017-02-27,61909.7571,mwmed
electricity_load,"Electricity load (SIN)",energy_water,ons_open_data,daily,2017-02-28,62026.7938,mwmed
electricity_load,"Electricity load (SIN)",energy_water,ons_open_data,daily,2017-03-01,68482.6317,mwmed
electricity_load,"Electricity load (SIN)",energy_water,ons_open_data,daily,2017-03-02,72010.1875,mwmed
electricity_load,"Electricity load (SIN)",energy_water,ons_open_data,daily,2017-03-03,71542.3904,mwmed
electricity_load,"Electricity load (SIN)",energy_water,ons_open_data,daily,2017-03-04,65048.7179,mwmed
electricity_load,"Electricity load (SIN)",energy_water,ons_open_data,daily,2017-03-05,59917.7379,mwmed
electricity_load,"Electricity load (SIN)",energy_water,ons_open_data,daily,2017-03-06,70618.9583,mwmed
electricity_load,"Electricity load (SIN)",energy_water,ons_open_data,daily,2017-03-07,72348.5454,mwmed
electricity_load,"Electricity load (SIN)",energy_water,ons_open_data,daily,2017-03-08,72611.1263,mwmed
electricity_load,"Electricity load (SIN)",energy_water,ons_open_data,daily,2017-03-09,73071.7629,mwmed
electricity_load,"Electricity load (SIN)",energy_water,ons_open_data,daily,2017-03-10,72927.0721,mwmed
electricity_load,"Electricity load (SIN)",energy_water,ons_open_data,daily,2017-03-11,66104.8171,mwmed
electricity_load,"Electricity load (SIN)",energy_water,ons_open_data,daily,2017-03-12,60300.2700,mwmed
electricity_load,"Electricity load (SIN)",energy_water,ons_open_data,daily,2017-03-13,70090.2208,mwmed
electricity_load,"Electricity load (SIN)",energy_water,ons_open_data,daily,2017-03-14,70467.9217,mwmed
electricity_load,"Electricity load (SIN)",energy_water,ons_open_data,daily,2017-03-15,70778.9046,mwmed
electricity_load,"Electricity load (SIN)",energy_water,ons_open_data,daily,2017-03-16,71302.6208,mwmed
electricity_load,"Electricity load (SIN)",energy_water,ons_open_data,daily,2017-03-17,70485.5887,mwmed
electricity_load,"Electricity load (SIN)",energy_water,ons_open_data,daily,2017-03-18,62243.7083,mwmed
electricity_load,"Electricity load (SIN)",energy_water,ons_open_data,daily,2017-03-19,54815.8392,mwmed
electricity_load,"Electricity load (SIN)",energy_water,ons_open_data,daily,2017-03-20,64675.7671,mwmed
electricity_load,"Electricity load (SIN)",energy_water,ons_open_data,daily,2017-03-21,66549.9263,mwmed
electricity_load,"Electricity load (SIN)",energy_water,ons_open_data,daily,2017-03-22,67424.5417,mwmed
electricity_load,"Electricity load (SIN)",energy_water,ons_open_data,daily,2017-03-23,68004.0450,mwmed
electricity_load,"Electricity load (SIN)",energy_water,ons_open_data,daily,2017-03-24,68576.6996,mwmed
electricity_load,"Electricity load (SIN)",energy_water,ons_open_data,daily,2017-03-25,63331.3750,mwmed
electricity_load,"Electricity load (SIN)",energy_water,ons_open_data,daily,2017-03-26,57359.7104,mwmed
electricity_load,"Electricity load (SIN)",energy_water,ons_open_data,daily,2017-03-27,67412.7421,mwmed
electricity_load,"Electricity load (SIN)",energy_water,ons_open_data,daily,2017-03-28,67891.9083,mwmed
electricity_load,"Electricity load (SIN)",energy_water,ons_open_data,daily,2017-03-29,66927.0329,mwmed
electricity_load,"Electricity load (SIN)",energy_water,ons_open_data,daily,2017-03-30,66470.0517,mwmed
electricity_load,"Electricity load (SIN)",energy_water,ons_open_data,daily,2017-03-31,65404.8454,mwmed
electricity_load,"Electricity load (SIN)",energy_water,ons_open_data,daily,2017-04-01,59120.4042,mwmed
electricity_load,"Electricity load (SIN)",energy_water,ons_open_data,daily,2017-04-02,53562.7504,mwmed
electricity_load,"Electricity load (SIN)",energy_water,ons_open_data,daily,2017-04-03,64368.0175,mwmed
electricity_load,"Electricity load (SIN)",energy_water,ons_open_data,daily,2017-04-04,67008.7850,mwmed
electricity_load,"Electricity load (SIN)",energy_water,ons_open_data,daily,2017-04-05,67668.2042,mwmed
electricity_load,"Electricity load (SIN)",energy_water,ons_open_data,daily,2017-04-06,67925.9175,mwmed
electricity_load,"Electricity load (SIN)",energy_water,ons_open_data,daily,2017-04-07,67819.6242,mwmed
electricity_load,"Electricity load (SIN)",energy_water,ons_open_data,daily,2017-04-08,62363.1642,mwmed
electricity_load,"Electricity load (SIN)",energy_water,ons_open_data,daily,2017-04-09,56686.7171,mwmed
electricity_load,"Electricity load (SIN)",energy_water,ons_open_data,daily,2017-04-10,67707.5575,mwmed
electricity_load,"Electricity load (SIN)",energy_water,ons_open_data,daily,2017-04-11,69114.1883,mwmed
electricity_load,"Electricity load (SIN)",energy_water,ons_open_data,daily,2017-04-12,67674.5417,mwmed
electricity_load,"Electricity load (SIN)",energy_water,ons_open_data,daily,2017-04-13,64937.9308,mwmed
electricity_load,"Electricity load (SIN)",energy_water,ons_open_data,daily,2017-04-14,54027.4933,mwmed
electricity_load,"Electricity load (SIN)",energy_water,ons_open_data,daily,2017-04-15,56510.4900,mwmed
electricity_load,"Electricity load (SIN)",energy_water,ons_open_data,daily,2017-04-16,53680.0321,mwmed
electricity_load,"Electricity load (SIN)",energy_water,ons_open_data,daily,2017-04-17,64882.7154,mwmed
electricity_load,"Electricity load (SIN)",energy_water,ons_open_data,daily,2017-04-18,65756.3342,mwmed
electricity_load,"Electricity load (SIN)",energy_water,ons_open_data,daily,2017-04-19,65215.8500,mwmed
electricity_load,"Electricity load (SIN)",energy_water,ons_open_data,daily,2017-04-20,65114.6567,mwmed
electricity_load,"Electricity load (SIN)",energy_water,ons_open_data,daily,2017-04-21,58154.3808,mwmed
electricity_load,"Electricity load (SIN)",energy_water,ons_open_data,daily,2017-04-22,57980.7675,mwmed
electricity_load,"Electricity load (SIN)",energy_water,ons_open_data,daily,2017-04-23,53084.9108,mwmed
electricity_load,"Electricity load (SIN)",energy_water,ons_open_data,daily,2017-04-24,62560.8971,mwmed
electricity_load,"Electricity load (SIN)",energy_water,ons_open_data,daily,2017-04-25,64664.6042,mwmed
electricity_load,"Electricity load (SIN)",energy_water,ons_open_data,daily,2017-04-26,65237.2217,mwmed
electricity_load,"Electricity load (SIN)",energy_water,ons_open_data,daily,2017-04-27,65116.2917,mwmed
electricity_load,"Electricity load (SIN)",energy_water,ons_open_data,daily,2017-04-28,62204.7262,mwmed
electricity_load,"Electricity load (SIN)",energy_water,ons_open_data,daily,2017-04-29,56524.0842,mwmed
electricity_load,"Electricity load (SIN)",energy_water,ons_open_data,daily,2017-04-30,50035.5763,mwmed
electricity_load,"Electricity load (SIN)",energy_water,ons_open_data,daily,2017-05-01,49925.9408,mwmed
electricity_load,"Electricity load (SIN)",energy_water,ons_open_data,daily,2017-05-02,60720.1800,mwmed
electricity_load,"Electricity load (SIN)",energy_water,ons_open_data,daily,2017-05-03,62485.3321,mwmed
electricity_load,"Electricity load (SIN)",energy_water,ons_open_data,daily,2017-05-04,63378.9058,mwmed
electricity_load,"Electricity load (SIN)",energy_water,ons_open_data,daily,2017-05-05,63635.3692,mwmed
electricity_load,"Electricity load (SIN)",energy_water,ons_open_data,daily,2017-05-06,58420.5854,mwmed
electricity_load,"Electricity load (SIN)",energy_water,ons_open_data,daily,2017-05-07,52607.6888,mwmed
electricity_load,"Electricity load (SIN)",energy_water,ons_open_data,daily,2017-05-08,62377.4196,mwmed
electricity_load,"Electricity load (SIN)",energy_water,ons_open_data,daily,2017-05-09,63298.7250,mwmed
electricity_load,"Electricity load (SIN)",energy_water,ons_open_data,daily,2017-05-10,63785.2296,mwmed
electricity_load,"Electricity load (SIN)",energy_water,ons_open_data,daily,2017-05-11,63451.4358,mwmed
electricity_load,"Electricity load (SIN)",energy_water,ons_open_data,daily,2017-05-12,62796.4600,mwmed
electricity_load,"Electricity load (SIN)",energy_water,ons_open_data,daily,2017-05-13,57857.1183,mwmed
electricity_load,"Electricity load (SIN)",energy_water,ons_open_data,daily,2017-05-14,51935.8750,mwmed
electricity_load,"Electricity load (SIN)",energy_water,ons_open_data,daily,2017-05-15,62901.8754,mwmed
electricity_load,"Electricity load (SIN)",energy_water,ons_open_data,daily,2017-05-16,64584.6150,mwmed
electricity_load,"Electricity load (SIN)",energy_water,ons_open_data,daily,2017-05-17,64403.6112,mwmed
electricity_load,"Electricity load (SIN)",energy_water,ons_open_data,daily,2017-05-18,63940.0521,mwmed
electricity_load,"Electricity load (SIN)",energy_water,ons_open_data,daily,2017-05-19,63504.4488,mwmed
electricity_load,"Electricity load (SIN)",energy_water,ons_open_data,daily,2017-05-20,57830.0837,mwmed
electricity_load,"Electricity load (SIN)",energy_water,ons_open_data,daily,2017-05-21,52259.8800,mwmed
electricity_load,"Electricity load (SIN)",energy_water,ons_open_data,daily,2017-05-22,62296.4062,mwmed
electricity_load,"Electricity load (SIN)",energy_water,ons_open_data,daily,2017-05-23,63581.3788,mwmed
electricity_load,"Electricity load (SIN)",energy_water,ons_open_data,daily,2017-05-24,63253.5008,mwmed
electricity_load,"Electricity load (SIN)",energy_water,ons_open_data,daily,2017-05-25,63251.2396,mwmed
electricity_load,"Electricity load (SIN)",energy_water,ons_open_data,daily,2017-05-26,63484.7383,mwmed
electricity_load,"Electricity load (SIN)",energy_water,ons_open_data,daily,2017-05-27,58325.0746,mwmed
electricity_load,"Electricity load (SIN)",energy_water,ons_open_data,daily,2017-05-28,51834.3925,mwmed
electricity_load,"Electricity load (SIN)",energy_water,ons_open_data,daily,2017-05-29,60655.5321,mwmed
electricity_load,"Electricity load (SIN)",energy_water,ons_open_data,daily,2017-05-30,61775.7629,mwmed
electricity_load,"Electricity load (SIN)",energy_water,ons_open_data,daily,2017-05-31,62055.8388,mwmed
electricity_load,"Electricity load (SIN)",energy_water,ons_open_data,daily,2017-06-01,62030.0954,mwmed
electricity_load,"Electricity load (SIN)",energy_water,ons_open_data,daily,2017-06-02,61977.7137,mwmed
electricity_load,"Electricity load (SIN)",energy_water,ons_open_data,daily,2017-06-03,56492.5896,mwmed
electricity_load,"Electricity load (SIN)",energy_water,ons_open_data,daily,2017-06-04,51297.2292,mwmed
electricity_load,"Electricity load (SIN)",energy_water,ons_open_data,daily,2017-06-05,62119.8383,mwmed
electricity_load,"Electricity load (SIN)",energy_water,ons_open_data,daily,2017-06-06,63871.0946,mwmed
electricity_load,"Electricity load (SIN)",energy_water,ons_open_data,daily,2017-06-07,64525.5363,mwmed
electricity_load,"Electricity load (SIN)",energy_water,ons_open_data,daily,2017-06-08,64724.0579,mwmed
electricity_load,"Electricity load (SIN)",energy_water,ons_open_data,daily,2017-06-09,64423.1958,mwmed
electricity_load,"Electricity load (SIN)",energy_water,ons_open_data,daily,2017-06-10,57346.2146,mwmed
electricity_load,"Electricity load (SIN)",energy_water,ons_open_data,daily,2017-06-11,50676.9467,mwmed
electricity_load,"Electricity load (SIN)",energy_water,ons_open_data,daily,2017-06-12,60916.2588,mwmed
electricity_load,"Electricity load (SIN)",energy_water,ons_open_data,daily,2017-06-13,62865.9583,mwmed
electricity_load,"Electricity load (SIN)",energy_water,ons_open_data,daily,2017-06-14,63296.4250,mwmed
electricity_load,"Electricity load (SIN)",energy_water,ons_open_data,daily,2017-06-15,56147.3329,mwmed
electricity_load,"Electricity load (SIN)",energy_water,ons_open_data,daily,2017-06-16,59339.3825,mwmed
electricity_load,"Electricity load (SIN)",energy_water,ons_open_data,daily,2017-06-17,55541.4788,mwmed
electricity_load,"Electricity load (SIN)",energy_water,ons_open_data,daily,2017-06-18,51242.9383,mwmed
electricity_load,"Electricity load (SIN)",energy_water,ons_open_data,daily,2017-06-19,61059.4575,mwmed
electricity_load,"Electricity load (SIN)",energy_water,ons_open_data,daily,2017-06-20,62541.0687,mwmed
electricity_load,"Electricity load (SIN)",energy_water,ons_open_data,daily,2017-06-21,61804.2029,mwmed
electricity_load,"Electricity load (SIN)",energy_water,ons_open_data,daily,2017-06-22,61781.4404,mwmed
electricity_load,"Electricity load (SIN)",energy_water,ons_open_data,daily,2017-06-23,60981.7083,mwmed
electricity_load,"Electricity load (SIN)",energy_water,ons_open_data,daily,2017-06-24,55670.0708,mwmed
electricity_load,"Electricity load (SIN)",energy_water,ons_open_data,daily,2017-06-25,50140.9492,mwmed
electricity_load,"Electricity load (SIN)",energy_water,ons_open_data,daily,2017-06-26,59550.2379,mwmed
electricity_load,"Electricity load (SIN)",energy_water,ons_open_data,daily,2017-06-27,60973.7104,mwmed
electricity_load,"Electricity load (SIN)",energy_water,ons_open_data,daily,2017-06-28,61178.1096,mwmed
electricity_load,"Electricity load (SIN)",energy_water,ons_open_data,daily,2017-06-29,61488.1325,mwmed
electricity_load,"Electricity load (SIN)",energy_water,ons_open_data,daily,2017-06-30,61171.8921,mwmed
electricity_load,"Electricity load (SIN)",energy_water,ons_open_data,daily,2017-07-01,55766.4821,mwmed
electricity_load,"Electricity load (SIN)",energy_water,ons_open_data,daily,2017-07-02,49734.2604,mwmed
electricity_load,"Electricity load (SIN)",energy_water,ons_open_data,daily,2017-07-03,58087.4075,mwmed
electricity_load,"Electricity load (SIN)",energy_water,ons_open_data,daily,2017-07-04,58863.7625,mwmed
electricity_load,"Electricity load (SIN)",energy_water,ons_open_data,daily,2017-07-05,59496.1392,mwmed
electricity_load,"Electricity load (SIN)",energy_water,ons_open_data,daily,2017-07-06,60452.5217,mwmed
electricity_load,"Electricity load (SIN)",energy_water,ons_open_data,daily,2017-07-07,60765.9587,mwmed
electricity_load,"Electricity load (SIN)",energy_water,ons_open_data,daily,2017-07-08,55235.2046,mwmed
electricity_load,"Electricity load (SIN)",energy_water,ons_open_data,daily,2017-07-09,49295.3975,mwmed
electricity_load,"Electricity load (SIN)",energy_water,ons_open_data,daily,2017-07-10,58873.0883,mwmed
electricity_load,"Electricity load (SIN)",energy_water,ons_open_data,daily,2017-07-11,60815.7183,mwmed
electricity_load,"Electricity load (SIN)",energy_water,ons_open_data,daily,2017-07-12,60847.5463,mwmed
electricity_load,"Electricity load (SIN)",energy_water,ons_open_data,daily,2017-07-13,61082.6871,mwmed
electricity_load,"Electricity load (SIN)",energy_water,ons_open_data,daily,2017-07-14,60836.2429,mwmed
electricity_load,"Electricity load (SIN)",energy_water,ons_open_data,daily,2017-07-15,55445.9529,mwmed
electricity_load,"Electricity load (SIN)",energy_water,ons_open_data,daily,2017-07-16,50103.3521,mwmed
electricity_load,"Electricity load (SIN)",energy_water,ons_open_data,daily,2017-07-17,59712.9779,mwmed
electricity_load,"Electricity load (SIN)",energy_water,ons_open_data,daily,2017-07-18,60592.4208,mwmed
electricity_load,"Electricity load (SIN)",energy_water,ons_open_data,daily,2017-07-19,60129.6237,mwmed
electricity_load,"Electricity load (SIN)",energy_water,ons_open_data,daily,2017-07-20,60769.9867,mwmed
electricity_load,"Electricity load (SIN)",energy_water,ons_open_data,daily,2017-07-21,60539.8017,mwmed
electricity_load,"Electricity load (SIN)",energy_water,ons_open_data,daily,2017-07-22,55376.8863,mwmed
electricity_load,"Electricity load (SIN)",energy_water,ons_open_data,daily,2017-07-23,49749.8671,mwmed
electricity_load,"Electricity load (SIN)",energy_water,ons_open_data,daily,2017-07-24,59119.7421,mwmed
electricity_load,"Electricity load (SIN)",energy_water,ons_open_data,daily,2017-07-25,60992.7067,mwmed
electricity_load,"Electricity load (SIN)",energy_water,ons_open_data,daily,2017-07-26,61209.8283,mwmed
electricity_load,"Electricity load (SIN)",energy_water,ons_open_data,daily,2017-07-27,61115.2062,mwmed
electricity_load,"Electricity load (SIN)",energy_water,ons_open_data,daily,2017-07-28,60760.2733,mwmed
electricity_load,"Electricity load (SIN)",energy_water,ons_open_data,daily,2017-07-29,55542.9450,mwmed
electricity_load,"Electricity load (SIN)",energy_water,ons_open_data,daily,2017-07-30,50016.5783,mwmed
electricity_load,"Electricity load (SIN)",energy_water,ons_open_data,daily,2017-07-31,58995.3838,mwmed
electricity_load,"Electricity load (SIN)",energy_water,ons_open_data,daily,2017-08-01,60497.2042,mwmed
electricity_load,"Electricity load (SIN)",energy_water,ons_open_data,daily,2017-08-02,60834.0975,mwmed
electricity_load,"Electricity load (SIN)",energy_water,ons_open_data,daily,2017-08-03,61310.6379,mwmed
electricity_load,"Electricity load (SIN)",energy_water,ons_open_data,daily,2017-08-04,61117.7354,mwmed
electricity_load,"Electricity load (SIN)",energy_water,ons_open_data,daily,2017-08-05,55755.7687,mwmed
electricity_load,"Electricity load (SIN)",energy_water,ons_open_data,daily,2017-08-06,50173.7675,mwmed
electricity_load,"Electricity load (SIN)",energy_water,ons_open_data,daily,2017-08-07,59525.2192,mwmed
electricity_load,"Electricity load (SIN)",energy_water,ons_open_data,daily,2017-08-08,61568.8554,mwmed
electricity_load,"Electricity load (SIN)",energy_water,ons_open_data,daily,2017-08-09,62857.1171,mwmed
electricity_load,"Electricity load (SIN)",energy_water,ons_open_data,daily,2017-08-10,62989.4417,mwmed
electricity_load,"Electricity load (SIN)",energy_water,ons_open_data,daily,2017-08-11,62351.3196,mwmed
electricity_load,"Electricity load (SIN)",energy_water,ons_open_data,daily,2017-08-12,57125.7671,mwmed
electricity_load,"Electricity load (SIN)",energy_water,ons_open_data,daily,2017-08-13,50948.8608,mwmed
electricity_load,"Electricity load (SIN)",energy_water,ons_open_data,daily,2017-08-14,60658.0925,mwmed
electricity_load,"Electricity load (SIN)",energy_water,ons_open_data,daily,2017-08-15,61435.7379,mwmed
electricity_load,"Electricity load (SIN)",energy_water,ons_open_data,daily,2017-08-16,62297.7908,mwmed
electricity_load,"Electricity load (SIN)",energy_water,ons_open_data,daily,2017-08-17,62769.8925,mwmed
electricity_load,"Electricity load (SIN)",energy_water,ons_open_data,daily,2017-08-18,63057.0817,mwmed
electricity_load,"Electricity load (SIN)",energy_water,ons_open_data,daily,2017-08-19,57947.5621,mwmed
electricity_load,"Electricity load (SIN)",energy_water,ons_open_data,daily,2017-08-20,51698.1325,mwmed
electricity_load,"Electricity load (SIN)",energy_water,ons_open_data,daily,2017-08-21,60412.7083,mwmed
electricity_load,"Electricity load (SIN)",energy_water,ons_open_data,daily,2017-08-22,61333.2146,mwmed
electricity_load,"Electricity load (SIN)",energy_water,ons_open_data,daily,2017-08-23,61248.2588,mwmed
electricity_load,"Electricity load (SIN)",energy_water,ons_open_data,daily,2017-08-24,61778.0267,mwmed
electricity_load,"Electricity load (SIN)",energy_water,ons_open_data,daily,2017-08-25,61735.2608,mwmed
electricity_load,"Electricity load (SIN)",energy_water,ons_open_data,daily,2017-08-26,56709.9854,mwmed
electricity_load,"Electricity load (SIN)",energy_water,ons_open_data,daily,2017-08-27,50989.1871,mwmed
electricity_load,"Electricity load (SIN)",energy_water,ons_open_data,daily,2017-08-28,61199.5008,mwmed
electricity_load,"Electricity load (SIN)",energy_water,ons_open_data,daily,2017-08-29,63251.5883,mwmed
electricity_load,"Electricity load (SIN)",energy_water,ons_open_data,daily,2017-08-30,63885.3079,mwmed
electricity_load,"Electricity load (SIN)",energy_water,ons_open_data,daily,2017-08-31,63664.9700,mwmed
electricity_load,"Electricity load (SIN)",energy_water,ons_open_data,daily,2017-09-01,62669.2717,mwmed
electricity_load,"Electricity load (SIN)",energy_water,ons_open_data,daily,2017-09-02,57502.2963,mwmed
electricity_load,"Electricity load (SIN)",energy_water,ons_open_data,daily,2017-09-03,51577.7933,mwmed
electricity_load,"Electricity load (SIN)",energy_water,ons_open_data,daily,2017-09-04,61670.2254,mwmed
electricity_load,"Electricity load (SIN)",energy_water,ons_open_data,daily,2017-09-05,63038.5537,mwmed
electricity_load,"Electricity load (SIN)",energy_water,ons_open_data,daily,2017-09-06,63249.4504,mwmed
electricity_load,"Electricity load (SIN)",energy_water,ons_open_data,daily,2017-09-07,56417.9321,mwmed
electricity_load,"Electricity load (SIN)",energy_water,ons_open_data,daily,2017-09-08,60128.9771,mwmed
electricity_load,"Electricity load (SIN)",energy_water,ons_open_data,daily,2017-09-09,56670.4867,mwmed
electricity_load,"Electricity load (SIN)",energy_water,ons_open_data,daily,2017-09-10,52864.4796,mwmed
electricity_load,"Electricity load (SIN)",energy_water,ons_open_data,daily,2017-09-11,63774.4742,mwmed
electricity_load,"Electricity load (SIN)",energy_water,ons_open_data,daily,2017-09-12,65576.1354,mwmed
electricity_load,"Electricity load (SIN)",energy_water,ons_open_data,daily,2017-09-13,65524.2871,mwmed
electricity_load,"Electricity load (SIN)",energy_water,ons_open_data,daily,2017-09-14,66417.0863,mwmed
electricity_load,"Electricity load (SIN)",energy_water,ons_open_data,daily,2017-09-15,66486.5529,mwmed
electricity_load,"Electricity load (SIN)",energy_water,ons_open_data,daily,2017-09-16,59700.3329,mwmed
electricity_load,"Electricity load (SIN)",energy_water,ons_open_data,daily,2017-09-17,53325.1167,mwmed
electricity_load,"Electricity load (SIN)",energy_water,ons_open_data,daily,2017-09-18,63924.5721,mwmed
electricity_load,"Electricity load (SIN)",energy_water,ons_open_data,daily,2017-09-19,65268.6571,mwmed
electricity_load,"Electricity load (SIN)",energy_water,ons_open_data,daily,2017-09-20,65395.2371,mwmed
electricity_load,"Electricity load (SIN)",energy_water,ons_open_data,daily,2017-09-21,66387.7496,mwmed
electricity_load,"Electricity load (SIN)",energy_water,ons_open_data,daily,2017-09-22,65853.6142,mwmed
electricity_load,"Electricity load (SIN)",energy_water,ons_open_data,daily,2017-09-23,59920.2500,mwmed
electricity_load,"Electricity load (SIN)",energy_water,ons_open_data,daily,2017-09-24,53560.0775,mwmed
electricity_load,"Electricity load (SIN)",energy_water,ons_open_data,daily,2017-09-25,63487.5029,mwmed
electricity_load,"Electricity load (SIN)",energy_water,ons_open_data,daily,2017-09-26,65092.6283,mwmed
electricity_load,"Electricity load (SIN)",energy_water,ons_open_data,daily,2017-09-27,65890.9942,mwmed
electricity_load,"Electricity load (SIN)",energy_water,ons_open_data,daily,2017-09-28,65769.3587,mwmed
electricity_load,"Electricity load (SIN)",energy_water,ons_open_data,daily,2017-09-29,64387.6196,mwmed
electricity_load,"Electricity load (SIN)",energy_water,ons_open_data,daily,2017-09-30,58113.1746,mwmed
electricity_load,"Electricity load (SIN)",energy_water,ons_open_data,daily,2017-10-01,52594.7400,mwmed
electricity_load,"Electricity load (SIN)",energy_water,ons_open_data,daily,2017-10-02,62820.5162,mwmed
electricity_load,"Electricity load (SIN)",energy_water,ons_open_data,daily,2017-10-03,63609.9742,mwmed
electricity_load,"Electricity load (SIN)",energy_water,ons_open_data,daily,2017-10-04,62629.3183,mwmed
electricity_load,"Electricity load (SIN)",energy_water,ons_open_data,daily,2017-10-05,64041.0187,mwmed
electricity_load,"Electricity load (SIN)",energy_water,ons_open_data,daily,2017-10-06,66057.1837,mwmed
electricity_load,"Electricity load (SIN)",energy_water,ons_open_data,daily,2017-10-07,59666.9188,mwmed
electricity_load,"Electricity load (SIN)",energy_water,ons_open_data,daily,2017-10-08,53436.6229,mwmed
electricity_load,"Electricity load (SIN)",energy_water,ons_open_data,daily,2017-10-09,64774.6075,mwmed
electricity_load,"Electricity load (SIN)",energy_water,ons_open_data,daily,2017-10-10,67540.2017,mwmed
electricity_load,"Electricity load (SIN)",energy_water,ons_open_data,daily,2017-10-11,68385.8988,mwmed
electricity_load,"Electricity load (SIN)",energy_water,ons_open_data,daily,2017-10-12,60115.6692,mwmed
electricity_load,"Electricity load (SIN)",energy_water,ons_open_data,daily,2017-10-13,65106.8233,mwmed
electricity_load,"Electricity load (SIN)",energy_water,ons_open_data,daily,2017-10-14,60469.8296,mwmed
electricity_load,"Electricity load (SIN)",energy_water,ons_open_data,daily,2017-10-15,54082.1522,mwmed
electricity_load,"Electricity load (SIN)",energy_water,ons_open_data,daily,2017-10-16,63892.3246,mwmed
electricity_load,"Electricity load (SIN)",energy_water,ons_open_data,daily,2017-10-17,66260.7762,mwmed
electricity_load,"Electricity load (SIN)",energy_water,ons_open_data,daily,2017-10-18,67517.1625,mwmed
electricity_load,"Electricity load (SIN)",energy_water,ons_open_data,daily,2017-10-19,68185.1850,mwmed
electricity_load,"Electricity load (SIN)",energy_water,ons_open_data,daily,2017-10-20,67957.0267,mwmed
electricity_load,"Electricity load (SIN)",energy_water,ons_open_data,daily,2017-10-21,61640.3825,mwmed
electricity_load,"Electricity load (SIN)",energy_water,ons_open_data,daily,2017-10-22,55177.3925,mwmed
electricity_load,"Electricity load (SIN)",energy_water,ons_open_data,daily,2017-10-23,63448.0442,mwmed
electricity_load,"Electricity load (SIN)",energy_water,ons_open_data,daily,2017-10-24,64258.4408,mwmed
electricity_load,"Electricity load (SIN)",energy_water,ons_open_data,daily,2017-10-25,65475.7946,mwmed
electricity_load,"Electricity load (SIN)",energy_water,ons_open_data,daily,2017-10-26,66075.8908,mwmed
electricity_load,"Electricity load (SIN)",energy_water,ons_open_data,daily,2017-10-27,66584.2025,mwmed
electricity_load,"Electricity load (SIN)",energy_water,ons_open_data,daily,2017-10-28,61356.5371,mwmed
electricity_load,"Electricity load (SIN)",energy_water,ons_open_data,daily,2017-10-29,55589.2075,mwmed
electricity_load,"Electricity load (SIN)",energy_water,ons_open_data,daily,2017-10-30,65044.3179,mwmed
electricity_load,"Electricity load (SIN)",energy_water,ons_open_data,daily,2017-10-31,66065.1742,mwmed
electricity_load,"Electricity load (SIN)",energy_water,ons_open_data,daily,2017-11-01,64355.8662,mwmed
electricity_load,"Electricity load (SIN)",energy_water,ons_open_data,daily,2017-11-02,55940.8575,mwmed
electricity_load,"Electricity load (SIN)",energy_water,ons_open_data,daily,2017-11-03,61522.3746,mwmed
electricity_load,"Electricity load (SIN)",energy_water,ons_open_data,daily,2017-11-04,59127.4792,mwmed
electricity_load,"Electricity load (SIN)",energy_water,ons_open_data,daily,2017-11-05,54181.7579,mwmed
electricity_load,"Electricity load (SIN)",energy_water,ons_open_data,daily,2017-11-06,63332.4962,mwmed
electricity_load,"Electricity load (SIN)",energy_water,ons_open_data,daily,2017-11-07,64114.5338,mwmed
electricity_load,"Electricity load (SIN)",energy_water,ons_open_data,daily,2017-11-08,63885.5088,mwmed
electricity_load,"Electricity load (SIN)",energy_water,ons_open_data,daily,2017-11-09,64623.2321,mwmed
electricity_load,"Electricity load (SIN)",energy_water,ons_open_data,daily,2017-11-10,66116.9758,mwmed
electricity_load,"Electricity load (SIN)",energy_water,ons_open_data,daily,2017-11-11,59665.7608,mwmed
electricity_load,"Electricity load (SIN)",energy_water,ons_open_data,daily,2017-11-12,52998.3629,mwmed
electricity_load,"Electricity load (SIN)",energy_water,ons_open_data,daily,2017-11-13,63851.1817,mwmed
electricity_load,"Electricity load (SIN)",energy_water,ons_open_data,daily,2017-11-14,65307.8129,mwmed
electricity_load,"Electricity load (SIN)",energy_water,ons_open_data,daily,2017-11-15,59625.7654,mwmed
electricity_load,"Electricity load (SIN)",energy_water,ons_open_data,daily,2017-11-16,67778.4588,mwmed
electricity_load,"Electricity load (SIN)",energy_water,ons_open_data,daily,2017-11-17,66938.1937,mwmed
electricity_load,"Electricity load (SIN)",energy_water,ons_open_data,daily,2017-11-18,60631.1871,mwmed
electricity_load,"Electricity load (SIN)",energy_water,ons_open_data,daily,2017-11-19,54783.4308,mwmed
electricity_load,"Electricity load (SIN)",energy_water,ons_open_data,daily,2017-11-20,61931.7254,mwmed
electricity_load,"Electricity load (SIN)",energy_water,ons_open_data,daily,2017-11-21,65499.9237,mwmed
electricity_load,"Electricity load (SIN)",energy_water,ons_open_data,daily,2017-11-22,65613.1425,mwmed
electricity_load,"Electricity load (SIN)",energy_water,ons_open_data,daily,2017-11-23,65407.4446,mwmed
electricity_load,"Electricity load (SIN)",energy_water,ons_open_data,daily,2017-11-24,65604.0329,mwmed
electricity_load,"Electricity load (SIN)",energy_water,ons_open_data,daily,2017-11-25,61066.7446,mwmed
electricity_load,"Electricity load (SIN)",energy_water,ons_open_data,daily,2017-11-26,55134.1929,mwmed
electricity_load,"Electricity load (SIN)",energy_water,ons_open_data,daily,2017-11-27,66558.9875,mwmed
electricity_load,"Electricity load (SIN)",energy_water,ons_open_data,daily,2017-11-28,67838.1204,mwmed
electricity_load,"Electricity load (SIN)",energy_water,ons_open_data,daily,2017-11-29,66931.1821,mwmed
electricity_load,"Electricity load (SIN)",energy_water,ons_open_data,daily,2017-11-30,66155.6904,mwmed
electricity_load,"Electricity load (SIN)",energy_water,ons_open_data,daily,2017-12-01,65020.8921,mwmed
electricity_load,"Electricity load (SIN)",energy_water,ons_open_data,daily,2017-12-02,60035.4279,mwmed
electricity_load,"Electricity load (SIN)",energy_water,ons_open_data,daily,2017-12-03,54881.1946,mwmed
electricity_load,"Electricity load (SIN)",energy_water,ons_open_data,daily,2017-12-04,66558.0025,mwmed
electricity_load,"Electricity load (SIN)",energy_water,ons_open_data,daily,2017-12-05,68707.2775,mwmed
electricity_load,"Electricity load (SIN)",energy_water,ons_open_data,daily,2017-12-06,68346.8704,mwmed
electricity_load,"Electricity load (SIN)",energy_water,ons_open_data,daily,2017-12-07,68553.4129,mwmed
electricity_load,"Electricity load (SIN)",energy_water,ons_open_data,daily,2017-12-08,67557.3650,mwmed
electricity_load,"Electricity load (SIN)",energy_water,ons_open_data,daily,2017-12-09,62496.6492,mwmed
electricity_load,"Electricity load (SIN)",energy_water,ons_open_data,daily,2017-12-10,56875.5646,mwmed
electricity_load,"Electricity load (SIN)",energy_water,ons_open_data,daily,2017-12-11,67564.7496,mwmed
electricity_load,"Electricity load (SIN)",energy_water,ons_open_data,daily,2017-12-12,67195.4196,mwmed
electricity_load,"Electricity load (SIN)",energy_water,ons_open_data,daily,2017-12-13,67679.6733,mwmed
electricity_load,"Electricity load (SIN)",energy_water,ons_open_data,daily,2017-12-14,69201.5017,mwmed
electricity_load,"Electricity load (SIN)",energy_water,ons_open_data,daily,2017-12-15,69628.6333,mwmed
electricity_load,"Electricity load (SIN)",energy_water,ons_open_data,daily,2017-12-16,64291.4625,mwmed
electricity_load,"Electricity load (SIN)",energy_water,ons_open_data,daily,2017-12-17,58880.3171,mwmed
electricity_load,"Electricity load (SIN)",energy_water,ons_open_data,daily,2017-12-18,67890.1117,mwmed
electricity_load,"Electricity load (SIN)",energy_water,ons_open_data,daily,2017-12-19,68739.8613,mwmed
electricity_load,"Electricity load (SIN)",energy_water,ons_open_data,daily,2017-12-20,68628.0721,mwmed
electricity_load,"Electricity load (SIN)",energy_water,ons_open_data,daily,2017-12-21,67392.0021,mwmed
electricity_load,"Electricity load (SIN)",energy_water,ons_open_data,daily,2017-12-22,66007.1463,mwmed
electricity_load,"Electricity load (SIN)",energy_water,ons_open_data,daily,2017-12-23,61084.7167,mwmed
electricity_load,"Electricity load (SIN)",energy_water,ons_open_data,daily,2017-12-24,56079.5108,mwmed
electricity_load,"Electricity load (SIN)",energy_water,ons_open_data,daily,2017-12-25,52138.5071,mwmed
electricity_load,"Electricity load (SIN)",energy_water,ons_open_data,daily,2017-12-26,61883.8233,mwmed
electricity_load,"Electricity load (SIN)",energy_water,ons_open_data,daily,2017-12-27,65150.7179,mwmed
electricity_load,"Electricity load (SIN)",energy_water,ons_open_data,daily,2017-12-28,65735.5321,mwmed
electricity_load,"Electricity load (SIN)",energy_water,ons_open_data,daily,2017-12-29,64199.9533,mwmed
electricity_load,"Electricity load (SIN)",energy_water,ons_open_data,daily,2017-12-30,58963.3412,mwmed
electricity_load,"Electricity load (SIN)",energy_water,ons_open_data,daily,2017-12-31,55343.4342,mwmed
electricity_load,"Electricity load (SIN)",energy_water,ons_open_data,daily,2018-01-01,52685.1933,mwmed
electricity_load,"Electricity load (SIN)",energy_water,ons_open_data,daily,2018-01-02,63267.9467,mwmed
electricity_load,"Electricity load (SIN)",energy_water,ons_open_data,daily,2018-01-03,66306.2996,mwmed
electricity_load,"Electricity load (SIN)",energy_water,ons_open_data,daily,2018-01-04,66195.5075,mwmed
electricity_load,"Electricity load (SIN)",energy_water,ons_open_data,daily,2018-01-05,66451.9133,mwmed
electricity_load,"Electricity load (SIN)",energy_water,ons_open_data,daily,2018-01-06,61927.9242,mwmed
electricity_load,"Electricity load (SIN)",energy_water,ons_open_data,daily,2018-01-07,55443.7550,mwmed
electricity_load,"Electricity load (SIN)",energy_water,ons_open_data,daily,2018-01-08,64353.1367,mwmed
electricity_load,"Electricity load (SIN)",energy_water,ons_open_data,daily,2018-01-09,66181.4092,mwmed
electricity_load,"Electricity load (SIN)",energy_water,ons_open_data,daily,2018-01-10,67560.3892,mwmed
electricity_load,"Electricity load (SIN)",energy_water,ons_open_data,daily,2018-01-11,68450.5425,mwmed
electricity_load,"Electricity load (SIN)",energy_water,ons_open_data,daily,2018-01-12,68351.6979,mwmed
electricity_load,"Electricity load (SIN)",energy_water,ons_open_data,daily,2018-01-13,62962.3108,mwmed
electricity_load,"Electricity load (SIN)",energy_water,ons_open_data,daily,2018-01-14,57564.1000,mwmed
electricity_load,"Electricity load (SIN)",energy_water,ons_open_data,daily,2018-01-15,68097.4783,mwmed
electricity_load,"Electricity load (SIN)",energy_water,ons_open_data,daily,2018-01-16,70150.9675,mwmed
electricity_load,"Electricity load (SIN)",energy_water,ons_open_data,daily,2018-01-17,71183.5608,mwmed
electricity_load,"Electricity load (SIN)",energy_water,ons_open_data,daily,2018-01-18,72834.0617,mwmed
electricity_load,"Electricity load (SIN)",energy_water,ons_open_data,daily,2018-01-19,72786.5833,mwmed
electricity_load,"Electricity load (SIN)",energy_water,ons_open_data,daily,2018-01-20,66059.9863,mwmed
electricity_load,"Electricity load (SIN)",energy_water,ons_open_data,daily,2018-01-21,60060.0429,mwmed
electricity_load,"Electricity load (SIN)",energy_water,ons_open_data,daily,2018-01-22,71236.6721,mwmed
electricity_load,"Electricity load (SIN)",energy_water,ons_open_data,daily,2018-01-23,73354.9492,mwmed
electricity_load,"Electricity load (SIN)",energy_water,ons_open_data,daily,2018-01-24,73505.9858,mwmed
electricity_load,"Electricity load (SIN)",energy_water,ons_open_data,daily,2018-01-25,72336.3200,mwmed
electricity_load,"Electricity load (SIN)",energy_water,ons_open_data,daily,2018-01-26,71457.5283,mwmed
electricity_load,"Electricity load (SIN)",energy_water,ons_open_data,daily,2018-01-27,64284.7667,mwmed
electricity_load,"Electricity load (SIN)",energy_water,ons_open_data,daily,2018-01-28,58770.7604,mwmed
electricity_load,"Electricity load (SIN)",energy_water,ons_open_data,daily,2018-01-29,70117.2729,mwmed
electricity_load,"Electricity load (SIN)",energy_water,ons_open_data,daily,2018-01-30,69749.2083,mwmed
electricity_load,"Electricity load (SIN)",energy_water,ons_open_data,daily,2018-01-31,68600.3896,mwmed
electricity_load,"Electricity load (SIN)",energy_water,ons_open_data,daily,2018-02-01,69230.1683,mwmed
electricity_load,"Electricity load (SIN)",energy_water,ons_open_data,daily,2018-02-02,69287.6562,mwmed
electricity_load,"Electricity load (SIN)",energy_water,ons_open_data,daily,2018-02-03,63695.5300,mwmed
electricity_load,"Electricity load (SIN)",energy_water,ons_open_data,daily,2018-02-04,57007.2346,mwmed
electricity_load,"Electricity load (SIN)",energy_water,ons_open_data,daily,2018-02-05,66637.4329,mwmed
electricity_load,"Electricity load (SIN)",energy_water,ons_open_data,daily,2018-02-06,68223.2529,mwmed
electricity_load,"Electricity load (SIN)",energy_water,ons_open_data,daily,2018-02-07,69452.0558,mwmed
electricity_load,"Electricity load (SIN)",energy_water,ons_open_data,daily,2018-02-08,71044.3829,mwmed
electricity_load,"Electricity load (SIN)",energy_water,ons_open_data,daily,2018-02-09,71887.2817,mwmed
electricity_load,"Electricity load (SIN)",energy_water,ons_open_data,daily,2018-02-10,64377.8725,mwmed
electricity_load,"Electricity load (SIN)",energy_water,ons_open_data,daily,2018-02-11,58022.6192,mwmed
electricity_load,"Electricity load (SIN)",energy_water,ons_open_data,daily,2018-02-12,62294.9179,mwmed
electricity_load,"Electricity load (SIN)",energy_water,ons_open_data,daily,2018-02-13,61610.1408,mwmed
electricity_load,"Electricity load (SIN)",energy_water,ons_open_data,daily,2018-02-14,65988.0450,mwmed
electricity_load,"Electricity load (SIN)",energy_water,ons_open_data,daily,2018-02-15,67671.2758,mwmed
electricity_load,"Electricity load (SIN)",energy_water,ons_open_data,daily,2018-02-16,68820.9442,mwmed
electricity_load,"Electricity load (SIN)",energy_water,ons_open_data,daily,2018-02-17,63846.7546,mwmed
electricity_load,"Electricity load (SIN)",energy_water,ons_open_data,daily,2018-02-18,57972.8017,mwmed
electricity_load,"Electricity load (SIN)",energy_water,ons_open_data,daily,2018-02-19,68346.6100,mwmed
electricity_load,"Electricity load (SIN)",energy_water,ons_open_data,daily,2018-02-20,70212.0508,mwmed
electricity_load,"Electricity load (SIN)",energy_water,ons_open_data,daily,2018-02-21,71268.4933,mwmed
electricity_load,"Electricity load (SIN)",energy_water,ons_open_data,daily,2018-02-22,71008.4650,mwmed
electricity_load,"Electricity load (SIN)",energy_water,ons_open_data,daily,2018-02-23,69798.0067,mwmed
electricity_load,"Electricity load (SIN)",energy_water,ons_open_data,daily,2018-02-24,63355.1725,mwmed
electricity_load,"Electricity load (SIN)",energy_water,ons_open_data,daily,2018-02-25,57808.4750,mwmed
electricity_load,"Electricity load (SIN)",energy_water,ons_open_data,daily,2018-02-26,68761.4750,mwmed
electricity_load,"Electricity load (SIN)",energy_water,ons_open_data,daily,2018-02-27,69951.6987,mwmed
electricity_load,"Electricity load (SIN)",energy_water,ons_open_data,daily,2018-02-28,70865.4675,mwmed
electricity_load,"Electricity load (SIN)",energy_water,ons_open_data,daily,2018-03-01,71702.5000,mwmed
electricity_load,"Electricity load (SIN)",energy_water,ons_open_data,daily,2018-03-02,72180.7654,mwmed
electricity_load,"Electricity load (SIN)",energy_water,ons_open_data,daily,2018-03-03,65654.1725,mwmed
electricity_load,"Electricity load (SIN)",energy_water,ons_open_data,daily,2018-03-04,60120.4954,mwmed
electricity_load,"Electricity load (SIN)",energy_water,ons_open_data,daily,2018-03-05,71662.2533,mwmed
electricity_load,"Electricity load (SIN)",energy_water,ons_open_data,daily,2018-03-06,73445.9000,mwmed
electricity_load,"Electricity load (SIN)",energy_water,ons_open_data,daily,2018-03-07,72947.1842,mwmed
electricity_load,"Electricity load (SIN)",energy_water,ons_open_data,daily,2018-03-08,71354.2063,mwmed
electricity_load,"Electricity load (SIN)",energy_water,ons_open_data,daily,2018-03-09,70479.0092,mwmed
electricity_load,"Electricity load (SIN)",energy_water,ons_open_data,daily,2018-03-10,64796.7687,mwmed
electricity_load,"Electricity load (SIN)",energy_water,ons_open_data,daily,2018-03-11,59743.4562,mwmed
electricity_load,"Electricity load (SIN)",energy_water,ons_open_data,daily,2018-03-12,71402.0329,mwmed
electricity_load,"Electricity load (SIN)",energy_water,ons_open_data,daily,2018-03-13,72569.9396,mwmed
electricity_load,"Electricity load (SIN)",energy_water,ons_open_data,daily,2018-03-14,73537.3446,mwmed
electricity_load,"Electricity load (SIN)",energy_water,ons_open_data,daily,2018-03-15,72982.1479,mwmed
electricity_load,"Electricity load (SIN)",energy_water,ons_open_data,daily,2018-03-16,72619.1946,mwmed
electricity_load,"Electricity load (SIN)",energy_water,ons_open_data,daily,2018-03-17,65707.0417,mwmed
electricity_load,"Electricity load (SIN)",energy_water,ons_open_data,daily,2018-03-18,60149.7704,mwmed
electricity_load,"Electricity load (SIN)",energy_water,ons_open_data,daily,2018-03-19,71783.8625,mwmed
electricity_load,"Electricity load (SIN)",energy_water,ons_open_data,daily,2018-03-20,72856.3096,mwmed
electricity_load,"Electricity load (SIN)",energy_water,ons_open_data,daily,2018-03-21,68682.5325,mwmed
electricity_load,"Electricity load (SIN)",energy_water,ons_open_data,daily,2018-03-22,69378.0904,mwmed
electricity_load,"Electricity load (SIN)",energy_water,ons_open_data,daily,2018-03-23,70554.1283,mwmed
electricity_load,"Electricity load (SIN)",energy_water,ons_open_data,daily,2018-03-24,64761.4171,mwmed
electricity_load,"Electricity load (SIN)",energy_water,ons_open_data,daily,2018-03-25,58018.9617,mwmed
electricity_load,"Electricity load (SIN)",energy_water,ons_open_data,daily,2018-03-26,67733.8925,mwmed
electricity_load,"Electricity load (SIN)",energy_water,ons_open_data,daily,2018-03-27,68901.4563,mwmed
electricity_load,"Electricity load (SIN)",energy_water,ons_open_data,daily,2018-03-28,69357.8292,mwmed
electricity_load,"Electricity load (SIN)",energy_water,ons_open_data,daily,2018-03-29,68193.8717,mwmed
electricity_load,"Electricity load (SIN)",energy_water,ons_open_data,daily,2018-03-30,57302.4017,mwmed
electricity_load,"Electricity load (SIN)",energy_water,ons_open_data,daily,2018-03-31,59107.2154,mwmed
electricity_load,"Electricity load (SIN)",energy_water,ons_open_data,daily,2018-04-01,56270.5646,mwmed
electricity_load,"Electricity load (SIN)",energy_water,ons_open_data,daily,2018-04-02,67711.3771,mwmed
electricity_load,"Electricity load (SIN)",energy_water,ons_open_data,daily,2018-04-03,69659.0550,mwmed
electricity_load,"Electricity load (SIN)",energy_water,ons_open_data,daily,2018-04-04,68976.7804,mwmed
electricity_load,"Electricity load (SIN)",energy_water,ons_open_data,daily,2018-04-05,68787.1917,mwmed
electricity_load,"Electricity load (SIN)",energy_water,ons_open_data,daily,2018-04-06,68532.2758,mwmed
electricity_load,"Electricity load (SIN)",energy_water,ons_open_data,daily,2018-04-07,62485.6317,mwmed
electricity_load,"Electricity load (SIN)",energy_water,ons_open_data,daily,2018-04-08,56610.9083,mwmed
electricity_load,"Electricity load (SIN)",energy_water,ons_open_data,daily,2018-04-09,67009.9879,mwmed
electricity_load,"Electricity load (SIN)",energy_water,ons_open_data,daily,2018-04-10,68070.5638,mwmed
electricity_load,"Electricity load (SIN)",energy_water,ons_open_data,daily,2018-04-11,68123.6687,mwmed
electricity_load,"Electricity load (SIN)",energy_water,ons_open_data,daily,2018-04-12,68094.9062,mwmed
electricity_load,"Electricity load (SIN)",energy_water,ons_open_data,daily,2018-04-13,68043.0167,mwmed
electricity_load,"Electricity load (SIN)",energy_water,ons_open_data,daily,2018-04-14,61903.3758,mwmed
electricity_load,"Electricity load (SIN)",energy_water,ons_open_data,daily,2018-04-15,54280.9662,mwmed
electricity_load,"Electricity load (SIN)",energy_water,ons_open_data,daily,2018-04-16,62843.5013,mwmed
electricity_load,"Electricity load (SIN)",energy_water,ons_open_data,daily,2018-04-17,63663.9933,mwmed
electricity_load,"Electricity load (SIN)",energy_water,ons_open_data,daily,2018-04-18,63723.4321,mwmed
electricity_load,"Electricity load (SIN)",energy_water,ons_open_data,daily,2018-04-19,64553.4613,mwmed
electricity_load,"Electricity load (SIN)",energy_water,ons_open_data,daily,2018-04-20,65059.9975,mwmed
electricity_load,"Electricity load (SIN)",energy_water,ons_open_data,daily,2018-04-21,56534.2137,mwmed
electricity_load,"Electricity load (SIN)",energy_water,ons_open_data,daily,2018-04-22,53445.6421,mwmed
electricity_load,"Electricity load (SIN)",energy_water,ons_open_data,daily,2018-04-23,63607.5467,mwmed
electricity_load,"Electricity load (SIN)",energy_water,ons_open_data,daily,2018-04-24,66563.1167,mwmed
electricity_load,"Electricity load (SIN)",energy_water,ons_open_data,daily,2018-04-25,67211.9154,mwmed
electricity_load,"Electricity load (SIN)",energy_water,ons_open_data,daily,2018-04-26,67808.5333,mwmed
electricity_load,"Electricity load (SIN)",energy_water,ons_open_data,daily,2018-04-27,67919.0196,mwmed
electricity_load,"Electricity load (SIN)",energy_water,ons_open_data,daily,2018-04-28,61950.1854,mwmed
electricity_load,"Electricity load (SIN)",energy_water,ons_open_data,daily,2018-04-29,55469.2979,mwmed
electricity_load,"Electricity load (SIN)",energy_water,ons_open_data,daily,2018-04-30,62253.3725,mwmed
electricity_load,"Electricity load (SIN)",energy_water,ons_open_data,daily,2018-05-01,56510.6412,mwmed
electricity_load,"Electricity load (SIN)",energy_water,ons_open_data,daily,2018-05-02,65381.3929,mwmed
electricity_load,"Electricity load (SIN)",energy_water,ons_open_data,daily,2018-05-03,66938.2487,mwmed
electricity_load,"Electricity load (SIN)",energy_water,ons_open_data,daily,2018-05-04,67031.1163,mwmed
electricity_load,"Electricity load (SIN)",energy_water,ons_open_data,daily,2018-05-05,61356.0338,mwmed
electricity_load,"Electricity load (SIN)",energy_water,ons_open_data,daily,2018-05-06,55092.4425,mwmed
electricity_load,"Electricity load (SIN)",energy_water,ons_open_data,daily,2018-05-07,64487.8988,mwmed
electricity_load,"Electricity load (SIN)",energy_water,ons_open_data,daily,2018-05-08,64782.8133,mwmed
electricity_load,"Electricity load (SIN)",energy_water,ons_open_data,daily,2018-05-09,64183.0788,mwmed
electricity_load,"Electricity load (SIN)",energy_water,ons_open_data,daily,2018-05-10,64692.8696,mwmed
electricity_load,"Electricity load (SIN)",energy_water,ons_open_data,daily,2018-05-11,64878.4938,mwmed
electricity_load,"Electricity load (SIN)",energy_water,ons_open_data,daily,2018-05-12,59641.7288,mwmed
electricity_load,"Electricity load (SIN)",energy_water,ons_open_data,daily,2018-05-13,52989.9792,mwmed
electricity_load,"Electricity load (SIN)",energy_water,ons_open_data,daily,2018-05-14,63153.9646,mwmed
electricity_load,"Electricity load (SIN)",energy_water,ons_open_data,daily,2018-05-15,65033.3892,mwmed
electricity_load,"Electricity load (SIN)",energy_water,ons_open_data,daily,2018-05-16,65077.4096,mwmed
electricity_load,"Electricity load (SIN)",energy_water,ons_open_data,daily,2018-05-17,65284.0792,mwmed
electricity_load,"Electricity load (SIN)",energy_water,ons_open_data,daily,2018-05-18,65165.8238,mwmed
electricity_load,"Electricity load (SIN)",energy_water,ons_open_data,daily,2018-05-19,58830.0787,mwmed
electricity_load,"Electricity load (SIN)",energy_water,ons_open_data,daily,2018-05-20,51922.7617,mwmed
electricity_load,"Electricity load (SIN)",energy_water,ons_open_data,daily,2018-05-21,59742.8104,mwmed
electricity_load,"Electricity load (SIN)",energy_water,ons_open_data,daily,2018-05-22,60698.7904,mwmed
electricity_load,"Electricity load (SIN)",energy_water,ons_open_data,daily,2018-05-23,60439.5083,mwmed
electricity_load,"Electricity load (SIN)",energy_water,ons_open_data,daily,2018-05-24,60086.6063,mwmed
electricity_load,"Electricity load (SIN)",energy_water,ons_open_data,daily,2018-05-25,58830.0392,mwmed
electricity_load,"Electricity load (SIN)",energy_water,ons_open_data,daily,2018-05-26,52934.9262,mwmed
electricity_load,"Electricity load (SIN)",energy_water,ons_open_data,daily,2018-05-27,48585.5533,mwmed
electricity_load,"Electricity load (SIN)",energy_water,ons_open_data,daily,2018-05-28,55326.8858,mwmed
electricity_load,"Electricity load (SIN)",energy_water,ons_open_data,daily,2018-05-29,55552.6642,mwmed
electricity_load,"Electricity load (SIN)",energy_water,ons_open_data,daily,2018-05-30,54865.9892,mwmed
electricity_load,"Electricity load (SIN)",energy_water,ons_open_data,daily,2018-05-31,50686.6758,mwmed
electricity_load,"Electricity load (SIN)",energy_water,ons_open_data,daily,2018-06-01,55338.0000,mwmed
electricity_load,"Electricity load (SIN)",energy_water,ons_open_data,daily,2018-06-02,54241.5754,mwmed
electricity_load,"Electricity load (SIN)",energy_water,ons_open_data,daily,2018-06-03,50565.7542,mwmed
electricity_load,"Electricity load (SIN)",energy_water,ons_open_data,daily,2018-06-04,59085.9117,mwmed
electricity_load,"Electricity load (SIN)",energy_water,ons_open_data,daily,2018-06-05,60495.2846,mwmed
electricity_load,"Electricity load (SIN)",energy_water,ons_open_data,daily,2018-06-06,61421.7875,mwmed
electricity_load,"Electricity load (SIN)",energy_water,ons_open_data,daily,2018-06-07,62283.0700,mwmed
electricity_load,"Electricity load (SIN)",energy_water,ons_open_data,daily,2018-06-08,62074.7625,mwmed
electricity_load,"Electricity load (SIN)",energy_water,ons_open_data,daily,2018-06-09,57371.3583,mwmed
electricity_load,"Electricity load (SIN)",energy_water,ons_open_data,daily,2018-06-10,51938.2787,mwmed
electricity_load,"Electricity load (SIN)",energy_water,ons_open_data,daily,2018-06-11,61766.0646,mwmed
electricity_load,"Electricity load (SIN)",energy_water,ons_open_data,daily,2018-06-12,63944.8850,mwmed
electricity_load,"Electricity load (SIN)",energy_water,ons_open_data,daily,2018-06-13,63812.0854,mwmed
electricity_load,"Electricity load (SIN)",energy_water,ons_open_data,daily,2018-06-14,63298.2375,mwmed
electricity_load,"Electricity load (SIN)",energy_water,ons_open_data,daily,2018-06-15,62930.4892,mwmed
electricity_load,"Electricity load (SIN)",energy_water,ons_open_data,daily,2018-06-16,57966.1046,mwmed
electricity_load,"Electricity load (SIN)",energy_water,ons_open_data,daily,2018-06-17,51567.3808,mwmed
electricity_load,"Electricity load (SIN)",energy_water,ons_open_data,daily,2018-06-18,60675.0971,mwmed
electricity_load,"Electricity load (SIN)",energy_water,ons_open_data,daily,2018-06-19,61787.7138,mwmed
electricity_load,"Electricity load (SIN)",energy_water,ons_open_data,daily,2018-06-20,61717.3825,mwmed
electricity_load,"Electricity load (SIN)",energy_water,ons_open_data,daily,2018-06-21,62245.5600,mwmed
electricity_load,"Electricity load (SIN)",energy_water,ons_open_data,daily,2018-06-22,60767.0704,mwmed
electricity_load,"Electricity load (SIN)",energy_water,ons_open_data,daily,2018-06-23,57794.2146,mwmed
electricity_load,"Electricity load (SIN)",energy_water,ons_open_data,daily,2018-06-24,52321.0633,mwmed
electricity_load,"Electricity load (SIN)",energy_water,ons_open_data,daily,2018-06-25,61535.3000,mwmed
electricity_load,"Electricity load (SIN)",energy_water,ons_open_data,daily,2018-06-26,63094.0892,mwmed
electricity_load,"Electricity load (SIN)",energy_water,ons_open_data,daily,2018-06-27,60930.9213,mwmed
electricity_load,"Electricity load (SIN)",energy_water,ons_open_data,daily,2018-06-28,63116.7446,mwmed
electricity_load,"Electricity load (SIN)",energy_water,ons_open_data,daily,2018-06-29,62430.7200,mwmed
electricity_load,"Electricity load (SIN)",energy_water,ons_open_data,daily,2018-06-30,57677.1975,mwmed
electricity_load,"Electricity load (SIN)",energy_water,ons_open_data,daily,2018-07-01,51693.7075,mwmed
electricity_load,"Electricity load (SIN)",energy_water,ons_open_data,daily,2018-07-02,59361.6312,mwmed
electricity_load,"Electricity load (SIN)",energy_water,ons_open_data,daily,2018-07-03,62936.4338,mwmed
electricity_load,"Electricity load (SIN)",energy_water,ons_open_data,daily,2018-07-04,62929.0113,mwmed
electricity_load,"Electricity load (SIN)",energy_water,ons_open_data,daily,2018-07-05,63271.5763,mwmed
electricity_load,"Electricity load (SIN)",energy_water,ons_open_data,daily,2018-07-06,60614.2046,mwmed
electricity_load,"Electricity load (SIN)",energy_water,ons_open_data,daily,2018-07-07,57383.9104,mwmed
electricity_load,"Electricity load (SIN)",energy_water,ons_open_data,daily,2018-07-08,51504.0467,mwmed
electricity_load,"Electricity load (SIN)",energy_water,ons_open_data,daily,2018-07-09,58775.4662,mwmed
electricity_load,"Electricity load (SIN)",energy_water,ons_open_data,daily,2018-07-10,61066.6850,mwmed
electricity_load,"Electricity load (SIN)",energy_water,ons_open_data,daily,2018-07-11,60800.9367,mwmed
electricity_load,"Electricity load (SIN)",energy_water,ons_open_data,daily,2018-07-12,61216.1121,mwmed
electricity_load,"Electricity load (SIN)",energy_water,ons_open_data,daily,2018-07-13,61441.5975,mwmed
electricity_load,"Electricity load (SIN)",energy_water,ons_open_data,daily,2018-07-14,56924.4279,mwmed
electricity_load,"Electricity load (SIN)",energy_water,ons_open_data,daily,2018-07-15,51376.2425,mwmed
electricity_load,"Electricity load (SIN)",energy_water,ons_open_data,daily,2018-07-16,60707.5208,mwmed
electricity_load,"Electricity load (SIN)",energy_water,ons_open_data,daily,2018-07-17,62258.0008,mwmed
electricity_load,"Electricity load (SIN)",energy_water,ons_open_data,daily,2018-07-18,62405.7992,mwmed
electricity_load,"Electricity load (SIN)",energy_water,ons_open_data,daily,2018-07-19,62877.2367,mwmed
electricity_load,"Electricity load (SIN)",energy_water,ons_open_data,daily,2018-07-20,63063.8812,mwmed
electricity_load,"Electricity load (SIN)",energy_water,ons_open_data,daily,2018-07-21,57722.9738,mwmed
electricity_load,"Electricity load (SIN)",energy_water,ons_open_data,daily,2018-07-22,51604.9337,mwmed
electricity_load,"Electricity load (SIN)",energy_water,ons_open_data,daily,2018-07-23,61111.2567,mwmed
electricity_load,"Electricity load (SIN)",energy_water,ons_open_data,daily,2018-07-24,62592.7417,mwmed
electricity_load,"Electricity load (SIN)",energy_water,ons_open_data,daily,2018-07-25,62279.5271,mwmed
electricity_load,"Electricity load (SIN)",energy_water,ons_open_data,daily,2018-07-26,62353.5196,mwmed
electricity_load,"Electricity load (SIN)",energy_water,ons_open_data,daily,2018-07-27,62470.1488,mwmed
electricity_load,"Electricity load (SIN)",energy_water,ons_open_data,daily,2018-07-28,57807.8458,mwmed
electricity_load,"Electricity load (SIN)",energy_water,ons_open_data,daily,2018-07-29,52486.4537,mwmed
electricity_load,"Electricity load (SIN)",energy_water,ons_open_data,daily,2018-07-30,61909.0475,mwmed
electricity_load,"Electricity load (SIN)",energy_water,ons_open_data,daily,2018-07-31,62877.4329,mwmed
electricity_load,"Electricity load (SIN)",energy_water,ons_open_data,daily,2018-08-01,62636.5833,mwmed
electricity_load,"Electricity load (SIN)",energy_water,ons_open_data,daily,2018-08-02,62783.9079,mwmed
electricity_load,"Electricity load (SIN)",energy_water,ons_open_data,daily,2018-08-03,62736.5954,mwmed
electricity_load,"Electricity load (SIN)",energy_water,ons_open_data,daily,2018-08-04,57911.2304,mwmed
electricity_load,"Electricity load (SIN)",energy_water,ons_open_data,daily,2018-08-05,52241.8750,mwmed
electricity_load,"Electricity load (SIN)",energy_water,ons_open_data,daily,2018-08-06,61549.9858,mwmed
electricity_load,"Electricity load (SIN)",energy_water,ons_open_data,daily,2018-08-07,62739.0050,mwmed
electricity_load,"Electricity load (SIN)",energy_water,ons_open_data,daily,2018-08-08,63270.7996,mwmed
electricity_load,"Electricity load (SIN)",energy_water,ons_open_data,daily,2018-08-09,63427.0458,mwmed
electricity_load,"Electricity load (SIN)",energy_water,ons_open_data,daily,2018-08-10,62595.8083,mwmed
electricity_load,"Electricity load (SIN)",energy_water,ons_open_data,daily,2018-08-11,57288.2671,mwmed
electricity_load,"Electricity load (SIN)",energy_water,ons_open_data,daily,2018-08-12,51219.0904,mwmed
electricity_load,"Electricity load (SIN)",energy_water,ons_open_data,daily,2018-08-13,61088.5563,mwmed
electricity_load,"Electricity load (SIN)",energy_water,ons_open_data,daily,2018-08-14,62928.0442,mwmed
electricity_load,"Electricity load (SIN)",energy_water,ons_open_data,daily,2018-08-15,62728.2529,mwmed
electricity_load,"Electricity load (SIN)",energy_water,ons_open_data,daily,2018-08-16,63043.3367,mwmed
electricity_load,"Electricity load (SIN)",energy_water,ons_open_data,daily,2018-08-17,62827.5233,mwmed
electricity_load,"Electricity load (SIN)",energy_water,ons_open_data,daily,2018-08-18,57613.4492,mwmed
electricity_load,"Electricity load (SIN)",energy_water,ons_open_data,daily,2018-08-19,52042.8912,mwmed
electricity_load,"Electricity load (SIN)",energy_water,ons_open_data,daily,2018-08-20,61647.3825,mwmed
electricity_load,"Electricity load (SIN)",energy_water,ons_open_data,daily,2018-08-21,63090.5271,mwmed
electricity_load,"Electricity load (SIN)",energy_water,ons_open_data,daily,2018-08-22,63172.4679,mwmed
electricity_load,"Electricity load (SIN)",energy_water,ons_open_data,daily,2018-08-23,63745.6817,mwmed
electricity_load,"Electricity load (SIN)",energy_water,ons_open_data,daily,2018-08-24,64469.3592,mwmed
electricity_load,"Electricity load (SIN)",energy_water,ons_open_data,daily,2018-08-25,49950.6842,mwmed
electricity_load,"Electricity load (SIN)",energy_water,ons_open_data,daily,2018-08-26,51702.4587,mwmed
electricity_load,"Electricity load (SIN)",energy_water,ons_open_data,daily,2018-08-27,60369.9229,mwmed
electricity_load,"Electricity load (SIN)",energy_water,ons_open_data,daily,2018-08-28,62081.3117,mwmed
electricity_load,"Electricity load (SIN)",energy_water,ons_open_data,daily,2018-08-29,62690.8688,mwmed
electricity_load,"Electricity load (SIN)",energy_water,ons_open_data,daily,2018-08-30,63358.9237,mwmed
electricity_load,"Electricity load (SIN)",energy_water,ons_open_data,daily,2018-08-31,63924.5221,mwmed
electricity_load,"Electricity load (SIN)",energy_water,ons_open_data,daily,2018-09-01,59097.6125,mwmed
electricity_load,"Electricity load (SIN)",energy_water,ons_open_data,daily,2018-09-02,53323.8317,mwmed
electricity_load,"Electricity load (SIN)",energy_water,ons_open_data,daily,2018-09-03,62422.6812,mwmed
electricity_load,"Electricity load (SIN)",energy_water,ons_open_data,daily,2018-09-04,62574.1242,mwmed
electricity_load,"Electricity load (SIN)",energy_water,ons_open_data,daily,2018-09-05,61894.4996,mwmed
electricity_load,"Electricity load (SIN)",energy_water,ons_open_data,daily,2018-09-06,61789.9071,mwmed
electricity_load,"Electricity load (SIN)",energy_water,ons_open_data,daily,2018-09-07,55213.0350,mwmed
electricity_load,"Electricity load (SIN)",energy_water,ons_open_data,daily,2018-09-08,54707.4671,mwmed
electricity_load,"Electricity load (SIN)",energy_water,ons_open_data,daily,2018-09-09,51591.1742,mwmed
electricity_load,"Electricity load (SIN)",energy_water,ons_open_data,daily,2018-09-10,61696.7863,mwmed
electricity_load,"Electricity load (SIN)",energy_water,ons_open_data,daily,2018-09-11,63852.2558,mwmed
electricity_load,"Electricity load (SIN)",energy_water,ons_open_data,daily,2018-09-12,64266.3208,mwmed
electricity_load,"Electricity load (SIN)",energy_water,ons_open_data,daily,2018-09-13,64739.5021,mwmed
electricity_load,"Electricity load (SIN)",energy_water,ons_open_data,daily,2018-09-14,64129.1975,mwmed
electricity_load,"Electricity load (SIN)",energy_water,ons_open_data,daily,2018-09-15,59216.2879,mwmed
electricity_load,"Electricity load (SIN)",energy_water,ons_open_data,daily,2018-09-16,53171.8142,mwmed
electricity_load,"Electricity load (SIN)",energy_water,ons_open_data,daily,2018-09-17,62680.0550,mwmed
electricity_load,"Electricity load (SIN)",energy_water,ons_open_data,daily,2018-09-18,64992.9521,mwmed
electricity_load,"Electricity load (SIN)",energy_water,ons_open_data,daily,2018-09-19,66031.5912,mwmed
electricity_load,"Electricity load (SIN)",energy_water,ons_open_data,daily,2018-09-20,64499.3279,mwmed
electricity_load,"Electricity load (SIN)",energy_water,ons_open_data,daily,2018-09-21,65449.5104,mwmed
electricity_load,"Electricity load (SIN)",energy_water,ons_open_data,daily,2018-09-22,60787.6879,mwmed
electricity_load,"Electricity load (SIN)",energy_water,ons_open_data,daily,2018-09-23,55276.7679,mwmed
electricity_load,"Electricity load (SIN)",energy_water,ons_open_data,daily,2018-09-24,66039.4688,mwmed
electricity_load,"Electricity load (SIN)",energy_water,ons_open_data,daily,2018-09-25,67710.9629,mwmed
electricity_load,"Electricity load (SIN)",energy_water,ons_open_data,daily,2018-09-26,68417.4375,mwmed
electricity_load,"Electricity load (SIN)",energy_water,ons_open_data,daily,2018-09-27,68082.5992,mwmed
electricity_load,"Electricity load (SIN)",energy_water,ons_open_data,daily,2018-09-28,66968.4787,mwmed
electricity_load,"Electricity load (SIN)",energy_water,ons_open_data,daily,2018-09-29,61478.9133,mwmed
electricity_load,"Electricity load (SIN)",energy_water,ons_open_data,daily,2018-09-30,55316.8025,mwmed
electricity_load,"Electricity load (SIN)",energy_water,ons_open_data,daily,2018-10-01,65754.2554,mwmed
electricity_load,"Electricity load (SIN)",energy_water,ons_open_data,daily,2018-10-02,67874.5792,mwmed
electricity_load,"Electricity load (SIN)",energy_water,ons_open_data,daily,2018-10-03,68452.4229,mwmed
electricity_load,"Electricity load (SIN)",energy_water,ons_open_data,daily,2018-10-04,67824.8725,mwmed
electricity_load,"Electricity load (SIN)",energy_water,ons_open_data,daily,2018-10-05,66297.0025,mwmed
electricity_load,"Electricity load (SIN)",energy_water,ons_open_data,daily,2018-10-06,59225.5642,mwmed
electricity_load,"Electricity load (SIN)",energy_water,ons_open_data,daily,2018-10-07,52618.8213,mwmed
electricity_load,"Electricity load (SIN)",energy_water,ons_open_data,daily,2018-10-08,64214.8475,mwmed
electricity_load,"Electricity load (SIN)",energy_water,ons_open_data,daily,2018-10-09,67326.2413,mwmed
electricity_load,"Electricity load (SIN)",energy_water,ons_open_data,daily,2018-10-10,68061.3154,mwmed
electricity_load,"Electricity load (SIN)",energy_water,ons_open_data,daily,2018-10-11,67008.4871,mwmed
electricity_load,"Electricity load (SIN)",energy_water,ons_open_data,daily,2018-10-12,58404.5892,mwmed
electricity_load,"Electricity load (SIN)",energy_water,ons_open_data,daily,2018-10-13,59441.6746,mwmed
electricity_load,"Electricity load (SIN)",energy_water,ons_open_data,daily,2018-10-14,55454.7100,mwmed
electricity_load,"Electricity load (SIN)",energy_water,ons_open_data,daily,2018-10-15,64995.9158,mwmed
electricity_load,"Electricity load (SIN)",energy_water,ons_open_data,daily,2018-10-16,67242.2217,mwmed
electricity_load,"Electricity load (SIN)",energy_water,ons_open_data,daily,2018-10-17,68004.4179,mwmed
electricity_load,"Electricity load (SIN)",energy_water,ons_open_data,daily,2018-10-18,68230.5550,mwmed
electricity_load,"Electricity load (SIN)",energy_water,ons_open_data,daily,2018-10-19,67066.8842,mwmed
electricity_load,"Electricity load (SIN)",energy_water,ons_open_data,daily,2018-10-20,60002.7517,mwmed
electricity_load,"Electricity load (SIN)",energy_water,ons_open_data,daily,2018-10-21,52902.4804,mwmed
electricity_load,"Electricity load (SIN)",energy_water,ons_open_data,daily,2018-10-22,63696.1654,mwmed
electricity_load,"Electricity load (SIN)",energy_water,ons_open_data,daily,2018-10-23,66693.0425,mwmed
electricity_load,"Electricity load (SIN)",energy_water,ons_open_data,daily,2018-10-24,66468.4025,mwmed
electricity_load,"Electricity load (SIN)",energy_water,ons_open_data,daily,2018-10-25,66813.9283,mwmed
electricity_load,"Electricity load (SIN)",energy_water,ons_open_data,daily,2018-10-26,67082.2342,mwmed
electricity_load,"Electricity load (SIN)",energy_water,ons_open_data,daily,2018-10-27,61404.5000,mwmed
electricity_load,"Electricity load (SIN)",energy_water,ons_open_data,daily,2018-10-28,53957.8563,mwmed
electricity_load,"Electricity load (SIN)",energy_water,ons_open_data,daily,2018-10-29,63686.7554,mwmed
electricity_load,"Electricity load (SIN)",energy_water,ons_open_data,daily,2018-10-30,66093.0437,mwmed
electricity_load,"Electricity load (SIN)",energy_water,ons_open_data,daily,2018-10-31,67248.8046,mwmed
electricity_load,"Electricity load (SIN)",energy_water,ons_open_data,daily,2018-11-01,66922.6975,mwmed
electricity_load,"Electricity load (SIN)",energy_water,ons_open_data,daily,2018-11-02,58140.7562,mwmed
electricity_load,"Electricity load (SIN)",energy_water,ons_open_data,daily,2018-11-03,59215.8208,mwmed
electricity_load,"Electricity load (SIN)",energy_water,ons_open_data,daily,2018-11-04,54978.0157,mwmed
electricity_load,"Electricity load (SIN)",energy_water,ons_open_data,daily,2018-11-05,64277.9546,mwmed
electricity_load,"Electricity load (SIN)",energy_water,ons_open_data,daily,2018-11-06,65577.6758,mwmed
electricity_load,"Electricity load (SIN)",energy_water,ons_open_data,daily,2018-11-07,65842.1267,mwmed
electricity_load,"Electricity load (SIN)",energy_water,ons_open_data,daily,2018-11-08,64955.7096,mwmed
electricity_load,"Electricity load (SIN)",energy_water,ons_open_data,daily,2018-11-09,64820.9404,mwmed
electricity_load,"Electricity load (SIN)",energy_water,ons_open_data,daily,2018-11-10,60808.9058,mwmed
electricity_load,"Electricity load (SIN)",energy_water,ons_open_data,daily,2018-11-11,56166.0721,mwmed
electricity_load,"Electricity load (SIN)",energy_water,ons_open_data,daily,2018-11-12,67929.3575,mwmed
electricity_load,"Electricity load (SIN)",energy_water,ons_open_data,daily,2018-11-13,70671.4458,mwmed
electricity_load,"Electricity load (SIN)",energy_water,ons_open_data,daily,2018-11-14,71155.6875,mwmed
electricity_load,"Electricity load (SIN)",energy_water,ons_open_data,daily,2018-11-15,63696.8112,mwmed
electricity_load,"Electricity load (SIN)",energy_water,ons_open_data,daily,2018-11-16,66000.2658,mwmed
electricity_load,"Electricity load (SIN)",energy_water,ons_open_data,daily,2018-11-17,60549.5000,mwmed
electricity_load,"Electricity load (SIN)",energy_water,ons_open_data,daily,2018-11-18,55989.1696,mwmed
electricity_load,"Electricity load (SIN)",energy_water,ons_open_data,daily,2018-11-19,64973.9704,mwmed
electricity_load,"Electricity load (SIN)",energy_water,ons_open_data,daily,2018-11-20,64022.3892,mwmed
electricity_load,"Electricity load (SIN)",energy_water,ons_open_data,daily,2018-11-21,65318.0546,mwmed
electricity_load,"Electricity load (SIN)",energy_water,ons_open_data,daily,2018-11-22,67187.1133,mwmed
electricity_load,"Electricity load (SIN)",energy_water,ons_open_data,daily,2018-11-23,68488.8567,mwmed
electricity_load,"Electricity load (SIN)",energy_water,ons_open_data,daily,2018-11-24,62681.0979,mwmed
electricity_load,"Electricity load (SIN)",energy_water,ons_open_data,daily,2018-11-25,56657.2525,mwmed
electricity_load,"Electricity load (SIN)",energy_water,ons_open_data,daily,2018-11-26,65053.0446,mwmed
electricity_load,"Electricity load (SIN)",energy_water,ons_open_data,daily,2018-11-27,66065.0404,mwmed
electricity_load,"Electricity load (SIN)",energy_water,ons_open_data,daily,2018-11-28,66897.4408,mwmed
electricity_load,"Electricity load (SIN)",energy_water,ons_open_data,daily,2018-11-29,68663.2967,mwmed
electricity_load,"Electricity load (SIN)",energy_water,ons_open_data,daily,2018-11-30,69436.0762,mwmed
electricity_load,"Electricity load (SIN)",energy_water,ons_open_data,daily,2018-12-01,63478.6775,mwmed
electricity_load,"Electricity load (SIN)",energy_water,ons_open_data,daily,2018-12-02,56793.6929,mwmed
electricity_load,"Electricity load (SIN)",energy_water,ons_open_data,daily,2018-12-03,65126.5413,mwmed
electricity_load,"Electricity load (SIN)",energy_water,ons_open_data,daily,2018-12-04,66852.8846,mwmed
electricity_load,"Electricity load (SIN)",energy_water,ons_open_data,daily,2018-12-05,68763.0213,mwmed
electricity_load,"Electricity load (SIN)",energy_water,ons_open_data,daily,2018-12-06,68963.8458,mwmed
electricity_load,"Electricity load (SIN)",energy_water,ons_open_data,daily,2018-12-07,67490.8308,mwmed
electricity_load,"Electricity load (SIN)",energy_water,ons_open_data,daily,2018-12-08,59637.5154,mwmed
electricity_load,"Electricity load (SIN)",energy_water,ons_open_data,daily,2018-12-09,54001.0700,mwmed
electricity_load,"Electricity load (SIN)",energy_water,ons_open_data,daily,2018-12-10,65936.7663,mwmed
electricity_load,"Electricity load (SIN)",energy_water,ons_open_data,daily,2018-12-11,69946.5346,mwmed
electricity_load,"Electricity load (SIN)",energy_water,ons_open_data,daily,2018-12-12,71870.8096,mwmed
electricity_load,"Electricity load (SIN)",energy_water,ons_open_data,daily,2018-12-13,72685.9313,mwmed
electricity_load,"Electricity load (SIN)",energy_water,ons_open_data,daily,2018-12-14,72614.4383,mwmed
electricity_load,"Electricity load (SIN)",energy_water,ons_open_data,daily,2018-12-15,66850.8404,mwmed
electricity_load,"Electricity load (SIN)",energy_water,ons_open_data,daily,2018-12-16,61459.1654,mwmed
electricity_load,"Electricity load (SIN)",energy_water,ons_open_data,daily,2018-12-17,73306.2800,mwmed
electricity_load,"Electricity load (SIN)",energy_water,ons_open_data,daily,2018-12-18,73837.2637,mwmed
electricity_load,"Electricity load (SIN)",energy_water,ons_open_data,daily,2018-12-19,72625.8304,mwmed
electricity_load,"Electricity load (SIN)",energy_water,ons_open_data,daily,2018-12-20,72668.2617,mwmed
electricity_load,"Electricity load (SIN)",energy_water,ons_open_data,daily,2018-12-21,71270.6888,mwmed
electricity_load,"Electricity load (SIN)",energy_water,ons_open_data,daily,2018-12-22,65601.7621,mwmed
electricity_load,"Electricity load (SIN)",energy_water,ons_open_data,daily,2018-12-23,60618.7608,mwmed
electricity_load,"Electricity load (SIN)",energy_water,ons_open_data,daily,2018-12-24,59815.6917,mwmed
electricity_load,"Electricity load (SIN)",energy_water,ons_open_data,daily,2018-12-25,52443.9942,mwmed
electricity_load,"Electricity load (SIN)",energy_water,ons_open_data,daily,2018-12-26,61830.2292,mwmed
electricity_load,"Electricity load (SIN)",energy_water,ons_open_data,daily,2018-12-27,63811.0021,mwmed
electricity_load,"Electricity load (SIN)",energy_water,ons_open_data,daily,2018-12-28,64263.2004,mwmed
electricity_load,"Electricity load (SIN)",energy_water,ons_open_data,daily,2018-12-29,61608.7650,mwmed
electricity_load,"Electricity load (SIN)",energy_water,ons_open_data,daily,2018-12-30,58323.9362,mwmed
electricity_load,"Electricity load (SIN)",energy_water,ons_open_data,daily,2018-12-31,59059.6067,mwmed
electricity_load,"Electricity load (SIN)",energy_water,ons_open_data,daily,2019-01-01,54681.6592,mwmed
electricity_load,"Electricity load (SIN)",energy_water,ons_open_data,daily,2019-01-02,66506.5513,mwmed
electricity_load,"Electricity load (SIN)",energy_water,ons_open_data,daily,2019-01-03,70751.8904,mwmed
electricity_load,"Electricity load (SIN)",energy_water,ons_open_data,daily,2019-01-04,70169.0858,mwmed
electricity_load,"Electricity load (SIN)",energy_water,ons_open_data,daily,2019-01-05,63940.2517,mwmed
electricity_load,"Electricity load (SIN)",energy_water,ons_open_data,daily,2019-01-06,59482.9062,mwmed
electricity_load,"Electricity load (SIN)",energy_water,ons_open_data,daily,2019-01-07,70563.6267,mwmed
electricity_load,"Electricity load (SIN)",energy_water,ons_open_data,daily,2019-01-08,72965.8483,mwmed
electricity_load,"Electricity load (SIN)",energy_water,ons_open_data,daily,2019-01-09,73702.2608,mwmed
electricity_load,"Electricity load (SIN)",energy_water,ons_open_data,daily,2019-01-10,73932.1967,mwmed
electricity_load,"Electricity load (SIN)",energy_water,ons_open_data,daily,2019-01-11,73164.1633,mwmed
electricity_load,"Electricity load (SIN)",energy_water,ons_open_data,daily,2019-01-12,67178.9892,mwmed
electricity_load,"Electricity load (SIN)",energy_water,ons_open_data,daily,2019-01-13,61495.2192,mwmed
electricity_load,"Electricity load (SIN)",energy_water,ons_open_data,daily,2019-01-14,73380.6517,mwmed
electricity_load,"Electricity load (SIN)",energy_water,ons_open_data,daily,2019-01-15,75305.4208,mwmed
electricity_load,"Electricity load (SIN)",energy_water,ons_open_data,daily,2019-01-16,76565.6492,mwmed
electricity_load,"Electricity load (SIN)",energy_water,ons_open_data,daily,2019-01-17,76196.9300,mwmed
electricity_load,"Electricity load (SIN)",energy_water,ons_open_data,daily,2019-01-18,75509.6646,mwmed
electricity_load,"Electricity load (SIN)",energy_water,ons_open_data,daily,2019-01-19,68340.8000,mwmed
electricity_load,"Electricity load (SIN)",energy_water,ons_open_data,daily,2019-01-20,62485.0583,mwmed
electricity_load,"Electricity load (SIN)",energy_water,ons_open_data,daily,2019-01-21,74527.8779,mwmed
electricity_load,"Electricity load (SIN)",energy_water,ons_open_data,daily,2019-01-22,77520.4679,mwmed
electricity_load,"Electricity load (SIN)",energy_water,ons_open_data,daily,2019-01-23,78559.2483,mwmed
electricity_load,"Electricity load (SIN)",energy_water,ons_open_data,daily,2019-01-24,77565.6042,mwmed
electricity_load,"Electricity load (SIN)",energy_water,ons_open_data,daily,2019-01-25,74663.1292,mwmed
electricity_load,"Electricity load (SIN)",energy_water,ons_open_data,daily,2019-01-26,66861.0250,mwmed
electricity_load,"Electricity load (SIN)",energy_water,ons_open_data,daily,2019-01-27,61173.9054,mwmed
electricity_load,"Electricity load (SIN)",energy_water,ons_open_data,daily,2019-01-28,74137.8554,mwmed
electricity_load,"Electricity load (SIN)",energy_water,ons_open_data,daily,2019-01-29,77748.9917,mwmed
electricity_load,"Electricity load (SIN)",energy_water,ons_open_data,daily,2019-01-30,79038.1129,mwmed
electricity_load,"Electricity load (SIN)",energy_water,ons_open_data,daily,2019-01-31,78988.9417,mwmed
electricity_load,"Electricity load (SIN)",energy_water,ons_open_data,daily,2019-02-01,78582.0067,mwmed
electricity_load,"Electricity load (SIN)",energy_water,ons_open_data,daily,2019-02-02,71107.4450,mwmed
electricity_load,"Electricity load (SIN)",energy_water,ons_open_data,daily,2019-02-03,64179.6146,mwmed
electricity_load,"Electricity load (SIN)",energy_water,ons_open_data,daily,2019-02-04,72226.2954,mwmed
electricity_load,"Electricity load (SIN)",energy_water,ons_open_data,daily,2019-02-05,71179.6879,mwmed
electricity_load,"Electricity load (SIN)",energy_water,ons_open_data,daily,2019-02-06,69846.5733,mwmed
electricity_load,"Electricity load (SIN)",energy_water,ons_open_data,daily,2019-02-07,69548.7954,mwmed
electricity_load,"Electricity load (SIN)",energy_water,ons_open_data,daily,2019-02-08,71471.7633,mwmed
electricity_load,"Electricity load (SIN)",energy_water,ons_open_data,daily,2019-02-09,66780.5392,mwmed
electricity_load,"Electricity load (SIN)",energy_water,ons_open_data,daily,2019-02-10,62098.4158,mwmed
electricity_load,"Electricity load (SIN)",energy_water,ons_open_data,daily,2019-02-11,74206.0238,mwmed
electricity_load,"Electricity load (SIN)",energy_water,ons_open_data,daily,2019-02-12,74676.9483,mwmed
electricity_load,"Electricity load (SIN)",energy_water,ons_open_data,daily,2019-02-13,71371.3433,mwmed
electricity_load,"Electricity load (SIN)",energy_water,ons_open_data,daily,2019-02-14,70363.9388,mwmed
electricity_load,"Electricity load (SIN)",energy_water,ons_open_data,daily,2019-02-15,70034.4662,mwmed
electricity_load,"Electricity load (SIN)",energy_water,ons_open_data,daily,2019-02-16,63707.7188,mwmed
electricity_load,"Electricity load (SIN)",energy_water,ons_open_data,daily,2019-02-17,57805.2663,mwmed
electricity_load,"Electricity load (SIN)",energy_water,ons_open_data,daily,2019-02-18,69273.5654,mwmed
electricity_load,"Electricity load (SIN)",energy_water,ons_open_data,daily,2019-02-19,71236.1329,mwmed
electricity_load,"Electricity load (SIN)",energy_water,ons_open_data,daily,2019-02-20,72316.4538,mwmed
electricity_load,"Electricity load (SIN)",energy_water,ons_open_data,daily,2019-02-21,72100.6467,mwmed
electricity_load,"Electricity load (SIN)",energy_water,ons_open_data,daily,2019-02-22,72953.3658,mwmed
electricity_load,"Electricity load (SIN)",energy_water,ons_open_data,daily,2019-02-23,68357.6017,mwmed
electricity_load,"Electricity load (SIN)",energy_water,ons_open_data,daily,2019-02-24,63405.4463,mwmed
electricity_load,"Electricity load (SIN)",energy_water,ons_open_data,daily,2019-02-25,73380.4808,mwmed
electricity_load,"Electricity load (SIN)",energy_water,ons_open_data,daily,2019-02-26,71224.8638,mwmed
electricity_load,"Electricity load (SIN)",energy_water,ons_open_data,daily,2019-02-27,70810.5146,mwmed
electricity_load,"Electricity load (SIN)",energy_water,ons_open_data,daily,2019-02-28,70230.8842,mwmed
electricity_load,"Electricity load (SIN)",energy_water,ons_open_data,daily,2019-03-01,69413.4062,mwmed
electricity_load,"Electricity load (SIN)",energy_water,ons_open_data,daily,2019-03-02,63249.6083,mwmed
electricity_load,"Electricity load (SIN)",energy_water,ons_open_data,daily,2019-03-03,57451.6092,mwmed
electricity_load,"Electricity load (SIN)",energy_water,ons_open_data,daily,2019-03-04,61826.7846,mwmed
electricity_load,"Electricity load (SIN)",energy_water,ons_open_data,daily,2019-03-05,62454.7712,mwmed
electricity_load,"Electricity load (SIN)",energy_water,ons_open_data,daily,2019-03-06,68521.9000,mwmed
electricity_load,"Electricity load (SIN)",energy_water,ons_open_data,daily,2019-03-07,72108.5137,mwmed
electricity_load,"Electricity load (SIN)",energy_water,ons_open_data,daily,2019-03-08,72970.0971,mwmed
electricity_load,"Electricity load (SIN)",energy_water,ons_open_data,daily,2019-03-09,66999.6308,mwmed
electricity_load,"Electricity load (SIN)",energy_water,ons_open_data,daily,2019-03-10,60595.7342,mwmed
electricity_load,"Electricity load (SIN)",energy_water,ons_open_data,daily,2019-03-11,69235.5496,mwmed
electricity_load,"Electricity load (SIN)",energy_water,ons_open_data,daily,2019-03-12,70662.2496,mwmed
electricity_load,"Electricity load (SIN)",energy_water,ons_open_data,daily,2019-03-13,72098.8262,mwmed
electricity_load,"Electricity load (SIN)",energy_water,ons_open_data,daily,2019-03-14,72628.3733,mwmed
electricity_load,"Electricity load (SIN)",energy_water,ons_open_data,daily,2019-03-15,71992.6687,mwmed
electricity_load,"Electricity load (SIN)",energy_water,ons_open_data,daily,2019-03-16,65231.8937,mwmed
electricity_load,"Electricity load (SIN)",energy_water,ons_open_data,daily,2019-03-17,59110.9996,mwmed
electricity_load,"Electricity load (SIN)",energy_water,ons_open_data,daily,2019-03-18,71088.6046,mwmed
electricity_load,"Electricity load (SIN)",energy_water,ons_open_data,daily,2019-03-19,73127.4746,mwmed
electricity_load,"Electricity load (SIN)",energy_water,ons_open_data,daily,2019-03-20,71938.4496,mwmed
electricity_load,"Electricity load (SIN)",energy_water,ons_open_data,daily,2019-03-21,68242.8625,mwmed
electricity_load,"Electricity load (SIN)",energy_water,ons_open_data,daily,2019-03-22,66492.8338,mwmed
electricity_load,"Electricity load (SIN)",energy_water,ons_open_data,daily,2019-03-23,61401.8842,mwmed
electricity_load,"Electricity load (SIN)",energy_water,ons_open_data,daily,2019-03-24,57081.8083,mwmed
electricity_load,"Electricity load (SIN)",energy_water,ons_open_data,daily,2019-03-25,68060.6071,mwmed
electricity_load,"Electricity load (SIN)",energy_water,ons_open_data,daily,2019-03-26,69880.1829,mwmed
electricity_load,"Electricity load (SIN)",energy_water,ons_open_data,daily,2019-03-27,69390.8067,mwmed
electricity_load,"Electricity load (SIN)",energy_water,ons_open_data,daily,2019-03-28,68513.3854,mwmed
electricity_load,"Electricity load (SIN)",energy_water,ons_open_data,daily,2019-03-29,67403.7729,mwmed
electricity_load,"Electricity load (SIN)",energy_water,ons_open_data,daily,2019-03-30,61878.3312,mwmed
electricity_load,"Electricity load (SIN)",energy_water,ons_open_data,daily,2019-03-31,56651.9608,mwmed
electricity_load,"Electricity load (SIN)",energy_water,ons_open_data,daily,2019-04-01,67467.1108,mwmed
electricity_load,"Electricity load (SIN)",energy_water,ons_open_data,daily,2019-04-02,69434.5721,mwmed
electricity_load,"Electricity load (SIN)",energy_water,ons_open_data,daily,2019-04-03,70727.9333,mwmed
electricity_load,"Electricity load (SIN)",energy_water,ons_open_data,daily,2019-04-04,71640.0079,mwmed
electricity_load,"Electricity load (SIN)",energy_water,ons_open_data,daily,2019-04-05,71857.2854,mwmed
electricity_load,"Electricity load (SIN)",energy_water,ons_open_data,daily,2019-04-06,64617.9479,mwmed
electricity_load,"Electricity load (SIN)",energy_water,ons_open_data,daily,2019-04-07,57991.0167,mwmed
electricity_load,"Electricity load (SIN)",energy_water,ons_open_data,daily,2019-04-08,67683.9883,mwmed
electricity_load,"Electricity load (SIN)",energy_water,ons_open_data,daily,2019-04-09,67493.8038,mwmed
electricity_load,"Electricity load (SIN)",energy_water,ons_open_data,daily,2019-04-10,67298.5496,mwmed
electricity_load,"Electricity load (SIN)",energy_water,ons_open_data,daily,2019-04-11,67521.3454,mwmed
electricity_load,"Electricity load (SIN)",energy_water,ons_open_data,daily,2019-04-12,67971.8837,mwmed
electricity_load,"Electricity load (SIN)",energy_water,ons_open_data,daily,2019-04-13,62856.3096,mwmed
electricity_load,"Electricity load (SIN)",energy_water,ons_open_data,daily,2019-04-14,57137.9742,mwmed
electricity_load,"Electricity load (SIN)",energy_water,ons_open_data,daily,2019-04-15,67876.5454,mwmed
electricity_load,"Electricity load (SIN)",energy_water,ons_open_data,daily,2019-04-16,68807.3862,mwmed
electricity_load,"Electricity load (SIN)",energy_water,ons_open_data,daily,2019-04-17,68344.3671,mwmed
electricity_load,"Electricity load (SIN)",energy_water,ons_open_data,daily,2019-04-18,66951.6850,mwmed
electricity_load,"Electricity load (SIN)",energy_water,ons_open_data,daily,2019-04-19,56015.0108,mwmed
electricity_load,"Electricity load (SIN)",energy_water,ons_open_data,daily,2019-04-20,57623.4629,mwmed
electricity_load,"Electricity load (SIN)",energy_water,ons_open_data,daily,2019-04-21,54471.9325,mwmed
electricity_load,"Electricity load (SIN)",energy_water,ons_open_data,daily,2019-04-22,66201.8754,mwmed
electricity_load,"Electricity load (SIN)",energy_water,ons_open_data,daily,2019-04-23,67308.1567,mwmed
electricity_load,"Electricity load (SIN)",energy_water,ons_open_data,daily,2019-04-24,68427.1579,mwmed
electricity_load,"Electricity load (SIN)",energy_water,ons_open_data,daily,2019-04-25,69139.9983,mwmed
electricity_load,"Electricity load (SIN)",energy_water,ons_open_data,daily,2019-04-26,69240.1896,mwmed
electricity_load,"Electricity load (SIN)",energy_water,ons_open_data,daily,2019-04-27,63285.8129,mwmed
electricity_load,"Electricity load (SIN)",energy_water,ons_open_data,daily,2019-04-28,56879.1667,mwmed
electricity_load,"Electricity load (SIN)",energy_water,ons_open_data,daily,2019-04-29,66083.5667,mwmed
electricity_load,"Electricity load (SIN)",energy_water,ons_open_data,daily,2019-04-30,66642.0150,mwmed
electricity_load,"Electricity load (SIN)",energy_water,ons_open_data,daily,2019-05-01,57722.5950,mwmed
electricity_load,"Electricity load (SIN)",energy_water,ons_open_data,daily,2019-05-02,65869.7875,mwmed
electricity_load,"Electricity load (SIN)",energy_water,ons_open_data,daily,2019-05-03,67291.6408,mwmed
electricity_load,"Electricity load (SIN)",energy_water,ons_open_data,daily,2019-05-04,61510.6575,mwmed
electricity_load,"Electricity load (SIN)",energy_water,ons_open_data,daily,2019-05-05,56631.9750,mwmed
electricity_load,"Electricity load (SIN)",energy_water,ons_open_data,daily,2019-05-06,67604.6629,mwmed
electricity_load,"Electricity load (SIN)",energy_water,ons_open_data,daily,2019-05-07,67913.9517,mwmed
electricity_load,"Electricity load (SIN)",energy_water,ons_open_data,daily,2019-05-08,66731.0813,mwmed
electricity_load,"Electricity load (SIN)",energy_water,ons_open_data,daily,2019-05-09,66104.4692,mwmed
electricity_load,"Electricity load (SIN)",energy_water,ons_open_data,daily,2019-05-10,66415.5342,mwmed
electricity_load,"Electricity load (SIN)",energy_water,ons_open_data,daily,2019-05-11,61218.4762,mwmed
electricity_load,"Electricity load (SIN)",energy_water,ons_open_data,daily,2019-05-12,55113.0179,mwmed
electricity_load,"Electricity load (SIN)",energy_water,ons_open_data,daily,2019-05-13,65757.9667,mwmed
electricity_load,"Electricity load (SIN)",energy_water,ons_open_data,daily,2019-05-14,66740.2887,mwmed
electricity_load,"Electricity load (SIN)",energy_water,ons_open_data,daily,2019-05-15,64882.9692,mwmed
electricity_load,"Electricity load (SIN)",energy_water,ons_open_data,daily,2019-05-16,64200.9558,mwmed
electricity_load,"Electricity load (SIN)",energy_water,ons_open_data,daily,2019-05-17,63217.7258,mwmed
electricity_load,"Electricity load (SIN)",energy_water,ons_open_data,daily,2019-05-18,57249.9975,mwmed
electricity_load,"Electricity load (SIN)",energy_water,ons_open_data,daily,2019-05-19,52096.3542,mwmed
electricity_load,"Electricity load (SIN)",energy_water,ons_open_data,daily,2019-05-20,61908.0725,mwmed
electricity_load,"Electricity load (SIN)",energy_water,ons_open_data,daily,2019-05-21,63977.3983,mwmed
electricity_load,"Electricity load (SIN)",energy_water,ons_open_data,daily,2019-05-22,64695.1562,mwmed
electricity_load,"Electricity load (SIN)",energy_water,ons_open_data,daily,2019-05-23,64912.5879,mwmed
electricity_load,"Electricity load (SIN)",energy_water,ons_open_data,daily,2019-05-24,64691.2454,mwmed
electricity_load,"Electricity load (SIN)",energy_water,ons_open_data,daily,2019-05-25,58114.6650,mwmed
electricity_load,"Electricity load (SIN)",energy_water,ons_open_data,daily,2019-05-26,52325.2204,mwmed
electricity_load,"Electricity load (SIN)",energy_water,ons_open_data,daily,2019-05-27,62261.4092,mwmed
electricity_load,"Electricity load (SIN)",energy_water,ons_open_data,daily,2019-05-28,64399.6942,mwmed
electricity_load,"Electricity load (SIN)",energy_water,ons_open_data,daily,2019-05-29,65138.2817,mwmed
electricity_load,"Electricity load (SIN)",energy_water,ons_open_data,daily,2019-05-30,65704.8292,mwmed
electricity_load,"Electricity load (SIN)",energy_water,ons_open_data,daily,2019-05-31,65659.9775,mwmed
electricity_load,"Electricity load (SIN)",energy_water,ons_open_data,daily,2019-06-01,59877.2092,mwmed
electricity_load,"Electricity load (SIN)",energy_water,ons_open_data,daily,2019-06-02,53542.3304,mwmed
electricity_load,"Electricity load (SIN)",energy_water,ons_open_data,daily,2019-06-03,62939.3079,mwmed
electricity_load,"Electricity load (SIN)",energy_water,ons_open_data,daily,2019-06-04,63347.3996,mwmed
electricity_load,"Electricity load (SIN)",energy_water,ons_open_data,daily,2019-06-05,61968.8446,mwmed
electricity_load,"Electricity load (SIN)",energy_water,ons_open_data,daily,2019-06-06,61915.3821,mwmed
electricity_load,"Electricity load (SIN)",energy_water,ons_open_data,daily,2019-06-07,62162.5638,mwmed
electricity_load,"Electricity load (SIN)",energy_water,ons_open_data,daily,2019-06-08,57169.5454,mwmed
electricity_load,"Electricity load (SIN)",energy_water,ons_open_data,daily,2019-06-09,51589.1008,mwmed
electricity_load,"Electricity load (SIN)",energy_water,ons_open_data,daily,2019-06-10,61243.3796,mwmed
electricity_load,"Electricity load (SIN)",energy_water,ons_open_data,daily,2019-06-11,63128.6412,mwmed
electricity_load,"Electricity load (SIN)",energy_water,ons_open_data,daily,2019-06-12,63583.4521,mwmed
electricity_load,"Electricity load (SIN)",energy_water,ons_open_data,daily,2019-06-13,63814.7037,mwmed
electricity_load,"Electricity load (SIN)",energy_water,ons_open_data,daily,2019-06-14,64149.9537,mwmed
electricity_load,"Electricity load (SIN)",energy_water,ons_open_data,daily,2019-06-15,58998.8017,mwmed
electricity_load,"Electricity load (SIN)",energy_water,ons_open_data,daily,2019-06-16,52917.1200,mwmed
electricity_load,"Electricity load (SIN)",energy_water,ons_open_data,daily,2019-06-17,62297.1512,mwmed
electricity_load,"Electricity load (SIN)",energy_water,ons_open_data,daily,2019-06-18,63504.0167,mwmed
electricity_load,"Electricity load (SIN)",energy_water,ons_open_data,daily,2019-06-19,63525.4942,mwmed
electricity_load,"Electricity load (SIN)",energy_water,ons_open_data,daily,2019-06-20,56944.5521,mwmed
electricity_load,"Electricity load (SIN)",energy_water,ons_open_data,daily,2019-06-21,59663.2229,mwmed
electricity_load,"Electricity load (SIN)",energy_water,ons_open_data,daily,2019-06-22,56019.7188,mwmed
electricity_load,"Electricity load (SIN)",energy_water,ons_open_data,daily,2019-06-23,51273.9942,mwmed
electricity_load,"Electricity load (SIN)",energy_water,ons_open_data,daily,2019-06-24,60271.9625,mwmed
electricity_load,"Electricity load (SIN)",energy_water,ons_open_data,daily,2019-06-25,63246.2825,mwmed
electricity_load,"Electricity load (SIN)",energy_water,ons_open_data,daily,2019-06-26,63926.9012,mwmed
electricity_load,"Electricity load (SIN)",energy_water,ons_open_data,daily,2019-06-27,64237.3129,mwmed
electricity_load,"Electricity load (SIN)",energy_water,ons_open_data,daily,2019-06-28,64049.4129,mwmed
electricity_load,"Electricity load (SIN)",energy_water,ons_open_data,daily,2019-06-29,58805.6796,mwmed
electricity_load,"Electricity load (SIN)",energy_water,ons_open_data,daily,2019-06-30,52915.0079,mwmed
electricity_load,"Electricity load (SIN)",energy_water,ons_open_data,daily,2019-07-01,62229.4325,mwmed
electricity_load,"Electricity load (SIN)",energy_water,ons_open_data,daily,2019-07-02,63657.1650,mwmed
electricity_load,"Electricity load (SIN)",energy_water,ons_open_data,daily,2019-07-03,64279.8683,mwmed
electricity_load,"Electricity load (SIN)",energy_water,ons_open_data,daily,2019-07-04,64150.5954,mwmed
electricity_load,"Electricity load (SIN)",energy_water,ons_open_data,daily,2019-07-05,63791.4083,mwmed
electricity_load,"Electricity load (SIN)",energy_water,ons_open_data,daily,2019-07-06,56689.7358,mwmed
electricity_load,"Electricity load (SIN)",energy_water,ons_open_data,daily,2019-07-07,50089.6762,mwmed
electricity_load,"Electricity load (SIN)",energy_water,ons_open_data,daily,2019-07-08,57524.7487,mwmed
electricity_load,"Electricity load (SIN)",energy_water,ons_open_data,daily,2019-07-09,58244.6979,mwmed
electricity_load,"Electricity load (SIN)",energy_water,ons_open_data,daily,2019-07-10,60187.5263,mwmed
electricity_load,"Electricity load (SIN)",energy_water,ons_open_data,daily,2019-07-11,60619.0583,mwmed
electricity_load,"Electricity load (SIN)",energy_water,ons_open_data,daily,2019-07-12,60757.8442,mwmed
electricity_load,"Electricity load (SIN)",energy_water,ons_open_data,daily,2019-07-13,55857.9012,mwmed
electricity_load,"Electricity load (SIN)",energy_water,ons_open_data,daily,2019-07-14,51086.1346,mwmed
electricity_load,"Electricity load (SIN)",energy_water,ons_open_data,daily,2019-07-15,60655.1583,mwmed
electricity_load,"Electricity load (SIN)",energy_water,ons_open_data,daily,2019-07-16,61882.1008,mwmed
electricity_load,"Electricity load (SIN)",energy_water,ons_open_data,daily,2019-07-17,61496.2854,mwmed
electricity_load,"Electricity load (SIN)",energy_water,ons_open_data,daily,2019-07-18,61265.4183,mwmed
electricity_load,"Electricity load (SIN)",energy_water,ons_open_data,daily,2019-07-19,61194.7817,mwmed
electricity_load,"Electricity load (SIN)",energy_water,ons_open_data,daily,2019-07-20,55616.2638,mwmed
electricity_load,"Electricity load (SIN)",energy_water,ons_open_data,daily,2019-07-21,50261.9383,mwmed
electricity_load,"Electricity load (SIN)",energy_water,ons_open_data,daily,2019-07-22,59823.7204,mwmed
electricity_load,"Electricity load (SIN)",energy_water,ons_open_data,daily,2019-07-23,61919.7821,mwmed
electricity_load,"Electricity load (SIN)",energy_water,ons_open_data,daily,2019-07-24,62443.5525,mwmed
electricity_load,"Electricity load (SIN)",energy_water,ons_open_data,daily,2019-07-25,62429.7237,mwmed
electricity_load,"Electricity load (SIN)",energy_water,ons_open_data,daily,2019-07-26,62013.9558,mwmed
electricity_load,"Electricity load (SIN)",energy_water,ons_open_data,daily,2019-07-27,56761.2104,mwmed
electricity_load,"Electricity load (SIN)",energy_water,ons_open_data,daily,2019-07-28,51105.6688,mwmed
electricity_load,"Electricity load (SIN)",energy_water,ons_open_data,daily,2019-07-29,60513.2442,mwmed
electricity_load,"Electricity load (SIN)",energy_water,ons_open_data,daily,2019-07-30,62334.1246,mwmed
electricity_load,"Electricity load (SIN)",energy_water,ons_open_data,daily,2019-07-31,62520.7000,mwmed
electricity_load,"Electricity load (SIN)",energy_water,ons_open_data,daily,2019-08-01,62805.0533,mwmed
electricity_load,"Electricity load (SIN)",energy_water,ons_open_data,daily,2019-08-02,63257.3079,mwmed
electricity_load,"Electricity load (SIN)",energy_water,ons_open_data,daily,2019-08-03,56438.4958,mwmed
electricity_load,"Electricity load (SIN)",energy_water,ons_open_data,daily,2019-08-04,50404.5825,mwmed
electricity_load,"Electricity load (SIN)",energy_water,ons_open_data,daily,2019-08-05,59313.1471,mwmed
electricity_load,"Electricity load (SIN)",energy_water,ons_open_data,daily,2019-08-06,60952.6992,mwmed
electricity_load,"Electricity load (SIN)",energy_water,ons_open_data,daily,2019-08-07,61664.5242,mwmed
electricity_load,"Electricity load (SIN)",energy_water,ons_open_data,daily,2019-08-08,62783.4196,mwmed
electricity_load,"Electricity load (SIN)",energy_water,ons_open_data,daily,2019-08-09,63317.9738,mwmed
electricity_load,"Electricity load (SIN)",energy_water,ons_open_data,daily,2019-08-10,58292.3158,mwmed
electricity_load,"Electricity load (SIN)",energy_water,ons_open_data,daily,2019-08-11,52565.9504,mwmed
electricity_load,"Electricity load (SIN)",energy_water,ons_open_data,daily,2019-08-12,63123.1683,mwmed
electricity_load,"Electricity load (SIN)",energy_water,ons_open_data,daily,2019-08-13,64217.3646,mwmed
electricity_load,"Electricity load (SIN)",energy_water,ons_open_data,daily,2019-08-14,62881.4221,mwmed
electricity_load,"Electricity load (SIN)",energy_water,ons_open_data,daily,2019-08-15,61508.3858,mwmed
electricity_load,"Electricity load (SIN)",energy_water,ons_open_data,daily,2019-08-16,61714.9196,mwmed
electricity_load,"Electricity load (SIN)",energy_water,ons_open_data,daily,2019-08-17,56686.4979,mwmed
electricity_load,"Electricity load (SIN)",energy_water,ons_open_data,daily,2019-08-18,52188.1242,mwmed
electricity_load,"Electricity load (SIN)",energy_water,ons_open_data,daily,2019-08-19,62053.9437,mwmed
electricity_load,"Electricity load (SIN)",energy_water,ons_open_data,daily,2019-08-20,63415.9021,mwmed
electricity_load,"Electricity load (SIN)",energy_water,ons_open_data,daily,2019-08-21,63255.7800,mwmed
electricity_load,"Electricity load (SIN)",energy_water,ons_open_data,daily,2019-08-22,63085.2029,mwmed
electricity_load,"Electricity load (SIN)",energy_water,ons_open_data,daily,2019-08-23,62765.7179,mwmed
electricity_load,"Electricity load (SIN)",energy_water,ons_open_data,daily,2019-08-24,56869.5421,mwmed
electricity_load,"Electricity load (SIN)",energy_water,ons_open_data,daily,2019-08-25,51144.8187,mwmed
electricity_load,"Electricity load (SIN)",energy_water,ons_open_data,daily,2019-08-26,60816.5271,mwmed
electricity_load,"Electricity load (SIN)",energy_water,ons_open_data,daily,2019-08-27,62743.0608,mwmed
electricity_load,"Electricity load (SIN)",energy_water,ons_open_data,daily,2019-08-28,62734.7100,mwmed
electricity_load,"Electricity load (SIN)",energy_water,ons_open_data,daily,2019-08-29,63206.0596,mwmed
electricity_load,"Electricity load (SIN)",energy_water,ons_open_data,daily,2019-08-30,64035.2783,mwmed
electricity_load,"Electricity load (SIN)",energy_water,ons_open_data,daily,2019-08-31,59167.1879,mwmed
electricity_load,"Electricity load (SIN)",energy_water,ons_open_data,daily,2019-09-01,53269.5729,mwmed
electricity_load,"Electricity load (SIN)",energy_water,ons_open_data,daily,2019-09-02,62924.0421,mwmed
electricity_load,"Electricity load (SIN)",energy_water,ons_open_data,daily,2019-09-03,64887.0700,mwmed
electricity_load,"Electricity load (SIN)",energy_water,ons_open_data,daily,2019-09-04,64817.4938,mwmed
electricity_load,"Electricity load (SIN)",energy_water,ons_open_data,daily,2019-09-05,64207.0446,mwmed
electricity_load,"Electricity load (SIN)",energy_water,ons_open_data,daily,2019-09-06,63106.1333,mwmed
electricity_load,"Electricity load (SIN)",energy_water,ons_open_data,daily,2019-09-07,54901.8388,mwmed
electricity_load,"Electricity load (SIN)",energy_water,ons_open_data,daily,2019-09-08,53303.5108,mwmed
electricity_load,"Electricity load (SIN)",energy_water,ons_open_data,daily,2019-09-09,65112.1892,mwmed
electricity_load,"Electricity load (SIN)",energy_water,ons_open_data,daily,2019-09-10,68012.7358,mwmed
electricity_load,"Electricity load (SIN)",energy_water,ons_open_data,daily,2019-09-11,69075.2208,mwmed
electricity_load,"Electricity load (SIN)",energy_water,ons_open_data,daily,2019-09-12,69746.0800,mwmed
electricity_load,"Electricity load (SIN)",energy_water,ons_open_data,daily,2019-09-13,67775.2479,mwmed
electricity_load,"Electricity load (SIN)",energy_water,ons_open_data,daily,2019-09-14,61489.8650,mwmed
electricity_load,"Electricity load (SIN)",energy_water,ons_open_data,daily,2019-09-15,56370.7729,mwmed
electricity_load,"Electricity load (SIN)",energy_water,ons_open_data,daily,2019-09-16,67723.8408,mwmed
electricity_load,"Electricity load (SIN)",energy_water,ons_open_data,daily,2019-09-17,69493.4421,mwmed
electricity_load,"Electricity load (SIN)",energy_water,ons_open_data,daily,2019-09-18,69699.8296,mwmed
electricity_load,"Electricity load (SIN)",energy_water,ons_open_data,daily,2019-09-19,69090.3421,mwmed
electricity_load,"Electricity load (SIN)",energy_water,ons_open_data,daily,2019-09-20,68098.2471,mwmed
electricity_load,"Electricity load (SIN)",energy_water,ons_open_data,daily,2019-09-21,61535.1204,mwmed
electricity_load,"Electricity load (SIN)",energy_water,ons_open_data,daily,2019-09-22,54761.7479,mwmed
electricity_load,"Electricity load (SIN)",energy_water,ons_open_data,daily,2019-09-23,63075.4475,mwmed
electricity_load,"Electricity load (SIN)",energy_water,ons_open_data,daily,2019-09-24,64582.0571,mwmed
electricity_load,"Electricity load (SIN)",energy_water,ons_open_data,daily,2019-09-25,64773.9325,mwmed
electricity_load,"Electricity load (SIN)",energy_water,ons_open_data,daily,2019-09-26,64774.0075,mwmed
electricity_load,"Electricity load (SIN)",energy_water,ons_open_data,daily,2019-09-27,64290.8904,mwmed
electricity_load,"Electricity load (SIN)",energy_water,ons_open_data,daily,2019-09-28,58686.6917,mwmed
electricity_load,"Electricity load (SIN)",energy_water,ons_open_data,daily,2019-09-29,53013.4308,mwmed
electricity_load,"Electricity load (SIN)",energy_water,ons_open_data,daily,2019-09-30,63419.7417,mwmed
electricity_load,"Electricity load (SIN)",energy_water,ons_open_data,daily,2019-10-01,66812.8487,mwmed
electricity_load,"Electricity load (SIN)",energy_water,ons_open_data,daily,2019-10-02,68216.4033,mwmed
electricity_load,"Electricity load (SIN)",energy_water,ons_open_data,daily,2019-10-03,67631.0412,mwmed
electricity_load,"Electricity load (SIN)",energy_water,ons_open_data,daily,2019-10-04,67233.0092,mwmed
electricity_load,"Electricity load (SIN)",energy_water,ons_open_data,daily,2019-10-05,61942.6496,mwmed
electricity_load,"Electricity load (SIN)",energy_water,ons_open_data,daily,2019-10-06,55148.5138,mwmed
electricity_load,"Electricity load (SIN)",energy_water,ons_open_data,daily,2019-10-07,64368.0921,mwmed
electricity_load,"Electricity load (SIN)",energy_water,ons_open_data,daily,2019-10-08,65446.0925,mwmed
electricity_load,"Electricity load (SIN)",energy_water,ons_open_data,daily,2019-10-09,65572.4996,mwmed
electricity_load,"Electricity load (SIN)",energy_water,ons_open_data,daily,2019-10-10,66327.3800,mwmed
electricity_load,"Electricity load (SIN)",energy_water,ons_open_data,daily,2019-10-11,67365.9771,mwmed
electricity_load,"Electricity load (SIN)",energy_water,ons_open_data,daily,2019-10-12,59385.7750,mwmed
electricity_load,"Electricity load (SIN)",energy_water,ons_open_data,daily,2019-10-13,57807.0683,mwmed
electricity_load,"Electricity load (SIN)",energy_water,ons_open_data,daily,2019-10-14,68271.3358,mwmed
electricity_load,"Electricity load (SIN)",energy_water,ons_open_data,daily,2019-10-15,68287.9629,mwmed
electricity_load,"Electricity load (SIN)",energy_water,ons_open_data,daily,2019-10-16,68641.6433,mwmed
electricity_load,"Electricity load (SIN)",energy_water,ons_open_data,daily,2019-10-17,69747.9704,mwmed
electricity_load,"Electricity load (SIN)",energy_water,ons_open_data,daily,2019-10-18,69865.7783,mwmed
electricity_load,"Electricity load (SIN)",energy_water,ons_open_data,daily,2019-10-19,63289.1613,mwmed
electricity_load,"Electricity load (SIN)",energy_water,ons_open_data,daily,2019-10-20,55649.6671,mwmed
electricity_load,"Electricity load (SIN)",energy_water,ons_open_data,daily,2019-10-21,64164.1696,mwmed
electricity_load,"Electricity load (SIN)",energy_water,ons_open_data,daily,2019-10-22,65548.4921,mwmed
electricity_load,"Electricity load (SIN)",energy_water,ons_open_data,daily,2019-10-23,66179.7213,mwmed
electricity_load,"Electricity load (SIN)",energy_water,ons_open_data,daily,2019-10-24,67168.4196,mwmed
electricity_load,"Electricity load (SIN)",energy_water,ons_open_data,daily,2019-10-25,68606.8883,mwmed
electricity_load,"Electricity load (SIN)",energy_water,ons_open_data,daily,2019-10-26,63074.3637,mwmed
electricity_load,"Electricity load (SIN)",energy_water,ons_open_data,daily,2019-10-27,58009.0096,mwmed
electricity_load,"Electricity load (SIN)",energy_water,ons_open_data,daily,2019-10-28,68176.0471,mwmed
electricity_load,"Electricity load (SIN)",energy_water,ons_open_data,daily,2019-10-29,71064.0250,mwmed
electricity_load,"Electricity load (SIN)",energy_water,ons_open_data,daily,2019-10-30,72500.4721,mwmed
electricity_load,"Electricity load (SIN)",energy_water,ons_open_data,daily,2019-10-31,71521.0696,mwmed
electricity_load,"Electricity load (SIN)",energy_water,ons_open_data,daily,2019-11-01,69362.4233,mwmed
electricity_load,"Electricity load (SIN)",energy_water,ons_open_data,daily,2019-11-02,60127.5829,mwmed
electricity_load,"Electricity load (SIN)",energy_water,ons_open_data,daily,2019-11-03,58100.9225,mwmed
electricity_load,"Electricity load (SIN)",energy_water,ons_open_data,daily,2019-11-04,70666.5525,mwmed
electricity_load,"Electricity load (SIN)",energy_water,ons_open_data,daily,2019-11-05,72115.6346,mwmed
electricity_load,"Electricity load (SIN)",energy_water,ons_open_data,daily,2019-11-06,69744.6375,mwmed
electricity_load,"Electricity load (SIN)",energy_water,ons_open_data,daily,2019-11-07,68878.7896,mwmed
electricity_load,"Electricity load (SIN)",energy_water,ons_open_data,daily,2019-11-08,68978.7587,mwmed
electricity_load,"Electricity load (SIN)",energy_water,ons_open_data,daily,2019-11-09,63574.4254,mwmed
electricity_load,"Electricity load (SIN)",energy_water,ons_open_data,daily,2019-11-10,57936.4688,mwmed
electricity_load,"Electricity load (SIN)",energy_water,ons_open_data,daily,2019-11-11,68168.1579,mwmed
electricity_load,"Electricity load (SIN)",energy_water,ons_open_data,daily,2019-11-12,68726.4683,mwmed
electricity_load,"Electricity load (SIN)",energy_water,ons_open_data,daily,2019-11-13,69046.1733,mwmed
electricity_load,"Electricity load (SIN)",energy_water,ons_open_data,daily,2019-11-14,68253.4337,mwmed
electricity_load,"Electricity load (SIN)",energy_water,ons_open_data,daily,2019-11-15,59722.6650,mwmed
electricity_load,"Electricity load (SIN)",energy_water,ons_open_data,daily,2019-11-16,58210.7233,mwmed
electricity_load,"Electricity load (SIN)",energy_water,ons_open_data,daily,2019-11-17,54598.1650,mwmed
electricity_load,"Electricity load (SIN)",energy_water,ons_open_data,daily,2019-11-18,65154.3350,mwmed
electricity_load,"Electricity load (SIN)",energy_water,ons_open_data,daily,2019-11-19,67498.0383,mwmed
electricity_load,"Electricity load (SIN)",energy_water,ons_open_data,daily,2019-11-20,66292.2892,mwmed
electricity_load,"Electricity load (SIN)",energy_water,ons_open_data,daily,2019-11-21,68993.2850,mwmed
electricity_load,"Electricity load (SIN)",energy_water,ons_open_data,daily,2019-11-22,69783.0621,mwmed
electricity_load,"Electricity load (SIN)",energy_water,ons_open_data,daily,2019-11-23,64097.2167,mwmed
electricity_load,"Electricity load (SIN)",energy_water,ons_open_data,daily,2019-11-24,55653.0758,mwmed
electricity_load,"Electricity load (SIN)",energy_water,ons_open_data,daily,2019-11-25,65337.7992,mwmed
electricity_load,"Electricity load (SIN)",energy_water,ons_open_data,daily,2019-11-26,67848.3304,mwmed
electricity_load,"Electricity load (SIN)",energy_water,ons_open_data,daily,2019-11-27,68515.1633,mwmed
electricity_load,"Electricity load (SIN)",energy_water,ons_open_data,daily,2019-11-28,67686.0525,mwmed
electricity_load,"Electricity load (SIN)",energy_water,ons_open_data,daily,2019-11-29,66912.9313,mwmed
electricity_load,"Electricity load (SIN)",energy_water,ons_open_data,daily,2019-11-30,62960.8233,mwmed
electricity_load,"Electricity load (SIN)",energy_water,ons_open_data,daily,2019-12-01,57774.6508,mwmed
electricity_load,"Electricity load (SIN)",energy_water,ons_open_data,daily,2019-12-02,66787.0558,mwmed
electricity_load,"Electricity load (SIN)",energy_water,ons_open_data,daily,2019-12-03,67297.8992,mwmed
electricity_load,"Electricity load (SIN)",energy_water,ons_open_data,daily,2019-12-04,68546.1729,mwmed
electricity_load,"Electricity load (SIN)",energy_water,ons_open_data,daily,2019-12-05,69581.2483,mwmed
electricity_load,"Electricity load (SIN)",energy_water,ons_open_data,daily,2019-12-06,68452.0771,mwmed
electricity_load,"Electricity load (SIN)",energy_water,ons_open_data,daily,2019-12-07,62747.6229,mwmed
electricity_load,"Electricity load (SIN)",energy_water,ons_open_data,daily,2019-12-08,57007.9213,mwmed
electricity_load,"Electricity load (SIN)",energy_water,ons_open_data,daily,2019-12-09,67814.5892,mwmed
electricity_load,"Electricity load (SIN)",energy_water,ons_open_data,daily,2019-12-10,69349.3125,mwmed
electricity_load,"Electricity load (SIN)",energy_water,ons_open_data,daily,2019-12-11,69793.3554,mwmed
electricity_load,"Electricity load (SIN)",energy_water,ons_open_data,daily,2019-12-12,70210.7213,mwmed
electricity_load,"Electricity load (SIN)",energy_water,ons_open_data,daily,2019-12-13,69830.6450,mwmed
electricity_load,"Electricity load (SIN)",energy_water,ons_open_data,daily,2019-12-14,64052.1875,mwmed
electricity_load,"Electricity load (SIN)",energy_water,ons_open_data,daily,2019-12-15,59203.1658,mwmed
electricity_load,"Electricity load (SIN)",energy_water,ons_open_data,daily,2019-12-16,69915.2258,mwmed
electricity_load,"Electricity load (SIN)",energy_water,ons_open_data,daily,2019-12-17,70908.6875,mwmed
electricity_load,"Electricity load (SIN)",energy_water,ons_open_data,daily,2019-12-18,69416.9575,mwmed
electricity_load,"Electricity load (SIN)",energy_water,ons_open_data,daily,2019-12-19,68452.5796,mwmed
electricity_load,"Electricity load (SIN)",energy_water,ons_open_data,daily,2019-12-20,68283.3013,mwmed
electricity_load,"Electricity load (SIN)",energy_water,ons_open_data,daily,2019-12-21,63961.8921,mwmed
electricity_load,"Electricity load (SIN)",energy_water,ons_open_data,daily,2019-12-22,59186.0837,mwmed
electricity_load,"Electricity load (SIN)",energy_water,ons_open_data,daily,2019-12-23,63353.2013,mwmed
electricity_load,"Electricity load (SIN)",energy_water,ons_open_data,daily,2019-12-24,59759.4892,mwmed
electricity_load,"Electricity load (SIN)",energy_water,ons_open_data,daily,2019-12-25,54235.2367,mwmed
electricity_load,"Electricity load (SIN)",energy_water,ons_open_data,daily,2019-12-26,65053.3892,mwmed
electricity_load,"Electricity load (SIN)",energy_water,ons_open_data,daily,2019-12-27,67367.9721,mwmed
electricity_load,"Electricity load (SIN)",energy_water,ons_open_data,daily,2019-12-28,64962.7712,mwmed
electricity_load,"Electricity load (SIN)",energy_water,ons_open_data,daily,2019-12-29,61107.2092,mwmed
electricity_load,"Electricity load (SIN)",energy_water,ons_open_data,daily,2019-12-30,65512.5117,mwmed
electricity_load,"Electricity load (SIN)",energy_water,ons_open_data,daily,2019-12-31,62005.2275,mwmed
electricity_load,"Electricity load (SIN)",energy_water,ons_open_data,daily,2020-01-01,57135.1042,mwmed
electricity_load,"Electricity load (SIN)",energy_water,ons_open_data,daily,2020-01-02,65163.6946,mwmed
electricity_load,"Electricity load (SIN)",energy_water,ons_open_data,daily,2020-01-03,65150.4033,mwmed
electricity_load,"Electricity load (SIN)",energy_water,ons_open_data,daily,2020-01-04,61463.3025,mwmed
electricity_load,"Electricity load (SIN)",energy_water,ons_open_data,daily,2020-01-05,57634.6775,mwmed
electricity_load,"Electricity load (SIN)",energy_water,ons_open_data,daily,2020-01-06,67890.7154,mwmed
electricity_load,"Electricity load (SIN)",energy_water,ons_open_data,daily,2020-01-07,71538.4275,mwmed
electricity_load,"Electricity load (SIN)",energy_water,ons_open_data,daily,2020-01-08,72049.8771,mwmed
electricity_load,"Electricity load (SIN)",energy_water,ons_open_data,daily,2020-01-09,73126.3383,mwmed
electricity_load,"Electricity load (SIN)",energy_water,ons_open_data,daily,2020-01-10,73830.1346,mwmed
electricity_load,"Electricity load (SIN)",energy_water,ons_open_data,daily,2020-01-11,67669.5292,mwmed
electricity_load,"Electricity load (SIN)",energy_water,ons_open_data,daily,2020-01-12,62012.9992,mwmed
electricity_load,"Electricity load (SIN)",energy_water,ons_open_data,daily,2020-01-13,71521.0083,mwmed
electricity_load,"Electricity load (SIN)",energy_water,ons_open_data,daily,2020-01-14,72703.3112,mwmed
electricity_load,"Electricity load (SIN)",energy_water,ons_open_data,daily,2020-01-15,74318.9917,mwmed
electricity_load,"Electricity load (SIN)",energy_water,ons_open_data,daily,2020-01-16,75696.6983,mwmed
electricity_load,"Electricity load (SIN)",energy_water,ons_open_data,daily,2020-01-17,71773.3808,mwmed
electricity_load,"Electricity load (SIN)",energy_water,ons_open_data,daily,2020-01-18,64159.3683,mwmed
electricity_load,"Electricity load (SIN)",energy_water,ons_open_data,daily,2020-01-19,59308.4246,mwmed
electricity_load,"Electricity load (SIN)",energy_water,ons_open_data,daily,2020-01-20,70278.3383,mwmed
electricity_load,"Electricity load (SIN)",energy_water,ons_open_data,daily,2020-01-21,71963.7408,mwmed
electricity_load,"Electricity load (SIN)",energy_water,ons_open_data,daily,2020-01-22,70556.6246,mwmed
electricity_load,"Electricity load (SIN)",energy_water,ons_open_data,daily,2020-01-23,69089.6983,mwmed
electricity_load,"Electricity load (SIN)",energy_water,ons_open_data,daily,2020-01-24,68387.6725,mwmed
electricity_load,"Electricity load (SIN)",energy_water,ons_open_data,daily,2020-01-25,63440.9679,mwmed
electricity_load,"Electricity load (SIN)",energy_water,ons_open_data,daily,2020-01-26,59289.5171,mwmed
electricity_load,"Electricity load (SIN)",energy_water,ons_open_data,daily,2020-01-27,71444.3021,mwmed
electricity_load,"Electricity load (SIN)",energy_water,ons_open_data,daily,2020-01-28,73471.8829,mwmed
electricity_load,"Electricity load (SIN)",energy_water,ons_open_data,daily,2020-01-29,74121.2637,mwmed
electricity_load,"Electricity load (SIN)",energy_water,ons_open_data,daily,2020-01-30,74309.5467,mwmed
electricity_load,"Electricity load (SIN)",energy_water,ons_open_data,daily,2020-01-31,74279.0625,mwmed
electricity_load,"Electricity load (SIN)",energy_water,ons_open_data,daily,2020-02-01,68172.5550,mwmed
electricity_load,"Electricity load (SIN)",energy_water,ons_open_data,daily,2020-02-02,61633.3054,mwmed
electricity_load,"Electricity load (SIN)",energy_water,ons_open_data,daily,2020-02-03,71781.1367,mwmed
electricity_load,"Electricity load (SIN)",energy_water,ons_open_data,daily,2020-02-04,72633.5475,mwmed
electricity_load,"Electricity load (SIN)",energy_water,ons_open_data,daily,2020-02-05,72744.9704,mwmed
electricity_load,"Electricity load (SIN)",energy_water,ons_open_data,daily,2020-02-06,72507.2354,mwmed
electricity_load,"Electricity load (SIN)",energy_water,ons_open_data,daily,2020-02-07,72257.4067,mwmed
electricity_load,"Electricity load (SIN)",energy_water,ons_open_data,daily,2020-02-08,66760.1087,mwmed
electricity_load,"Electricity load (SIN)",energy_water,ons_open_data,daily,2020-02-09,61032.6404,mwmed
electricity_load,"Electricity load (SIN)",energy_water,ons_open_data,daily,2020-02-10,70367.3329,mwmed
electricity_load,"Electricity load (SIN)",energy_water,ons_open_data,daily,2020-02-11,69756.3446,mwmed
electricity_load,"Electricity load (SIN)",energy_water,ons_open_data,daily,2020-02-12,69512.8671,mwmed
electricity_load,"Electricity load (SIN)",energy_water,ons_open_data,daily,2020-02-13,70268.9688,mwmed
electricity_load,"Electricity load (SIN)",energy_water,ons_open_data,daily,2020-02-14,71412.4108,mwmed
electricity_load,"Electricity load (SIN)",energy_water,ons_open_data,daily,2020-02-15,67571.5188,mwmed
electricity_load,"Electricity load (SIN)",energy_water,ons_open_data,daily,2020-02-16,62774.1404,mwmed
electricity_load,"Electricity load (SIN)",energy_water,ons_open_data,daily,2020-02-17,74732.1954,mwmed
electricity_load,"Electricity load (SIN)",energy_water,ons_open_data,daily,2020-02-18,76814.6779,mwmed
electricity_load,"Electricity load (SIN)",energy_water,ons_open_data,daily,2020-02-19,76171.9829,mwmed
electricity_load,"Electricity load (SIN)",energy_water,ons_open_data,daily,2020-02-20,75593.0171,mwmed
electricity_load,"Electricity load (SIN)",energy_water,ons_open_data,daily,2020-02-21,73022.0029,mwmed
electricity_load,"Electricity load (SIN)",energy_water,ons_open_data,daily,2020-02-22,63735.1221,mwmed
electricity_load,"Electricity load (SIN)",energy_water,ons_open_data,daily,2020-02-23,56487.8358,mwmed
electricity_load,"Electricity load (SIN)",energy_water,ons_open_data,daily,2020-02-24,62076.7250,mwmed
electricity_load,"Electricity load (SIN)",energy_water,ons_open_data,daily,2020-02-25,63500.3975,mwmed
electricity_load,"Electricity load (SIN)",energy_water,ons_open_data,daily,2020-02-26,68960.9417,mwmed
electricity_load,"Electricity load (SIN)",energy_water,ons_open_data,daily,2020-02-27,70054.1917,mwmed
electricity_load,"Electricity load (SIN)",energy_water,ons_open_data,daily,2020-02-28,69216.5267,mwmed
electricity_load,"Electricity load (SIN)",energy_water,ons_open_data,daily,2020-02-29,63551.4450,mwmed
electricity_load,"Electricity load (SIN)",energy_water,ons_open_data,daily,2020-03-01,57345.0162,mwmed
electricity_load,"Electricity load (SIN)",energy_water,ons_open_data,daily,2020-03-02,67144.9079,mwmed
electricity_load,"Electricity load (SIN)",energy_water,ons_open_data,daily,2020-03-03,68886.9667,mwmed
electricity_load,"Electricity load (SIN)",energy_water,ons_open_data,daily,2020-03-04,69914.9583,mwmed
electricity_load,"Electricity load (SIN)",energy_water,ons_open_data,daily,2020-03-05,70632.5963,mwmed
electricity_load,"Electricity load (SIN)",energy_water,ons_open_data,daily,2020-03-06,69945.1862,mwmed
electricity_load,"Electricity load (SIN)",energy_water,ons_open_data,daily,2020-03-07,63912.2162,mwmed
electricity_load,"Electricity load (SIN)",energy_water,ons_open_data,daily,2020-03-08,58454.5179,mwmed
electricity_load,"Electricity load (SIN)",energy_water,ons_open_data,daily,2020-03-09,70412.1642,mwmed
electricity_load,"Electricity load (SIN)",energy_water,ons_open_data,daily,2020-03-10,73206.7079,mwmed
electricity_load,"Electricity load (SIN)",energy_water,ons_open_data,daily,2020-03-11,73718.0783,mwmed
electricity_load,"Electricity load (SIN)",energy_water,ons_open_data,daily,2020-03-12,73994.9837,mwmed
electricity_load,"Electricity load (SIN)",energy_water,ons_open_data,daily,2020-03-13,74649.8971,mwmed
electricity_load,"Electricity load (SIN)",energy_water,ons_open_data,daily,2020-03-14,68097.8562,mwmed
electricity_load,"Electricity load (SIN)",energy_water,ons_open_data,daily,2020-03-15,62256.1737,mwmed
electricity_load,"Electricity load (SIN)",energy_water,ons_open_data,daily,2020-03-16,72797.0262,mwmed
electricity_load,"Electricity load (SIN)",energy_water,ons_open_data,daily,2020-03-17,73601.7725,mwmed
electricity_load,"Electricity load (SIN)",energy_water,ons_open_data,daily,2020-03-18,73496.0421,mwmed
electricity_load,"Electricity load (SIN)",energy_water,ons_open_data,daily,2020-03-19,72084.7121,mwmed
electricity_load,"Electricity load (SIN)",energy_water,ons_open_data,daily,2020-03-20,70002.2675,mwmed
electricity_load,"Electricity load (SIN)",energy_water,ons_open_data,daily,2020-03-21,62217.6996,mwmed
electricity_load,"Electricity load (SIN)",energy_water,ons_open_data,daily,2020-03-22,56673.3858,mwmed
electricity_load,"Electricity load (SIN)",energy_water,ons_open_data,daily,2020-03-23,62885.0279,mwmed
electricity_load,"Electricity load (SIN)",energy_water,ons_open_data,daily,2020-03-24,62120.7971,mwmed
electricity_load,"Electricity load (SIN)",energy_water,ons_open_data,daily,2020-03-25,61676.4221,mwmed
electricity_load,"Electricity load (SIN)",energy_water,ons_open_data,daily,2020-03-26,61582.4383,mwmed
electricity_load,"Electricity load (SIN)",energy_water,ons_open_data,daily,2020-03-27,61379.3971,mwmed
electricity_load,"Electricity load (SIN)",energy_water,ons_open_data,daily,2020-03-28,58935.3929,mwmed
electricity_load,"Electricity load (SIN)",energy_water,ons_open_data,daily,2020-03-29,55748.9292,mwmed
electricity_load,"Electricity load (SIN)",energy_water,ons_open_data,daily,2020-03-30,61869.4054,mwmed
electricity_load,"Electricity load (SIN)",energy_water,ons_open_data,daily,2020-03-31,62858.0713,mwmed
electricity_load,"Electricity load (SIN)",energy_water,ons_open_data,daily,2020-04-01,62597.9758,mwmed
electricity_load,"Electricity load (SIN)",energy_water,ons_open_data,daily,2020-04-02,62945.8550,mwmed
electricity_load,"Electricity load (SIN)",energy_water,ons_open_data,daily,2020-04-03,62041.4388,mwmed
electricity_load,"Electricity load (SIN)",energy_water,ons_open_data,daily,2020-04-04,57102.8042,mwmed
electricity_load,"Electricity load (SIN)",energy_water,ons_open_data,daily,2020-04-05,53966.8967,mwmed
electricity_load,"Electricity load (SIN)",energy_water,ons_open_data,daily,2020-04-06,61188.2046,mwmed
electricity_load,"Electricity load (SIN)",energy_water,ons_open_data,daily,2020-04-07,61028.2067,mwmed
electricity_load,"Electricity load (SIN)",energy_water,ons_open_data,daily,2020-04-08,59743.1296,mwmed
electricity_load,"Electricity load (SIN)",energy_water,ons_open_data,daily,2020-04-09,58222.2083,mwmed
electricity_load,"Electricity load (SIN)",energy_water,ons_open_data,daily,2020-04-10,51254.5088,mwmed
electricity_load,"Electricity load (SIN)",energy_water,ons_open_data,daily,2020-04-11,52495.2642,mwmed
electricity_load,"Electricity load (SIN)",energy_water,ons_open_data,daily,2020-04-12,50081.2842,mwmed
electricity_load,"Electricity load (SIN)",energy_water,ons_open_data,daily,2020-04-13,57705.1258,mwmed
electricity_load,"Electricity load (SIN)",energy_water,ons_open_data,daily,2020-04-14,58646.0571,mwmed
electricity_load,"Electricity load (SIN)",energy_water,ons_open_data,daily,2020-04-15,58840.5925,mwmed
electricity_load,"Electricity load (SIN)",energy_water,ons_open_data,daily,2020-04-16,57786.1913,mwmed
electricity_load,"Electricity load (SIN)",energy_water,ons_open_data,daily,2020-04-17,57618.3983,mwmed
electricity_load,"Electricity load (SIN)",energy_water,ons_open_data,daily,2020-04-18,53826.3863,mwmed
electricity_load,"Electricity load (SIN)",energy_water,ons_open_data,daily,2020-04-19,49803.7717,mwmed
electricity_load,"Electricity load (SIN)",energy_water,ons_open_data,daily,2020-04-20,55154.8975,mwmed
electricity_load,"Electricity load (SIN)",energy_water,ons_open_data,daily,2020-04-21,54254.1854,mwmed
electricity_load,"Electricity load (SIN)",energy_water,ons_open_data,daily,2020-04-22,58463.0621,mwmed
electricity_load,"Electricity load (SIN)",energy_water,ons_open_data,daily,2020-04-23,58838.5925,mwmed
electricity_load,"Electricity load (SIN)",energy_water,ons_open_data,daily,2020-04-24,58928.0750,mwmed
electricity_load,"Electricity load (SIN)",energy_water,ons_open_data,daily,2020-04-25,54832.8737,mwmed
electricity_load,"Electricity load (SIN)",energy_water,ons_open_data,daily,2020-04-26,51215.6821,mwmed
electricity_load,"Electricity load (SIN)",energy_water,ons_open_data,daily,2020-04-27,58072.9267,mwmed
electricity_load,"Electricity load (SIN)",energy_water,ons_open_data,daily,2020-04-28,59149.5354,mwmed
electricity_load,"Electricity load (SIN)",energy_water,ons_open_data,daily,2020-04-29,59825.8875,mwmed
electricity_load,"Electricity load (SIN)",energy_water,ons_open_data,daily,2020-04-30,59632.7946,mwmed
electricity_load,"Electricity load (SIN)",energy_water,ons_open_data,daily,2020-05-01,53701.6567,mwmed
electricity_load,"Electricity load (SIN)",energy_water,ons_open_data,daily,2020-05-02,53012.5200,mwmed
electricity_load,"Electricity load (SIN)",energy_water,ons_open_data,daily,2020-05-03,49777.9671,mwmed
electricity_load,"Electricity load (SIN)",energy_water,ons_open_data,daily,2020-05-04,57210.2121,mwmed
electricity_load,"Electricity load (SIN)",energy_water,ons_open_data,daily,2020-05-05,59162.1850,mwmed
electricity_load,"Electricity load (SIN)",energy_water,ons_open_data,daily,2020-05-06,59704.9504,mwmed
electricity_load,"Electricity load (SIN)",energy_water,ons_open_data,daily,2020-05-07,58431.1279,mwmed
electricity_load,"Electricity load (SIN)",energy_water,ons_open_data,daily,2020-05-08,57626.0721,mwmed
electricity_load,"Electricity load (SIN)",energy_water,ons_open_data,daily,2020-05-09,53423.4125,mwmed
electricity_load,"Electricity load (SIN)",energy_water,ons_open_data,daily,2020-05-10,48600.9404,mwmed
electricity_load,"Electricity load (SIN)",energy_water,ons_open_data,daily,2020-05-11,57010.8825,mwmed
electricity_load,"Electricity load (SIN)",energy_water,ons_open_data,daily,2020-05-12,59120.7817,mwmed
electricity_load,"Electricity load (SIN)",energy_water,ons_open_data,daily,2020-05-13,59808.5179,mwmed
electricity_load,"Electricity load (SIN)",energy_water,ons_open_data,daily,2020-05-14,59615.0254,mwmed
electricity_load,"Electricity load (SIN)",energy_water,ons_open_data,daily,2020-05-15,58702.3487,mwmed
electricity_load,"Electricity load (SIN)",energy_water,ons_open_data,daily,2020-05-16,53788.0787,mwmed
electricity_load,"Electricity load (SIN)",energy_water,ons_open_data,daily,2020-05-17,49414.7038,mwmed
electricity_load,"Electricity load (SIN)",energy_water,ons_open_data,daily,2020-05-18,57060.6162,mwmed
electricity_load,"Electricity load (SIN)",energy_water,ons_open_data,daily,2020-05-19,58583.1679,mwmed
electricity_load,"Electricity load (SIN)",energy_water,ons_open_data,daily,2020-05-20,59295.4104,mwmed
electricity_load,"Electricity load (SIN)",energy_water,ons_open_data,daily,2020-05-21,59638.2221,mwmed
electricity_load,"Electricity load (SIN)",energy_water,ons_open_data,daily,2020-05-22,59553.0912,mwmed
electricity_load,"Electricity load (SIN)",energy_water,ons_open_data,daily,2020-05-23,55750.4088,mwmed
electricity_load,"Electricity load (SIN)",energy_water,ons_open_data,daily,2020-05-24,50515.5829,mwmed
electricity_load,"Electricity load (SIN)",energy_water,ons_open_data,daily,2020-05-25,55289.6063,mwmed
electricity_load,"Electricity load (SIN)",energy_water,ons_open_data,daily,2020-05-26,57026.8729,mwmed
electricity_load,"Electricity load (SIN)",energy_water,ons_open_data,daily,2020-05-27,57445.4546,mwmed
electricity_load,"Electricity load (SIN)",energy_water,ons_open_data,daily,2020-05-28,57497.2317,mwmed
electricity_load,"Electricity load (SIN)",energy_water,ons_open_data,daily,2020-05-29,57026.8908,mwmed
electricity_load,"Electricity load (SIN)",energy_water,ons_open_data,daily,2020-05-30,52981.0933,mwmed
electricity_load,"Electricity load (SIN)",energy_water,ons_open_data,daily,2020-05-31,48841.6783,mwmed
electricity_load,"Electricity load (SIN)",energy_water,ons_open_data,daily,2020-06-01,56824.2513,mwmed
electricity_load,"Electricity load (SIN)",energy_water,ons_open_data,daily,2020-06-02,58985.9204,mwmed
electricity_load,"Electricity load (SIN)",energy_water,ons_open_data,daily,2020-06-03,59703.3662,mwmed
electricity_load,"Electricity load (SIN)",energy_water,ons_open_data,daily,2020-06-04,60364.5258,mwmed
electricity_load,"Electricity load (SIN)",energy_water,ons_open_data,daily,2020-06-05,59836.6367,mwmed
electricity_load,"Electricity load (SIN)",energy_water,ons_open_data,daily,2020-06-06,55264.5054,mwmed
electricity_load,"Electricity load (SIN)",energy_water,ons_open_data,daily,2020-06-07,50342.8200,mwmed
electricity_load,"Electricity load (SIN)",energy_water,ons_open_data,daily,2020-06-08,58871.5229,mwmed
electricity_load,"Electricity load (SIN)",energy_water,ons_open_data,daily,2020-06-09,60762.3688,mwmed
electricity_load,"Electricity load (SIN)",energy_water,ons_open_data,daily,2020-06-10,60965.7200,mwmed
electricity_load,"Electricity load (SIN)",energy_water,ons_open_data,daily,2020-06-11,56660.3304,mwmed
electricity_load,"Electricity load (SIN)",energy_water,ons_open_data,daily,2020-06-12,58077.1829,mwmed
electricity_load,"Electricity load (SIN)",energy_water,ons_open_data,daily,2020-06-13,54916.1529,mwmed
electricity_load,"Electricity load (SIN)",energy_water,ons_open_data,daily,2020-06-14,50117.3158,mwmed
electricity_load,"Electricity load (SIN)",energy_water,ons_open_data,daily,2020-06-15,57305.7362,mwmed
electricity_load,"Electricity load (SIN)",energy_water,ons_open_data,daily,2020-06-16,58552.5121,mwmed
electricity_load,"Electricity load (SIN)",energy_water,ons_open_data,daily,2020-06-17,58625.0046,mwmed
electricity_load,"Electricity load (SIN)",energy_water,ons_open_data,daily,2020-06-18,58564.9700,mwmed
electricity_load,"Electricity load (SIN)",energy_water,ons_open_data,daily,2020-06-19,59042.3788,mwmed
electricity_load,"Electricity load (SIN)",energy_water,ons_open_data,daily,2020-06-20,55612.0529,mwmed
electricity_load,"Electricity load (SIN)",energy_water,ons_open_data,daily,2020-06-21,50970.9204,mwmed
electricity_load,"Electricity load (SIN)",energy_water,ons_open_data,daily,2020-06-22,59408.2100,mwmed
electricity_load,"Electricity load (SIN)",energy_water,ons_open_data,daily,2020-06-23,60097.4954,mwmed
electricity_load,"Electricity load (SIN)",energy_water,ons_open_data,daily,2020-06-24,59953.1267,mwmed
electricity_load,"Electricity load (SIN)",energy_water,ons_open_data,daily,2020-06-25,60896.3129,mwmed
electricity_load,"Electricity load (SIN)",energy_water,ons_open_data,daily,2020-06-26,60708.4337,mwmed
electricity_load,"Electricity load (SIN)",energy_water,ons_open_data,daily,2020-06-27,56397.6775,mwmed
electricity_load,"Electricity load (SIN)",energy_water,ons_open_data,daily,2020-06-28,51030.0458,mwmed
electricity_load,"Electricity load (SIN)",energy_water,ons_open_data,daily,2020-06-29,58915.7742,mwmed
electricity_load,"Electricity load (SIN)",energy_water,ons_open_data,daily,2020-06-30,58945.1137,mwmed
electricity_load,"Electricity load (SIN)",energy_water,ons_open_data,daily,2020-07-01,58895.3567,mwmed
electricity_load,"Electricity load (SIN)",energy_water,ons_open_data,daily,2020-07-02,59605.2896,mwmed
electricity_load,"Electricity load (SIN)",energy_water,ons_open_data,daily,2020-07-03,59326.7625,mwmed
electricity_load,"Electricity load (SIN)",energy_water,ons_open_data,daily,2020-07-04,54918.8892,mwmed
electricity_load,"Electricity load (SIN)",energy_water,ons_open_data,daily,2020-07-05,50620.1104,mwmed
electricity_load,"Electricity load (SIN)",energy_water,ons_open_data,daily,2020-07-06,59327.3937,mwmed
electricity_load,"Electricity load (SIN)",energy_water,ons_open_data,daily,2020-07-07,61049.3796,mwmed
electricity_load,"Electricity load (SIN)",energy_water,ons_open_data,daily,2020-07-08,61235.4513,mwmed
electricity_load,"Electricity load (SIN)",energy_water,ons_open_data,daily,2020-07-09,60923.2504,mwmed
electricity_load,"Electricity load (SIN)",energy_water,ons_open_data,daily,2020-07-10,59931.9696,mwmed
electricity_load,"Electricity load (SIN)",energy_water,ons_open_data,daily,2020-07-11,55827.3312,mwmed
electricity_load,"Electricity load (SIN)",energy_water,ons_open_data,daily,2020-07-12,51469.6396,mwmed
electricity_load,"Electricity load (SIN)",energy_water,ons_open_data,daily,2020-07-13,60483.2642,mwmed
electricity_load,"Electricity load (SIN)",energy_water,ons_open_data,daily,2020-07-14,61811.4729,mwmed
electricity_load,"Electricity load (SIN)",energy_water,ons_open_data,daily,2020-07-15,61418.8117,mwmed
electricity_load,"Electricity load (SIN)",energy_water,ons_open_data,daily,2020-07-16,61124.3575,mwmed
electricity_load,"Electricity load (SIN)",energy_water,ons_open_data,daily,2020-07-17,60871.2008,mwmed
electricity_load,"Electricity load (SIN)",energy_water,ons_open_data,daily,2020-07-18,56422.2475,mwmed
electricity_load,"Electricity load (SIN)",energy_water,ons_open_data,daily,2020-07-19,50976.0033,mwmed
electricity_load,"Electricity load (SIN)",energy_water,ons_open_data,daily,2020-07-20,59392.2367,mwmed
electricity_load,"Electricity load (SIN)",energy_water,ons_open_data,daily,2020-07-21,61215.7904,mwmed
electricity_load,"Electricity load (SIN)",energy_water,ons_open_data,daily,2020-07-22,61532.0404,mwmed
electricity_load,"Electricity load (SIN)",energy_water,ons_open_data,daily,2020-07-23,61763.8896,mwmed
electricity_load,"Electricity load (SIN)",energy_water,ons_open_data,daily,2020-07-24,61752.1842,mwmed
electricity_load,"Electricity load (SIN)",energy_water,ons_open_data,daily,2020-07-25,57387.8933,mwmed
electricity_load,"Electricity load (SIN)",energy_water,ons_open_data,daily,2020-07-26,51717.7246,mwmed
electricity_load,"Electricity load (SIN)",energy_water,ons_open_data,daily,2020-07-27,60582.5242,mwmed
electricity_load,"Electricity load (SIN)",energy_water,ons_open_data,daily,2020-07-28,63007.9446,mwmed
electricity_load,"Electricity load (SIN)",energy_water,ons_open_data,daily,2020-07-29,62949.8429,mwmed
electricity_load,"Electricity load (SIN)",energy_water,ons_open_data,daily,2020-07-30,62100.2579,mwmed
electricity_load,"Electricity load (SIN)",energy_water,ons_open_data,daily,2020-07-31,61440.5546,mwmed
electricity_load,"Electricity load (SIN)",energy_water,ons_open_data,daily,2020-08-01,56518.4783,mwmed
electricity_load,"Electricity load (SIN)",energy_water,ons_open_data,daily,2020-08-02,51240.4304,mwmed
electricity_load,"Electricity load (SIN)",energy_water,ons_open_data,daily,2020-08-03,59829.1312,mwmed
electricity_load,"Electricity load (SIN)",energy_water,ons_open_data,daily,2020-08-04,61397.6183,mwmed
electricity_load,"Electricity load (SIN)",energy_water,ons_open_data,daily,2020-08-05,61648.5162,mwmed
electricity_load,"Electricity load (SIN)",energy_water,ons_open_data,daily,2020-08-06,61842.6562,mwmed
electricity_load,"Electricity load (SIN)",energy_water,ons_open_data,daily,2020-08-07,62154.8025,mwmed
electricity_load,"Electricity load (SIN)",energy_water,ons_open_data,daily,2020-08-08,57656.9396,mwmed
electricity_load,"Electricity load (SIN)",energy_water,ons_open_data,daily,2020-08-09,51979.1942,mwmed
electricity_load,"Electricity load (SIN)",energy_water,ons_open_data,daily,2020-08-10,61505.4042,mwmed
electricity_load,"Electricity load (SIN)",energy_water,ons_open_data,daily,2020-08-11,63745.4900,mwmed
electricity_load,"Electricity load (SIN)",energy_water,ons_open_data,daily,2020-08-12,64573.2712,mwmed
electricity_load,"Electricity load (SIN)",energy_water,ons_open_data,daily,2020-08-13,64641.8692,mwmed
electricity_load,"Electricity load (SIN)",energy_water,ons_open_data,daily,2020-08-14,64910.2787,mwmed
electricity_load,"Electricity load (SIN)",energy_water,ons_open_data,daily,2020-08-15,59645.6342,mwmed
electricity_load,"Electricity load (SIN)",energy_water,ons_open_data,daily,2020-08-16,54136.7696,mwmed
electricity_load,"Electricity load (SIN)",energy_water,ons_open_data,daily,2020-08-17,63071.4313,mwmed
electricity_load,"Electricity load (SIN)",energy_water,ons_open_data,daily,2020-08-18,64974.4154,mwmed
electricity_load,"Electricity load (SIN)",energy_water,ons_open_data,daily,2020-08-19,65565.1588,mwmed
electricity_load,"Electricity load (SIN)",energy_water,ons_open_data,daily,2020-08-20,65076.9088,mwmed
electricity_load,"Electricity load (SIN)",energy_water,ons_open_data,daily,2020-08-21,63136.6971,mwmed
electricity_load,"Electricity load (SIN)",energy_water,ons_open_data,daily,2020-08-22,57238.0946,mwmed
electricity_load,"Electricity load (SIN)",energy_water,ons_open_data,daily,2020-08-23,51311.1329,mwmed
electricity_load,"Electricity load (SIN)",energy_water,ons_open_data,daily,2020-08-24,60251.4404,mwmed
electricity_load,"Electricity load (SIN)",energy_water,ons_open_data,daily,2020-08-25,61945.4262,mwmed
electricity_load,"Electricity load (SIN)",energy_water,ons_open_data,daily,2020-08-26,62589.1167,mwmed
electricity_load,"Electricity load (SIN)",energy_water,ons_open_data,daily,2020-08-27,63585.0463,mwmed
electricity_load,"Electricity load (SIN)",energy_water,ons_open_data,daily,2020-08-28,64270.2042,mwmed
electricity_load,"Electricity load (SIN)",energy_water,ons_open_data,daily,2020-08-29,60208.3758,mwmed
electricity_load,"Electricity load (SIN)",energy_water,ons_open_data,daily,2020-08-30,55391.1196,mwmed
electricity_load,"Electricity load (SIN)",energy_water,ons_open_data,daily,2020-08-31,64723.5692,mwmed
electricity_load,"Electricity load (SIN)",energy_water,ons_open_data,daily,2020-09-01,65343.3254,mwmed
electricity_load,"Electricity load (SIN)",energy_water,ons_open_data,daily,2020-09-02,65581.8913,mwmed
electricity_load,"Electricity load (SIN)",energy_water,ons_open_data,daily,2020-09-03,66010.2117,mwmed
electricity_load,"Electricity load (SIN)",energy_water,ons_open_data,daily,2020-09-04,66515.1800,mwmed
electricity_load,"Electricity load (SIN)",energy_water,ons_open_data,daily,2020-09-05,61278.0542,mwmed
electricity_load,"Electricity load (SIN)",energy_water,ons_open_data,daily,2020-09-06,55440.2308,mwmed
electricity_load,"Electricity load (SIN)",energy_water,ons_open_data,daily,2020-09-07,58162.2121,mwmed
electricity_load,"Electricity load (SIN)",energy_water,ons_open_data,daily,2020-09-08,65925.0983,mwmed
electricity_load,"Electricity load (SIN)",energy_water,ons_open_data,daily,2020-09-09,67893.7650,mwmed
electricity_load,"Electricity load (SIN)",energy_water,ons_open_data,daily,2020-09-10,68953.5667,mwmed
electricity_load,"Electricity load (SIN)",energy_water,ons_open_data,daily,2020-09-11,69174.0679,mwmed
electricity_load,"Electricity load (SIN)",energy_water,ons_open_data,daily,2020-09-12,64521.2075,mwmed
electricity_load,"Electricity load (SIN)",energy_water,ons_open_data,daily,2020-09-13,58234.7900,mwmed
electricity_load,"Electricity load (SIN)",energy_water,ons_open_data,daily,2020-09-14,67854.4504,mwmed
electricity_load,"Electricity load (SIN)",energy_water,ons_open_data,daily,2020-09-15,67621.6613,mwmed
electricity_load,"Electricity load (SIN)",energy_water,ons_open_data,daily,2020-09-16,68148.6087,mwmed
electricity_load,"Electricity load (SIN)",energy_water,ons_open_data,daily,2020-09-17,68985.4475,mwmed
electricity_load,"Electricity load (SIN)",energy_water,ons_open_data,daily,2020-09-18,68927.5500,mwmed
electricity_load,"Electricity load (SIN)",energy_water,ons_open_data,daily,2020-09-19,64165.1467,mwmed
electricity_load,"Electricity load (SIN)",energy_water,ons_open_data,daily,2020-09-20,57226.2733,mwmed
electricity_load,"Electricity load (SIN)",energy_water,ons_open_data,daily,2020-09-21,65077.7479,mwmed
electricity_load,"Electricity load (SIN)",energy_water,ons_open_data,daily,2020-09-22,65367.0642,mwmed
electricity_load,"Electricity load (SIN)",energy_water,ons_open_data,daily,2020-09-23,65244.1288,mwmed
electricity_load,"Electricity load (SIN)",energy_water,ons_open_data,daily,2020-09-24,66238.4096,mwmed
electricity_load,"Electricity load (SIN)",energy_water,ons_open_data,daily,2020-09-25,67027.4575,mwmed
electricity_load,"Electricity load (SIN)",energy_water,ons_open_data,daily,2020-09-26,63228.3912,mwmed
electricity_load,"Electricity load (SIN)",energy_water,ons_open_data,daily,2020-09-27,59052.7946,mwmed
electricity_load,"Electricity load (SIN)",energy_water,ons_open_data,daily,2020-09-28,69323.8304,mwmed
electricity_load,"Electricity load (SIN)",energy_water,ons_open_data,daily,2020-09-29,70673.9146,mwmed
electricity_load,"Electricity load (SIN)",energy_water,ons_open_data,daily,2020-09-30,72520.8496,mwmed
electricity_load,"Electricity load (SIN)",energy_water,ons_open_data,daily,2020-10-01,73985.8121,mwmed
electricity_load,"Electricity load (SIN)",energy_water,ons_open_data,daily,2020-10-02,75081.9021,mwmed
electricity_load,"Electricity load (SIN)",energy_water,ons_open_data,daily,2020-10-03,68556.8729,mwmed
electricity_load,"Electricity load (SIN)",energy_water,ons_open_data,daily,2020-10-04,60410.6025,mwmed
electricity_load,"Electricity load (SIN)",energy_water,ons_open_data,daily,2020-10-05,70663.0967,mwmed
electricity_load,"Electricity load (SIN)",energy_water,ons_open_data,daily,2020-10-06,73653.9008,mwmed
electricity_load,"Electricity load (SIN)",energy_water,ons_open_data,daily,2020-10-07,74849.0246,mwmed
electricity_load,"Electricity load (SIN)",energy_water,ons_open_data,daily,2020-10-08,73679.0017,mwmed
electricity_load,"Electricity load (SIN)",energy_water,ons_open_data,daily,2020-10-09,71907.4008,mwmed
electricity_load,"Electricity load (SIN)",energy_water,ons_open_data,daily,2020-10-10,64394.4104,mwmed
electricity_load,"Electricity load (SIN)",energy_water,ons_open_data,daily,2020-10-11,56139.1737,mwmed
electricity_load,"Electricity load (SIN)",energy_water,ons_open_data,daily,2020-10-12,58018.3971,mwmed
electricity_load,"Electricity load (SIN)",energy_water,ons_open_data,daily,2020-10-13,68004.8550,mwmed
electricity_load,"Electricity load (SIN)",energy_water,ons_open_data,daily,2020-10-14,71358.2038,mwmed
electricity_load,"Electricity load (SIN)",energy_water,ons_open_data,daily,2020-10-15,69660.2400,mwmed
electricity_load,"Electricity load (SIN)",energy_water,ons_open_data,daily,2020-10-16,68556.5354,mwmed
electricity_load,"Electricity load (SIN)",energy_water,ons_open_data,daily,2020-10-17,63002.3025,mwmed
electricity_load,"Electricity load (SIN)",energy_water,ons_open_data,daily,2020-10-18,57245.7258,mwmed
electricity_load,"Electricity load (SIN)",energy_water,ons_open_data,daily,2020-10-19,66829.8517,mwmed
electricity_load,"Electricity load (SIN)",energy_water,ons_open_data,daily,2020-10-20,69779.5629,mwmed
electricity_load,"Electricity load (SIN)",energy_water,ons_open_data,daily,2020-10-21,70138.4000,mwmed
electricity_load,"Electricity load (SIN)",energy_water,ons_open_data,daily,2020-10-22,69682.7867,mwmed
electricity_load,"Electricity load (SIN)",energy_water,ons_open_data,daily,2020-10-23,69238.8296,mwmed
electricity_load,"Electricity load (SIN)",energy_water,ons_open_data,daily,2020-10-24,64357.8712,mwmed
electricity_load,"Electricity load (SIN)",energy_water,ons_open_data,daily,2020-10-25,57978.6237,mwmed
electricity_load,"Electricity load (SIN)",energy_water,ons_open_data,daily,2020-10-26,67008.1788,mwmed
electricity_load,"Electricity load (SIN)",energy_water,ons_open_data,daily,2020-10-27,68876.7700,mwmed
electricity_load,"Electricity load (SIN)",energy_water,ons_open_data,daily,2020-10-28,70637.5304,mwmed
electricity_load,"Electricity load (SIN)",energy_water,ons_open_data,daily,2020-10-29,71097.5283,mwmed
electricity_load,"Electricity load (SIN)",energy_water,ons_open_data,daily,2020-10-30,68075.0254,mwmed
electricity_load,"Electricity load (SIN)",energy_water,ons_open_data,daily,2020-10-31,60610.0579,mwmed
electricity_load,"Electricity load (SIN)",energy_water,ons_open_data,daily,2020-11-01,53598.8071,mwmed
electricity_load,"Electricity load (SIN)",energy_water,ons_open_data,daily,2020-11-02,54767.7083,mwmed
electricity_load,"Electricity load (SIN)",energy_water,ons_open_data,daily,2020-11-03,63770.6883,mwmed
electricity_load,"Electricity load (SIN)",energy_water,ons_open_data,daily,2020-11-04,64818.9625,mwmed
electricity_load,"Electricity load (SIN)",energy_water,ons_open_data,daily,2020-11-05,65764.2375,mwmed
electricity_load,"Electricity load (SIN)",energy_water,ons_open_data,daily,2020-11-06,66629.1025,mwmed
electricity_load,"Electricity load (SIN)",energy_water,ons_open_data,daily,2020-11-07,62846.4813,mwmed
electricity_load,"Electricity load (SIN)",energy_water,ons_open_data,daily,2020-11-08,57399.0996,mwmed
electricity_load,"Electricity load (SIN)",energy_water,ons_open_data,daily,2020-11-09,67625.6071,mwmed
electricity_load,"Electricity load (SIN)",energy_water,ons_open_data,daily,2020-11-10,69170.5971,mwmed
electricity_load,"Electricity load (SIN)",energy_water,ons_open_data,daily,2020-11-11,69927.9042,mwmed
electricity_load,"Electricity load (SIN)",energy_water,ons_open_data,daily,2020-11-12,69257.6554,mwmed
electricity_load,"Electricity load (SIN)",energy_water,ons_open_data,daily,2020-11-13,70284.4817,mwmed
electricity_load,"Electricity load (SIN)",energy_water,ons_open_data,daily,2020-11-14,65651.0496,mwmed
electricity_load,"Electricity load (SIN)",energy_water,ons_open_data,daily,2020-11-15,59636.4175,mwmed
electricity_load,"Electricity load (SIN)",energy_water,ons_open_data,daily,2020-11-16,70623.7996,mwmed
electricity_load,"Electricity load (SIN)",energy_water,ons_open_data,daily,2020-11-17,71142.9667,mwmed
electricity_load,"Electricity load (SIN)",energy_water,ons_open_data,daily,2020-11-18,69383.3717,mwmed
electricity_load,"Electricity load (SIN)",energy_water,ons_open_data,daily,2020-11-19,67894.0304,mwmed
electricity_load,"Electricity load (SIN)",energy_water,ons_open_data,daily,2020-11-20,65539.7446,mwmed
electricity_load,"Electricity load (SIN)",energy_water,ons_open_data,daily,2020-11-21,61939.4529,mwmed
electricity_load,"Electricity load (SIN)",energy_water,ons_open_data,daily,2020-11-22,57046.4513,mwmed
electricity_load,"Electricity load (SIN)",energy_water,ons_open_data,daily,2020-11-23,67577.7529,mwmed
electricity_load,"Electricity load (SIN)",energy_water,ons_open_data,daily,2020-11-24,70243.0075,mwmed
electricity_load,"Electricity load (SIN)",energy_water,ons_open_data,daily,2020-11-25,71895.5246,mwmed
electricity_load,"Electricity load (SIN)",energy_water,ons_open_data,daily,2020-11-26,72847.9458,mwmed
electricity_load,"Electricity load (SIN)",energy_water,ons_open_data,daily,2020-11-27,72954.0408,mwmed
electricity_load,"Electricity load (SIN)",energy_water,ons_open_data,daily,2020-11-28,68150.2108,mwmed
electricity_load,"Electricity load (SIN)",energy_water,ons_open_data,daily,2020-11-29,62159.3512,mwmed
electricity_load,"Electricity load (SIN)",energy_water,ons_open_data,daily,2020-11-30,72605.2708,mwmed
electricity_load,"Electricity load (SIN)",energy_water,ons_open_data,daily,2020-12-01,73490.1592,mwmed
electricity_load,"Electricity load (SIN)",energy_water,ons_open_data,daily,2020-12-02,73817.0083,mwmed
electricity_load,"Electricity load (SIN)",energy_water,ons_open_data,daily,2020-12-03,73661.2946,mwmed
electricity_load,"Electricity load (SIN)",energy_water,ons_open_data,daily,2020-12-04,74144.7842,mwmed
electricity_load,"Electricity load (SIN)",energy_water,ons_open_data,daily,2020-12-05,67704.5771,mwmed
electricity_load,"Electricity load (SIN)",energy_water,ons_open_data,daily,2020-12-06,59265.5888,mwmed
electricity_load,"Electricity load (SIN)",energy_water,ons_open_data,daily,2020-12-07,68046.4896,mwmed
electricity_load,"Electricity load (SIN)",energy_water,ons_open_data,daily,2020-12-08,69649.7262,mwmed
electricity_load,"Electricity load (SIN)",energy_water,ons_open_data,daily,2020-12-09,70934.5912,mwmed
electricity_load,"Electricity load (SIN)",energy_water,ons_open_data,daily,2020-12-10,70661.1788,mwmed
electricity_load,"Electricity load (SIN)",energy_water,ons_open_data,daily,2020-12-11,71404.6512,mwmed
electricity_load,"Electricity load (SIN)",energy_water,ons_open_data,daily,2020-12-12,66943.2133,mwmed
electricity_load,"Electricity load (SIN)",energy_water,ons_open_data,daily,2020-12-13,61000.4167,mwmed
electricity_load,"Electricity load (SIN)",energy_water,ons_open_data,daily,2020-12-14,70948.3583,mwmed
electricity_load,"Electricity load (SIN)",energy_water,ons_open_data,daily,2020-12-15,73291.5604,mwmed
electricity_load,"Electricity load (SIN)",energy_water,ons_open_data,daily,2020-12-16,74411.5838,mwmed
electricity_load,"Electricity load (SIN)",energy_water,ons_open_data,daily,2020-12-17,73869.5392,mwmed
electricity_load,"Electricity load (SIN)",energy_water,ons_open_data,daily,2020-12-18,74163.2388,mwmed
electricity_load,"Electricity load (SIN)",energy_water,ons_open_data,daily,2020-12-19,69471.2000,mwmed
electricity_load,"Electricity load (SIN)",energy_water,ons_open_data,daily,2020-12-20,63944.2471,mwmed
electricity_load,"Electricity load (SIN)",energy_water,ons_open_data,daily,2020-12-21,72093.0558,mwmed
electricity_load,"Electricity load (SIN)",energy_water,ons_open_data,daily,2020-12-22,70925.8271,mwmed
electricity_load,"Electricity load (SIN)",energy_water,ons_open_data,daily,2020-12-23,68569.0338,mwmed
electricity_load,"Electricity load (SIN)",energy_water,ons_open_data,daily,2020-12-24,62379.7338,mwmed
electricity_load,"Electricity load (SIN)",energy_water,ons_open_data,daily,2020-12-25,54110.1904,mwmed
electricity_load,"Electricity load (SIN)",energy_water,ons_open_data,daily,2020-12-26,58277.9329,mwmed
electricity_load,"Electricity load (SIN)",energy_water,ons_open_data,daily,2020-12-27,57547.9887,mwmed
electricity_load,"Electricity load (SIN)",energy_water,ons_open_data,daily,2020-12-28,65569.8358,mwmed
electricity_load,"Electricity load (SIN)",energy_water,ons_open_data,daily,2020-12-29,67784.2337,mwmed
electricity_load,"Electricity load (SIN)",energy_water,ons_open_data,daily,2020-12-30,68644.2800,mwmed
electricity_load,"Electricity load (SIN)",energy_water,ons_open_data,daily,2020-12-31,63599.0425,mwmed
electricity_load,"Electricity load (SIN)",energy_water,ons_open_data,daily,2021-01-01,56062.7083,mwmed
electricity_load,"Electricity load (SIN)",energy_water,ons_open_data,daily,2021-01-02,59219.9217,mwmed
electricity_load,"Electricity load (SIN)",energy_water,ons_open_data,daily,2021-01-03,57691.1475,mwmed
electricity_load,"Electricity load (SIN)",energy_water,ons_open_data,daily,2021-01-04,67460.9700,mwmed
electricity_load,"Electricity load (SIN)",energy_water,ons_open_data,daily,2021-01-05,71385.4283,mwmed
electricity_load,"Electricity load (SIN)",energy_water,ons_open_data,daily,2021-01-06,73736.4754,mwmed
electricity_load,"Electricity load (SIN)",energy_water,ons_open_data,daily,2021-01-07,74491.4662,mwmed
electricity_load,"Electricity load (SIN)",energy_water,ons_open_data,daily,2021-01-08,74285.4367,mwmed
electricity_load,"Electricity load (SIN)",energy_water,ons_open_data,daily,2021-01-09,69433.9417,mwmed
electricity_load,"Electricity load (SIN)",energy_water,ons_open_data,daily,2021-01-10,64015.3000,mwmed
electricity_load,"Electricity load (SIN)",energy_water,ons_open_data,daily,2021-01-11,74752.8642,mwmed
electricity_load,"Electricity load (SIN)",energy_water,ons_open_data,daily,2021-01-12,75485.9758,mwmed
electricity_load,"Electricity load (SIN)",energy_water,ons_open_data,daily,2021-01-13,74276.4775,mwmed
electricity_load,"Electricity load (SIN)",energy_water,ons_open_data,daily,2021-01-14,72637.6896,mwmed
electricity_load,"Electricity load (SIN)",energy_water,ons_open_data,daily,2021-01-15,72411.6275,mwmed
electricity_load,"Electricity load (SIN)",energy_water,ons_open_data,daily,2021-01-16,67100.6467,mwmed
electricity_load,"Electricity load (SIN)",energy_water,ons_open_data,daily,2021-01-17,62053.9500,mwmed
electricity_load,"Electricity load (SIN)",energy_water,ons_open_data,daily,2021-01-18,71878.0742,mwmed
electricity_load,"Electricity load (SIN)",energy_water,ons_open_data,daily,2021-01-19,72544.7596,mwmed
electricity_load,"Electricity load (SIN)",energy_water,ons_open_data,daily,2021-01-20,72170.1779,mwmed
electricity_load,"Electricity load (SIN)",energy_water,ons_open_data,daily,2021-01-21,72884.3733,mwmed
electricity_load,"Electricity load (SIN)",energy_water,ons_open_data,daily,2021-01-22,73077.2887,mwmed
electricity_load,"Electricity load (SIN)",energy_water,ons_open_data,daily,2021-01-23,67850.9275,mwmed
electricity_load,"Electricity load (SIN)",energy_water,ons_open_data,daily,2021-01-24,62625.9004,mwmed
electricity_load,"Electricity load (SIN)",energy_water,ons_open_data,daily,2021-01-25,72147.4029,mwmed
electricity_load,"Electricity load (SIN)",energy_water,ons_open_data,daily,2021-01-26,74498.9150,mwmed
electricity_load,"Electricity load (SIN)",energy_water,ons_open_data,daily,2021-01-27,75270.2208,mwmed
electricity_load,"Electricity load (SIN)",energy_water,ons_open_data,daily,2021-01-28,75178.0087,mwmed
electricity_load,"Electricity load (SIN)",energy_water,ons_open_data,daily,2021-01-29,75355.5863,mwmed
electricity_load,"Electricity load (SIN)",energy_water,ons_open_data,daily,2021-01-30,70213.2296,mwmed
electricity_load,"Electricity load (SIN)",energy_water,ons_open_data,daily,2021-01-31,64649.5533,mwmed
electricity_load,"Electricity load (SIN)",energy_water,ons_open_data,daily,2021-02-01,74814.3737,mwmed
electricity_load,"Electricity load (SIN)",energy_water,ons_open_data,daily,2021-02-02,76473.9058,mwmed
electricity_load,"Electricity load (SIN)",energy_water,ons_open_data,daily,2021-02-03,77239.5271,mwmed
electricity_load,"Electricity load (SIN)",energy_water,ons_open_data,daily,2021-02-04,77751.4592,mwmed
electricity_load,"Electricity load (SIN)",energy_water,ons_open_data,daily,2021-02-05,74846.7312,mwmed
electricity_load,"Electricity load (SIN)",energy_water,ons_open_data,daily,2021-02-06,66336.6208,mwmed
electricity_load,"Electricity load (SIN)",energy_water,ons_open_data,daily,2021-02-07,59747.8492,mwmed
electricity_load,"Electricity load (SIN)",energy_water,ons_open_data,daily,2021-02-08,69242.2479,mwmed
electricity_load,"Electricity load (SIN)",energy_water,ons_open_data,daily,2021-02-09,70842.7379,mwmed
electricity_load,"Electricity load (SIN)",energy_water,ons_open_data,daily,2021-02-10,71401.0508,mwmed
electricity_load,"Electricity load (SIN)",energy_water,ons_open_data,daily,2021-02-11,71758.4267,mwmed
electricity_load,"Electricity load (SIN)",energy_water,ons_open_data,daily,2021-02-12,70917.7971,mwmed
electricity_load,"Electricity load (SIN)",energy_water,ons_open_data,daily,2021-02-13,65501.9337,mwmed
electricity_load,"Electricity load (SIN)",energy_water,ons_open_data,daily,2021-02-14,59903.9775,mwmed
electricity_load,"Electricity load (SIN)",energy_water,ons_open_data,daily,2021-02-15,67889.0050,mwmed
electricity_load,"Electricity load (SIN)",energy_water,ons_open_data,daily,2021-02-16,69669.5979,mwmed
electricity_load,"Electricity load (SIN)",energy_water,ons_open_data,daily,2021-02-17,71958.8096,mwmed
electricity_load,"Electricity load (SIN)",energy_water,ons_open_data,daily,2021-02-18,72730.2746,mwmed
electricity_load,"Electricity load (SIN)",energy_water,ons_open_data,daily,2021-02-19,73346.0033,mwmed
electricity_load,"Electricity load (SIN)",energy_water,ons_open_data,daily,2021-02-20,68214.5538,mwmed
electricity_load,"Electricity load (SIN)",energy_water,ons_open_data,daily,2021-02-21,62673.4579,mwmed
electricity_load,"Electricity load (SIN)",energy_water,ons_open_data,daily,2021-02-22,73400.7217,mwmed
electricity_load,"Electricity load (SIN)",energy_water,ons_open_data,daily,2021-02-23,75466.7004,mwmed
electricity_load,"Electricity load (SIN)",energy_water,ons_open_data,daily,2021-02-24,75501.4800,mwmed
electricity_load,"Electricity load (SIN)",energy_water,ons_open_data,daily,2021-02-25,73979.0538,mwmed
electricity_load,"Electricity load (SIN)",energy_water,ons_open_data,daily,2021-02-26,72553.3192,mwmed
electricity_load,"Electricity load (SIN)",energy_water,ons_open_data,daily,2021-02-27,65876.9033,mwmed
electricity_load,"Electricity load (SIN)",energy_water,ons_open_data,daily,2021-02-28,60035.0379,mwmed
electricity_load,"Electricity load (SIN)",energy_water,ons_open_data,daily,2021-03-01,69698.5683,mwmed
electricity_load,"Electricity load (SIN)",energy_water,ons_open_data,daily,2021-03-02,72986.3558,mwmed
electricity_load,"Electricity load (SIN)",energy_water,ons_open_data,daily,2021-03-03,74407.5242,mwmed
electricity_load,"Electricity load (SIN)",energy_water,ons_open_data,daily,2021-03-04,74485.3158,mwmed
electricity_load,"Electricity load (SIN)",energy_water,ons_open_data,daily,2021-03-05,73573.4617,mwmed
electricity_load,"Electricity load (SIN)",energy_water,ons_open_data,daily,2021-03-06,67556.4654,mwmed
electricity_load,"Electricity load (SIN)",energy_water,ons_open_data,daily,2021-03-07,61886.5079,mwmed
electricity_load,"Electricity load (SIN)",energy_water,ons_open_data,daily,2021-03-08,71848.0996,mwmed
electricity_load,"Electricity load (SIN)",energy_water,ons_open_data,daily,2021-03-09,72887.6133,mwmed
electricity_load,"Electricity load (SIN)",energy_water,ons_open_data,daily,2021-03-10,72868.3117,mwmed
electricity_load,"Electricity load (SIN)",energy_water,ons_open_data,daily,2021-03-11,73993.2021,mwmed
electricity_load,"Electricity load (SIN)",energy_water,ons_open_data,daily,2021-03-12,74942.4983,mwmed
electricity_load,"Electricity load (SIN)",energy_water,ons_open_data,daily,2021-03-13,69439.3400,mwmed
electricity_load,"Electricity load (SIN)",energy_water,ons_open_data,daily,2021-03-14,64510.4758,mwmed
electricity_load,"Electricity load (SIN)",energy_water,ons_open_data,daily,2021-03-15,74399.2583,mwmed
electricity_load,"Electricity load (SIN)",energy_water,ons_open_data,daily,2021-03-16,76631.8562,mwmed
electricity_load,"Electricity load (SIN)",energy_water,ons_open_data,daily,2021-03-17,76030.2900,mwmed
electricity_load,"Electricity load (SIN)",energy_water,ons_open_data,daily,2021-03-18,74812.4000,mwmed
electricity_load,"Electricity load (SIN)",energy_water,ons_open_data,daily,2021-03-19,73857.6962,mwmed
electricity_load,"Electricity load (SIN)",energy_water,ons_open_data,daily,2021-03-20,68994.6687,mwmed
electricity_load,"Electricity load (SIN)",energy_water,ons_open_data,daily,2021-03-21,64331.6092,mwmed
electricity_load,"Electricity load (SIN)",energy_water,ons_open_data,daily,2021-03-22,74754.5433,mwmed
electricity_load,"Electricity load (SIN)",energy_water,ons_open_data,daily,2021-03-23,75947.7083,mwmed
electricity_load,"Electricity load (SIN)",energy_water,ons_open_data,daily,2021-03-24,76026.9579,mwmed
electricity_load,"Electricity load (SIN)",energy_water,ons_open_data,daily,2021-03-25,76005.1633,mwmed
electricity_load,"Electricity load (SIN)",energy_water,ons_open_data,daily,2021-03-26,75758.0075,mwmed
electricity_load,"Electricity load (SIN)",energy_water,ons_open_data,daily,2021-03-27,70536.3508,mwmed
electricity_load,"Electricity load (SIN)",energy_water,ons_open_data,daily,2021-03-28,64962.8737,mwmed
electricity_load,"Electricity load (SIN)",energy_water,ons_open_data,daily,2021-03-29,74344.6567,mwmed
electricity_load,"Electricity load (SIN)",energy_water,ons_open_data,daily,2021-03-30,74197.8392,mwmed
electricity_load,"Electricity load (SIN)",energy_water,ons_open_data,daily,2021-03-31,72259.5850,mwmed
electricity_load,"Electricity load (SIN)",energy_water,ons_open_data,daily,2021-04-01,69941.6883,mwmed
electricity_load,"Electricity load (SIN)",energy_water,ons_open_data,daily,2021-04-02,61798.5008,mwmed
electricity_load,"Electricity load (SIN)",energy_water,ons_open_data,daily,2021-04-03,62812.4362,mwmed
electricity_load,"Electricity load (SIN)",energy_water,ons_open_data,daily,2021-04-04,60051.4212,mwmed
electricity_load,"Electricity load (SIN)",energy_water,ons_open_data,daily,2021-04-05,70349.9329,mwmed
electricity_load,"Electricity load (SIN)",energy_water,ons_open_data,daily,2021-04-06,71868.5442,mwmed
electricity_load,"Electricity load (SIN)",energy_water,ons_open_data,daily,2021-04-07,71519.4083,mwmed
electricity_load,"Electricity load (SIN)",energy_water,ons_open_data,daily,2021-04-08,71250.0971,mwmed
electricity_load,"Electricity load (SIN)",energy_water,ons_open_data,daily,2021-04-09,72084.3142,mwmed
electricity_load,"Electricity load (SIN)",energy_water,ons_open_data,daily,2021-04-10,67391.9283,mwmed
electricity_load,"Electricity load (SIN)",energy_water,ons_open_data,daily,2021-04-11,61736.8275,mwmed
electricity_load,"Electricity load (SIN)",energy_water,ons_open_data,daily,2021-04-12,71399.6846,mwmed
electricity_load,"Electricity load (SIN)",energy_water,ons_open_data,daily,2021-04-13,72288.3617,mwmed
electricity_load,"Electricity load (SIN)",energy_water,ons_open_data,daily,2021-04-14,71469.6179,mwmed
electricity_load,"Electricity load (SIN)",energy_water,ons_open_data,daily,2021-04-15,71196.7650,mwmed
electricity_load,"Electricity load (SIN)",energy_water,ons_open_data,daily,2021-04-16,71249.9408,mwmed
electricity_load,"Electricity load (SIN)",energy_water,ons_open_data,daily,2021-04-17,66111.9762,mwmed
electricity_load,"Electricity load (SIN)",energy_water,ons_open_data,daily,2021-04-18,60081.0225,mwmed
electricity_load,"Electricity load (SIN)",energy_water,ons_open_data,daily,2021-04-19,68904.1796,mwmed
electricity_load,"Electricity load (SIN)",energy_water,ons_open_data,daily,2021-04-20,69407.1917,mwmed
electricity_load,"Electricity load (SIN)",energy_water,ons_open_data,daily,2021-04-21,65468.1562,mwmed
electricity_load,"Electricity load (SIN)",energy_water,ons_open_data,daily,2021-04-22,69051.5225,mwmed
electricity_load,"Electricity load (SIN)",energy_water,ons_open_data,daily,2021-04-23,68734.8542,mwmed
electricity_load,"Electricity load (SIN)",energy_water,ons_open_data,daily,2021-04-24,64448.0729,mwmed
electricity_load,"Electricity load (SIN)",energy_water,ons_open_data,daily,2021-04-25,59413.8546,mwmed
electricity_load,"Electricity load (SIN)",energy_water,ons_open_data,daily,2021-04-26,68967.0013,mwmed
electricity_load,"Electricity load (SIN)",energy_water,ons_open_data,daily,2021-04-27,70268.5483,mwmed
electricity_load,"Electricity load (SIN)",energy_water,ons_open_data,daily,2021-04-28,70014.2713,mwmed
electricity_load,"Electricity load (SIN)",energy_water,ons_open_data,daily,2021-04-29,69332.0171,mwmed
electricity_load,"Electricity load (SIN)",energy_water,ons_open_data,daily,2021-04-30,68118.0262,mwmed
electricity_load,"Electricity load (SIN)",energy_water,ons_open_data,daily,2021-05-01,59537.3412,mwmed
electricity_load,"Electricity load (SIN)",energy_water,ons_open_data,daily,2021-05-02,57342.0725,mwmed
electricity_load,"Electricity load (SIN)",energy_water,ons_open_data,daily,2021-05-03,67536.4400,mwmed
electricity_load,"Electricity load (SIN)",energy_water,ons_open_data,daily,2021-05-04,69676.5279,mwmed
electricity_load,"Electricity load (SIN)",energy_water,ons_open_data,daily,2021-05-05,70401.4258,mwmed
electricity_load,"Electricity load (SIN)",energy_water,ons_open_data,daily,2021-05-06,70426.7921,mwmed
electricity_load,"Electricity load (SIN)",energy_water,ons_open_data,daily,2021-05-07,69145.2542,mwmed
electricity_load,"Electricity load (SIN)",energy_water,ons_open_data,daily,2021-05-08,63488.8192,mwmed
electricity_load,"Electricity load (SIN)",energy_water,ons_open_data,daily,2021-05-09,56892.5842,mwmed
electricity_load,"Electricity load (SIN)",energy_water,ons_open_data,daily,2021-05-10,67190.0992,mwmed
electricity_load,"Electricity load (SIN)",energy_water,ons_open_data,daily,2021-05-11,69016.6175,mwmed
electricity_load,"Electricity load (SIN)",energy_water,ons_open_data,daily,2021-05-12,69367.7333,mwmed
electricity_load,"Electricity load (SIN)",energy_water,ons_open_data,daily,2021-05-13,68624.2542,mwmed
electricity_load,"Electricity load (SIN)",energy_water,ons_open_data,daily,2021-05-14,68393.9492,mwmed
electricity_load,"Electricity load (SIN)",energy_water,ons_open_data,daily,2021-05-15,63660.1787,mwmed
electricity_load,"Electricity load (SIN)",energy_water,ons_open_data,daily,2021-05-16,58211.6529,mwmed
electricity_load,"Electricity load (SIN)",energy_water,ons_open_data,daily,2021-05-17,67517.7942,mwmed
electricity_load,"Electricity load (SIN)",energy_water,ons_open_data,daily,2021-05-18,69023.2008,mwmed
electricity_load,"Electricity load (SIN)",energy_water,ons_open_data,daily,2021-05-19,68996.8150,mwmed
electricity_load,"Electricity load (SIN)",energy_water,ons_open_data,daily,2021-05-20,69557.3808,mwmed
electricity_load,"Electricity load (SIN)",energy_water,ons_open_data,daily,2021-05-21,70407.3262,mwmed
electricity_load,"Electricity load (SIN)",energy_water,ons_open_data,daily,2021-05-22,64833.4450,mwmed
electricity_load,"Electricity load (SIN)",energy_water,ons_open_data,daily,2021-05-23,59221.2817,mwmed
electricity_load,"Electricity load (SIN)",energy_water,ons_open_data,daily,2021-05-24,67470.0858,mwmed
electricity_load,"Electricity load (SIN)",energy_water,ons_open_data,daily,2021-05-25,68387.7429,mwmed
electricity_load,"Electricity load (SIN)",energy_water,ons_open_data,daily,2021-05-26,69224.1867,mwmed
electricity_load,"Electricity load (SIN)",energy_water,ons_open_data,daily,2021-05-27,69794.7096,mwmed
electricity_load,"Electricity load (SIN)",energy_water,ons_open_data,daily,2021-05-28,70337.0708,mwmed
electricity_load,"Electricity load (SIN)",energy_water,ons_open_data,daily,2021-05-29,65800.5079,mwmed
electricity_load,"Electricity load (SIN)",energy_water,ons_open_data,daily,2021-05-30,59563.5596,mwmed
electricity_load,"Electricity load (SIN)",energy_water,ons_open_data,daily,2021-05-31,67925.0271,mwmed
electricity_load,"Electricity load (SIN)",energy_water,ons_open_data,daily,2021-06-01,68524.1958,mwmed
electricity_load,"Electricity load (SIN)",energy_water,ons_open_data,daily,2021-06-02,69210.8421,mwmed
electricity_load,"Electricity load (SIN)",energy_water,ons_open_data,daily,2021-06-03,64735.2475,mwmed
electricity_load,"Electricity load (SIN)",energy_water,ons_open_data,daily,2021-06-04,66895.4658,mwmed
electricity_load,"Electricity load (SIN)",energy_water,ons_open_data,daily,2021-06-05,63078.3587,mwmed
electricity_load,"Electricity load (SIN)",energy_water,ons_open_data,daily,2021-06-06,58929.1663,mwmed
electricity_load,"Electricity load (SIN)",energy_water,ons_open_data,daily,2021-06-07,68049.0262,mwmed
electricity_load,"Electricity load (SIN)",energy_water,ons_open_data,daily,2021-06-08,69526.3675,mwmed
electricity_load,"Electricity load (SIN)",energy_water,ons_open_data,daily,2021-06-09,69644.1229,mwmed
electricity_load,"Electricity load (SIN)",energy_water,ons_open_data,daily,2021-06-10,69863.9233,mwmed
electricity_load,"Electricity load (SIN)",energy_water,ons_open_data,daily,2021-06-11,69539.3438,mwmed
electricity_load,"Electricity load (SIN)",energy_water,ons_open_data,daily,2021-06-12,63545.6542,mwmed
electricity_load,"Electricity load (SIN)",energy_water,ons_open_data,daily,2021-06-13,57268.0654,mwmed
electricity_load,"Electricity load (SIN)",energy_water,ons_open_data,daily,2021-06-14,66249.3617,mwmed
electricity_load,"Electricity load (SIN)",energy_water,ons_open_data,daily,2021-06-15,67640.0825,mwmed
electricity_load,"Electricity load (SIN)",energy_water,ons_open_data,daily,2021-06-16,67967.6958,mwmed
electricity_load,"Electricity load (SIN)",energy_water,ons_open_data,daily,2021-06-17,68217.6025,mwmed
electricity_load,"Electricity load (SIN)",energy_water,ons_open_data,daily,2021-06-18,68074.1854,mwmed
electricity_load,"Electricity load (SIN)",energy_water,ons_open_data,daily,2021-06-19,63231.1392,mwmed
electricity_load,"Electricity load (SIN)",energy_water,ons_open_data,daily,2021-06-20,57484.4867,mwmed
electricity_load,"Electricity load (SIN)",energy_water,ons_open_data,daily,2021-06-21,66406.0417,mwmed
electricity_load,"Electricity load (SIN)",energy_water,ons_open_data,daily,2021-06-22,68320.1979,mwmed
electricity_load,"Electricity load (SIN)",energy_water,ons_open_data,daily,2021-06-23,68117.3033,mwmed
electricity_load,"Electricity load (SIN)",energy_water,ons_open_data,daily,2021-06-24,67106.3071,mwmed
electricity_load,"Electricity load (SIN)",energy_water,ons_open_data,daily,2021-06-25,67447.1900,mwmed
electricity_load,"Electricity load (SIN)",energy_water,ons_open_data,daily,2021-06-26,63357.8042,mwmed
electricity_load,"Electricity load (SIN)",energy_water,ons_open_data,daily,2021-06-27,57980.4654,mwmed
electricity_load,"Electricity load (SIN)",energy_water,ons_open_data,daily,2021-06-28,66004.2446,mwmed
electricity_load,"Electricity load (SIN)",energy_water,ons_open_data,daily,2021-06-29,66372.3042,mwmed
electricity_load,"Electricity load (SIN)",energy_water,ons_open_data,daily,2021-06-30,65636.3558,mwmed
electricity_load,"Electricity load (SIN)",energy_water,ons_open_data,daily,2021-07-01,65232.6633,mwmed
electricity_load,"Electricity load (SIN)",energy_water,ons_open_data,daily,2021-07-02,65427.6071,mwmed
electricity_load,"Electricity load (SIN)",energy_water,ons_open_data,daily,2021-07-03,60614.4271,mwmed
electricity_load,"Electricity load (SIN)",energy_water,ons_open_data,daily,2021-07-04,55809.9658,mwmed
electricity_load,"Electricity load (SIN)",energy_water,ons_open_data,daily,2021-07-05,64668.9375,mwmed
electricity_load,"Electricity load (SIN)",energy_water,ons_open_data,daily,2021-07-06,66544.0092,mwmed
electricity_load,"Electricity load (SIN)",energy_water,ons_open_data,daily,2021-07-07,66774.7525,mwmed
electricity_load,"Electricity load (SIN)",energy_water,ons_open_data,daily,2021-07-08,66978.1300,mwmed
electricity_load,"Electricity load (SIN)",energy_water,ons_open_data,daily,2021-07-09,65687.5638,mwmed
electricity_load,"Electricity load (SIN)",energy_water,ons_open_data,daily,2021-07-10,62219.2383,mwmed
electricity_load,"Electricity load (SIN)",energy_water,ons_open_data,daily,2021-07-11,57188.8654,mwmed
electricity_load,"Electricity load (SIN)",energy_water,ons_open_data,daily,2021-07-12,66169.8942,mwmed
electricity_load,"Electricity load (SIN)",energy_water,ons_open_data,daily,2021-07-13,68044.9042,mwmed
electricity_load,"Electricity load (SIN)",energy_water,ons_open_data,daily,2021-07-14,68513.0817,mwmed
electricity_load,"Electricity load (SIN)",energy_water,ons_open_data,daily,2021-07-15,69139.7275,mwmed
electricity_load,"Electricity load (SIN)",energy_water,ons_open_data,daily,2021-07-16,69074.9288,mwmed
electricity_load,"Electricity load (SIN)",energy_water,ons_open_data,daily,2021-07-17,64309.6200,mwmed
electricity_load,"Electricity load (SIN)",energy_water,ons_open_data,daily,2021-07-18,58467.3808,mwmed
electricity_load,"Electricity load (SIN)",energy_water,ons_open_data,daily,2021-07-19,66482.4308,mwmed
electricity_load,"Electricity load (SIN)",energy_water,ons_open_data,daily,2021-07-20,67175.1600,mwmed
electricity_load,"Electricity load (SIN)",energy_water,ons_open_data,daily,2021-07-21,67024.2221,mwmed
electricity_load,"Electricity load (SIN)",energy_water,ons_open_data,daily,2021-07-22,67613.0925,mwmed
electricity_load,"Electricity load (SIN)",energy_water,ons_open_data,daily,2021-07-23,67337.0721,mwmed
electricity_load,"Electricity load (SIN)",energy_water,ons_open_data,daily,2021-07-24,62559.8388,mwmed
electricity_load,"Electricity load (SIN)",energy_water,ons_open_data,daily,2021-07-25,57371.9517,mwmed
electricity_load,"Electricity load (SIN)",energy_water,ons_open_data,daily,2021-07-26,66696.7462,mwmed
electricity_load,"Electricity load (SIN)",energy_water,ons_open_data,daily,2021-07-27,68884.3308,mwmed
electricity_load,"Electricity load (SIN)",energy_water,ons_open_data,daily,2021-07-28,68840.2367,mwmed
electricity_load,"Electricity load (SIN)",energy_water,ons_open_data,daily,2021-07-29,67586.9288,mwmed
electricity_load,"Electricity load (SIN)",energy_water,ons_open_data,daily,2021-07-30,66953.1471,mwmed
electricity_load,"Electricity load (SIN)",energy_water,ons_open_data,daily,2021-07-31,62275.4737,mwmed
electricity_load,"Electricity load (SIN)",energy_water,ons_open_data,daily,2021-08-01,57080.7492,mwmed
electricity_load,"Electricity load (SIN)",energy_water,ons_open_data,daily,2021-08-02,65320.9704,mwmed
electricity_load,"Electricity load (SIN)",energy_water,ons_open_data,daily,2021-08-03,67245.1504,mwmed
electricity_load,"Electricity load (SIN)",energy_water,ons_open_data,daily,2021-08-04,67784.5762,mwmed
electricity_load,"Electricity load (SIN)",energy_water,ons_open_data,daily,2021-08-05,67737.4283,mwmed
electricity_load,"Electricity load (SIN)",energy_water,ons_open_data,daily,2021-08-06,67806.7929,mwmed
electricity_load,"Electricity load (SIN)",energy_water,ons_open_data,daily,2021-08-07,63208.7158,mwmed
electricity_load,"Electricity load (SIN)",energy_water,ons_open_data,daily,2021-08-08,57143.7046,mwmed
electricity_load,"Electricity load (SIN)",energy_water,ons_open_data,daily,2021-08-09,66896.0067,mwmed
electricity_load,"Electricity load (SIN)",energy_water,ons_open_data,daily,2021-08-10,69322.5733,mwmed
electricity_load,"Electricity load (SIN)",energy_water,ons_open_data,daily,2021-08-11,69135.0171,mwmed
electricity_load,"Electricity load (SIN)",energy_water,ons_open_data,daily,2021-08-12,69177.0204,mwmed
electricity_load,"Electricity load (SIN)",energy_water,ons_open_data,daily,2021-08-13,68665.5967,mwmed
electricity_load,"Electricity load (SIN)",energy_water,ons_open_data,daily,2021-08-14,63637.3617,mwmed
electricity_load,"Electricity load (SIN)",energy_water,ons_open_data,daily,2021-08-15,58586.2396,mwmed
electricity_load,"Electricity load (SIN)",energy_water,ons_open_data,daily,2021-08-16,68073.5900,mwmed
electricity_load,"Electricity load (SIN)",energy_water,ons_open_data,daily,2021-08-17,69996.9971,mwmed
electricity_load,"Electricity load (SIN)",energy_water,ons_open_data,daily,2021-08-18,71270.8512,mwmed
electricity_load,"Electricity load (SIN)",energy_water,ons_open_data,daily,2021-08-19,71561.7171,mwmed
electricity_load,"Electricity load (SIN)",energy_water,ons_open_data,daily,2021-08-20,71578.0600,mwmed
electricity_load,"Electricity load (SIN)",energy_water,ons_open_data,daily,2021-08-21,66243.8550,mwmed
electricity_load,"Electricity load (SIN)",energy_water,ons_open_data,daily,2021-08-22,60903.4767,mwmed
electricity_load,"Electricity load (SIN)",energy_water,ons_open_data,daily,2021-08-23,70976.8004,mwmed
electricity_load,"Electricity load (SIN)",energy_water,ons_open_data,daily,2021-08-24,73370.6221,mwmed
electricity_load,"Electricity load (SIN)",energy_water,ons_open_data,daily,2021-08-25,73698.4008,mwmed
electricity_load,"Electricity load (SIN)",energy_water,ons_open_data,daily,2021-08-26,73775.7742,mwmed
electricity_load,"Electricity load (SIN)",energy_water,ons_open_data,daily,2021-08-27,71641.2400,mwmed
electricity_load,"Electricity load (SIN)",energy_water,ons_open_data,daily,2021-08-28,66184.9883,mwmed
electricity_load,"Electricity load (SIN)",energy_water,ons_open_data,daily,2021-08-29,60339.6483,mwmed
electricity_load,"Electricity load (SIN)",energy_water,ons_open_data,daily,2021-08-30,68773.5821,mwmed
electricity_load,"Electricity load (SIN)",energy_water,ons_open_data,daily,2021-08-31,69733.8042,mwmed
electricity_load,"Electricity load (SIN)",energy_water,ons_open_data,daily,2021-09-01,69679.6375,mwmed
electricity_load,"Electricity load (SIN)",energy_water,ons_open_data,daily,2021-09-02,70342.8633,mwmed
electricity_load,"Electricity load (SIN)",energy_water,ons_open_data,daily,2021-09-03,71418.0242,mwmed
electricity_load,"Electricity load (SIN)",energy_water,ons_open_data,daily,2021-09-04,65972.6592,mwmed
electricity_load,"Electricity load (SIN)",energy_water,ons_open_data,daily,2021-09-05,60031.0554,mwmed
electricity_load,"Electricity load (SIN)",energy_water,ons_open_data,daily,2021-09-06,66980.2833,mwmed
electricity_load,"Electricity load (SIN)",energy_water,ons_open_data,daily,2021-09-07,66160.7583,mwmed
electricity_load,"Electricity load (SIN)",energy_water,ons_open_data,daily,2021-09-08,73389.9367,mwmed
electricity_load,"Electricity load (SIN)",energy_water,ons_open_data,daily,2021-09-09,73089.4925,mwmed
electricity_load,"Electricity load (SIN)",energy_water,ons_open_data,daily,2021-09-10,72094.2167,mwmed
electricity_load,"Electricity load (SIN)",energy_water,ons_open_data,daily,2021-09-11,66896.8313,mwmed
electricity_load,"Electricity load (SIN)",energy_water,ons_open_data,daily,2021-09-12,61764.2071,mwmed
electricity_load,"Electricity load (SIN)",energy_water,ons_open_data,daily,2021-09-13,73670.4300,mwmed
electricity_load,"Electricity load (SIN)",energy_water,ons_open_data,daily,2021-09-14,75265.8246,mwmed
electricity_load,"Electricity load (SIN)",energy_water,ons_open_data,daily,2021-09-15,74103.7363,mwmed
electricity_load,"Electricity load (SIN)",energy_water,ons_open_data,daily,2021-09-16,72619.7450,mwmed
electricity_load,"Electricity load (SIN)",energy_water,ons_open_data,daily,2021-09-17,71829.3262,mwmed
electricity_load,"Electricity load (SIN)",energy_water,ons_open_data,daily,2021-09-18,66379.6150,mwmed
electricity_load,"Electricity load (SIN)",energy_water,ons_open_data,daily,2021-09-19,62183.6137,mwmed
electricity_load,"Electricity load (SIN)",energy_water,ons_open_data,daily,2021-09-20,73457.3679,mwmed
electricity_load,"Electricity load (SIN)",energy_water,ons_open_data,daily,2021-09-21,76007.1329,mwmed
electricity_load,"Electricity load (SIN)",energy_water,ons_open_data,daily,2021-09-22,72494.6488,mwmed
electricity_load,"Electricity load (SIN)",energy_water,ons_open_data,daily,2021-09-23,71322.6008,mwmed
electricity_load,"Electricity load (SIN)",energy_water,ons_open_data,daily,2021-09-24,71360.1604,mwmed
electricity_load,"Electricity load (SIN)",energy_water,ons_open_data,daily,2021-09-25,66719.8567,mwmed
electricity_load,"Electricity load (SIN)",energy_water,ons_open_data,daily,2021-09-26,61442.7808,mwmed
electricity_load,"Electricity load (SIN)",energy_water,ons_open_data,daily,2021-09-27,71645.9542,mwmed
electricity_load,"Electricity load (SIN)",energy_water,ons_open_data,daily,2021-09-28,74881.5792,mwmed
electricity_load,"Electricity load (SIN)",energy_water,ons_open_data,daily,2021-09-29,75385.5125,mwmed
electricity_load,"Electricity load (SIN)",energy_water,ons_open_data,daily,2021-09-30,74820.7333,mwmed
electricity_load,"Electricity load (SIN)",energy_water,ons_open_data,daily,2021-10-01,72309.1212,mwmed
electricity_load,"Electricity load (SIN)",energy_water,ons_open_data,daily,2021-10-02,66503.8071,mwmed
electricity_load,"Electricity load (SIN)",energy_water,ons_open_data,daily,2021-10-03,61148.2425,mwmed
electricity_load,"Electricity load (SIN)",energy_water,ons_open_data,daily,2021-10-04,70672.2587,mwmed
electricity_load,"Electricity load (SIN)",energy_water,ons_open_data,daily,2021-10-05,71266.5167,mwmed
electricity_load,"Electricity load (SIN)",energy_water,ons_open_data,daily,2021-10-06,72400.0979,mwmed
electricity_load,"Electricity load (SIN)",energy_water,ons_open_data,daily,2021-10-07,71774.6742,mwmed
electricity_load,"Electricity load (SIN)",energy_water,ons_open_data,daily,2021-10-08,70437.5575,mwmed
electricity_load,"Electricity load (SIN)",energy_water,ons_open_data,daily,2021-10-09,64759.8671,mwmed
electricity_load,"Electricity load (SIN)",energy_water,ons_open_data,daily,2021-10-10,58091.1567,mwmed
electricity_load,"Electricity load (SIN)",energy_water,ons_open_data,daily,2021-10-11,63970.2125,mwmed
electricity_load,"Electricity load (SIN)",energy_water,ons_open_data,daily,2021-10-12,60295.0763,mwmed
electricity_load,"Electricity load (SIN)",energy_water,ons_open_data,daily,2021-10-13,68650.9992,mwmed
electricity_load,"Electricity load (SIN)",energy_water,ons_open_data,daily,2021-10-14,70780.0638,mwmed
electricity_load,"Electricity load (SIN)",energy_water,ons_open_data,daily,2021-10-15,71886.6225,mwmed
electricity_load,"Electricity load (SIN)",energy_water,ons_open_data,daily,2021-10-16,65951.9071,mwmed
electricity_load,"Electricity load (SIN)",energy_water,ons_open_data,daily,2021-10-17,58395.6183,mwmed
electricity_load,"Electricity load (SIN)",energy_water,ons_open_data,daily,2021-10-18,66765.3812,mwmed
electricity_load,"Electricity load (SIN)",energy_water,ons_open_data,daily,2021-10-19,67767.6496,mwmed
electricity_load,"Electricity load (SIN)",energy_water,ons_open_data,daily,2021-10-20,67147.1354,mwmed
electricity_load,"Electricity load (SIN)",energy_water,ons_open_data,daily,2021-10-21,67032.0329,mwmed
electricity_load,"Electricity load (SIN)",energy_water,ons_open_data,daily,2021-10-22,68039.9787,mwmed
electricity_load,"Electricity load (SIN)",energy_water,ons_open_data,daily,2021-10-23,64762.5029,mwmed
electricity_load,"Electricity load (SIN)",energy_water,ons_open_data,daily,2021-10-24,59283.4575,mwmed
electricity_load,"Electricity load (SIN)",energy_water,ons_open_data,daily,2021-10-25,68030.3638,mwmed
electricity_load,"Electricity load (SIN)",energy_water,ons_open_data,daily,2021-10-26,70530.1933,mwmed
electricity_load,"Electricity load (SIN)",energy_water,ons_open_data,daily,2021-10-27,71544.2200,mwmed
electricity_load,"Electricity load (SIN)",energy_water,ons_open_data,daily,2021-10-28,71922.8592,mwmed
electricity_load,"Electricity load (SIN)",energy_water,ons_open_data,daily,2021-10-29,71570.4004,mwmed
electricity_load,"Electricity load (SIN)",energy_water,ons_open_data,daily,2021-10-30,65754.8004,mwmed
electricity_load,"Electricity load (SIN)",energy_water,ons_open_data,daily,2021-10-31,59533.5833,mwmed
electricity_load,"Electricity load (SIN)",energy_water,ons_open_data,daily,2021-11-01,66669.7283,mwmed
electricity_load,"Electricity load (SIN)",energy_water,ons_open_data,daily,2021-11-02,63398.0946,mwmed
electricity_load,"Electricity load (SIN)",energy_water,ons_open_data,daily,2021-11-03,71623.3854,mwmed
electricity_load,"Electricity load (SIN)",energy_water,ons_open_data,daily,2021-11-04,73214.8954,mwmed
electricity_load,"Electricity load (SIN)",energy_water,ons_open_data,daily,2021-11-05,73927.0342,mwmed
electricity_load,"Electricity load (SIN)",energy_water,ons_open_data,daily,2021-11-06,68321.5488,mwmed
electricity_load,"Electricity load (SIN)",energy_water,ons_open_data,daily,2021-11-07,62168.2225,mwmed
electricity_load,"Electricity load (SIN)",energy_water,ons_open_data,daily,2021-11-08,72166.7192,mwmed
electricity_load,"Electricity load (SIN)",energy_water,ons_open_data,daily,2021-11-09,73305.6163,mwmed
electricity_load,"Electricity load (SIN)",energy_water,ons_open_data,daily,2021-11-10,73105.9975,mwmed
electricity_load,"Electricity load (SIN)",energy_water,ons_open_data,daily,2021-11-11,72126.4725,mwmed
electricity_load,"Electricity load (SIN)",energy_water,ons_open_data,daily,2021-11-12,71124.6279,mwmed
electricity_load,"Electricity load (SIN)",energy_water,ons_open_data,daily,2021-11-13,64496.3254,mwmed
electricity_load,"Electricity load (SIN)",energy_water,ons_open_data,daily,2021-11-14,58892.7904,mwmed
electricity_load,"Electricity load (SIN)",energy_water,ons_open_data,daily,2021-11-15,62381.3971,mwmed
electricity_load,"Electricity load (SIN)",energy_water,ons_open_data,daily,2021-11-16,72165.2538,mwmed
electricity_load,"Electricity load (SIN)",energy_water,ons_open_data,daily,2021-11-17,74672.6317,mwmed
electricity_load,"Electricity load (SIN)",energy_water,ons_open_data,daily,2021-11-18,74375.5287,mwmed
electricity_load,"Electricity load (SIN)",energy_water,ons_open_data,daily,2021-11-19,73129.8904,mwmed
electricity_load,"Electricity load (SIN)",energy_water,ons_open_data,daily,2021-11-20,65419.9950,mwmed
electricity_load,"Electricity load (SIN)",energy_water,ons_open_data,daily,2021-11-21,59810.6388,mwmed
electricity_load,"Electricity load (SIN)",energy_water,ons_open_data,daily,2021-11-22,71605.8750,mwmed
electricity_load,"Electricity load (SIN)",energy_water,ons_open_data,daily,2021-11-23,74813.1687,mwmed
electricity_load,"Electricity load (SIN)",energy_water,ons_open_data,daily,2021-11-24,75880.1546,mwmed
electricity_load,"Electricity load (SIN)",energy_water,ons_open_data,daily,2021-11-25,77150.4125,mwmed
electricity_load,"Electricity load (SIN)",energy_water,ons_open_data,daily,2021-11-26,76103.7842,mwmed
electricity_load,"Electricity load (SIN)",energy_water,ons_open_data,daily,2021-11-27,69752.1308,mwmed
electricity_load,"Electricity load (SIN)",energy_water,ons_open_data,daily,2021-11-28,64208.9033,mwmed
electricity_load,"Electricity load (SIN)",energy_water,ons_open_data,daily,2021-11-29,75730.1371,mwmed
electricity_load,"Electricity load (SIN)",energy_water,ons_open_data,daily,2021-11-30,76630.5854,mwmed
electricity_load,"Electricity load (SIN)",energy_water,ons_open_data,daily,2021-12-01,75774.4725,mwmed
electricity_load,"Electricity load (SIN)",energy_water,ons_open_data,daily,2021-12-02,75481.4592,mwmed
electricity_load,"Electricity load (SIN)",energy_water,ons_open_data,daily,2021-12-03,74421.9192,mwmed
electricity_load,"Electricity load (SIN)",energy_water,ons_open_data,daily,2021-12-04,68511.6571,mwmed
electricity_load,"Electricity load (SIN)",energy_water,ons_open_data,daily,2021-12-05,63055.1883,mwmed
electricity_load,"Electricity load (SIN)",energy_water,ons_open_data,daily,2021-12-06,72952.7679,mwmed
electricity_load,"Electricity load (SIN)",energy_water,ons_open_data,daily,2021-12-07,72330.4275,mwmed
electricity_load,"Electricity load (SIN)",energy_water,ons_open_data,daily,2021-12-08,70984.8308,mwmed
electricity_load,"Electricity load (SIN)",energy_water,ons_open_data,daily,2021-12-09,72098.4829,mwmed
electricity_load,"Electricity load (SIN)",energy_water,ons_open_data,daily,2021-12-10,72954.9267,mwmed
electricity_load,"Electricity load (SIN)",energy_water,ons_open_data,daily,2021-12-11,68910.9321,mwmed
electricity_load,"Electricity load (SIN)",energy_water,ons_open_data,daily,2021-12-12,64770.2933,mwmed
electricity_load,"Electricity load (SIN)",energy_water,ons_open_data,daily,2021-12-13,75328.0142,mwmed
electricity_load,"Electricity load (SIN)",energy_water,ons_open_data,daily,2021-12-14,76035.2017,mwmed
electricity_load,"Electricity load (SIN)",energy_water,ons_open_data,daily,2021-12-15,75989.0663,mwmed
electricity_load,"Electricity load (SIN)",energy_water,ons_open_data,daily,2021-12-16,76281.2200,mwmed
electricity_load,"Electricity load (SIN)",energy_water,ons_open_data,daily,2021-12-17,75433.7567,mwmed
electricity_load,"Electricity load (SIN)",energy_water,ons_open_data,daily,2021-12-18,68515.7562,mwmed
electricity_load,"Electricity load (SIN)",energy_water,ons_open_data,daily,2021-12-19,62099.1908,mwmed
electricity_load,"Electricity load (SIN)",energy_water,ons_open_data,daily,2021-12-20,71332.8258,mwmed
electricity_load,"Electricity load (SIN)",energy_water,ons_open_data,daily,2021-12-21,73741.1246,mwmed
electricity_load,"Electricity load (SIN)",energy_water,ons_open_data,daily,2021-12-22,74500.9242,mwmed
electricity_load,"Electricity load (SIN)",energy_water,ons_open_data,daily,2021-12-23,71423.3646,mwmed
electricity_load,"Electricity load (SIN)",energy_water,ons_open_data,daily,2021-12-24,63607.3483,mwmed
electricity_load,"Electricity load (SIN)",energy_water,ons_open_data,daily,2021-12-25,56347.0392,mwmed
electricity_load,"Electricity load (SIN)",energy_water,ons_open_data,daily,2021-12-26,60106.8592,mwmed
electricity_load,"Electricity load (SIN)",energy_water,ons_open_data,daily,2021-12-27,69066.1463,mwmed
electricity_load,"Electricity load (SIN)",energy_water,ons_open_data,daily,2021-12-28,69954.7708,mwmed
electricity_load,"Electricity load (SIN)",energy_water,ons_open_data,daily,2021-12-29,69973.7329,mwmed
electricity_load,"Electricity load (SIN)",energy_water,ons_open_data,daily,2021-12-30,68351.3658,mwmed
electricity_load,"Electricity load (SIN)",energy_water,ons_open_data,daily,2021-12-31,62171.2712,mwmed
electricity_load,"Electricity load (SIN)",energy_water,ons_open_data,daily,2022-01-01,56490.1429,mwmed
electricity_load,"Electricity load (SIN)",energy_water,ons_open_data,daily,2022-01-02,60376.4129,mwmed
electricity_load,"Electricity load (SIN)",energy_water,ons_open_data,daily,2022-01-03,70892.9113,mwmed
electricity_load,"Electricity load (SIN)",energy_water,ons_open_data,daily,2022-01-04,73300.5696,mwmed
electricity_load,"Electricity load (SIN)",energy_water,ons_open_data,daily,2022-01-05,73469.1046,mwmed
electricity_load,"Electricity load (SIN)",energy_water,ons_open_data,daily,2022-01-06,73056.9825,mwmed
electricity_load,"Electricity load (SIN)",energy_water,ons_open_data,daily,2022-01-07,71344.5871,mwmed
electricity_load,"Electricity load (SIN)",energy_water,ons_open_data,daily,2022-01-08,65336.2854,mwmed
electricity_load,"Electricity load (SIN)",energy_water,ons_open_data,daily,2022-01-09,59775.9154,mwmed
electricity_load,"Electricity load (SIN)",energy_water,ons_open_data,daily,2022-01-10,69484.8471,mwmed
electricity_load,"Electricity load (SIN)",energy_water,ons_open_data,daily,2022-01-11,71830.1987,mwmed
electricity_load,"Electricity load (SIN)",energy_water,ons_open_data,daily,2022-01-12,73012.2254,mwmed
electricity_load,"Electricity load (SIN)",energy_water,ons_open_data,daily,2022-01-13,74026.7379,mwmed
electricity_load,"Electricity load (SIN)",energy_water,ons_open_data,daily,2022-01-14,74800.4892,mwmed
electricity_load,"Electricity load (SIN)",energy_water,ons_open_data,daily,2022-01-15,70179.9742,mwmed
electricity_load,"Electricity load (SIN)",energy_water,ons_open_data,daily,2022-01-16,64729.0417,mwmed
electricity_load,"Electricity load (SIN)",energy_water,ons_open_data,daily,2022-01-17,74726.2608,mwmed
electricity_load,"Electricity load (SIN)",energy_water,ons_open_data,daily,2022-01-18,77059.7075,mwmed
electricity_load,"Electricity load (SIN)",energy_water,ons_open_data,daily,2022-01-19,77782.7958,mwmed
electricity_load,"Electricity load (SIN)",energy_water,ons_open_data,daily,2022-01-20,78493.7283,mwmed
electricity_load,"Electricity load (SIN)",energy_water,ons_open_data,daily,2022-01-21,79338.4263,mwmed
electricity_load,"Electricity load (SIN)",energy_water,ons_open_data,daily,2022-01-22,73534.7392,mwmed
electricity_load,"Electricity load (SIN)",energy_water,ons_open_data,daily,2022-01-23,68627.5054,mwmed
electricity_load,"Electricity load (SIN)",energy_water,ons_open_data,daily,2022-01-24,79530.1562,mwmed
electricity_load,"Electricity load (SIN)",energy_water,ons_open_data,daily,2022-01-25,80438.1517,mwmed
electricity_load,"Electricity load (SIN)",energy_water,ons_open_data,daily,2022-01-26,79923.7183,mwmed
electricity_load,"Electricity load (SIN)",energy_water,ons_open_data,daily,2022-01-27,78460.4567,mwmed
electricity_load,"Electricity load (SIN)",energy_water,ons_open_data,daily,2022-01-28,75782.5954,mwmed
electricity_load,"Electricity load (SIN)",energy_water,ons_open_data,daily,2022-01-29,68042.9508,mwmed
electricity_load,"Electricity load (SIN)",energy_water,ons_open_data,daily,2022-01-30,61534.6750,mwmed
electricity_load,"Electricity load (SIN)",energy_water,ons_open_data,daily,2022-01-31,72316.5454,mwmed
electricity_load,"Electricity load (SIN)",energy_water,ons_open_data,daily,2022-02-01,74757.2333,mwmed
electricity_load,"Electricity load (SIN)",energy_water,ons_open_data,daily,2022-02-02,75765.6308,mwmed
electricity_load,"Electricity load (SIN)",energy_water,ons_open_data,daily,2022-02-03,76342.5050,mwmed
electricity_load,"Electricity load (SIN)",energy_water,ons_open_data,daily,2022-02-04,76629.0742,mwmed
electricity_load,"Electricity load (SIN)",energy_water,ons_open_data,daily,2022-02-05,71240.8508,mwmed
electricity_load,"Electricity load (SIN)",energy_water,ons_open_data,daily,2022-02-06,64653.0988,mwmed
electricity_load,"Electricity load (SIN)",energy_water,ons_open_data,daily,2022-02-07,73992.4333,mwmed
electricity_load,"Electricity load (SIN)",energy_water,ons_open_data,daily,2022-02-08,74291.6121,mwmed
electricity_load,"Electricity load (SIN)",energy_water,ons_open_data,daily,2022-02-09,74043.0887,mwmed
electricity_load,"Electricity load (SIN)",energy_water,ons_open_data,daily,2022-02-10,74507.8704,mwmed
electricity_load,"Electricity load (SIN)",energy_water,ons_open_data,daily,2022-02-11,75317.9292,mwmed
electricity_load,"Electricity load (SIN)",energy_water,ons_open_data,daily,2022-02-12,70154.7750,mwmed
electricity_load,"Electricity load (SIN)",energy_water,ons_open_data,daily,2022-02-13,64308.9733,mwmed
electricity_load,"Electricity load (SIN)",energy_water,ons_open_data,daily,2022-02-14,76020.3262,mwmed
electricity_load,"Electricity load (SIN)",energy_water,ons_open_data,daily,2022-02-15,77493.9146,mwmed
electricity_load,"Electricity load (SIN)",energy_water,ons_open_data,daily,2022-02-16,77497.8758,mwmed
electricity_load,"Electricity load (SIN)",energy_water,ons_open_data,daily,2022-02-17,76839.3733,mwmed
electricity_load,"Electricity load (SIN)",energy_water,ons_open_data,daily,2022-02-18,75422.6479,mwmed
electricity_load,"Electricity load (SIN)",energy_water,ons_open_data,daily,2022-02-19,68749.2688,mwmed
electricity_load,"Electricity load (SIN)",energy_water,ons_open_data,daily,2022-02-20,64090.0117,mwmed
electricity_load,"Electricity load (SIN)",energy_water,ons_open_data,daily,2022-02-21,75639.2775,mwmed
electricity_load,"Electricity load (SIN)",energy_water,ons_open_data,daily,2022-02-22,77983.6971,mwmed
electricity_load,"Electricity load (SIN)",energy_water,ons_open_data,daily,2022-02-23,78545.6658,mwmed
electricity_load,"Electricity load (SIN)",energy_water,ons_open_data,daily,2022-02-24,78727.5408,mwmed
electricity_load,"Electricity load (SIN)",energy_water,ons_open_data,daily,2022-02-25,79099.8921,mwmed
electricity_load,"Electricity load (SIN)",energy_water,ons_open_data,daily,2022-02-26,72386.3954,mwmed
electricity_load,"Electricity load (SIN)",energy_water,ons_open_data,daily,2022-02-27,66769.0762,mwmed
electricity_load,"Electricity load (SIN)",energy_water,ons_open_data,daily,2022-02-28,74093.5800,mwmed
electricity_load,"Electricity load (SIN)",energy_water,ons_open_data,daily,2022-03-01,73478.1600,mwmed
electricity_load,"Electricity load (SIN)",energy_water,ons_open_data,daily,2022-03-02,77930.2513,mwmed
electricity_load,"Electricity load (SIN)",energy_water,ons_open_data,daily,2022-03-03,79762.0075,mwmed
electricity_load,"Electricity load (SIN)",energy_water,ons_open_data,daily,2022-03-04,79172.9371,mwmed
electricity_load,"Electricity load (SIN)",energy_water,ons_open_data,daily,2022-03-05,72605.9179,mwmed
electricity_load,"Electricity load (SIN)",energy_water,ons_open_data,daily,2022-03-06,66810.1796,mwmed
electricity_load,"Electricity load (SIN)",energy_water,ons_open_data,daily,2022-03-07,78078.9496,mwmed
electricity_load,"Electricity load (SIN)",energy_water,ons_open_data,daily,2022-03-08,79948.6875,mwmed
electricity_load,"Electricity load (SIN)",energy_water,ons_open_data,daily,2022-03-09,80363.2629,mwmed
electricity_load,"Electricity load (SIN)",energy_water,ons_open_data,daily,2022-03-10,80427.1929,mwmed
electricity_load,"Electricity load (SIN)",energy_water,ons_open_data,daily,2022-03-11,79068.4413,mwmed
electricity_load,"Electricity load (SIN)",energy_water,ons_open_data,daily,2022-03-12,71576.0462,mwmed
electricity_load,"Electricity load (SIN)",energy_water,ons_open_data,daily,2022-03-13,65066.1063,mwmed
electricity_load,"Electricity load (SIN)",energy_water,ons_open_data,daily,2022-03-14,75388.4783,mwmed
electricity_load,"Electricity load (SIN)",energy_water,ons_open_data,daily,2022-03-15,76547.1113,mwmed
electricity_load,"Electricity load (SIN)",energy_water,ons_open_data,daily,2022-03-16,76644.5813,mwmed
electricity_load,"Electricity load (SIN)",energy_water,ons_open_data,daily,2022-03-17,77631.7442,mwmed
electricity_load,"Electricity load (SIN)",energy_water,ons_open_data,daily,2022-03-18,79161.7921,mwmed
electricity_load,"Electricity load (SIN)",energy_water,ons_open_data,daily,2022-03-19,71067.1387,mwmed
electricity_load,"Electricity load (SIN)",energy_water,ons_open_data,daily,2022-03-20,63015.7450,mwmed
electricity_load,"Electricity load (SIN)",energy_water,ons_open_data,daily,2022-03-21,71226.4717,mwmed
electricity_load,"Electricity load (SIN)",energy_water,ons_open_data,daily,2022-03-22,72210.2162,mwmed
electricity_load,"Electricity load (SIN)",energy_water,ons_open_data,daily,2022-03-23,74124.3367,mwmed
electricity_load,"Electricity load (SIN)",energy_water,ons_open_data,daily,2022-03-24,75200.8350,mwmed
electricity_load,"Electricity load (SIN)",energy_water,ons_open_data,daily,2022-03-25,74881.9833,mwmed
electricity_load,"Electricity load (SIN)",energy_water,ons_open_data,daily,2022-03-26,69123.4275,mwmed
electricity_load,"Electricity load (SIN)",energy_water,ons_open_data,daily,2022-03-27,63191.6588,mwmed
electricity_load,"Electricity load (SIN)",energy_water,ons_open_data,daily,2022-03-28,73494.8508,mwmed
electricity_load,"Electricity load (SIN)",energy_water,ons_open_data,daily,2022-03-29,74976.3258,mwmed
electricity_load,"Electricity load (SIN)",energy_water,ons_open_data,daily,2022-03-30,75987.5429,mwmed
electricity_load,"Electricity load (SIN)",energy_water,ons_open_data,daily,2022-03-31,74431.5604,mwmed
electricity_load,"Electricity load (SIN)",energy_water,ons_open_data,daily,2022-04-01,71835.6375,mwmed
electricity_load,"Electricity load (SIN)",energy_water,ons_open_data,daily,2022-04-02,65783.5412,mwmed
electricity_load,"Electricity load (SIN)",energy_water,ons_open_data,daily,2022-04-03,61057.1750,mwmed
electricity_load,"Electricity load (SIN)",energy_water,ons_open_data,daily,2022-04-04,72965.6387,mwmed
electricity_load,"Electricity load (SIN)",energy_water,ons_open_data,daily,2022-04-05,74262.8700,mwmed
electricity_load,"Electricity load (SIN)",energy_water,ons_open_data,daily,2022-04-06,74155.9367,mwmed
electricity_load,"Electricity load (SIN)",energy_water,ons_open_data,daily,2022-04-07,74051.0983,mwmed
electricity_load,"Electricity load (SIN)",energy_water,ons_open_data,daily,2022-04-08,74286.9283,mwmed
electricity_load,"Electricity load (SIN)",energy_water,ons_open_data,daily,2022-04-09,68738.6808,mwmed
electricity_load,"Electricity load (SIN)",energy_water,ons_open_data,daily,2022-04-10,63051.8858,mwmed
electricity_load,"Electricity load (SIN)",energy_water,ons_open_data,daily,2022-04-11,73616.2171,mwmed
electricity_load,"Electricity load (SIN)",energy_water,ons_open_data,daily,2022-04-12,74840.1983,mwmed
electricity_load,"Electricity load (SIN)",energy_water,ons_open_data,daily,2022-04-13,75165.4833,mwmed
electricity_load,"Electricity load (SIN)",energy_water,ons_open_data,daily,2022-04-14,72498.7562,mwmed
electricity_load,"Electricity load (SIN)",energy_water,ons_open_data,daily,2022-04-15,59704.5642,mwmed
electricity_load,"Electricity load (SIN)",energy_water,ons_open_data,daily,2022-04-16,59954.4933,mwmed
electricity_load,"Electricity load (SIN)",energy_water,ons_open_data,daily,2022-04-17,56496.8888,mwmed
electricity_load,"Electricity load (SIN)",energy_water,ons_open_data,daily,2022-04-18,67451.8783,mwmed
electricity_load,"Electricity load (SIN)",energy_water,ons_open_data,daily,2022-04-19,69552.1083,mwmed
electricity_load,"Electricity load (SIN)",energy_water,ons_open_data,daily,2022-04-20,70157.8671,mwmed
electricity_load,"Electricity load (SIN)",energy_water,ons_open_data,daily,2022-04-21,66683.8750,mwmed
electricity_load,"Electricity load (SIN)",energy_water,ons_open_data,daily,2022-04-22,69352.7521,mwmed
electricity_load,"Electricity load (SIN)",energy_water,ons_open_data,daily,2022-04-23,65450.9725,mwmed
electricity_load,"Electricity load (SIN)",energy_water,ons_open_data,daily,2022-04-24,60548.2508,mwmed
electricity_load,"Electricity load (SIN)",energy_water,ons_open_data,daily,2022-04-25,71522.1463,mwmed
electricity_load,"Electricity load (SIN)",energy_water,ons_open_data,daily,2022-04-26,73956.4987,mwmed
electricity_load,"Electricity load (SIN)",energy_water,ons_open_data,daily,2022-04-27,74775.3667,mwmed
electricity_load,"Electricity load (SIN)",energy_water,ons_open_data,daily,2022-04-28,75031.6537,mwmed
electricity_load,"Electricity load (SIN)",energy_water,ons_open_data,daily,2022-04-29,73582.2642,mwmed
electricity_load,"Electricity load (SIN)",energy_water,ons_open_data,daily,2022-04-30,66463.8429,mwmed
electricity_load,"Electricity load (SIN)",energy_water,ons_open_data,daily,2022-05-01,59372.0829,mwmed
electricity_load,"Electricity load (SIN)",energy_water,ons_open_data,daily,2022-05-02,70714.7962,mwmed
electricity_load,"Electricity load (SIN)",energy_water,ons_open_data,daily,2022-05-03,72878.5500,mwmed
electricity_load,"Electricity load (SIN)",energy_water,ons_open_data,daily,2022-05-04,71796.3463,mwmed
electricity_load,"Electricity load (SIN)",energy_water,ons_open_data,daily,2022-05-05,69887.6608,mwmed
electricity_load,"Electricity load (SIN)",energy_water,ons_open_data,daily,2022-05-06,68807.6142,mwmed
electricity_load,"Electricity load (SIN)",energy_water,ons_open_data,daily,2022-05-07,62903.5433,mwmed
electricity_load,"Electricity load (SIN)",energy_water,ons_open_data,daily,2022-05-08,56736.3392,mwmed
electricity_load,"Electricity load (SIN)",energy_water,ons_open_data,daily,2022-05-09,67301.7708,mwmed
electricity_load,"Electricity load (SIN)",energy_water,ons_open_data,daily,2022-05-10,69520.0458,mwmed
electricity_load,"Electricity load (SIN)",energy_water,ons_open_data,daily,2022-05-11,70289.2658,mwmed
electricity_load,"Electricity load (SIN)",energy_water,ons_open_data,daily,2022-05-12,69614.4787,mwmed
electricity_load,"Electricity load (SIN)",energy_water,ons_open_data,daily,2022-05-13,69279.4221,mwmed
electricity_load,"Electricity load (SIN)",energy_water,ons_open_data,daily,2022-05-14,64629.9008,mwmed
electricity_load,"Electricity load (SIN)",energy_water,ons_open_data,daily,2022-05-15,60436.8979,mwmed
electricity_load,"Electricity load (SIN)",energy_water,ons_open_data,daily,2022-05-16,69095.9196,mwmed
electricity_load,"Electricity load (SIN)",energy_water,ons_open_data,daily,2022-05-17,69133.2937,mwmed
electricity_load,"Electricity load (SIN)",energy_water,ons_open_data,daily,2022-05-18,67511.7312,mwmed
electricity_load,"Electricity load (SIN)",energy_water,ons_open_data,daily,2022-05-19,66388.4354,mwmed
electricity_load,"Electricity load (SIN)",energy_water,ons_open_data,daily,2022-05-20,66122.2121,mwmed
electricity_load,"Electricity load (SIN)",energy_water,ons_open_data,daily,2022-05-21,61375.9221,mwmed
electricity_load,"Electricity load (SIN)",energy_water,ons_open_data,daily,2022-05-22,56245.7738,mwmed
electricity_load,"Electricity load (SIN)",energy_water,ons_open_data,daily,2022-05-23,65503.5158,mwmed
electricity_load,"Electricity load (SIN)",energy_water,ons_open_data,daily,2022-05-24,67711.6025,mwmed
electricity_load,"Electricity load (SIN)",energy_water,ons_open_data,daily,2022-05-25,68101.3875,mwmed
electricity_load,"Electricity load (SIN)",energy_water,ons_open_data,daily,2022-05-26,68925.7208,mwmed
electricity_load,"Electricity load (SIN)",energy_water,ons_open_data,daily,2022-05-27,69380.2825,mwmed
electricity_load,"Electricity load (SIN)",energy_water,ons_open_data,daily,2022-05-28,64086.5742,mwmed
electricity_load,"Electricity load (SIN)",energy_water,ons_open_data,daily,2022-05-29,58421.7146,mwmed
electricity_load,"Electricity load (SIN)",energy_water,ons_open_data,daily,2022-05-30,68118.7629,mwmed
electricity_load,"Electricity load (SIN)",energy_water,ons_open_data,daily,2022-05-31,69910.8308,mwmed
electricity_load,"Electricity load (SIN)",energy_water,ons_open_data,daily,2022-06-01,69691.8267,mwmed
electricity_load,"Electricity load (SIN)",energy_water,ons_open_data,daily,2022-06-02,70485.3646,mwmed
electricity_load,"Electricity load (SIN)",energy_water,ons_open_data,daily,2022-06-03,69237.3817,mwmed
electricity_load,"Electricity load (SIN)",energy_water,ons_open_data,daily,2022-06-04,62780.0696,mwmed
electricity_load,"Electricity load (SIN)",energy_water,ons_open_data,daily,2022-06-05,56718.0633,mwmed
electricity_load,"Electricity load (SIN)",energy_water,ons_open_data,daily,2022-06-06,66038.6992,mwmed
electricity_load,"Electricity load (SIN)",energy_water,ons_open_data,daily,2022-06-07,68137.1054,mwmed
electricity_load,"Electricity load (SIN)",energy_water,ons_open_data,daily,2022-06-08,68938.2125,mwmed
electricity_load,"Electricity load (SIN)",energy_water,ons_open_data,daily,2022-06-09,69129.0087,mwmed
electricity_load,"Electricity load (SIN)",energy_water,ons_open_data,daily,2022-06-10,68750.3821,mwmed
electricity_load,"Electricity load (SIN)",energy_water,ons_open_data,daily,2022-06-11,63308.8983,mwmed
electricity_load,"Electricity load (SIN)",energy_water,ons_open_data,daily,2022-06-12,56793.0062,mwmed
electricity_load,"Electricity load (SIN)",energy_water,ons_open_data,daily,2022-06-13,65015.8087,mwmed
electricity_load,"Electricity load (SIN)",energy_water,ons_open_data,daily,2022-06-14,66461.0296,mwmed
electricity_load,"Electricity load (SIN)",energy_water,ons_open_data,daily,2022-06-15,66775.6133,mwmed
electricity_load,"Electricity load (SIN)",energy_water,ons_open_data,daily,2022-06-16,62084.1621,mwmed
electricity_load,"Electricity load (SIN)",energy_water,ons_open_data,daily,2022-06-17,65108.8583,mwmed
electricity_load,"Electricity load (SIN)",energy_water,ons_open_data,daily,2022-06-18,61917.0933,mwmed
electricity_load,"Electricity load (SIN)",energy_water,ons_open_data,daily,2022-06-19,57088.1000,mwmed
electricity_load,"Electricity load (SIN)",energy_water,ons_open_data,daily,2022-06-20,66244.6712,mwmed
electricity_load,"Electricity load (SIN)",energy_water,ons_open_data,daily,2022-06-21,68041.1946,mwmed
electricity_load,"Electricity load (SIN)",energy_water,ons_open_data,daily,2022-06-22,68005.7467,mwmed
electricity_load,"Electricity load (SIN)",energy_water,ons_open_data,daily,2022-06-23,67923.8604,mwmed
electricity_load,"Electricity load (SIN)",energy_water,ons_open_data,daily,2022-06-24,66915.7650,mwmed
electricity_load,"Electricity load (SIN)",energy_water,ons_open_data,daily,2022-06-25,62216.2917,mwmed
electricity_load,"Electricity load (SIN)",energy_water,ons_open_data,daily,2022-06-26,56530.0338,mwmed
electricity_load,"Electricity load (SIN)",energy_water,ons_open_data,daily,2022-06-27,64647.1750,mwmed
electricity_load,"Electricity load (SIN)",energy_water,ons_open_data,daily,2022-06-28,66060.7842,mwmed
electricity_load,"Electricity load (SIN)",energy_water,ons_open_data,daily,2022-06-29,66424.7592,mwmed
electricity_load,"Electricity load (SIN)",energy_water,ons_open_data,daily,2022-06-30,66857.7708,mwmed
electricity_load,"Electricity load (SIN)",energy_water,ons_open_data,daily,2022-07-01,67032.6658,mwmed
electricity_load,"Electricity load (SIN)",energy_water,ons_open_data,daily,2022-07-02,62340.0900,mwmed
electricity_load,"Electricity load (SIN)",energy_water,ons_open_data,daily,2022-07-03,56954.0646,mwmed
electricity_load,"Electricity load (SIN)",energy_water,ons_open_data,daily,2022-07-04,65790.0112,mwmed
electricity_load,"Electricity load (SIN)",energy_water,ons_open_data,daily,2022-07-05,67360.7771,mwmed
electricity_load,"Electricity load (SIN)",energy_water,ons_open_data,daily,2022-07-06,67858.3442,mwmed
electricity_load,"Electricity load (SIN)",energy_water,ons_open_data,daily,2022-07-07,68491.2188,mwmed
electricity_load,"Electricity load (SIN)",energy_water,ons_open_data,daily,2022-07-08,68460.3600,mwmed
electricity_load,"Electricity load (SIN)",energy_water,ons_open_data,daily,2022-07-09,62465.2362,mwmed
electricity_load,"Electricity load (SIN)",energy_water,ons_open_data,daily,2022-07-10,57631.3337,mwmed
electricity_load,"Electricity load (SIN)",energy_water,ons_open_data,daily,2022-07-11,66876.8821,mwmed
electricity_load,"Electricity load (SIN)",energy_water,ons_open_data,daily,2022-07-12,69428.5542,mwmed
electricity_load,"Electricity load (SIN)",energy_water,ons_open_data,daily,2022-07-13,69363.8463,mwmed
electricity_load,"Electricity load (SIN)",energy_water,ons_open_data,daily,2022-07-14,69631.5004,mwmed
electricity_load,"Electricity load (SIN)",energy_water,ons_open_data,daily,2022-07-15,69327.4025,mwmed
electricity_load,"Electricity load (SIN)",energy_water,ons_open_data,daily,2022-07-16,64308.8342,mwmed
electricity_load,"Electricity load (SIN)",energy_water,ons_open_data,daily,2022-07-17,58420.4783,mwmed
electricity_load,"Electricity load (SIN)",energy_water,ons_open_data,daily,2022-07-18,67557.0842,mwmed
electricity_load,"Electricity load (SIN)",energy_water,ons_open_data,daily,2022-07-19,69588.6079,mwmed
electricity_load,"Electricity load (SIN)",energy_water,ons_open_data,daily,2022-07-20,69104.2587,mwmed
electricity_load,"Electricity load (SIN)",energy_water,ons_open_data,daily,2022-07-21,68994.8712,mwmed
electricity_load,"Electricity load (SIN)",energy_water,ons_open_data,daily,2022-07-22,68792.3196,mwmed
electricity_load,"Electricity load (SIN)",energy_water,ons_open_data,daily,2022-07-23,63729.1367,mwmed
electricity_load,"Electricity load (SIN)",energy_water,ons_open_data,daily,2022-07-24,58009.7929,mwmed
electricity_load,"Electricity load (SIN)",energy_water,ons_open_data,daily,2022-07-25,67269.7521,mwmed
electricity_load,"Electricity load (SIN)",energy_water,ons_open_data,daily,2022-07-26,69241.8267,mwmed
electricity_load,"Electricity load (SIN)",energy_water,ons_open_data,daily,2022-07-27,69816.5479,mwmed
electricity_load,"Electricity load (SIN)",energy_water,ons_open_data,daily,2022-07-28,69927.2925,mwmed
electricity_load,"Electricity load (SIN)",energy_water,ons_open_data,daily,2022-07-29,69219.2904,mwmed
electricity_load,"Electricity load (SIN)",energy_water,ons_open_data,daily,2022-07-30,63004.9304,mwmed
electricity_load,"Electricity load (SIN)",energy_water,ons_open_data,daily,2022-07-31,57803.4671,mwmed
electricity_load,"Electricity load (SIN)",energy_water,ons_open_data,daily,2022-08-01,67648.3579,mwmed
electricity_load,"Electricity load (SIN)",energy_water,ons_open_data,daily,2022-08-02,70041.2167,mwmed
electricity_load,"Electricity load (SIN)",energy_water,ons_open_data,daily,2022-08-03,70638.6204,mwmed
electricity_load,"Electricity load (SIN)",energy_water,ons_open_data,daily,2022-08-04,70919.8629,mwmed
electricity_load,"Electricity load (SIN)",energy_water,ons_open_data,daily,2022-08-05,70514.8013,mwmed
electricity_load,"Electricity load (SIN)",energy_water,ons_open_data,daily,2022-08-06,64987.8783,mwmed
electricity_load,"Electricity load (SIN)",energy_water,ons_open_data,daily,2022-08-07,59305.4042,mwmed
electricity_load,"Electricity load (SIN)",energy_water,ons_open_data,daily,2022-08-08,67863.7725,mwmed
electricity_load,"Electricity load (SIN)",energy_water,ons_open_data,daily,2022-08-09,70925.4096,mwmed
electricity_load,"Electricity load (SIN)",energy_water,ons_open_data,daily,2022-08-10,69558.2962,mwmed
electricity_load,"Electricity load (SIN)",energy_water,ons_open_data,daily,2022-08-11,67536.2004,mwmed
electricity_load,"Electricity load (SIN)",energy_water,ons_open_data,daily,2022-08-12,66725.3162,mwmed
electricity_load,"Electricity load (SIN)",energy_water,ons_open_data,daily,2022-08-13,62216.1983,mwmed
electricity_load,"Electricity load (SIN)",energy_water,ons_open_data,daily,2022-08-14,56132.0050,mwmed
electricity_load,"Electricity load (SIN)",energy_water,ons_open_data,daily,2022-08-15,65807.3871,mwmed
electricity_load,"Electricity load (SIN)",energy_water,ons_open_data,daily,2022-08-16,69158.6413,mwmed
electricity_load,"Electricity load (SIN)",energy_water,ons_open_data,daily,2022-08-17,69668.1908,mwmed
electricity_load,"Electricity load (SIN)",energy_water,ons_open_data,daily,2022-08-18,70607.6771,mwmed
electricity_load,"Electricity load (SIN)",energy_water,ons_open_data,daily,2022-08-19,68111.0567,mwmed
electricity_load,"Electricity load (SIN)",energy_water,ons_open_data,daily,2022-08-20,61649.8888,mwmed
electricity_load,"Electricity load (SIN)",energy_water,ons_open_data,daily,2022-08-21,56062.0912,mwmed
electricity_load,"Electricity load (SIN)",energy_water,ons_open_data,daily,2022-08-22,65371.8192,mwmed
electricity_load,"Electricity load (SIN)",energy_water,ons_open_data,daily,2022-08-23,67215.4971,mwmed
electricity_load,"Electricity load (SIN)",energy_water,ons_open_data,daily,2022-08-24,68072.4308,mwmed
electricity_load,"Electricity load (SIN)",energy_water,ons_open_data,daily,2022-08-25,68477.1133,mwmed
electricity_load,"Electricity load (SIN)",energy_water,ons_open_data,daily,2022-08-26,69337.4696,mwmed
electricity_load,"Electricity load (SIN)",energy_water,ons_open_data,daily,2022-08-27,64482.9579,mwmed
electricity_load,"Electricity load (SIN)",energy_water,ons_open_data,daily,2022-08-28,59479.8688,mwmed
electricity_load,"Electricity load (SIN)",energy_water,ons_open_data,daily,2022-08-29,67286.7775,mwmed
electricity_load,"Electricity load (SIN)",energy_water,ons_open_data,daily,2022-08-30,67891.8771,mwmed
electricity_load,"Electricity load (SIN)",energy_water,ons_open_data,daily,2022-08-31,67599.6842,mwmed
electricity_load,"Electricity load (SIN)",energy_water,ons_open_data,daily,2022-09-01,67412.8708,mwmed
electricity_load,"Electricity load (SIN)",energy_water,ons_open_data,daily,2022-09-02,68659.7058,mwmed
electricity_load,"Electricity load (SIN)",energy_water,ons_open_data,daily,2022-09-03,63302.1779,mwmed
electricity_load,"Electricity load (SIN)",energy_water,ons_open_data,daily,2022-09-04,57544.6683,mwmed
electricity_load,"Electricity load (SIN)",energy_water,ons_open_data,daily,2022-09-05,66983.0971,mwmed
electricity_load,"Electricity load (SIN)",energy_water,ons_open_data,daily,2022-09-06,69266.4933,mwmed
electricity_load,"Electricity load (SIN)",energy_water,ons_open_data,daily,2022-09-07,63757.7971,mwmed
electricity_load,"Electricity load (SIN)",energy_water,ons_open_data,daily,2022-09-08,69062.7567,mwmed
electricity_load,"Electricity load (SIN)",energy_water,ons_open_data,daily,2022-09-09,69854.2108,mwmed
electricity_load,"Electricity load (SIN)",energy_water,ons_open_data,daily,2022-09-10,65611.3583,mwmed
electricity_load,"Electricity load (SIN)",energy_water,ons_open_data,daily,2022-09-11,59349.5025,mwmed
electricity_load,"Electricity load (SIN)",energy_water,ons_open_data,daily,2022-09-12,69357.1113,mwmed
electricity_load,"Electricity load (SIN)",energy_water,ons_open_data,daily,2022-09-13,71167.1367,mwmed
electricity_load,"Electricity load (SIN)",energy_water,ons_open_data,daily,2022-09-14,71982.3904,mwmed
electricity_load,"Electricity load (SIN)",energy_water,ons_open_data,daily,2022-09-15,70909.4088,mwmed
electricity_load,"Electricity load (SIN)",energy_water,ons_open_data,daily,2022-09-16,69411.9633,mwmed
electricity_load,"Electricity load (SIN)",energy_water,ons_open_data,daily,2022-09-17,62813.2867,mwmed
electricity_load,"Electricity load (SIN)",energy_water,ons_open_data,daily,2022-09-18,56838.2987,mwmed
electricity_load,"Electricity load (SIN)",energy_water,ons_open_data,daily,2022-09-19,67429.8525,mwmed
electricity_load,"Electricity load (SIN)",energy_water,ons_open_data,daily,2022-09-20,69798.9279,mwmed
electricity_load,"Electricity load (SIN)",energy_water,ons_open_data,daily,2022-09-21,71900.0096,mwmed
electricity_load,"Electricity load (SIN)",energy_water,ons_open_data,daily,2022-09-22,72419.7225,mwmed
electricity_load,"Electricity load (SIN)",energy_water,ons_open_data,daily,2022-09-23,69786.2879,mwmed
electricity_load,"Electricity load (SIN)",energy_water,ons_open_data,daily,2022-09-24,62922.7362,mwmed
electricity_load,"Electricity load (SIN)",energy_water,ons_open_data,daily,2022-09-25,57841.6413,mwmed
electricity_load,"Electricity load (SIN)",energy_water,ons_open_data,daily,2022-09-26,68372.8925,mwmed
electricity_load,"Electricity load (SIN)",energy_water,ons_open_data,daily,2022-09-27,71227.7946,mwmed
electricity_load,"Electricity load (SIN)",energy_water,ons_open_data,daily,2022-09-28,71612.4217,mwmed
electricity_load,"Electricity load (SIN)",energy_water,ons_open_data,daily,2022-09-29,70149.0396,mwmed
electricity_load,"Electricity load (SIN)",energy_water,ons_open_data,daily,2022-09-30,69231.2621,mwmed
electricity_load,"Electricity load (SIN)",energy_water,ons_open_data,daily,2022-10-01,63537.0042,mwmed
electricity_load,"Electricity load (SIN)",energy_water,ons_open_data,daily,2022-10-02,57668.5013,mwmed
electricity_load,"Electricity load (SIN)",energy_water,ons_open_data,daily,2022-10-03,67545.8383,mwmed
electricity_load,"Electricity load (SIN)",energy_water,ons_open_data,daily,2022-10-04,69527.1312,mwmed
electricity_load,"Electricity load (SIN)",energy_water,ons_open_data,daily,2022-10-05,69794.0538,mwmed
electricity_load,"Electricity load (SIN)",energy_water,ons_open_data,daily,2022-10-06,72232.0521,mwmed
electricity_load,"Electricity load (SIN)",energy_water,ons_open_data,daily,2022-10-07,71546.0563,mwmed
electricity_load,"Electricity load (SIN)",energy_water,ons_open_data,daily,2022-10-08,65002.6908,mwmed
electricity_load,"Electricity load (SIN)",energy_water,ons_open_data,daily,2022-10-09,59836.0404,mwmed
electricity_load,"Electricity load (SIN)",energy_water,ons_open_data,daily,2022-10-10,69383.5604,mwmed
electricity_load,"Electricity load (SIN)",energy_water,ons_open_data,daily,2022-10-11,71850.0067,mwmed
electricity_load,"Electricity load (SIN)",energy_water,ons_open_data,daily,2022-10-12,63868.1592,mwmed
electricity_load,"Electricity load (SIN)",energy_water,ons_open_data,daily,2022-10-13,70919.3608,mwmed
electricity_load,"Electricity load (SIN)",energy_water,ons_open_data,daily,2022-10-14,72010.9762,mwmed
electricity_load,"Electricity load (SIN)",energy_water,ons_open_data,daily,2022-10-15,65540.4137,mwmed
electricity_load,"Electricity load (SIN)",energy_water,ons_open_data,daily,2022-10-16,59757.9271,mwmed
electricity_load,"Electricity load (SIN)",energy_water,ons_open_data,daily,2022-10-17,70162.8104,mwmed
electricity_load,"Electricity load (SIN)",energy_water,ons_open_data,daily,2022-10-18,72894.4446,mwmed
electricity_load,"Electricity load (SIN)",energy_water,ons_open_data,daily,2022-10-19,73108.6175,mwmed
electricity_load,"Electricity load (SIN)",energy_water,ons_open_data,daily,2022-10-20,73919.8950,mwmed
electricity_load,"Electricity load (SIN)",energy_water,ons_open_data,daily,2022-10-21,73886.3392,mwmed
electricity_load,"Electricity load (SIN)",energy_water,ons_open_data,daily,2022-10-22,67024.1004,mwmed
electricity_load,"Electricity load (SIN)",energy_water,ons_open_data,daily,2022-10-23,60213.4179,mwmed
electricity_load,"Electricity load (SIN)",energy_water,ons_open_data,daily,2022-10-24,69849.9388,mwmed
electricity_load,"Electricity load (SIN)",energy_water,ons_open_data,daily,2022-10-25,70996.0233,mwmed
electricity_load,"Electricity load (SIN)",energy_water,ons_open_data,daily,2022-10-26,72140.7204,mwmed
electricity_load,"Electricity load (SIN)",energy_water,ons_open_data,daily,2022-10-27,74020.1729,mwmed
electricity_load,"Electricity load (SIN)",energy_water,ons_open_data,daily,2022-10-28,73900.1804,mwmed
electricity_load,"Electricity load (SIN)",energy_water,ons_open_data,daily,2022-10-29,69190.4783,mwmed
electricity_load,"Electricity load (SIN)",energy_water,ons_open_data,daily,2022-10-30,63803.6221,mwmed
electricity_load,"Electricity load (SIN)",energy_water,ons_open_data,daily,2022-10-31,73796.2479,mwmed
electricity_load,"Electricity load (SIN)",energy_water,ons_open_data,daily,2022-11-01,70622.8400,mwmed
electricity_load,"Electricity load (SIN)",energy_water,ons_open_data,daily,2022-11-02,60710.7854,mwmed
electricity_load,"Electricity load (SIN)",energy_water,ons_open_data,daily,2022-11-03,65522.4608,mwmed
electricity_load,"Electricity load (SIN)",energy_water,ons_open_data,daily,2022-11-04,66308.5900,mwmed
electricity_load,"Electricity load (SIN)",energy_water,ons_open_data,daily,2022-11-05,61442.8175,mwmed
electricity_load,"Electricity load (SIN)",energy_water,ons_open_data,daily,2022-11-06,56823.8204,mwmed
electricity_load,"Electricity load (SIN)",energy_water,ons_open_data,daily,2022-11-07,66651.5504,mwmed
electricity_load,"Electricity load (SIN)",energy_water,ons_open_data,daily,2022-11-08,68776.9583,mwmed
electricity_load,"Electricity load (SIN)",energy_water,ons_open_data,daily,2022-11-09,69937.2767,mwmed
electricity_load,"Electricity load (SIN)",energy_water,ons_open_data,daily,2022-11-10,71719.7688,mwmed
electricity_load,"Electricity load (SIN)",energy_water,ons_open_data,daily,2022-11-11,72727.2679,mwmed
electricity_load,"Electricity load (SIN)",energy_water,ons_open_data,daily,2022-11-12,66461.4458,mwmed
electricity_load,"Electricity load (SIN)",energy_water,ons_open_data,daily,2022-11-13,61207.7300,mwmed
electricity_load,"Electricity load (SIN)",energy_water,ons_open_data,daily,2022-11-14,69398.6554,mwmed
electricity_load,"Electricity load (SIN)",energy_water,ons_open_data,daily,2022-11-15,66092.3817,mwmed
electricity_load,"Electricity load (SIN)",energy_water,ons_open_data,daily,2022-11-16,71426.0604,mwmed
electricity_load,"Electricity load (SIN)",energy_water,ons_open_data,daily,2022-11-17,71859.7992,mwmed
electricity_load,"Electricity load (SIN)",energy_water,ons_open_data,daily,2022-11-18,72114.9633,mwmed
electricity_load,"Electricity load (SIN)",energy_water,ons_open_data,daily,2022-11-19,66392.9100,mwmed
electricity_load,"Electricity load (SIN)",energy_water,ons_open_data,daily,2022-11-20,61651.8579,mwmed
electricity_load,"Electricity load (SIN)",energy_water,ons_open_data,daily,2022-11-21,73707.6717,mwmed
electricity_load,"Electricity load (SIN)",energy_water,ons_open_data,daily,2022-11-22,74967.3638,mwmed
electricity_load,"Electricity load (SIN)",energy_water,ons_open_data,daily,2022-11-23,74862.8725,mwmed
electricity_load,"Electricity load (SIN)",energy_water,ons_open_data,daily,2022-11-24,71645.0379,mwmed
electricity_load,"Electricity load (SIN)",energy_water,ons_open_data,daily,2022-11-25,72061.6483,mwmed
electricity_load,"Electricity load (SIN)",energy_water,ons_open_data,daily,2022-11-26,66668.1896,mwmed
electricity_load,"Electricity load (SIN)",energy_water,ons_open_data,daily,2022-11-27,61558.4917,mwmed
electricity_load,"Electricity load (SIN)",energy_water,ons_open_data,daily,2022-11-28,69737.7383,mwmed
electricity_load,"Electricity load (SIN)",energy_water,ons_open_data,daily,2022-11-29,72983.2904,mwmed
electricity_load,"Electricity load (SIN)",energy_water,ons_open_data,daily,2022-11-30,72967.0892,mwmed
electricity_load,"Electricity load (SIN)",energy_water,ons_open_data,daily,2022-12-01,73493.8938,mwmed
electricity_load,"Electricity load (SIN)",energy_water,ons_open_data,daily,2022-12-02,72503.2992,mwmed
electricity_load,"Electricity load (SIN)",energy_water,ons_open_data,daily,2022-12-03,68410.6108,mwmed
electricity_load,"Electricity load (SIN)",energy_water,ons_open_data,daily,2022-12-04,62259.4933,mwmed
electricity_load,"Electricity load (SIN)",energy_water,ons_open_data,daily,2022-12-05,70557.9888,mwmed
electricity_load,"Electricity load (SIN)",energy_water,ons_open_data,daily,2022-12-06,73534.9046,mwmed
electricity_load,"Electricity load (SIN)",energy_water,ons_open_data,daily,2022-12-07,74783.6904,mwmed
electricity_load,"Electricity load (SIN)",energy_water,ons_open_data,daily,2022-12-08,74411.1562,mwmed
electricity_load,"Electricity load (SIN)",energy_water,ons_open_data,daily,2022-12-09,73939.5429,mwmed
electricity_load,"Electricity load (SIN)",energy_water,ons_open_data,daily,2022-12-10,70182.1913,mwmed
electricity_load,"Electricity load (SIN)",energy_water,ons_open_data,daily,2022-12-11,65634.6104,mwmed
electricity_load,"Electricity load (SIN)",energy_water,ons_open_data,daily,2022-12-12,77042.2792,mwmed
electricity_load,"Electricity load (SIN)",energy_water,ons_open_data,daily,2022-12-13,74688.8350,mwmed
electricity_load,"Electricity load (SIN)",energy_water,ons_open_data,daily,2022-12-14,72332.9658,mwmed
electricity_load,"Electricity load (SIN)",energy_water,ons_open_data,daily,2022-12-15,72932.6100,mwmed
electricity_load,"Electricity load (SIN)",energy_water,ons_open_data,daily,2022-12-16,72972.2342,mwmed
electricity_load,"Electricity load (SIN)",energy_water,ons_open_data,daily,2022-12-17,66215.1779,mwmed
electricity_load,"Electricity load (SIN)",energy_water,ons_open_data,daily,2022-12-18,60999.0946,mwmed
electricity_load,"Electricity load (SIN)",energy_water,ons_open_data,daily,2022-12-19,68875.0229,mwmed
electricity_load,"Electricity load (SIN)",energy_water,ons_open_data,daily,2022-12-20,68993.7117,mwmed
electricity_load,"Electricity load (SIN)",energy_water,ons_open_data,daily,2022-12-21,68076.6171,mwmed
electricity_load,"Electricity load (SIN)",energy_water,ons_open_data,daily,2022-12-22,67251.4929,mwmed
electricity_load,"Electricity load (SIN)",energy_water,ons_open_data,daily,2022-12-23,66117.6529,mwmed
electricity_load,"Electricity load (SIN)",energy_water,ons_open_data,daily,2022-12-24,60826.0650,mwmed
electricity_load,"Electricity load (SIN)",energy_water,ons_open_data,daily,2022-12-25,55381.9267,mwmed
electricity_load,"Electricity load (SIN)",energy_water,ons_open_data,daily,2022-12-26,64837.2712,mwmed
electricity_load,"Electricity load (SIN)",energy_water,ons_open_data,daily,2022-12-27,67468.4775,mwmed
electricity_load,"Electricity load (SIN)",energy_water,ons_open_data,daily,2022-12-28,67361.8417,mwmed
electricity_load,"Electricity load (SIN)",energy_water,ons_open_data,daily,2022-12-29,66510.9337,mwmed
electricity_load,"Electricity load (SIN)",energy_water,ons_open_data,daily,2022-12-30,65330.9600,mwmed
electricity_load,"Electricity load (SIN)",energy_water,ons_open_data,daily,2022-12-31,60862.6854,mwmed
electricity_load,"Electricity load (SIN)",energy_water,ons_open_data,daily,2023-01-01,56341.4946,mwmed
electricity_load,"Electricity load (SIN)",energy_water,ons_open_data,daily,2023-01-02,66878.8733,mwmed
electricity_load,"Electricity load (SIN)",energy_water,ons_open_data,daily,2023-01-03,70158.6321,mwmed
electricity_load,"Electricity load (SIN)",energy_water,ons_open_data,daily,2023-01-04,70184.7529,mwmed
electricity_load,"Electricity load (SIN)",energy_water,ons_open_data,daily,2023-01-05,68949.6079,mwmed
electricity_load,"Electricity load (SIN)",energy_water,ons_open_data,daily,2023-01-06,67827.4875,mwmed
electricity_load,"Electricity load (SIN)",energy_water,ons_open_data,daily,2023-01-07,62711.9029,mwmed
electricity_load,"Electricity load (SIN)",energy_water,ons_open_data,daily,2023-01-08,58852.6629,mwmed
electricity_load,"Electricity load (SIN)",energy_water,ons_open_data,daily,2023-01-09,68586.9404,mwmed
electricity_load,"Electricity load (SIN)",energy_water,ons_open_data,daily,2023-01-10,71054.0838,mwmed
electricity_load,"Electricity load (SIN)",energy_water,ons_open_data,daily,2023-01-11,72841.2175,mwmed
electricity_load,"Electricity load (SIN)",energy_water,ons_open_data,daily,2023-01-12,74635.5321,mwmed
electricity_load,"Electricity load (SIN)",energy_water,ons_open_data,daily,2023-01-13,75029.8946,mwmed
electricity_load,"Electricity load (SIN)",energy_water,ons_open_data,daily,2023-01-14,68762.6767,mwmed
electricity_load,"Electricity load (SIN)",energy_water,ons_open_data,daily,2023-01-15,63641.4767,mwmed
electricity_load,"Electricity load (SIN)",energy_water,ons_open_data,daily,2023-01-16,75133.0721,mwmed
electricity_load,"Electricity load (SIN)",energy_water,ons_open_data,daily,2023-01-17,76676.1750,mwmed
electricity_load,"Electricity load (SIN)",energy_water,ons_open_data,daily,2023-01-18,76089.0188,mwmed
electricity_load,"Electricity load (SIN)",energy_water,ons_open_data,daily,2023-01-19,75657.1700,mwmed
electricity_load,"Electricity load (SIN)",energy_water,ons_open_data,daily,2023-01-20,74399.8117,mwmed
electricity_load,"Electricity load (SIN)",energy_water,ons_open_data,daily,2023-01-21,68355.0742,mwmed
electricity_load,"Electricity load (SIN)",energy_water,ons_open_data,daily,2023-01-22,62989.8254,mwmed
electricity_load,"Electricity load (SIN)",energy_water,ons_open_data,daily,2023-01-23,75120.3254,mwmed
electricity_load,"Electricity load (SIN)",energy_water,ons_open_data,daily,2023-01-24,75983.2113,mwmed
electricity_load,"Electricity load (SIN)",energy_water,ons_open_data,daily,2023-01-25,76477.1113,mwmed
electricity_load,"Electricity load (SIN)",energy_water,ons_open_data,daily,2023-01-26,76723.3825,mwmed
electricity_load,"Electricity load (SIN)",energy_water,ons_open_data,daily,2023-01-27,76863.2979,mwmed
electricity_load,"Electricity load (SIN)",energy_water,ons_open_data,daily,2023-01-28,70885.2663,mwmed
electricity_load,"Electricity load (SIN)",energy_water,ons_open_data,daily,2023-01-29,64377.6212,mwmed
electricity_load,"Electricity load (SIN)",energy_water,ons_open_data,daily,2023-01-30,74863.8592,mwmed
electricity_load,"Electricity load (SIN)",energy_water,ons_open_data,daily,2023-01-31,76927.1383,mwmed
electricity_load,"Electricity load (SIN)",energy_water,ons_open_data,daily,2023-02-01,77515.4212,mwmed
electricity_load,"Electricity load (SIN)",energy_water,ons_open_data,daily,2023-02-02,78273.0717,mwmed
electricity_load,"Electricity load (SIN)",energy_water,ons_open_data,daily,2023-02-03,77482.1350,mwmed
electricity_load,"Electricity load (SIN)",energy_water,ons_open_data,daily,2023-02-04,70282.6979,mwmed
electricity_load,"Electricity load (SIN)",energy_water,ons_open_data,daily,2023-02-05,65149.5321,mwmed
electricity_load,"Electricity load (SIN)",energy_water,ons_open_data,daily,2023-02-06,76517.7108,mwmed
electricity_load,"Electricity load (SIN)",energy_water,ons_open_data,daily,2023-02-07,77420.7975,mwmed
electricity_load,"Electricity load (SIN)",energy_water,ons_open_data,daily,2023-02-08,77592.3112,mwmed
electricity_load,"Electricity load (SIN)",energy_water,ons_open_data,daily,2023-02-09,78718.6675,mwmed
electricity_load,"Electricity load (SIN)",energy_water,ons_open_data,daily,2023-02-10,78914.6850,mwmed
electricity_load,"Electricity load (SIN)",energy_water,ons_open_data,daily,2023-02-11,71491.1562,mwmed
electricity_load,"Electricity load (SIN)",energy_water,ons_open_data,daily,2023-02-12,65780.3846,mwmed
electricity_load,"Electricity load (SIN)",energy_water,ons_open_data,daily,2023-02-13,77959.7908,mwmed
electricity_load,"Electricity load (SIN)",energy_water,ons_open_data,daily,2023-02-14,80196.0454,mwmed
electricity_load,"Electricity load (SIN)",energy_water,ons_open_data,daily,2023-02-15,79920.6062,mwmed
electricity_load,"Electricity load (SIN)",energy_water,ons_open_data,daily,2023-02-16,79446.0450,mwmed
electricity_load,"Electricity load (SIN)",energy_water,ons_open_data,daily,2023-02-17,78056.0646,mwmed
electricity_load,"Electricity load (SIN)",energy_water,ons_open_data,daily,2023-02-18,67895.9288,mwmed
electricity_load,"Electricity load (SIN)",energy_water,ons_open_data,daily,2023-02-19,60877.4746,mwmed
electricity_load,"Electricity load (SIN)",energy_water,ons_open_data,daily,2023-02-20,67139.7912,mwmed
electricity_load,"Electricity load (SIN)",energy_water,ons_open_data,daily,2023-02-21,67099.8717,mwmed
electricity_load,"Electricity load (SIN)",energy_water,ons_open_data,daily,2023-02-22,72502.3013,mwmed
electricity_load,"Electricity load (SIN)",energy_water,ons_open_data,daily,2023-02-23,75952.4558,mwmed
electricity_load,"Electricity load (SIN)",energy_water,ons_open_data,daily,2023-02-24,75519.4954,mwmed
electricity_load,"Electricity load (SIN)",energy_water,ons_open_data,daily,2023-02-25,69823.1100,mwmed
electricity_load,"Electricity load (SIN)",energy_water,ons_open_data,daily,2023-02-26,65273.8475,mwmed
electricity_load,"Electricity load (SIN)",energy_water,ons_open_data,daily,2023-02-27,76663.8092,mwmed
electricity_load,"Electricity load (SIN)",energy_water,ons_open_data,daily,2023-02-28,77614.4450,mwmed
electricity_load,"Electricity load (SIN)",energy_water,ons_open_data,daily,2023-03-01,77117.8208,mwmed
electricity_load,"Electricity load (SIN)",energy_water,ons_open_data,daily,2023-03-02,78178.2042,mwmed
electricity_load,"Electricity load (SIN)",energy_water,ons_open_data,daily,2023-03-03,78779.2304,mwmed
electricity_load,"Electricity load (SIN)",energy_water,ons_open_data,daily,2023-03-04,71907.8954,mwmed
electricity_load,"Electricity load (SIN)",energy_water,ons_open_data,daily,2023-03-05,65367.9767,mwmed
electricity_load,"Electricity load (SIN)",energy_water,ons_open_data,daily,2023-03-06,75899.7746,mwmed
electricity_load,"Electricity load (SIN)",energy_water,ons_open_data,daily,2023-03-07,77466.8908,mwmed
electricity_load,"Electricity load (SIN)",energy_water,ons_open_data,daily,2023-03-08,78061.9179,mwmed
electricity_load,"Electricity load (SIN)",energy_water,ons_open_data,daily,2023-03-09,78895.2883,mwmed
electricity_load,"Electricity load (SIN)",energy_water,ons_open_data,daily,2023-03-10,78155.8442,mwmed
electricity_load,"Electricity load (SIN)",energy_water,ons_open_data,daily,2023-03-11,70873.5554,mwmed
electricity_load,"Electricity load (SIN)",energy_water,ons_open_data,daily,2023-03-12,64370.0925,mwmed
electricity_load,"Electricity load (SIN)",energy_water,ons_open_data,daily,2023-03-13,75536.0538,mwmed
electricity_load,"Electricity load (SIN)",energy_water,ons_open_data,daily,2023-03-14,76653.1729,mwmed
electricity_load,"Electricity load (SIN)",energy_water,ons_open_data,daily,2023-03-15,76554.8496,mwmed
electricity_load,"Electricity load (SIN)",energy_water,ons_open_data,daily,2023-03-16,76374.9062,mwmed
electricity_load,"Electricity load (SIN)",energy_water,ons_open_data,daily,2023-03-17,76239.3950,mwmed
electricity_load,"Electricity load (SIN)",energy_water,ons_open_data,daily,2023-03-18,70191.9242,mwmed
electricity_load,"Electricity load (SIN)",energy_water,ons_open_data,daily,2023-03-19,64589.5283,mwmed
electricity_load,"Electricity load (SIN)",energy_water,ons_open_data,daily,2023-03-20,77020.0762,mwmed
electricity_load,"Electricity load (SIN)",energy_water,ons_open_data,daily,2023-03-21,78197.1017,mwmed
electricity_load,"Electricity load (SIN)",energy_water,ons_open_data,daily,2023-03-22,77811.9613,mwmed
electricity_load,"Electricity load (SIN)",energy_water,ons_open_data,daily,2023-03-23,77879.9654,mwmed
electricity_load,"Electricity load (SIN)",energy_water,ons_open_data,daily,2023-03-24,78583.8379,mwmed
electricity_load,"Electricity load (SIN)",energy_water,ons_open_data,daily,2023-03-25,71455.3433,mwmed
electricity_load,"Electricity load (SIN)",energy_water,ons_open_data,daily,2023-03-26,65381.4783,mwmed
electricity_load,"Electricity load (SIN)",energy_water,ons_open_data,daily,2023-03-27,75487.0554,mwmed
electricity_load,"Electricity load (SIN)",energy_water,ons_open_data,daily,2023-03-28,75916.1717,mwmed
electricity_load,"Electricity load (SIN)",energy_water,ons_open_data,daily,2023-03-29,77747.0933,mwmed
electricity_load,"Electricity load (SIN)",energy_water,ons_open_data,daily,2023-03-30,77168.6954,mwmed
electricity_load,"Electricity load (SIN)",energy_water,ons_open_data,daily,2023-03-31,76457.6346,mwmed
electricity_load,"Electricity load (SIN)",energy_water,ons_open_data,daily,2023-04-01,69207.9088,mwmed
electricity_load,"Electricity load (SIN)",energy_water,ons_open_data,daily,2023-04-02,62514.5142,mwmed
electricity_load,"Electricity load (SIN)",energy_water,ons_open_data,daily,2023-04-03,72745.1646,mwmed
electricity_load,"Electricity load (SIN)",energy_water,ons_open_data,daily,2023-04-04,75233.5292,mwmed
electricity_load,"Electricity load (SIN)",energy_water,ons_open_data,daily,2023-04-05,75339.0842,mwmed
electricity_load,"Electricity load (SIN)",energy_water,ons_open_data,daily,2023-04-06,73869.5612,mwmed
electricity_load,"Electricity load (SIN)",energy_water,ons_open_data,daily,2023-04-07,62688.5004,mwmed
electricity_load,"Electricity load (SIN)",energy_water,ons_open_data,daily,2023-04-08,63815.9163,mwmed
electricity_load,"Electricity load (SIN)",energy_water,ons_open_data,daily,2023-04-09,59760.7258,mwmed
electricity_load,"Electricity load (SIN)",energy_water,ons_open_data,daily,2023-04-10,70347.6104,mwmed
electricity_load,"Electricity load (SIN)",energy_water,ons_open_data,daily,2023-04-11,72228.4433,mwmed
electricity_load,"Electricity load (SIN)",energy_water,ons_open_data,daily,2023-04-12,73999.1133,mwmed
electricity_load,"Electricity load (SIN)",energy_water,ons_open_data,daily,2023-04-13,74958.3812,mwmed
electricity_load,"Electricity load (SIN)",energy_water,ons_open_data,daily,2023-04-14,74820.2308,mwmed
electricity_load,"Electricity load (SIN)",energy_water,ons_open_data,daily,2023-04-15,68168.6025,mwmed
electricity_load,"Electricity load (SIN)",energy_water,ons_open_data,daily,2023-04-16,61866.3729,mwmed
electricity_load,"Electricity load (SIN)",energy_water,ons_open_data,daily,2023-04-17,72518.9600,mwmed
electricity_load,"Electricity load (SIN)",energy_water,ons_open_data,daily,2023-04-18,74593.6837,mwmed
electricity_load,"Electricity load (SIN)",energy_water,ons_open_data,daily,2023-04-19,73525.0467,mwmed
electricity_load,"Electricity load (SIN)",energy_water,ons_open_data,daily,2023-04-20,71213.3938,mwmed
electricity_load,"Electricity load (SIN)",energy_water,ons_open_data,daily,2023-04-21,62000.6067,mwmed
electricity_load,"Electricity load (SIN)",energy_water,ons_open_data,daily,2023-04-22,61544.9587,mwmed
electricity_load,"Electricity load (SIN)",energy_water,ons_open_data,daily,2023-04-23,57975.7850,mwmed
electricity_load,"Electricity load (SIN)",energy_water,ons_open_data,daily,2023-04-24,68575.0783,mwmed
electricity_load,"Electricity load (SIN)",energy_water,ons_open_data,daily,2023-04-25,71129.8117,mwmed
electricity_load,"Electricity load (SIN)",energy_water,ons_open_data,daily,2023-04-26,72620.8446,mwmed
electricity_load,"Electricity load (SIN)",energy_water,ons_open_data,daily,2023-04-27,73880.7083,mwmed
electricity_load,"Electricity load (SIN)",energy_water,ons_open_data,daily,2023-04-28,72888.8221,mwmed
electricity_load,"Electricity load (SIN)",energy_water,ons_open_data,daily,2023-04-29,68158.4913,mwmed
electricity_load,"Electricity load (SIN)",energy_water,ons_open_data,daily,2023-04-30,62116.4608,mwmed
electricity_load,"Electricity load (SIN)",energy_water,ons_open_data,daily,2023-05-01,62227.4450,mwmed
electricity_load,"Electricity load (SIN)",energy_water,ons_open_data,daily,2023-05-02,73025.3458,mwmed
electricity_load,"Electricity load (SIN)",energy_water,ons_open_data,daily,2023-05-03,74393.3767,mwmed
electricity_load,"Electricity load (SIN)",energy_water,ons_open_data,daily,2023-05-04,74914.4413,mwmed
electricity_load,"Electricity load (SIN)",energy_water,ons_open_data,daily,2023-05-05,75326.7592,mwmed
electricity_load,"Electricity load (SIN)",energy_water,ons_open_data,daily,2023-05-06,69043.0783,mwmed
electricity_load,"Electricity load (SIN)",energy_water,ons_open_data,daily,2023-05-07,63149.5167,mwmed
electricity_load,"Electricity load (SIN)",energy_water,ons_open_data,daily,2023-05-08,73715.3875,mwmed
electricity_load,"Electricity load (SIN)",energy_water,ons_open_data,daily,2023-05-09,74996.2562,mwmed
electricity_load,"Electricity load (SIN)",energy_water,ons_open_data,daily,2023-05-10,74683.6233,mwmed
electricity_load,"Electricity load (SIN)",energy_water,ons_open_data,daily,2023-05-11,73965.1229,mwmed
electricity_load,"Electricity load (SIN)",energy_water,ons_open_data,daily,2023-05-12,74119.8187,mwmed
electricity_load,"Electricity load (SIN)",energy_water,ons_open_data,daily,2023-05-13,67367.5346,mwmed
electricity_load,"Electricity load (SIN)",energy_water,ons_open_data,daily,2023-05-14,60439.2371,mwmed
electricity_load,"Electricity load (SIN)",energy_water,ons_open_data,daily,2023-05-15,71145.8746,mwmed
electricity_load,"Electricity load (SIN)",energy_water,ons_open_data,daily,2023-05-16,72732.1333,mwmed
electricity_load,"Electricity load (SIN)",energy_water,ons_open_data,daily,2023-05-17,72647.7646,mwmed
electricity_load,"Electricity load (SIN)",energy_water,ons_open_data,daily,2023-05-18,72746.4508,mwmed
electricity_load,"Electricity load (SIN)",energy_water,ons_open_data,daily,2023-05-19,72469.4617,mwmed
electricity_load,"Electricity load (SIN)",energy_water,ons_open_data,daily,2023-05-20,67122.0650,mwmed
electricity_load,"Electricity load (SIN)",energy_water,ons_open_data,daily,2023-05-21,61369.5475,mwmed
electricity_load,"Electricity load (SIN)",energy_water,ons_open_data,daily,2023-05-22,71779.0408,mwmed
electricity_load,"Electricity load (SIN)",energy_water,ons_open_data,daily,2023-05-23,73463.2183,mwmed
electricity_load,"Electricity load (SIN)",energy_water,ons_open_data,daily,2023-05-24,73558.8850,mwmed
electricity_load,"Electricity load (SIN)",energy_water,ons_open_data,daily,2023-05-25,74195.3283,mwmed
electricity_load,"Electricity load (SIN)",energy_water,ons_open_data,daily,2023-05-26,74252.0492,mwmed
electricity_load,"Electricity load (SIN)",energy_water,ons_open_data,daily,2023-05-27,69333.3417,mwmed
electricity_load,"Electricity load (SIN)",energy_water,ons_open_data,daily,2023-05-28,63033.3225,mwmed
electricity_load,"Electricity load (SIN)",energy_water,ons_open_data,daily,2023-05-29,72723.3254,mwmed
electricity_load,"Electricity load (SIN)",energy_water,ons_open_data,daily,2023-05-30,73942.4333,mwmed
electricity_load,"Electricity load (SIN)",energy_water,ons_open_data,daily,2023-05-31,74255.8946,mwmed
electricity_load,"Electricity load (SIN)",energy_water,ons_open_data,daily,2023-06-01,73906.0446,mwmed
electricity_load,"Electricity load (SIN)",energy_water,ons_open_data,daily,2023-06-02,73047.8013,mwmed
electricity_load,"Electricity load (SIN)",energy_water,ons_open_data,daily,2023-06-03,67070.7725,mwmed
electricity_load,"Electricity load (SIN)",energy_water,ons_open_data,daily,2023-06-04,60956.1121,mwmed
electricity_load,"Electricity load (SIN)",energy_water,ons_open_data,daily,2023-06-05,70779.6979,mwmed
electricity_load,"Electricity load (SIN)",energy_water,ons_open_data,daily,2023-06-06,71838.6496,mwmed
electricity_load,"Electricity load (SIN)",energy_water,ons_open_data,daily,2023-06-07,71865.6092,mwmed
electricity_load,"Electricity load (SIN)",energy_water,ons_open_data,daily,2023-06-08,66508.7233,mwmed
electricity_load,"Electricity load (SIN)",energy_water,ons_open_data,daily,2023-06-09,68443.3696,mwmed
electricity_load,"Electricity load (SIN)",energy_water,ons_open_data,daily,2023-06-10,65818.0000,mwmed
electricity_load,"Electricity load (SIN)",energy_water,ons_open_data,daily,2023-06-11,61824.8950,mwmed
electricity_load,"Electricity load (SIN)",energy_water,ons_open_data,daily,2023-06-12,71991.8346,mwmed
electricity_load,"Electricity load (SIN)",energy_water,ons_open_data,daily,2023-06-13,73447.6337,mwmed
electricity_load,"Electricity load (SIN)",energy_water,ons_open_data,daily,2023-06-14,72870.4904,mwmed
electricity_load,"Electricity load (SIN)",energy_water,ons_open_data,daily,2023-06-15,73159.1592,mwmed
electricity_load,"Electricity load (SIN)",energy_water,ons_open_data,daily,2023-06-16,72568.5342,mwmed
electricity_load,"Electricity load (SIN)",energy_water,ons_open_data,daily,2023-06-17,66542.0017,mwmed
electricity_load,"Electricity load (SIN)",energy_water,ons_open_data,daily,2023-06-18,59440.7454,mwmed
electricity_load,"Electricity load (SIN)",energy_water,ons_open_data,daily,2023-06-19,68956.8000,mwmed
electricity_load,"Electricity load (SIN)",energy_water,ons_open_data,daily,2023-06-20,70478.3217,mwmed
electricity_load,"Electricity load (SIN)",energy_water,ons_open_data,daily,2023-06-21,71112.3138,mwmed
electricity_load,"Electricity load (SIN)",energy_water,ons_open_data,daily,2023-06-22,71429.2375,mwmed
electricity_load,"Electricity load (SIN)",energy_water,ons_open_data,daily,2023-06-23,70752.9487,mwmed
electricity_load,"Electricity load (SIN)",energy_water,ons_open_data,daily,2023-06-24,64294.7162,mwmed
electricity_load,"Electricity load (SIN)",energy_water,ons_open_data,daily,2023-06-25,59766.4475,mwmed
electricity_load,"Electricity load (SIN)",energy_water,ons_open_data,daily,2023-06-26,69031.8700,mwmed
electricity_load,"Electricity load (SIN)",energy_water,ons_open_data,daily,2023-06-27,71013.4867,mwmed
electricity_load,"Electricity load (SIN)",energy_water,ons_open_data,daily,2023-06-28,71802.2812,mwmed
electricity_load,"Electricity load (SIN)",energy_water,ons_open_data,daily,2023-06-29,71036.0229,mwmed
electricity_load,"Electricity load (SIN)",energy_water,ons_open_data,daily,2023-06-30,71309.3212,mwmed
electricity_load,"Electricity load (SIN)",energy_water,ons_open_data,daily,2023-07-01,65562.1829,mwmed
electricity_load,"Electricity load (SIN)",energy_water,ons_open_data,daily,2023-07-02,59965.2946,mwmed
electricity_load,"Electricity load (SIN)",energy_water,ons_open_data,daily,2023-07-03,68773.0433,mwmed
electricity_load,"Electricity load (SIN)",energy_water,ons_open_data,daily,2023-07-04,70508.4492,mwmed
electricity_load,"Electricity load (SIN)",energy_water,ons_open_data,daily,2023-07-05,70698.0267,mwmed
electricity_load,"Electricity load (SIN)",energy_water,ons_open_data,daily,2023-07-06,70533.1721,mwmed
electricity_load,"Electricity load (SIN)",energy_water,ons_open_data,daily,2023-07-07,71151.6850,mwmed
electricity_load,"Electricity load (SIN)",energy_water,ons_open_data,daily,2023-07-08,65982.4104,mwmed
electricity_load,"Electricity load (SIN)",energy_water,ons_open_data,daily,2023-07-09,60926.3333,mwmed
electricity_load,"Electricity load (SIN)",energy_water,ons_open_data,daily,2023-07-10,70511.9738,mwmed
electricity_load,"Electricity load (SIN)",energy_water,ons_open_data,daily,2023-07-11,72657.3063,mwmed
electricity_load,"Electricity load (SIN)",energy_water,ons_open_data,daily,2023-07-12,73828.5950,mwmed
electricity_load,"Electricity load (SIN)",energy_water,ons_open_data,daily,2023-07-13,72809.1508,mwmed
electricity_load,"Electricity load (SIN)",energy_water,ons_open_data,daily,2023-07-14,71075.7583,mwmed
electricity_load,"Electricity load (SIN)",energy_water,ons_open_data,daily,2023-07-15,64589.2817,mwmed
electricity_load,"Electricity load (SIN)",energy_water,ons_open_data,daily,2023-07-16,59574.2283,mwmed
electricity_load,"Electricity load (SIN)",energy_water,ons_open_data,daily,2023-07-17,70644.0954,mwmed
electricity_load,"Electricity load (SIN)",energy_water,ons_open_data,daily,2023-07-18,72523.9283,mwmed
electricity_load,"Electricity load (SIN)",energy_water,ons_open_data,daily,2023-07-19,72313.8104,mwmed
electricity_load,"Electricity load (SIN)",energy_water,ons_open_data,daily,2023-07-20,71783.4017,mwmed
electricity_load,"Electricity load (SIN)",energy_water,ons_open_data,daily,2023-07-21,71199.6408,mwmed
electricity_load,"Electricity load (SIN)",energy_water,ons_open_data,daily,2023-07-22,65644.2371,mwmed
electricity_load,"Electricity load (SIN)",energy_water,ons_open_data,daily,2023-07-23,60418.0742,mwmed
electricity_load,"Electricity load (SIN)",energy_water,ons_open_data,daily,2023-07-24,70875.3725,mwmed
electricity_load,"Electricity load (SIN)",energy_water,ons_open_data,daily,2023-07-25,72679.0912,mwmed
electricity_load,"Electricity load (SIN)",energy_water,ons_open_data,daily,2023-07-26,73406.5717,mwmed
electricity_load,"Electricity load (SIN)",energy_water,ons_open_data,daily,2023-07-27,73763.7358,mwmed
electricity_load,"Electricity load (SIN)",energy_water,ons_open_data,daily,2023-07-28,73672.3250,mwmed
electricity_load,"Electricity load (SIN)",energy_water,ons_open_data,daily,2023-07-29,67428.0329,mwmed
electricity_load,"Electricity load (SIN)",energy_water,ons_open_data,daily,2023-07-30,61176.4533,mwmed
electricity_load,"Electricity load (SIN)",energy_water,ons_open_data,daily,2023-07-31,71487.3108,mwmed
electricity_load,"Electricity load (SIN)",energy_water,ons_open_data,daily,2023-08-01,73323.0800,mwmed
electricity_load,"Electricity load (SIN)",energy_water,ons_open_data,daily,2023-08-02,73772.0479,mwmed
electricity_load,"Electricity load (SIN)",energy_water,ons_open_data,daily,2023-08-03,74438.9633,mwmed
electricity_load,"Electricity load (SIN)",energy_water,ons_open_data,daily,2023-08-04,74459.9508,mwmed
electricity_load,"Electricity load (SIN)",energy_water,ons_open_data,daily,2023-08-05,68346.0175,mwmed
electricity_load,"Electricity load (SIN)",energy_water,ons_open_data,daily,2023-08-06,63237.0733,mwmed
electricity_load,"Electricity load (SIN)",energy_water,ons_open_data,daily,2023-08-07,74340.7517,mwmed
electricity_load,"Electricity load (SIN)",energy_water,ons_open_data,daily,2023-08-08,75470.8313,mwmed
electricity_load,"Electricity load (SIN)",energy_water,ons_open_data,daily,2023-08-09,75062.0371,mwmed
electricity_load,"Electricity load (SIN)",energy_water,ons_open_data,daily,2023-08-10,75122.9221,mwmed
electricity_load,"Electricity load (SIN)",energy_water,ons_open_data,daily,2023-08-11,75131.5704,mwmed
electricity_load,"Electricity load (SIN)",energy_water,ons_open_data,daily,2023-08-12,69060.2929,mwmed
electricity_load,"Electricity load (SIN)",energy_water,ons_open_data,daily,2023-08-13,61669.2362,mwmed
electricity_load,"Electricity load (SIN)",energy_water,ons_open_data,daily,2023-08-14,71360.3100,mwmed
electricity_load,"Electricity load (SIN)",energy_water,ons_open_data,daily,2023-08-15,70276.3821,mwmed
electricity_load,"Electricity load (SIN)",energy_water,ons_open_data,daily,2023-08-16,73519.6675,mwmed
electricity_load,"Electricity load (SIN)",energy_water,ons_open_data,daily,2023-08-17,74414.8367,mwmed
electricity_load,"Electricity load (SIN)",energy_water,ons_open_data,daily,2023-08-18,75363.9517,mwmed
electricity_load,"Electricity load (SIN)",energy_water,ons_open_data,daily,2023-08-19,68832.2096,mwmed
electricity_load,"Electricity load (SIN)",energy_water,ons_open_data,daily,2023-08-20,63127.5363,mwmed
electricity_load,"Electricity load (SIN)",energy_water,ons_open_data,daily,2023-08-21,73306.3667,mwmed
electricity_load,"Electricity load (SIN)",energy_water,ons_open_data,daily,2023-08-22,76075.1738,mwmed
electricity_load,"Electricity load (SIN)",energy_water,ons_open_data,daily,2023-08-23,78851.9917,mwmed
electricity_load,"Electricity load (SIN)",energy_water,ons_open_data,daily,2023-08-24,80122.1358,mwmed
electricity_load,"Electricity load (SIN)",energy_water,ons_open_data,daily,2023-08-25,78740.6175,mwmed
electricity_load,"Electricity load (SIN)",energy_water,ons_open_data,daily,2023-08-26,70795.2162,mwmed
electricity_load,"Electricity load (SIN)",energy_water,ons_open_data,daily,2023-08-27,63655.7879,mwmed
electricity_load,"Electricity load (SIN)",energy_water,ons_open_data,daily,2023-08-28,72343.7658,mwmed
electricity_load,"Electricity load (SIN)",energy_water,ons_open_data,daily,2023-08-29,74095.4083,mwmed
electricity_load,"Electricity load (SIN)",energy_water,ons_open_data,daily,2023-08-30,74655.7850,mwmed
electricity_load,"Electricity load (SIN)",energy_water,ons_open_data,daily,2023-08-31,74487.9958,mwmed
electricity_load,"Electricity load (SIN)",energy_water,ons_open_data,daily,2023-09-01,74404.4104,mwmed
electricity_load,"Electricity load (SIN)",energy_water,ons_open_data,daily,2023-09-02,69915.7487,mwmed
electricity_load,"Electricity load (SIN)",energy_water,ons_open_data,daily,2023-09-03,65105.8621,mwmed
electricity_load,"Electricity load (SIN)",energy_water,ons_open_data,daily,2023-09-04,77392.7604,mwmed
electricity_load,"Electricity load (SIN)",energy_water,ons_open_data,daily,2023-09-05,77744.7250,mwmed
electricity_load,"Electricity load (SIN)",energy_water,ons_open_data,daily,2023-09-06,74892.3575,mwmed
electricity_load,"Electricity load (SIN)",energy_water,ons_open_data,daily,2023-09-07,67910.7025,mwmed
electricity_load,"Electricity load (SIN)",energy_water,ons_open_data,daily,2023-09-08,70661.0925,mwmed
electricity_load,"Electricity load (SIN)",energy_water,ons_open_data,daily,2023-09-09,67575.2075,mwmed
electricity_load,"Electricity load (SIN)",energy_water,ons_open_data,daily,2023-09-10,63133.9108,mwmed
electricity_load,"Electricity load (SIN)",energy_water,ons_open_data,daily,2023-09-11,74600.5392,mwmed
electricity_load,"Electricity load (SIN)",energy_water,ons_open_data,daily,2023-09-12,77787.8862,mwmed
electricity_load,"Electricity load (SIN)",energy_water,ons_open_data,daily,2023-09-13,79099.7317,mwmed
electricity_load,"Electricity load (SIN)",energy_water,ons_open_data,daily,2023-09-14,77599.2763,mwmed
electricity_load,"Electricity load (SIN)",energy_water,ons_open_data,daily,2023-09-15,74847.6296,mwmed
electricity_load,"Electricity load (SIN)",energy_water,ons_open_data,daily,2023-09-16,69696.9275,mwmed
electricity_load,"Electricity load (SIN)",energy_water,ons_open_data,daily,2023-09-17,66618.0892,mwmed
electricity_load,"Electricity load (SIN)",energy_water,ons_open_data,daily,2023-09-18,79146.5833,mwmed
electricity_load,"Electricity load (SIN)",energy_water,ons_open_data,daily,2023-09-19,81156.5850,mwmed
electricity_load,"Electricity load (SIN)",energy_water,ons_open_data,daily,2023-09-20,80522.4738,mwmed
electricity_load,"Electricity load (SIN)",energy_water,ons_open_data,daily,2023-09-21,81581.6921,mwmed
electricity_load,"Electricity load (SIN)",energy_water,ons_open_data,daily,2023-09-22,82352.4938,mwmed
electricity_load,"Electricity load (SIN)",energy_water,ons_open_data,daily,2023-09-23,76590.6046,mwmed
electricity_load,"Electricity load (SIN)",energy_water,ons_open_data,daily,2023-09-24,72545.0596,mwmed
electricity_load,"Electricity load (SIN)",energy_water,ons_open_data,daily,2023-09-25,84555.1975,mwmed
electricity_load,"Electricity load (SIN)",energy_water,ons_open_data,daily,2023-09-26,86732.4558,mwmed
electricity_load,"Electricity load (SIN)",energy_water,ons_open_data,daily,2023-09-27,86462.7321,mwmed
electricity_load,"Electricity load (SIN)",energy_water,ons_open_data,daily,2023-09-28,79963.7321,mwmed
electricity_load,"Electricity load (SIN)",energy_water,ons_open_data,daily,2023-09-29,78013.5154,mwmed
electricity_load,"Electricity load (SIN)",energy_water,ons_open_data,daily,2023-09-30,72848.0175,mwmed
electricity_load,"Electricity load (SIN)",energy_water,ons_open_data,daily,2023-10-01,67185.1446,mwmed
electricity_load,"Electricity load (SIN)",energy_water,ons_open_data,daily,2023-10-02,77120.3417,mwmed
electricity_load,"Electricity load (SIN)",energy_water,ons_open_data,daily,2023-10-03,79175.8379,mwmed
electricity_load,"Electricity load (SIN)",energy_water,ons_open_data,daily,2023-10-04,80476.9292,mwmed
electricity_load,"Electricity load (SIN)",energy_water,ons_open_data,daily,2023-10-05,81023.3954,mwmed
electricity_load,"Electricity load (SIN)",energy_water,ons_open_data,daily,2023-10-06,81865.0483,mwmed
electricity_load,"Electricity load (SIN)",energy_water,ons_open_data,daily,2023-10-07,76424.9637,mwmed
electricity_load,"Electricity load (SIN)",energy_water,ons_open_data,daily,2023-10-08,69278.4979,mwmed
electricity_load,"Electricity load (SIN)",energy_water,ons_open_data,daily,2023-10-09,78873.0796,mwmed
electricity_load,"Electricity load (SIN)",energy_water,ons_open_data,daily,2023-10-10,79451.7333,mwmed
electricity_load,"Electricity load (SIN)",energy_water,ons_open_data,daily,2023-10-11,80619.4971,mwmed
electricity_load,"Electricity load (SIN)",energy_water,ons_open_data,daily,2023-10-12,73753.1904,mwmed
electricity_load,"Electricity load (SIN)",energy_water,ons_open_data,daily,2023-10-13,76181.4362,mwmed
electricity_load,"Electricity load (SIN)",energy_water,ons_open_data,daily,2023-10-14,69583.8412,mwmed
electricity_load,"Electricity load (SIN)",energy_water,ons_open_data,daily,2023-10-15,65180.6254,mwmed
electricity_load,"Electricity load (SIN)",energy_water,ons_open_data,daily,2023-10-16,78957.6542,mwmed
electricity_load,"Electricity load (SIN)",energy_water,ons_open_data,daily,2023-10-17,81035.1125,mwmed
electricity_load,"Electricity load (SIN)",energy_water,ons_open_data,daily,2023-10-18,80604.5854,mwmed
electricity_load,"Electricity load (SIN)",energy_water,ons_open_data,daily,2023-10-19,79934.9108,mwmed
electricity_load,"Electricity load (SIN)",energy_water,ons_open_data,daily,2023-10-20,79054.5583,mwmed
electricity_load,"Electricity load (SIN)",energy_water,ons_open_data,daily,2023-10-21,73064.1208,mwmed
electricity_load,"Electricity load (SIN)",energy_water,ons_open_data,daily,2023-10-22,67588.6629,mwmed
electricity_load,"Electricity load (SIN)",energy_water,ons_open_data,daily,2023-10-23,79989.2217,mwmed
electricity_load,"Electricity load (SIN)",energy_water,ons_open_data,daily,2023-10-24,83468.0196,mwmed
electricity_load,"Electricity load (SIN)",energy_water,ons_open_data,daily,2023-10-25,82493.8750,mwmed
electricity_load,"Electricity load (SIN)",energy_water,ons_open_data,daily,2023-10-26,81070.1633,mwmed
electricity_load,"Electricity load (SIN)",energy_water,ons_open_data,daily,2023-10-27,80155.7858,mwmed
electricity_load,"Electricity load (SIN)",energy_water,ons_open_data,daily,2023-10-28,74918.0283,mwmed
electricity_load,"Electricity load (SIN)",energy_water,ons_open_data,daily,2023-10-29,70721.5008,mwmed
electricity_load,"Electricity load (SIN)",energy_water,ons_open_data,daily,2023-10-30,82508.1617,mwmed
electricity_load,"Electricity load (SIN)",energy_water,ons_open_data,daily,2023-10-31,83093.2312,mwmed
electricity_load,"Electricity load (SIN)",energy_water,ons_open_data,daily,2023-11-01,80591.1292,mwmed
electricity_load,"Electricity load (SIN)",energy_water,ons_open_data,daily,2023-11-02,72383.9117,mwmed
electricity_load,"Electricity load (SIN)",energy_water,ons_open_data,daily,2023-11-03,76557.6200,mwmed
electricity_load,"Electricity load (SIN)",energy_water,ons_open_data,daily,2023-11-04,70321.7854,mwmed
electricity_load,"Electricity load (SIN)",energy_water,ons_open_data,daily,2023-11-05,65427.9792,mwmed
electricity_load,"Electricity load (SIN)",energy_water,ons_open_data,daily,2023-11-06,76209.7129,mwmed
electricity_load,"Electricity load (SIN)",energy_water,ons_open_data,daily,2023-11-07,78875.8033,mwmed
electricity_load,"Electricity load (SIN)",energy_water,ons_open_data,daily,2023-11-08,81587.0829,mwmed
electricity_load,"Electricity load (SIN)",energy_water,ons_open_data,daily,2023-11-09,84195.3875,mwmed
electricity_load,"Electricity load (SIN)",energy_water,ons_open_data,daily,2023-11-10,84895.7300,mwmed
electricity_load,"Electricity load (SIN)",energy_water,ons_open_data,daily,2023-11-11,80710.1163,mwmed
electricity_load,"Electricity load (SIN)",energy_water,ons_open_data,daily,2023-11-12,76228.4404,mwmed
electricity_load,"Electricity load (SIN)",energy_water,ons_open_data,daily,2023-11-13,89111.6588,mwmed
electricity_load,"Electricity load (SIN)",energy_water,ons_open_data,daily,2023-11-14,90002.5008,mwmed
electricity_load,"Electricity load (SIN)",energy_water,ons_open_data,daily,2023-11-15,83329.4025,mwmed
electricity_load,"Electricity load (SIN)",energy_water,ons_open_data,daily,2023-11-16,90191.3804,mwmed
electricity_load,"Electricity load (SIN)",energy_water,ons_open_data,daily,2023-11-17,90754.5529,mwmed
electricity_load,"Electricity load (SIN)",energy_water,ons_open_data,daily,2023-11-18,83446.6154,mwmed
electricity_load,"Electricity load (SIN)",energy_water,ons_open_data,daily,2023-11-19,74852.0025,mwmed
electricity_load,"Electricity load (SIN)",energy_water,ons_open_data,daily,2023-11-20,78322.0546,mwmed
electricity_load,"Electricity load (SIN)",energy_water,ons_open_data,daily,2023-11-21,83923.5429,mwmed
electricity_load,"Electricity load (SIN)",energy_water,ons_open_data,daily,2023-11-22,86699.5433,mwmed
electricity_load,"Electricity load (SIN)",energy_water,ons_open_data,daily,2023-11-23,85588.0600,mwmed
electricity_load,"Electricity load (SIN)",energy_water,ons_open_data,daily,2023-11-24,82294.9596,mwmed
electricity_load,"Electricity load (SIN)",energy_water,ons_open_data,daily,2023-11-25,73864.4242,mwmed
electricity_load,"Electricity load (SIN)",energy_water,ons_open_data,daily,2023-11-26,67594.5958,mwmed
electricity_load,"Electricity load (SIN)",energy_water,ons_open_data,daily,2023-11-27,79881.3592,mwmed
electricity_load,"Electricity load (SIN)",energy_water,ons_open_data,daily,2023-11-28,82361.8587,mwmed
electricity_load,"Electricity load (SIN)",energy_water,ons_open_data,daily,2023-11-29,83640.4433,mwmed
electricity_load,"Electricity load (SIN)",energy_water,ons_open_data,daily,2023-11-30,85930.2267,mwmed
electricity_load,"Electricity load (SIN)",energy_water,ons_open_data,daily,2023-12-01,86855.3417,mwmed
electricity_load,"Electricity load (SIN)",energy_water,ons_open_data,daily,2023-12-02,80545.2287,mwmed
electricity_load,"Electricity load (SIN)",energy_water,ons_open_data,daily,2023-12-03,74317.6642,mwmed
electricity_load,"Electricity load (SIN)",energy_water,ons_open_data,daily,2023-12-04,84703.2771,mwmed
electricity_load,"Electricity load (SIN)",energy_water,ons_open_data,daily,2023-12-05,83809.0017,mwmed
electricity_load,"Electricity load (SIN)",energy_water,ons_open_data,daily,2023-12-06,85895.1100,mwmed
electricity_load,"Electricity load (SIN)",energy_water,ons_open_data,daily,2023-12-07,87940.6900,mwmed
electricity_load,"Electricity load (SIN)",energy_water,ons_open_data,daily,2023-12-08,84932.6362,mwmed
electricity_load,"Electricity load (SIN)",energy_water,ons_open_data,daily,2023-12-09,76508.1488,mwmed
electricity_load,"Electricity load (SIN)",energy_water,ons_open_data,daily,2023-12-10,69319.8396,mwmed
electricity_load,"Electricity load (SIN)",energy_water,ons_open_data,daily,2023-12-11,80278.9713,mwmed
electricity_load,"Electricity load (SIN)",energy_water,ons_open_data,daily,2023-12-12,82487.6417,mwmed
electricity_load,"Electricity load (SIN)",energy_water,ons_open_data,daily,2023-12-13,84091.6317,mwmed
electricity_load,"Electricity load (SIN)",energy_water,ons_open_data,daily,2023-12-14,87827.3771,mwmed
electricity_load,"Electricity load (SIN)",energy_water,ons_open_data,daily,2023-12-15,88997.1317,mwmed
electricity_load,"Electricity load (SIN)",energy_water,ons_open_data,daily,2023-12-16,83894.3521,mwmed
electricity_load,"Electricity load (SIN)",energy_water,ons_open_data,daily,2023-12-17,78207.1900,mwmed
electricity_load,"Electricity load (SIN)",energy_water,ons_open_data,daily,2023-12-18,89221.5542,mwmed
electricity_load,"Electricity load (SIN)",energy_water,ons_open_data,daily,2023-12-19,87761.8717,mwmed
electricity_load,"Electricity load (SIN)",energy_water,ons_open_data,daily,2023-12-20,84474.3929,mwmed
electricity_load,"Electricity load (SIN)",energy_water,ons_open_data,daily,2023-12-21,83055.9929,mwmed
electricity_load,"Electricity load (SIN)",energy_water,ons_open_data,daily,2023-12-22,82843.6546,mwmed
electricity_load,"Electricity load (SIN)",energy_water,ons_open_data,daily,2023-12-23,75317.4296,mwmed
electricity_load,"Electricity load (SIN)",energy_water,ons_open_data,daily,2023-12-24,70539.7546,mwmed
electricity_load,"Electricity load (SIN)",energy_water,ons_open_data,daily,2023-12-25,67533.5087,mwmed
electricity_load,"Electricity load (SIN)",energy_water,ons_open_data,daily,2023-12-26,77897.5021,mwmed
electricity_load,"Electricity load (SIN)",energy_water,ons_open_data,daily,2023-12-27,77751.6800,mwmed
electricity_load,"Electricity load (SIN)",energy_water,ons_open_data,daily,2023-12-28,79389.0196,mwmed
electricity_load,"Electricity load (SIN)",energy_water,ons_open_data,daily,2023-12-29,80792.6321,mwmed
electricity_load,"Electricity load (SIN)",energy_water,ons_open_data,daily,2023-12-30,74789.1225,mwmed
electricity_load,"Electricity load (SIN)",energy_water,ons_open_data,daily,2023-12-31,67751.1662,mwmed
electricity_load,"Electricity load (SIN)",energy_water,ons_open_data,daily,2024-01-01,63753.5158,mwmed
electricity_load,"Electricity load (SIN)",energy_water,ons_open_data,daily,2024-01-02,74100.9283,mwmed
electricity_load,"Electricity load (SIN)",energy_water,ons_open_data,daily,2024-01-03,77972.2817,mwmed
electricity_load,"Electricity load (SIN)",energy_water,ons_open_data,daily,2024-01-04,78204.9871,mwmed
electricity_load,"Electricity load (SIN)",energy_water,ons_open_data,daily,2024-01-05,78352.9029,mwmed
electricity_load,"Electricity load (SIN)",energy_water,ons_open_data,daily,2024-01-06,74671.6000,mwmed
electricity_load,"Electricity load (SIN)",energy_water,ons_open_data,daily,2024-01-07,71423.4479,mwmed
electricity_load,"Electricity load (SIN)",energy_water,ons_open_data,daily,2024-01-08,84113.2742,mwmed
electricity_load,"Electricity load (SIN)",energy_water,ons_open_data,daily,2024-01-09,86281.5046,mwmed
electricity_load,"Electricity load (SIN)",energy_water,ons_open_data,daily,2024-01-10,86790.8717,mwmed
electricity_load,"Electricity load (SIN)",energy_water,ons_open_data,daily,2024-01-11,86331.3142,mwmed
electricity_load,"Electricity load (SIN)",energy_water,ons_open_data,daily,2024-01-12,84122.4000,mwmed
electricity_load,"Electricity load (SIN)",energy_water,ons_open_data,daily,2024-01-13,76436.8558,mwmed
electricity_load,"Electricity load (SIN)",energy_water,ons_open_data,daily,2024-01-14,70525.0129,mwmed
electricity_load,"Electricity load (SIN)",energy_water,ons_open_data,daily,2024-01-15,83920.1483,mwmed
electricity_load,"Electricity load (SIN)",energy_water,ons_open_data,daily,2024-01-16,88151.8704,mwmed
electricity_load,"Electricity load (SIN)",energy_water,ons_open_data,daily,2024-01-17,88506.2175,mwmed
electricity_load,"Electricity load (SIN)",energy_water,ons_open_data,daily,2024-01-18,88810.7292,mwmed
electricity_load,"Electricity load (SIN)",energy_water,ons_open_data,daily,2024-01-19,88246.1750,mwmed
electricity_load,"Electricity load (SIN)",energy_water,ons_open_data,daily,2024-01-20,80387.5154,mwmed
electricity_load,"Electricity load (SIN)",energy_water,ons_open_data,daily,2024-01-21,72556.4200,mwmed
electricity_load,"Electricity load (SIN)",energy_water,ons_open_data,daily,2024-01-22,82121.1804,mwmed
electricity_load,"Electricity load (SIN)",energy_water,ons_open_data,daily,2024-01-23,80238.7583,mwmed
electricity_load,"Electricity load (SIN)",energy_water,ons_open_data,daily,2024-01-24,78295.3317,mwmed
electricity_load,"Electricity load (SIN)",energy_water,ons_open_data,daily,2024-01-25,78399.4604,mwmed
electricity_load,"Electricity load (SIN)",energy_water,ons_open_data,daily,2024-01-26,78005.7188,mwmed
electricity_load,"Electricity load (SIN)",energy_water,ons_open_data,daily,2024-01-27,72977.2296,mwmed
electricity_load,"Electricity load (SIN)",energy_water,ons_open_data,daily,2024-01-28,68138.5758,mwmed
electricity_load,"Electricity load (SIN)",energy_water,ons_open_data,daily,2024-01-29,80050.6637,mwmed
electricity_load,"Electricity load (SIN)",energy_water,ons_open_data,daily,2024-01-30,84699.1429,mwmed
electricity_load,"Electricity load (SIN)",energy_water,ons_open_data,daily,2024-01-31,85461.3712,mwmed
electricity_load,"Electricity load (SIN)",energy_water,ons_open_data,daily,2024-02-01,83837.5142,mwmed
electricity_load,"Electricity load (SIN)",energy_water,ons_open_data,daily,2024-02-02,83166.8967,mwmed
electricity_load,"Electricity load (SIN)",energy_water,ons_open_data,daily,2024-02-03,77454.4300,mwmed
electricity_load,"Electricity load (SIN)",energy_water,ons_open_data,daily,2024-02-04,73068.0871,mwmed
electricity_load,"Electricity load (SIN)",energy_water,ons_open_data,daily,2024-02-05,85092.3296,mwmed
electricity_load,"Electricity load (SIN)",energy_water,ons_open_data,daily,2024-02-06,88021.0775,mwmed
electricity_load,"Electricity load (SIN)",energy_water,ons_open_data,daily,2024-02-07,89406.7617,mwmed
electricity_load,"Electricity load (SIN)",energy_water,ons_open_data,daily,2024-02-08,89449.8546,mwmed
electricity_load,"Electricity load (SIN)",energy_water,ons_open_data,daily,2024-02-09,89026.0475,mwmed
electricity_load,"Electricity load (SIN)",energy_water,ons_open_data,daily,2024-02-10,80476.5725,mwmed
electricity_load,"Electricity load (SIN)",energy_water,ons_open_data,daily,2024-02-11,74376.3000,mwmed
electricity_load,"Electricity load (SIN)",energy_water,ons_open_data,daily,2024-02-12,81433.6521,mwmed
electricity_load,"Electricity load (SIN)",energy_water,ons_open_data,daily,2024-02-13,81777.4962,mwmed
electricity_load,"Electricity load (SIN)",energy_water,ons_open_data,daily,2024-02-14,84481.1188,mwmed
electricity_load,"Electricity load (SIN)",energy_water,ons_open_data,daily,2024-02-15,84097.0646,mwmed
electricity_load,"Electricity load (SIN)",energy_water,ons_open_data,daily,2024-02-16,82390.3621,mwmed
electricity_load,"Electricity load (SIN)",energy_water,ons_open_data,daily,2024-02-17,77087.5496,mwmed
electricity_load,"Electricity load (SIN)",energy_water,ons_open_data,daily,2024-02-18,71845.0058,mwmed
electricity_load,"Electricity load (SIN)",energy_water,ons_open_data,daily,2024-02-19,82865.9196,mwmed
electricity_load,"Electricity load (SIN)",energy_water,ons_open_data,daily,2024-02-20,82954.2587,mwmed
electricity_load,"Electricity load (SIN)",energy_water,ons_open_data,daily,2024-02-21,82233.6571,mwmed
electricity_load,"Electricity load (SIN)",energy_water,ons_open_data,daily,2024-02-22,83385.1246,mwmed
electricity_load,"Electricity load (SIN)",energy_water,ons_open_data,daily,2024-02-23,85502.1062,mwmed
electricity_load,"Electricity load (SIN)",energy_water,ons_open_data,daily,2024-02-24,79923.2821,mwmed
electricity_load,"Electricity load (SIN)",energy_water,ons_open_data,daily,2024-02-25,74251.0654,mwmed
electricity_load,"Electricity load (SIN)",energy_water,ons_open_data,daily,2024-02-26,85401.2242,mwmed
electricity_load,"Electricity load (SIN)",energy_water,ons_open_data,daily,2024-02-27,87534.8692,mwmed
electricity_load,"Electricity load (SIN)",energy_water,ons_open_data,daily,2024-02-28,89490.1087,mwmed
electricity_load,"Electricity load (SIN)",energy_water,ons_open_data,daily,2024-02-29,90199.9225,mwmed
electricity_load,"Electricity load (SIN)",energy_water,ons_open_data,daily,2024-03-01,89521.8029,mwmed
electricity_load,"Electricity load (SIN)",energy_water,ons_open_data,daily,2024-03-02,80788.7958,mwmed
electricity_load,"Electricity load (SIN)",energy_water,ons_open_data,daily,2024-03-03,74740.9342,mwmed
electricity_load,"Electricity load (SIN)",energy_water,ons_open_data,daily,2024-03-04,86255.1542,mwmed
electricity_load,"Electricity load (SIN)",energy_water,ons_open_data,daily,2024-03-05,86332.4238,mwmed
electricity_load,"Electricity load (SIN)",energy_water,ons_open_data,daily,2024-03-06,84996.9475,mwmed
electricity_load,"Electricity load (SIN)",energy_water,ons_open_data,daily,2024-03-07,85419.1400,mwmed
electricity_load,"Electricity load (SIN)",energy_water,ons_open_data,daily,2024-03-08,85890.1646,mwmed
electricity_load,"Electricity load (SIN)",energy_water,ons_open_data,daily,2024-03-09,79958.8796,mwmed
electricity_load,"Electricity load (SIN)",energy_water,ons_open_data,daily,2024-03-10,74519.1908,mwmed
electricity_load,"Electricity load (SIN)",energy_water,ons_open_data,daily,2024-03-11,85828.6629,mwmed
electricity_load,"Electricity load (SIN)",energy_water,ons_open_data,daily,2024-03-12,87559.7325,mwmed
electricity_load,"Electricity load (SIN)",energy_water,ons_open_data,daily,2024-03-13,88760.9450,mwmed
electricity_load,"Electricity load (SIN)",energy_water,ons_open_data,daily,2024-03-14,90568.2383,mwmed
electricity_load,"Electricity load (SIN)",energy_water,ons_open_data,daily,2024-03-15,91359.7267,mwmed
electricity_load,"Electricity load (SIN)",energy_water,ons_open_data,daily,2024-03-16,84734.8383,mwmed
electricity_load,"Electricity load (SIN)",energy_water,ons_open_data,daily,2024-03-17,78386.1337,mwmed
electricity_load,"Electricity load (SIN)",energy_water,ons_open_data,daily,2024-03-18,89772.5442,mwmed
electricity_load,"Electricity load (SIN)",energy_water,ons_open_data,daily,2024-03-19,90726.4642,mwmed
electricity_load,"Electricity load (SIN)",energy_water,ons_open_data,daily,2024-03-20,91003.0546,mwmed
electricity_load,"Electricity load (SIN)",energy_water,ons_open_data,daily,2024-03-21,89307.9333,mwmed
electricity_load,"Electricity load (SIN)",energy_water,ons_open_data,daily,2024-03-22,84442.2696,mwmed
electricity_load,"Electricity load (SIN)",energy_water,ons_open_data,daily,2024-03-23,74067.6483,mwmed
electricity_load,"Electricity load (SIN)",energy_water,ons_open_data,daily,2024-03-24,67347.3688,mwmed
electricity_load,"Electricity load (SIN)",energy_water,ons_open_data,daily,2024-03-25,79956.8108,mwmed
electricity_load,"Electricity load (SIN)",energy_water,ons_open_data,daily,2024-03-26,81840.0387,mwmed
electricity_load,"Electricity load (SIN)",energy_water,ons_open_data,daily,2024-03-27,80955.0938,mwmed
electricity_load,"Electricity load (SIN)",energy_water,ons_open_data,daily,2024-03-28,79807.1450,mwmed
electricity_load,"Electricity load (SIN)",energy_water,ons_open_data,daily,2024-03-29,69987.5408,mwmed
electricity_load,"Electricity load (SIN)",energy_water,ons_open_data,daily,2024-03-30,72726.4767,mwmed
electricity_load,"Electricity load (SIN)",energy_water,ons_open_data,daily,2024-03-31,69926.0404,mwmed
electricity_load,"Electricity load (SIN)",energy_water,ons_open_data,daily,2024-04-01,82371.4662,mwmed
electricity_load,"Electricity load (SIN)",energy_water,ons_open_data,daily,2024-04-02,84903.0154,mwmed
electricity_load,"Electricity load (SIN)",energy_water,ons_open_data,daily,2024-04-03,85121.7108,mwmed
electricity_load,"Electricity load (SIN)",energy_water,ons_open_data,daily,2024-04-04,85503.4637,mwmed
electricity_load,"Electricity load (SIN)",energy_water,ons_open_data,daily,2024-04-05,84140.0092,mwmed
electricity_load,"Electricity load (SIN)",energy_water,ons_open_data,daily,2024-04-06,76494.1071,mwmed
electricity_load,"Electricity load (SIN)",energy_water,ons_open_data,daily,2024-04-07,70240.5800,mwmed
electricity_load,"Electricity load (SIN)",energy_water,ons_open_data,daily,2024-04-08,81958.4542,mwmed
electricity_load,"Electricity load (SIN)",energy_water,ons_open_data,daily,2024-04-09,83861.1467,mwmed
electricity_load,"Electricity load (SIN)",energy_water,ons_open_data,daily,2024-04-10,84487.7504,mwmed
electricity_load,"Electricity load (SIN)",energy_water,ons_open_data,daily,2024-04-11,84175.1175,mwmed
electricity_load,"Electricity load (SIN)",energy_water,ons_open_data,daily,2024-04-12,82588.1542,mwmed
electricity_load,"Electricity load (SIN)",energy_water,ons_open_data,daily,2024-04-13,75812.4538,mwmed
electricity_load,"Electricity load (SIN)",energy_water,ons_open_data,daily,2024-04-14,69434.3258,mwmed
electricity_load,"Electricity load (SIN)",energy_water,ons_open_data,daily,2024-04-15,80621.2608,mwmed
electricity_load,"Electricity load (SIN)",energy_water,ons_open_data,daily,2024-04-16,83226.9796,mwmed
electricity_load,"Electricity load (SIN)",energy_water,ons_open_data,daily,2024-04-17,81803.9158,mwmed
electricity_load,"Electricity load (SIN)",energy_water,ons_open_data,daily,2024-04-18,78986.1196,mwmed
electricity_load,"Electricity load (SIN)",energy_water,ons_open_data,daily,2024-04-19,77484.3558,mwmed
electricity_load,"Electricity load (SIN)",energy_water,ons_open_data,daily,2024-04-20,71428.4908,mwmed
electricity_load,"Electricity load (SIN)",energy_water,ons_open_data,daily,2024-04-21,65423.2450,mwmed
electricity_load,"Electricity load (SIN)",energy_water,ons_open_data,daily,2024-04-22,77957.0813,mwmed
electricity_load,"Electricity load (SIN)",energy_water,ons_open_data,daily,2024-04-23,80901.6842,mwmed
electricity_load,"Electricity load (SIN)",energy_water,ons_open_data,daily,2024-04-24,82263.1637,mwmed
electricity_load,"Electricity load (SIN)",energy_water,ons_open_data,daily,2024-04-25,82154.1050,mwmed
electricity_load,"Electricity load (SIN)",energy_water,ons_open_data,daily,2024-04-26,81973.8667,mwmed
electricity_load,"Electricity load (SIN)",energy_water,ons_open_data,daily,2024-04-27,77379.4400,mwmed
electricity_load,"Electricity load (SIN)",energy_water,ons_open_data,daily,2024-04-28,71994.5142,mwmed
electricity_load,"Electricity load (SIN)",energy_water,ons_open_data,daily,2024-04-29,83111.0663,mwmed
electricity_load,"Electricity load (SIN)",energy_water,ons_open_data,daily,2024-04-30,84273.3562,mwmed
electricity_load,"Electricity load (SIN)",energy_water,ons_open_data,daily,2024-05-01,75951.2363,mwmed
electricity_load,"Electricity load (SIN)",energy_water,ons_open_data,daily,2024-05-02,84261.6804,mwmed
electricity_load,"Electricity load (SIN)",energy_water,ons_open_data,daily,2024-05-03,83234.1654,mwmed
electricity_load,"Electricity load (SIN)",energy_water,ons_open_data,daily,2024-05-04,76196.6896,mwmed
electricity_load,"Electricity load (SIN)",energy_water,ons_open_data,daily,2024-05-05,70624.1479,mwmed
electricity_load,"Electricity load (SIN)",energy_water,ons_open_data,daily,2024-05-06,81352.3067,mwmed
electricity_load,"Electricity load (SIN)",energy_water,ons_open_data,daily,2024-05-07,83655.5346,mwmed
electricity_load,"Electricity load (SIN)",energy_water,ons_open_data,daily,2024-05-08,84353.3850,mwmed
electricity_load,"Electricity load (SIN)",energy_water,ons_open_data,daily,2024-05-09,83833.9879,mwmed
electricity_load,"Electricity load (SIN)",energy_water,ons_open_data,daily,2024-05-10,82791.1429,mwmed
electricity_load,"Electricity load (SIN)",energy_water,ons_open_data,daily,2024-05-11,76303.4975,mwmed
electricity_load,"Electricity load (SIN)",energy_water,ons_open_data,daily,2024-05-12,69560.0979,mwmed
electricity_load,"Electricity load (SIN)",energy_water,ons_open_data,daily,2024-05-13,81760.7012,mwmed
electricity_load,"Electricity load (SIN)",energy_water,ons_open_data,daily,2024-05-14,81507.1888,mwmed
electricity_load,"Electricity load (SIN)",energy_water,ons_open_data,daily,2024-05-15,79443.9196,mwmed
electricity_load,"Electricity load (SIN)",energy_water,ons_open_data,daily,2024-05-16,79973.0242,mwmed
electricity_load,"Electricity load (SIN)",energy_water,ons_open_data,daily,2024-05-17,80692.6258,mwmed
electricity_load,"Electricity load (SIN)",energy_water,ons_open_data,daily,2024-05-18,74745.6354,mwmed
electricity_load,"Electricity load (SIN)",energy_water,ons_open_data,daily,2024-05-19,68330.2571,mwmed
electricity_load,"Electricity load (SIN)",energy_water,ons_open_data,daily,2024-05-20,77873.3358,mwmed
electricity_load,"Electricity load (SIN)",energy_water,ons_open_data,daily,2024-05-21,78699.4058,mwmed
electricity_load,"Electricity load (SIN)",energy_water,ons_open_data,daily,2024-05-22,79700.9717,mwmed
electricity_load,"Electricity load (SIN)",energy_water,ons_open_data,daily,2024-05-23,80477.0979,mwmed
electricity_load,"Electricity load (SIN)",energy_water,ons_open_data,daily,2024-05-24,79535.0354,mwmed
electricity_load,"Electricity load (SIN)",energy_water,ons_open_data,daily,2024-05-25,72585.8304,mwmed
electricity_load,"Electricity load (SIN)",energy_water,ons_open_data,daily,2024-05-26,65953.5563,mwmed
electricity_load,"Electricity load (SIN)",energy_water,ons_open_data,daily,2024-05-27,75353.6571,mwmed
electricity_load,"Electricity load (SIN)",energy_water,ons_open_data,daily,2024-05-28,76195.8583,mwmed
electricity_load,"Electricity load (SIN)",energy_water,ons_open_data,daily,2024-05-29,74906.5371,mwmed
electricity_load,"Electricity load (SIN)",energy_water,ons_open_data,daily,2024-05-30,68498.9717,mwmed
electricity_load,"Electricity load (SIN)",energy_water,ons_open_data,daily,2024-05-31,70553.9821,mwmed
electricity_load,"Electricity load (SIN)",energy_water,ons_open_data,daily,2024-06-01,66798.7354,mwmed
electricity_load,"Electricity load (SIN)",energy_water,ons_open_data,daily,2024-06-02,62934.5696,mwmed
electricity_load,"Electricity load (SIN)",energy_water,ons_open_data,daily,2024-06-03,74582.5808,mwmed
electricity_load,"Electricity load (SIN)",energy_water,ons_open_data,daily,2024-06-04,76546.4079,mwmed
electricity_load,"Electricity load (SIN)",energy_water,ons_open_data,daily,2024-06-05,76521.3867,mwmed
electricity_load,"Electricity load (SIN)",energy_water,ons_open_data,daily,2024-06-06,76619.1454,mwmed
electricity_load,"Electricity load (SIN)",energy_water,ons_open_data,daily,2024-06-07,76780.9896,mwmed
electricity_load,"Electricity load (SIN)",energy_water,ons_open_data,daily,2024-06-08,71116.5762,mwmed
electricity_load,"Electricity load (SIN)",energy_water,ons_open_data,daily,2024-06-09,65407.9158,mwmed
electricity_load,"Electricity load (SIN)",energy_water,ons_open_data,daily,2024-06-10,75994.3258,mwmed
electricity_load,"Electricity load (SIN)",energy_water,ons_open_data,daily,2024-06-11,77897.5762,mwmed
electricity_load,"Electricity load (SIN)",energy_water,ons_open_data,daily,2024-06-12,77765.0062,mwmed
electricity_load,"Electricity load (SIN)",energy_water,ons_open_data,daily,2024-06-13,76935.3467,mwmed
electricity_load,"Electricity load (SIN)",energy_water,ons_open_data,daily,2024-06-14,77186.7708,mwmed
electricity_load,"Electricity load (SIN)",energy_water,ons_open_data,daily,2024-06-15,71996.6404,mwmed
electricity_load,"Electricity load (SIN)",energy_water,ons_open_data,daily,2024-06-16,65755.4837,mwmed
electricity_load,"Electricity load (SIN)",energy_water,ons_open_data,daily,2024-06-17,75948.7413,mwmed
electricity_load,"Electricity load (SIN)",energy_water,ons_open_data,daily,2024-06-18,77058.0179,mwmed
electricity_load,"Electricity load (SIN)",energy_water,ons_open_data,daily,2024-06-19,77498.8779,mwmed
electricity_load,"Electricity load (SIN)",energy_water,ons_open_data,daily,2024-06-20,77629.1283,mwmed
electricity_load,"Electricity load (SIN)",energy_water,ons_open_data,daily,2024-06-21,76634.4921,mwmed
electricity_load,"Electricity load (SIN)",energy_water,ons_open_data,daily,2024-06-22,71481.7850,mwmed
electricity_load,"Electricity load (SIN)",energy_water,ons_open_data,daily,2024-06-23,66251.2083,mwmed
electricity_load,"Electricity load (SIN)",energy_water,ons_open_data,daily,2024-06-24,76091.2887,mwmed
electricity_load,"Electricity load (SIN)",energy_water,ons_open_data,daily,2024-06-25,78489.8004,mwmed
electricity_load,"Electricity load (SIN)",energy_water,ons_open_data,daily,2024-06-26,78886.6800,mwmed
electricity_load,"Electricity load (SIN)",energy_water,ons_open_data,daily,2024-06-27,77754.4829,mwmed
electricity_load,"Electricity load (SIN)",energy_water,ons_open_data,daily,2024-06-28,77769.7575,mwmed
electricity_load,"Electricity load (SIN)",energy_water,ons_open_data,daily,2024-06-29,71665.0488,mwmed
electricity_load,"Electricity load (SIN)",energy_water,ons_open_data,daily,2024-06-30,64662.0633,mwmed
electricity_load,"Electricity load (SIN)",energy_water,ons_open_data,daily,2024-07-01,74003.5633,mwmed
electricity_load,"Electricity load (SIN)",energy_water,ons_open_data,daily,2024-07-02,75461.8525,mwmed
electricity_load,"Electricity load (SIN)",energy_water,ons_open_data,daily,2024-07-03,76643.3225,mwmed
electricity_load,"Electricity load (SIN)",energy_water,ons_open_data,daily,2024-07-04,77574.8433,mwmed
electricity_load,"Electricity load (SIN)",energy_water,ons_open_data,daily,2024-07-05,77764.6092,mwmed
electricity_load,"Electricity load (SIN)",energy_water,ons_open_data,daily,2024-07-06,71574.5575,mwmed
electricity_load,"Electricity load (SIN)",energy_water,ons_open_data,daily,2024-07-07,65695.3708,mwmed
electricity_load,"Electricity load (SIN)",energy_water,ons_open_data,daily,2024-07-08,74815.1000,mwmed
electricity_load,"Electricity load (SIN)",energy_water,ons_open_data,daily,2024-07-09,75803.0025,mwmed
electricity_load,"Electricity load (SIN)",energy_water,ons_open_data,daily,2024-07-10,78237.1308,mwmed
electricity_load,"Electricity load (SIN)",energy_water,ons_open_data,daily,2024-07-11,78350.4392,mwmed
electricity_load,"Electricity load (SIN)",energy_water,ons_open_data,daily,2024-07-12,77744.7983,mwmed
electricity_load,"Electricity load (SIN)",energy_water,ons_open_data,daily,2024-07-13,70646.0083,mwmed
electricity_load,"Electricity load (SIN)",energy_water,ons_open_data,daily,2024-07-14,64134.0150,mwmed
electricity_load,"Electricity load (SIN)",energy_water,ons_open_data,daily,2024-07-15,73348.4504,mwmed
electricity_load,"Electricity load (SIN)",energy_water,ons_open_data,daily,2024-07-16,74833.8742,mwmed
electricity_load,"Electricity load (SIN)",energy_water,ons_open_data,daily,2024-07-17,75517.3792,mwmed
electricity_load,"Electricity load (SIN)",energy_water,ons_open_data,daily,2024-07-18,75664.9267,mwmed
electricity_load,"Electricity load (SIN)",energy_water,ons_open_data,daily,2024-07-19,75542.3758,mwmed
electricity_load,"Electricity load (SIN)",energy_water,ons_open_data,daily,2024-07-20,69738.9450,mwmed
electricity_load,"Electricity load (SIN)",energy_water,ons_open_data,daily,2024-07-21,63499.6717,mwmed
electricity_load,"Electricity load (SIN)",energy_water,ons_open_data,daily,2024-07-22,74026.9654,mwmed
electricity_load,"Electricity load (SIN)",energy_water,ons_open_data,daily,2024-07-23,75857.4067,mwmed
electricity_load,"Electricity load (SIN)",energy_water,ons_open_data,daily,2024-07-24,75892.5625,mwmed
electricity_load,"Electricity load (SIN)",energy_water,ons_open_data,daily,2024-07-25,76350.3633,mwmed
electricity_load,"Electricity load (SIN)",energy_water,ons_open_data,daily,2024-07-26,76365.5488,mwmed
electricity_load,"Electricity load (SIN)",energy_water,ons_open_data,daily,2024-07-27,71924.5633,mwmed
electricity_load,"Electricity load (SIN)",energy_water,ons_open_data,daily,2024-07-28,66264.7304,mwmed
electricity_load,"Electricity load (SIN)",energy_water,ons_open_data,daily,2024-07-29,77415.8558,mwmed
electricity_load,"Electricity load (SIN)",energy_water,ons_open_data,daily,2024-07-30,78015.0813,mwmed
electricity_load,"Electricity load (SIN)",energy_water,ons_open_data,daily,2024-07-31,77696.8712,mwmed
electricity_load,"Electricity load (SIN)",energy_water,ons_open_data,daily,2024-08-01,77591.3083,mwmed
electricity_load,"Electricity load (SIN)",energy_water,ons_open_data,daily,2024-08-02,77259.0592,mwmed
electricity_load,"Electricity load (SIN)",energy_water,ons_open_data,daily,2024-08-03,71931.7104,mwmed
electricity_load,"Electricity load (SIN)",energy_water,ons_open_data,daily,2024-08-04,66774.2046,mwmed
electricity_load,"Electricity load (SIN)",energy_water,ons_open_data,daily,2024-08-05,76991.3767,mwmed
electricity_load,"Electricity load (SIN)",energy_water,ons_open_data,daily,2024-08-06,79107.1404,mwmed
electricity_load,"Electricity load (SIN)",energy_water,ons_open_data,daily,2024-08-07,80048.3367,mwmed
electricity_load,"Electricity load (SIN)",energy_water,ons_open_data,daily,2024-08-08,80716.3042,mwmed
electricity_load,"Electricity load (SIN)",energy_water,ons_open_data,daily,2024-08-09,79456.4000,mwmed
electricity_load,"Electricity load (SIN)",energy_water,ons_open_data,daily,2024-08-10,71152.0579,mwmed
electricity_load,"Electricity load (SIN)",energy_water,ons_open_data,daily,2024-08-11,63278.7217,mwmed
electricity_load,"Electricity load (SIN)",energy_water,ons_open_data,daily,2024-08-12,74029.7917,mwmed
electricity_load,"Electricity load (SIN)",energy_water,ons_open_data,daily,2024-08-13,75848.9171,mwmed
electricity_load,"Electricity load (SIN)",energy_water,ons_open_data,daily,2024-08-14,76420.4654,mwmed
electricity_load,"Electricity load (SIN)",energy_water,ons_open_data,daily,2024-08-15,77187.8621,mwmed
electricity_load,"Electricity load (SIN)",energy_water,ons_open_data,daily,2024-08-16,78141.7012,mwmed
electricity_load,"Electricity load (SIN)",energy_water,ons_open_data,daily,2024-08-17,73487.6371,mwmed
electricity_load,"Electricity load (SIN)",energy_water,ons_open_data,daily,2024-08-18,67925.9942,mwmed
electricity_load,"Electricity load (SIN)",energy_water,ons_open_data,daily,2024-08-19,79886.5712,mwmed
electricity_load,"Electricity load (SIN)",energy_water,ons_open_data,daily,2024-08-20,81402.8896,mwmed
electricity_load,"Electricity load (SIN)",energy_water,ons_open_data,daily,2024-08-21,81577.5892,mwmed
electricity_load,"Electricity load (SIN)",energy_water,ons_open_data,daily,2024-08-22,82454.4879,mwmed
electricity_load,"Electricity load (SIN)",energy_water,ons_open_data,daily,2024-08-23,82590.6696,mwmed
electricity_load,"Electricity load (SIN)",energy_water,ons_open_data,daily,2024-08-24,75525.9900,mwmed
electricity_load,"Electricity load (SIN)",energy_water,ons_open_data,daily,2024-08-25,67949.8479,mwmed
electricity_load,"Electricity load (SIN)",energy_water,ons_open_data,daily,2024-08-26,75244.6071,mwmed
electricity_load,"Electricity load (SIN)",energy_water,ons_open_data,daily,2024-08-27,76266.2650,mwmed
electricity_load,"Electricity load (SIN)",energy_water,ons_open_data,daily,2024-08-28,77158.4771,mwmed
electricity_load,"Electricity load (SIN)",energy_water,ons_open_data,daily,2024-08-29,77669.4137,mwmed
electricity_load,"Electricity load (SIN)",energy_water,ons_open_data,daily,2024-08-30,78341.4012,mwmed
electricity_load,"Electricity load (SIN)",energy_water,ons_open_data,daily,2024-08-31,72988.5262,mwmed
electricity_load,"Electricity load (SIN)",energy_water,ons_open_data,daily,2024-09-01,67590.6679,mwmed
electricity_load,"Electricity load (SIN)",energy_water,ons_open_data,daily,2024-09-02,78375.8842,mwmed
electricity_load,"Electricity load (SIN)",energy_water,ons_open_data,daily,2024-09-03,81056.6904,mwmed
electricity_load,"Electricity load (SIN)",energy_water,ons_open_data,daily,2024-09-04,83301.0442,mwmed
electricity_load,"Electricity load (SIN)",energy_water,ons_open_data,daily,2024-09-05,82611.9433,mwmed
electricity_load,"Electricity load (SIN)",energy_water,ons_open_data,daily,2024-09-06,80479.7783,mwmed
electricity_load,"Electricity load (SIN)",energy_water,ons_open_data,daily,2024-09-07,73001.8025,mwmed
electricity_load,"Electricity load (SIN)",energy_water,ons_open_data,daily,2024-09-08,70481.3562,mwmed
electricity_load,"Electricity load (SIN)",energy_water,ons_open_data,daily,2024-09-09,82934.5238,mwmed
electricity_load,"Electricity load (SIN)",energy_water,ons_open_data,daily,2024-09-10,84727.2017,mwmed
electricity_load,"Electricity load (SIN)",energy_water,ons_open_data,daily,2024-09-11,85438.0433,mwmed
electricity_load,"Electricity load (SIN)",energy_water,ons_open_data,daily,2024-09-12,85926.1896,mwmed
electricity_load,"Electricity load (SIN)",energy_water,ons_open_data,daily,2024-09-13,85503.8992,mwmed
electricity_load,"Electricity load (SIN)",energy_water,ons_open_data,daily,2024-09-14,77965.8163,mwmed
electricity_load,"Electricity load (SIN)",energy_water,ons_open_data,daily,2024-09-15,70445.9046,mwmed
electricity_load,"Electricity load (SIN)",energy_water,ons_open_data,daily,2024-09-16,79658.7579,mwmed
electricity_load,"Electricity load (SIN)",energy_water,ons_open_data,daily,2024-09-17,79877.9871,mwmed
electricity_load,"Electricity load (SIN)",energy_water,ons_open_data,daily,2024-09-18,80922.2642,mwmed
electricity_load,"Electricity load (SIN)",energy_water,ons_open_data,daily,2024-09-19,82460.3229,mwmed
electricity_load,"Electricity load (SIN)",energy_water,ons_open_data,daily,2024-09-20,83608.0504,mwmed
electricity_load,"Electricity load (SIN)",energy_water,ons_open_data,daily,2024-09-21,76543.6350,mwmed
electricity_load,"Electricity load (SIN)",energy_water,ons_open_data,daily,2024-09-22,72411.3942,mwmed
electricity_load,"Electricity load (SIN)",energy_water,ons_open_data,daily,2024-09-23,85394.0183,mwmed
electricity_load,"Electricity load (SIN)",energy_water,ons_open_data,daily,2024-09-24,87922.0637,mwmed
electricity_load,"Electricity load (SIN)",energy_water,ons_open_data,daily,2024-09-25,88384.9238,mwmed
electricity_load,"Electricity load (SIN)",energy_water,ons_open_data,daily,2024-09-26,88287.0637,mwmed
electricity_load,"Electricity load (SIN)",energy_water,ons_open_data,daily,2024-09-27,86105.6554,mwmed
electricity_load,"Electricity load (SIN)",energy_water,ons_open_data,daily,2024-09-28,76996.0592,mwmed
electricity_load,"Electricity load (SIN)",energy_water,ons_open_data,daily,2024-09-29,70788.8929,mwmed
electricity_load,"Electricity load (SIN)",energy_water,ons_open_data,daily,2024-09-30,83668.0579,mwmed
electricity_load,"Electricity load (SIN)",energy_water,ons_open_data,daily,2024-10-01,87619.3696,mwmed
electricity_load,"Electricity load (SIN)",energy_water,ons_open_data,daily,2024-10-02,89212.2225,mwmed
electricity_load,"Electricity load (SIN)",energy_water,ons_open_data,daily,2024-10-03,85964.1754,mwmed
electricity_load,"Electricity load (SIN)",energy_water,ons_open_data,daily,2024-10-04,83100.5733,mwmed
electricity_load,"Electricity load (SIN)",energy_water,ons_open_data,daily,2024-10-05,76437.8771,mwmed
electricity_load,"Electricity load (SIN)",energy_water,ons_open_data,daily,2024-10-06,69729.5229,mwmed
electricity_load,"Electricity load (SIN)",energy_water,ons_open_data,daily,2024-10-07,82884.9121,mwmed
electricity_load,"Electricity load (SIN)",energy_water,ons_open_data,daily,2024-10-08,86638.4629,mwmed
electricity_load,"Electricity load (SIN)",energy_water,ons_open_data,daily,2024-10-09,86441.0196,mwmed
electricity_load,"Electricity load (SIN)",energy_water,ons_open_data,daily,2024-10-10,84192.9208,mwmed
electricity_load,"Electricity load (SIN)",energy_water,ons_open_data,daily,2024-10-11,80260.7337,mwmed
electricity_load,"Electricity load (SIN)",energy_water,ons_open_data,daily,2024-10-12,71121.4446,mwmed
electricity_load,"Electricity load (SIN)",energy_water,ons_open_data,daily,2024-10-13,67406.3571,mwmed
electricity_load,"Electricity load (SIN)",energy_water,ons_open_data,daily,2024-10-14,80194.6450,mwmed
electricity_load,"Electricity load (SIN)",energy_water,ons_open_data,daily,2024-10-15,82520.9554,mwmed
electricity_load,"Electricity load (SIN)",energy_water,ons_open_data,daily,2024-10-16,82488.1904,mwmed
electricity_load,"Electricity load (SIN)",energy_water,ons_open_data,daily,2024-10-17,83635.3363,mwmed
electricity_load,"Electricity load (SIN)",energy_water,ons_open_data,daily,2024-10-18,83980.9717,mwmed
electricity_load,"Electricity load (SIN)",energy_water,ons_open_data,daily,2024-10-19,75298.6571,mwmed
electricity_load,"Electricity load (SIN)",energy_water,ons_open_data,daily,2024-10-20,67547.1783,mwmed
electricity_load,"Electricity load (SIN)",energy_water,ons_open_data,daily,2024-10-21,79393.1375,mwmed
electricity_load,"Electricity load (SIN)",energy_water,ons_open_data,daily,2024-10-22,84278.7046,mwmed
electricity_load,"Electricity load (SIN)",energy_water,ons_open_data,daily,2024-10-23,86354.9383,mwmed
electricity_load,"Electricity load (SIN)",energy_water,ons_open_data,daily,2024-10-24,85844.7046,mwmed
electricity_load,"Electricity load (SIN)",energy_water,ons_open_data,daily,2024-10-25,85843.2854,mwmed
electricity_load,"Electricity load (SIN)",energy_water,ons_open_data,daily,2024-10-26,78719.6467,mwmed
electricity_load,"Electricity load (SIN)",energy_water,ons_open_data,daily,2024-10-27,69014.1183,mwmed
electricity_load,"Electricity load (SIN)",energy_water,ons_open_data,daily,2024-10-28,79284.2129,mwmed
electricity_load,"Electricity load (SIN)",energy_water,ons_open_data,daily,2024-10-29,82428.5217,mwmed
electricity_load,"Electricity load (SIN)",energy_water,ons_open_data,daily,2024-10-30,83153.2587,mwmed
electricity_load,"Electricity load (SIN)",energy_water,ons_open_data,daily,2024-10-31,82682.4496,mwmed
electricity_load,"Electricity load (SIN)",energy_water,ons_open_data,daily,2024-11-01,82438.2342,mwmed
electricity_load,"Electricity load (SIN)",energy_water,ons_open_data,daily,2024-11-02,74758.0821,mwmed
electricity_load,"Electricity load (SIN)",energy_water,ons_open_data,daily,2024-11-03,70862.5817,mwmed
electricity_load,"Electricity load (SIN)",energy_water,ons_open_data,daily,2024-11-04,82885.9646,mwmed
electricity_load,"Electricity load (SIN)",energy_water,ons_open_data,daily,2024-11-05,84445.5121,mwmed
electricity_load,"Electricity load (SIN)",energy_water,ons_open_data,daily,2024-11-06,85694.7750,mwmed
electricity_load,"Electricity load (SIN)",energy_water,ons_open_data,daily,2024-11-07,85425.7533,mwmed
electricity_load,"Electricity load (SIN)",energy_water,ons_open_data,daily,2024-11-08,83480.1671,mwmed
electricity_load,"Electricity load (SIN)",energy_water,ons_open_data,daily,2024-11-09,69502.2521,mwmed
electricity_load,"Electricity load (SIN)",energy_water,ons_open_data,daily,2024-11-10,70848.9329,mwmed
electricity_load,"Electricity load (SIN)",energy_water,ons_open_data,daily,2024-11-11,81277.8675,mwmed
electricity_load,"Electricity load (SIN)",energy_water,ons_open_data,daily,2024-11-12,83862.6771,mwmed
electricity_load,"Electricity load (SIN)",energy_water,ons_open_data,daily,2024-11-13,81339.0383,mwmed
electricity_load,"Electricity load (SIN)",energy_water,ons_open_data,daily,2024-11-14,79661.2363,mwmed
electricity_load,"Electricity load (SIN)",energy_water,ons_open_data,daily,2024-11-15,74294.0638,mwmed
electricity_load,"Electricity load (SIN)",energy_water,ons_open_data,daily,2024-11-16,74159.7487,mwmed
electricity_load,"Electricity load (SIN)",energy_water,ons_open_data,daily,2024-11-17,70420.9692,mwmed
electricity_load,"Electricity load (SIN)",energy_water,ons_open_data,daily,2024-11-18,83900.0808,mwmed
electricity_load,"Electricity load (SIN)",energy_water,ons_open_data,daily,2024-11-19,85716.5896,mwmed
electricity_load,"Electricity load (SIN)",energy_water,ons_open_data,daily,2024-11-20,81057.4958,mwmed
electricity_load,"Electricity load (SIN)",energy_water,ons_open_data,daily,2024-11-21,85268.6221,mwmed
electricity_load,"Electricity load (SIN)",energy_water,ons_open_data,daily,2024-11-22,82555.9404,mwmed
electricity_load,"Electricity load (SIN)",energy_water,ons_open_data,daily,2024-11-23,75972.6954,mwmed
electricity_load,"Electricity load (SIN)",energy_water,ons_open_data,daily,2024-11-24,69608.9288,mwmed
electricity_load,"Electricity load (SIN)",energy_water,ons_open_data,daily,2024-11-25,81859.9300,mwmed
electricity_load,"Electricity load (SIN)",energy_water,ons_open_data,daily,2024-11-26,85856.9096,mwmed
electricity_load,"Electricity load (SIN)",energy_water,ons_open_data,daily,2024-11-27,89578.3025,mwmed
electricity_load,"Electricity load (SIN)",energy_water,ons_open_data,daily,2024-11-28,90727.1400,mwmed
electricity_load,"Electricity load (SIN)",energy_water,ons_open_data,daily,2024-11-29,88829.0575,mwmed
electricity_load,"Electricity load (SIN)",energy_water,ons_open_data,daily,2024-11-30,81883.2454,mwmed
electricity_load,"Electricity load (SIN)",energy_water,ons_open_data,daily,2024-12-01,75589.6479,mwmed
electricity_load,"Electricity load (SIN)",energy_water,ons_open_data,daily,2024-12-02,88405.8088,mwmed
electricity_load,"Electricity load (SIN)",energy_water,ons_open_data,daily,2024-12-03,86458.4600,mwmed
electricity_load,"Electricity load (SIN)",energy_water,ons_open_data,daily,2024-12-04,83318.6346,mwmed
electricity_load,"Electricity load (SIN)",energy_water,ons_open_data,daily,2024-12-05,83890.8958,mwmed
electricity_load,"Electricity load (SIN)",energy_water,ons_open_data,daily,2024-12-06,87192.4896,mwmed
electricity_load,"Electricity load (SIN)",energy_water,ons_open_data,daily,2024-12-07,80684.8350,mwmed
electricity_load,"Electricity load (SIN)",energy_water,ons_open_data,daily,2024-12-08,74246.1054,mwmed
electricity_load,"Electricity load (SIN)",energy_water,ons_open_data,daily,2024-12-09,85707.6896,mwmed
electricity_load,"Electricity load (SIN)",energy_water,ons_open_data,daily,2024-12-10,86570.8575,mwmed
electricity_load,"Electricity load (SIN)",energy_water,ons_open_data,daily,2024-12-11,84485.9975,mwmed
electricity_load,"Electricity load (SIN)",energy_water,ons_open_data,daily,2024-12-12,84302.1658,mwmed
electricity_load,"Electricity load (SIN)",energy_water,ons_open_data,daily,2024-12-13,84795.8296,mwmed
electricity_load,"Electricity load (SIN)",energy_water,ons_open_data,daily,2024-12-14,77993.0117,mwmed
electricity_load,"Electricity load (SIN)",energy_water,ons_open_data,daily,2024-12-15,71626.5221,mwmed
electricity_load,"Electricity load (SIN)",energy_water,ons_open_data,daily,2024-12-16,83391.6179,mwmed
electricity_load,"Electricity load (SIN)",energy_water,ons_open_data,daily,2024-12-17,84442.4417,mwmed
electricity_load,"Electricity load (SIN)",energy_water,ons_open_data,daily,2024-12-18,83807.0392,mwmed
electricity_load,"Electricity load (SIN)",energy_water,ons_open_data,daily,2024-12-19,84395.0054,mwmed
electricity_load,"Electricity load (SIN)",energy_water,ons_open_data,daily,2024-12-20,84258.8171,mwmed
electricity_load,"Electricity load (SIN)",energy_water,ons_open_data,daily,2024-12-21,78054.9679,mwmed
electricity_load,"Electricity load (SIN)",energy_water,ons_open_data,daily,2024-12-22,72454.7133,mwmed
electricity_load,"Electricity load (SIN)",energy_water,ons_open_data,daily,2024-12-23,77223.8087,mwmed
electricity_load,"Electricity load (SIN)",energy_water,ons_open_data,daily,2024-12-24,72772.3125,mwmed
electricity_load,"Electricity load (SIN)",energy_water,ons_open_data,daily,2024-12-25,66416.5783,mwmed
electricity_load,"Electricity load (SIN)",energy_water,ons_open_data,daily,2024-12-26,75394.7246,mwmed
electricity_load,"Electricity load (SIN)",energy_water,ons_open_data,daily,2024-12-27,77224.8033,mwmed
electricity_load,"Electricity load (SIN)",energy_water,ons_open_data,daily,2024-12-28,74816.1829,mwmed
electricity_load,"Electricity load (SIN)",energy_water,ons_open_data,daily,2024-12-29,70248.5321,mwmed
electricity_load,"Electricity load (SIN)",energy_water,ons_open_data,daily,2024-12-30,74499.6329,mwmed
electricity_load,"Electricity load (SIN)",energy_water,ons_open_data,daily,2024-12-31,71629.2571,mwmed
electricity_load,"Electricity load (SIN)",energy_water,ons_open_data,daily,2025-01-01,66093.5850,mwmed
electricity_load,"Electricity load (SIN)",energy_water,ons_open_data,daily,2025-01-02,77405.0542,mwmed
electricity_load,"Electricity load (SIN)",energy_water,ons_open_data,daily,2025-01-03,80445.5796,mwmed
electricity_load,"Electricity load (SIN)",energy_water,ons_open_data,daily,2025-01-04,76948.5188,mwmed
electricity_load,"Electricity load (SIN)",energy_water,ons_open_data,daily,2025-01-05,71794.2950,mwmed
electricity_load,"Electricity load (SIN)",energy_water,ons_open_data,daily,2025-01-06,82590.3400,mwmed
electricity_load,"Electricity load (SIN)",energy_water,ons_open_data,daily,2025-01-07,84368.5775,mwmed
electricity_load,"Electricity load (SIN)",energy_water,ons_open_data,daily,2025-01-08,85329.3750,mwmed
electricity_load,"Electricity load (SIN)",energy_water,ons_open_data,daily,2025-01-09,84609.9883,mwmed
electricity_load,"Electricity load (SIN)",energy_water,ons_open_data,daily,2025-01-10,83995.7642,mwmed
electricity_load,"Electricity load (SIN)",energy_water,ons_open_data,daily,2025-01-11,78208.2933,mwmed
electricity_load,"Electricity load (SIN)",energy_water,ons_open_data,daily,2025-01-12,71682.5971,mwmed
electricity_load,"Electricity load (SIN)",energy_water,ons_open_data,daily,2025-01-13,81806.8550,mwmed
electricity_load,"Electricity load (SIN)",energy_water,ons_open_data,daily,2025-01-14,83330.4167,mwmed
electricity_load,"Electricity load (SIN)",energy_water,ons_open_data,daily,2025-01-15,83801.3487,mwmed
electricity_load,"Electricity load (SIN)",energy_water,ons_open_data,daily,2025-01-16,85495.4925,mwmed
electricity_load,"Electricity load (SIN)",energy_water,ons_open_data,daily,2025-01-17,86726.9258,mwmed
electricity_load,"Electricity load (SIN)",energy_water,ons_open_data,daily,2025-01-18,81403.1087,mwmed
electricity_load,"Electricity load (SIN)",energy_water,ons_open_data,daily,2025-01-19,76694.1854,mwmed
electricity_load,"Electricity load (SIN)",energy_water,ons_open_data,daily,2025-01-20,88385.4329,mwmed
electricity_load,"Electricity load (SIN)",energy_water,ons_open_data,daily,2025-01-21,91683.5579,mwmed
electricity_load,"Electricity load (SIN)",energy_water,ons_open_data,daily,2025-01-22,93146.4750,mwmed
electricity_load,"Electricity load (SIN)",energy_water,ons_open_data,daily,2025-01-23,91952.3187,mwmed
electricity_load,"Electricity load (SIN)",energy_water,ons_open_data,daily,2025-01-24,90610.8942,mwmed
electricity_load,"Electricity load (SIN)",energy_water,ons_open_data,daily,2025-01-25,83354.1550,mwmed
electricity_load,"Electricity load (SIN)",energy_water,ons_open_data,daily,2025-01-26,76669.3163,mwmed
electricity_load,"Electricity load (SIN)",energy_water,ons_open_data,daily,2025-01-27,87644.4738,mwmed
electricity_load,"Electricity load (SIN)",energy_water,ons_open_data,daily,2025-01-28,89118.8033,mwmed
electricity_load,"Electricity load (SIN)",energy_water,ons_open_data,daily,2025-01-29,89109.5229,mwmed
electricity_load,"Electricity load (SIN)",energy_water,ons_open_data,daily,2025-01-30,87435.3842,mwmed
electricity_load,"Electricity load (SIN)",energy_water,ons_open_data,daily,2025-01-31,84288.2967,mwmed
electricity_load,"Electricity load (SIN)",energy_water,ons_open_data,daily,2025-02-01,78937.6896,mwmed
electricity_load,"Electricity load (SIN)",energy_water,ons_open_data,daily,2025-02-02,73801.7367,mwmed
electricity_load,"Electricity load (SIN)",energy_water,ons_open_data,daily,2025-02-03,86819.5488,mwmed
electricity_load,"Electricity load (SIN)",energy_water,ons_open_data,daily,2025-02-04,89394.8050,mwmed
electricity_load,"Electricity load (SIN)",energy_water,ons_open_data,daily,2025-02-05,90486.0117,mwmed
electricity_load,"Electricity load (SIN)",energy_water,ons_open_data,daily,2025-02-06,90475.7838,mwmed
electricity_load,"Electricity load (SIN)",energy_water,ons_open_data,daily,2025-02-07,90607.3400,mwmed
electricity_load,"Electricity load (SIN)",energy_water,ons_open_data,daily,2025-02-08,82932.1738,mwmed
electricity_load,"Electricity load (SIN)",energy_water,ons_open_data,daily,2025-02-09,77773.0646,mwmed
electricity_load,"Electricity load (SIN)",energy_water,ons_open_data,daily,2025-02-10,90970.5963,mwmed
electricity_load,"Electricity load (SIN)",energy_water,ons_open_data,daily,2025-02-11,93227.7479,mwmed
electricity_load,"Electricity load (SIN)",energy_water,ons_open_data,daily,2025-02-12,93907.3204,mwmed
electricity_load,"Electricity load (SIN)",energy_water,ons_open_data,daily,2025-02-13,92957.7725,mwmed
electricity_load,"Electricity load (SIN)",energy_water,ons_open_data,daily,2025-02-14,91572.6533,mwmed
electricity_load,"Electricity load (SIN)",energy_water,ons_open_data,daily,2025-02-15,85123.1196,mwmed
electricity_load,"Electricity load (SIN)",energy_water,ons_open_data,daily,2025-02-16,79934.9921,mwmed
electricity_load,"Electricity load (SIN)",energy_water,ons_open_data,daily,2025-02-17,93175.2933,mwmed
electricity_load,"Electricity load (SIN)",energy_water,ons_open_data,daily,2025-02-18,93085.3183,mwmed
electricity_load,"Electricity load (SIN)",energy_water,ons_open_data,daily,2025-02-19,92258.3242,mwmed
electricity_load,"Electricity load (SIN)",energy_water,ons_open_data,daily,2025-02-20,93766.2854,mwmed
electricity_load,"Electricity load (SIN)",energy_water,ons_open_data,daily,2025-02-21,94146.5137,mwmed
electricity_load,"Electricity load (SIN)",energy_water,ons_open_data,daily,2025-02-22,86149.7675,mwmed
electricity_load,"Electricity load (SIN)",energy_water,ons_open_data,daily,2025-02-23,80895.3658,mwmed
electricity_load,"Electricity load (SIN)",energy_water,ons_open_data,daily,2025-02-24,93950.6429,mwmed
electricity_load,"Electricity load (SIN)",energy_water,ons_open_data,daily,2025-02-25,95817.4708,mwmed
electricity_load,"Electricity load (SIN)",energy_water,ons_open_data,daily,2025-02-26,95880.7650,mwmed
electricity_load,"Electricity load (SIN)",energy_water,ons_open_data,daily,2025-02-27,95115.6558,mwmed
electricity_load,"Electricity load (SIN)",energy_water,ons_open_data,daily,2025-02-28,94626.0625,mwmed
electricity_load,"Electricity load (SIN)",energy_water,ons_open_data,daily,2025-03-01,85248.8338,mwmed
electricity_load,"Electricity load (SIN)",energy_water,ons_open_data,daily,2025-03-02,79790.9279,mwmed
electricity_load,"Electricity load (SIN)",energy_water,ons_open_data,daily,2025-03-03,85899.3458,mwmed
electricity_load,"Electricity load (SIN)",energy_water,ons_open_data,daily,2025-03-04,85094.2025,mwmed
electricity_load,"Electricity load (SIN)",energy_water,ons_open_data,daily,2025-03-05,90822.3575,mwmed
electricity_load,"Electricity load (SIN)",energy_water,ons_open_data,daily,2025-03-06,93292.8250,mwmed
electricity_load,"Electricity load (SIN)",energy_water,ons_open_data,daily,2025-03-07,93102.4263,mwmed
electricity_load,"Electricity load (SIN)",energy_water,ons_open_data,daily,2025-03-08,86345.4404,mwmed
electricity_load,"Electricity load (SIN)",energy_water,ons_open_data,daily,2025-03-09,79591.7908,mwmed
electricity_load,"Electricity load (SIN)",energy_water,ons_open_data,daily,2025-03-10,90071.0875,mwmed
electricity_load,"Electricity load (SIN)",energy_water,ons_open_data,daily,2025-03-11,91772.9508,mwmed
electricity_load,"Electricity load (SIN)",energy_water,ons_open_data,daily,2025-03-12,90985.7562,mwmed
electricity_load,"Electricity load (SIN)",energy_water,ons_open_data,daily,2025-03-13,91613.5617,mwmed
electricity_load,"Electricity load (SIN)",energy_water,ons_open_data,daily,2025-03-14,89964.1850,mwmed
electricity_load,"Electricity load (SIN)",energy_water,ons_open_data,daily,2025-03-15,83373.4837,mwmed
electricity_load,"Electricity load (SIN)",energy_water,ons_open_data,daily,2025-03-16,76424.4250,mwmed
electricity_load,"Electricity load (SIN)",energy_water,ons_open_data,daily,2025-03-17,87632.6763,mwmed
electricity_load,"Electricity load (SIN)",energy_water,ons_open_data,daily,2025-03-18,88570.3754,mwmed
electricity_load,"Electricity load (SIN)",energy_water,ons_open_data,daily,2025-03-19,86708.8779,mwmed
electricity_load,"Electricity load (SIN)",energy_water,ons_open_data,daily,2025-03-20,85527.0258,mwmed
electricity_load,"Electricity load (SIN)",energy_water,ons_open_data,daily,2025-03-21,85419.8450,mwmed
electricity_load,"Electricity load (SIN)",energy_water,ons_open_data,daily,2025-03-22,79584.6229,mwmed
electricity_load,"Electricity load (SIN)",energy_water,ons_open_data,daily,2025-03-23,75229.0412,mwmed
electricity_load,"Electricity load (SIN)",energy_water,ons_open_data,daily,2025-03-24,86930.6492,mwmed
electricity_load,"Electricity load (SIN)",energy_water,ons_open_data,daily,2025-03-25,88209.2333,mwmed
electricity_load,"Electricity load (SIN)",energy_water,ons_open_data,daily,2025-03-26,88150.2579,mwmed
electricity_load,"Electricity load (SIN)",energy_water,ons_open_data,daily,2025-03-27,87264.3733,mwmed
electricity_load,"Electricity load (SIN)",energy_water,ons_open_data,daily,2025-03-28,87536.1296,mwmed
electricity_load,"Electricity load (SIN)",energy_water,ons_open_data,daily,2025-03-29,81540.3463,mwmed
electricity_load,"Electricity load (SIN)",energy_water,ons_open_data,daily,2025-03-30,75523.7300,mwmed
electricity_load,"Electricity load (SIN)",energy_water,ons_open_data,daily,2025-03-31,87929.8083,mwmed
electricity_load,"Electricity load (SIN)",energy_water,ons_open_data,daily,2025-04-01,88032.1854,mwmed
electricity_load,"Electricity load (SIN)",energy_water,ons_open_data,daily,2025-04-02,88645.6504,mwmed
electricity_load,"Electricity load (SIN)",energy_water,ons_open_data,daily,2025-04-03,89143.6921,mwmed
electricity_load,"Electricity load (SIN)",energy_water,ons_open_data,daily,2025-04-04,86789.3608,mwmed
electricity_load,"Electricity load (SIN)",energy_water,ons_open_data,daily,2025-04-05,75660.3587,mwmed
electricity_load,"Electricity load (SIN)",energy_water,ons_open_data,daily,2025-04-06,68183.8138,mwmed
electricity_load,"Electricity load (SIN)",energy_water,ons_open_data,daily,2025-04-07,79018.1050,mwmed
electricity_load,"Electricity load (SIN)",energy_water,ons_open_data,daily,2025-04-08,81628.8742,mwmed
electricity_load,"Electricity load (SIN)",energy_water,ons_open_data,daily,2025-04-09,83370.7042,mwmed
electricity_load,"Electricity load (SIN)",energy_water,ons_open_data,daily,2025-04-10,83420.0696,mwmed
electricity_load,"Electricity load (SIN)",energy_water,ons_open_data,daily,2025-04-11,81820.6250,mwmed
electricity_load,"Electricity load (SIN)",energy_water,ons_open_data,daily,2025-04-12,76782.8133,mwmed
electricity_load,"Electricity load (SIN)",energy_water,ons_open_data,daily,2025-04-13,71367.5408,mwmed
electricity_load,"Electricity load (SIN)",energy_water,ons_open_data,daily,2025-04-14,81542.6417,mwmed
electricity_load,"Electricity load (SIN)",energy_water,ons_open_data,daily,2025-04-15,82728.3271,mwmed
electricity_load,"Electricity load (SIN)",energy_water,ons_open_data,daily,2025-04-16,82996.4971,mwmed
electricity_load,"Electricity load (SIN)",energy_water,ons_open_data,daily,2025-04-17,82045.4679,mwmed
electricity_load,"Electricity load (SIN)",energy_water,ons_open_data,daily,2025-04-18,72127.5712,mwmed
electricity_load,"Electricity load (SIN)",energy_water,ons_open_data,daily,2025-04-19,72909.5833,mwmed
electricity_load,"Electricity load (SIN)",energy_water,ons_open_data,daily,2025-04-20,67330.4200,mwmed
electricity_load,"Electricity load (SIN)",energy_water,ons_open_data,daily,2025-04-21,70756.3887,mwmed
electricity_load,"Electricity load (SIN)",energy_water,ons_open_data,daily,2025-04-22,78784.9462,mwmed
electricity_load,"Electricity load (SIN)",energy_water,ons_open_data,daily,2025-04-23,79950.6908,mwmed
electricity_load,"Electricity load (SIN)",energy_water,ons_open_data,daily,2025-04-24,81923.7604,mwmed
electricity_load,"Electricity load (SIN)",energy_water,ons_open_data,daily,2025-04-25,83027.2242,mwmed
electricity_load,"Electricity load (SIN)",energy_water,ons_open_data,daily,2025-04-26,76944.6513,mwmed
electricity_load,"Electricity load (SIN)",energy_water,ons_open_data,daily,2025-04-27,70497.9417,mwmed
electricity_load,"Electricity load (SIN)",energy_water,ons_open_data,daily,2025-04-28,82217.6667,mwmed
electricity_load,"Electricity load (SIN)",energy_water,ons_open_data,daily,2025-04-29,82016.8371,mwmed
electricity_load,"Electricity load (SIN)",energy_water,ons_open_data,daily,2025-04-30,80085.1504,mwmed
electricity_load,"Electricity load (SIN)",energy_water,ons_open_data,daily,2025-05-01,71618.0975,mwmed
electricity_load,"Electricity load (SIN)",energy_water,ons_open_data,daily,2025-05-02,75386.4667,mwmed
electricity_load,"Electricity load (SIN)",energy_water,ons_open_data,daily,2025-05-03,71415.5604,mwmed
electricity_load,"Electricity load (SIN)",energy_water,ons_open_data,daily,2025-05-04,67201.8938,mwmed
electricity_load,"Electricity load (SIN)",energy_water,ons_open_data,daily,2025-05-05,78401.4750,mwmed
electricity_load,"Electricity load (SIN)",energy_water,ons_open_data,daily,2025-05-06,80558.9475,mwmed
electricity_load,"Electricity load (SIN)",energy_water,ons_open_data,daily,2025-05-07,81607.1575,mwmed
electricity_load,"Electricity load (SIN)",energy_water,ons_open_data,daily,2025-05-08,82149.0275,mwmed
electricity_load,"Electricity load (SIN)",energy_water,ons_open_data,daily,2025-05-09,83513.1450,mwmed
electricity_load,"Electricity load (SIN)",energy_water,ons_open_data,daily,2025-05-10,76262.0663,mwmed
electricity_load,"Electricity load (SIN)",energy_water,ons_open_data,daily,2025-05-11,67369.1804,mwmed
electricity_load,"Electricity load (SIN)",energy_water,ons_open_data,daily,2025-05-12,76882.1421,mwmed
electricity_load,"Electricity load (SIN)",energy_water,ons_open_data,daily,2025-05-13,78478.5379,mwmed
electricity_load,"Electricity load (SIN)",energy_water,ons_open_data,daily,2025-05-14,77623.1967,mwmed
electricity_load,"Electricity load (SIN)",energy_water,ons_open_data,daily,2025-05-15,77689.2942,mwmed
electricity_load,"Electricity load (SIN)",energy_water,ons_open_data,daily,2025-05-16,77995.4796,mwmed
electricity_load,"Electricity load (SIN)",energy_water,ons_open_data,daily,2025-05-17,73242.6346,mwmed
electricity_load,"Electricity load (SIN)",energy_water,ons_open_data,daily,2025-05-18,67935.4842,mwmed
electricity_load,"Electricity load (SIN)",energy_water,ons_open_data,daily,2025-05-19,78950.7204,mwmed
electricity_load,"Electricity load (SIN)",energy_water,ons_open_data,daily,2025-05-20,80426.4979,mwmed
electricity_load,"Electricity load (SIN)",energy_water,ons_open_data,daily,2025-05-21,80387.2425,mwmed
electricity_load,"Electricity load (SIN)",energy_water,ons_open_data,daily,2025-05-22,80116.4037,mwmed
electricity_load,"Electricity load (SIN)",energy_water,ons_open_data,daily,2025-05-23,79611.8042,mwmed
electricity_load,"Electricity load (SIN)",energy_water,ons_open_data,daily,2025-05-24,73042.5354,mwmed
electricity_load,"Electricity load (SIN)",energy_water,ons_open_data,daily,2025-05-25,66530.3658,mwmed
electricity_load,"Electricity load (SIN)",energy_water,ons_open_data,daily,2025-05-26,76680.7762,mwmed
electricity_load,"Electricity load (SIN)",energy_water,ons_open_data,daily,2025-05-27,78756.6950,mwmed
electricity_load,"Electricity load (SIN)",energy_water,ons_open_data,daily,2025-05-28,78641.6354,mwmed
electricity_load,"Electricity load (SIN)",energy_water,ons_open_data,daily,2025-05-29,76742.3471,mwmed
electricity_load,"Electricity load (SIN)",energy_water,ons_open_data,daily,2025-05-30,76935.4358,mwmed
electricity_load,"Electricity load (SIN)",energy_water,ons_open_data,daily,2025-05-31,71325.8600,mwmed
electricity_load,"Electricity load (SIN)",energy_water,ons_open_data,daily,2025-06-01,65688.1575,mwmed
electricity_load,"Electricity load (SIN)",energy_water,ons_open_data,daily,2025-06-02,76953.9167,mwmed
electricity_load,"Electricity load (SIN)",energy_water,ons_open_data,daily,2025-06-03,79351.0617,mwmed
electricity_load,"Electricity load (SIN)",energy_water,ons_open_data,daily,2025-06-04,79569.3417,mwmed
electricity_load,"Electricity load (SIN)",energy_water,ons_open_data,daily,2025-06-05,79927.0058,mwmed
electricity_load,"Electricity load (SIN)",energy_water,ons_open_data,daily,2025-06-06,79627.1608,mwmed
electricity_load,"Electricity load (SIN)",energy_water,ons_open_data,daily,2025-06-07,74062.5125,mwmed
electricity_load,"Electricity load (SIN)",energy_water,ons_open_data,daily,2025-06-08,67928.8754,mwmed
electricity_load,"Electricity load (SIN)",energy_water,ons_open_data,daily,2025-06-09,78088.6517,mwmed
electricity_load,"Electricity load (SIN)",energy_water,ons_open_data,daily,2025-06-10,78903.2625,mwmed
electricity_load,"Electricity load (SIN)",energy_water,ons_open_data,daily,2025-06-11,77983.5871,mwmed
electricity_load,"Electricity load (SIN)",energy_water,ons_open_data,daily,2025-06-12,76703.9258,mwmed
electricity_load,"Electricity load (SIN)",energy_water,ons_open_data,daily,2025-06-13,75642.7067,mwmed
electricity_load,"Electricity load (SIN)",energy_water,ons_open_data,daily,2025-06-14,70823.9242,mwmed
electricity_load,"Electricity load (SIN)",energy_water,ons_open_data,daily,2025-06-15,65196.6508,mwmed
electricity_load,"Electricity load (SIN)",energy_water,ons_open_data,daily,2025-06-16,75580.9913,mwmed
electricity_load,"Electricity load (SIN)",energy_water,ons_open_data,daily,2025-06-17,77080.9500,mwmed
electricity_load,"Electricity load (SIN)",energy_water,ons_open_data,daily,2025-06-18,77198.0979,mwmed
electricity_load,"Electricity load (SIN)",energy_water,ons_open_data,daily,2025-06-19,72608.6542,mwmed
electricity_load,"Electricity load (SIN)",energy_water,ons_open_data,daily,2025-06-20,74656.2962,mwmed
electricity_load,"Electricity load (SIN)",energy_water,ons_open_data,daily,2025-06-21,69561.0096,mwmed
electricity_load,"Electricity load (SIN)",energy_water,ons_open_data,daily,2025-06-22,65144.3712,mwmed
electricity_load,"Electricity load (SIN)",energy_water,ons_open_data,daily,2025-06-23,76387.8683,mwmed
electricity_load,"Electricity load (SIN)",energy_water,ons_open_data,daily,2025-06-24,77440.4088,mwmed
electricity_load,"Electricity load (SIN)",energy_water,ons_open_data,daily,2025-06-25,76077.8325,mwmed
electricity_load,"Electricity load (SIN)",energy_water,ons_open_data,daily,2025-06-26,77475.6271,mwmed
electricity_load,"Electricity load (SIN)",energy_water,ons_open_data,daily,2025-06-27,78116.3913,mwmed
electricity_load,"Electricity load (SIN)",energy_water,ons_open_data,daily,2025-06-28,72446.4337,mwmed
electricity_load,"Electricity load (SIN)",energy_water,ons_open_data,daily,2025-06-29,65800.4958,mwmed
electricity_load,"Electricity load (SIN)",energy_water,ons_open_data,daily,2025-06-30,76579.5054,mwmed
electricity_load,"Electricity load (SIN)",energy_water,ons_open_data,daily,2025-07-01,77316.4017,mwmed
electricity_load,"Electricity load (SIN)",energy_water,ons_open_data,daily,2025-07-02,76696.3804,mwmed
electricity_load,"Electricity load (SIN)",energy_water,ons_open_data,daily,2025-07-03,76035.1521,mwmed
electricity_load,"Electricity load (SIN)",energy_water,ons_open_data,daily,2025-07-04,75430.7300,mwmed
electricity_load,"Electricity load (SIN)",energy_water,ons_open_data,daily,2025-07-05,68710.9679,mwmed
electricity_load,"Electricity load (SIN)",energy_water,ons_open_data,daily,2025-07-06,63037.0229,mwmed
electricity_load,"Electricity load (SIN)",energy_water,ons_open_data,daily,2025-07-07,75553.3988,mwmed
electricity_load,"Electricity load (SIN)",energy_water,ons_open_data,daily,2025-07-08,75053.3017,mwmed
electricity_load,"Electricity load (SIN)",energy_water,ons_open_data,daily,2025-07-09,74810.0462,mwmed
electricity_load,"Electricity load (SIN)",energy_water,ons_open_data,daily,2025-07-10,76391.2063,mwmed
electricity_load,"Electricity load (SIN)",energy_water,ons_open_data,daily,2025-07-11,76528.6375,mwmed
electricity_load,"Electricity load (SIN)",energy_water,ons_open_data,daily,2025-07-12,70588.9987,mwmed
electricity_load,"Electricity load (SIN)",energy_water,ons_open_data,daily,2025-07-13,64098.3175,mwmed
electricity_load,"Electricity load (SIN)",energy_water,ons_open_data,daily,2025-07-14,74480.6450,mwmed
electricity_load,"Electricity load (SIN)",energy_water,ons_open_data,daily,2025-07-15,76572.4113,mwmed
electricity_load,"Electricity load (SIN)",energy_water,ons_open_data,daily,2025-07-16,76631.1921,mwmed
electricity_load,"Electricity load (SIN)",energy_water,ons_open_data,daily,2025-07-17,77535.6104,mwmed
electricity_load,"Electricity load (SIN)",energy_water,ons_open_data,daily,2025-07-18,77179.0971,mwmed
electricity_load,"Electricity load (SIN)",energy_water,ons_open_data,daily,2025-07-19,70785.3125,mwmed
electricity_load,"Electricity load (SIN)",energy_water,ons_open_data,daily,2025-07-20,64661.8592,mwmed
electricity_load,"Electricity load (SIN)",energy_water,ons_open_data,daily,2025-07-21,75428.7137,mwmed
electricity_load,"Electricity load (SIN)",energy_water,ons_open_data,daily,2025-07-22,77809.8646,mwmed
electricity_load,"Electricity load (SIN)",energy_water,ons_open_data,daily,2025-07-23,79513.5142,mwmed
electricity_load,"Electricity load (SIN)",energy_water,ons_open_data,daily,2025-07-24,79058.8338,mwmed
electricity_load,"Electricity load (SIN)",energy_water,ons_open_data,daily,2025-07-25,77377.3496,mwmed
electricity_load,"Electricity load (SIN)",energy_water,ons_open_data,daily,2025-07-26,70954.2729,mwmed
electricity_load,"Electricity load (SIN)",energy_water,ons_open_data,daily,2025-07-27,66014.6738,mwmed
electricity_load,"Electricity load (SIN)",energy_water,ons_open_data,daily,2025-07-28,76193.1788,mwmed
electricity_load,"Electricity load (SIN)",energy_water,ons_open_data,daily,2025-07-29,76281.9388,mwmed
electricity_load,"Electricity load (SIN)",energy_water,ons_open_data,daily,2025-07-30,75572.2979,mwmed
electricity_load,"Electricity load (SIN)",energy_water,ons_open_data,daily,2025-07-31,75894.4683,mwmed
electricity_load,"Electricity load (SIN)",energy_water,ons_open_data,daily,2025-08-01,75788.5125,mwmed
electricity_load,"Electricity load (SIN)",energy_water,ons_open_data,daily,2025-08-02,70157.1792,mwmed
electricity_load,"Electricity load (SIN)",energy_water,ons_open_data,daily,2025-08-03,64973.9267,mwmed
electricity_load,"Electricity load (SIN)",energy_water,ons_open_data,daily,2025-08-04,75364.6700,mwmed
electricity_load,"Electricity load (SIN)",energy_water,ons_open_data,daily,2025-08-05,77469.4108,mwmed
electricity_load,"Electricity load (SIN)",energy_water,ons_open_data,daily,2025-08-06,76839.5000,mwmed
electricity_load,"Electricity load (SIN)",energy_water,ons_open_data,daily,2025-08-07,77288.4662,mwmed
electricity_load,"Electricity load (SIN)",energy_water,ons_open_data,daily,2025-08-08,77758.9146,mwmed
electricity_load,"Electricity load (SIN)",energy_water,ons_open_data,daily,2025-08-09,70153.8846,mwmed
electricity_load,"Electricity load (SIN)",energy_water,ons_open_data,daily,2025-08-10,62937.7404,mwmed
electricity_load,"Electricity load (SIN)",energy_water,ons_open_data,daily,2025-08-11,73771.5137,mwmed
electricity_load,"Electricity load (SIN)",energy_water,ons_open_data,daily,2025-08-12,75484.2621,mwmed
electricity_load,"Electricity load (SIN)",energy_water,ons_open_data,daily,2025-08-13,76062.7971,mwmed
electricity_load,"Electricity load (SIN)",energy_water,ons_open_data,daily,2025-08-14,77032.3358,mwmed
electricity_load,"Electricity load (SIN)",energy_water,ons_open_data,daily,2025-08-15,76747.1117,mwmed
electricity_load,"Electricity load (SIN)",energy_water,ons_open_data,daily,2025-08-16,71155.3379,mwmed
electricity_load,"Electricity load (SIN)",energy_water,ons_open_data,daily,2025-08-17,65441.0346,mwmed
electricity_load,"Electricity load (SIN)",energy_water,ons_open_data,daily,2025-08-18,76625.5842,mwmed
electricity_load,"Electricity load (SIN)",energy_water,ons_open_data,daily,2025-08-19,78793.5488,mwmed
electricity_load,"Electricity load (SIN)",energy_water,ons_open_data,daily,2025-08-20,79175.0875,mwmed
electricity_load,"Electricity load (SIN)",energy_water,ons_open_data,daily,2025-08-21,80433.0908,mwmed
electricity_load,"Electricity load (SIN)",energy_water,ons_open_data,daily,2025-08-22,80554.0808,mwmed
electricity_load,"Electricity load (SIN)",energy_water,ons_open_data,daily,2025-08-23,75390.7650,mwmed
electricity_load,"Electricity load (SIN)",energy_water,ons_open_data,daily,2025-08-24,68481.4929,mwmed
electricity_load,"Electricity load (SIN)",energy_water,ons_open_data,daily,2025-08-25,78036.9721,mwmed
electricity_load,"Electricity load (SIN)",energy_water,ons_open_data,daily,2025-08-26,79651.5904,mwmed
electricity_load,"Electricity load (SIN)",energy_water,ons_open_data,daily,2025-08-27,78986.9296,mwmed
electricity_load,"Electricity load (SIN)",energy_water,ons_open_data,daily,2025-08-28,79246.2558,mwmed
electricity_load,"Electricity load (SIN)",energy_water,ons_open_data,daily,2025-08-29,79208.6525,mwmed
electricity_load,"Electricity load (SIN)",energy_water,ons_open_data,daily,2025-08-30,71917.9742,mwmed
electricity_load,"Electricity load (SIN)",energy_water,ons_open_data,daily,2025-08-31,66090.6933,mwmed
electricity_load,"Electricity load (SIN)",energy_water,ons_open_data,daily,2025-09-01,77310.5700,mwmed
electricity_load,"Electricity load (SIN)",energy_water,ons_open_data,daily,2025-09-02,79669.0058,mwmed
electricity_load,"Electricity load (SIN)",energy_water,ons_open_data,daily,2025-09-03,79779.8892,mwmed
electricity_load,"Electricity load (SIN)",energy_water,ons_open_data,daily,2025-09-04,80249.3092,mwmed
electricity_load,"Electricity load (SIN)",energy_water,ons_open_data,daily,2025-09-05,80012.1800,mwmed
electricity_load,"Electricity load (SIN)",energy_water,ons_open_data,daily,2025-09-06,72035.1037,mwmed
electricity_load,"Electricity load (SIN)",energy_water,ons_open_data,daily,2025-09-07,66048.1329,mwmed
electricity_load,"Electricity load (SIN)",energy_water,ons_open_data,daily,2025-09-08,78213.9012,mwmed
electricity_load,"Electricity load (SIN)",energy_water,ons_open_data,daily,2025-09-09,81398.7108,mwmed
electricity_load,"Electricity load (SIN)",energy_water,ons_open_data,daily,2025-09-10,80240.8925,mwmed
electricity_load,"Electricity load (SIN)",energy_water,ons_open_data,daily,2025-09-11,81188.5358,mwmed
electricity_load,"Electricity load (SIN)",energy_water,ons_open_data,daily,2025-09-12,80677.9167,mwmed
electricity_load,"Electricity load (SIN)",energy_water,ons_open_data,daily,2025-09-13,74400.1433,mwmed
electricity_load,"Electricity load (SIN)",energy_water,ons_open_data,daily,2025-09-14,68520.9783,mwmed
electricity_load,"Electricity load (SIN)",energy_water,ons_open_data,daily,2025-09-15,80075.3917,mwmed
electricity_load,"Electricity load (SIN)",energy_water,ons_open_data,daily,2025-09-16,80854.1092,mwmed
electricity_load,"Electricity load (SIN)",energy_water,ons_open_data,daily,2025-09-17,80486.2771,mwmed
electricity_load,"Electricity load (SIN)",energy_water,ons_open_data,daily,2025-09-18,80560.3125,mwmed
electricity_load,"Electricity load (SIN)",energy_water,ons_open_data,daily,2025-09-19,82101.1329,mwmed
electricity_load,"Electricity load (SIN)",energy_water,ons_open_data,daily,2025-09-20,76677.3200,mwmed
electricity_load,"Electricity load (SIN)",energy_water,ons_open_data,daily,2025-09-21,72250.8712,mwmed
electricity_load,"Electricity load (SIN)",energy_water,ons_open_data,daily,2025-09-22,81880.9204,mwmed
electricity_load,"Electricity load (SIN)",energy_water,ons_open_data,daily,2025-09-23,79863.1837,mwmed
electricity_load,"Electricity load (SIN)",energy_water,ons_open_data,daily,2025-09-24,79450.8875,mwmed
electricity_load,"Electricity load (SIN)",energy_water,ons_open_data,daily,2025-09-25,77461.2942,mwmed
electricity_load,"Electricity load (SIN)",energy_water,ons_open_data,daily,2025-09-26,76096.6288,mwmed
electricity_load,"Electricity load (SIN)",energy_water,ons_open_data,daily,2025-09-27,69905.1346,mwmed
electricity_load,"Electricity load (SIN)",energy_water,ons_open_data,daily,2025-09-28,65828.3788,mwmed
electricity_load,"Electricity load (SIN)",energy_water,ons_open_data,daily,2025-09-29,77548.9662,mwmed
electricity_load,"Electricity load (SIN)",energy_water,ons_open_data,daily,2025-09-30,81766.7063,mwmed
electricity_load,"Electricity load (SIN)",energy_water,ons_open_data,daily,2025-10-01,80921.2371,mwmed
electricity_load,"Electricity load (SIN)",energy_water,ons_open_data,daily,2025-10-02,80756.7554,mwmed
electricity_load,"Electricity load (SIN)",energy_water,ons_open_data,daily,2025-10-03,81163.7642,mwmed
electricity_load,"Electricity load (SIN)",energy_water,ons_open_data,daily,2025-10-04,74619.0867,mwmed
electricity_load,"Electricity load (SIN)",energy_water,ons_open_data,daily,2025-10-05,70147.1729,mwmed
electricity_load,"Electricity load (SIN)",energy_water,ons_open_data,daily,2025-10-06,83742.8417,mwmed
electricity_load,"Electricity load (SIN)",energy_water,ons_open_data,daily,2025-10-07,83428.9279,mwmed
electricity_load,"Electricity load (SIN)",energy_water,ons_open_data,daily,2025-10-08,81076.5492,mwmed
electricity_load,"Electricity load (SIN)",energy_water,ons_open_data,daily,2025-10-09,80772.4000,mwmed
electricity_load,"Electricity load (SIN)",energy_water,ons_open_data,daily,2025-10-10,80442.5513,mwmed
electricity_load,"Electricity load (SIN)",energy_water,ons_open_data,daily,2025-10-11,74167.1175,mwmed
electricity_load,"Electricity load (SIN)",energy_water,ons_open_data,daily,2025-10-12,69580.6608,mwmed
electricity_load,"Electricity load (SIN)",energy_water,ons_open_data,daily,2025-10-13,81803.5533,mwmed
electricity_load,"Electricity load (SIN)",energy_water,ons_open_data,daily,2025-10-14,81901.0458,mwmed
electricity_load,"Electricity load (SIN)",energy_water,ons_open_data,daily,2025-10-15,81172.1704,mwmed
electricity_load,"Electricity load (SIN)",energy_water,ons_open_data,daily,2025-10-16,83064.8350,mwmed
electricity_load,"Electricity load (SIN)",energy_water,ons_open_data,daily,2025-10-17,84770.3492,mwmed
electricity_load,"Electricity load (SIN)",energy_water,ons_open_data,daily,2025-10-18,78773.6987,mwmed
electricity_load,"Electricity load (SIN)",energy_water,ons_open_data,daily,2025-10-19,67982.9654,mwmed
electricity_load,"Electricity load (SIN)",energy_water,ons_open_data,daily,2025-10-20,75729.1712,mwmed
electricity_load,"Electricity load (SIN)",energy_water,ons_open_data,daily,2025-10-21,75997.2608,mwmed
electricity_load,"Electricity load (SIN)",energy_water,ons_open_data,daily,2025-10-22,75896.3158,mwmed
electricity_load,"Electricity load (SIN)",energy_water,ons_open_data,daily,2025-10-23,76837.9883,mwmed
electricity_load,"Electricity load (SIN)",energy_water,ons_open_data,daily,2025-10-24,78398.0563,mwmed
electricity_load,"Electricity load (SIN)",energy_water,ons_open_data,daily,2025-10-25,74811.9646,mwmed
electricity_load,"Electricity load (SIN)",energy_water,ons_open_data,daily,2025-10-26,70591.0754,mwmed
electricity_load,"Electricity load (SIN)",energy_water,ons_open_data,daily,2025-10-27,81017.9637,mwmed
electricity_load,"Electricity load (SIN)",energy_water,ons_open_data,daily,2025-10-28,83349.1546,mwmed
electricity_load,"Electricity load (SIN)",energy_water,ons_open_data,daily,2025-10-29,83448.4863,mwmed
electricity_load,"Electricity load (SIN)",energy_water,ons_open_data,daily,2025-10-30,82649.8492,mwmed
electricity_load,"Electricity load (SIN)",energy_water,ons_open_data,daily,2025-10-31,80467.7779,mwmed
electricity_load,"Electricity load (SIN)",energy_water,ons_open_data,daily,2025-11-01,74616.6288,mwmed
electricity_load,"Electricity load (SIN)",energy_water,ons_open_data,daily,2025-11-02,70125.0429,mwmed
electricity_load,"Electricity load (SIN)",energy_water,ons_open_data,daily,2025-11-03,81096.1354,mwmed
electricity_load,"Electricity load (SIN)",energy_water,ons_open_data,daily,2025-11-04,83095.4479,mwmed
electricity_load,"Electricity load (SIN)",energy_water,ons_open_data,daily,2025-11-05,86037.1642,mwmed
electricity_load,"Electricity load (SIN)",energy_water,ons_open_data,daily,2025-11-06,83160.6621,mwmed
electricity_load,"Electricity load (SIN)",energy_water,ons_open_data,daily,2025-11-07,82899.2350,mwmed
electricity_load,"Electricity load (SIN)",energy_water,ons_open_data,daily,2025-11-08,75994.2075,mwmed
electricity_load,"Electricity load (SIN)",energy_water,ons_open_data,daily,2025-11-09,68352.8808,mwmed
electricity_load,"Electricity load (SIN)",energy_water,ons_open_data,daily,2025-11-10,78111.9117,mwmed
electricity_load,"Electricity load (SIN)",energy_water,ons_open_data,daily,2025-11-11,80112.2925,mwmed
electricity_load,"Electricity load (SIN)",energy_water,ons_open_data,daily,2025-11-12,82906.9854,mwmed
electricity_load,"Electricity load (SIN)",energy_water,ons_open_data,daily,2025-11-13,83977.3725,mwmed
electricity_load,"Electricity load (SIN)",energy_water,ons_open_data,daily,2025-11-14,84021.1438,mwmed
electricity_load,"Electricity load (SIN)",energy_water,ons_open_data,daily,2025-11-15,75920.6158,mwmed
electricity_load,"Electricity load (SIN)",energy_water,ons_open_data,daily,2025-11-16,73660.0579,mwmed
electricity_load,"Electricity load (SIN)",energy_water,ons_open_data,daily,2025-11-17,85069.3938,mwmed
electricity_load,"Electricity load (SIN)",energy_water,ons_open_data,daily,2025-11-18,85436.1442,mwmed
electricity_load,"Electricity load (SIN)",energy_water,ons_open_data,daily,2025-11-19,83372.0467,mwmed
electricity_load,"Electricity load (SIN)",energy_water,ons_open_data,daily,2025-11-20,77654.5758,mwmed
electricity_load,"Electricity load (SIN)",energy_water,ons_open_data,daily,2025-11-21,81505.4121,mwmed
electricity_load,"Electricity load (SIN)",energy_water,ons_open_data,daily,2025-11-22,78580.3129,mwmed
electricity_load,"Electricity load (SIN)",energy_water,ons_open_data,daily,2025-11-23,72707.3667,mwmed
electricity_load,"Electricity load (SIN)",energy_water,ons_open_data,daily,2025-11-24,82285.2438,mwmed
electricity_load,"Electricity load (SIN)",energy_water,ons_open_data,daily,2025-11-25,83301.5925,mwmed
electricity_load,"Electricity load (SIN)",energy_water,ons_open_data,daily,2025-11-26,83898.3279,mwmed
electricity_load,"Electricity load (SIN)",energy_water,ons_open_data,daily,2025-11-27,85134.0083,mwmed
electricity_load,"Electricity load (SIN)",energy_water,ons_open_data,daily,2025-11-28,87007.7533,mwmed
electricity_load,"Electricity load (SIN)",energy_water,ons_open_data,daily,2025-11-29,80213.6808,mwmed
electricity_load,"Electricity load (SIN)",energy_water,ons_open_data,daily,2025-11-30,75052.1263,mwmed
electricity_load,"Electricity load (SIN)",energy_water,ons_open_data,daily,2025-12-01,87575.0571,mwmed
electricity_load,"Electricity load (SIN)",energy_water,ons_open_data,daily,2025-12-02,88741.1483,mwmed
electricity_load,"Electricity load (SIN)",energy_water,ons_open_data,daily,2025-12-03,88006.8058,mwmed
electricity_load,"Electricity load (SIN)",energy_water,ons_open_data,daily,2025-12-04,86239.9388,mwmed
electricity_load,"Electricity load (SIN)",energy_water,ons_open_data,daily,2025-12-05,86083.1617,mwmed
electricity_load,"Electricity load (SIN)",energy_water,ons_open_data,daily,2025-12-06,81055.9258,mwmed
electricity_load,"Electricity load (SIN)",energy_water,ons_open_data,daily,2025-12-07,76111.0417,mwmed
electricity_load,"Electricity load (SIN)",energy_water,ons_open_data,daily,2025-12-08,85913.8679,mwmed
electricity_load,"Electricity load (SIN)",energy_water,ons_open_data,daily,2025-12-09,85042.7612,mwmed
electricity_load,"Electricity load (SIN)",energy_water,ons_open_data,daily,2025-12-10,83625.0058,mwmed
electricity_load,"Electricity load (SIN)",energy_water,ons_open_data,daily,2025-12-11,85721.1721,mwmed
electricity_load,"Electricity load (SIN)",energy_water,ons_open_data,daily,2025-12-12,87390.1075,mwmed
electricity_load,"Electricity load (SIN)",energy_water,ons_open_data,daily,2025-12-13,80087.0467,mwmed
electricity_load,"Electricity load (SIN)",energy_water,ons_open_data,daily,2025-12-14,74479.5929,mwmed
electricity_load,"Electricity load (SIN)",energy_water,ons_open_data,daily,2025-12-15,86922.6813,mwmed
electricity_load,"Electricity load (SIN)",energy_water,ons_open_data,daily,2025-12-16,87314.8283,mwmed
electricity_load,"Electricity load (SIN)",energy_water,ons_open_data,daily,2025-12-17,81901.4263,mwmed
electricity_load,"Electricity load (SIN)",energy_water,ons_open_data,daily,2025-12-18,80953.4275,mwmed
electricity_load,"Electricity load (SIN)",energy_water,ons_open_data,daily,2025-12-19,81343.0346,mwmed
electricity_load,"Electricity load (SIN)",energy_water,ons_open_data,daily,2025-12-20,76545.8358,mwmed
electricity_load,"Electricity load (SIN)",energy_water,ons_open_data,daily,2025-12-21,73120.2704,mwmed
electricity_load,"Electricity load (SIN)",energy_water,ons_open_data,daily,2025-12-22,82438.3421,mwmed
electricity_load,"Electricity load (SIN)",energy_water,ons_open_data,daily,2025-12-23,83896.0392,mwmed
electricity_load,"Electricity load (SIN)",energy_water,ons_open_data,daily,2025-12-24,78709.0050,mwmed
electricity_load,"Electricity load (SIN)",energy_water,ons_open_data,daily,2025-12-25,71112.4050,mwmed
electricity_load,"Electricity load (SIN)",energy_water,ons_open_data,daily,2025-12-26,81667.2046,mwmed
electricity_load,"Electricity load (SIN)",energy_water,ons_open_data,daily,2025-12-27,81916.0842,mwmed
electricity_load,"Electricity load (SIN)",energy_water,ons_open_data,daily,2025-12-28,78465.6133,mwmed
electricity_load,"Electricity load (SIN)",energy_water,ons_open_data,daily,2025-12-29,84829.5475,mwmed
electricity_load,"Electricity load (SIN)",energy_water,ons_open_data,daily,2025-12-30,84943.8512,mwmed
electricity_load,"Electricity load (SIN)",energy_water,ons_open_data,daily,2025-12-31,79639.8142,mwmed
electricity_load,"Electricity load (SIN)",energy_water,ons_open_data,daily,2026-01-01,71586.4012,mwmed
electricity_load,"Electricity load (SIN)",energy_water,ons_open_data,daily,2026-01-02,79383.8975,mwmed
electricity_load,"Electricity load (SIN)",energy_water,ons_open_data,daily,2026-01-03,76919.5779,mwmed
electricity_load,"Electricity load (SIN)",energy_water,ons_open_data,daily,2026-01-04,71529.9554,mwmed
electricity_load,"Electricity load (SIN)",energy_water,ons_open_data,daily,2026-01-05,78451.9792,mwmed
electricity_load,"Electricity load (SIN)",energy_water,ons_open_data,daily,2026-01-06,80768.4892,mwmed
electricity_load,"Electricity load (SIN)",energy_water,ons_open_data,daily,2026-01-07,84419.3475,mwmed
electricity_load,"Electricity load (SIN)",energy_water,ons_open_data,daily,2026-01-08,86678.5175,mwmed
electricity_load,"Electricity load (SIN)",energy_water,ons_open_data,daily,2026-01-09,88885.5775,mwmed
electricity_load,"Electricity load (SIN)",energy_water,ons_open_data,daily,2026-01-10,82591.9979,mwmed
electricity_load,"Electricity load (SIN)",energy_water,ons_open_data,daily,2026-01-11,76148.2100,mwmed
electricity_load,"Electricity load (SIN)",energy_water,ons_open_data,daily,2026-01-12,88951.9163,mwmed
electricity_load,"Electricity load (SIN)",energy_water,ons_open_data,daily,2026-01-13,89223.3654,mwmed
electricity_load,"Electricity load (SIN)",energy_water,ons_open_data,daily,2026-01-14,89621.2254,mwmed
electricity_load,"Electricity load (SIN)",energy_water,ons_open_data,daily,2026-01-15,90522.1196,mwmed
electricity_load,"Electricity load (SIN)",energy_water,ons_open_data,daily,2026-01-16,91228.2188,mwmed
electricity_load,"Electricity load (SIN)",energy_water,ons_open_data,daily,2026-01-17,84424.7525,mwmed
electricity_load,"Electricity load (SIN)",energy_water,ons_open_data,daily,2026-01-18,77467.5513,mwmed
electricity_load,"Electricity load (SIN)",energy_water,ons_open_data,daily,2026-01-19,86274.7217,mwmed
electricity_load,"Electricity load (SIN)",energy_water,ons_open_data,daily,2026-01-20,83136.7988,mwmed
electricity_load,"Electricity load (SIN)",energy_water,ons_open_data,daily,2026-01-21,82161.9950,mwmed
electricity_load,"Electricity load (SIN)",energy_water,ons_open_data,daily,2026-01-22,82155.0488,mwmed
electricity_load,"Electricity load (SIN)",energy_water,ons_open_data,daily,2026-01-23,82259.7075,mwmed
electricity_load,"Electricity load (SIN)",energy_water,ons_open_data,daily,2026-01-24,77370.2175,mwmed
electricity_load,"Electricity load (SIN)",energy_water,ons_open_data,daily,2026-01-25,73238.2858,mwmed
electricity_load,"Electricity load (SIN)",energy_water,ons_open_data,daily,2026-01-26,86175.2033,mwmed
electricity_load,"Electricity load (SIN)",energy_water,ons_open_data,daily,2026-01-27,89047.9313,mwmed
electricity_load,"Electricity load (SIN)",energy_water,ons_open_data,daily,2026-01-28,90221.6217,mwmed
electricity_load,"Electricity load (SIN)",energy_water,ons_open_data,daily,2026-01-29,89784.9263,mwmed
electricity_load,"Electricity load (SIN)",energy_water,ons_open_data,daily,2026-01-30,87861.5204,mwmed
electricity_load,"Electricity load (SIN)",energy_water,ons_open_data,daily,2026-01-31,81166.0533,mwmed
electricity_load,"Electricity load (SIN)",energy_water,ons_open_data,daily,2026-02-01,76282.1775,mwmed
electricity_load,"Electricity load (SIN)",energy_water,ons_open_data,daily,2026-02-02,87048.9613,mwmed
electricity_load,"Electricity load (SIN)",energy_water,ons_open_data,daily,2026-02-03,89283.1233,mwmed
electricity_load,"Electricity load (SIN)",energy_water,ons_open_data,daily,2026-02-04,89525.7042,mwmed
electricity_load,"Electricity load (SIN)",energy_water,ons_open_data,daily,2026-02-05,90066.7746,mwmed
electricity_load,"Electricity load (SIN)",energy_water,ons_open_data,daily,2026-02-06,90367.7863,mwmed
electricity_load,"Electricity load (SIN)",energy_water,ons_open_data,daily,2026-02-07,82929.3883,mwmed
electricity_load,"Electricity load (SIN)",energy_water,ons_open_data,daily,2026-02-08,74119.9154,mwmed
electricity_load,"Electricity load (SIN)",energy_water,ons_open_data,daily,2026-02-09,83971.4221,mwmed
electricity_load,"Electricity load (SIN)",energy_water,ons_open_data,daily,2026-02-10,86210.9392,mwmed
electricity_load,"Electricity load (SIN)",energy_water,ons_open_data,daily,2026-02-11,88646.3850,mwmed
electricity_load,"Electricity load (SIN)",energy_water,ons_open_data,daily,2026-02-12,90932.6588,mwmed
electricity_load,"Electricity load (SIN)",energy_water,ons_open_data,daily,2026-02-13,90694.9600,mwmed
electricity_load,"Electricity load (SIN)",energy_water,ons_open_data,daily,2026-02-14,81834.4512,mwmed
electricity_load,"Electricity load (SIN)",energy_water,ons_open_data,daily,2026-02-15,75911.1075,mwmed
electricity_load,"Electricity load (SIN)",energy_water,ons_open_data,daily,2026-02-16,83628.0938,mwmed
electricity_load,"Electricity load (SIN)",energy_water,ons_open_data,daily,2026-02-17,85653.0312,mwmed
electricity_load,"Electricity load (SIN)",energy_water,ons_open_data,daily,2026-02-18,91024.1704,mwmed
electricity_load,"Electricity load (SIN)",energy_water,ons_open_data,daily,2026-02-19,92081.4300,mwmed
electricity_load,"Electricity load (SIN)",energy_water,ons_open_data,daily,2026-02-20,92079.1833,mwmed
electricity_load,"Electricity load (SIN)",energy_water,ons_open_data,daily,2026-02-21,83439.3996,mwmed
electricity_load,"Electricity load (SIN)",energy_water,ons_open_data,daily,2026-02-22,75718.6296,mwmed
electricity_load,"Electricity load (SIN)",energy_water,ons_open_data,daily,2026-02-23,87425.9367,mwmed
electricity_load,"Electricity load (SIN)",energy_water,ons_open_data,daily,2026-02-24,88434.3354,mwmed
electricity_load,"Electricity load (SIN)",energy_water,ons_open_data,daily,2026-02-25,89099.4650,mwmed
electricity_load,"Electricity load (SIN)",energy_water,ons_open_data,daily,2026-02-26,88339.2762,mwmed
electricity_load,"Electricity load (SIN)",energy_water,ons_open_data,daily,2026-02-27,85943.5833,mwmed
electricity_load,"Electricity load (SIN)",energy_water,ons_open_data,daily,2026-02-28,78472.7029,mwmed
electricity_load,"Electricity load (SIN)",energy_water,ons_open_data,daily,2026-03-01,71604.3604,mwmed
electricity_load,"Electricity load (SIN)",energy_water,ons_open_data,daily,2026-03-02,83715.2246,mwmed
electricity_load,"Electricity load (SIN)",energy_water,ons_open_data,daily,2026-03-03,86198.0729,mwmed
electricity_load,"Electricity load (SIN)",energy_water,ons_open_data,daily,2026-03-04,87927.6750,mwmed
electricity_load,"Electricity load (SIN)",energy_water,ons_open_data,daily,2026-03-05,89110.1183,mwmed
electricity_load,"Electricity load (SIN)",energy_water,ons_open_data,daily,2026-03-06,89148.7213,mwmed
electricity_load,"Electricity load (SIN)",energy_water,ons_open_data,daily,2026-03-07,81903.1188,mwmed
electricity_load,"Electricity load (SIN)",energy_water,ons_open_data,daily,2026-03-08,74718.9542,mwmed
electricity_load,"Electricity load (SIN)",energy_water,ons_open_data,daily,2026-03-09,85936.0363,mwmed
electricity_load,"Electricity load (SIN)",energy_water,ons_open_data,daily,2026-03-10,85276.1533,mwmed
electricity_load,"Electricity load (SIN)",energy_water,ons_open_data,daily,2026-03-11,85701.5108,mwmed
electricity_load,"Electricity load (SIN)",energy_water,ons_open_data,daily,2026-03-12,85759.8600,mwmed
electricity_load,"Electricity load (SIN)",energy_water,ons_open_data,daily,2026-03-13,85123.9458,mwmed
electricity_load,"Electricity load (SIN)",energy_water,ons_open_data,daily,2026-03-14,79213.7633,mwmed
electricity_load,"Electricity load (SIN)",energy_water,ons_open_data,daily,2026-03-15,74830.3938,mwmed
electricity_load,"Electricity load (SIN)",energy_water,ons_open_data,daily,2026-03-16,88741.9104,mwmed
electricity_load,"Electricity load (SIN)",energy_water,ons_open_data,daily,2026-03-17,90052.4858,mwmed
electricity_load,"Electricity load (SIN)",energy_water,ons_open_data,daily,2026-03-18,89604.7100,mwmed
electricity_load,"Electricity load (SIN)",energy_water,ons_open_data,daily,2026-03-19,88815.7671,mwmed
electricity_load,"Electricity load (SIN)",energy_water,ons_open_data,daily,2026-03-20,87772.3692,mwmed
electricity_load,"Electricity load (SIN)",energy_water,ons_open_data,daily,2026-03-21,80975.1633,mwmed
electricity_load,"Electricity load (SIN)",energy_water,ons_open_data,daily,2026-03-22,75697.4075,mwmed
electricity_load,"Electricity load (SIN)",energy_water,ons_open_data,daily,2026-03-23,87768.6067,mwmed
electricity_load,"Electricity load (SIN)",energy_water,ons_open_data,daily,2026-03-24,88438.0021,mwmed
electricity_load,"Electricity load (SIN)",energy_water,ons_open_data,daily,2026-03-25,88157.7350,mwmed
electricity_load,"Electricity load (SIN)",energy_water,ons_open_data,daily,2026-03-26,88844.0938,mwmed
electricity_load,"Electricity load (SIN)",energy_water,ons_open_data,daily,2026-03-27,89245.9775,mwmed
electricity_load,"Electricity load (SIN)",energy_water,ons_open_data,daily,2026-03-28,82143.8412,mwmed
electricity_load,"Electricity load (SIN)",energy_water,ons_open_data,daily,2026-03-29,75984.8400,mwmed
electricity_load,"Electricity load (SIN)",energy_water,ons_open_data,daily,2026-03-30,88008.5229,mwmed
electricity_load,"Electricity load (SIN)",energy_water,ons_open_data,daily,2026-03-31,87768.1712,mwmed
electricity_load,"Electricity load (SIN)",energy_water,ons_open_data,daily,2026-04-01,85742.8717,mwmed
electricity_load,"Electricity load (SIN)",energy_water,ons_open_data,daily,2026-04-02,85174.5671,mwmed
electricity_load,"Electricity load (SIN)",energy_water,ons_open_data,daily,2026-04-03,73772.9583,mwmed
electricity_load,"Electricity load (SIN)",energy_water,ons_open_data,daily,2026-04-04,75712.8083,mwmed
electricity_load,"Electricity load (SIN)",energy_water,ons_open_data,daily,2026-04-05,72079.5217,mwmed
electricity_load,"Electricity load (SIN)",energy_water,ons_open_data,daily,2026-04-06,85210.9146,mwmed
electricity_load,"Electricity load (SIN)",energy_water,ons_open_data,daily,2026-04-07,87619.6738,mwmed
electricity_load,"Electricity load (SIN)",energy_water,ons_open_data,daily,2026-04-08,87163.4938,mwmed
electricity_load,"Electricity load (SIN)",energy_water,ons_open_data,daily,2026-04-09,86307.2196,mwmed
electricity_load,"Electricity load (SIN)",energy_water,ons_open_data,daily,2026-04-10,84251.3638,mwmed
electricity_load,"Electricity load (SIN)",energy_water,ons_open_data,daily,2026-04-11,75767.3567,mwmed
electricity_load,"Electricity load (SIN)",energy_water,ons_open_data,daily,2026-04-12,69835.9742,mwmed
electricity_load,"Electricity load (SIN)",energy_water,ons_open_data,daily,2026-04-13,81296.8488,mwmed
electricity_load,"Electricity load (SIN)",energy_water,ons_open_data,daily,2026-04-14,83359.1012,mwmed
electricity_load,"Electricity load (SIN)",energy_water,ons_open_data,daily,2026-04-15,83037.4837,mwmed
electricity_load,"Electricity load (SIN)",energy_water,ons_open_data,daily,2026-04-16,83580.0558,mwmed
electricity_load,"Electricity load (SIN)",energy_water,ons_open_data,daily,2026-04-17,84956.8333,mwmed
electricity_load,"Electricity load (SIN)",energy_water,ons_open_data,daily,2026-04-18,77604.5542,mwmed
electricity_load,"Electricity load (SIN)",energy_water,ons_open_data,daily,2026-04-19,71035.2658,mwmed
electricity_load,"Electricity load (SIN)",energy_water,ons_open_data,daily,2026-04-20,78161.5100,mwmed
electricity_load,"Electricity load (SIN)",energy_water,ons_open_data,daily,2026-04-21,76349.5700,mwmed
electricity_load,"Electricity load (SIN)",energy_water,ons_open_data,daily,2026-04-22,82661.9454,mwmed
electricity_load,"Electricity load (SIN)",energy_water,ons_open_data,daily,2026-04-23,83018.2921,mwmed
electricity_load,"Electricity load (SIN)",energy_water,ons_open_data,daily,2026-04-24,83287.1367,mwmed
electricity_load,"Electricity load (SIN)",energy_water,ons_open_data,daily,2026-04-25,77101.9729,mwmed
electricity_load,"Electricity load (SIN)",energy_water,ons_open_data,daily,2026-04-26,71558.9975,mwmed
electricity_load,"Electricity load (SIN)",energy_water,ons_open_data,daily,2026-04-27,83258.0204,mwmed
electricity_load,"Electricity load (SIN)",energy_water,ons_open_data,daily,2026-04-28,84779.3600,mwmed
electricity_load,"Electricity load (SIN)",energy_water,ons_open_data,daily,2026-04-29,85492.3233,mwmed
electricity_load,"Electricity load (SIN)",energy_water,ons_open_data,daily,2026-04-30,83113.3821,mwmed
electricity_load,"Electricity load (SIN)",energy_water,ons_open_data,daily,2026-05-01,72730.2079,mwmed
electricity_load,"Electricity load (SIN)",energy_water,ons_open_data,daily,2026-05-02,71820.1738,mwmed
electricity_load,"Electricity load (SIN)",energy_water,ons_open_data,daily,2026-05-03,65890.0596,mwmed
electricity_load,"Electricity load (SIN)",energy_water,ons_open_data,daily,2026-05-04,77134.2321,mwmed
electricity_load,"Electricity load (SIN)",energy_water,ons_open_data,daily,2026-05-05,80216.9025,mwmed
electricity_load,"Electricity load (SIN)",energy_water,ons_open_data,daily,2026-05-06,82751.0283,mwmed
electricity_load,"Electricity load (SIN)",energy_water,ons_open_data,daily,2026-05-07,83763.4367,mwmed
electricity_load,"Electricity load (SIN)",energy_water,ons_open_data,daily,2026-05-08,83727.3225,mwmed
electricity_load,"Electricity load (SIN)",energy_water,ons_open_data,daily,2026-05-09,76735.4496,mwmed
electricity_load,"Electricity load (SIN)",energy_water,ons_open_data,daily,2026-05-10,67748.6096,mwmed
electricity_load,"Electricity load (SIN)",energy_water,ons_open_data,daily,2026-05-11,76145.9713,mwmed
electricity_load,"Electricity load (SIN)",energy_water,ons_open_data,daily,2026-05-12,77015.4279,mwmed
electricity_load,"Electricity load (SIN)",energy_water,ons_open_data,daily,2026-05-13,77567.3871,mwmed
electricity_load,"Electricity load (SIN)",energy_water,ons_open_data,daily,2026-05-14,79777.1962,mwmed
electricity_load,"Electricity load (SIN)",energy_water,ons_open_data,daily,2026-05-15,81715.4471,mwmed
electricity_load,"Electricity load (SIN)",energy_water,ons_open_data,daily,2026-05-16,75650.7217,mwmed
electricity_load,"Electricity load (SIN)",energy_water,ons_open_data,daily,2026-05-17,70985.9496,mwmed
electricity_load,"Electricity load (SIN)",energy_water,ons_open_data,daily,2026-05-18,80740.1763,mwmed
electricity_load,"Electricity load (SIN)",energy_water,ons_open_data,daily,2026-05-19,81661.3475,mwmed
electricity_load,"Electricity load (SIN)",energy_water,ons_open_data,daily,2026-05-20,80445.5929,mwmed
electricity_load,"Electricity load (SIN)",energy_water,ons_open_data,daily,2026-05-21,79192.4321,mwmed
electricity_load,"Electricity load (SIN)",energy_water,ons_open_data,daily,2026-05-22,79228.7663,mwmed
electricity_load,"Electricity load (SIN)",energy_water,ons_open_data,daily,2026-05-23,72875.0817,mwmed
electricity_load,"Electricity load (SIN)",energy_water,ons_open_data,daily,2026-05-24,66298.7179,mwmed
electricity_load,"Electricity load (SIN)",energy_water,ons_open_data,daily,2026-05-25,77225.1696,mwmed
electricity_load,"Electricity load (SIN)",energy_water,ons_open_data,daily,2026-05-26,79353.5517,mwmed
electricity_load,"Electricity load (SIN)",energy_water,ons_open_data,daily,2026-05-27,79088.5687,mwmed
electricity_load,"Electricity load (SIN)",energy_water,ons_open_data,daily,2026-05-28,77834.9096,mwmed
electricity_load,"Electricity load (SIN)",energy_water,ons_open_data,daily,2026-05-29,78001.2012,mwmed
electricity_load,"Electricity load (SIN)",energy_water,ons_open_data,daily,2026-05-30,72252.4075,mwmed
electricity_load,"Electricity load (SIN)",energy_water,ons_open_data,daily,2026-05-31,65361.1208,mwmed
