metric_id,metric_name,theme,source_id,freq,date,value,unit
electricity_generation_by_source,"Electricity generation, total (SIN)",energy_water,ons_open_data,daily,2015-07-01,58603.5136,mwmed
electricity_generation_by_source,"Electricity generation, total (SIN)",energy_water,ons_open_data,daily,2015-07-02,58986.5146,mwmed
electricity_generation_by_source,"Electricity generation, total (SIN)",energy_water,ons_open_data,daily,2015-07-03,59562.1082,mwmed
electricity_generation_by_source,"Electricity generation, total (SIN)",energy_water,ons_open_data,daily,2015-07-04,53682.5531,mwmed
electricity_generation_by_source,"Electricity generation, total (SIN)",energy_water,ons_open_data,daily,2015-07-05,47215.8994,mwmed
electricity_generation_by_source,"Electricity generation, total (SIN)",energy_water,ons_open_data,daily,2015-07-06,56438.5223,mwmed
electricity_generation_by_source,"Electricity generation, total (SIN)",energy_water,ons_open_data,daily,2015-07-07,58794.4126,mwmed
electricity_generation_by_source,"Electricity generation, total (SIN)",energy_water,ons_open_data,daily,2015-07-08,59618.8850,mwmed
electricity_generation_by_source,"Electricity generation, total (SIN)",energy_water,ons_open_data,daily,2015-07-09,57704.7389,mwmed
electricity_generation_by_source,"Electricity generation, total (SIN)",energy_water,ons_open_data,daily,2015-07-10,58163.1935,mwmed
electricity_generation_by_source,"Electricity generation, total (SIN)",energy_water,ons_open_data,daily,2015-07-11,53845.7967,mwmed
electricity_generation_by_source,"Electricity generation, total (SIN)",energy_water,ons_open_data,daily,2015-07-12,48470.6896,mwmed
electricity_generation_by_source,"Electricity generation, total (SIN)",energy_water,ons_open_data,daily,2015-07-13,58462.7757,mwmed
electricity_generation_by_source,"Electricity generation, total (SIN)",energy_water,ons_open_data,daily,2015-07-14,60338.1550,mwmed
electricity_generation_by_source,"Electricity generation, total (SIN)",energy_water,ons_open_data,daily,2015-07-15,60686.4297,mwmed
electricity_generation_by_source,"Electricity generation, total (SIN)",energy_water,ons_open_data,daily,2015-07-16,59881.4304,mwmed
electricity_generation_by_source,"Electricity generation, total (SIN)",energy_water,ons_open_data,daily,2015-07-17,59278.3191,mwmed
electricity_generation_by_source,"Electricity generation, total (SIN)",energy_water,ons_open_data,daily,2015-07-18,54571.0028,mwmed
electricity_generation_by_source,"Electricity generation, total (SIN)",energy_water,ons_open_data,daily,2015-07-19,48269.6200,mwmed
electricity_generation_by_source,"Electricity generation, total (SIN)",energy_water,ons_open_data,daily,2015-07-20,58626.7632,mwmed
electricity_generation_by_source,"Electricity generation, total (SIN)",energy_water,ons_open_data,daily,2015-07-21,60395.9303,mwmed
electricity_generation_by_source,"Electricity generation, total (SIN)",energy_water,ons_open_data,daily,2015-07-22,59844.5958,mwmed
electricity_generation_by_source,"Electricity generation, total (SIN)",energy_water,ons_open_data,daily,2015-07-23,59840.3552,mwmed
electricity_generation_by_source,"Electricity generation, total (SIN)",energy_water,ons_open_data,daily,2015-07-24,60019.1404,mwmed
electricity_generation_by_source,"Electricity generation, total (SIN)",energy_water,ons_open_data,daily,2015-07-25,54655.8718,mwmed
electricity_generation_by_source,"Electricity generation, total (SIN)",energy_water,ons_open_data,daily,2015-07-26,48235.7748,mwmed
electricity_generation_by_source,"Electricity generation, total (SIN)",energy_water,ons_open_data,daily,2015-07-27,57476.1694,mwmed
electricity_generation_by_source,"Electricity generation, total (SIN)",energy_water,ons_open_data,daily,2015-07-28,59619.5313,mwmed
electricity_generation_by_source,"Electricity generation, total (SIN)",energy_water,ons_open_data,daily,2015-07-29,60178.0698,mwmed
electricity_generation_by_source,"Electricity generation, total (SIN)",energy_water,ons_open_data,daily,2015-07-30,59825.1523,mwmed
electricity_generation_by_source,"Electricity generation, total (SIN)",energy_water,ons_open_data,daily,2015-07-31,59830.7669,mwmed
electricity_generation_by_source,"Electricity generation, total (SIN)",energy_water,ons_open_data,daily,2015-08-01,54060.7891,mwmed
electricity_generation_by_source,"Electricity generation, total (SIN)",energy_water,ons_open_data,daily,2015-08-02,48476.6277,mwmed
electricity_generation_by_source,"Electricity generation, total (SIN)",energy_water,ons_open_data,daily,2015-08-03,58564.2640,mwmed
electricity_generation_by_source,"Electricity generation, total (SIN)",energy_water,ons_open_data,daily,2015-08-04,60858.1413,mwmed
electricity_generation_by_source,"Electricity generation, total (SIN)",energy_water,ons_open_data,daily,2015-08-05,61141.7006,mwmed
electricity_generation_by_source,"Electricity generation, total (SIN)",energy_water,ons_open_data,daily,2015-08-06,61359.0135,mwmed
electricity_generation_by_source,"Electricity generation, total (SIN)",energy_water,ons_open_data,daily,2015-08-07,61634.7655,mwmed
electricity_generation_by_source,"Electricity generation, total (SIN)",energy_water,ons_open_data,daily,2015-08-08,56292.0889,mwmed
electricity_generation_by_source,"Electricity generation, total (SIN)",energy_water,ons_open_data,daily,2015-08-09,49627.3758,mwmed
electricity_generation_by_source,"Electricity generation, total (SIN)",energy_water,ons_open_data,daily,2015-08-10,59813.1108,mwmed
electricity_generation_by_source,"Electricity generation, total (SIN)",energy_water,ons_open_data,daily,2015-08-11,61093.0238,mwmed
electricity_generation_by_source,"Electricity generation, total (SIN)",energy_water,ons_open_data,daily,2015-08-12,60953.6317,mwmed
electricity_generation_by_source,"Electricity generation, total (SIN)",energy_water,ons_open_data,daily,2015-08-13,61017.7966,mwmed
electricity_generation_by_source,"Electricity generation, total (SIN)",energy_water,ons_open_data,daily,2015-08-14,60510.7872,mwmed
electricity_generation_by_source,"Electricity generation, total (SIN)",energy_water,ons_open_data,daily,2015-08-15,55459.3258,mwmed
electricity_generation_by_source,"Electricity generation, total (SIN)",energy_water,ons_open_data,daily,2015-08-16,50065.0990,mwmed
electricity_generation_by_source,"Electricity generation, total (SIN)",energy_water,ons_open_data,daily,2015-08-17,60398.5577,mwmed
electricity_generation_by_source,"Electricity generation, total (SIN)",energy_water,ons_open_data,daily,2015-08-18,62046.0063,mwmed
electricity_generation_by_source,"Electricity generation, total (SIN)",energy_water,ons_open_data,daily,2015-08-19,62149.3044,mwmed
electricity_generation_by_source,"Electricity generation, total (SIN)",energy_water,ons_open_data,daily,2015-08-20,61373.7852,mwmed
electricity_generation_by_source,"Electricity generation, total (SIN)",energy_water,ons_open_data,daily,2015-08-21,60914.5189,mwmed
electricity_generation_by_source,"Electricity generation, total (SIN)",energy_water,ons_open_data,daily,2015-08-22,55542.0966,mwmed
electricity_generation_by_source,"Electricity generation, total (SIN)",energy_water,ons_open_data,daily,2015-08-23,50209.7070,mwmed
electricity_generation_by_source,"Electricity generation, total (SIN)",energy_water,ons_open_data,daily,2015-08-24,60300.0385,mwmed
electricity_generation_by_source,"Electricity generation, total (SIN)",energy_water,ons_open_data,daily,2015-08-25,61783.4274,mwmed
electricity_generation_by_source,"Electricity generation, total (SIN)",energy_water,ons_open_data,daily,2015-08-26,62286.5780,mwmed
electricity_generation_by_source,"Electricity generation, total (SIN)",energy_water,ons_open_data,daily,2015-08-27,61671.3074,mwmed
electricity_generation_by_source,"Electricity generation, total (SIN)",energy_water,ons_open_data,daily,2015-08-28,61063.2962,mwmed
electricity_generation_by_source,"Electricity generation, total (SIN)",energy_water,ons_open_data,daily,2015-08-29,55231.7280,mwmed
electricity_generation_by_source,"Electricity generation, total (SIN)",energy_water,ons_open_data,daily,2015-08-30,49858.9728,mwmed
electricity_generation_by_source,"Electricity generation, total (SIN)",energy_water,ons_open_data,daily,2015-08-31,61006.1864,mwmed
electricity_generation_by_source,"Electricity generation, total (SIN)",energy_water,ons_open_data,daily,2015-09-01,62828.4715,mwmed
electricity_generation_by_source,"Electricity generation, total (SIN)",energy_water,ons_open_data,daily,2015-09-02,61895.6129,mwmed
electricity_generation_by_source,"Electricity generation, total (SIN)",energy_water,ons_open_data,daily,2015-09-03,61387.4174,mwmed
electricity_generation_by_source,"Electricity generation, total (SIN)",energy_water,ons_open_data,daily,2015-09-04,61676.5906,mwmed
electricity_generation_by_source,"Electricity generation, total (SIN)",energy_water,ons_open_data,daily,2015-09-05,55414.1882,mwmed
electricity_generation_by_source,"Electricity generation, total (SIN)",energy_water,ons_open_data,daily,2015-09-06,48993.5587,mwmed
electricity_generation_by_source,"Electricity generation, total (SIN)",energy_water,ons_open_data,daily,2015-09-07,49837.4242,mwmed
electricity_generation_by_source,"Electricity generation, total (SIN)",energy_water,ons_open_data,daily,2015-09-08,59301.4689,mwmed
electricity_generation_by_source,"Electricity generation, total (SIN)",energy_water,ons_open_data,daily,2015-09-09,61518.7778,mwmed
electricity_generation_by_source,"Electricity generation, total (SIN)",energy_water,ons_open_data,daily,2015-09-10,62179.9049,mwmed
electricity_generation_by_source,"Electricity generation, total (SIN)",energy_water,ons_open_data,daily,2015-09-11,62394.7027,mwmed
electricity_generation_by_source,"Electricity generation, total (SIN)",energy_water,ons_open_data,daily,2015-09-12,56216.8822,mwmed
electricity_generation_by_source,"Electricity generation, total (SIN)",energy_water,ons_open_data,daily,2015-09-13,49879.8759,mwmed
electricity_generation_by_source,"Electricity generation, total (SIN)",energy_water,ons_open_data,daily,2015-09-14,59204.2712,mwmed
electricity_generation_by_source,"Electricity generation, total (SIN)",energy_water,ons_open_data,daily,2015-09-15,61238.2557,mwmed
electricity_generation_by_source,"Electricity generation, total (SIN)",energy_water,ons_open_data,daily,2015-09-16,63638.4284,mwmed
electricity_generation_by_source,"Electricity generation, total (SIN)",energy_water,ons_open_data,daily,2015-09-17,65043.4336,mwmed
electricity_generation_by_source,"Electricity generation, total (SIN)",energy_water,ons_open_data,daily,2015-09-18,65067.7696,mwmed
electricity_generation_by_source,"Electricity generation, total (SIN)",energy_water,ons_open_data,daily,2015-09-19,59537.8977,mwmed
electricity_generation_by_source,"Electricity generation, total (SIN)",energy_water,ons_open_data,daily,2015-09-20,52860.5541,mwmed
electricity_generation_by_source,"Electricity generation, total (SIN)",energy_water,ons_open_data,daily,2015-09-21,63554.0371,mwmed
electricity_generation_by_source,"Electricity generation, total (SIN)",energy_water,ons_open_data,daily,2015-09-22,65928.6346,mwmed
electricity_generation_by_source,"Electricity generation, total (SIN)",energy_water,ons_open_data,daily,2015-09-23,66670.0156,mwmed
electricity_generation_by_source,"Electricity generation, total (SIN)",energy_water,ons_open_data,daily,2015-09-24,68000.7246,mwmed
electricity_generation_by_source,"Electricity generation, total (SIN)",energy_water,ons_open_data,daily,2015-09-25,67397.7279,mwmed
electricity_generation_by_source,"Electricity generation, total (SIN)",energy_water,ons_open_data,daily,2015-09-26,59585.4162,mwmed
electricity_generation_by_source,"Electricity generation, total (SIN)",energy_water,ons_open_data,daily,2015-09-27,53255.9103,mwmed
electricity_generation_by_source,"Electricity generation, total (SIN)",energy_water,ons_open_data,daily,2015-09-28,62410.8971,mwmed
electricity_generation_by_source,"Electricity generation, total (SIN)",energy_water,ons_open_data,daily,2015-09-29,63759.3497,mwmed
electricity_generation_by_source,"Electricity generation, total (SIN)",energy_water,ons_open_data,daily,2015-09-30,63805.7012,mwmed
electricity_generation_by_source,"Electricity generation, total (SIN)",energy_water,ons_open_data,daily,2015-10-01,64286.1241,mwmed
electricity_generation_by_source,"Electricity generation, total (SIN)",energy_water,ons_open_data,daily,2015-10-02,65270.2043,mwmed
electricity_generation_by_source,"Electricity generation, total (SIN)",energy_water,ons_open_data,daily,2015-10-03,58795.2948,mwmed
electricity_generation_by_source,"Electricity generation, total (SIN)",energy_water,ons_open_data,daily,2015-10-04,52576.6525,mwmed
electricity_generation_by_source,"Electricity generation, total (SIN)",energy_water,ons_open_data,daily,2015-10-05,62473.3886,mwmed
electricity_generation_by_source,"Electricity generation, total (SIN)",energy_water,ons_open_data,daily,2015-10-06,64193.1728,mwmed
electricity_generation_by_source,"Electricity generation, total (SIN)",energy_water,ons_open_data,daily,2015-10-07,64624.9137,mwmed
electricity_generation_by_source,"Electricity generation, total (SIN)",energy_water,ons_open_data,daily,2015-10-08,65675.2725,mwmed
electricity_generation_by_source,"Electricity generation, total (SIN)",energy_water,ons_open_data,daily,2015-10-09,65518.5971,mwmed
electricity_generation_by_source,"Electricity generation, total (SIN)",energy_water,ons_open_data,daily,2015-10-10,58794.9535,mwmed
electricity_generation_by_source,"Electricity generation, total (SIN)",energy_water,ons_open_data,daily,2015-10-11,52754.9453,mwmed
electricity_generation_by_source,"Electricity generation, total (SIN)",energy_water,ons_open_data,daily,2015-10-12,52390.0381,mwmed
electricity_generation_by_source,"Electricity generation, total (SIN)",energy_water,ons_open_data,daily,2015-10-13,63518.2583,mwmed
electricity_generation_by_source,"Electricity generation, total (SIN)",energy_water,ons_open_data,daily,2015-10-14,66481.4809,mwmed
electricity_generation_by_source,"Electricity generation, total (SIN)",energy_water,ons_open_data,daily,2015-10-15,67737.4131,mwmed
electricity_generation_by_source,"Electricity generation, total (SIN)",energy_water,ons_open_data,daily,2015-10-16,68790.7269,mwmed
electricity_generation_by_source,"Electricity generation, total (SIN)",energy_water,ons_open_data,daily,2015-10-17,61850.6848,mwmed
electricity_generation_by_source,"Electricity generation, total (SIN)",energy_water,ons_open_data,daily,2015-10-18,53453.1736,mwmed
electricity_generation_by_source,"Electricity generation, total (SIN)",energy_water,ons_open_data,daily,2015-10-19,63047.8682,mwmed
electricity_generation_by_source,"Electricity generation, total (SIN)",energy_water,ons_open_data,daily,2015-10-20,66549.1315,mwmed
electricity_generation_by_source,"Electricity generation, total (SIN)",energy_water,ons_open_data,daily,2015-10-21,68421.8318,mwmed
electricity_generation_by_source,"Electricity generation, total (SIN)",energy_water,ons_open_data,daily,2015-10-22,67355.2034,mwmed
electricity_generation_by_source,"Electricity generation, total (SIN)",energy_water,ons_open_data,daily,2015-10-23,65431.9581,mwmed
electricity_generation_by_source,"Electricity generation, total (SIN)",energy_water,ons_open_data,daily,2015-10-24,58701.6306,mwmed
electricity_generation_by_source,"Electricity generation, total (SIN)",energy_water,ons_open_data,daily,2015-10-25,51571.9222,mwmed
electricity_generation_by_source,"Electricity generation, total (SIN)",energy_water,ons_open_data,daily,2015-10-26,62436.4245,mwmed
electricity_generation_by_source,"Electricity generation, total (SIN)",energy_water,ons_open_data,daily,2015-10-27,64979.1926,mwmed
electricity_generation_by_source,"Electricity generation, total (SIN)",energy_water,ons_open_data,daily,2015-10-28,64829.4802,mwmed
electricity_generation_by_source,"Electricity generation, total (SIN)",energy_water,ons_open_data,daily,2015-10-29,64522.2364,mwmed
electricity_generation_by_source,"Electricity generation, total (SIN)",energy_water,ons_open_data,daily,2015-10-30,63675.6714,mwmed
electricity_generation_by_source,"Electricity generation, total (SIN)",energy_water,ons_open_data,daily,2015-10-31,58779.7968,mwmed
electricity_generation_by_source,"Electricity generation, total (SIN)",energy_water,ons_open_data,daily,2015-11-01,52986.4735,mwmed
electricity_generation_by_source,"Electricity generation, total (SIN)",energy_water,ons_open_data,daily,2015-11-02,53220.2710,mwmed
electricity_generation_by_source,"Electricity generation, total (SIN)",energy_water,ons_open_data,daily,2015-11-03,63774.3486,mwmed
electricity_generation_by_source,"Electricity generation, total (SIN)",energy_water,ons_open_data,daily,2015-11-04,65859.5209,mwmed
electricity_generation_by_source,"Electricity generation, total (SIN)",energy_water,ons_open_data,daily,2015-11-05,65354.0116,mwmed
electricity_generation_by_source,"Electricity generation, total (SIN)",energy_water,ons_open_data,daily,2015-11-06,65085.2684,mwmed
electricity_generation_by_source,"Electricity generation, total (SIN)",energy_water,ons_open_data,daily,2015-11-07,58328.0221,mwmed
electricity_generation_by_source,"Electricity generation, total (SIN)",energy_water,ons_open_data,daily,2015-11-08,52190.9377,mwmed
electricity_generation_by_source,"Electricity generation, total (SIN)",energy_water,ons_open_data,daily,2015-11-09,63765.4122,mwmed
electricity_generation_by_source,"Electricity generation, total (SIN)",energy_water,ons_open_data,daily,2015-11-10,66185.4442,mwmed
electricity_generation_by_source,"Electricity generation, total (SIN)",energy_water,ons_open_data,daily,2015-11-11,67080.6714,mwmed
electricity_generation_by_source,"Electricity generation, total (SIN)",energy_water,ons_open_data,daily,2015-11-12,67853.2054,mwmed
electricity_generation_by_source,"Electricity generation, total (SIN)",energy_water,ons_open_data,daily,2015-11-13,67886.8286,mwmed
electricity_generation_by_source,"Electricity generation, total (SIN)",energy_water,ons_open_data,daily,2015-11-14,61291.2948,mwmed
electricity_generation_by_source,"Electricity generation, total (SIN)",energy_water,ons_open_data,daily,2015-11-15,54551.7920,mwmed
electricity_generation_by_source,"Electricity generation, total (SIN)",energy_water,ons_open_data,daily,2015-11-16,64447.8219,mwmed
electricity_generation_by_source,"Electricity generation, total (SIN)",energy_water,ons_open_data,daily,2015-11-17,65398.7394,mwmed
electricity_generation_by_source,"Electricity generation, total (SIN)",energy_water,ons_open_data,daily,2015-11-18,66483.2182,mwmed
electricity_generation_by_source,"Electricity generation, total (SIN)",energy_water,ons_open_data,daily,2015-11-19,67356.7057,mwmed
electricity_generation_by_source,"Electricity generation, total (SIN)",energy_water,ons_open_data,daily,2015-11-20,63329.8300,mwmed
electricity_generation_by_source,"Electricity generation, total (SIN)",energy_water,ons_open_data,daily,2015-11-21,58290.9091,mwmed
electricity_generation_by_source,"Electricity generation, total (SIN)",energy_water,ons_open_data,daily,2015-11-22,52289.6184,mwmed
electricity_generation_by_source,"Electricity generation, total (SIN)",energy_water,ons_open_data,daily,2015-11-23,63454.3519,mwmed
electricity_generation_by_source,"Electricity generation, total (SIN)",energy_water,ons_open_data,daily,2015-11-24,64675.3939,mwmed
electricity_generation_by_source,"Electricity generation, total (SIN)",energy_water,ons_open_data,daily,2015-11-25,65748.4766,mwmed
electricity_generation_by_source,"Electricity generation, total (SIN)",energy_water,ons_open_data,daily,2015-11-26,65943.7729,mwmed
electricity_generation_by_source,"Electricity generation, total (SIN)",energy_water,ons_open_data,daily,2015-11-27,65722.8485,mwmed
electricity_generation_by_source,"Electricity generation, total (SIN)",energy_water,ons_open_data,daily,2015-11-28,59897.0883,mwmed
electricity_generation_by_source,"Electricity generation, total (SIN)",energy_water,ons_open_data,daily,2015-11-29,53729.9501,mwmed
electricity_generation_by_source,"Electricity generation, total (SIN)",energy_water,ons_open_data,daily,2015-11-30,63105.2980,mwmed
electricity_generation_by_source,"Electricity generation, total (SIN)",energy_water,ons_open_data,daily,2015-12-01,64483.7257,mwmed
electricity_generation_by_source,"Electricity generation, total (SIN)",energy_water,ons_open_data,daily,2015-12-02,65598.4769,mwmed
electricity_generation_by_source,"Electricity generation, total (SIN)",energy_water,ons_open_data,daily,2015-12-03,65630.2823,mwmed
electricity_generation_by_source,"Electricity generation, total (SIN)",energy_water,ons_open_data,daily,2015-12-04,65051.4527,mwmed
electricity_generation_by_source,"Electricity generation, total (SIN)",energy_water,ons_open_data,daily,2015-12-05,60014.4836,mwmed
electricity_generation_by_source,"Electricity generation, total (SIN)",energy_water,ons_open_data,daily,2015-12-06,53839.4424,mwmed
electricity_generation_by_source,"Electricity generation, total (SIN)",energy_water,ons_open_data,daily,2015-12-07,63064.1741,mwmed
electricity_generation_by_source,"Electricity generation, total (SIN)",energy_water,ons_open_data,daily,2015-12-08,63960.0633,mwmed
electricity_generation_by_source,"Electricity generation, total (SIN)",energy_water,ons_open_data,daily,2015-12-09,66220.5488,mwmed
electricity_generation_by_source,"Electricity generation, total (SIN)",energy_water,ons_open_data,daily,2015-12-10,66630.2268,mwmed
electricity_generation_by_source,"Electricity generation, total (SIN)",energy_water,ons_open_data,daily,2015-12-11,67237.4581,mwmed
electricity_generation_by_source,"Electricity generation, total (SIN)",energy_water,ons_open_data,daily,2015-12-12,61630.7565,mwmed
electricity_generation_by_source,"Electricity generation, total (SIN)",energy_water,ons_open_data,daily,2015-12-13,55567.8534,mwmed
electricity_generation_by_source,"Electricity generation, total (SIN)",energy_water,ons_open_data,daily,2015-12-14,66783.6121,mwmed
electricity_generation_by_source,"Electricity generation, total (SIN)",energy_water,ons_open_data,daily,2015-12-15,68475.1428,mwmed
electricity_generation_by_source,"Electricity generation, total (SIN)",energy_water,ons_open_data,daily,2015-12-16,67697.6471,mwmed
electricity_generation_by_source,"Electricity generation, total (SIN)",energy_water,ons_open_data,daily,2015-12-17,67675.0944,mwmed
electricity_generation_by_source,"Electricity generation, total (SIN)",energy_water,ons_open_data,daily,2015-12-18,67401.7626,mwmed
electricity_generation_by_source,"Electricity generation, total (SIN)",energy_water,ons_open_data,daily,2015-12-19,61512.2611,mwmed
electricity_generation_by_source,"Electricity generation, total (SIN)",energy_water,ons_open_data,daily,2015-12-20,55903.1338,mwmed
electricity_generation_by_source,"Electricity generation, total (SIN)",energy_water,ons_open_data,daily,2015-12-21,62869.9022,mwmed
electricity_generation_by_source,"Electricity generation, total (SIN)",energy_water,ons_open_data,daily,2015-12-22,64459.0344,mwmed
electricity_generation_by_source,"Electricity generation, total (SIN)",energy_water,ons_open_data,daily,2015-12-23,64760.4195,mwmed
electricity_generation_by_source,"Electricity generation, total (SIN)",energy_water,ons_open_data,daily,2015-12-24,59362.8903,mwmed
electricity_generation_by_source,"Electricity generation, total (SIN)",energy_water,ons_open_data,daily,2015-12-25,52270.5398,mwmed
electricity_generation_by_source,"Electricity generation, total (SIN)",energy_water,ons_open_data,daily,2015-12-26,56251.3991,mwmed
electricity_generation_by_source,"Electricity generation, total (SIN)",energy_water,ons_open_data,daily,2015-12-27,54724.4715,mwmed
electricity_generation_by_source,"Electricity generation, total (SIN)",energy_water,ons_open_data,daily,2015-12-28,61590.1108,mwmed
electricity_generation_by_source,"Electricity generation, total (SIN)",energy_water,ons_open_data,daily,2015-12-29,61867.4051,mwmed
electricity_generation_by_source,"Electricity generation, total (SIN)",energy_water,ons_open_data,daily,2015-12-30,61515.9440,mwmed
electricity_generation_by_source,"Electricity generation, total (SIN)",energy_water,ons_open_data,daily,2015-12-31,57605.1836,mwmed
electricity_generation_by_source,"Electricity generation, total (SIN)",energy_water,ons_open_data,daily,2016-01-01,51554.2240,mwmed
electricity_generation_by_source,"Electricity generation, total (SIN)",energy_water,ons_open_data,daily,2016-01-02,54888.2257,mwmed
electricity_generation_by_source,"Electricity generation, total (SIN)",energy_water,ons_open_data,daily,2016-01-03,53244.0233,mwmed
electricity_generation_by_source,"Electricity generation, total (SIN)",energy_water,ons_open_data,daily,2016-01-04,61797.0000,mwmed
electricity_generation_by_source,"Electricity generation, total (SIN)",energy_water,ons_open_data,daily,2016-01-05,63793.2987,mwmed
electricity_generation_by_source,"Electricity generation, total (SIN)",energy_water,ons_open_data,daily,2016-01-06,64730.4304,mwmed
electricity_generation_by_source,"Electricity generation, total (SIN)",energy_water,ons_open_data,daily,2016-01-07,66119.3297,mwmed
electricity_generation_by_source,"Electricity generation, total (SIN)",energy_water,ons_open_data,daily,2016-01-08,66556.2168,mwmed
electricity_generation_by_source,"Electricity generation, total (SIN)",energy_water,ons_open_data,daily,2016-01-09,60912.7757,mwmed
electricity_generation_by_source,"Electricity generation, total (SIN)",energy_water,ons_open_data,daily,2016-01-10,55623.3046,mwmed
electricity_generation_by_source,"Electricity generation, total (SIN)",energy_water,ons_open_data,daily,2016-01-11,66458.5615,mwmed
electricity_generation_by_source,"Electricity generation, total (SIN)",energy_water,ons_open_data,daily,2016-01-12,68262.2725,mwmed
electricity_generation_by_source,"Electricity generation, total (SIN)",energy_water,ons_open_data,daily,2016-01-13,68609.5973,mwmed
electricity_generation_by_source,"Electricity generation, total (SIN)",energy_water,ons_open_data,daily,2016-01-14,67725.6144,mwmed
electricity_generation_by_source,"Electricity generation, total (SIN)",energy_water,ons_open_data,daily,2016-01-15,67042.0470,mwmed
electricity_generation_by_source,"Electricity generation, total (SIN)",energy_water,ons_open_data,daily,2016-01-16,60726.2869,mwmed
electricity_generation_by_source,"Electricity generation, total (SIN)",energy_water,ons_open_data,daily,2016-01-17,54424.0173,mwmed
electricity_generation_by_source,"Electricity generation, total (SIN)",energy_water,ons_open_data,daily,2016-01-18,63738.1697,mwmed
electricity_generation_by_source,"Electricity generation, total (SIN)",energy_water,ons_open_data,daily,2016-01-19,64504.6208,mwmed
electricity_generation_by_source,"Electricity generation, total (SIN)",energy_water,ons_open_data,daily,2016-01-20,64153.3987,mwmed
electricity_generation_by_source,"Electricity generation, total (SIN)",energy_water,ons_open_data,daily,2016-01-21,64532.7155,mwmed
electricity_generation_by_source,"Electricity generation, total (SIN)",energy_water,ons_open_data,daily,2016-01-22,64499.5453,mwmed
electricity_generation_by_source,"Electricity generation, total (SIN)",energy_water,ons_open_data,daily,2016-01-23,59069.8300,mwmed
electricity_generation_by_source,"Electricity generation, total (SIN)",energy_water,ons_open_data,daily,2016-01-24,54465.9255,mwmed
electricity_generation_by_source,"Electricity generation, total (SIN)",energy_water,ons_open_data,daily,2016-01-25,65384.7640,mwmed
electricity_generation_by_source,"Electricity generation, total (SIN)",energy_water,ons_open_data,daily,2016-01-26,67957.5951,mwmed
electricity_generation_by_source,"Electricity generation, total (SIN)",energy_water,ons_open_data,daily,2016-01-27,67278.2175,mwmed
electricity_generation_by_source,"Electricity generation, total (SIN)",energy_water,ons_open_data,daily,2016-01-28,66820.9886,mwmed
electricity_generation_by_source,"Electricity generation, total (SIN)",energy_water,ons_open_data,daily,2016-01-29,67038.9558,mwmed
electricity_generation_by_source,"Electricity generation, total (SIN)",energy_water,ons_open_data,daily,2016-01-30,61080.6924,mwmed
electricity_generation_by_source,"Electricity generation, total (SIN)",energy_water,ons_open_data,daily,2016-01-31,55826.8835,mwmed
electricity_generation_by_source,"Electricity generation, total (SIN)",energy_water,ons_open_data,daily,2016-02-01,67152.5418,mwmed
electricity_generation_by_source,"Electricity generation, total (SIN)",energy_water,ons_open_data,daily,2016-02-02,68734.0563,mwmed
electricity_generation_by_source,"Electricity generation, total (SIN)",energy_water,ons_open_data,daily,2016-02-03,69499.3907,mwmed
electricity_generation_by_source,"Electricity generation, total (SIN)",energy_water,ons_open_data,daily,2016-02-04,68934.5848,mwmed
electricity_generation_by_source,"Electricity generation, total (SIN)",energy_water,ons_open_data,daily,2016-02-05,68831.1588,mwmed
electricity_generation_by_source,"Electricity generation, total (SIN)",energy_water,ons_open_data,daily,2016-02-06,61897.2865,mwmed
electricity_generation_by_source,"Electricity generation, total (SIN)",energy_water,ons_open_data,daily,2016-02-07,55638.9335,mwmed
electricity_generation_by_source,"Electricity generation, total (SIN)",energy_water,ons_open_data,daily,2016-02-08,60388.1830,mwmed
electricity_generation_by_source,"Electricity generation, total (SIN)",energy_water,ons_open_data,daily,2016-02-09,60974.8791,mwmed
electricity_generation_by_source,"Electricity generation, total (SIN)",energy_water,ons_open_data,daily,2016-02-10,68498.5349,mwmed
electricity_generation_by_source,"Electricity generation, total (SIN)",energy_water,ons_open_data,daily,2016-02-11,70937.2363,mwmed
electricity_generation_by_source,"Electricity generation, total (SIN)",energy_water,ons_open_data,daily,2016-02-12,69577.4595,mwmed
electricity_generation_by_source,"Electricity generation, total (SIN)",energy_water,ons_open_data,daily,2016-02-13,63559.5913,mwmed
electricity_generation_by_source,"Electricity generation, total (SIN)",energy_water,ons_open_data,daily,2016-02-14,58479.0843,mwmed
electricity_generation_by_source,"Electricity generation, total (SIN)",energy_water,ons_open_data,daily,2016-02-15,69961.2159,mwmed
electricity_generation_by_source,"Electricity generation, total (SIN)",energy_water,ons_open_data,daily,2016-02-16,70011.0016,mwmed
electricity_generation_by_source,"Electricity generation, total (SIN)",energy_water,ons_open_data,daily,2016-02-17,70797.6465,mwmed
electricity_generation_by_source,"Electricity generation, total (SIN)",energy_water,ons_open_data,daily,2016-02-18,71209.7371,mwmed
electricity_generation_by_source,"Electricity generation, total (SIN)",energy_water,ons_open_data,daily,2016-02-19,70817.6354,mwmed
electricity_generation_by_source,"Electricity generation, total (SIN)",energy_water,ons_open_data,daily,2016-02-20,64094.3283,mwmed
electricity_generation_by_source,"Electricity generation, total (SIN)",energy_water,ons_open_data,daily,2016-02-21,57293.1441,mwmed
electricity_generation_by_source,"Electricity generation, total (SIN)",energy_water,ons_open_data,daily,2016-02-22,68259.3279,mwmed
electricity_generation_by_source,"Electricity generation, total (SIN)",energy_water,ons_open_data,daily,2016-02-23,69708.2674,mwmed
electricity_generation_by_source,"Electricity generation, total (SIN)",energy_water,ons_open_data,daily,2016-02-24,70282.7728,mwmed
electricity_generation_by_source,"Electricity generation, total (SIN)",energy_water,ons_open_data,daily,2016-02-25,70989.5302,mwmed
electricity_generation_by_source,"Electricity generation, total (SIN)",energy_water,ons_open_data,daily,2016-02-26,71007.1063,mwmed
electricity_generation_by_source,"Electricity generation, total (SIN)",energy_water,ons_open_data,daily,2016-02-27,64490.9991,mwmed
electricity_generation_by_source,"Electricity generation, total (SIN)",energy_water,ons_open_data,daily,2016-02-28,58401.1927,mwmed
electricity_generation_by_source,"Electricity generation, total (SIN)",energy_water,ons_open_data,daily,2016-02-29,67416.5239,mwmed
electricity_generation_by_source,"Electricity generation, total (SIN)",energy_water,ons_open_data,daily,2016-03-01,66138.9050,mwmed
electricity_generation_by_source,"Electricity generation, total (SIN)",energy_water,ons_open_data,daily,2016-03-02,66470.7097,mwmed
electricity_generation_by_source,"Electricity generation, total (SIN)",energy_water,ons_open_data,daily,2016-03-03,66895.6435,mwmed
electricity_generation_by_source,"Electricity generation, total (SIN)",energy_water,ons_open_data,daily,2016-03-04,67747.5479,mwmed
electricity_generation_by_source,"Electricity generation, total (SIN)",energy_water,ons_open_data,daily,2016-03-05,61143.4344,mwmed
electricity_generation_by_source,"Electricity generation, total (SIN)",energy_water,ons_open_data,daily,2016-03-06,55836.9130,mwmed
electricity_generation_by_source,"Electricity generation, total (SIN)",energy_water,ons_open_data,daily,2016-03-07,67464.7692,mwmed
electricity_generation_by_source,"Electricity generation, total (SIN)",energy_water,ons_open_data,daily,2016-03-08,69297.4847,mwmed
electricity_generation_by_source,"Electricity generation, total (SIN)",energy_water,ons_open_data,daily,2016-03-09,69565.3000,mwmed
electricity_generation_by_source,"Electricity generation, total (SIN)",energy_water,ons_open_data,daily,2016-03-10,68894.4364,mwmed
electricity_generation_by_source,"Electricity generation, total (SIN)",energy_water,ons_open_data,daily,2016-03-11,68116.5744,mwmed
electricity_generation_by_source,"Electricity generation, total (SIN)",energy_water,ons_open_data,daily,2016-03-12,61458.7396,mwmed
electricity_generation_by_source,"Electricity generation, total (SIN)",energy_water,ons_open_data,daily,2016-03-13,54389.8538,mwmed
electricity_generation_by_source,"Electricity generation, total (SIN)",energy_water,ons_open_data,daily,2016-03-14,65151.0963,mwmed
electricity_generation_by_source,"Electricity generation, total (SIN)",energy_water,ons_open_data,daily,2016-03-15,67310.9650,mwmed
electricity_generation_by_source,"Electricity generation, total (SIN)",energy_water,ons_open_data,daily,2016-03-16,67374.8138,mwmed
electricity_generation_by_source,"Electricity generation, total (SIN)",energy_water,ons_open_data,daily,2016-03-17,68466.5237,mwmed
electricity_generation_by_source,"Electricity generation, total (SIN)",energy_water,ons_open_data,daily,2016-03-18,68763.9493,mwmed
electricity_generation_by_source,"Electricity generation, total (SIN)",energy_water,ons_open_data,daily,2016-03-19,62775.2330,mwmed
electricity_generation_by_source,"Electricity generation, total (SIN)",energy_water,ons_open_data,daily,2016-03-20,56694.2651,mwmed
electricity_generation_by_source,"Electricity generation, total (SIN)",energy_water,ons_open_data,daily,2016-03-21,68578.8538,mwmed
electricity_generation_by_source,"Electricity generation, total (SIN)",energy_water,ons_open_data,daily,2016-03-22,69947.3544,mwmed
electricity_generation_by_source,"Electricity generation, total (SIN)",energy_water,ons_open_data,daily,2016-03-23,69633.7681,mwmed
electricity_generation_by_source,"Electricity generation, total (SIN)",energy_water,ons_open_data,daily,2016-03-24,66867.3667,mwmed
electricity_generation_by_source,"Electricity generation, total (SIN)",energy_water,ons_open_data,daily,2016-03-25,55633.0060,mwmed
electricity_generation_by_source,"Electricity generation, total (SIN)",energy_water,ons_open_data,daily,2016-03-26,57312.8221,mwmed
electricity_generation_by_source,"Electricity generation, total (SIN)",energy_water,ons_open_data,daily,2016-03-27,54115.2833,mwmed
electricity_generation_by_source,"Electricity generation, total (SIN)",energy_water,ons_open_data,daily,2016-03-28,66981.5740,mwmed
electricity_generation_by_source,"Electricity generation, total (SIN)",energy_water,ons_open_data,daily,2016-03-29,68891.7544,mwmed
electricity_generation_by_source,"Electricity generation, total (SIN)",energy_water,ons_open_data,daily,2016-03-30,68917.0648,mwmed
electricity_generation_by_source,"Electricity generation, total (SIN)",energy_water,ons_open_data,daily,2016-03-31,69192.5736,mwmed
electricity_generation_by_source,"Electricity generation, total (SIN)",energy_water,ons_open_data,daily,2016-04-01,68359.9166,mwmed
electricity_generation_by_source,"Electricity generation, total (SIN)",energy_water,ons_open_data,daily,2016-04-02,61830.1124,mwmed
electricity_generation_by_source,"Electricity generation, total (SIN)",energy_water,ons_open_data,daily,2016-04-03,56561.0442,mwmed
electricity_generation_by_source,"Electricity generation, total (SIN)",energy_water,ons_open_data,daily,2016-04-04,67876.1343,mwmed
electricity_generation_by_source,"Electricity generation, total (SIN)",energy_water,ons_open_data,daily,2016-04-14,68691.2400,mwmed
electricity_generation_by_source,"Electricity generation, total (SIN)",energy_water,ons_open_data,daily,2016-04-15,69028.8213,mwmed
electricity_generation_by_source,"Electricity generation, total (SIN)",energy_water,ons_open_data,daily,2016-04-16,63087.2765,mwmed
electricity_generation_by_source,"Electricity generation, total (SIN)",energy_water,ons_open_data,daily,2016-04-17,57644.1286,mwmed
electricity_generation_by_source,"Electricity generation, total (SIN)",energy_water,ons_open_data,daily,2016-04-18,68185.9475,mwmed
electricity_generation_by_source,"Electricity generation, total (SIN)",energy_water,ons_open_data,daily,2016-04-19,69697.8490,mwmed
electricity_generation_by_source,"Electricity generation, total (SIN)",energy_water,ons_open_data,daily,2016-04-20,69821.2209,mwmed
electricity_generation_by_source,"Electricity generation, total (SIN)",energy_water,ons_open_data,daily,2016-04-21,61628.3525,mwmed
electricity_generation_by_source,"Electricity generation, total (SIN)",energy_water,ons_open_data,daily,2016-04-22,64232.4785,mwmed
electricity_generation_by_source,"Electricity generation, total (SIN)",energy_water,ons_open_data,daily,2016-04-23,59721.5915,mwmed
electricity_generation_by_source,"Electricity generation, total (SIN)",energy_water,ons_open_data,daily,2016-04-24,55382.5494,mwmed
electricity_generation_by_source,"Electricity generation, total (SIN)",energy_water,ons_open_data,daily,2016-04-25,66693.1170,mwmed
electricity_generation_by_source,"Electricity generation, total (SIN)",energy_water,ons_open_data,daily,2016-04-26,67327.5021,mwmed
electricity_generation_by_source,"Electricity generation, total (SIN)",energy_water,ons_open_data,daily,2016-04-27,64641.1484,mwmed
electricity_generation_by_source,"Electricity generation, total (SIN)",energy_water,ons_open_data,daily,2016-04-28,62751.9028,mwmed
electricity_generation_by_source,"Electricity generation, total (SIN)",energy_water,ons_open_data,daily,2016-04-29,61337.8773,mwmed
electricity_generation_by_source,"Electricity generation, total (SIN)",energy_water,ons_open_data,daily,2016-04-30,55674.3392,mwmed
electricity_generation_by_source,"Electricity generation, total (SIN)",energy_water,ons_open_data,daily,2016-05-01,48669.0186,mwmed
electricity_generation_by_source,"Electricity generation, total (SIN)",energy_water,ons_open_data,daily,2016-05-02,59194.0831,mwmed
electricity_generation_by_source,"Electricity generation, total (SIN)",energy_water,ons_open_data,daily,2016-05-03,61320.2284,mwmed
electricity_generation_by_source,"Electricity generation, total (SIN)",energy_water,ons_open_data,daily,2016-05-04,61794.3505,mwmed
electricity_generation_by_source,"Electricity generation, total (SIN)",energy_water,ons_open_data,daily,2016-05-05,63016.3237,mwmed
electricity_generation_by_source,"Electricity generation, total (SIN)",energy_water,ons_open_data,daily,2016-05-06,62958.7728,mwmed
electricity_generation_by_source,"Electricity generation, total (SIN)",energy_water,ons_open_data,daily,2016-05-07,57505.7799,mwmed
electricity_generation_by_source,"Electricity generation, total (SIN)",energy_water,ons_open_data,daily,2016-05-08,51115.9479,mwmed
electricity_generation_by_source,"Electricity generation, total (SIN)",energy_water,ons_open_data,daily,2016-05-09,61813.1506,mwmed
electricity_generation_by_source,"Electricity generation, total (SIN)",energy_water,ons_open_data,daily,2016-05-10,63656.6924,mwmed
electricity_generation_by_source,"Electricity generation, total (SIN)",energy_water,ons_open_data,daily,2016-05-11,64370.9582,mwmed
electricity_generation_by_source,"Electricity generation, total (SIN)",energy_water,ons_open_data,daily,2016-05-12,64078.0504,mwmed
electricity_generation_by_source,"Electricity generation, total (SIN)",energy_water,ons_open_data,daily,2016-05-13,62697.8413,mwmed
electricity_generation_by_source,"Electricity generation, total (SIN)",energy_water,ons_open_data,daily,2016-05-14,56282.1766,mwmed
electricity_generation_by_source,"Electricity generation, total (SIN)",energy_water,ons_open_data,daily,2016-05-15,50945.2678,mwmed
electricity_generation_by_source,"Electricity generation, total (SIN)",energy_water,ons_open_data,daily,2016-05-16,61275.4693,mwmed
electricity_generation_by_source,"Electricity generation, total (SIN)",energy_water,ons_open_data,daily,2016-05-17,62847.0203,mwmed
electricity_generation_by_source,"Electricity generation, total (SIN)",energy_water,ons_open_data,daily,2016-05-18,62614.8397,mwmed
electricity_generation_by_source,"Electricity generation, total (SIN)",energy_water,ons_open_data,daily,2016-05-19,62789.8201,mwmed
electricity_generation_by_source,"Electricity generation, total (SIN)",energy_water,ons_open_data,daily,2016-05-20,63044.0906,mwmed
electricity_generation_by_source,"Electricity generation, total (SIN)",energy_water,ons_open_data,daily,2016-05-21,57960.7318,mwmed
electricity_generation_by_source,"Electricity generation, total (SIN)",energy_water,ons_open_data,daily,2016-05-22,52386.6724,mwmed
electricity_generation_by_source,"Electricity generation, total (SIN)",energy_water,ons_open_data,daily,2016-05-23,61603.1356,mwmed
electricity_generation_by_source,"Electricity generation, total (SIN)",energy_water,ons_open_data,daily,2016-05-24,61717.8793,mwmed
electricity_generation_by_source,"Electricity generation, total (SIN)",energy_water,ons_open_data,daily,2016-05-25,60949.8581,mwmed
electricity_generation_by_source,"Electricity generation, total (SIN)",energy_water,ons_open_data,daily,2016-05-26,54427.6523,mwmed
electricity_generation_by_source,"Electricity generation, total (SIN)",energy_water,ons_open_data,daily,2016-05-27,58095.2740,mwmed
electricity_generation_by_source,"Electricity generation, total (SIN)",energy_water,ons_open_data,daily,2016-05-28,54883.0997,mwmed
electricity_generation_by_source,"Electricity generation, total (SIN)",energy_water,ons_open_data,daily,2016-05-29,50559.4422,mwmed
electricity_generation_by_source,"Electricity generation, total (SIN)",energy_water,ons_open_data,daily,2016-05-30,61788.7083,mwmed
electricity_generation_by_source,"Electricity generation, total (SIN)",energy_water,ons_open_data,daily,2016-05-31,63742.9155,mwmed
electricity_generation_by_source,"Electricity generation, total (SIN)",energy_water,ons_open_data,daily,2016-06-01,64051.2525,mwmed
electricity_generation_by_source,"Electricity generation, total (SIN)",energy_water,ons_open_data,daily,2016-06-02,64543.9628,mwmed
electricity_generation_by_source,"Electricity generation, total (SIN)",energy_water,ons_open_data,daily,2016-06-03,63159.9213,mwmed
electricity_generation_by_source,"Electricity generation, total (SIN)",energy_water,ons_open_data,daily,2016-06-04,57838.0083,mwmed
electricity_generation_by_source,"Electricity generation, total (SIN)",energy_water,ons_open_data,daily,2016-06-05,52190.5215,mwmed
electricity_generation_by_source,"Electricity generation, total (SIN)",energy_water,ons_open_data,daily,2016-06-06,63063.3703,mwmed
electricity_generation_by_source,"Electricity generation, total (SIN)",energy_water,ons_open_data,daily,2016-06-07,63758.9166,mwmed
electricity_generation_by_source,"Electricity generation, total (SIN)",energy_water,ons_open_data,daily,2016-06-08,63403.5367,mwmed
electricity_generation_by_source,"Electricity generation, total (SIN)",energy_water,ons_open_data,daily,2016-06-09,62735.3557,mwmed
electricity_generation_by_source,"Electricity generation, total (SIN)",energy_water,ons_open_data,daily,2016-06-10,61540.9572,mwmed
electricity_generation_by_source,"Electricity generation, total (SIN)",energy_water,ons_open_data,daily,2016-06-11,56191.2862,mwmed
electricity_generation_by_source,"Electricity generation, total (SIN)",energy_water,ons_open_data,daily,2016-06-12,49898.6040,mwmed
electricity_generation_by_source,"Electricity generation, total (SIN)",energy_water,ons_open_data,daily,2016-06-13,57872.1488,mwmed
electricity_generation_by_source,"Electricity generation, total (SIN)",energy_water,ons_open_data,daily,2016-06-14,59863.3298,mwmed
electricity_generation_by_source,"Electricity generation, total (SIN)",energy_water,ons_open_data,daily,2016-06-15,60590.6588,mwmed
electricity_generation_by_source,"Electricity generation, total (SIN)",energy_water,ons_open_data,daily,2016-06-16,60845.1702,mwmed
electricity_generation_by_source,"Electricity generation, total (SIN)",energy_water,ons_open_data,daily,2016-06-17,60581.6322,mwmed
electricity_generation_by_source,"Electricity generation, total (SIN)",energy_water,ons_open_data,daily,2016-06-18,55634.9814,mwmed
electricity_generation_by_source,"Electricity generation, total (SIN)",energy_water,ons_open_data,daily,2016-06-19,49769.8679,mwmed
electricity_generation_by_source,"Electricity generation, total (SIN)",energy_water,ons_open_data,daily,2016-06-20,59435.1323,mwmed
electricity_generation_by_source,"Electricity generation, total (SIN)",energy_water,ons_open_data,daily,2016-06-21,61096.1420,mwmed
electricity_generation_by_source,"Electricity generation, total (SIN)",energy_water,ons_open_data,daily,2016-06-22,61132.7242,mwmed
electricity_generation_by_source,"Electricity generation, total (SIN)",energy_water,ons_open_data,daily,2016-06-23,60672.8606,mwmed
electricity_generation_by_source,"Electricity generation, total (SIN)",energy_water,ons_open_data,daily,2016-06-24,59240.7122,mwmed
electricity_generation_by_source,"Electricity generation, total (SIN)",energy_water,ons_open_data,daily,2016-06-25,54474.2885,mwmed
electricity_generation_by_source,"Electricity generation, total (SIN)",energy_water,ons_open_data,daily,2016-06-26,48885.2140,mwmed
electricity_generation_by_source,"Electricity generation, total (SIN)",energy_water,ons_open_data,daily,2016-06-27,58489.6274,mwmed
electricity_generation_by_source,"Electricity generation, total (SIN)",energy_water,ons_open_data,daily,2016-06-28,59979.4467,mwmed
electricity_generation_by_source,"Electricity generation, total (SIN)",energy_water,ons_open_data,daily,2016-06-29,60295.0995,mwmed
electricity_generation_by_source,"Electricity generation, total (SIN)",energy_water,ons_open_data,daily,2016-06-30,60535.6467,mwmed
electricity_generation_by_source,"Electricity generation, total (SIN)",energy_water,ons_open_data,daily,2016-07-01,59925.6488,mwmed
electricity_generation_by_source,"Electricity generation, total (SIN)",energy_water,ons_open_data,daily,2016-07-02,55072.5835,mwmed
electricity_generation_by_source,"Electricity generation, total (SIN)",energy_water,ons_open_data,daily,2016-07-03,49546.0712,mwmed
electricity_generation_by_source,"Electricity generation, total (SIN)",energy_water,ons_open_data,daily,2016-07-04,59075.9589,mwmed
electricity_generation_by_source,"Electricity generation, total (SIN)",energy_water,ons_open_data,daily,2016-07-05,61211.4043,mwmed
electricity_generation_by_source,"Electricity generation, total (SIN)",energy_water,ons_open_data,daily,2016-07-06,61054.7712,mwmed
electricity_generation_by_source,"Electricity generation, total (SIN)",energy_water,ons_open_data,daily,2016-07-07,61237.6338,mwmed
electricity_generation_by_source,"Electricity generation, total (SIN)",energy_water,ons_open_data,daily,2016-07-08,60936.3972,mwmed
electricity_generation_by_source,"Electricity generation, total (SIN)",energy_water,ons_open_data,daily,2016-07-09,54388.0476,mwmed
electricity_generation_by_source,"Electricity generation, total (SIN)",energy_water,ons_open_data,daily,2016-07-10,49453.7634,mwmed
electricity_generation_by_source,"Electricity generation, total (SIN)",energy_water,ons_open_data,daily,2016-07-11,60101.2735,mwmed
electricity_generation_by_source,"Electricity generation, total (SIN)",energy_water,ons_open_data,daily,2016-07-12,62510.6775,mwmed
electricity_generation_by_source,"Electricity generation, total (SIN)",energy_water,ons_open_data,daily,2016-07-13,62469.0264,mwmed
electricity_generation_by_source,"Electricity generation, total (SIN)",energy_water,ons_open_data,daily,2016-07-14,62077.6050,mwmed
electricity_generation_by_source,"Electricity generation, total (SIN)",energy_water,ons_open_data,daily,2016-07-15,61945.3213,mwmed
electricity_generation_by_source,"Electricity generation, total (SIN)",energy_water,ons_open_data,daily,2016-07-16,57280.5302,mwmed
electricity_generation_by_source,"Electricity generation, total (SIN)",energy_water,ons_open_data,daily,2016-07-17,50222.7667,mwmed
electricity_generation_by_source,"Electricity generation, total (SIN)",energy_water,ons_open_data,daily,2016-07-18,59449.9739,mwmed
electricity_generation_by_source,"Electricity generation, total (SIN)",energy_water,ons_open_data,daily,2016-07-19,61002.8902,mwmed
electricity_generation_by_source,"Electricity generation, total (SIN)",energy_water,ons_open_data,daily,2016-07-20,61101.3023,mwmed
electricity_generation_by_source,"Electricity generation, total (SIN)",energy_water,ons_open_data,daily,2016-07-21,61349.7268,mwmed
electricity_generation_by_source,"Electricity generation, total (SIN)",energy_water,ons_open_data,daily,2016-07-22,60826.3620,mwmed
electricity_generation_by_source,"Electricity generation, total (SIN)",energy_water,ons_open_data,daily,2016-07-23,55642.9899,mwmed
electricity_generation_by_source,"Electricity generation, total (SIN)",energy_water,ons_open_data,daily,2016-07-24,50179.4125,mwmed
electricity_generation_by_source,"Electricity generation, total (SIN)",energy_water,ons_open_data,daily,2016-07-25,59835.9053,mwmed
electricity_generation_by_source,"Electricity generation, total (SIN)",energy_water,ons_open_data,daily,2016-07-26,61704.3949,mwmed
electricity_generation_by_source,"Electricity generation, total (SIN)",energy_water,ons_open_data,daily,2016-07-27,62348.4598,mwmed
electricity_generation_by_source,"Electricity generation, total (SIN)",energy_water,ons_open_data,daily,2016-07-28,61844.4305,mwmed
electricity_generation_by_source,"Electricity generation, total (SIN)",energy_water,ons_open_data,daily,2016-07-29,61631.0632,mwmed
electricity_generation_by_source,"Electricity generation, total (SIN)",energy_water,ons_open_data,daily,2016-07-30,55923.5488,mwmed
electricity_generation_by_source,"Electricity generation, total (SIN)",energy_water,ons_open_data,daily,2016-07-31,49628.0998,mwmed
electricity_generation_by_source,"Electricity generation, total (SIN)",energy_water,ons_open_data,daily,2016-08-01,59692.1912,mwmed
electricity_generation_by_source,"Electricity generation, total (SIN)",energy_water,ons_open_data,daily,2016-08-02,62100.8420,mwmed
electricity_generation_by_source,"Electricity generation, total (SIN)",energy_water,ons_open_data,daily,2016-08-03,62113.3128,mwmed
electricity_generation_by_source,"Electricity generation, total (SIN)",energy_water,ons_open_data,daily,2016-08-04,61295.5467,mwmed
electricity_generation_by_source,"Electricity generation, total (SIN)",energy_water,ons_open_data,daily,2016-08-05,60754.3260,mwmed
electricity_generation_by_source,"Electricity generation, total (SIN)",energy_water,ons_open_data,daily,2016-08-06,56516.0906,mwmed
electricity_generation_by_source,"Electricity generation, total (SIN)",energy_water,ons_open_data,daily,2016-08-07,50907.9803,mwmed
electricity_generation_by_source,"Electricity generation, total (SIN)",energy_water,ons_open_data,daily,2016-08-08,61025.2017,mwmed
electricity_generation_by_source,"Electricity generation, total (SIN)",energy_water,ons_open_data,daily,2016-08-09,62812.9528,mwmed
electricity_generation_by_source,"Electricity generation, total (SIN)",energy_water,ons_open_data,daily,2016-08-10,62399.5871,mwmed
electricity_generation_by_source,"Electricity generation, total (SIN)",energy_water,ons_open_data,daily,2016-08-11,61741.7771,mwmed
electricity_generation_by_source,"Electricity generation, total (SIN)",energy_water,ons_open_data,daily,2016-08-12,61078.7303,mwmed
electricity_generation_by_source,"Electricity generation, total (SIN)",energy_water,ons_open_data,daily,2016-08-13,55674.7867,mwmed
electricity_generation_by_source,"Electricity generation, total (SIN)",energy_water,ons_open_data,daily,2016-08-14,50225.2956,mwmed
electricity_generation_by_source,"Electricity generation, total (SIN)",energy_water,ons_open_data,daily,2016-08-15,60391.9118,mwmed
electricity_generation_by_source,"Electricity generation, total (SIN)",energy_water,ons_open_data,daily,2016-08-16,62770.7277,mwmed
electricity_generation_by_source,"Electricity generation, total (SIN)",energy_water,ons_open_data,daily,2016-08-17,63782.8535,mwmed
electricity_generation_by_source,"Electricity generation, total (SIN)",energy_water,ons_open_data,daily,2016-08-18,63922.6489,mwmed
electricity_generation_by_source,"Electricity generation, total (SIN)",energy_water,ons_open_data,daily,2016-08-19,63889.5462,mwmed
electricity_generation_by_source,"Electricity generation, total (SIN)",energy_water,ons_open_data,daily,2016-08-20,58153.3082,mwmed
electricity_generation_by_source,"Electricity generation, total (SIN)",energy_water,ons_open_data,daily,2016-08-21,51407.6572,mwmed
electricity_generation_by_source,"Electricity generation, total (SIN)",energy_water,ons_open_data,daily,2016-08-22,59492.7507,mwmed
electricity_generation_by_source,"Electricity generation, total (SIN)",energy_water,ons_open_data,daily,2016-08-23,60593.5792,mwmed
electricity_generation_by_source,"Electricity generation, total (SIN)",energy_water,ons_open_data,daily,2016-08-24,60799.0725,mwmed
electricity_generation_by_source,"Electricity generation, total (SIN)",energy_water,ons_open_data,daily,2016-08-25,61159.2485,mwmed
electricity_generation_by_source,"Electricity generation, total (SIN)",energy_water,ons_open_data,daily,2016-08-26,61766.6019,mwmed
electricity_generation_by_source,"Electricity generation, total (SIN)",energy_water,ons_open_data,daily,2016-08-27,56685.3462,mwmed
electricity_generation_by_source,"Electricity generation, total (SIN)",energy_water,ons_open_data,daily,2016-08-28,51070.5062,mwmed
electricity_generation_by_source,"Electricity generation, total (SIN)",energy_water,ons_open_data,daily,2016-08-29,61975.7338,mwmed
electricity_generation_by_source,"Electricity generation, total (SIN)",energy_water,ons_open_data,daily,2016-08-30,63700.9449,mwmed
electricity_generation_by_source,"Electricity generation, total (SIN)",energy_water,ons_open_data,daily,2016-08-31,62970.3464,mwmed
electricity_generation_by_source,"Electricity generation, total (SIN)",energy_water,ons_open_data,daily,2016-09-01,62411.4680,mwmed
electricity_generation_by_source,"Electricity generation, total (SIN)",energy_water,ons_open_data,daily,2016-09-02,62208.3866,mwmed
electricity_generation_by_source,"Electricity generation, total (SIN)",energy_water,ons_open_data,daily,2016-09-03,56608.0405,mwmed
electricity_generation_by_source,"Electricity generation, total (SIN)",energy_water,ons_open_data,daily,2016-09-04,50500.4885,mwmed
electricity_generation_by_source,"Electricity generation, total (SIN)",energy_water,ons_open_data,daily,2016-09-05,60205.1370,mwmed
electricity_generation_by_source,"Electricity generation, total (SIN)",energy_water,ons_open_data,daily,2016-09-06,61877.6844,mwmed
electricity_generation_by_source,"Electricity generation, total (SIN)",energy_water,ons_open_data,daily,2016-09-07,55134.0437,mwmed
electricity_generation_by_source,"Electricity generation, total (SIN)",energy_water,ons_open_data,daily,2016-09-08,60980.4106,mwmed
electricity_generation_by_source,"Electricity generation, total (SIN)",energy_water,ons_open_data,daily,2016-09-09,61374.7930,mwmed
electricity_generation_by_source,"Electricity generation, total (SIN)",energy_water,ons_open_data,daily,2016-09-10,56697.2687,mwmed
electricity_generation_by_source,"Electricity generation, total (SIN)",energy_water,ons_open_data,daily,2016-09-11,51768.1773,mwmed
electricity_generation_by_source,"Electricity generation, total (SIN)",energy_water,ons_open_data,daily,2016-09-12,62857.2301,mwmed
electricity_generation_by_source,"Electricity generation, total (SIN)",energy_water,ons_open_data,daily,2016-09-13,64909.8913,mwmed
electricity_generation_by_source,"Electricity generation, total (SIN)",energy_water,ons_open_data,daily,2016-09-14,64918.1550,mwmed
electricity_generation_by_source,"Electricity generation, total (SIN)",energy_water,ons_open_data,daily,2016-09-15,63960.8862,mwmed
electricity_generation_by_source,"Electricity generation, total (SIN)",energy_water,ons_open_data,daily,2016-09-16,63159.4297,mwmed
electricity_generation_by_source,"Electricity generation, total (SIN)",energy_water,ons_open_data,daily,2016-09-17,58331.8965,mwmed
electricity_generation_by_source,"Electricity generation, total (SIN)",energy_water,ons_open_data,daily,2016-09-18,53113.0926,mwmed
electricity_generation_by_source,"Electricity generation, total (SIN)",energy_water,ons_open_data,daily,2016-09-19,62490.7673,mwmed
electricity_generation_by_source,"Electricity generation, total (SIN)",energy_water,ons_open_data,daily,2016-09-20,62536.8761,mwmed
electricity_generation_by_source,"Electricity generation, total (SIN)",energy_water,ons_open_data,daily,2016-09-21,62508.1859,mwmed
electricity_generation_by_source,"Electricity generation, total (SIN)",energy_water,ons_open_data,daily,2016-09-22,63057.0556,mwmed
electricity_generation_by_source,"Electricity generation, total (SIN)",energy_water,ons_open_data,daily,2016-09-23,63245.8732,mwmed
electricity_generation_by_source,"Electricity generation, total (SIN)",energy_water,ons_open_data,daily,2016-09-24,57543.3112,mwmed
electricity_generation_by_source,"Electricity generation, total (SIN)",energy_water,ons_open_data,daily,2016-09-25,51084.6017,mwmed
electricity_generation_by_source,"Electricity generation, total (SIN)",energy_water,ons_open_data,daily,2016-09-26,60544.7427,mwmed
electricity_generation_by_source,"Electricity generation, total (SIN)",energy_water,ons_open_data,daily,2016-09-27,62476.2315,mwmed
electricity_generation_by_source,"Electricity generation, total (SIN)",energy_water,ons_open_data,daily,2016-09-28,63158.8298,mwmed
electricity_generation_by_source,"Electricity generation, total (SIN)",energy_water,ons_open_data,daily,2016-09-29,63398.2562,mwmed
electricity_generation_by_source,"Electricity generation, total (SIN)",energy_water,ons_open_data,daily,2016-09-30,63003.6712,mwmed
electricity_generation_by_source,"Electricity generation, total (SIN)",energy_water,ons_open_data,daily,2016-10-01,57015.8370,mwmed
electricity_generation_by_source,"Electricity generation, total (SIN)",energy_water,ons_open_data,daily,2016-10-02,50213.6902,mwmed
electricity_generation_by_source,"Electricity generation, total (SIN)",energy_water,ons_open_data,daily,2016-10-03,60134.9930,mwmed
electricity_generation_by_source,"Electricity generation, total (SIN)",energy_water,ons_open_data,daily,2016-10-04,61239.0175,mwmed
electricity_generation_by_source,"Electricity generation, total (SIN)",energy_water,ons_open_data,daily,2016-10-05,61439.0750,mwmed
electricity_generation_by_source,"Electricity generation, total (SIN)",energy_water,ons_open_data,daily,2016-10-06,60620.6182,mwmed
electricity_generation_by_source,"Electricity generation, total (SIN)",energy_water,ons_open_data,daily,2016-10-07,60451.2843,mwmed
electricity_generation_by_source,"Electricity generation, total (SIN)",energy_water,ons_open_data,daily,2016-10-08,56115.2942,mwmed
electricity_generation_by_source,"Electricity generation, total (SIN)",energy_water,ons_open_data,daily,2016-10-09,51384.9648,mwmed
electricity_generation_by_source,"Electricity generation, total (SIN)",energy_water,ons_open_data,daily,2016-10-10,60599.0401,mwmed
electricity_generation_by_source,"Electricity generation, total (SIN)",energy_water,ons_open_data,daily,2016-10-11,62162.6871,mwmed
electricity_generation_by_source,"Electricity generation, total (SIN)",energy_water,ons_open_data,daily,2016-10-12,54693.9545,mwmed
electricity_generation_by_source,"Electricity generation, total (SIN)",energy_water,ons_open_data,daily,2016-10-13,62507.6732,mwmed
electricity_generation_by_source,"Electricity generation, total (SIN)",energy_water,ons_open_data,daily,2016-10-14,63868.4397,mwmed
electricity_generation_by_source,"Electricity generation, total (SIN)",energy_water,ons_open_data,daily,2016-10-15,59462.8122,mwmed
electricity_generation_by_source,"Electricity generation, total (SIN)",energy_water,ons_open_data,daily,2016-10-16,54214.3981,mwmed
electricity_generation_by_source,"Electricity generation, total (SIN)",energy_water,ons_open_data,daily,2016-10-17,65698.3258,mwmed
electricity_generation_by_source,"Electricity generation, total (SIN)",energy_water,ons_open_data,daily,2016-10-18,67760.5298,mwmed
electricity_generation_by_source,"Electricity generation, total (SIN)",energy_water,ons_open_data,daily,2016-10-19,68702.4196,mwmed
electricity_generation_by_source,"Electricity generation, total (SIN)",energy_water,ons_open_data,daily,2016-10-20,69162.8115,mwmed
electricity_generation_by_source,"Electricity generation, total (SIN)",energy_water,ons_open_data,daily,2016-10-21,66727.8323,mwmed
electricity_generation_by_source,"Electricity generation, total (SIN)",energy_water,ons_open_data,daily,2016-10-22,58974.9440,mwmed
electricity_generation_by_source,"Electricity generation, total (SIN)",energy_water,ons_open_data,daily,2016-10-23,52899.9000,mwmed
electricity_generation_by_source,"Electricity generation, total (SIN)",energy_water,ons_open_data,daily,2016-10-24,64300.5438,mwmed
electricity_generation_by_source,"Electricity generation, total (SIN)",energy_water,ons_open_data,daily,2016-10-25,65774.1235,mwmed
electricity_generation_by_source,"Electricity generation, total (SIN)",energy_water,ons_open_data,daily,2016-10-26,66500.8187,mwmed
electricity_generation_by_source,"Electricity generation, total (SIN)",energy_water,ons_open_data,daily,2016-10-27,66194.9578,mwmed
electricity_generation_by_source,"Electricity generation, total (SIN)",energy_water,ons_open_data,daily,2016-10-28,63633.1226,mwmed
electricity_generation_by_source,"Electricity generation, total (SIN)",energy_water,ons_open_data,daily,2016-10-29,57225.2479,mwmed
electricity_generation_by_source,"Electricity generation, total (SIN)",energy_water,ons_open_data,daily,2016-10-30,50653.8157,mwmed
electricity_generation_by_source,"Electricity generation, total (SIN)",energy_water,ons_open_data,daily,2016-10-31,61927.5207,mwmed
electricity_generation_by_source,"Electricity generation, total (SIN)",energy_water,ons_open_data,daily,2016-11-01,64136.0733,mwmed
electricity_generation_by_source,"Electricity generation, total (SIN)",energy_water,ons_open_data,daily,2016-11-02,56766.0047,mwmed
electricity_generation_by_source,"Electricity generation, total (SIN)",energy_water,ons_open_data,daily,2016-11-03,64162.9088,mwmed
electricity_generation_by_source,"Electricity generation, total (SIN)",energy_water,ons_open_data,daily,2016-11-04,63559.4738,mwmed
electricity_generation_by_source,"Electricity generation, total (SIN)",energy_water,ons_open_data,daily,2016-11-05,57628.3289,mwmed
electricity_generation_by_source,"Electricity generation, total (SIN)",energy_water,ons_open_data,daily,2016-11-06,52146.1513,mwmed
electricity_generation_by_source,"Electricity generation, total (SIN)",energy_water,ons_open_data,daily,2016-11-07,63482.5533,mwmed
electricity_generation_by_source,"Electricity generation, total (SIN)",energy_water,ons_open_data,daily,2016-11-08,65522.6503,mwmed
electricity_generation_by_source,"Electricity generation, total (SIN)",energy_water,ons_open_data,daily,2016-11-09,65586.0465,mwmed
electricity_generation_by_source,"Electricity generation, total (SIN)",energy_water,ons_open_data,daily,2016-11-10,67057.4009,mwmed
electricity_generation_by_source,"Electricity generation, total (SIN)",energy_water,ons_open_data,daily,2016-11-11,67081.2233,mwmed
electricity_generation_by_source,"Electricity generation, total (SIN)",energy_water,ons_open_data,daily,2016-11-12,58880.7747,mwmed
electricity_generation_by_source,"Electricity generation, total (SIN)",energy_water,ons_open_data,daily,2016-11-13,51385.1347,mwmed
electricity_generation_by_source,"Electricity generation, total (SIN)",energy_water,ons_open_data,daily,2016-11-14,58507.3837,mwmed
electricity_generation_by_source,"Electricity generation, total (SIN)",energy_water,ons_open_data,daily,2016-11-15,55195.7520,mwmed
electricity_generation_by_source,"Electricity generation, total (SIN)",energy_water,ons_open_data,daily,2016-11-16,63685.1443,mwmed
electricity_generation_by_source,"Electricity generation, total (SIN)",energy_water,ons_open_data,daily,2016-11-17,63901.2041,mwmed
electricity_generation_by_source,"Electricity generation, total (SIN)",energy_water,ons_open_data,daily,2016-11-18,62122.8597,mwmed
electricity_generation_by_source,"Electricity generation, total (SIN)",energy_water,ons_open_data,daily,2016-11-19,55132.2098,mwmed
electricity_generation_by_source,"Electricity generation, total (SIN)",energy_water,ons_open_data,daily,2016-11-20,49781.2973,mwmed
electricity_generation_by_source,"Electricity generation, total (SIN)",energy_water,ons_open_data,daily,2016-11-21,60981.6692,mwmed
electricity_generation_by_source,"Electricity generation, total (SIN)",energy_water,ons_open_data,daily,2016-11-22,63895.1376,mwmed
electricity_generation_by_source,"Electricity generation, total (SIN)",energy_water,ons_open_data,daily,2016-11-23,64371.6300,mwmed
electricity_generation_by_source,"Electricity generation, total (SIN)",energy_water,ons_open_data,daily,2016-11-24,65156.2783,mwmed
electricity_generation_by_source,"Electricity generation, total (SIN)",energy_water,ons_open_data,daily,2016-11-25,65372.7201,mwmed
electricity_generation_by_source,"Electricity generation, total (SIN)",energy_water,ons_open_data,daily,2016-11-26,60064.8448,mwmed
electricity_generation_by_source,"Electricity generation, total (SIN)",energy_water,ons_open_data,daily,2016-11-27,54992.8137,mwmed
electricity_generation_by_source,"Electricity generation, total (SIN)",energy_water,ons_open_data,daily,2016-11-28,66602.9593,mwmed
electricity_generation_by_source,"Electricity generation, total (SIN)",energy_water,ons_open_data,daily,2016-11-29,67755.8539,mwmed
electricity_generation_by_source,"Electricity generation, total (SIN)",energy_water,ons_open_data,daily,2016-11-30,64686.3378,mwmed
electricity_generation_by_source,"Electricity generation, total (SIN)",energy_water,ons_open_data,daily,2016-12-01,63464.2646,mwmed
electricity_generation_by_source,"Electricity generation, total (SIN)",energy_water,ons_open_data,daily,2016-12-02,64453.3616,mwmed
electricity_generation_by_source,"Electricity generation, total (SIN)",energy_water,ons_open_data,daily,2016-12-03,59667.4930,mwmed
electricity_generation_by_source,"Electricity generation, total (SIN)",energy_water,ons_open_data,daily,2016-12-04,53289.4345,mwmed
electricity_generation_by_source,"Electricity generation, total (SIN)",energy_water,ons_open_data,daily,2016-12-05,63068.5410,mwmed
electricity_generation_by_source,"Electricity generation, total (SIN)",energy_water,ons_open_data,daily,2016-12-06,65873.9521,mwmed
electricity_generation_by_source,"Electricity generation, total (SIN)",energy_water,ons_open_data,daily,2016-12-07,67248.0455,mwmed
electricity_generation_by_source,"Electricity generation, total (SIN)",energy_water,ons_open_data,daily,2016-12-08,66443.8553,mwmed
electricity_generation_by_source,"Electricity generation, total (SIN)",energy_water,ons_open_data,daily,2016-12-09,66595.3044,mwmed
electricity_generation_by_source,"Electricity generation, total (SIN)",energy_water,ons_open_data,daily,2016-12-10,61134.9125,mwmed
electricity_generation_by_source,"Electricity generation, total (SIN)",energy_water,ons_open_data,daily,2016-12-11,56081.2559,mwmed
electricity_generation_by_source,"Electricity generation, total (SIN)",energy_water,ons_open_data,daily,2016-12-12,66185.3043,mwmed
electricity_generation_by_source,"Electricity generation, total (SIN)",energy_water,ons_open_data,daily,2016-12-13,67940.6871,mwmed
electricity_generation_by_source,"Electricity generation, total (SIN)",energy_water,ons_open_data,daily,2016-12-14,66201.2098,mwmed
electricity_generation_by_source,"Electricity generation, total (SIN)",energy_water,ons_open_data,daily,2016-12-15,63055.6600,mwmed
electricity_generation_by_source,"Electricity generation, total (SIN)",energy_water,ons_open_data,daily,2016-12-16,61510.9958,mwmed
electricity_generation_by_source,"Electricity generation, total (SIN)",energy_water,ons_open_data,daily,2016-12-17,56931.0420,mwmed
electricity_generation_by_source,"Electricity generation, total (SIN)",energy_water,ons_open_data,daily,2016-12-18,52804.5123,mwmed
electricity_generation_by_source,"Electricity generation, total (SIN)",energy_water,ons_open_data,daily,2016-12-19,62188.2826,mwmed
electricity_generation_by_source,"Electricity generation, total (SIN)",energy_water,ons_open_data,daily,2016-12-20,63549.8640,mwmed
electricity_generation_by_source,"Electricity generation, total (SIN)",energy_water,ons_open_data,daily,2016-12-21,64254.9246,mwmed
electricity_generation_by_source,"Electricity generation, total (SIN)",energy_water,ons_open_data,daily,2016-12-22,64759.7670,mwmed
electricity_generation_by_source,"Electricity generation, total (SIN)",energy_water,ons_open_data,daily,2016-12-23,64449.8105,mwmed
electricity_generation_by_source,"Electricity generation, total (SIN)",energy_water,ons_open_data,daily,2016-12-24,58190.2774,mwmed
electricity_generation_by_source,"Electricity generation, total (SIN)",energy_water,ons_open_data,daily,2016-12-25,53109.2841,mwmed
electricity_generation_by_source,"Electricity generation, total (SIN)",energy_water,ons_open_data,daily,2016-12-26,63119.0390,mwmed
electricity_generation_by_source,"Electricity generation, total (SIN)",energy_water,ons_open_data,daily,2016-12-27,66312.0152,mwmed
electricity_generation_by_source,"Electricity generation, total (SIN)",energy_water,ons_open_data,daily,2016-12-28,65819.0210,mwmed
electricity_generation_by_source,"Electricity generation, total (SIN)",energy_water,ons_open_data,daily,2016-12-29,65120.9575,mwmed
electricity_generation_by_source,"Electricity generation, total (SIN)",energy_water,ons_open_data,daily,2016-12-30,62815.3108,mwmed
electricity_generation_by_source,"Electricity generation, total (SIN)",energy_water,ons_open_data,daily,2016-12-31,57712.2849,mwmed
electricity_generation_by_source,"Electricity generation, total (SIN)",energy_water,ons_open_data,daily,2017-01-01,53615.0823,mwmed
electricity_generation_by_source,"Electricity generation, total (SIN)",energy_water,ons_open_data,daily,2017-01-02,64096.4445,mwmed
electricity_generation_by_source,"Electricity generation, total (SIN)",energy_water,ons_open_data,daily,2017-01-03,67976.8079,mwmed
electricity_generation_by_source,"Electricity generation, total (SIN)",energy_water,ons_open_data,daily,2017-01-04,68228.2547,mwmed
electricity_generation_by_source,"Electricity generation, total (SIN)",energy_water,ons_open_data,daily,2017-01-05,68808.6473,mwmed
electricity_generation_by_source,"Electricity generation, total (SIN)",energy_water,ons_open_data,daily,2017-01-06,68501.4936,mwmed
electricity_generation_by_source,"Electricity generation, total (SIN)",energy_water,ons_open_data,daily,2017-01-07,64048.3287,mwmed
electricity_generation_by_source,"Electricity generation, total (SIN)",energy_water,ons_open_data,daily,2017-01-08,59336.1117,mwmed
electricity_generation_by_source,"Electricity generation, total (SIN)",energy_water,ons_open_data,daily,2017-01-09,70186.7215,mwmed
electricity_generation_by_source,"Electricity generation, total (SIN)",energy_water,ons_open_data,daily,2017-01-10,71610.5570,mwmed
electricity_generation_by_source,"Electricity generation, total (SIN)",energy_water,ons_open_data,daily,2017-01-11,71281.2247,mwmed
electricity_generation_by_source,"Electricity generation, total (SIN)",energy_water,ons_open_data,daily,2017-01-12,70081.7593,mwmed
electricity_generation_by_source,"Electricity generation, total (SIN)",energy_water,ons_open_data,daily,2017-01-13,68695.7704,mwmed
electricity_generation_by_source,"Electricity generation, total (SIN)",energy_water,ons_open_data,daily,2017-01-14,63436.2121,mwmed
electricity_generation_by_source,"Electricity generation, total (SIN)",energy_water,ons_open_data,daily,2017-01-15,58471.2519,mwmed
electricity_generation_by_source,"Electricity generation, total (SIN)",energy_water,ons_open_data,daily,2017-01-16,68943.7102,mwmed
electricity_generation_by_source,"Electricity generation, total (SIN)",energy_water,ons_open_data,daily,2017-01-17,68943.8408,mwmed
electricity_generation_by_source,"Electricity generation, total (SIN)",energy_water,ons_open_data,daily,2017-01-18,69669.0801,mwmed
electricity_generation_by_source,"Electricity generation, total (SIN)",energy_water,ons_open_data,daily,2017-01-19,69184.4997,mwmed
electricity_generation_by_source,"Electricity generation, total (SIN)",energy_water,ons_open_data,daily,2017-01-20,67832.4023,mwmed
electricity_generation_by_source,"Electricity generation, total (SIN)",energy_water,ons_open_data,daily,2017-01-21,62904.8764,mwmed
electricity_generation_by_source,"Electricity generation, total (SIN)",energy_water,ons_open_data,daily,2017-01-22,56911.3717,mwmed
electricity_generation_by_source,"Electricity generation, total (SIN)",energy_water,ons_open_data,daily,2017-01-23,68220.4722,mwmed
electricity_generation_by_source,"Electricity generation, total (SIN)",energy_water,ons_open_data,daily,2017-01-24,71048.7549,mwmed
electricity_generation_by_source,"Electricity generation, total (SIN)",energy_water,ons_open_data,daily,2017-01-25,69952.8502,mwmed
electricity_generation_by_source,"Electricity generation, total (SIN)",energy_water,ons_open_data,daily,2017-01-26,70011.6879,mwmed
electricity_generation_by_source,"Electricity generation, total (SIN)",energy_water,ons_open_data,daily,2017-01-27,69230.5140,mwmed
electricity_generation_by_source,"Electricity generation, total (SIN)",energy_water,ons_open_data,daily,2017-01-28,63374.1583,mwmed
electricity_generation_by_source,"Electricity generation, total (SIN)",energy_water,ons_open_data,daily,2017-01-29,58232.7465,mwmed
electricity_generation_by_source,"Electricity generation, total (SIN)",energy_water,ons_open_data,daily,2017-01-30,70498.9142,mwmed
electricity_generation_by_source,"Electricity generation, total (SIN)",energy_water,ons_open_data,daily,2017-01-31,71400.4805,mwmed
electricity_generation_by_source,"Electricity generation, total (SIN)",energy_water,ons_open_data,daily,2017-02-01,71099.7090,mwmed
electricity_generation_by_source,"Electricity generation, total (SIN)",energy_water,ons_open_data,daily,2017-02-02,70333.3447,mwmed
electricity_generation_by_source,"Electricity generation, total (SIN)",energy_water,ons_open_data,daily,2017-02-03,70153.8860,mwmed
electricity_generation_by_source,"Electricity generation, total (SIN)",energy_water,ons_open_data,daily,2017-02-04,64772.1651,mwmed
electricity_generation_by_source,"Electricity generation, total (SIN)",energy_water,ons_open_data,daily,2017-02-05,59096.3278,mwmed
electricity_generation_by_source,"Electricity generation, total (SIN)",energy_water,ons_open_data,daily,2017-02-06,70110.8666,mwmed
electricity_generation_by_source,"Electricity generation, total (SIN)",energy_water,ons_open_data,daily,2017-02-07,71067.2542,mwmed
electricity_generation_by_source,"Electricity generation, total (SIN)",energy_water,ons_open_data,daily,2017-02-08,70555.8762,mwmed
electricity_generation_by_source,"Electricity generation, total (SIN)",energy_water,ons_open_data,daily,2017-02-09,70004.6961,mwmed
electricity_generation_by_source,"Electricity generation, total (SIN)",energy_water,ons_open_data,daily,2017-02-10,70477.3234,mwmed
electricity_generation_by_source,"Electricity generation, total (SIN)",energy_water,ons_open_data,daily,2017-02-11,64443.6135,mwmed
electricity_generation_by_source,"Electricity generation, total (SIN)",energy_water,ons_open_data,daily,2017-02-12,58148.5856,mwmed
electricity_generation_by_source,"Electricity generation, total (SIN)",energy_water,ons_open_data,daily,2017-02-13,69643.3424,mwmed
electricity_generation_by_source,"Electricity generation, total (SIN)",energy_water,ons_open_data,daily,2017-02-14,70987.0545,mwmed
electricity_generation_by_source,"Electricity generation, total (SIN)",energy_water,ons_open_data,daily,2017-02-15,72091.3660,mwmed
electricity_generation_by_source,"Electricity generation, total (SIN)",energy_water,ons_open_data,daily,2017-02-16,73019.3964,mwmed
electricity_generation_by_source,"Electricity generation, total (SIN)",energy_water,ons_open_data,daily,2017-02-17,72767.6834,mwmed
electricity_generation_by_source,"Electricity generation, total (SIN)",energy_water,ons_open_data,daily,2017-02-18,67290.3010,mwmed
electricity_generation_by_source,"Electricity generation, total (SIN)",energy_water,ons_open_data,daily,2017-02-19,61642.2425,mwmed
electricity_generation_by_source,"Electricity generation, total (SIN)",energy_water,ons_open_data,daily,2017-02-20,73565.8480,mwmed
electricity_generation_by_source,"Electricity generation, total (SIN)",energy_water,ons_open_data,daily,2017-02-21,74092.1278,mwmed
electricity_generation_by_source,"Electricity generation, total (SIN)",energy_water,ons_open_data,daily,2017-02-22,74091.1432,mwmed
electricity_generation_by_source,"Electricity generation, total (SIN)",energy_water,ons_open_data,daily,2017-02-23,74454.1317,mwmed
electricity_generation_by_source,"Electricity generation, total (SIN)",energy_water,ons_open_data,daily,2017-02-24,73056.9165,mwmed
electricity_generation_by_source,"Electricity generation, total (SIN)",energy_water,ons_open_data,daily,2017-02-25,64031.9626,mwmed
electricity_generation_by_source,"Electricity generation, total (SIN)",energy_water,ons_open_data,daily,2017-02-26,57623.6444,mwmed
electricity_generation_by_source,"Electricity generation, total (SIN)",energy_water,ons_open_data,daily,2017-02-27,61909.7572,mwmed
electricity_generation_by_source,"Electricity generation, total (SIN)",energy_water,ons_open_data,daily,2017-02-28,62026.7929,mwmed
electricity_generation_by_source,"Electricity generation, total (SIN)",energy_water,ons_open_data,daily,2017-03-01,68482.6310,mwmed
electricity_generation_by_source,"Electricity generation, total (SIN)",energy_water,ons_open_data,daily,2017-03-02,72087.0853,mwmed
electricity_generation_by_source,"Electricity generation, total (SIN)",energy_water,ons_open_data,daily,2017-03-03,71542.3897,mwmed
electricity_generation_by_source,"Electricity generation, total (SIN)",energy_water,ons_open_data,daily,2017-03-04,65048.7173,mwmed
electricity_generation_by_source,"Electricity generation, total (SIN)",energy_water,ons_open_data,daily,2017-03-05,59917.7380,mwmed
electricity_generation_by_source,"Electricity generation, total (SIN)",energy_water,ons_open_data,daily,2017-03-06,70618.9589,mwmed
electricity_generation_by_source,"Electricity generation, total (SIN)",energy_water,ons_open_data,daily,2017-03-07,72348.5441,mwmed
electricity_generation_by_source,"Electricity generation, total (SIN)",energy_water,ons_open_data,daily,2017-03-08,72611.1258,mwmed
electricity_generation_by_source,"Electricity generation, total (SIN)",energy_water,ons_open_data,daily,2017-03-09,73071.7610,mwmed
electricity_generation_by_source,"Electricity generation, total (SIN)",energy_water,ons_open_data,daily,2017-03-10,72927.0715,mwmed
electricity_generation_by_source,"Electricity generation, total (SIN)",energy_water,ons_open_data,daily,2017-03-11,66104.8165,mwmed
electricity_generation_by_source,"Electricity generation, total (SIN)",energy_water,ons_open_data,daily,2017-03-12,60300.2693,mwmed
electricity_generation_by_source,"Electricity generation, total (SIN)",energy_water,ons_open_data,daily,2017-03-13,69904.4191,mwmed
electricity_generation_by_source,"Electricity generation, total (SIN)",energy_water,ons_open_data,daily,2017-03-14,70284.0050,mwmed
electricity_generation_by_source,"Electricity generation, total (SIN)",energy_water,ons_open_data,daily,2017-03-15,70591.1927,mwmed
electricity_generation_by_source,"Electricity generation, total (SIN)",energy_water,ons_open_data,daily,2017-03-16,71115.0163,mwmed
electricity_generation_by_source,"Electricity generation, total (SIN)",energy_water,ons_open_data,daily,2017-03-17,70295.8365,mwmed
electricity_generation_by_source,"Electricity generation, total (SIN)",energy_water,ons_open_data,daily,2017-03-18,62243.7075,mwmed
electricity_generation_by_source,"Electricity generation, total (SIN)",energy_water,ons_open_data,daily,2017-03-19,54815.8385,mwmed
electricity_generation_by_source,"Electricity generation, total (SIN)",energy_water,ons_open_data,daily,2017-03-20,64675.7670,mwmed
electricity_generation_by_source,"Electricity generation, total (SIN)",energy_water,ons_open_data,daily,2017-03-21,66549.9265,mwmed
electricity_generation_by_source,"Electricity generation, total (SIN)",energy_water,ons_open_data,daily,2017-03-22,67424.5408,mwmed
electricity_generation_by_source,"Electricity generation, total (SIN)",energy_water,ons_open_data,daily,2017-03-23,68004.0444,mwmed
electricity_generation_by_source,"Electricity generation, total (SIN)",energy_water,ons_open_data,daily,2017-03-24,68573.6709,mwmed
electricity_generation_by_source,"Electricity generation, total (SIN)",energy_water,ons_open_data,daily,2017-03-25,63331.3751,mwmed
electricity_generation_by_source,"Electricity generation, total (SIN)",energy_water,ons_open_data,daily,2017-03-26,57359.7095,mwmed
electricity_generation_by_source,"Electricity generation, total (SIN)",energy_water,ons_open_data,daily,2017-03-27,67412.7424,mwmed
electricity_generation_by_source,"Electricity generation, total (SIN)",energy_water,ons_open_data,daily,2017-03-28,67891.9557,mwmed
electricity_generation_by_source,"Electricity generation, total (SIN)",energy_water,ons_open_data,daily,2017-03-29,66927.0313,mwmed
electricity_generation_by_source,"Electricity generation, total (SIN)",energy_water,ons_open_data,daily,2017-03-30,66470.0505,mwmed
electricity_generation_by_source,"Electricity generation, total (SIN)",energy_water,ons_open_data,daily,2017-03-31,65404.8447,mwmed
electricity_generation_by_source,"Electricity generation, total (SIN)",energy_water,ons_open_data,daily,2017-04-01,59120.4041,mwmed
electricity_generation_by_source,"Electricity generation, total (SIN)",energy_water,ons_open_data,daily,2017-04-02,53562.7500,mwmed
electricity_generation_by_source,"Electricity generation, total (SIN)",energy_water,ons_open_data,daily,2017-04-03,64368.0176,mwmed
electricity_generation_by_source,"Electricity generation, total (SIN)",energy_water,ons_open_data,daily,2017-04-04,67008.7843,mwmed
electricity_generation_by_source,"Electricity generation, total (SIN)",energy_water,ons_open_data,daily,2017-04-05,67668.2042,mwmed
electricity_generation_by_source,"Electricity generation, total (SIN)",energy_water,ons_open_data,daily,2017-04-06,67925.9170,mwmed
electricity_generation_by_source,"Electricity generation, total (SIN)",energy_water,ons_open_data,daily,2017-04-07,67819.6238,mwmed
electricity_generation_by_source,"Electricity generation, total (SIN)",energy_water,ons_open_data,daily,2017-04-08,62377.6299,mwmed
electricity_generation_by_source,"Electricity generation, total (SIN)",energy_water,ons_open_data,daily,2017-04-09,56686.7175,mwmed
electricity_generation_by_source,"Electricity generation, total (SIN)",energy_water,ons_open_data,daily,2017-04-10,67707.5576,mwmed
electricity_generation_by_source,"Electricity generation, total (SIN)",energy_water,ons_open_data,daily,2017-04-11,69114.1875,mwmed
electricity_generation_by_source,"Electricity generation, total (SIN)",energy_water,ons_open_data,daily,2017-04-12,67674.5414,mwmed
electricity_generation_by_source,"Electricity generation, total (SIN)",energy_water,ons_open_data,daily,2017-04-13,64937.9310,mwmed
electricity_generation_by_source,"Electricity generation, total (SIN)",energy_water,ons_open_data,daily,2017-04-14,54027.4928,mwmed
electricity_generation_by_source,"Electricity generation, total (SIN)",energy_water,ons_open_data,daily,2017-04-15,56510.4898,mwmed
electricity_generation_by_source,"Electricity generation, total (SIN)",energy_water,ons_open_data,daily,2017-04-16,53680.0312,mwmed
electricity_generation_by_source,"Electricity generation, total (SIN)",energy_water,ons_open_data,daily,2017-04-17,64882.7136,mwmed
electricity_generation_by_source,"Electricity generation, total (SIN)",energy_water,ons_open_data,daily,2017-04-18,65756.3337,mwmed
electricity_generation_by_source,"Electricity generation, total (SIN)",energy_water,ons_open_data,daily,2017-04-19,65215.8497,mwmed
electricity_generation_by_source,"Electricity generation, total (SIN)",energy_water,ons_open_data,daily,2017-04-20,65114.6561,mwmed
electricity_generation_by_source,"Electricity generation, total (SIN)",energy_water,ons_open_data,daily,2017-04-21,58154.3807,mwmed
electricity_generation_by_source,"Electricity generation, total (SIN)",energy_water,ons_open_data,daily,2017-04-22,57980.7676,mwmed
electricity_generation_by_source,"Electricity generation, total (SIN)",energy_water,ons_open_data,daily,2017-04-23,53084.9111,mwmed
electricity_generation_by_source,"Electricity generation, total (SIN)",energy_water,ons_open_data,daily,2017-04-24,62560.8961,mwmed
electricity_generation_by_source,"Electricity generation, total (SIN)",energy_water,ons_open_data,daily,2017-04-25,64664.6035,mwmed
electricity_generation_by_source,"Electricity generation, total (SIN)",energy_water,ons_open_data,daily,2017-04-26,65237.2220,mwmed
electricity_generation_by_source,"Electricity generation, total (SIN)",energy_water,ons_open_data,daily,2017-04-27,65116.2913,mwmed
electricity_generation_by_source,"Electricity generation, total (SIN)",energy_water,ons_open_data,daily,2017-04-28,62199.0706,mwmed
electricity_generation_by_source,"Electricity generation, total (SIN)",energy_water,ons_open_data,daily,2017-04-29,56524.0834,mwmed
electricity_generation_by_source,"Electricity generation, total (SIN)",energy_water,ons_open_data,daily,2017-04-30,50035.5760,mwmed
electricity_generation_by_source,"Electricity generation, total (SIN)",energy_water,ons_open_data,daily,2017-05-01,49925.9406,mwmed
electricity_generation_by_source,"Electricity generation, total (SIN)",energy_water,ons_open_data,daily,2017-05-02,60680.2122,mwmed
electricity_generation_by_source,"Electricity generation, total (SIN)",energy_water,ons_open_data,daily,2017-05-03,62442.0304,mwmed
electricity_generation_by_source,"Electricity generation, total (SIN)",energy_water,ons_open_data,daily,2017-05-04,63332.3962,mwmed
electricity_generation_by_source,"Electricity generation, total (SIN)",energy_water,ons_open_data,daily,2017-05-05,63592.3623,mwmed
electricity_generation_by_source,"Electricity generation, total (SIN)",energy_water,ons_open_data,daily,2017-05-06,58420.5840,mwmed
electricity_generation_by_source,"Electricity generation, total (SIN)",energy_water,ons_open_data,daily,2017-05-07,52607.6881,mwmed
electricity_generation_by_source,"Electricity generation, total (SIN)",energy_water,ons_open_data,daily,2017-05-08,62331.5888,mwmed
electricity_generation_by_source,"Electricity generation, total (SIN)",energy_water,ons_open_data,daily,2017-05-09,63248.7723,mwmed
electricity_generation_by_source,"Electricity generation, total (SIN)",energy_water,ons_open_data,daily,2017-05-10,63734.9390,mwmed
electricity_generation_by_source,"Electricity generation, total (SIN)",energy_water,ons_open_data,daily,2017-05-11,63404.3247,mwmed
electricity_generation_by_source,"Electricity generation, total (SIN)",energy_water,ons_open_data,daily,2017-05-12,62742.1863,mwmed
electricity_generation_by_source,"Electricity generation, total (SIN)",energy_water,ons_open_data,daily,2017-05-13,57855.2039,mwmed
electricity_generation_by_source,"Electricity generation, total (SIN)",energy_water,ons_open_data,daily,2017-05-14,51935.8744,mwmed
electricity_generation_by_source,"Electricity generation, total (SIN)",energy_water,ons_open_data,daily,2017-05-15,62856.6969,mwmed
electricity_generation_by_source,"Electricity generation, total (SIN)",energy_water,ons_open_data,daily,2017-05-16,64478.6363,mwmed
electricity_generation_by_source,"Electricity generation, total (SIN)",energy_water,ons_open_data,daily,2017-05-17,64199.0280,mwmed
electricity_generation_by_source,"Electricity generation, total (SIN)",energy_water,ons_open_data,daily,2017-05-18,63860.4357,mwmed
electricity_generation_by_source,"Electricity generation, total (SIN)",energy_water,ons_open_data,daily,2017-05-19,63350.1551,mwmed
electricity_generation_by_source,"Electricity generation, total (SIN)",energy_water,ons_open_data,daily,2017-05-20,57830.0833,mwmed
electricity_generation_by_source,"Electricity generation, total (SIN)",energy_water,ons_open_data,daily,2017-05-21,52259.8789,mwmed
electricity_generation_by_source,"Electricity generation, total (SIN)",energy_water,ons_open_data,daily,2017-05-22,62296.4054,mwmed
electricity_generation_by_source,"Electricity generation, total (SIN)",energy_water,ons_open_data,daily,2017-05-23,63581.3780,mwmed
electricity_generation_by_source,"Electricity generation, total (SIN)",energy_water,ons_open_data,daily,2017-05-24,63253.5020,mwmed
electricity_generation_by_source,"Electricity generation, total (SIN)",energy_water,ons_open_data,daily,2017-05-25,63251.2395,mwmed
electricity_generation_by_source,"Electricity generation, total (SIN)",energy_water,ons_open_data,daily,2017-05-26,63484.7385,mwmed
electricity_generation_by_source,"Electricity generation, total (SIN)",energy_water,ons_open_data,daily,2017-05-27,58325.0748,mwmed
electricity_generation_by_source,"Electricity generation, total (SIN)",energy_water,ons_open_data,daily,2017-05-28,51834.3928,mwmed
electricity_generation_by_source,"Electricity generation, total (SIN)",energy_water,ons_open_data,daily,2017-05-29,60655.5316,mwmed
electricity_generation_by_source,"Electricity generation, total (SIN)",energy_water,ons_open_data,daily,2017-05-30,61775.7624,mwmed
electricity_generation_by_source,"Electricity generation, total (SIN)",energy_water,ons_open_data,daily,2017-05-31,62055.8391,mwmed
electricity_generation_by_source,"Electricity generation, total (SIN)",energy_water,ons_open_data,daily,2017-06-01,62030.0941,mwmed
electricity_generation_by_source,"Electricity generation, total (SIN)",energy_water,ons_open_data,daily,2017-06-02,61977.7134,mwmed
electricity_generation_by_source,"Electricity generation, total (SIN)",energy_water,ons_open_data,daily,2017-06-03,56492.5893,mwmed
electricity_generation_by_source,"Electricity generation, total (SIN)",energy_water,ons_open_data,daily,2017-06-04,51297.2285,mwmed
electricity_generation_by_source,"Electricity generation, total (SIN)",energy_water,ons_open_data,daily,2017-06-05,62119.8381,mwmed
electricity_generation_by_source,"Electricity generation, total (SIN)",energy_water,ons_open_data,daily,2017-06-06,63871.0944,mwmed
electricity_generation_by_source,"Electricity generation, total (SIN)",energy_water,ons_open_data,daily,2017-06-07,64681.2205,mwmed
electricity_generation_by_source,"Electricity generation, total (SIN)",energy_water,ons_open_data,daily,2017-06-08,64842.4205,mwmed
electricity_generation_by_source,"Electricity generation, total (SIN)",energy_water,ons_open_data,daily,2017-06-09,64423.1956,mwmed
electricity_generation_by_source,"Electricity generation, total (SIN)",energy_water,ons_open_data,daily,2017-06-10,57346.2136,mwmed
electricity_generation_by_source,"Electricity generation, total (SIN)",energy_water,ons_open_data,daily,2017-06-11,50676.9458,mwmed
electricity_generation_by_source,"Electricity generation, total (SIN)",energy_water,ons_open_data,daily,2017-06-12,60916.2582,mwmed
electricity_generation_by_source,"Electricity generation, total (SIN)",energy_water,ons_open_data,daily,2017-06-13,62865.9574,mwmed
electricity_generation_by_source,"Electricity generation, total (SIN)",energy_water,ons_open_data,daily,2017-06-14,63296.4247,mwmed
electricity_generation_by_source,"Electricity generation, total (SIN)",energy_water,ons_open_data,daily,2017-06-15,56147.3325,mwmed
electricity_generation_by_source,"Electricity generation, total (SIN)",energy_water,ons_open_data,daily,2017-06-16,59339.3826,mwmed
electricity_generation_by_source,"Electricity generation, total (SIN)",energy_water,ons_open_data,daily,2017-06-17,55541.4772,mwmed
electricity_generation_by_source,"Electricity generation, total (SIN)",energy_water,ons_open_data,daily,2017-06-18,51242.9401,mwmed
electricity_generation_by_source,"Electricity generation, total (SIN)",energy_water,ons_open_data,daily,2017-06-19,61059.4573,mwmed
electricity_generation_by_source,"Electricity generation, total (SIN)",energy_water,ons_open_data,daily,2017-06-20,62541.0681,mwmed
electricity_generation_by_source,"Electricity generation, total (SIN)",energy_water,ons_open_data,daily,2017-06-21,61804.2031,mwmed
electricity_generation_by_source,"Electricity generation, total (SIN)",energy_water,ons_open_data,daily,2017-06-22,61781.3747,mwmed
electricity_generation_by_source,"Electricity generation, total (SIN)",energy_water,ons_open_data,daily,2017-06-23,60981.7080,mwmed
electricity_generation_by_source,"Electricity generation, total (SIN)",energy_water,ons_open_data,daily,2017-06-24,55670.0695,mwmed
electricity_generation_by_source,"Electricity generation, total (SIN)",energy_water,ons_open_data,daily,2017-06-25,50140.9473,mwmed
electricity_generation_by_source,"Electricity generation, total (SIN)",energy_water,ons_open_data,daily,2017-06-26,59550.2380,mwmed
electricity_generation_by_source,"Electricity generation, total (SIN)",energy_water,ons_open_data,daily,2017-06-27,60973.7091,mwmed
electricity_generation_by_source,"Electricity generation, total (SIN)",energy_water,ons_open_data,daily,2017-06-28,61178.1092,mwmed
electricity_generation_by_source,"Electricity generation, total (SIN)",energy_water,ons_open_data,daily,2017-06-29,61488.1317,mwmed
electricity_generation_by_source,"Electricity generation, total (SIN)",energy_water,ons_open_data,daily,2017-06-30,61171.8913,mwmed
electricity_generation_by_source,"Electricity generation, total (SIN)",energy_water,ons_open_data,daily,2017-07-01,55766.4820,mwmed
electricity_generation_by_source,"Electricity generation, total (SIN)",energy_water,ons_open_data,daily,2017-07-02,49734.2595,mwmed
electricity_generation_by_source,"Electricity generation, total (SIN)",energy_water,ons_open_data,daily,2017-07-03,58087.4068,mwmed
electricity_generation_by_source,"Electricity generation, total (SIN)",energy_water,ons_open_data,daily,2017-07-04,58863.7627,mwmed
electricity_generation_by_source,"Electricity generation, total (SIN)",energy_water,ons_open_data,daily,2017-07-05,59496.1385,mwmed
electricity_generation_by_source,"Electricity generation, total (SIN)",energy_water,ons_open_data,daily,2017-07-06,60452.5227,mwmed
electricity_generation_by_source,"Electricity generation, total (SIN)",energy_water,ons_open_data,daily,2017-07-07,60765.9583,mwmed
electricity_generation_by_source,"Electricity generation, total (SIN)",energy_water,ons_open_data,daily,2017-07-08,55235.2042,mwmed
electricity_generation_by_source,"Electricity generation, total (SIN)",energy_water,ons_open_data,daily,2017-07-09,49295.3975,mwmed
electricity_generation_by_source,"Electricity generation, total (SIN)",energy_water,ons_open_data,daily,2017-07-10,58873.0881,mwmed
electricity_generation_by_source,"Electricity generation, total (SIN)",energy_water,ons_open_data,daily,2017-07-11,60815.7184,mwmed
electricity_generation_by_source,"Electricity generation, total (SIN)",energy_water,ons_open_data,daily,2017-07-12,60847.5442,mwmed
electricity_generation_by_source,"Electricity generation, total (SIN)",energy_water,ons_open_data,daily,2017-07-13,61082.6867,mwmed
electricity_generation_by_source,"Electricity generation, total (SIN)",energy_water,ons_open_data,daily,2017-07-14,60836.2418,mwmed
electricity_generation_by_source,"Electricity generation, total (SIN)",energy_water,ons_open_data,daily,2017-07-15,55445.9519,mwmed
electricity_generation_by_source,"Electricity generation, total (SIN)",energy_water,ons_open_data,daily,2017-07-16,50103.3522,mwmed
electricity_generation_by_source,"Electricity generation, total (SIN)",energy_water,ons_open_data,daily,2017-07-17,59712.9777,mwmed
electricity_generation_by_source,"Electricity generation, total (SIN)",energy_water,ons_open_data,daily,2017-07-18,60592.4205,mwmed
electricity_generation_by_source,"Electricity generation, total (SIN)",energy_water,ons_open_data,daily,2017-07-19,60129.6228,mwmed
electricity_generation_by_source,"Electricity generation, total (SIN)",energy_water,ons_open_data,daily,2017-07-20,60769.9467,mwmed
electricity_generation_by_source,"Electricity generation, total (SIN)",energy_water,ons_open_data,daily,2017-07-21,60539.6711,mwmed
electricity_generation_by_source,"Electricity generation, total (SIN)",energy_water,ons_open_data,daily,2017-07-22,55179.9037,mwmed
electricity_generation_by_source,"Electricity generation, total (SIN)",energy_water,ons_open_data,daily,2017-07-23,49567.5436,mwmed
electricity_generation_by_source,"Electricity generation, total (SIN)",energy_water,ons_open_data,daily,2017-07-24,58953.7504,mwmed
electricity_generation_by_source,"Electricity generation, total (SIN)",energy_water,ons_open_data,daily,2017-07-25,60791.7854,mwmed
electricity_generation_by_source,"Electricity generation, total (SIN)",energy_water,ons_open_data,daily,2017-07-26,61043.4156,mwmed
electricity_generation_by_source,"Electricity generation, total (SIN)",energy_water,ons_open_data,daily,2017-07-27,60914.9322,mwmed
electricity_generation_by_source,"Electricity generation, total (SIN)",energy_water,ons_open_data,daily,2017-07-28,60569.2638,mwmed
electricity_generation_by_source,"Electricity generation, total (SIN)",energy_water,ons_open_data,daily,2017-07-29,55406.8773,mwmed
electricity_generation_by_source,"Electricity generation, total (SIN)",energy_water,ons_open_data,daily,2017-07-30,49950.8503,mwmed
electricity_generation_by_source,"Electricity generation, total (SIN)",energy_water,ons_open_data,daily,2017-07-31,58896.7887,mwmed
electricity_generation_by_source,"Electricity generation, total (SIN)",energy_water,ons_open_data,daily,2017-08-01,60360.2493,mwmed
electricity_generation_by_source,"Electricity generation, total (SIN)",energy_water,ons_open_data,daily,2017-08-02,60679.2881,mwmed
electricity_generation_by_source,"Electricity generation, total (SIN)",energy_water,ons_open_data,daily,2017-08-03,61172.9669,mwmed
electricity_generation_by_source,"Electricity generation, total (SIN)",energy_water,ons_open_data,daily,2017-08-04,60983.3115,mwmed
electricity_generation_by_source,"Electricity generation, total (SIN)",energy_water,ons_open_data,daily,2017-08-05,55562.4375,mwmed
electricity_generation_by_source,"Electricity generation, total (SIN)",energy_water,ons_open_data,daily,2017-08-06,50022.6539,mwmed
electricity_generation_by_source,"Electricity generation, total (SIN)",energy_water,ons_open_data,daily,2017-08-07,59410.4073,mwmed
electricity_generation_by_source,"Electricity generation, total (SIN)",energy_water,ons_open_data,daily,2017-08-08,61342.3587,mwmed
electricity_generation_by_source,"Electricity generation, total (SIN)",energy_water,ons_open_data,daily,2017-08-09,62607.0050,mwmed
electricity_generation_by_source,"Electricity generation, total (SIN)",energy_water,ons_open_data,daily,2017-08-10,62883.9278,mwmed
electricity_generation_by_source,"Electricity generation, total (SIN)",energy_water,ons_open_data,daily,2017-08-11,62275.1080,mwmed
electricity_generation_by_source,"Electricity generation, total (SIN)",energy_water,ons_open_data,daily,2017-08-12,56977.0001,mwmed
electricity_generation_by_source,"Electricity generation, total (SIN)",energy_water,ons_open_data,daily,2017-08-13,50946.4112,mwmed
electricity_generation_by_source,"Electricity generation, total (SIN)",energy_water,ons_open_data,daily,2017-08-14,60319.4457,mwmed
electricity_generation_by_source,"Electricity generation, total (SIN)",energy_water,ons_open_data,daily,2017-08-15,60986.9897,mwmed
electricity_generation_by_source,"Electricity generation, total (SIN)",energy_water,ons_open_data,daily,2017-08-16,61870.7544,mwmed
electricity_generation_by_source,"Electricity generation, total (SIN)",energy_water,ons_open_data,daily,2017-08-17,62319.8531,mwmed
electricity_generation_by_source,"Electricity generation, total (SIN)",energy_water,ons_open_data,daily,2017-08-18,62600.7370,mwmed
electricity_generation_by_source,"Electricity generation, total (SIN)",energy_water,ons_open_data,daily,2017-08-19,57552.7608,mwmed
electricity_generation_by_source,"Electricity generation, total (SIN)",energy_water,ons_open_data,daily,2017-08-20,51691.3543,mwmed
electricity_generation_by_source,"Electricity generation, total (SIN)",energy_water,ons_open_data,daily,2017-08-21,60067.8240,mwmed
electricity_generation_by_source,"Electricity generation, total (SIN)",energy_water,ons_open_data,daily,2017-08-22,61187.6650,mwmed
electricity_generation_by_source,"Electricity generation, total (SIN)",energy_water,ons_open_data,daily,2017-08-23,60958.3071,mwmed
electricity_generation_by_source,"Electricity generation, total (SIN)",energy_water,ons_open_data,daily,2017-08-24,61382.0978,mwmed
electricity_generation_by_source,"Electricity generation, total (SIN)",energy_water,ons_open_data,daily,2017-08-25,61401.3200,mwmed
electricity_generation_by_source,"Electricity generation, total (SIN)",energy_water,ons_open_data,daily,2017-08-26,56442.4246,mwmed
electricity_generation_by_source,"Electricity generation, total (SIN)",energy_water,ons_open_data,daily,2017-08-27,50712.4352,mwmed
electricity_generation_by_source,"Electricity generation, total (SIN)",energy_water,ons_open_data,daily,2017-08-28,60813.7574,mwmed
electricity_generation_by_source,"Electricity generation, total (SIN)",energy_water,ons_open_data,daily,2017-08-29,62848.5658,mwmed
electricity_generation_by_source,"Electricity generation, total (SIN)",energy_water,ons_open_data,daily,2017-08-30,63344.5446,mwmed
electricity_generation_by_source,"Electricity generation, total (SIN)",energy_water,ons_open_data,daily,2017-08-31,62858.6324,mwmed
electricity_generation_by_source,"Electricity generation, total (SIN)",energy_water,ons_open_data,daily,2017-09-01,62618.8781,mwmed
electricity_generation_by_source,"Electricity generation, total (SIN)",energy_water,ons_open_data,daily,2017-09-02,57192.3414,mwmed
electricity_generation_by_source,"Electricity generation, total (SIN)",energy_water,ons_open_data,daily,2017-09-03,51259.1128,mwmed
electricity_generation_by_source,"Electricity generation, total (SIN)",energy_water,ons_open_data,daily,2017-09-04,61185.2864,mwmed
electricity_generation_by_source,"Electricity generation, total (SIN)",energy_water,ons_open_data,daily,2017-09-05,62555.9821,mwmed
electricity_generation_by_source,"Electricity generation, total (SIN)",energy_water,ons_open_data,daily,2017-09-06,62861.9059,mwmed
electricity_generation_by_source,"Electricity generation, total (SIN)",energy_water,ons_open_data,daily,2017-09-07,55932.1196,mwmed
electricity_generation_by_source,"Electricity generation, total (SIN)",energy_water,ons_open_data,daily,2017-09-08,59631.7330,mwmed
electricity_generation_by_source,"Electricity generation, total (SIN)",energy_water,ons_open_data,daily,2017-09-09,56201.4779,mwmed
electricity_generation_by_source,"Electricity generation, total (SIN)",energy_water,ons_open_data,daily,2017-09-10,52672.5396,mwmed
electricity_generation_by_source,"Electricity generation, total (SIN)",energy_water,ons_open_data,daily,2017-09-11,63583.3351,mwmed
electricity_generation_by_source,"Electricity generation, total (SIN)",energy_water,ons_open_data,daily,2017-09-12,65078.0859,mwmed
electricity_generation_by_source,"Electricity generation, total (SIN)",energy_water,ons_open_data,daily,2017-09-13,65061.1227,mwmed
electricity_generation_by_source,"Electricity generation, total (SIN)",energy_water,ons_open_data,daily,2017-09-14,65937.7373,mwmed
electricity_generation_by_source,"Electricity generation, total (SIN)",energy_water,ons_open_data,daily,2017-09-15,66011.2079,mwmed
electricity_generation_by_source,"Electricity generation, total (SIN)",energy_water,ons_open_data,daily,2017-09-16,59237.5755,mwmed
electricity_generation_by_source,"Electricity generation, total (SIN)",energy_water,ons_open_data,daily,2017-09-17,53279.6893,mwmed
electricity_generation_by_source,"Electricity generation, total (SIN)",energy_water,ons_open_data,daily,2017-09-18,63873.9695,mwmed
electricity_generation_by_source,"Electricity generation, total (SIN)",energy_water,ons_open_data,daily,2017-09-19,65208.0478,mwmed
electricity_generation_by_source,"Electricity generation, total (SIN)",energy_water,ons_open_data,daily,2017-09-20,65334.5845,mwmed
electricity_generation_by_source,"Electricity generation, total (SIN)",energy_water,ons_open_data,daily,2017-09-21,66327.1251,mwmed
electricity_generation_by_source,"Electricity generation, total (SIN)",energy_water,ons_open_data,daily,2017-09-22,65513.3234,mwmed
electricity_generation_by_source,"Electricity generation, total (SIN)",energy_water,ons_open_data,daily,2017-09-23,59471.8413,mwmed
electricity_generation_by_source,"Electricity generation, total (SIN)",energy_water,ons_open_data,daily,2017-09-24,53321.6130,mwmed
electricity_generation_by_source,"Electricity generation, total (SIN)",energy_water,ons_open_data,daily,2017-09-25,63096.3174,mwmed
electricity_generation_by_source,"Electricity generation, total (SIN)",energy_water,ons_open_data,daily,2017-09-26,64644.6966,mwmed
electricity_generation_by_source,"Electricity generation, total (SIN)",energy_water,ons_open_data,daily,2017-09-27,65521.9656,mwmed
electricity_generation_by_source,"Electricity generation, total (SIN)",energy_water,ons_open_data,daily,2017-09-28,65437.5784,mwmed
electricity_generation_by_source,"Electricity generation, total (SIN)",energy_water,ons_open_data,daily,2017-09-29,64311.2534,mwmed
electricity_generation_by_source,"Electricity generation, total (SIN)",energy_water,ons_open_data,daily,2017-09-30,57732.1530,mwmed
electricity_generation_by_source,"Electricity generation, total (SIN)",energy_water,ons_open_data,daily,2017-10-01,52180.0219,mwmed
electricity_generation_by_source,"Electricity generation, total (SIN)",energy_water,ons_open_data,daily,2017-10-02,62760.2430,mwmed
electricity_generation_by_source,"Electricity generation, total (SIN)",energy_water,ons_open_data,daily,2017-10-03,63549.4915,mwmed
electricity_generation_by_source,"Electricity generation, total (SIN)",energy_water,ons_open_data,daily,2017-10-04,62568.8592,mwmed
electricity_generation_by_source,"Electricity generation, total (SIN)",energy_water,ons_open_data,daily,2017-10-05,63980.5521,mwmed
electricity_generation_by_source,"Electricity generation, total (SIN)",energy_water,ons_open_data,daily,2017-10-06,65996.8912,mwmed
electricity_generation_by_source,"Electricity generation, total (SIN)",energy_water,ons_open_data,daily,2017-10-07,59606.7271,mwmed
electricity_generation_by_source,"Electricity generation, total (SIN)",energy_water,ons_open_data,daily,2017-10-08,53387.2114,mwmed
electricity_generation_by_source,"Electricity generation, total (SIN)",energy_water,ons_open_data,daily,2017-10-09,64368.9384,mwmed
electricity_generation_by_source,"Electricity generation, total (SIN)",energy_water,ons_open_data,daily,2017-10-10,67037.2020,mwmed
electricity_generation_by_source,"Electricity generation, total (SIN)",energy_water,ons_open_data,daily,2017-10-11,68003.8139,mwmed
electricity_generation_by_source,"Electricity generation, total (SIN)",energy_water,ons_open_data,daily,2017-10-12,60063.6278,mwmed
electricity_generation_by_source,"Electricity generation, total (SIN)",energy_water,ons_open_data,daily,2017-10-13,65046.0528,mwmed
electricity_generation_by_source,"Electricity generation, total (SIN)",energy_water,ons_open_data,daily,2017-10-14,59993.5146,mwmed
electricity_generation_by_source,"Electricity generation, total (SIN)",energy_water,ons_open_data,daily,2017-10-15,53547.6158,mwmed
electricity_generation_by_source,"Electricity generation, total (SIN)",energy_water,ons_open_data,daily,2017-10-16,63600.5617,mwmed
electricity_generation_by_source,"Electricity generation, total (SIN)",energy_water,ons_open_data,daily,2017-10-17,65920.4273,mwmed
electricity_generation_by_source,"Electricity generation, total (SIN)",energy_water,ons_open_data,daily,2017-10-18,67028.8090,mwmed
electricity_generation_by_source,"Electricity generation, total (SIN)",energy_water,ons_open_data,daily,2017-10-19,68037.6446,mwmed
electricity_generation_by_source,"Electricity generation, total (SIN)",energy_water,ons_open_data,daily,2017-10-20,67455.9937,mwmed
electricity_generation_by_source,"Electricity generation, total (SIN)",energy_water,ons_open_data,daily,2017-10-21,61266.3801,mwmed
electricity_generation_by_source,"Electricity generation, total (SIN)",energy_water,ons_open_data,daily,2017-10-22,55030.7537,mwmed
electricity_generation_by_source,"Electricity generation, total (SIN)",energy_water,ons_open_data,daily,2017-10-23,62904.1529,mwmed
electricity_generation_by_source,"Electricity generation, total (SIN)",energy_water,ons_open_data,daily,2017-10-24,63714.5735,mwmed
electricity_generation_by_source,"Electricity generation, total (SIN)",energy_water,ons_open_data,daily,2017-10-25,64931.9595,mwmed
electricity_generation_by_source,"Electricity generation, total (SIN)",energy_water,ons_open_data,daily,2017-10-26,65323.7322,mwmed
electricity_generation_by_source,"Electricity generation, total (SIN)",energy_water,ons_open_data,daily,2017-10-27,66258.6138,mwmed
electricity_generation_by_source,"Electricity generation, total (SIN)",energy_water,ons_open_data,daily,2017-10-28,60822.1739,mwmed
electricity_generation_by_source,"Electricity generation, total (SIN)",energy_water,ons_open_data,daily,2017-10-29,55088.9335,mwmed
electricity_generation_by_source,"Electricity generation, total (SIN)",energy_water,ons_open_data,daily,2017-10-30,64506.1914,mwmed
electricity_generation_by_source,"Electricity generation, total (SIN)",energy_water,ons_open_data,daily,2017-10-31,65520.8628,mwmed
electricity_generation_by_source,"Electricity generation, total (SIN)",energy_water,ons_open_data,daily,2017-11-01,63925.4979,mwmed
electricity_generation_by_source,"Electricity generation, total (SIN)",energy_water,ons_open_data,daily,2017-11-02,55890.2639,mwmed
electricity_generation_by_source,"Electricity generation, total (SIN)",energy_water,ons_open_data,daily,2017-11-03,61471.7471,mwmed
electricity_generation_by_source,"Electricity generation, total (SIN)",energy_water,ons_open_data,daily,2017-11-04,59100.2659,mwmed
electricity_generation_by_source,"Electricity generation, total (SIN)",energy_water,ons_open_data,daily,2017-11-05,54181.5582,mwmed
electricity_generation_by_source,"Electricity generation, total (SIN)",energy_water,ons_open_data,daily,2017-11-06,63296.8254,mwmed
electricity_generation_by_source,"Electricity generation, total (SIN)",energy_water,ons_open_data,daily,2017-11-07,64078.7010,mwmed
electricity_generation_by_source,"Electricity generation, total (SIN)",energy_water,ons_open_data,daily,2017-11-08,63849.6369,mwmed
electricity_generation_by_source,"Electricity generation, total (SIN)",energy_water,ons_open_data,daily,2017-11-09,64338.2610,mwmed
electricity_generation_by_source,"Electricity generation, total (SIN)",energy_water,ons_open_data,daily,2017-11-10,65572.9892,mwmed
electricity_generation_by_source,"Electricity generation, total (SIN)",energy_water,ons_open_data,daily,2017-11-11,59161.6038,mwmed
electricity_generation_by_source,"Electricity generation, total (SIN)",energy_water,ons_open_data,daily,2017-11-12,52601.9724,mwmed
electricity_generation_by_source,"Electricity generation, total (SIN)",energy_water,ons_open_data,daily,2017-11-13,63374.2193,mwmed
electricity_generation_by_source,"Electricity generation, total (SIN)",energy_water,ons_open_data,daily,2017-11-14,64764.7164,mwmed
electricity_generation_by_source,"Electricity generation, total (SIN)",energy_water,ons_open_data,daily,2017-11-15,59268.6455,mwmed
electricity_generation_by_source,"Electricity generation, total (SIN)",energy_water,ons_open_data,daily,2017-11-16,67304.6663,mwmed
electricity_generation_by_source,"Electricity generation, total (SIN)",energy_water,ons_open_data,daily,2017-11-17,66438.1339,mwmed
electricity_generation_by_source,"Electricity generation, total (SIN)",energy_water,ons_open_data,daily,2017-11-18,60092.3147,mwmed
electricity_generation_by_source,"Electricity generation, total (SIN)",energy_water,ons_open_data,daily,2017-11-19,54239.3551,mwmed
electricity_generation_by_source,"Electricity generation, total (SIN)",energy_water,ons_open_data,daily,2017-11-20,61387.6863,mwmed
electricity_generation_by_source,"Electricity generation, total (SIN)",energy_water,ons_open_data,daily,2017-11-21,64962.0861,mwmed
electricity_generation_by_source,"Electricity generation, total (SIN)",energy_water,ons_open_data,daily,2017-11-22,65075.4031,mwmed
electricity_generation_by_source,"Electricity generation, total (SIN)",energy_water,ons_open_data,daily,2017-11-23,64863.3178,mwmed
electricity_generation_by_source,"Electricity generation, total (SIN)",energy_water,ons_open_data,daily,2017-11-24,65079.3883,mwmed
electricity_generation_by_source,"Electricity generation, total (SIN)",energy_water,ons_open_data,daily,2017-11-25,61063.3595,mwmed
electricity_generation_by_source,"Electricity generation, total (SIN)",energy_water,ons_open_data,daily,2017-11-26,55134.1926,mwmed
electricity_generation_by_source,"Electricity generation, total (SIN)",energy_water,ons_open_data,daily,2017-11-27,66558.9879,mwmed
electricity_generation_by_source,"Electricity generation, total (SIN)",energy_water,ons_open_data,daily,2017-11-28,67838.1209,mwmed
electricity_generation_by_source,"Electricity generation, total (SIN)",energy_water,ons_open_data,daily,2017-11-29,66931.1800,mwmed
electricity_generation_by_source,"Electricity generation, total (SIN)",energy_water,ons_open_data,daily,2017-11-30,66155.6902,mwmed
electricity_generation_by_source,"Electricity generation, total (SIN)",energy_water,ons_open_data,daily,2017-12-01,65020.8923,mwmed
electricity_generation_by_source,"Electricity generation, total (SIN)",energy_water,ons_open_data,daily,2017-12-02,59990.8795,mwmed
electricity_generation_by_source,"Electricity generation, total (SIN)",energy_water,ons_open_data,daily,2017-12-03,54831.1323,mwmed
electricity_generation_by_source,"Electricity generation, total (SIN)",energy_water,ons_open_data,daily,2017-12-04,66508.0064,mwmed
electricity_generation_by_source,"Electricity generation, total (SIN)",energy_water,ons_open_data,daily,2017-12-05,68657.4743,mwmed
electricity_generation_by_source,"Electricity generation, total (SIN)",energy_water,ons_open_data,daily,2017-12-06,68296.6807,mwmed
electricity_generation_by_source,"Electricity generation, total (SIN)",energy_water,ons_open_data,daily,2017-12-07,68503.4698,mwmed
electricity_generation_by_source,"Electricity generation, total (SIN)",energy_water,ons_open_data,daily,2017-12-08,67372.0225,mwmed
electricity_generation_by_source,"Electricity generation, total (SIN)",energy_water,ons_open_data,daily,2017-12-09,62332.1208,mwmed
electricity_generation_by_source,"Electricity generation, total (SIN)",energy_water,ons_open_data,daily,2017-12-10,56606.8835,mwmed
electricity_generation_by_source,"Electricity generation, total (SIN)",energy_water,ons_open_data,daily,2017-12-11,67400.0368,mwmed
electricity_generation_by_source,"Electricity generation, total (SIN)",energy_water,ons_open_data,daily,2017-12-12,66983.3438,mwmed
electricity_generation_by_source,"Electricity generation, total (SIN)",energy_water,ons_open_data,daily,2017-12-13,67564.1448,mwmed
electricity_generation_by_source,"Electricity generation, total (SIN)",energy_water,ons_open_data,daily,2017-12-14,69021.8738,mwmed
electricity_generation_by_source,"Electricity generation, total (SIN)",energy_water,ons_open_data,daily,2017-12-15,69545.8726,mwmed
electricity_generation_by_source,"Electricity generation, total (SIN)",energy_water,ons_open_data,daily,2017-12-16,64276.6416,mwmed
electricity_generation_by_source,"Electricity generation, total (SIN)",energy_water,ons_open_data,daily,2017-12-17,58841.2102,mwmed
electricity_generation_by_source,"Electricity generation, total (SIN)",energy_water,ons_open_data,daily,2017-12-18,67875.0881,mwmed
electricity_generation_by_source,"Electricity generation, total (SIN)",energy_water,ons_open_data,daily,2017-12-19,68725.4871,mwmed
electricity_generation_by_source,"Electricity generation, total (SIN)",energy_water,ons_open_data,daily,2017-12-20,68613.7695,mwmed
electricity_generation_by_source,"Electricity generation, total (SIN)",energy_water,ons_open_data,daily,2017-12-21,67377.3043,mwmed
electricity_generation_by_source,"Electricity generation, total (SIN)",energy_water,ons_open_data,daily,2017-12-22,65992.4741,mwmed
electricity_generation_by_source,"Electricity generation, total (SIN)",energy_water,ons_open_data,daily,2017-12-23,61084.7163,mwmed
electricity_generation_by_source,"Electricity generation, total (SIN)",energy_water,ons_open_data,daily,2017-12-24,56079.5104,mwmed
electricity_generation_by_source,"Electricity generation, total (SIN)",energy_water,ons_open_data,daily,2017-12-25,52138.5064,mwmed
electricity_generation_by_source,"Electricity generation, total (SIN)",energy_water,ons_open_data,daily,2017-12-26,61883.8223,mwmed
electricity_generation_by_source,"Electricity generation, total (SIN)",energy_water,ons_open_data,daily,2017-12-27,65150.7160,mwmed
electricity_generation_by_source,"Electricity generation, total (SIN)",energy_water,ons_open_data,daily,2017-12-28,65735.5317,mwmed
electricity_generation_by_source,"Electricity generation, total (SIN)",energy_water,ons_open_data,daily,2017-12-29,64199.9527,mwmed
electricity_generation_by_source,"Electricity generation, total (SIN)",energy_water,ons_open_data,daily,2017-12-30,58963.3405,mwmed
electricity_generation_by_source,"Electricity generation, total (SIN)",energy_water,ons_open_data,daily,2017-12-31,55343.4339,mwmed
electricity_generation_by_source,"Electricity generation, total (SIN)",energy_water,ons_open_data,daily,2018-01-01,52685.1927,mwmed
electricity_generation_by_source,"Electricity generation, total (SIN)",energy_water,ons_open_data,daily,2018-01-02,63267.9463,mwmed
electricity_generation_by_source,"Electricity generation, total (SIN)",energy_water,ons_open_data,daily,2018-01-03,66306.2991,mwmed
electricity_generation_by_source,"Electricity generation, total (SIN)",energy_water,ons_open_data,daily,2018-01-04,66195.5060,mwmed
electricity_generation_by_source,"Electricity generation, total (SIN)",energy_water,ons_open_data,daily,2018-01-05,66451.9119,mwmed
electricity_generation_by_source,"Electricity generation, total (SIN)",energy_water,ons_open_data,daily,2018-01-06,61927.9246,mwmed
electricity_generation_by_source,"Electricity generation, total (SIN)",energy_water,ons_open_data,daily,2018-01-07,55443.7544,mwmed
electricity_generation_by_source,"Electricity generation, total (SIN)",energy_water,ons_open_data,daily,2018-01-08,64353.1362,mwmed
electricity_generation_by_source,"Electricity generation, total (SIN)",energy_water,ons_open_data,daily,2018-01-09,66181.4091,mwmed
electricity_generation_by_source,"Electricity generation, total (SIN)",energy_water,ons_open_data,daily,2018-01-10,67560.3890,mwmed
electricity_generation_by_source,"Electricity generation, total (SIN)",energy_water,ons_open_data,daily,2018-01-11,68450.5417,mwmed
electricity_generation_by_source,"Electricity generation, total (SIN)",energy_water,ons_open_data,daily,2018-01-12,68351.6978,mwmed
electricity_generation_by_source,"Electricity generation, total (SIN)",energy_water,ons_open_data,daily,2018-01-13,62962.3105,mwmed
electricity_generation_by_source,"Electricity generation, total (SIN)",energy_water,ons_open_data,daily,2018-01-14,57564.0991,mwmed
electricity_generation_by_source,"Electricity generation, total (SIN)",energy_water,ons_open_data,daily,2018-01-15,68097.4781,mwmed
electricity_generation_by_source,"Electricity generation, total (SIN)",energy_water,ons_open_data,daily,2018-01-16,70150.9680,mwmed
electricity_generation_by_source,"Electricity generation, total (SIN)",energy_water,ons_open_data,daily,2018-01-17,71183.2873,mwmed
electricity_generation_by_source,"Electricity generation, total (SIN)",energy_water,ons_open_data,daily,2018-01-18,72834.0610,mwmed
electricity_generation_by_source,"Electricity generation, total (SIN)",energy_water,ons_open_data,daily,2018-01-19,72786.5827,mwmed
electricity_generation_by_source,"Electricity generation, total (SIN)",energy_water,ons_open_data,daily,2018-01-20,66059.9855,mwmed
electricity_generation_by_source,"Electricity generation, total (SIN)",energy_water,ons_open_data,daily,2018-01-21,60060.0429,mwmed
electricity_generation_by_source,"Electricity generation, total (SIN)",energy_water,ons_open_data,daily,2018-01-22,71236.6715,mwmed
electricity_generation_by_source,"Electricity generation, total (SIN)",energy_water,ons_open_data,daily,2018-01-23,73354.9485,mwmed
electricity_generation_by_source,"Electricity generation, total (SIN)",energy_water,ons_open_data,daily,2018-01-24,73505.9857,mwmed
electricity_generation_by_source,"Electricity generation, total (SIN)",energy_water,ons_open_data,daily,2018-01-25,72336.3206,mwmed
electricity_generation_by_source,"Electricity generation, total (SIN)",energy_water,ons_open_data,daily,2018-01-26,71457.5279,mwmed
electricity_generation_by_source,"Electricity generation, total (SIN)",energy_water,ons_open_data,daily,2018-01-27,64284.7660,mwmed
electricity_generation_by_source,"Electricity generation, total (SIN)",energy_water,ons_open_data,daily,2018-01-28,58770.7605,mwmed
electricity_generation_by_source,"Electricity generation, total (SIN)",energy_water,ons_open_data,daily,2018-01-29,70117.2725,mwmed
electricity_generation_by_source,"Electricity generation, total (SIN)",energy_water,ons_open_data,daily,2018-01-30,69749.2079,mwmed
electricity_generation_by_source,"Electricity generation, total (SIN)",energy_water,ons_open_data,daily,2018-01-31,68600.3889,mwmed
electricity_generation_by_source,"Electricity generation, total (SIN)",energy_water,ons_open_data,daily,2018-02-01,69230.1687,mwmed
electricity_generation_by_source,"Electricity generation, total (SIN)",energy_water,ons_open_data,daily,2018-02-02,69287.6541,mwmed
electricity_generation_by_source,"Electricity generation, total (SIN)",energy_water,ons_open_data,daily,2018-02-03,63695.5295,mwmed
electricity_generation_by_source,"Electricity generation, total (SIN)",energy_water,ons_open_data,daily,2018-02-04,57007.2347,mwmed
electricity_generation_by_source,"Electricity generation, total (SIN)",energy_water,ons_open_data,daily,2018-02-05,66608.1291,mwmed
electricity_generation_by_source,"Electricity generation, total (SIN)",energy_water,ons_open_data,daily,2018-02-06,68194.5362,mwmed
electricity_generation_by_source,"Electricity generation, total (SIN)",energy_water,ons_open_data,daily,2018-02-07,69431.1225,mwmed
electricity_generation_by_source,"Electricity generation, total (SIN)",energy_water,ons_open_data,daily,2018-02-08,71022.3796,mwmed
electricity_generation_by_source,"Electricity generation, total (SIN)",energy_water,ons_open_data,daily,2018-02-09,71868.2109,mwmed
electricity_generation_by_source,"Electricity generation, total (SIN)",energy_water,ons_open_data,daily,2018-02-10,64377.6748,mwmed
electricity_generation_by_source,"Electricity generation, total (SIN)",energy_water,ons_open_data,daily,2018-02-11,58022.6193,mwmed
electricity_generation_by_source,"Electricity generation, total (SIN)",energy_water,ons_open_data,daily,2018-02-12,62294.9170,mwmed
electricity_generation_by_source,"Electricity generation, total (SIN)",energy_water,ons_open_data,daily,2018-02-13,61610.1401,mwmed
electricity_generation_by_source,"Electricity generation, total (SIN)",energy_water,ons_open_data,daily,2018-02-14,65988.0437,mwmed
electricity_generation_by_source,"Electricity generation, total (SIN)",energy_water,ons_open_data,daily,2018-02-15,67671.2745,mwmed
electricity_generation_by_source,"Electricity generation, total (SIN)",energy_water,ons_open_data,daily,2018-02-16,68820.9431,mwmed
electricity_generation_by_source,"Electricity generation, total (SIN)",energy_water,ons_open_data,daily,2018-02-17,63846.7536,mwmed
electricity_generation_by_source,"Electricity generation, total (SIN)",energy_water,ons_open_data,daily,2018-02-18,57972.8015,mwmed
electricity_generation_by_source,"Electricity generation, total (SIN)",energy_water,ons_open_data,daily,2018-02-19,68346.6105,mwmed
electricity_generation_by_source,"Electricity generation, total (SIN)",energy_water,ons_open_data,daily,2018-02-20,70212.0505,mwmed
electricity_generation_by_source,"Electricity generation, total (SIN)",energy_water,ons_open_data,daily,2018-02-21,71268.4920,mwmed
electricity_generation_by_source,"Electricity generation, total (SIN)",energy_water,ons_open_data,daily,2018-02-22,71008.4652,mwmed
electricity_generation_by_source,"Electricity generation, total (SIN)",energy_water,ons_open_data,daily,2018-02-23,69798.0066,mwmed
electricity_generation_by_source,"Electricity generation, total (SIN)",energy_water,ons_open_data,daily,2018-02-24,63355.1723,mwmed
electricity_generation_by_source,"Electricity generation, total (SIN)",energy_water,ons_open_data,daily,2018-02-25,57808.4748,mwmed
electricity_generation_by_source,"Electricity generation, total (SIN)",energy_water,ons_open_data,daily,2018-02-26,68761.4747,mwmed
electricity_generation_by_source,"Electricity generation, total (SIN)",energy_water,ons_open_data,daily,2018-02-27,69951.6989,mwmed
electricity_generation_by_source,"Electricity generation, total (SIN)",energy_water,ons_open_data,daily,2018-02-28,70865.4665,mwmed
electricity_generation_by_source,"Electricity generation, total (SIN)",energy_water,ons_open_data,daily,2018-03-01,71701.7452,mwmed
electricity_generation_by_source,"Electricity generation, total (SIN)",energy_water,ons_open_data,daily,2018-03-02,72180.7650,mwmed
electricity_generation_by_source,"Electricity generation, total (SIN)",energy_water,ons_open_data,daily,2018-03-03,65654.1715,mwmed
electricity_generation_by_source,"Electricity generation, total (SIN)",energy_water,ons_open_data,daily,2018-03-04,60120.4954,mwmed
electricity_generation_by_source,"Electricity generation, total (SIN)",energy_water,ons_open_data,daily,2018-03-05,71662.2533,mwmed
electricity_generation_by_source,"Electricity generation, total (SIN)",energy_water,ons_open_data,daily,2018-03-06,73445.8995,mwmed
electricity_generation_by_source,"Electricity generation, total (SIN)",energy_water,ons_open_data,daily,2018-03-07,72947.1842,mwmed
electricity_generation_by_source,"Electricity generation, total (SIN)",energy_water,ons_open_data,daily,2018-03-08,71354.2060,mwmed
electricity_generation_by_source,"Electricity generation, total (SIN)",energy_water,ons_open_data,daily,2018-03-09,70479.0079,mwmed
electricity_generation_by_source,"Electricity generation, total (SIN)",energy_water,ons_open_data,daily,2018-03-10,64796.7689,mwmed
electricity_generation_by_source,"Electricity generation, total (SIN)",energy_water,ons_open_data,daily,2018-03-11,59743.4544,mwmed
electricity_generation_by_source,"Electricity generation, total (SIN)",energy_water,ons_open_data,daily,2018-03-12,71402.0329,mwmed
electricity_generation_by_source,"Electricity generation, total (SIN)",energy_water,ons_open_data,daily,2018-03-13,72569.9389,mwmed
electricity_generation_by_source,"Electricity generation, total (SIN)",energy_water,ons_open_data,daily,2018-03-14,73537.3437,mwmed
electricity_generation_by_source,"Electricity generation, total (SIN)",energy_water,ons_open_data,daily,2018-03-15,72982.1482,mwmed
electricity_generation_by_source,"Electricity generation, total (SIN)",energy_water,ons_open_data,daily,2018-03-16,72619.1943,mwmed
electricity_generation_by_source,"Electricity generation, total (SIN)",energy_water,ons_open_data,daily,2018-03-17,65707.0407,mwmed
electricity_generation_by_source,"Electricity generation, total (SIN)",energy_water,ons_open_data,daily,2018-03-18,60149.7708,mwmed
electricity_generation_by_source,"Electricity generation, total (SIN)",energy_water,ons_open_data,daily,2018-03-19,71783.8618,mwmed
electricity_generation_by_source,"Electricity generation, total (SIN)",energy_water,ons_open_data,daily,2018-03-20,72856.3084,mwmed
electricity_generation_by_source,"Electricity generation, total (SIN)",energy_water,ons_open_data,daily,2018-03-21,68682.5328,mwmed
electricity_generation_by_source,"Electricity generation, total (SIN)",energy_water,ons_open_data,daily,2018-03-22,69378.0909,mwmed
electricity_generation_by_source,"Electricity generation, total (SIN)",energy_water,ons_open_data,daily,2018-03-23,70554.1279,mwmed
electricity_generation_by_source,"Electricity generation, total (SIN)",energy_water,ons_open_data,daily,2018-03-24,64761.4171,mwmed
electricity_generation_by_source,"Electricity generation, total (SIN)",energy_water,ons_open_data,daily,2018-03-25,58018.9609,mwmed
electricity_generation_by_source,"Electricity generation, total (SIN)",energy_water,ons_open_data,daily,2018-03-26,67733.8932,mwmed
electricity_generation_by_source,"Electricity generation, total (SIN)",energy_water,ons_open_data,daily,2018-03-27,68901.4546,mwmed
electricity_generation_by_source,"Electricity generation, total (SIN)",energy_water,ons_open_data,daily,2018-03-28,69357.8275,mwmed
electricity_generation_by_source,"Electricity generation, total (SIN)",energy_water,ons_open_data,daily,2018-03-29,68193.8717,mwmed
electricity_generation_by_source,"Electricity generation, total (SIN)",energy_water,ons_open_data,daily,2018-03-30,57302.4017,mwmed
electricity_generation_by_source,"Electricity generation, total (SIN)",energy_water,ons_open_data,daily,2018-03-31,59107.2153,mwmed
electricity_generation_by_source,"Electricity generation, total (SIN)",energy_water,ons_open_data,daily,2018-04-01,56270.5647,mwmed
electricity_generation_by_source,"Electricity generation, total (SIN)",energy_water,ons_open_data,daily,2018-04-02,67711.3755,mwmed
electricity_generation_by_source,"Electricity generation, total (SIN)",energy_water,ons_open_data,daily,2018-04-03,69659.0539,mwmed
electricity_generation_by_source,"Electricity generation, total (SIN)",energy_water,ons_open_data,daily,2018-04-04,68976.7801,mwmed
electricity_generation_by_source,"Electricity generation, total (SIN)",energy_water,ons_open_data,daily,2018-04-05,68787.1913,mwmed
electricity_generation_by_source,"Electricity generation, total (SIN)",energy_water,ons_open_data,daily,2018-04-06,68532.2753,mwmed
electricity_generation_by_source,"Electricity generation, total (SIN)",energy_water,ons_open_data,daily,2018-04-07,62485.6323,mwmed
electricity_generation_by_source,"Electricity generation, total (SIN)",energy_water,ons_open_data,daily,2018-04-08,56610.9090,mwmed
electricity_generation_by_source,"Electricity generation, total (SIN)",energy_water,ons_open_data,daily,2018-04-09,67009.9879,mwmed
electricity_generation_by_source,"Electricity generation, total (SIN)",energy_water,ons_open_data,daily,2018-04-10,68070.5630,mwmed
electricity_generation_by_source,"Electricity generation, total (SIN)",energy_water,ons_open_data,daily,2018-04-11,68123.6682,mwmed
electricity_generation_by_source,"Electricity generation, total (SIN)",energy_water,ons_open_data,daily,2018-04-12,68094.9068,mwmed
electricity_generation_by_source,"Electricity generation, total (SIN)",energy_water,ons_open_data,daily,2018-04-13,68043.0159,mwmed
electricity_generation_by_source,"Electricity generation, total (SIN)",energy_water,ons_open_data,daily,2018-04-14,61903.3754,mwmed
electricity_generation_by_source,"Electricity generation, total (SIN)",energy_water,ons_open_data,daily,2018-04-15,54280.9664,mwmed
electricity_generation_by_source,"Electricity generation, total (SIN)",energy_water,ons_open_data,daily,2018-04-16,62843.5007,mwmed
electricity_generation_by_source,"Electricity generation, total (SIN)",energy_water,ons_open_data,daily,2018-04-17,63663.9929,mwmed
electricity_generation_by_source,"Electricity generation, total (SIN)",energy_water,ons_open_data,daily,2018-04-18,63723.4321,mwmed
electricity_generation_by_source,"Electricity generation, total (SIN)",energy_water,ons_open_data,daily,2018-04-19,64553.4600,mwmed
electricity_generation_by_source,"Electricity generation, total (SIN)",energy_water,ons_open_data,daily,2018-04-20,65059.9960,mwmed
electricity_generation_by_source,"Electricity generation, total (SIN)",energy_water,ons_open_data,daily,2018-04-21,56534.2124,mwmed
electricity_generation_by_source,"Electricity generation, total (SIN)",energy_water,ons_open_data,daily,2018-04-22,53445.6419,mwmed
electricity_generation_by_source,"Electricity generation, total (SIN)",energy_water,ons_open_data,daily,2018-04-23,63607.5466,mwmed
electricity_generation_by_source,"Electricity generation, total (SIN)",energy_water,ons_open_data,daily,2018-04-24,66563.1166,mwmed
electricity_generation_by_source,"Electricity generation, total (SIN)",energy_water,ons_open_data,daily,2018-04-25,67211.9146,mwmed
electricity_generation_by_source,"Electricity generation, total (SIN)",energy_water,ons_open_data,daily,2018-04-26,67808.5326,mwmed
electricity_generation_by_source,"Electricity generation, total (SIN)",energy_water,ons_open_data,daily,2018-04-27,67914.8075,mwmed
electricity_generation_by_source,"Electricity generation, total (SIN)",energy_water,ons_open_data,daily,2018-04-28,61950.1840,mwmed
electricity_generation_by_source,"Electricity generation, total (SIN)",energy_water,ons_open_data,daily,2018-04-29,55469.2978,mwmed
electricity_generation_by_source,"Electricity generation, total (SIN)",energy_water,ons_open_data,daily,2018-04-30,62253.3721,mwmed
electricity_generation_by_source,"Electricity generation, total (SIN)",energy_water,ons_open_data,daily,2018-05-01,56510.6406,mwmed
electricity_generation_by_source,"Electricity generation, total (SIN)",energy_water,ons_open_data,daily,2018-05-02,65381.3926,mwmed
electricity_generation_by_source,"Electricity generation, total (SIN)",energy_water,ons_open_data,daily,2018-05-03,66938.2483,mwmed
electricity_generation_by_source,"Electricity generation, total (SIN)",energy_water,ons_open_data,daily,2018-05-04,67031.1166,mwmed
electricity_generation_by_source,"Electricity generation, total (SIN)",energy_water,ons_open_data,daily,2018-05-05,61356.0334,mwmed
electricity_generation_by_source,"Electricity generation, total (SIN)",energy_water,ons_open_data,daily,2018-05-06,55092.4416,mwmed
electricity_generation_by_source,"Electricity generation, total (SIN)",energy_water,ons_open_data,daily,2018-05-07,64487.8982,mwmed
electricity_generation_by_source,"Electricity generation, total (SIN)",energy_water,ons_open_data,daily,2018-05-08,64782.8125,mwmed
electricity_generation_by_source,"Electricity generation, total (SIN)",energy_water,ons_open_data,daily,2018-05-09,64183.0780,mwmed
electricity_generation_by_source,"Electricity generation, total (SIN)",energy_water,ons_open_data,daily,2018-05-10,64692.8680,mwmed
electricity_generation_by_source,"Electricity generation, total (SIN)",energy_water,ons_open_data,daily,2018-05-11,64878.4939,mwmed
electricity_generation_by_source,"Electricity generation, total (SIN)",energy_water,ons_open_data,daily,2018-05-12,59641.7285,mwmed
electricity_generation_by_source,"Electricity generation, total (SIN)",energy_water,ons_open_data,daily,2018-05-13,52989.9791,mwmed
electricity_generation_by_source,"Electricity generation, total (SIN)",energy_water,ons_open_data,daily,2018-05-14,63002.6971,mwmed
electricity_generation_by_source,"Electricity generation, total (SIN)",energy_water,ons_open_data,daily,2018-05-15,64850.4903,mwmed
electricity_generation_by_source,"Electricity generation, total (SIN)",energy_water,ons_open_data,daily,2018-05-16,65033.8002,mwmed
electricity_generation_by_source,"Electricity generation, total (SIN)",energy_water,ons_open_data,daily,2018-05-17,65240.1089,mwmed
electricity_generation_by_source,"Electricity generation, total (SIN)",energy_water,ons_open_data,daily,2018-05-18,65029.9055,mwmed
electricity_generation_by_source,"Electricity generation, total (SIN)",energy_water,ons_open_data,daily,2018-05-19,58650.2564,mwmed
electricity_generation_by_source,"Electricity generation, total (SIN)",energy_water,ons_open_data,daily,2018-05-20,51920.9418,mwmed
electricity_generation_by_source,"Electricity generation, total (SIN)",energy_water,ons_open_data,daily,2018-05-21,59557.9769,mwmed
electricity_generation_by_source,"Electricity generation, total (SIN)",energy_water,ons_open_data,daily,2018-05-22,60536.1065,mwmed
electricity_generation_by_source,"Electricity generation, total (SIN)",energy_water,ons_open_data,daily,2018-05-23,60275.3954,mwmed
electricity_generation_by_source,"Electricity generation, total (SIN)",energy_water,ons_open_data,daily,2018-05-24,59952.4685,mwmed
electricity_generation_by_source,"Electricity generation, total (SIN)",energy_water,ons_open_data,daily,2018-05-25,58670.4181,mwmed
electricity_generation_by_source,"Electricity generation, total (SIN)",energy_water,ons_open_data,daily,2018-05-26,52934.0517,mwmed
electricity_generation_by_source,"Electricity generation, total (SIN)",energy_water,ons_open_data,daily,2018-05-27,48585.5521,mwmed
electricity_generation_by_source,"Electricity generation, total (SIN)",energy_water,ons_open_data,daily,2018-05-28,55326.8853,mwmed
electricity_generation_by_source,"Electricity generation, total (SIN)",energy_water,ons_open_data,daily,2018-05-29,55421.3006,mwmed
electricity_generation_by_source,"Electricity generation, total (SIN)",energy_water,ons_open_data,daily,2018-05-30,54837.5299,mwmed
electricity_generation_by_source,"Electricity generation, total (SIN)",energy_water,ons_open_data,daily,2018-05-31,50686.6752,mwmed
electricity_generation_by_source,"Electricity generation, total (SIN)",energy_water,ons_open_data,daily,2018-06-01,55338.0006,mwmed
electricity_generation_by_source,"Electricity generation, total (SIN)",energy_water,ons_open_data,daily,2018-06-02,54241.5758,mwmed
electricity_generation_by_source,"Electricity generation, total (SIN)",energy_water,ons_open_data,daily,2018-06-03,50565.7520,mwmed
electricity_generation_by_source,"Electricity generation, total (SIN)",energy_water,ons_open_data,daily,2018-06-04,59046.4627,mwmed
electricity_generation_by_source,"Electricity generation, total (SIN)",energy_water,ons_open_data,daily,2018-06-05,60400.9136,mwmed
electricity_generation_by_source,"Electricity generation, total (SIN)",energy_water,ons_open_data,daily,2018-06-06,61198.3930,mwmed
electricity_generation_by_source,"Electricity generation, total (SIN)",energy_water,ons_open_data,daily,2018-06-07,62013.6665,mwmed
electricity_generation_by_source,"Electricity generation, total (SIN)",energy_water,ons_open_data,daily,2018-06-08,61931.5252,mwmed
electricity_generation_by_source,"Electricity generation, total (SIN)",energy_water,ons_open_data,daily,2018-06-09,57370.6423,mwmed
electricity_generation_by_source,"Electricity generation, total (SIN)",energy_water,ons_open_data,daily,2018-06-10,51938.2787,mwmed
electricity_generation_by_source,"Electricity generation, total (SIN)",energy_water,ons_open_data,daily,2018-06-11,61530.8111,mwmed
electricity_generation_by_source,"Electricity generation, total (SIN)",energy_water,ons_open_data,daily,2018-06-12,63761.6402,mwmed
electricity_generation_by_source,"Electricity generation, total (SIN)",energy_water,ons_open_data,daily,2018-06-13,63547.2227,mwmed
electricity_generation_by_source,"Electricity generation, total (SIN)",energy_water,ons_open_data,daily,2018-06-14,63209.5894,mwmed
electricity_generation_by_source,"Electricity generation, total (SIN)",energy_water,ons_open_data,daily,2018-06-15,62749.7260,mwmed
electricity_generation_by_source,"Electricity generation, total (SIN)",energy_water,ons_open_data,daily,2018-06-16,57966.1050,mwmed
electricity_generation_by_source,"Electricity generation, total (SIN)",energy_water,ons_open_data,daily,2018-06-17,51567.3808,mwmed
electricity_generation_by_source,"Electricity generation, total (SIN)",energy_water,ons_open_data,daily,2018-06-18,60675.0968,mwmed
electricity_generation_by_source,"Electricity generation, total (SIN)",energy_water,ons_open_data,daily,2018-06-19,61787.7123,mwmed
electricity_generation_by_source,"Electricity generation, total (SIN)",energy_water,ons_open_data,daily,2018-06-20,61717.3820,mwmed
electricity_generation_by_source,"Electricity generation, total (SIN)",energy_water,ons_open_data,daily,2018-06-21,62245.5598,mwmed
electricity_generation_by_source,"Electricity generation, total (SIN)",energy_water,ons_open_data,daily,2018-06-22,60767.0699,mwmed
electricity_generation_by_source,"Electricity generation, total (SIN)",energy_water,ons_open_data,daily,2018-06-23,57794.2152,mwmed
electricity_generation_by_source,"Electricity generation, total (SIN)",energy_water,ons_open_data,daily,2018-06-24,52321.0628,mwmed
electricity_generation_by_source,"Electricity generation, total (SIN)",energy_water,ons_open_data,daily,2018-06-25,61535.2998,mwmed
electricity_generation_by_source,"Electricity generation, total (SIN)",energy_water,ons_open_data,daily,2018-06-26,63094.0880,mwmed
electricity_generation_by_source,"Electricity generation, total (SIN)",energy_water,ons_open_data,daily,2018-06-27,60930.9207,mwmed
electricity_generation_by_source,"Electricity generation, total (SIN)",energy_water,ons_open_data,daily,2018-06-28,63116.7432,mwmed
electricity_generation_by_source,"Electricity generation, total (SIN)",energy_water,ons_open_data,daily,2018-06-29,62430.7198,mwmed
electricity_generation_by_source,"Electricity generation, total (SIN)",energy_water,ons_open_data,daily,2018-06-30,57677.1972,mwmed
electricity_generation_by_source,"Electricity generation, total (SIN)",energy_water,ons_open_data,daily,2018-07-01,51693.7070,mwmed
electricity_generation_by_source,"Electricity generation, total (SIN)",energy_water,ons_open_data,daily,2018-07-02,59361.6301,mwmed
electricity_generation_by_source,"Electricity generation, total (SIN)",energy_water,ons_open_data,daily,2018-07-03,62936.4341,mwmed
electricity_generation_by_source,"Electricity generation, total (SIN)",energy_water,ons_open_data,daily,2018-07-04,62929.0107,mwmed
electricity_generation_by_source,"Electricity generation, total (SIN)",energy_water,ons_open_data,daily,2018-07-05,63271.5756,mwmed
electricity_generation_by_source,"Electricity generation, total (SIN)",energy_water,ons_open_data,daily,2018-07-06,60573.1233,mwmed
electricity_generation_by_source,"Electricity generation, total (SIN)",energy_water,ons_open_data,daily,2018-07-07,57383.9110,mwmed
electricity_generation_by_source,"Electricity generation, total (SIN)",energy_water,ons_open_data,daily,2018-07-08,51504.0469,mwmed
electricity_generation_by_source,"Electricity generation, total (SIN)",energy_water,ons_open_data,daily,2018-07-09,58775.4658,mwmed
electricity_generation_by_source,"Electricity generation, total (SIN)",energy_water,ons_open_data,daily,2018-07-10,60986.1867,mwmed
electricity_generation_by_source,"Electricity generation, total (SIN)",energy_water,ons_open_data,daily,2018-07-11,60739.2531,mwmed
electricity_generation_by_source,"Electricity generation, total (SIN)",energy_water,ons_open_data,daily,2018-07-12,61154.2307,mwmed
electricity_generation_by_source,"Electricity generation, total (SIN)",energy_water,ons_open_data,daily,2018-07-13,61379.5640,mwmed
electricity_generation_by_source,"Electricity generation, total (SIN)",energy_water,ons_open_data,daily,2018-07-14,56494.2134,mwmed
electricity_generation_by_source,"Electricity generation, total (SIN)",energy_water,ons_open_data,daily,2018-07-15,51330.4788,mwmed
electricity_generation_by_source,"Electricity generation, total (SIN)",energy_water,ons_open_data,daily,2018-07-16,60707.5210,mwmed
electricity_generation_by_source,"Electricity generation, total (SIN)",energy_water,ons_open_data,daily,2018-07-17,62257.9990,mwmed
electricity_generation_by_source,"Electricity generation, total (SIN)",energy_water,ons_open_data,daily,2018-07-18,62405.7989,mwmed
electricity_generation_by_source,"Electricity generation, total (SIN)",energy_water,ons_open_data,daily,2018-07-19,62877.2368,mwmed
electricity_generation_by_source,"Electricity generation, total (SIN)",energy_water,ons_open_data,daily,2018-07-20,63013.4872,mwmed
electricity_generation_by_source,"Electricity generation, total (SIN)",energy_water,ons_open_data,daily,2018-07-21,57512.7876,mwmed
electricity_generation_by_source,"Electricity generation, total (SIN)",energy_water,ons_open_data,daily,2018-07-22,51464.9964,mwmed
electricity_generation_by_source,"Electricity generation, total (SIN)",energy_water,ons_open_data,daily,2018-07-23,60780.0029,mwmed
electricity_generation_by_source,"Electricity generation, total (SIN)",energy_water,ons_open_data,daily,2018-07-24,62233.9886,mwmed
electricity_generation_by_source,"Electricity generation, total (SIN)",energy_water,ons_open_data,daily,2018-07-25,61867.3615,mwmed
electricity_generation_by_source,"Electricity generation, total (SIN)",energy_water,ons_open_data,daily,2018-07-26,62094.3572,mwmed
electricity_generation_by_source,"Electricity generation, total (SIN)",energy_water,ons_open_data,daily,2018-07-27,62344.2437,mwmed
electricity_generation_by_source,"Electricity generation, total (SIN)",energy_water,ons_open_data,daily,2018-07-28,57545.8476,mwmed
electricity_generation_by_source,"Electricity generation, total (SIN)",energy_water,ons_open_data,daily,2018-07-29,52209.7518,mwmed
electricity_generation_by_source,"Electricity generation, total (SIN)",energy_water,ons_open_data,daily,2018-07-30,61702.6601,mwmed
electricity_generation_by_source,"Electricity generation, total (SIN)",energy_water,ons_open_data,daily,2018-07-31,62862.4574,mwmed
electricity_generation_by_source,"Electricity generation, total (SIN)",energy_water,ons_open_data,daily,2018-08-01,62595.8730,mwmed
electricity_generation_by_source,"Electricity generation, total (SIN)",energy_water,ons_open_data,daily,2018-08-02,62739.7158,mwmed
electricity_generation_by_source,"Electricity generation, total (SIN)",energy_water,ons_open_data,daily,2018-08-03,62696.8005,mwmed
electricity_generation_by_source,"Electricity generation, total (SIN)",energy_water,ons_open_data,daily,2018-08-04,57866.9803,mwmed
electricity_generation_by_source,"Electricity generation, total (SIN)",energy_water,ons_open_data,daily,2018-08-05,52202.1588,mwmed
electricity_generation_by_source,"Electricity generation, total (SIN)",energy_water,ons_open_data,daily,2018-08-06,61464.8385,mwmed
electricity_generation_by_source,"Electricity generation, total (SIN)",energy_water,ons_open_data,daily,2018-08-07,62544.6133,mwmed
electricity_generation_by_source,"Electricity generation, total (SIN)",energy_water,ons_open_data,daily,2018-08-08,63083.2230,mwmed
electricity_generation_by_source,"Electricity generation, total (SIN)",energy_water,ons_open_data,daily,2018-08-09,63273.6679,mwmed
electricity_generation_by_source,"Electricity generation, total (SIN)",energy_water,ons_open_data,daily,2018-08-10,62549.8690,mwmed
electricity_generation_by_source,"Electricity generation, total (SIN)",energy_water,ons_open_data,daily,2018-08-11,57251.0665,mwmed
electricity_generation_by_source,"Electricity generation, total (SIN)",energy_water,ons_open_data,daily,2018-08-12,50915.0867,mwmed
electricity_generation_by_source,"Electricity generation, total (SIN)",energy_water,ons_open_data,daily,2018-08-13,60920.3055,mwmed
electricity_generation_by_source,"Electricity generation, total (SIN)",energy_water,ons_open_data,daily,2018-08-14,62736.2866,mwmed
electricity_generation_by_source,"Electricity generation, total (SIN)",energy_water,ons_open_data,daily,2018-08-15,62638.6899,mwmed
electricity_generation_by_source,"Electricity generation, total (SIN)",energy_water,ons_open_data,daily,2018-08-16,62855.5028,mwmed
electricity_generation_by_source,"Electricity generation, total (SIN)",energy_water,ons_open_data,daily,2018-08-17,62648.6108,mwmed
electricity_generation_by_source,"Electricity generation, total (SIN)",energy_water,ons_open_data,daily,2018-08-18,57462.5101,mwmed
electricity_generation_by_source,"Electricity generation, total (SIN)",energy_water,ons_open_data,daily,2018-08-19,52023.8574,mwmed
electricity_generation_by_source,"Electricity generation, total (SIN)",energy_water,ons_open_data,daily,2018-08-20,61548.8912,mwmed
electricity_generation_by_source,"Electricity generation, total (SIN)",energy_water,ons_open_data,daily,2018-08-21,63000.1062,mwmed
electricity_generation_by_source,"Electricity generation, total (SIN)",energy_water,ons_open_data,daily,2018-08-22,63104.5455,mwmed
electricity_generation_by_source,"Electricity generation, total (SIN)",energy_water,ons_open_data,daily,2018-08-23,63602.5906,mwmed
electricity_generation_by_source,"Electricity generation, total (SIN)",energy_water,ons_open_data,daily,2018-08-24,64325.4680,mwmed
electricity_generation_by_source,"Electricity generation, total (SIN)",energy_water,ons_open_data,daily,2018-08-25,49799.2873,mwmed
electricity_generation_by_source,"Electricity generation, total (SIN)",energy_water,ons_open_data,daily,2018-08-26,51602.0877,mwmed
electricity_generation_by_source,"Electricity generation, total (SIN)",energy_water,ons_open_data,daily,2018-08-27,60369.9225,mwmed
electricity_generation_by_source,"Electricity generation, total (SIN)",energy_water,ons_open_data,daily,2018-08-28,61930.1607,mwmed
electricity_generation_by_source,"Electricity generation, total (SIN)",energy_water,ons_open_data,daily,2018-08-29,62536.4013,mwmed
electricity_generation_by_source,"Electricity generation, total (SIN)",energy_water,ons_open_data,daily,2018-08-30,63208.5138,mwmed
electricity_generation_by_source,"Electricity generation, total (SIN)",energy_water,ons_open_data,daily,2018-08-31,63776.3269,mwmed
electricity_generation_by_source,"Electricity generation, total (SIN)",energy_water,ons_open_data,daily,2018-09-01,59097.6132,mwmed
electricity_generation_by_source,"Electricity generation, total (SIN)",energy_water,ons_open_data,daily,2018-09-02,53323.8315,mwmed
electricity_generation_by_source,"Electricity generation, total (SIN)",energy_water,ons_open_data,daily,2018-09-03,62422.6815,mwmed
electricity_generation_by_source,"Electricity generation, total (SIN)",energy_water,ons_open_data,daily,2018-09-04,62574.1245,mwmed
electricity_generation_by_source,"Electricity generation, total (SIN)",energy_water,ons_open_data,daily,2018-09-05,61894.5002,mwmed
electricity_generation_by_source,"Electricity generation, total (SIN)",energy_water,ons_open_data,daily,2018-09-06,61789.9070,mwmed
electricity_generation_by_source,"Electricity generation, total (SIN)",energy_water,ons_open_data,daily,2018-09-07,55213.0355,mwmed
electricity_generation_by_source,"Electricity generation, total (SIN)",energy_water,ons_open_data,daily,2018-09-08,54699.3396,mwmed
electricity_generation_by_source,"Electricity generation, total (SIN)",energy_water,ons_open_data,daily,2018-09-09,51581.2044,mwmed
electricity_generation_by_source,"Electricity generation, total (SIN)",energy_water,ons_open_data,daily,2018-09-10,61492.2424,mwmed
electricity_generation_by_source,"Electricity generation, total (SIN)",energy_water,ons_open_data,daily,2018-09-11,63529.5599,mwmed
electricity_generation_by_source,"Electricity generation, total (SIN)",energy_water,ons_open_data,daily,2018-09-12,63750.9223,mwmed
electricity_generation_by_source,"Electricity generation, total (SIN)",energy_water,ons_open_data,daily,2018-09-13,64281.9023,mwmed
electricity_generation_by_source,"Electricity generation, total (SIN)",energy_water,ons_open_data,daily,2018-09-14,63727.0163,mwmed
electricity_generation_by_source,"Electricity generation, total (SIN)",energy_water,ons_open_data,daily,2018-09-15,58867.6731,mwmed
electricity_generation_by_source,"Electricity generation, total (SIN)",energy_water,ons_open_data,daily,2018-09-16,52903.9099,mwmed
electricity_generation_by_source,"Electricity generation, total (SIN)",energy_water,ons_open_data,daily,2018-09-17,62246.0718,mwmed
electricity_generation_by_source,"Electricity generation, total (SIN)",energy_water,ons_open_data,daily,2018-09-18,64465.5675,mwmed
electricity_generation_by_source,"Electricity generation, total (SIN)",energy_water,ons_open_data,daily,2018-09-19,65506.4128,mwmed
electricity_generation_by_source,"Electricity generation, total (SIN)",energy_water,ons_open_data,daily,2018-09-20,63977.5666,mwmed
electricity_generation_by_source,"Electricity generation, total (SIN)",energy_water,ons_open_data,daily,2018-09-21,64974.3228,mwmed
electricity_generation_by_source,"Electricity generation, total (SIN)",energy_water,ons_open_data,daily,2018-09-22,59931.6725,mwmed
electricity_generation_by_source,"Electricity generation, total (SIN)",energy_water,ons_open_data,daily,2018-09-23,54209.5950,mwmed
electricity_generation_by_source,"Electricity generation, total (SIN)",energy_water,ons_open_data,daily,2018-09-24,65020.4320,mwmed
electricity_generation_by_source,"Electricity generation, total (SIN)",energy_water,ons_open_data,daily,2018-09-25,66630.6620,mwmed
electricity_generation_by_source,"Electricity generation, total (SIN)",energy_water,ons_open_data,daily,2018-09-26,67418.7675,mwmed
electricity_generation_by_source,"Electricity generation, total (SIN)",energy_water,ons_open_data,daily,2018-09-27,66976.8215,mwmed
electricity_generation_by_source,"Electricity generation, total (SIN)",energy_water,ons_open_data,daily,2018-09-28,66073.2201,mwmed
electricity_generation_by_source,"Electricity generation, total (SIN)",energy_water,ons_open_data,daily,2018-09-29,60608.2431,mwmed
electricity_generation_by_source,"Electricity generation, total (SIN)",energy_water,ons_open_data,daily,2018-09-30,53646.0010,mwmed
electricity_generation_by_source,"Electricity generation, total (SIN)",energy_water,ons_open_data,daily,2018-10-01,64143.1883,mwmed
electricity_generation_by_source,"Electricity generation, total (SIN)",energy_water,ons_open_data,daily,2018-10-02,66210.3852,mwmed
electricity_generation_by_source,"Electricity generation, total (SIN)",energy_water,ons_open_data,daily,2018-10-03,66812.9269,mwmed
electricity_generation_by_source,"Electricity generation, total (SIN)",energy_water,ons_open_data,daily,2018-10-04,66722.4673,mwmed
electricity_generation_by_source,"Electricity generation, total (SIN)",energy_water,ons_open_data,daily,2018-10-05,64747.8902,mwmed
electricity_generation_by_source,"Electricity generation, total (SIN)",energy_water,ons_open_data,daily,2018-10-06,58891.7640,mwmed
electricity_generation_by_source,"Electricity generation, total (SIN)",energy_water,ons_open_data,daily,2018-10-07,52514.3275,mwmed
electricity_generation_by_source,"Electricity generation, total (SIN)",energy_water,ons_open_data,daily,2018-10-08,63840.3618,mwmed
electricity_generation_by_source,"Electricity generation, total (SIN)",energy_water,ons_open_data,daily,2018-10-09,66951.8898,mwmed
electricity_generation_by_source,"Electricity generation, total (SIN)",energy_water,ons_open_data,daily,2018-10-10,67686.6915,mwmed
electricity_generation_by_source,"Electricity generation, total (SIN)",energy_water,ons_open_data,daily,2018-10-11,66704.8042,mwmed
electricity_generation_by_source,"Electricity generation, total (SIN)",energy_water,ons_open_data,daily,2018-10-12,58327.0253,mwmed
electricity_generation_by_source,"Electricity generation, total (SIN)",energy_water,ons_open_data,daily,2018-10-13,59197.3416,mwmed
electricity_generation_by_source,"Electricity generation, total (SIN)",energy_water,ons_open_data,daily,2018-10-14,54923.4836,mwmed
electricity_generation_by_source,"Electricity generation, total (SIN)",energy_water,ons_open_data,daily,2018-10-15,64831.2968,mwmed
electricity_generation_by_source,"Electricity generation, total (SIN)",energy_water,ons_open_data,daily,2018-10-16,67192.2198,mwmed
electricity_generation_by_source,"Electricity generation, total (SIN)",energy_water,ons_open_data,daily,2018-10-17,67954.4163,mwmed
electricity_generation_by_source,"Electricity generation, total (SIN)",energy_water,ons_open_data,daily,2018-10-18,68180.5536,mwmed
electricity_generation_by_source,"Electricity generation, total (SIN)",energy_water,ons_open_data,daily,2018-10-19,67016.8817,mwmed
electricity_generation_by_source,"Electricity generation, total (SIN)",energy_water,ons_open_data,daily,2018-10-20,59747.9637,mwmed
electricity_generation_by_source,"Electricity generation, total (SIN)",energy_water,ons_open_data,daily,2018-10-21,52562.0587,mwmed
electricity_generation_by_source,"Electricity generation, total (SIN)",energy_water,ons_open_data,daily,2018-10-22,63191.1734,mwmed
electricity_generation_by_source,"Electricity generation, total (SIN)",energy_water,ons_open_data,daily,2018-10-23,66203.1373,mwmed
electricity_generation_by_source,"Electricity generation, total (SIN)",energy_water,ons_open_data,daily,2018-10-24,66083.3709,mwmed
electricity_generation_by_source,"Electricity generation, total (SIN)",energy_water,ons_open_data,daily,2018-10-25,66772.3017,mwmed
electricity_generation_by_source,"Electricity generation, total (SIN)",energy_water,ons_open_data,daily,2018-10-26,67034.5997,mwmed
electricity_generation_by_source,"Electricity generation, total (SIN)",energy_water,ons_open_data,daily,2018-10-27,61404.4980,mwmed
electricity_generation_by_source,"Electricity generation, total (SIN)",energy_water,ons_open_data,daily,2018-10-28,53957.8545,mwmed
electricity_generation_by_source,"Electricity generation, total (SIN)",energy_water,ons_open_data,daily,2018-10-29,63686.7519,mwmed
electricity_generation_by_source,"Electricity generation, total (SIN)",energy_water,ons_open_data,daily,2018-10-30,66079.8230,mwmed
electricity_generation_by_source,"Electricity generation, total (SIN)",energy_water,ons_open_data,daily,2018-10-31,67248.8032,mwmed
electricity_generation_by_source,"Electricity generation, total (SIN)",energy_water,ons_open_data,daily,2018-11-01,66922.6954,mwmed
electricity_generation_by_source,"Electricity generation, total (SIN)",energy_water,ons_open_data,daily,2018-11-02,58140.7548,mwmed
electricity_generation_by_source,"Electricity generation, total (SIN)",energy_water,ons_open_data,daily,2018-11-03,58886.1223,mwmed
electricity_generation_by_source,"Electricity generation, total (SIN)",energy_water,ons_open_data,daily,2018-11-04,54972.5733,mwmed
electricity_generation_by_source,"Electricity generation, total (SIN)",energy_water,ons_open_data,daily,2018-11-05,64058.9717,mwmed
electricity_generation_by_source,"Electricity generation, total (SIN)",energy_water,ons_open_data,daily,2018-11-06,65093.6778,mwmed
electricity_generation_by_source,"Electricity generation, total (SIN)",energy_water,ons_open_data,daily,2018-11-07,65374.0419,mwmed
electricity_generation_by_source,"Electricity generation, total (SIN)",energy_water,ons_open_data,daily,2018-11-08,64627.9301,mwmed
electricity_generation_by_source,"Electricity generation, total (SIN)",energy_water,ons_open_data,daily,2018-11-09,64666.5414,mwmed
electricity_generation_by_source,"Electricity generation, total (SIN)",energy_water,ons_open_data,daily,2018-11-10,60531.1919,mwmed
electricity_generation_by_source,"Electricity generation, total (SIN)",energy_water,ons_open_data,daily,2018-11-11,55834.3330,mwmed
electricity_generation_by_source,"Electricity generation, total (SIN)",energy_water,ons_open_data,daily,2018-11-12,67432.2254,mwmed
electricity_generation_by_source,"Electricity generation, total (SIN)",energy_water,ons_open_data,daily,2018-11-13,70241.6253,mwmed
electricity_generation_by_source,"Electricity generation, total (SIN)",energy_water,ons_open_data,daily,2018-11-14,71116.1730,mwmed
electricity_generation_by_source,"Electricity generation, total (SIN)",energy_water,ons_open_data,daily,2018-11-15,63643.8243,mwmed
electricity_generation_by_source,"Electricity generation, total (SIN)",energy_water,ons_open_data,daily,2018-11-16,65959.7837,mwmed
electricity_generation_by_source,"Electricity generation, total (SIN)",energy_water,ons_open_data,daily,2018-11-17,60358.4803,mwmed
electricity_generation_by_source,"Electricity generation, total (SIN)",energy_water,ons_open_data,daily,2018-11-18,55675.5829,mwmed
electricity_generation_by_source,"Electricity generation, total (SIN)",energy_water,ons_open_data,daily,2018-11-19,64478.4957,mwmed
electricity_generation_by_source,"Electricity generation, total (SIN)",energy_water,ons_open_data,daily,2018-11-20,63692.3448,mwmed
electricity_generation_by_source,"Electricity generation, total (SIN)",energy_water,ons_open_data,daily,2018-11-21,64977.9639,mwmed
electricity_generation_by_source,"Electricity generation, total (SIN)",energy_water,ons_open_data,daily,2018-11-22,66913.0085,mwmed
electricity_generation_by_source,"Electricity generation, total (SIN)",energy_water,ons_open_data,daily,2018-11-23,68162.1300,mwmed
electricity_generation_by_source,"Electricity generation, total (SIN)",energy_water,ons_open_data,daily,2018-11-24,62191.1548,mwmed
electricity_generation_by_source,"Electricity generation, total (SIN)",energy_water,ons_open_data,daily,2018-11-25,56140.8567,mwmed
electricity_generation_by_source,"Electricity generation, total (SIN)",energy_water,ons_open_data,daily,2018-11-26,64694.6183,mwmed
electricity_generation_by_source,"Electricity generation, total (SIN)",energy_water,ons_open_data,daily,2018-11-27,65646.5069,mwmed
electricity_generation_by_source,"Electricity generation, total (SIN)",energy_water,ons_open_data,daily,2018-11-28,66568.5578,mwmed
electricity_generation_by_source,"Electricity generation, total (SIN)",energy_water,ons_open_data,daily,2018-11-29,68598.6728,mwmed
electricity_generation_by_source,"Electricity generation, total (SIN)",energy_water,ons_open_data,daily,2018-11-30,69288.7805,mwmed
electricity_generation_by_source,"Electricity generation, total (SIN)",energy_water,ons_open_data,daily,2018-12-01,63478.6759,mwmed
electricity_generation_by_source,"Electricity generation, total (SIN)",energy_water,ons_open_data,daily,2018-12-02,56793.6918,mwmed
electricity_generation_by_source,"Electricity generation, total (SIN)",energy_water,ons_open_data,daily,2018-12-03,65126.5397,mwmed
electricity_generation_by_source,"Electricity generation, total (SIN)",energy_water,ons_open_data,daily,2018-12-04,66852.8800,mwmed
electricity_generation_by_source,"Electricity generation, total (SIN)",energy_water,ons_open_data,daily,2018-12-05,68763.0208,mwmed
electricity_generation_by_source,"Electricity generation, total (SIN)",energy_water,ons_open_data,daily,2018-12-06,68963.8452,mwmed
electricity_generation_by_source,"Electricity generation, total (SIN)",energy_water,ons_open_data,daily,2018-12-07,67484.9408,mwmed
electricity_generation_by_source,"Electricity generation, total (SIN)",energy_water,ons_open_data,daily,2018-12-08,59637.5150,mwmed
electricity_generation_by_source,"Electricity generation, total (SIN)",energy_water,ons_open_data,daily,2018-12-09,54001.0704,mwmed
electricity_generation_by_source,"Electricity generation, total (SIN)",energy_water,ons_open_data,daily,2018-12-10,65936.7659,mwmed
electricity_generation_by_source,"Electricity generation, total (SIN)",energy_water,ons_open_data,daily,2018-12-11,69729.7650,mwmed
electricity_generation_by_source,"Electricity generation, total (SIN)",energy_water,ons_open_data,daily,2018-12-12,71827.7922,mwmed
electricity_generation_by_source,"Electricity generation, total (SIN)",energy_water,ons_open_data,daily,2018-12-13,72641.9956,mwmed
electricity_generation_by_source,"Electricity generation, total (SIN)",energy_water,ons_open_data,daily,2018-12-14,72572.5355,mwmed
electricity_generation_by_source,"Electricity generation, total (SIN)",energy_water,ons_open_data,daily,2018-12-15,66800.1614,mwmed
electricity_generation_by_source,"Electricity generation, total (SIN)",energy_water,ons_open_data,daily,2018-12-16,61408.4557,mwmed
electricity_generation_by_source,"Electricity generation, total (SIN)",energy_water,ons_open_data,daily,2018-12-17,73255.5980,mwmed
electricity_generation_by_source,"Electricity generation, total (SIN)",energy_water,ons_open_data,daily,2018-12-18,73782.0213,mwmed
electricity_generation_by_source,"Electricity generation, total (SIN)",energy_water,ons_open_data,daily,2018-12-19,72570.1164,mwmed
electricity_generation_by_source,"Electricity generation, total (SIN)",energy_water,ons_open_data,daily,2018-12-20,72580.6478,mwmed
electricity_generation_by_source,"Electricity generation, total (SIN)",energy_water,ons_open_data,daily,2018-12-21,71107.6843,mwmed
electricity_generation_by_source,"Electricity generation, total (SIN)",energy_water,ons_open_data,daily,2018-12-22,65556.8321,mwmed
electricity_generation_by_source,"Electricity generation, total (SIN)",energy_water,ons_open_data,daily,2018-12-23,60569.4196,mwmed
electricity_generation_by_source,"Electricity generation, total (SIN)",energy_water,ons_open_data,daily,2018-12-24,59772.1776,mwmed
electricity_generation_by_source,"Electricity generation, total (SIN)",energy_water,ons_open_data,daily,2018-12-25,52393.2475,mwmed
electricity_generation_by_source,"Electricity generation, total (SIN)",energy_water,ons_open_data,daily,2018-12-26,61785.6625,mwmed
electricity_generation_by_source,"Electricity generation, total (SIN)",energy_water,ons_open_data,daily,2018-12-27,63767.8680,mwmed
electricity_generation_by_source,"Electricity generation, total (SIN)",energy_water,ons_open_data,daily,2018-12-28,64224.6527,mwmed
electricity_generation_by_source,"Electricity generation, total (SIN)",energy_water,ons_open_data,daily,2018-12-29,61608.7630,mwmed
electricity_generation_by_source,"Electricity generation, total (SIN)",energy_water,ons_open_data,daily,2018-12-30,58323.9349,mwmed
electricity_generation_by_source,"Electricity generation, total (SIN)",energy_water,ons_open_data,daily,2018-12-31,59059.6053,mwmed
electricity_generation_by_source,"Electricity generation, total (SIN)",energy_water,ons_open_data,daily,2019-01-01,54681.6573,mwmed
electricity_generation_by_source,"Electricity generation, total (SIN)",energy_water,ons_open_data,daily,2019-01-02,66506.5497,mwmed
electricity_generation_by_source,"Electricity generation, total (SIN)",energy_water,ons_open_data,daily,2019-01-03,70751.8890,mwmed
electricity_generation_by_source,"Electricity generation, total (SIN)",energy_water,ons_open_data,daily,2019-01-04,70169.0837,mwmed
electricity_generation_by_source,"Electricity generation, total (SIN)",energy_water,ons_open_data,daily,2019-01-05,63940.2505,mwmed
electricity_generation_by_source,"Electricity generation, total (SIN)",energy_water,ons_open_data,daily,2019-01-06,59482.9062,mwmed
electricity_generation_by_source,"Electricity generation, total (SIN)",energy_water,ons_open_data,daily,2019-01-07,70563.6253,mwmed
electricity_generation_by_source,"Electricity generation, total (SIN)",energy_water,ons_open_data,daily,2019-01-08,72965.8481,mwmed
electricity_generation_by_source,"Electricity generation, total (SIN)",energy_water,ons_open_data,daily,2019-01-09,73702.2595,mwmed
electricity_generation_by_source,"Electricity generation, total (SIN)",energy_water,ons_open_data,daily,2019-01-10,73932.1953,mwmed
electricity_generation_by_source,"Electricity generation, total (SIN)",energy_water,ons_open_data,daily,2019-01-11,73164.1612,mwmed
electricity_generation_by_source,"Electricity generation, total (SIN)",energy_water,ons_open_data,daily,2019-01-12,67178.9880,mwmed
electricity_generation_by_source,"Electricity generation, total (SIN)",energy_water,ons_open_data,daily,2019-01-13,61495.2171,mwmed
electricity_generation_by_source,"Electricity generation, total (SIN)",energy_water,ons_open_data,daily,2019-01-14,73271.2068,mwmed
electricity_generation_by_source,"Electricity generation, total (SIN)",energy_water,ons_open_data,daily,2019-01-15,74994.6437,mwmed
electricity_generation_by_source,"Electricity generation, total (SIN)",energy_water,ons_open_data,daily,2019-01-16,76254.1968,mwmed
electricity_generation_by_source,"Electricity generation, total (SIN)",energy_water,ons_open_data,daily,2019-01-17,75935.1018,mwmed
electricity_generation_by_source,"Electricity generation, total (SIN)",energy_water,ons_open_data,daily,2019-01-18,75241.2213,mwmed
electricity_generation_by_source,"Electricity generation, total (SIN)",energy_water,ons_open_data,daily,2019-01-19,68296.3129,mwmed
electricity_generation_by_source,"Electricity generation, total (SIN)",energy_water,ons_open_data,daily,2019-01-20,62441.3517,mwmed
electricity_generation_by_source,"Electricity generation, total (SIN)",energy_water,ons_open_data,daily,2019-01-21,74511.5055,mwmed
electricity_generation_by_source,"Electricity generation, total (SIN)",energy_water,ons_open_data,daily,2019-01-22,77419.8624,mwmed
electricity_generation_by_source,"Electricity generation, total (SIN)",energy_water,ons_open_data,daily,2019-01-23,78288.2680,mwmed
electricity_generation_by_source,"Electricity generation, total (SIN)",energy_water,ons_open_data,daily,2019-01-24,77429.7567,mwmed
electricity_generation_by_source,"Electricity generation, total (SIN)",energy_water,ons_open_data,daily,2019-01-25,74661.2608,mwmed
electricity_generation_by_source,"Electricity generation, total (SIN)",energy_water,ons_open_data,daily,2019-01-26,66614.0285,mwmed
electricity_generation_by_source,"Electricity generation, total (SIN)",energy_water,ons_open_data,daily,2019-01-27,60924.2893,mwmed
electricity_generation_by_source,"Electricity generation, total (SIN)",energy_water,ons_open_data,daily,2019-01-28,74037.3633,mwmed
electricity_generation_by_source,"Electricity generation, total (SIN)",energy_water,ons_open_data,daily,2019-01-29,77626.4335,mwmed
electricity_generation_by_source,"Electricity generation, total (SIN)",energy_water,ons_open_data,daily,2019-01-30,78938.2992,mwmed
electricity_generation_by_source,"Electricity generation, total (SIN)",energy_water,ons_open_data,daily,2019-01-31,78733.8194,mwmed
electricity_generation_by_source,"Electricity generation, total (SIN)",energy_water,ons_open_data,daily,2019-02-01,78481.4092,mwmed
electricity_generation_by_source,"Electricity generation, total (SIN)",energy_water,ons_open_data,daily,2019-02-02,70751.6048,mwmed
electricity_generation_by_source,"Electricity generation, total (SIN)",energy_water,ons_open_data,daily,2019-02-03,63823.6449,mwmed
electricity_generation_by_source,"Electricity generation, total (SIN)",energy_water,ons_open_data,daily,2019-02-04,71870.2628,mwmed
electricity_generation_by_source,"Electricity generation, total (SIN)",energy_water,ons_open_data,daily,2019-02-05,70821.3901,mwmed
electricity_generation_by_source,"Electricity generation, total (SIN)",energy_water,ons_open_data,daily,2019-02-06,69490.4162,mwmed
electricity_generation_by_source,"Electricity generation, total (SIN)",energy_water,ons_open_data,daily,2019-02-07,69192.7853,mwmed
electricity_generation_by_source,"Electricity generation, total (SIN)",energy_water,ons_open_data,daily,2019-02-08,71156.4593,mwmed
electricity_generation_by_source,"Electricity generation, total (SIN)",energy_water,ons_open_data,daily,2019-02-09,66374.1130,mwmed
electricity_generation_by_source,"Electricity generation, total (SIN)",energy_water,ons_open_data,daily,2019-02-10,61754.2578,mwmed
electricity_generation_by_source,"Electricity generation, total (SIN)",energy_water,ons_open_data,daily,2019-02-11,73911.5616,mwmed
electricity_generation_by_source,"Electricity generation, total (SIN)",energy_water,ons_open_data,daily,2019-02-12,74626.1976,mwmed
electricity_generation_by_source,"Electricity generation, total (SIN)",energy_water,ons_open_data,daily,2019-02-13,71310.4191,mwmed
electricity_generation_by_source,"Electricity generation, total (SIN)",energy_water,ons_open_data,daily,2019-02-14,70293.2580,mwmed
electricity_generation_by_source,"Electricity generation, total (SIN)",energy_water,ons_open_data,daily,2019-02-15,69960.8272,mwmed
electricity_generation_by_source,"Electricity generation, total (SIN)",energy_water,ons_open_data,daily,2019-02-16,63337.0661,mwmed
electricity_generation_by_source,"Electricity generation, total (SIN)",energy_water,ons_open_data,daily,2019-02-17,57434.6416,mwmed
electricity_generation_by_source,"Electricity generation, total (SIN)",energy_water,ons_open_data,daily,2019-02-18,69126.3558,mwmed
electricity_generation_by_source,"Electricity generation, total (SIN)",energy_water,ons_open_data,daily,2019-02-19,71166.4020,mwmed
electricity_generation_by_source,"Electricity generation, total (SIN)",energy_water,ons_open_data,daily,2019-02-20,72245.7839,mwmed
electricity_generation_by_source,"Electricity generation, total (SIN)",energy_water,ons_open_data,daily,2019-02-21,72030.0338,mwmed
electricity_generation_by_source,"Electricity generation, total (SIN)",energy_water,ons_open_data,daily,2019-02-22,72882.7399,mwmed
electricity_generation_by_source,"Electricity generation, total (SIN)",energy_water,ons_open_data,daily,2019-02-23,68287.3139,mwmed
electricity_generation_by_source,"Electricity generation, total (SIN)",energy_water,ons_open_data,daily,2019-02-24,63333.6542,mwmed
electricity_generation_by_source,"Electricity generation, total (SIN)",energy_water,ons_open_data,daily,2019-02-25,73308.6127,mwmed
electricity_generation_by_source,"Electricity generation, total (SIN)",energy_water,ons_open_data,daily,2019-02-26,71088.5728,mwmed
electricity_generation_by_source,"Electricity generation, total (SIN)",energy_water,ons_open_data,daily,2019-02-27,70669.8140,mwmed
electricity_generation_by_source,"Electricity generation, total (SIN)",energy_water,ons_open_data,daily,2019-02-28,69989.1201,mwmed
electricity_generation_by_source,"Electricity generation, total (SIN)",energy_water,ons_open_data,daily,2019-03-01,69272.7490,mwmed
electricity_generation_by_source,"Electricity generation, total (SIN)",energy_water,ons_open_data,daily,2019-03-02,63248.5758,mwmed
electricity_generation_by_source,"Electricity generation, total (SIN)",energy_water,ons_open_data,daily,2019-03-03,57451.6077,mwmed
electricity_generation_by_source,"Electricity generation, total (SIN)",energy_water,ons_open_data,daily,2019-03-04,61826.7839,mwmed
electricity_generation_by_source,"Electricity generation, total (SIN)",energy_water,ons_open_data,daily,2019-03-05,62454.7695,mwmed
electricity_generation_by_source,"Electricity generation, total (SIN)",energy_water,ons_open_data,daily,2019-03-06,68521.8978,mwmed
electricity_generation_by_source,"Electricity generation, total (SIN)",energy_water,ons_open_data,daily,2019-03-07,72108.5120,mwmed
electricity_generation_by_source,"Electricity generation, total (SIN)",energy_water,ons_open_data,daily,2019-03-08,72899.3956,mwmed
electricity_generation_by_source,"Electricity generation, total (SIN)",energy_water,ons_open_data,daily,2019-03-09,66928.9098,mwmed
electricity_generation_by_source,"Electricity generation, total (SIN)",energy_water,ons_open_data,daily,2019-03-10,60503.0699,mwmed
electricity_generation_by_source,"Electricity generation, total (SIN)",energy_water,ons_open_data,daily,2019-03-11,69101.4571,mwmed
electricity_generation_by_source,"Electricity generation, total (SIN)",energy_water,ons_open_data,daily,2019-03-12,70543.6339,mwmed
electricity_generation_by_source,"Electricity generation, total (SIN)",energy_water,ons_open_data,daily,2019-03-13,71964.9258,mwmed
electricity_generation_by_source,"Electricity generation, total (SIN)",energy_water,ons_open_data,daily,2019-03-14,72494.5152,mwmed
electricity_generation_by_source,"Electricity generation, total (SIN)",energy_water,ons_open_data,daily,2019-03-15,71859.4845,mwmed
electricity_generation_by_source,"Electricity generation, total (SIN)",energy_water,ons_open_data,daily,2019-03-16,65222.3318,mwmed
electricity_generation_by_source,"Electricity generation, total (SIN)",energy_water,ons_open_data,daily,2019-03-17,59101.3127,mwmed
electricity_generation_by_source,"Electricity generation, total (SIN)",energy_water,ons_open_data,daily,2019-03-18,71041.0035,mwmed
electricity_generation_by_source,"Electricity generation, total (SIN)",energy_water,ons_open_data,daily,2019-03-19,73079.5762,mwmed
electricity_generation_by_source,"Electricity generation, total (SIN)",energy_water,ons_open_data,daily,2019-03-20,71890.5163,mwmed
electricity_generation_by_source,"Electricity generation, total (SIN)",energy_water,ons_open_data,daily,2019-03-21,68197.5114,mwmed
electricity_generation_by_source,"Electricity generation, total (SIN)",energy_water,ons_open_data,daily,2019-03-22,66446.2065,mwmed
electricity_generation_by_source,"Electricity generation, total (SIN)",energy_water,ons_open_data,daily,2019-03-23,61401.5438,mwmed
electricity_generation_by_source,"Electricity generation, total (SIN)",energy_water,ons_open_data,daily,2019-03-24,57081.6452,mwmed
electricity_generation_by_source,"Electricity generation, total (SIN)",energy_water,ons_open_data,daily,2019-03-25,67988.5479,mwmed
electricity_generation_by_source,"Electricity generation, total (SIN)",energy_water,ons_open_data,daily,2019-03-26,69670.0174,mwmed
electricity_generation_by_source,"Electricity generation, total (SIN)",energy_water,ons_open_data,daily,2019-03-27,69180.3967,mwmed
electricity_generation_by_source,"Electricity generation, total (SIN)",energy_water,ons_open_data,daily,2019-03-28,68382.5833,mwmed
electricity_generation_by_source,"Electricity generation, total (SIN)",energy_water,ons_open_data,daily,2019-03-29,67273.4585,mwmed
electricity_generation_by_source,"Electricity generation, total (SIN)",energy_water,ons_open_data,daily,2019-03-30,61809.1382,mwmed
electricity_generation_by_source,"Electricity generation, total (SIN)",energy_water,ons_open_data,daily,2019-03-31,56566.0973,mwmed
electricity_generation_by_source,"Electricity generation, total (SIN)",energy_water,ons_open_data,daily,2019-04-01,67331.3773,mwmed
electricity_generation_by_source,"Electricity generation, total (SIN)",energy_water,ons_open_data,daily,2019-04-02,69298.6282,mwmed
electricity_generation_by_source,"Electricity generation, total (SIN)",energy_water,ons_open_data,daily,2019-04-03,70592.5492,mwmed
electricity_generation_by_source,"Electricity generation, total (SIN)",energy_water,ons_open_data,daily,2019-04-04,71589.4528,mwmed
electricity_generation_by_source,"Electricity generation, total (SIN)",energy_water,ons_open_data,daily,2019-04-05,71857.0280,mwmed
electricity_generation_by_source,"Electricity generation, total (SIN)",energy_water,ons_open_data,daily,2019-04-06,64617.9448,mwmed
electricity_generation_by_source,"Electricity generation, total (SIN)",energy_water,ons_open_data,daily,2019-04-07,57991.0151,mwmed
electricity_generation_by_source,"Electricity generation, total (SIN)",energy_water,ons_open_data,daily,2019-04-08,67683.9856,mwmed
electricity_generation_by_source,"Electricity generation, total (SIN)",energy_water,ons_open_data,daily,2019-04-09,67493.8020,mwmed
electricity_generation_by_source,"Electricity generation, total (SIN)",energy_water,ons_open_data,daily,2019-04-10,67298.5501,mwmed
electricity_generation_by_source,"Electricity generation, total (SIN)",energy_water,ons_open_data,daily,2019-04-11,67521.3442,mwmed
electricity_generation_by_source,"Electricity generation, total (SIN)",energy_water,ons_open_data,daily,2019-04-12,67971.3950,mwmed
electricity_generation_by_source,"Electricity generation, total (SIN)",energy_water,ons_open_data,daily,2019-04-13,62799.1208,mwmed
electricity_generation_by_source,"Electricity generation, total (SIN)",energy_water,ons_open_data,daily,2019-04-14,57067.3051,mwmed
electricity_generation_by_source,"Electricity generation, total (SIN)",energy_water,ons_open_data,daily,2019-04-15,67805.8907,mwmed
electricity_generation_by_source,"Electricity generation, total (SIN)",energy_water,ons_open_data,daily,2019-04-16,68736.6817,mwmed
electricity_generation_by_source,"Electricity generation, total (SIN)",energy_water,ons_open_data,daily,2019-04-17,68273.6779,mwmed
electricity_generation_by_source,"Electricity generation, total (SIN)",energy_water,ons_open_data,daily,2019-04-18,66880.9694,mwmed
electricity_generation_by_source,"Electricity generation, total (SIN)",energy_water,ons_open_data,daily,2019-04-19,55944.3159,mwmed
electricity_generation_by_source,"Electricity generation, total (SIN)",energy_water,ons_open_data,daily,2019-04-20,57623.0842,mwmed
electricity_generation_by_source,"Electricity generation, total (SIN)",energy_water,ons_open_data,daily,2019-04-21,54471.9314,mwmed
electricity_generation_by_source,"Electricity generation, total (SIN)",energy_water,ons_open_data,daily,2019-04-22,66201.8750,mwmed
electricity_generation_by_source,"Electricity generation, total (SIN)",energy_water,ons_open_data,daily,2019-04-23,67308.1562,mwmed
electricity_generation_by_source,"Electricity generation, total (SIN)",energy_water,ons_open_data,daily,2019-04-24,68427.1570,mwmed
electricity_generation_by_source,"Electricity generation, total (SIN)",energy_water,ons_open_data,daily,2019-04-25,69139.9990,mwmed
electricity_generation_by_source,"Electricity generation, total (SIN)",energy_water,ons_open_data,daily,2019-04-26,69239.7832,mwmed
electricity_generation_by_source,"Electricity generation, total (SIN)",energy_water,ons_open_data,daily,2019-04-27,62955.0438,mwmed
electricity_generation_by_source,"Electricity generation, total (SIN)",energy_water,ons_open_data,daily,2019-04-28,56653.6941,mwmed
electricity_generation_by_source,"Electricity generation, total (SIN)",energy_water,ons_open_data,daily,2019-04-29,65946.4037,mwmed
electricity_generation_by_source,"Electricity generation, total (SIN)",energy_water,ons_open_data,daily,2019-04-30,66504.8900,mwmed
electricity_generation_by_source,"Electricity generation, total (SIN)",energy_water,ons_open_data,daily,2019-05-01,57450.3267,mwmed
electricity_generation_by_source,"Electricity generation, total (SIN)",energy_water,ons_open_data,daily,2019-05-02,65749.7154,mwmed
electricity_generation_by_source,"Electricity generation, total (SIN)",energy_water,ons_open_data,daily,2019-05-03,67171.8760,mwmed
electricity_generation_by_source,"Electricity generation, total (SIN)",energy_water,ons_open_data,daily,2019-05-04,61362.3953,mwmed
electricity_generation_by_source,"Electricity generation, total (SIN)",energy_water,ons_open_data,daily,2019-05-05,56464.1693,mwmed
electricity_generation_by_source,"Electricity generation, total (SIN)",energy_water,ons_open_data,daily,2019-05-06,67517.8006,mwmed
electricity_generation_by_source,"Electricity generation, total (SIN)",energy_water,ons_open_data,daily,2019-05-07,67823.5583,mwmed
electricity_generation_by_source,"Electricity generation, total (SIN)",energy_water,ons_open_data,daily,2019-05-08,66641.0953,mwmed
electricity_generation_by_source,"Electricity generation, total (SIN)",energy_water,ons_open_data,daily,2019-05-09,66013.7662,mwmed
electricity_generation_by_source,"Electricity generation, total (SIN)",energy_water,ons_open_data,daily,2019-05-10,66327.8280,mwmed
electricity_generation_by_source,"Electricity generation, total (SIN)",energy_water,ons_open_data,daily,2019-05-11,61218.4766,mwmed
electricity_generation_by_source,"Electricity generation, total (SIN)",energy_water,ons_open_data,daily,2019-05-12,55113.0169,mwmed
electricity_generation_by_source,"Electricity generation, total (SIN)",energy_water,ons_open_data,daily,2019-05-13,65757.9656,mwmed
electricity_generation_by_source,"Electricity generation, total (SIN)",energy_water,ons_open_data,daily,2019-05-14,66740.2877,mwmed
electricity_generation_by_source,"Electricity generation, total (SIN)",energy_water,ons_open_data,daily,2019-05-15,64882.9680,mwmed
electricity_generation_by_source,"Electricity generation, total (SIN)",energy_water,ons_open_data,daily,2019-05-16,64200.9550,mwmed
electricity_generation_by_source,"Electricity generation, total (SIN)",energy_water,ons_open_data,daily,2019-05-17,63217.7264,mwmed
electricity_generation_by_source,"Electricity generation, total (SIN)",energy_water,ons_open_data,daily,2019-05-18,57218.8297,mwmed
electricity_generation_by_source,"Electricity generation, total (SIN)",energy_water,ons_open_data,daily,2019-05-19,52096.3536,mwmed
electricity_generation_by_source,"Electricity generation, total (SIN)",energy_water,ons_open_data,daily,2019-05-20,61907.5529,mwmed
electricity_generation_by_source,"Electricity generation, total (SIN)",energy_water,ons_open_data,daily,2019-05-21,63924.7358,mwmed
electricity_generation_by_source,"Electricity generation, total (SIN)",energy_water,ons_open_data,daily,2019-05-22,64638.9984,mwmed
electricity_generation_by_source,"Electricity generation, total (SIN)",energy_water,ons_open_data,daily,2019-05-23,64860.4717,mwmed
electricity_generation_by_source,"Electricity generation, total (SIN)",energy_water,ons_open_data,daily,2019-05-24,64691.2442,mwmed
electricity_generation_by_source,"Electricity generation, total (SIN)",energy_water,ons_open_data,daily,2019-05-25,58114.6644,mwmed
electricity_generation_by_source,"Electricity generation, total (SIN)",energy_water,ons_open_data,daily,2019-05-26,52325.2200,mwmed
electricity_generation_by_source,"Electricity generation, total (SIN)",energy_water,ons_open_data,daily,2019-05-27,62261.4096,mwmed
electricity_generation_by_source,"Electricity generation, total (SIN)",energy_water,ons_open_data,daily,2019-05-28,64399.6937,mwmed
electricity_generation_by_source,"Electricity generation, total (SIN)",energy_water,ons_open_data,daily,2019-05-29,65138.2817,mwmed
electricity_generation_by_source,"Electricity generation, total (SIN)",energy_water,ons_open_data,daily,2019-05-30,65704.8290,mwmed
electricity_generation_by_source,"Electricity generation, total (SIN)",energy_water,ons_open_data,daily,2019-05-31,65659.9763,mwmed
electricity_generation_by_source,"Electricity generation, total (SIN)",energy_water,ons_open_data,daily,2019-06-01,60414.1078,mwmed
electricity_generation_by_source,"Electricity generation, total (SIN)",energy_water,ons_open_data,daily,2019-06-02,53902.0082,mwmed
electricity_generation_by_source,"Electricity generation, total (SIN)",energy_water,ons_open_data,daily,2019-06-03,63459.8910,mwmed
electricity_generation_by_source,"Electricity generation, total (SIN)",energy_water,ons_open_data,daily,2019-06-04,63901.9805,mwmed
electricity_generation_by_source,"Electricity generation, total (SIN)",energy_water,ons_open_data,daily,2019-06-05,62558.4816,mwmed
electricity_generation_by_source,"Electricity generation, total (SIN)",energy_water,ons_open_data,daily,2019-06-06,62507.6941,mwmed
electricity_generation_by_source,"Electricity generation, total (SIN)",energy_water,ons_open_data,daily,2019-06-07,62736.8771,mwmed
electricity_generation_by_source,"Electricity generation, total (SIN)",energy_water,ons_open_data,daily,2019-06-08,57628.7585,mwmed
electricity_generation_by_source,"Electricity generation, total (SIN)",energy_water,ons_open_data,daily,2019-06-09,51964.5825,mwmed
electricity_generation_by_source,"Electricity generation, total (SIN)",energy_water,ons_open_data,daily,2019-06-10,61925.3319,mwmed
electricity_generation_by_source,"Electricity generation, total (SIN)",energy_water,ons_open_data,daily,2019-06-11,63804.3833,mwmed
electricity_generation_by_source,"Electricity generation, total (SIN)",energy_water,ons_open_data,daily,2019-06-12,64221.7597,mwmed
electricity_generation_by_source,"Electricity generation, total (SIN)",energy_water,ons_open_data,daily,2019-06-13,64072.5458,mwmed
electricity_generation_by_source,"Electricity generation, total (SIN)",energy_water,ons_open_data,daily,2019-06-14,64775.6364,mwmed
electricity_generation_by_source,"Electricity generation, total (SIN)",energy_water,ons_open_data,daily,2019-06-15,59647.7785,mwmed
electricity_generation_by_source,"Electricity generation, total (SIN)",energy_water,ons_open_data,daily,2019-06-16,53196.2366,mwmed
electricity_generation_by_source,"Electricity generation, total (SIN)",energy_water,ons_open_data,daily,2019-06-17,62297.1513,mwmed
electricity_generation_by_source,"Electricity generation, total (SIN)",energy_water,ons_open_data,daily,2019-06-18,63504.0161,mwmed
electricity_generation_by_source,"Electricity generation, total (SIN)",energy_water,ons_open_data,daily,2019-06-19,63525.4935,mwmed
electricity_generation_by_source,"Electricity generation, total (SIN)",energy_water,ons_open_data,daily,2019-06-20,56944.5500,mwmed
electricity_generation_by_source,"Electricity generation, total (SIN)",energy_water,ons_open_data,daily,2019-06-21,59663.2223,mwmed
electricity_generation_by_source,"Electricity generation, total (SIN)",energy_water,ons_open_data,daily,2019-06-22,56019.7183,mwmed
electricity_generation_by_source,"Electricity generation, total (SIN)",energy_water,ons_open_data,daily,2019-06-23,51273.9940,mwmed
electricity_generation_by_source,"Electricity generation, total (SIN)",energy_water,ons_open_data,daily,2019-06-24,60271.9622,mwmed
electricity_generation_by_source,"Electricity generation, total (SIN)",energy_water,ons_open_data,daily,2019-06-25,63246.2823,mwmed
electricity_generation_by_source,"Electricity generation, total (SIN)",energy_water,ons_open_data,daily,2019-06-26,63926.9002,mwmed
electricity_generation_by_source,"Electricity generation, total (SIN)",energy_water,ons_open_data,daily,2019-06-27,64237.3126,mwmed
electricity_generation_by_source,"Electricity generation, total (SIN)",energy_water,ons_open_data,daily,2019-06-28,64047.5404,mwmed
electricity_generation_by_source,"Electricity generation, total (SIN)",energy_water,ons_open_data,daily,2019-06-29,58572.1397,mwmed
electricity_generation_by_source,"Electricity generation, total (SIN)",energy_water,ons_open_data,daily,2019-06-30,52681.6229,mwmed
electricity_generation_by_source,"Electricity generation, total (SIN)",energy_water,ons_open_data,daily,2019-07-01,62147.3423,mwmed
electricity_generation_by_source,"Electricity generation, total (SIN)",energy_water,ons_open_data,daily,2019-07-02,63574.9869,mwmed
electricity_generation_by_source,"Electricity generation, total (SIN)",energy_water,ons_open_data,daily,2019-07-03,64202.7940,mwmed
electricity_generation_by_source,"Electricity generation, total (SIN)",energy_water,ons_open_data,daily,2019-07-04,64150.5959,mwmed
electricity_generation_by_source,"Electricity generation, total (SIN)",energy_water,ons_open_data,daily,2019-07-05,63791.4080,mwmed
electricity_generation_by_source,"Electricity generation, total (SIN)",energy_water,ons_open_data,daily,2019-07-06,56689.7349,mwmed
electricity_generation_by_source,"Electricity generation, total (SIN)",energy_water,ons_open_data,daily,2019-07-07,50455.6955,mwmed
electricity_generation_by_source,"Electricity generation, total (SIN)",energy_water,ons_open_data,daily,2019-07-08,57627.5889,mwmed
electricity_generation_by_source,"Electricity generation, total (SIN)",energy_water,ons_open_data,daily,2019-07-09,58244.6965,mwmed
electricity_generation_by_source,"Electricity generation, total (SIN)",energy_water,ons_open_data,daily,2019-07-10,60187.5258,mwmed
electricity_generation_by_source,"Electricity generation, total (SIN)",energy_water,ons_open_data,daily,2019-07-11,60622.2333,mwmed
electricity_generation_by_source,"Electricity generation, total (SIN)",energy_water,ons_open_data,daily,2019-07-12,60757.8430,mwmed
electricity_generation_by_source,"Electricity generation, total (SIN)",energy_water,ons_open_data,daily,2019-07-13,55857.9008,mwmed
electricity_generation_by_source,"Electricity generation, total (SIN)",energy_water,ons_open_data,daily,2019-07-14,51086.1348,mwmed
electricity_generation_by_source,"Electricity generation, total (SIN)",energy_water,ons_open_data,daily,2019-07-15,60655.1579,mwmed
electricity_generation_by_source,"Electricity generation, total (SIN)",energy_water,ons_open_data,daily,2019-07-16,61882.1004,mwmed
electricity_generation_by_source,"Electricity generation, total (SIN)",energy_water,ons_open_data,daily,2019-07-17,61496.2842,mwmed
electricity_generation_by_source,"Electricity generation, total (SIN)",energy_water,ons_open_data,daily,2019-07-18,61265.4186,mwmed
electricity_generation_by_source,"Electricity generation, total (SIN)",energy_water,ons_open_data,daily,2019-07-19,61194.7811,mwmed
electricity_generation_by_source,"Electricity generation, total (SIN)",energy_water,ons_open_data,daily,2019-07-20,55616.2628,mwmed
electricity_generation_by_source,"Electricity generation, total (SIN)",energy_water,ons_open_data,daily,2019-07-21,50261.9374,mwmed
electricity_generation_by_source,"Electricity generation, total (SIN)",energy_water,ons_open_data,daily,2019-07-22,59823.7199,mwmed
electricity_generation_by_source,"Electricity generation, total (SIN)",energy_water,ons_open_data,daily,2019-07-23,61919.7813,mwmed
electricity_generation_by_source,"Electricity generation, total (SIN)",energy_water,ons_open_data,daily,2019-07-24,62443.5526,mwmed
electricity_generation_by_source,"Electricity generation, total (SIN)",energy_water,ons_open_data,daily,2019-07-25,62429.7238,mwmed
electricity_generation_by_source,"Electricity generation, total (SIN)",energy_water,ons_open_data,daily,2019-07-26,62013.9559,mwmed
electricity_generation_by_source,"Electricity generation, total (SIN)",energy_water,ons_open_data,daily,2019-07-27,56748.5503,mwmed
electricity_generation_by_source,"Electricity generation, total (SIN)",energy_water,ons_open_data,daily,2019-07-28,51093.0897,mwmed
electricity_generation_by_source,"Electricity generation, total (SIN)",energy_water,ons_open_data,daily,2019-07-29,60513.2438,mwmed
electricity_generation_by_source,"Electricity generation, total (SIN)",energy_water,ons_open_data,daily,2019-07-30,62334.1242,mwmed
electricity_generation_by_source,"Electricity generation, total (SIN)",energy_water,ons_open_data,daily,2019-07-31,62520.6992,mwmed
electricity_generation_by_source,"Electricity generation, total (SIN)",energy_water,ons_open_data,daily,2019-08-01,62805.0533,mwmed
electricity_generation_by_source,"Electricity generation, total (SIN)",energy_water,ons_open_data,daily,2019-08-02,63257.3075,mwmed
electricity_generation_by_source,"Electricity generation, total (SIN)",energy_water,ons_open_data,daily,2019-08-03,56438.4943,mwmed
electricity_generation_by_source,"Electricity generation, total (SIN)",energy_water,ons_open_data,daily,2019-08-04,50404.5820,mwmed
electricity_generation_by_source,"Electricity generation, total (SIN)",energy_water,ons_open_data,daily,2019-08-05,59313.1471,mwmed
electricity_generation_by_source,"Electricity generation, total (SIN)",energy_water,ons_open_data,daily,2019-08-06,60952.6978,mwmed
electricity_generation_by_source,"Electricity generation, total (SIN)",energy_water,ons_open_data,daily,2019-08-07,61664.5232,mwmed
electricity_generation_by_source,"Electricity generation, total (SIN)",energy_water,ons_open_data,daily,2019-08-08,62783.4193,mwmed
electricity_generation_by_source,"Electricity generation, total (SIN)",energy_water,ons_open_data,daily,2019-08-09,63317.9738,mwmed
electricity_generation_by_source,"Electricity generation, total (SIN)",energy_water,ons_open_data,daily,2019-08-10,58292.3163,mwmed
electricity_generation_by_source,"Electricity generation, total (SIN)",energy_water,ons_open_data,daily,2019-08-11,52565.9492,mwmed
electricity_generation_by_source,"Electricity generation, total (SIN)",energy_water,ons_open_data,daily,2019-08-12,63123.1672,mwmed
electricity_generation_by_source,"Electricity generation, total (SIN)",energy_water,ons_open_data,daily,2019-08-13,64217.3639,mwmed
electricity_generation_by_source,"Electricity generation, total (SIN)",energy_water,ons_open_data,daily,2019-08-14,62881.4200,mwmed
electricity_generation_by_source,"Electricity generation, total (SIN)",energy_water,ons_open_data,daily,2019-08-15,61508.3867,mwmed
electricity_generation_by_source,"Electricity generation, total (SIN)",energy_water,ons_open_data,daily,2019-08-16,61714.9188,mwmed
electricity_generation_by_source,"Electricity generation, total (SIN)",energy_water,ons_open_data,daily,2019-08-17,56686.4975,mwmed
electricity_generation_by_source,"Electricity generation, total (SIN)",energy_water,ons_open_data,daily,2019-08-18,52188.1227,mwmed
electricity_generation_by_source,"Electricity generation, total (SIN)",energy_water,ons_open_data,daily,2019-08-19,62053.9439,mwmed
electricity_generation_by_source,"Electricity generation, total (SIN)",energy_water,ons_open_data,daily,2019-08-20,63415.9030,mwmed
electricity_generation_by_source,"Electricity generation, total (SIN)",energy_water,ons_open_data,daily,2019-08-21,63255.7792,mwmed
electricity_generation_by_source,"Electricity generation, total (SIN)",energy_water,ons_open_data,daily,2019-08-22,63085.2038,mwmed
electricity_generation_by_source,"Electricity generation, total (SIN)",energy_water,ons_open_data,daily,2019-08-23,62765.7170,mwmed
electricity_generation_by_source,"Electricity generation, total (SIN)",energy_water,ons_open_data,daily,2019-08-24,56869.5414,mwmed
electricity_generation_by_source,"Electricity generation, total (SIN)",energy_water,ons_open_data,daily,2019-08-25,51144.8182,mwmed
electricity_generation_by_source,"Electricity generation, total (SIN)",energy_water,ons_open_data,daily,2019-08-26,60816.5268,mwmed
electricity_generation_by_source,"Electricity generation, total (SIN)",energy_water,ons_open_data,daily,2019-08-27,62743.0605,mwmed
electricity_generation_by_source,"Electricity generation, total (SIN)",energy_water,ons_open_data,daily,2019-08-28,62734.7095,mwmed
electricity_generation_by_source,"Electricity generation, total (SIN)",energy_water,ons_open_data,daily,2019-08-29,63206.0586,mwmed
electricity_generation_by_source,"Electricity generation, total (SIN)",energy_water,ons_open_data,daily,2019-08-30,64035.2767,mwmed
electricity_generation_by_source,"Electricity generation, total (SIN)",energy_water,ons_open_data,daily,2019-08-31,59167.1880,mwmed
electricity_generation_by_source,"Electricity generation, total (SIN)",energy_water,ons_open_data,daily,2019-09-01,53269.5726,mwmed
electricity_generation_by_source,"Electricity generation, total (SIN)",energy_water,ons_open_data,daily,2019-09-02,62924.0408,mwmed
electricity_generation_by_source,"Electricity generation, total (SIN)",energy_water,ons_open_data,daily,2019-09-03,64887.0688,mwmed
electricity_generation_by_source,"Electricity generation, total (SIN)",energy_water,ons_open_data,daily,2019-09-04,64817.4925,mwmed
electricity_generation_by_source,"Electricity generation, total (SIN)",energy_water,ons_open_data,daily,2019-09-05,64207.0444,mwmed
electricity_generation_by_source,"Electricity generation, total (SIN)",energy_water,ons_open_data,daily,2019-09-06,63104.3492,mwmed
electricity_generation_by_source,"Electricity generation, total (SIN)",energy_water,ons_open_data,daily,2019-09-07,54901.8392,mwmed
electricity_generation_by_source,"Electricity generation, total (SIN)",energy_water,ons_open_data,daily,2019-09-08,53303.5099,mwmed
electricity_generation_by_source,"Electricity generation, total (SIN)",energy_water,ons_open_data,daily,2019-09-09,65112.1894,mwmed
electricity_generation_by_source,"Electricity generation, total (SIN)",energy_water,ons_open_data,daily,2019-09-10,68012.7353,mwmed
electricity_generation_by_source,"Electricity generation, total (SIN)",energy_water,ons_open_data,daily,2019-09-11,69075.2203,mwmed
electricity_generation_by_source,"Electricity generation, total (SIN)",energy_water,ons_open_data,daily,2019-09-12,69746.0801,mwmed
electricity_generation_by_source,"Electricity generation, total (SIN)",energy_water,ons_open_data,daily,2019-09-13,67775.2470,mwmed
electricity_generation_by_source,"Electricity generation, total (SIN)",energy_water,ons_open_data,daily,2019-09-14,61489.8634,mwmed
electricity_generation_by_source,"Electricity generation, total (SIN)",energy_water,ons_open_data,daily,2019-09-15,56370.7725,mwmed
electricity_generation_by_source,"Electricity generation, total (SIN)",energy_water,ons_open_data,daily,2019-09-16,67723.8406,mwmed
electricity_generation_by_source,"Electricity generation, total (SIN)",energy_water,ons_open_data,daily,2019-09-17,69491.9682,mwmed
electricity_generation_by_source,"Electricity generation, total (SIN)",energy_water,ons_open_data,daily,2019-09-18,69699.8286,mwmed
electricity_generation_by_source,"Electricity generation, total (SIN)",energy_water,ons_open_data,daily,2019-09-19,69090.3415,mwmed
electricity_generation_by_source,"Electricity generation, total (SIN)",energy_water,ons_open_data,daily,2019-09-20,68098.2466,mwmed
electricity_generation_by_source,"Electricity generation, total (SIN)",energy_water,ons_open_data,daily,2019-09-21,61535.1193,mwmed
electricity_generation_by_source,"Electricity generation, total (SIN)",energy_water,ons_open_data,daily,2019-09-22,54761.7468,mwmed
electricity_generation_by_source,"Electricity generation, total (SIN)",energy_water,ons_open_data,daily,2019-09-23,63075.4470,mwmed
electricity_generation_by_source,"Electricity generation, total (SIN)",energy_water,ons_open_data,daily,2019-09-24,64582.0574,mwmed
electricity_generation_by_source,"Electricity generation, total (SIN)",energy_water,ons_open_data,daily,2019-09-25,64773.9322,mwmed
electricity_generation_by_source,"Electricity generation, total (SIN)",energy_water,ons_open_data,daily,2019-09-26,64111.3587,mwmed
electricity_generation_by_source,"Electricity generation, total (SIN)",energy_water,ons_open_data,daily,2019-09-27,63606.7558,mwmed
electricity_generation_by_source,"Electricity generation, total (SIN)",energy_water,ons_open_data,daily,2019-09-28,57688.2376,mwmed
electricity_generation_by_source,"Electricity generation, total (SIN)",energy_water,ons_open_data,daily,2019-09-29,52156.8654,mwmed
electricity_generation_by_source,"Electricity generation, total (SIN)",energy_water,ons_open_data,daily,2019-09-30,62772.6499,mwmed
electricity_generation_by_source,"Electricity generation, total (SIN)",energy_water,ons_open_data,daily,2019-10-01,66614.6845,mwmed
electricity_generation_by_source,"Electricity generation, total (SIN)",energy_water,ons_open_data,daily,2019-10-02,68216.4025,mwmed
electricity_generation_by_source,"Electricity generation, total (SIN)",energy_water,ons_open_data,daily,2019-10-03,67631.0410,mwmed
electricity_generation_by_source,"Electricity generation, total (SIN)",energy_water,ons_open_data,daily,2019-10-04,67233.0092,mwmed
electricity_generation_by_source,"Electricity generation, total (SIN)",energy_water,ons_open_data,daily,2019-10-05,61952.4865,mwmed
electricity_generation_by_source,"Electricity generation, total (SIN)",energy_water,ons_open_data,daily,2019-10-06,54974.6689,mwmed
electricity_generation_by_source,"Electricity generation, total (SIN)",energy_water,ons_open_data,daily,2019-10-07,64059.9105,mwmed
electricity_generation_by_source,"Electricity generation, total (SIN)",energy_water,ons_open_data,daily,2019-10-08,65230.4179,mwmed
electricity_generation_by_source,"Electricity generation, total (SIN)",energy_water,ons_open_data,daily,2019-10-09,65572.5005,mwmed
electricity_generation_by_source,"Electricity generation, total (SIN)",energy_water,ons_open_data,daily,2019-10-10,66327.3796,mwmed
electricity_generation_by_source,"Electricity generation, total (SIN)",energy_water,ons_open_data,daily,2019-10-11,67365.9770,mwmed
electricity_generation_by_source,"Electricity generation, total (SIN)",energy_water,ons_open_data,daily,2019-10-12,59385.7745,mwmed
electricity_generation_by_source,"Electricity generation, total (SIN)",energy_water,ons_open_data,daily,2019-10-13,57807.0683,mwmed
electricity_generation_by_source,"Electricity generation, total (SIN)",energy_water,ons_open_data,daily,2019-10-14,68271.3355,mwmed
electricity_generation_by_source,"Electricity generation, total (SIN)",energy_water,ons_open_data,daily,2019-10-15,68287.9625,mwmed
electricity_generation_by_source,"Electricity generation, total (SIN)",energy_water,ons_open_data,daily,2019-10-16,68641.6433,mwmed
electricity_generation_by_source,"Electricity generation, total (SIN)",energy_water,ons_open_data,daily,2019-10-17,69747.9696,mwmed
electricity_generation_by_source,"Electricity generation, total (SIN)",energy_water,ons_open_data,daily,2019-10-18,69865.7774,mwmed
electricity_generation_by_source,"Electricity generation, total (SIN)",energy_water,ons_open_data,daily,2019-10-19,63289.1609,mwmed
electricity_generation_by_source,"Electricity generation, total (SIN)",energy_water,ons_open_data,daily,2019-10-20,54794.9600,mwmed
electricity_generation_by_source,"Electricity generation, total (SIN)",energy_water,ons_open_data,daily,2019-10-21,64035.9182,mwmed
electricity_generation_by_source,"Electricity generation, total (SIN)",energy_water,ons_open_data,daily,2019-10-22,65548.4922,mwmed
electricity_generation_by_source,"Electricity generation, total (SIN)",energy_water,ons_open_data,daily,2019-10-23,65906.0925,mwmed
electricity_generation_by_source,"Electricity generation, total (SIN)",energy_water,ons_open_data,daily,2019-10-24,66871.3081,mwmed
electricity_generation_by_source,"Electricity generation, total (SIN)",energy_water,ons_open_data,daily,2019-10-25,68476.7236,mwmed
electricity_generation_by_source,"Electricity generation, total (SIN)",energy_water,ons_open_data,daily,2019-10-26,62807.5586,mwmed
electricity_generation_by_source,"Electricity generation, total (SIN)",energy_water,ons_open_data,daily,2019-10-27,57580.5422,mwmed
electricity_generation_by_source,"Electricity generation, total (SIN)",energy_water,ons_open_data,daily,2019-10-28,67856.4151,mwmed
electricity_generation_by_source,"Electricity generation, total (SIN)",energy_water,ons_open_data,daily,2019-10-29,71061.6848,mwmed
electricity_generation_by_source,"Electricity generation, total (SIN)",energy_water,ons_open_data,daily,2019-10-30,71844.8098,mwmed
electricity_generation_by_source,"Electricity generation, total (SIN)",energy_water,ons_open_data,daily,2019-10-31,70863.8704,mwmed
electricity_generation_by_source,"Electricity generation, total (SIN)",energy_water,ons_open_data,daily,2019-11-01,68884.6620,mwmed
electricity_generation_by_source,"Electricity generation, total (SIN)",energy_water,ons_open_data,daily,2019-11-02,59259.3116,mwmed
electricity_generation_by_source,"Electricity generation, total (SIN)",energy_water,ons_open_data,daily,2019-11-03,57231.7004,mwmed
electricity_generation_by_source,"Electricity generation, total (SIN)",energy_water,ons_open_data,daily,2019-11-04,70162.8555,mwmed
electricity_generation_by_source,"Electricity generation, total (SIN)",energy_water,ons_open_data,daily,2019-11-05,71759.4835,mwmed
electricity_generation_by_source,"Electricity generation, total (SIN)",energy_water,ons_open_data,daily,2019-11-06,69637.8440,mwmed
electricity_generation_by_source,"Electricity generation, total (SIN)",energy_water,ons_open_data,daily,2019-11-07,68711.3858,mwmed
electricity_generation_by_source,"Electricity generation, total (SIN)",energy_water,ons_open_data,daily,2019-11-08,68811.5183,mwmed
electricity_generation_by_source,"Electricity generation, total (SIN)",energy_water,ons_open_data,daily,2019-11-09,63407.1173,mwmed
electricity_generation_by_source,"Electricity generation, total (SIN)",energy_water,ons_open_data,daily,2019-11-10,57769.2451,mwmed
electricity_generation_by_source,"Electricity generation, total (SIN)",energy_water,ons_open_data,daily,2019-11-11,68000.9298,mwmed
electricity_generation_by_source,"Electricity generation, total (SIN)",energy_water,ons_open_data,daily,2019-11-12,68579.8619,mwmed
electricity_generation_by_source,"Electricity generation, total (SIN)",energy_water,ons_open_data,daily,2019-11-13,68861.8761,mwmed
electricity_generation_by_source,"Electricity generation, total (SIN)",energy_water,ons_open_data,daily,2019-11-14,67921.1376,mwmed
electricity_generation_by_source,"Electricity generation, total (SIN)",energy_water,ons_open_data,daily,2019-11-15,59404.2585,mwmed
electricity_generation_by_source,"Electricity generation, total (SIN)",energy_water,ons_open_data,daily,2019-11-16,57920.6304,mwmed
electricity_generation_by_source,"Electricity generation, total (SIN)",energy_water,ons_open_data,daily,2019-11-17,54300.7056,mwmed
electricity_generation_by_source,"Electricity generation, total (SIN)",energy_water,ons_open_data,daily,2019-11-18,64938.4225,mwmed
electricity_generation_by_source,"Electricity generation, total (SIN)",energy_water,ons_open_data,daily,2019-11-19,67369.0069,mwmed
electricity_generation_by_source,"Electricity generation, total (SIN)",energy_water,ons_open_data,daily,2019-11-20,66155.7183,mwmed
electricity_generation_by_source,"Electricity generation, total (SIN)",energy_water,ons_open_data,daily,2019-11-21,68936.9511,mwmed
electricity_generation_by_source,"Electricity generation, total (SIN)",energy_water,ons_open_data,daily,2019-11-22,69616.6820,mwmed
electricity_generation_by_source,"Electricity generation, total (SIN)",energy_water,ons_open_data,daily,2019-11-23,63885.4550,mwmed
electricity_generation_by_source,"Electricity generation, total (SIN)",energy_water,ons_open_data,daily,2019-11-24,55469.1319,mwmed
electricity_generation_by_source,"Electricity generation, total (SIN)",energy_water,ons_open_data,daily,2019-11-25,65088.5584,mwmed
electricity_generation_by_source,"Electricity generation, total (SIN)",energy_water,ons_open_data,daily,2019-11-26,67540.4035,mwmed
electricity_generation_by_source,"Electricity generation, total (SIN)",energy_water,ons_open_data,daily,2019-11-27,68204.2451,mwmed
electricity_generation_by_source,"Electricity generation, total (SIN)",energy_water,ons_open_data,daily,2019-11-28,67381.3903,mwmed
electricity_generation_by_source,"Electricity generation, total (SIN)",energy_water,ons_open_data,daily,2019-11-29,66665.8187,mwmed
electricity_generation_by_source,"Electricity generation, total (SIN)",energy_water,ons_open_data,daily,2019-11-30,62615.2329,mwmed
electricity_generation_by_source,"Electricity generation, total (SIN)",energy_water,ons_open_data,daily,2019-12-01,57428.2403,mwmed
electricity_generation_by_source,"Electricity generation, total (SIN)",energy_water,ons_open_data,daily,2019-12-02,66493.5918,mwmed
electricity_generation_by_source,"Electricity generation, total (SIN)",energy_water,ons_open_data,daily,2019-12-03,66953.3183,mwmed
electricity_generation_by_source,"Electricity generation, total (SIN)",energy_water,ons_open_data,daily,2019-12-04,68268.8589,mwmed
electricity_generation_by_source,"Electricity generation, total (SIN)",energy_water,ons_open_data,daily,2019-12-05,69344.0057,mwmed
electricity_generation_by_source,"Electricity generation, total (SIN)",energy_water,ons_open_data,daily,2019-12-06,68134.8261,mwmed
electricity_generation_by_source,"Electricity generation, total (SIN)",energy_water,ons_open_data,daily,2019-12-07,62629.1808,mwmed
electricity_generation_by_source,"Electricity generation, total (SIN)",energy_water,ons_open_data,daily,2019-12-08,56920.2243,mwmed
electricity_generation_by_source,"Electricity generation, total (SIN)",energy_water,ons_open_data,daily,2019-12-09,67696.8593,mwmed
electricity_generation_by_source,"Electricity generation, total (SIN)",energy_water,ons_open_data,daily,2019-12-10,69276.0212,mwmed
electricity_generation_by_source,"Electricity generation, total (SIN)",energy_water,ons_open_data,daily,2019-12-11,69793.3543,mwmed
electricity_generation_by_source,"Electricity generation, total (SIN)",energy_water,ons_open_data,daily,2019-12-12,70210.7219,mwmed
electricity_generation_by_source,"Electricity generation, total (SIN)",energy_water,ons_open_data,daily,2019-12-13,69830.6444,mwmed
electricity_generation_by_source,"Electricity generation, total (SIN)",energy_water,ons_open_data,daily,2019-12-14,63933.3346,mwmed
electricity_generation_by_source,"Electricity generation, total (SIN)",energy_water,ons_open_data,daily,2019-12-15,59086.7003,mwmed
electricity_generation_by_source,"Electricity generation, total (SIN)",energy_water,ons_open_data,daily,2019-12-16,69797.6466,mwmed
electricity_generation_by_source,"Electricity generation, total (SIN)",energy_water,ons_open_data,daily,2019-12-17,70791.1223,mwmed
electricity_generation_by_source,"Electricity generation, total (SIN)",energy_water,ons_open_data,daily,2019-12-18,69299.3630,mwmed
electricity_generation_by_source,"Electricity generation, total (SIN)",energy_water,ons_open_data,daily,2019-12-19,68411.9884,mwmed
electricity_generation_by_source,"Electricity generation, total (SIN)",energy_water,ons_open_data,daily,2019-12-20,68165.8128,mwmed
electricity_generation_by_source,"Electricity generation, total (SIN)",energy_water,ons_open_data,daily,2019-12-21,63848.9294,mwmed
electricity_generation_by_source,"Electricity generation, total (SIN)",energy_water,ons_open_data,daily,2019-12-22,59068.5215,mwmed
electricity_generation_by_source,"Electricity generation, total (SIN)",energy_water,ons_open_data,daily,2019-12-23,63235.5877,mwmed
electricity_generation_by_source,"Electricity generation, total (SIN)",energy_water,ons_open_data,daily,2019-12-24,59641.8845,mwmed
electricity_generation_by_source,"Electricity generation, total (SIN)",energy_water,ons_open_data,daily,2019-12-25,54175.6184,mwmed
electricity_generation_by_source,"Electricity generation, total (SIN)",energy_water,ons_open_data,daily,2019-12-26,64936.1084,mwmed
electricity_generation_by_source,"Electricity generation, total (SIN)",energy_water,ons_open_data,daily,2019-12-27,67284.4045,mwmed
electricity_generation_by_source,"Electricity generation, total (SIN)",energy_water,ons_open_data,daily,2019-12-28,64883.6521,mwmed
electricity_generation_by_source,"Electricity generation, total (SIN)",energy_water,ons_open_data,daily,2019-12-29,61036.9023,mwmed
electricity_generation_by_source,"Electricity generation, total (SIN)",energy_water,ons_open_data,daily,2019-12-30,65443.5424,mwmed
electricity_generation_by_source,"Electricity generation, total (SIN)",energy_water,ons_open_data,daily,2019-12-31,61934.9229,mwmed
electricity_generation_by_source,"Electricity generation, total (SIN)",energy_water,ons_open_data,daily,2020-01-01,57111.6616,mwmed
electricity_generation_by_source,"Electricity generation, total (SIN)",energy_water,ons_open_data,daily,2020-01-02,65110.2384,mwmed
electricity_generation_by_source,"Electricity generation, total (SIN)",energy_water,ons_open_data,daily,2020-01-03,65088.7298,mwmed
electricity_generation_by_source,"Electricity generation, total (SIN)",energy_water,ons_open_data,daily,2020-01-04,61301.2336,mwmed
electricity_generation_by_source,"Electricity generation, total (SIN)",energy_water,ons_open_data,daily,2020-01-05,57472.5125,mwmed
electricity_generation_by_source,"Electricity generation, total (SIN)",energy_water,ons_open_data,daily,2020-01-06,67728.5439,mwmed
electricity_generation_by_source,"Electricity generation, total (SIN)",energy_water,ons_open_data,daily,2020-01-07,71394.7782,mwmed
electricity_generation_by_source,"Electricity generation, total (SIN)",energy_water,ons_open_data,daily,2020-01-08,71893.0391,mwmed
electricity_generation_by_source,"Electricity generation, total (SIN)",energy_water,ons_open_data,daily,2020-01-09,73078.6075,mwmed
electricity_generation_by_source,"Electricity generation, total (SIN)",energy_water,ons_open_data,daily,2020-01-10,73819.8742,mwmed
electricity_generation_by_source,"Electricity generation, total (SIN)",energy_water,ons_open_data,daily,2020-01-11,67669.5297,mwmed
electricity_generation_by_source,"Electricity generation, total (SIN)",energy_water,ons_open_data,daily,2020-01-12,62012.9990,mwmed
electricity_generation_by_source,"Electricity generation, total (SIN)",energy_water,ons_open_data,daily,2020-01-13,71521.0082,mwmed
electricity_generation_by_source,"Electricity generation, total (SIN)",energy_water,ons_open_data,daily,2020-01-14,72703.3103,mwmed
electricity_generation_by_source,"Electricity generation, total (SIN)",energy_water,ons_open_data,daily,2020-01-15,74319.2255,mwmed
electricity_generation_by_source,"Electricity generation, total (SIN)",energy_water,ons_open_data,daily,2020-01-16,75696.6989,mwmed
electricity_generation_by_source,"Electricity generation, total (SIN)",energy_water,ons_open_data,daily,2020-01-17,71773.3800,mwmed
electricity_generation_by_source,"Electricity generation, total (SIN)",energy_water,ons_open_data,daily,2020-01-18,64159.3680,mwmed
electricity_generation_by_source,"Electricity generation, total (SIN)",energy_water,ons_open_data,daily,2020-01-19,59308.4244,mwmed
electricity_generation_by_source,"Electricity generation, total (SIN)",energy_water,ons_open_data,daily,2020-01-20,70278.3382,mwmed
electricity_generation_by_source,"Electricity generation, total (SIN)",energy_water,ons_open_data,daily,2020-01-21,71963.7396,mwmed
electricity_generation_by_source,"Electricity generation, total (SIN)",energy_water,ons_open_data,daily,2020-01-22,70556.6240,mwmed
electricity_generation_by_source,"Electricity generation, total (SIN)",energy_water,ons_open_data,daily,2020-01-23,69089.6975,mwmed
electricity_generation_by_source,"Electricity generation, total (SIN)",energy_water,ons_open_data,daily,2020-01-24,68387.6716,mwmed
electricity_generation_by_source,"Electricity generation, total (SIN)",energy_water,ons_open_data,daily,2020-01-25,63440.9687,mwmed
electricity_generation_by_source,"Electricity generation, total (SIN)",energy_water,ons_open_data,daily,2020-01-26,59289.5157,mwmed
electricity_generation_by_source,"Electricity generation, total (SIN)",energy_water,ons_open_data,daily,2020-01-27,71444.3018,mwmed
electricity_generation_by_source,"Electricity generation, total (SIN)",energy_water,ons_open_data,daily,2020-01-28,73471.8823,mwmed
electricity_generation_by_source,"Electricity generation, total (SIN)",energy_water,ons_open_data,daily,2020-01-29,74121.2637,mwmed
electricity_generation_by_source,"Electricity generation, total (SIN)",energy_water,ons_open_data,daily,2020-01-30,74309.5467,mwmed
electricity_generation_by_source,"Electricity generation, total (SIN)",energy_water,ons_open_data,daily,2020-01-31,74279.0608,mwmed
electricity_generation_by_source,"Electricity generation, total (SIN)",energy_water,ons_open_data,daily,2020-02-01,68172.5548,mwmed
electricity_generation_by_source,"Electricity generation, total (SIN)",energy_water,ons_open_data,daily,2020-02-02,61633.3052,mwmed
electricity_generation_by_source,"Electricity generation, total (SIN)",energy_water,ons_open_data,daily,2020-02-03,71781.1365,mwmed
electricity_generation_by_source,"Electricity generation, total (SIN)",energy_water,ons_open_data,daily,2020-02-04,72633.5472,mwmed
electricity_generation_by_source,"Electricity generation, total (SIN)",energy_water,ons_open_data,daily,2020-02-05,72744.9695,mwmed
electricity_generation_by_source,"Electricity generation, total (SIN)",energy_water,ons_open_data,daily,2020-02-06,72507.0846,mwmed
electricity_generation_by_source,"Electricity generation, total (SIN)",energy_water,ons_open_data,daily,2020-02-07,72257.4062,mwmed
electricity_generation_by_source,"Electricity generation, total (SIN)",energy_water,ons_open_data,daily,2020-02-08,66760.1081,mwmed
electricity_generation_by_source,"Electricity generation, total (SIN)",energy_water,ons_open_data,daily,2020-02-09,61032.6395,mwmed
electricity_generation_by_source,"Electricity generation, total (SIN)",energy_water,ons_open_data,daily,2020-02-10,70367.3325,mwmed
electricity_generation_by_source,"Electricity generation, total (SIN)",energy_water,ons_open_data,daily,2020-02-11,69756.3445,mwmed
electricity_generation_by_source,"Electricity generation, total (SIN)",energy_water,ons_open_data,daily,2020-02-12,69512.8670,mwmed
electricity_generation_by_source,"Electricity generation, total (SIN)",energy_water,ons_open_data,daily,2020-02-13,70268.9681,mwmed
electricity_generation_by_source,"Electricity generation, total (SIN)",energy_water,ons_open_data,daily,2020-02-14,71412.4100,mwmed
electricity_generation_by_source,"Electricity generation, total (SIN)",energy_water,ons_open_data,daily,2020-02-15,67571.5188,mwmed
electricity_generation_by_source,"Electricity generation, total (SIN)",energy_water,ons_open_data,daily,2020-02-16,62774.1397,mwmed
electricity_generation_by_source,"Electricity generation, total (SIN)",energy_water,ons_open_data,daily,2020-02-17,74732.1947,mwmed
electricity_generation_by_source,"Electricity generation, total (SIN)",energy_water,ons_open_data,daily,2020-02-18,76814.6765,mwmed
electricity_generation_by_source,"Electricity generation, total (SIN)",energy_water,ons_open_data,daily,2020-02-19,76171.9816,mwmed
electricity_generation_by_source,"Electricity generation, total (SIN)",energy_water,ons_open_data,daily,2020-02-20,75593.0175,mwmed
electricity_generation_by_source,"Electricity generation, total (SIN)",energy_water,ons_open_data,daily,2020-02-21,73022.0019,mwmed
electricity_generation_by_source,"Electricity generation, total (SIN)",energy_water,ons_open_data,daily,2020-02-22,63735.1215,mwmed
electricity_generation_by_source,"Electricity generation, total (SIN)",energy_water,ons_open_data,daily,2020-02-23,56487.8357,mwmed
electricity_generation_by_source,"Electricity generation, total (SIN)",energy_water,ons_open_data,daily,2020-02-24,62076.7237,mwmed
electricity_generation_by_source,"Electricity generation, total (SIN)",energy_water,ons_open_data,daily,2020-02-25,63500.3968,mwmed
electricity_generation_by_source,"Electricity generation, total (SIN)",energy_water,ons_open_data,daily,2020-02-26,68960.9415,mwmed
electricity_generation_by_source,"Electricity generation, total (SIN)",energy_water,ons_open_data,daily,2020-02-27,70054.1922,mwmed
electricity_generation_by_source,"Electricity generation, total (SIN)",energy_water,ons_open_data,daily,2020-02-28,69216.5258,mwmed
electricity_generation_by_source,"Electricity generation, total (SIN)",energy_water,ons_open_data,daily,2020-02-29,63551.4436,mwmed
electricity_generation_by_source,"Electricity generation, total (SIN)",energy_water,ons_open_data,daily,2020-03-01,57345.0165,mwmed
electricity_generation_by_source,"Electricity generation, total (SIN)",energy_water,ons_open_data,daily,2020-03-02,67144.9077,mwmed
electricity_generation_by_source,"Electricity generation, total (SIN)",energy_water,ons_open_data,daily,2020-03-03,68886.9670,mwmed
electricity_generation_by_source,"Electricity generation, total (SIN)",energy_water,ons_open_data,daily,2020-03-04,69914.9584,mwmed
electricity_generation_by_source,"Electricity generation, total (SIN)",energy_water,ons_open_data,daily,2020-03-05,70632.5954,mwmed
electricity_generation_by_source,"Electricity generation, total (SIN)",energy_water,ons_open_data,daily,2020-03-06,69945.1855,mwmed
electricity_generation_by_source,"Electricity generation, total (SIN)",energy_water,ons_open_data,daily,2020-03-07,63912.2164,mwmed
electricity_generation_by_source,"Electricity generation, total (SIN)",energy_water,ons_open_data,daily,2020-03-08,58454.5179,mwmed
electricity_generation_by_source,"Electricity generation, total (SIN)",energy_water,ons_open_data,daily,2020-03-09,70361.9390,mwmed
electricity_generation_by_source,"Electricity generation, total (SIN)",energy_water,ons_open_data,daily,2020-03-10,72997.1655,mwmed
electricity_generation_by_source,"Electricity generation, total (SIN)",energy_water,ons_open_data,daily,2020-03-11,73495.5656,mwmed
electricity_generation_by_source,"Electricity generation, total (SIN)",energy_water,ons_open_data,daily,2020-03-12,73772.0710,mwmed
electricity_generation_by_source,"Electricity generation, total (SIN)",energy_water,ons_open_data,daily,2020-03-13,74353.0205,mwmed
electricity_generation_by_source,"Electricity generation, total (SIN)",energy_water,ons_open_data,daily,2020-03-14,67801.0201,mwmed
electricity_generation_by_source,"Electricity generation, total (SIN)",energy_water,ons_open_data,daily,2020-03-15,62153.9124,mwmed
electricity_generation_by_source,"Electricity generation, total (SIN)",energy_water,ons_open_data,daily,2020-03-16,72574.1024,mwmed
electricity_generation_by_source,"Electricity generation, total (SIN)",energy_water,ons_open_data,daily,2020-03-17,73305.0076,mwmed
electricity_generation_by_source,"Electricity generation, total (SIN)",energy_water,ons_open_data,daily,2020-03-18,73157.1471,mwmed
electricity_generation_by_source,"Electricity generation, total (SIN)",energy_water,ons_open_data,daily,2020-03-19,71630.1405,mwmed
electricity_generation_by_source,"Electricity generation, total (SIN)",energy_water,ons_open_data,daily,2020-03-20,69718.2736,mwmed
electricity_generation_by_source,"Electricity generation, total (SIN)",energy_water,ons_open_data,daily,2020-03-21,62172.6340,mwmed
electricity_generation_by_source,"Electricity generation, total (SIN)",energy_water,ons_open_data,daily,2020-03-22,56673.3851,mwmed
electricity_generation_by_source,"Electricity generation, total (SIN)",energy_water,ons_open_data,daily,2020-03-23,62885.0283,mwmed
electricity_generation_by_source,"Electricity generation, total (SIN)",energy_water,ons_open_data,daily,2020-03-24,62120.7962,mwmed
electricity_generation_by_source,"Electricity generation, total (SIN)",energy_water,ons_open_data,daily,2020-03-25,61676.4211,mwmed
electricity_generation_by_source,"Electricity generation, total (SIN)",energy_water,ons_open_data,daily,2020-03-26,61582.4384,mwmed
electricity_generation_by_source,"Electricity generation, total (SIN)",energy_water,ons_open_data,daily,2020-03-27,61379.3966,mwmed
electricity_generation_by_source,"Electricity generation, total (SIN)",energy_water,ons_open_data,daily,2020-03-28,58935.3923,mwmed
electricity_generation_by_source,"Electricity generation, total (SIN)",energy_water,ons_open_data,daily,2020-03-29,55748.9274,mwmed
electricity_generation_by_source,"Electricity generation, total (SIN)",energy_water,ons_open_data,daily,2020-03-30,61869.4056,mwmed
electricity_generation_by_source,"Electricity generation, total (SIN)",energy_water,ons_open_data,daily,2020-03-31,62858.0712,mwmed
electricity_generation_by_source,"Electricity generation, total (SIN)",energy_water,ons_open_data,daily,2020-04-01,62598.2821,mwmed
electricity_generation_by_source,"Electricity generation, total (SIN)",energy_water,ons_open_data,daily,2020-04-02,62946.2560,mwmed
electricity_generation_by_source,"Electricity generation, total (SIN)",energy_water,ons_open_data,daily,2020-04-03,62041.4370,mwmed
electricity_generation_by_source,"Electricity generation, total (SIN)",energy_water,ons_open_data,daily,2020-04-04,57102.8039,mwmed
electricity_generation_by_source,"Electricity generation, total (SIN)",energy_water,ons_open_data,daily,2020-04-05,53966.8958,mwmed
electricity_generation_by_source,"Electricity generation, total (SIN)",energy_water,ons_open_data,daily,2020-04-06,61188.2056,mwmed
electricity_generation_by_source,"Electricity generation, total (SIN)",energy_water,ons_open_data,daily,2020-04-07,61028.2068,mwmed
electricity_generation_by_source,"Electricity generation, total (SIN)",energy_water,ons_open_data,daily,2020-04-08,59743.1295,mwmed
electricity_generation_by_source,"Electricity generation, total (SIN)",energy_water,ons_open_data,daily,2020-04-09,58222.8295,mwmed
electricity_generation_by_source,"Electricity generation, total (SIN)",energy_water,ons_open_data,daily,2020-04-10,51272.9952,mwmed
electricity_generation_by_source,"Electricity generation, total (SIN)",energy_water,ons_open_data,daily,2020-04-11,52534.8183,mwmed
electricity_generation_by_source,"Electricity generation, total (SIN)",energy_water,ons_open_data,daily,2020-04-12,50109.7050,mwmed
electricity_generation_by_source,"Electricity generation, total (SIN)",energy_water,ons_open_data,daily,2020-04-13,57706.8620,mwmed
electricity_generation_by_source,"Electricity generation, total (SIN)",energy_water,ons_open_data,daily,2020-04-14,58647.8757,mwmed
electricity_generation_by_source,"Electricity generation, total (SIN)",energy_water,ons_open_data,daily,2020-04-15,58840.5916,mwmed
electricity_generation_by_source,"Electricity generation, total (SIN)",energy_water,ons_open_data,daily,2020-04-16,57787.8218,mwmed
electricity_generation_by_source,"Electricity generation, total (SIN)",energy_water,ons_open_data,daily,2020-04-17,57643.1184,mwmed
electricity_generation_by_source,"Electricity generation, total (SIN)",energy_water,ons_open_data,daily,2020-04-18,53861.6459,mwmed
electricity_generation_by_source,"Electricity generation, total (SIN)",energy_water,ons_open_data,daily,2020-04-19,49834.8955,mwmed
electricity_generation_by_source,"Electricity generation, total (SIN)",energy_water,ons_open_data,daily,2020-04-20,55189.2534,mwmed
electricity_generation_by_source,"Electricity generation, total (SIN)",energy_water,ons_open_data,daily,2020-04-21,54541.1645,mwmed
electricity_generation_by_source,"Electricity generation, total (SIN)",energy_water,ons_open_data,daily,2020-04-22,58494.8531,mwmed
electricity_generation_by_source,"Electricity generation, total (SIN)",energy_water,ons_open_data,daily,2020-04-23,58948.2653,mwmed
electricity_generation_by_source,"Electricity generation, total (SIN)",energy_water,ons_open_data,daily,2020-04-24,58928.0739,mwmed
electricity_generation_by_source,"Electricity generation, total (SIN)",energy_water,ons_open_data,daily,2020-04-25,54880.0253,mwmed
electricity_generation_by_source,"Electricity generation, total (SIN)",energy_water,ons_open_data,daily,2020-04-26,51215.6820,mwmed
electricity_generation_by_source,"Electricity generation, total (SIN)",energy_water,ons_open_data,daily,2020-04-27,58072.9262,mwmed
electricity_generation_by_source,"Electricity generation, total (SIN)",energy_water,ons_open_data,daily,2020-04-28,59149.5340,mwmed
electricity_generation_by_source,"Electricity generation, total (SIN)",energy_water,ons_open_data,daily,2020-04-29,59825.8865,mwmed
electricity_generation_by_source,"Electricity generation, total (SIN)",energy_water,ons_open_data,daily,2020-04-30,59632.7945,mwmed
electricity_generation_by_source,"Electricity generation, total (SIN)",energy_water,ons_open_data,daily,2020-05-01,53873.3780,mwmed
electricity_generation_by_source,"Electricity generation, total (SIN)",energy_water,ons_open_data,daily,2020-05-02,53225.8869,mwmed
electricity_generation_by_source,"Electricity generation, total (SIN)",energy_water,ons_open_data,daily,2020-05-03,49925.7637,mwmed
electricity_generation_by_source,"Electricity generation, total (SIN)",energy_water,ons_open_data,daily,2020-05-04,57235.7705,mwmed
electricity_generation_by_source,"Electricity generation, total (SIN)",energy_water,ons_open_data,daily,2020-05-05,59168.3923,mwmed
electricity_generation_by_source,"Electricity generation, total (SIN)",energy_water,ons_open_data,daily,2020-05-06,59704.9499,mwmed
electricity_generation_by_source,"Electricity generation, total (SIN)",energy_water,ons_open_data,daily,2020-05-07,58530.1294,mwmed
electricity_generation_by_source,"Electricity generation, total (SIN)",energy_water,ons_open_data,daily,2020-05-08,57712.1007,mwmed
electricity_generation_by_source,"Electricity generation, total (SIN)",energy_water,ons_open_data,daily,2020-05-09,53432.2568,mwmed
electricity_generation_by_source,"Electricity generation, total (SIN)",energy_water,ons_open_data,daily,2020-05-10,48604.7539,mwmed
electricity_generation_by_source,"Electricity generation, total (SIN)",energy_water,ons_open_data,daily,2020-05-11,57030.2053,mwmed
electricity_generation_by_source,"Electricity generation, total (SIN)",energy_water,ons_open_data,daily,2020-05-12,59013.6115,mwmed
electricity_generation_by_source,"Electricity generation, total (SIN)",energy_water,ons_open_data,daily,2020-05-13,59948.9745,mwmed
electricity_generation_by_source,"Electricity generation, total (SIN)",energy_water,ons_open_data,daily,2020-05-14,59519.9865,mwmed
electricity_generation_by_source,"Electricity generation, total (SIN)",energy_water,ons_open_data,daily,2020-05-15,58582.0612,mwmed
electricity_generation_by_source,"Electricity generation, total (SIN)",energy_water,ons_open_data,daily,2020-05-16,53770.4258,mwmed
electricity_generation_by_source,"Electricity generation, total (SIN)",energy_water,ons_open_data,daily,2020-05-17,49492.3350,mwmed
electricity_generation_by_source,"Electricity generation, total (SIN)",energy_water,ons_open_data,daily,2020-05-18,56985.4230,mwmed
electricity_generation_by_source,"Electricity generation, total (SIN)",energy_water,ons_open_data,daily,2020-05-19,58555.7866,mwmed
electricity_generation_by_source,"Electricity generation, total (SIN)",energy_water,ons_open_data,daily,2020-05-20,59270.0021,mwmed
electricity_generation_by_source,"Electricity generation, total (SIN)",energy_water,ons_open_data,daily,2020-05-21,59638.2218,mwmed
electricity_generation_by_source,"Electricity generation, total (SIN)",energy_water,ons_open_data,daily,2020-05-22,59553.0913,mwmed
electricity_generation_by_source,"Electricity generation, total (SIN)",energy_water,ons_open_data,daily,2020-05-23,55750.4078,mwmed
electricity_generation_by_source,"Electricity generation, total (SIN)",energy_water,ons_open_data,daily,2020-05-24,50515.5830,mwmed
electricity_generation_by_source,"Electricity generation, total (SIN)",energy_water,ons_open_data,daily,2020-05-25,55289.6060,mwmed
electricity_generation_by_source,"Electricity generation, total (SIN)",energy_water,ons_open_data,daily,2020-05-26,57026.8726,mwmed
electricity_generation_by_source,"Electricity generation, total (SIN)",energy_water,ons_open_data,daily,2020-05-27,57445.4540,mwmed
electricity_generation_by_source,"Electricity generation, total (SIN)",energy_water,ons_open_data,daily,2020-05-28,57497.2314,mwmed
electricity_generation_by_source,"Electricity generation, total (SIN)",energy_water,ons_open_data,daily,2020-05-29,56988.7071,mwmed
electricity_generation_by_source,"Electricity generation, total (SIN)",energy_water,ons_open_data,daily,2020-05-30,52981.0935,mwmed
electricity_generation_by_source,"Electricity generation, total (SIN)",energy_water,ons_open_data,daily,2020-05-31,48841.6769,mwmed
electricity_generation_by_source,"Electricity generation, total (SIN)",energy_water,ons_open_data,daily,2020-06-01,56824.2504,mwmed
electricity_generation_by_source,"Electricity generation, total (SIN)",energy_water,ons_open_data,daily,2020-06-02,58985.9203,mwmed
electricity_generation_by_source,"Electricity generation, total (SIN)",energy_water,ons_open_data,daily,2020-06-03,59703.3666,mwmed
electricity_generation_by_source,"Electricity generation, total (SIN)",energy_water,ons_open_data,daily,2020-06-04,60364.5255,mwmed
electricity_generation_by_source,"Electricity generation, total (SIN)",energy_water,ons_open_data,daily,2020-06-05,59836.6364,mwmed
electricity_generation_by_source,"Electricity generation, total (SIN)",energy_water,ons_open_data,daily,2020-06-06,55264.5045,mwmed
electricity_generation_by_source,"Electricity generation, total (SIN)",energy_water,ons_open_data,daily,2020-06-07,50342.8199,mwmed
electricity_generation_by_source,"Electricity generation, total (SIN)",energy_water,ons_open_data,daily,2020-06-08,58871.5218,mwmed
electricity_generation_by_source,"Electricity generation, total (SIN)",energy_water,ons_open_data,daily,2020-06-09,60762.3686,mwmed
electricity_generation_by_source,"Electricity generation, total (SIN)",energy_water,ons_open_data,daily,2020-06-10,60965.7202,mwmed
electricity_generation_by_source,"Electricity generation, total (SIN)",energy_water,ons_open_data,daily,2020-06-11,56660.3297,mwmed
electricity_generation_by_source,"Electricity generation, total (SIN)",energy_water,ons_open_data,daily,2020-06-12,58077.1821,mwmed
electricity_generation_by_source,"Electricity generation, total (SIN)",energy_water,ons_open_data,daily,2020-06-13,54916.1528,mwmed
electricity_generation_by_source,"Electricity generation, total (SIN)",energy_water,ons_open_data,daily,2020-06-14,50117.3165,mwmed
electricity_generation_by_source,"Electricity generation, total (SIN)",energy_water,ons_open_data,daily,2020-06-15,57305.7352,mwmed
electricity_generation_by_source,"Electricity generation, total (SIN)",energy_water,ons_open_data,daily,2020-06-16,58552.5109,mwmed
electricity_generation_by_source,"Electricity generation, total (SIN)",energy_water,ons_open_data,daily,2020-06-17,58625.0035,mwmed
electricity_generation_by_source,"Electricity generation, total (SIN)",energy_water,ons_open_data,daily,2020-06-18,58564.9695,mwmed
electricity_generation_by_source,"Electricity generation, total (SIN)",energy_water,ons_open_data,daily,2020-06-19,59042.3786,mwmed
electricity_generation_by_source,"Electricity generation, total (SIN)",energy_water,ons_open_data,daily,2020-06-20,55612.0538,mwmed
electricity_generation_by_source,"Electricity generation, total (SIN)",energy_water,ons_open_data,daily,2020-06-21,50970.9196,mwmed
electricity_generation_by_source,"Electricity generation, total (SIN)",energy_water,ons_open_data,daily,2020-06-22,59408.2094,mwmed
electricity_generation_by_source,"Electricity generation, total (SIN)",energy_water,ons_open_data,daily,2020-06-23,60097.4945,mwmed
electricity_generation_by_source,"Electricity generation, total (SIN)",energy_water,ons_open_data,daily,2020-06-24,59953.1257,mwmed
electricity_generation_by_source,"Electricity generation, total (SIN)",energy_water,ons_open_data,daily,2020-06-25,60896.3118,mwmed
electricity_generation_by_source,"Electricity generation, total (SIN)",energy_water,ons_open_data,daily,2020-06-26,60708.4317,mwmed
electricity_generation_by_source,"Electricity generation, total (SIN)",energy_water,ons_open_data,daily,2020-06-27,56397.6771,mwmed
electricity_generation_by_source,"Electricity generation, total (SIN)",energy_water,ons_open_data,daily,2020-06-28,51030.0442,mwmed
electricity_generation_by_source,"Electricity generation, total (SIN)",energy_water,ons_open_data,daily,2020-06-29,58915.7733,mwmed
electricity_generation_by_source,"Electricity generation, total (SIN)",energy_water,ons_open_data,daily,2020-06-30,58945.1140,mwmed
electricity_generation_by_source,"Electricity generation, total (SIN)",energy_water,ons_open_data,daily,2020-07-01,59131.5402,mwmed
electricity_generation_by_source,"Electricity generation, total (SIN)",energy_water,ons_open_data,daily,2020-07-02,60605.3010,mwmed
electricity_generation_by_source,"Electricity generation, total (SIN)",energy_water,ons_open_data,daily,2020-07-03,59649.4640,mwmed
electricity_generation_by_source,"Electricity generation, total (SIN)",energy_water,ons_open_data,daily,2020-07-04,54918.8895,mwmed
electricity_generation_by_source,"Electricity generation, total (SIN)",energy_water,ons_open_data,daily,2020-07-05,50620.1091,mwmed
electricity_generation_by_source,"Electricity generation, total (SIN)",energy_water,ons_open_data,daily,2020-07-06,59327.3940,mwmed
electricity_generation_by_source,"Electricity generation, total (SIN)",energy_water,ons_open_data,daily,2020-07-07,61049.3794,mwmed
electricity_generation_by_source,"Electricity generation, total (SIN)",energy_water,ons_open_data,daily,2020-07-08,61235.4515,mwmed
electricity_generation_by_source,"Electricity generation, total (SIN)",energy_water,ons_open_data,daily,2020-07-09,60923.2495,mwmed
electricity_generation_by_source,"Electricity generation, total (SIN)",energy_water,ons_open_data,daily,2020-07-10,59931.9682,mwmed
electricity_generation_by_source,"Electricity generation, total (SIN)",energy_water,ons_open_data,daily,2020-07-11,55827.3309,mwmed
electricity_generation_by_source,"Electricity generation, total (SIN)",energy_water,ons_open_data,daily,2020-07-12,51469.6383,mwmed
electricity_generation_by_source,"Electricity generation, total (SIN)",energy_water,ons_open_data,daily,2020-07-13,60483.2632,mwmed
electricity_generation_by_source,"Electricity generation, total (SIN)",energy_water,ons_open_data,daily,2020-07-14,61811.4730,mwmed
electricity_generation_by_source,"Electricity generation, total (SIN)",energy_water,ons_open_data,daily,2020-07-15,61418.8107,mwmed
electricity_generation_by_source,"Electricity generation, total (SIN)",energy_water,ons_open_data,daily,2020-07-16,61124.3559,mwmed
electricity_generation_by_source,"Electricity generation, total (SIN)",energy_water,ons_open_data,daily,2020-07-17,60871.1997,mwmed
electricity_generation_by_source,"Electricity generation, total (SIN)",energy_water,ons_open_data,daily,2020-07-18,56422.2466,mwmed
electricity_generation_by_source,"Electricity generation, total (SIN)",energy_water,ons_open_data,daily,2020-07-19,50976.0030,mwmed
electricity_generation_by_source,"Electricity generation, total (SIN)",energy_water,ons_open_data,daily,2020-07-20,59392.2367,mwmed
electricity_generation_by_source,"Electricity generation, total (SIN)",energy_water,ons_open_data,daily,2020-07-21,61215.7894,mwmed
electricity_generation_by_source,"Electricity generation, total (SIN)",energy_water,ons_open_data,daily,2020-07-22,61532.0398,mwmed
electricity_generation_by_source,"Electricity generation, total (SIN)",energy_water,ons_open_data,daily,2020-07-23,61974.9386,mwmed
electricity_generation_by_source,"Electricity generation, total (SIN)",energy_water,ons_open_data,daily,2020-07-24,62252.5039,mwmed
electricity_generation_by_source,"Electricity generation, total (SIN)",energy_water,ons_open_data,daily,2020-07-25,58075.7976,mwmed
electricity_generation_by_source,"Electricity generation, total (SIN)",energy_water,ons_open_data,daily,2020-07-26,52438.7284,mwmed
electricity_generation_by_source,"Electricity generation, total (SIN)",energy_water,ons_open_data,daily,2020-07-27,61424.0157,mwmed
electricity_generation_by_source,"Electricity generation, total (SIN)",energy_water,ons_open_data,daily,2020-07-28,64064.0443,mwmed
electricity_generation_by_source,"Electricity generation, total (SIN)",energy_water,ons_open_data,daily,2020-07-29,64224.3057,mwmed
electricity_generation_by_source,"Electricity generation, total (SIN)",energy_water,ons_open_data,daily,2020-07-30,63553.3572,mwmed
electricity_generation_by_source,"Electricity generation, total (SIN)",energy_water,ons_open_data,daily,2020-07-31,63071.2451,mwmed
electricity_generation_by_source,"Electricity generation, total (SIN)",energy_water,ons_open_data,daily,2020-08-01,56563.6727,mwmed
electricity_generation_by_source,"Electricity generation, total (SIN)",energy_water,ons_open_data,daily,2020-08-02,51240.4295,mwmed
electricity_generation_by_source,"Electricity generation, total (SIN)",energy_water,ons_open_data,daily,2020-08-03,59829.1310,mwmed
electricity_generation_by_source,"Electricity generation, total (SIN)",energy_water,ons_open_data,daily,2020-08-04,61397.6180,mwmed
electricity_generation_by_source,"Electricity generation, total (SIN)",energy_water,ons_open_data,daily,2020-08-05,61648.5154,mwmed
electricity_generation_by_source,"Electricity generation, total (SIN)",energy_water,ons_open_data,daily,2020-08-06,61842.6550,mwmed
electricity_generation_by_source,"Electricity generation, total (SIN)",energy_water,ons_open_data,daily,2020-08-07,62154.8025,mwmed
electricity_generation_by_source,"Electricity generation, total (SIN)",energy_water,ons_open_data,daily,2020-08-08,57656.9387,mwmed
electricity_generation_by_source,"Electricity generation, total (SIN)",energy_water,ons_open_data,daily,2020-08-09,51979.1943,mwmed
electricity_generation_by_source,"Electricity generation, total (SIN)",energy_water,ons_open_data,daily,2020-08-10,61505.4039,mwmed
electricity_generation_by_source,"Electricity generation, total (SIN)",energy_water,ons_open_data,daily,2020-08-11,63745.4900,mwmed
electricity_generation_by_source,"Electricity generation, total (SIN)",energy_water,ons_open_data,daily,2020-08-12,64573.2708,mwmed
electricity_generation_by_source,"Electricity generation, total (SIN)",energy_water,ons_open_data,daily,2020-08-13,64652.8713,mwmed
electricity_generation_by_source,"Electricity generation, total (SIN)",energy_water,ons_open_data,daily,2020-08-14,64910.2780,mwmed
electricity_generation_by_source,"Electricity generation, total (SIN)",energy_water,ons_open_data,daily,2020-08-15,59645.6323,mwmed
electricity_generation_by_source,"Electricity generation, total (SIN)",energy_water,ons_open_data,daily,2020-08-16,54136.7688,mwmed
electricity_generation_by_source,"Electricity generation, total (SIN)",energy_water,ons_open_data,daily,2020-08-17,63071.6719,mwmed
electricity_generation_by_source,"Electricity generation, total (SIN)",energy_water,ons_open_data,daily,2020-08-18,65378.6634,mwmed
electricity_generation_by_source,"Electricity generation, total (SIN)",energy_water,ons_open_data,daily,2020-08-19,66310.4962,mwmed
electricity_generation_by_source,"Electricity generation, total (SIN)",energy_water,ons_open_data,daily,2020-08-20,65784.4380,mwmed
electricity_generation_by_source,"Electricity generation, total (SIN)",energy_water,ons_open_data,daily,2020-08-21,63903.7555,mwmed
electricity_generation_by_source,"Electricity generation, total (SIN)",energy_water,ons_open_data,daily,2020-08-22,57836.4804,mwmed
electricity_generation_by_source,"Electricity generation, total (SIN)",energy_water,ons_open_data,daily,2020-08-23,51376.2329,mwmed
electricity_generation_by_source,"Electricity generation, total (SIN)",energy_water,ons_open_data,daily,2020-08-24,60251.4406,mwmed
electricity_generation_by_source,"Electricity generation, total (SIN)",energy_water,ons_open_data,daily,2020-08-25,61945.4266,mwmed
electricity_generation_by_source,"Electricity generation, total (SIN)",energy_water,ons_open_data,daily,2020-08-26,62589.1154,mwmed
electricity_generation_by_source,"Electricity generation, total (SIN)",energy_water,ons_open_data,daily,2020-08-27,63585.0466,mwmed
electricity_generation_by_source,"Electricity generation, total (SIN)",energy_water,ons_open_data,daily,2020-08-28,64270.2028,mwmed
electricity_generation_by_source,"Electricity generation, total (SIN)",energy_water,ons_open_data,daily,2020-08-29,60208.3755,mwmed
electricity_generation_by_source,"Electricity generation, total (SIN)",energy_water,ons_open_data,daily,2020-08-30,55391.1195,mwmed
electricity_generation_by_source,"Electricity generation, total (SIN)",energy_water,ons_open_data,daily,2020-08-31,64723.5691,mwmed
electricity_generation_by_source,"Electricity generation, total (SIN)",energy_water,ons_open_data,daily,2020-09-01,65610.2708,mwmed
electricity_generation_by_source,"Electricity generation, total (SIN)",energy_water,ons_open_data,daily,2020-09-02,65990.8154,mwmed
electricity_generation_by_source,"Electricity generation, total (SIN)",energy_water,ons_open_data,daily,2020-09-03,66342.0900,mwmed
electricity_generation_by_source,"Electricity generation, total (SIN)",energy_water,ons_open_data,daily,2020-09-04,66844.0485,mwmed
electricity_generation_by_source,"Electricity generation, total (SIN)",energy_water,ons_open_data,daily,2020-09-05,61278.3857,mwmed
electricity_generation_by_source,"Electricity generation, total (SIN)",energy_water,ons_open_data,daily,2020-09-06,55440.2302,mwmed
electricity_generation_by_source,"Electricity generation, total (SIN)",energy_water,ons_open_data,daily,2020-09-07,58162.2111,mwmed
electricity_generation_by_source,"Electricity generation, total (SIN)",energy_water,ons_open_data,daily,2020-09-08,65925.0973,mwmed
electricity_generation_by_source,"Electricity generation, total (SIN)",energy_water,ons_open_data,daily,2020-09-09,67893.7644,mwmed
electricity_generation_by_source,"Electricity generation, total (SIN)",energy_water,ons_open_data,daily,2020-09-10,68960.6664,mwmed
electricity_generation_by_source,"Electricity generation, total (SIN)",energy_water,ons_open_data,daily,2020-09-11,68248.8436,mwmed
electricity_generation_by_source,"Electricity generation, total (SIN)",energy_water,ons_open_data,daily,2020-09-12,63677.3531,mwmed
electricity_generation_by_source,"Electricity generation, total (SIN)",energy_water,ons_open_data,daily,2020-09-13,58222.9744,mwmed
electricity_generation_by_source,"Electricity generation, total (SIN)",energy_water,ons_open_data,daily,2020-09-14,67854.4507,mwmed
electricity_generation_by_source,"Electricity generation, total (SIN)",energy_water,ons_open_data,daily,2020-09-15,67621.6601,mwmed
electricity_generation_by_source,"Electricity generation, total (SIN)",energy_water,ons_open_data,daily,2020-09-16,68148.6081,mwmed
electricity_generation_by_source,"Electricity generation, total (SIN)",energy_water,ons_open_data,daily,2020-09-17,68985.4466,mwmed
electricity_generation_by_source,"Electricity generation, total (SIN)",energy_water,ons_open_data,daily,2020-09-18,68927.5499,mwmed
electricity_generation_by_source,"Electricity generation, total (SIN)",energy_water,ons_open_data,daily,2020-09-19,64165.1460,mwmed
electricity_generation_by_source,"Electricity generation, total (SIN)",energy_water,ons_open_data,daily,2020-09-20,57226.2724,mwmed
electricity_generation_by_source,"Electricity generation, total (SIN)",energy_water,ons_open_data,daily,2020-09-21,65077.7471,mwmed
electricity_generation_by_source,"Electricity generation, total (SIN)",energy_water,ons_open_data,daily,2020-09-22,65367.0636,mwmed
electricity_generation_by_source,"Electricity generation, total (SIN)",energy_water,ons_open_data,daily,2020-09-23,65244.1286,mwmed
electricity_generation_by_source,"Electricity generation, total (SIN)",energy_water,ons_open_data,daily,2020-09-24,66238.4089,mwmed
electricity_generation_by_source,"Electricity generation, total (SIN)",energy_water,ons_open_data,daily,2020-09-25,67026.3673,mwmed
electricity_generation_by_source,"Electricity generation, total (SIN)",energy_water,ons_open_data,daily,2020-09-26,63121.3910,mwmed
electricity_generation_by_source,"Electricity generation, total (SIN)",energy_water,ons_open_data,daily,2020-09-27,58977.9883,mwmed
electricity_generation_by_source,"Electricity generation, total (SIN)",energy_water,ons_open_data,daily,2020-09-28,69277.8323,mwmed
electricity_generation_by_source,"Electricity generation, total (SIN)",energy_water,ons_open_data,daily,2020-09-29,70603.2553,mwmed
electricity_generation_by_source,"Electricity generation, total (SIN)",energy_water,ons_open_data,daily,2020-09-30,72373.8731,mwmed
electricity_generation_by_source,"Electricity generation, total (SIN)",energy_water,ons_open_data,daily,2020-10-01,73854.1835,mwmed
electricity_generation_by_source,"Electricity generation, total (SIN)",energy_water,ons_open_data,daily,2020-10-02,75002.7954,mwmed
electricity_generation_by_source,"Electricity generation, total (SIN)",energy_water,ons_open_data,daily,2020-10-03,68487.0207,mwmed
electricity_generation_by_source,"Electricity generation, total (SIN)",energy_water,ons_open_data,daily,2020-10-04,60201.4578,mwmed
electricity_generation_by_source,"Electricity generation, total (SIN)",energy_water,ons_open_data,daily,2020-10-05,70427.5563,mwmed
electricity_generation_by_source,"Electricity generation, total (SIN)",energy_water,ons_open_data,daily,2020-10-06,73466.4956,mwmed
electricity_generation_by_source,"Electricity generation, total (SIN)",energy_water,ons_open_data,daily,2020-10-07,74610.6481,mwmed
electricity_generation_by_source,"Electricity generation, total (SIN)",energy_water,ons_open_data,daily,2020-10-08,73453.7477,mwmed
electricity_generation_by_source,"Electricity generation, total (SIN)",energy_water,ons_open_data,daily,2020-10-09,71705.5796,mwmed
electricity_generation_by_source,"Electricity generation, total (SIN)",energy_water,ons_open_data,daily,2020-10-10,64393.5211,mwmed
electricity_generation_by_source,"Electricity generation, total (SIN)",energy_water,ons_open_data,daily,2020-10-11,56139.1740,mwmed
electricity_generation_by_source,"Electricity generation, total (SIN)",energy_water,ons_open_data,daily,2020-10-12,58018.3954,mwmed
electricity_generation_by_source,"Electricity generation, total (SIN)",energy_water,ons_open_data,daily,2020-10-13,68004.8541,mwmed
electricity_generation_by_source,"Electricity generation, total (SIN)",energy_water,ons_open_data,daily,2020-10-14,71237.7068,mwmed
electricity_generation_by_source,"Electricity generation, total (SIN)",energy_water,ons_open_data,daily,2020-10-15,69660.2404,mwmed
electricity_generation_by_source,"Electricity generation, total (SIN)",energy_water,ons_open_data,daily,2020-10-16,68556.5347,mwmed
electricity_generation_by_source,"Electricity generation, total (SIN)",energy_water,ons_open_data,daily,2020-10-17,61918.1095,mwmed
electricity_generation_by_source,"Electricity generation, total (SIN)",energy_water,ons_open_data,daily,2020-10-18,56266.8640,mwmed
electricity_generation_by_source,"Electricity generation, total (SIN)",energy_water,ons_open_data,daily,2020-10-19,66251.9540,mwmed
electricity_generation_by_source,"Electricity generation, total (SIN)",energy_water,ons_open_data,daily,2020-10-20,69014.3547,mwmed
electricity_generation_by_source,"Electricity generation, total (SIN)",energy_water,ons_open_data,daily,2020-10-21,69142.8342,mwmed
electricity_generation_by_source,"Electricity generation, total (SIN)",energy_water,ons_open_data,daily,2020-10-22,68668.2010,mwmed
electricity_generation_by_source,"Electricity generation, total (SIN)",energy_water,ons_open_data,daily,2020-10-23,68237.6167,mwmed
electricity_generation_by_source,"Electricity generation, total (SIN)",energy_water,ons_open_data,daily,2020-10-24,63003.1510,mwmed
electricity_generation_by_source,"Electricity generation, total (SIN)",energy_water,ons_open_data,daily,2020-10-25,56977.0062,mwmed
electricity_generation_by_source,"Electricity generation, total (SIN)",energy_water,ons_open_data,daily,2020-10-26,65411.9229,mwmed
electricity_generation_by_source,"Electricity generation, total (SIN)",energy_water,ons_open_data,daily,2020-10-27,67137.9518,mwmed
electricity_generation_by_source,"Electricity generation, total (SIN)",energy_water,ons_open_data,daily,2020-10-28,68888.2056,mwmed
electricity_generation_by_source,"Electricity generation, total (SIN)",energy_water,ons_open_data,daily,2020-10-29,69347.2513,mwmed
electricity_generation_by_source,"Electricity generation, total (SIN)",energy_water,ons_open_data,daily,2020-10-30,66328.9585,mwmed
electricity_generation_by_source,"Electricity generation, total (SIN)",energy_water,ons_open_data,daily,2020-10-31,59156.0990,mwmed
electricity_generation_by_source,"Electricity generation, total (SIN)",energy_water,ons_open_data,daily,2020-11-01,52562.7129,mwmed
electricity_generation_by_source,"Electricity generation, total (SIN)",energy_water,ons_open_data,daily,2020-11-02,53786.0602,mwmed
electricity_generation_by_source,"Electricity generation, total (SIN)",energy_water,ons_open_data,daily,2020-11-03,62383.9101,mwmed
electricity_generation_by_source,"Electricity generation, total (SIN)",energy_water,ons_open_data,daily,2020-11-04,63398.9192,mwmed
electricity_generation_by_source,"Electricity generation, total (SIN)",energy_water,ons_open_data,daily,2020-11-05,64344.4533,mwmed
electricity_generation_by_source,"Electricity generation, total (SIN)",energy_water,ons_open_data,daily,2020-11-06,65209.5757,mwmed
electricity_generation_by_source,"Electricity generation, total (SIN)",energy_water,ons_open_data,daily,2020-11-07,61930.9535,mwmed
electricity_generation_by_source,"Electricity generation, total (SIN)",energy_water,ons_open_data,daily,2020-11-08,56451.0582,mwmed
electricity_generation_by_source,"Electricity generation, total (SIN)",energy_water,ons_open_data,daily,2020-11-09,65603.0478,mwmed
electricity_generation_by_source,"Electricity generation, total (SIN)",energy_water,ons_open_data,daily,2020-11-10,66719.7934,mwmed
electricity_generation_by_source,"Electricity generation, total (SIN)",energy_water,ons_open_data,daily,2020-11-11,67477.3169,mwmed
electricity_generation_by_source,"Electricity generation, total (SIN)",energy_water,ons_open_data,daily,2020-11-12,66808.3893,mwmed
electricity_generation_by_source,"Electricity generation, total (SIN)",energy_water,ons_open_data,daily,2020-11-13,67834.2170,mwmed
electricity_generation_by_source,"Electricity generation, total (SIN)",energy_water,ons_open_data,daily,2020-11-14,63065.6418,mwmed
electricity_generation_by_source,"Electricity generation, total (SIN)",energy_water,ons_open_data,daily,2020-11-15,57500.2283,mwmed
electricity_generation_by_source,"Electricity generation, total (SIN)",energy_water,ons_open_data,daily,2020-11-16,67972.8573,mwmed
electricity_generation_by_source,"Electricity generation, total (SIN)",energy_water,ons_open_data,daily,2020-11-17,68511.6483,mwmed
electricity_generation_by_source,"Electricity generation, total (SIN)",energy_water,ons_open_data,daily,2020-11-18,66740.9860,mwmed
electricity_generation_by_source,"Electricity generation, total (SIN)",energy_water,ons_open_data,daily,2020-11-19,65244.0302,mwmed
electricity_generation_by_source,"Electricity generation, total (SIN)",energy_water,ons_open_data,daily,2020-11-20,62889.4908,mwmed
electricity_generation_by_source,"Electricity generation, total (SIN)",energy_water,ons_open_data,daily,2020-11-21,60243.0509,mwmed
electricity_generation_by_source,"Electricity generation, total (SIN)",energy_water,ons_open_data,daily,2020-11-22,56387.6755,mwmed
electricity_generation_by_source,"Electricity generation, total (SIN)",energy_water,ons_open_data,daily,2020-11-23,65643.0830,mwmed
electricity_generation_by_source,"Electricity generation, total (SIN)",energy_water,ons_open_data,daily,2020-11-24,68960.8852,mwmed
electricity_generation_by_source,"Electricity generation, total (SIN)",energy_water,ons_open_data,daily,2020-11-25,71324.5856,mwmed
electricity_generation_by_source,"Electricity generation, total (SIN)",energy_water,ons_open_data,daily,2020-11-26,70802.3355,mwmed
electricity_generation_by_source,"Electricity generation, total (SIN)",energy_water,ons_open_data,daily,2020-11-27,70653.9033,mwmed
electricity_generation_by_source,"Electricity generation, total (SIN)",energy_water,ons_open_data,daily,2020-11-28,65648.5297,mwmed
electricity_generation_by_source,"Electricity generation, total (SIN)",energy_water,ons_open_data,daily,2020-11-29,59934.6876,mwmed
electricity_generation_by_source,"Electricity generation, total (SIN)",energy_water,ons_open_data,daily,2020-11-30,70896.1098,mwmed
electricity_generation_by_source,"Electricity generation, total (SIN)",energy_water,ons_open_data,daily,2020-12-01,71645.1337,mwmed
electricity_generation_by_source,"Electricity generation, total (SIN)",energy_water,ons_open_data,daily,2020-12-02,72054.2800,mwmed
electricity_generation_by_source,"Electricity generation, total (SIN)",energy_water,ons_open_data,daily,2020-12-03,72189.0011,mwmed
electricity_generation_by_source,"Electricity generation, total (SIN)",energy_water,ons_open_data,daily,2020-12-04,71739.0842,mwmed
electricity_generation_by_source,"Electricity generation, total (SIN)",energy_water,ons_open_data,daily,2020-12-05,65601.4912,mwmed
electricity_generation_by_source,"Electricity generation, total (SIN)",energy_water,ons_open_data,daily,2020-12-06,57334.6502,mwmed
electricity_generation_by_source,"Electricity generation, total (SIN)",energy_water,ons_open_data,daily,2020-12-07,66074.6553,mwmed
electricity_generation_by_source,"Electricity generation, total (SIN)",energy_water,ons_open_data,daily,2020-12-08,67449.7567,mwmed
electricity_generation_by_source,"Electricity generation, total (SIN)",energy_water,ons_open_data,daily,2020-12-09,69438.6232,mwmed
electricity_generation_by_source,"Electricity generation, total (SIN)",energy_water,ons_open_data,daily,2020-12-10,70137.7369,mwmed
electricity_generation_by_source,"Electricity generation, total (SIN)",energy_water,ons_open_data,daily,2020-12-11,69947.7608,mwmed
electricity_generation_by_source,"Electricity generation, total (SIN)",energy_water,ons_open_data,daily,2020-12-12,64748.1974,mwmed
electricity_generation_by_source,"Electricity generation, total (SIN)",energy_water,ons_open_data,daily,2020-12-13,59137.8789,mwmed
electricity_generation_by_source,"Electricity generation, total (SIN)",energy_water,ons_open_data,daily,2020-12-14,69021.6602,mwmed
electricity_generation_by_source,"Electricity generation, total (SIN)",energy_water,ons_open_data,daily,2020-12-15,71200.8310,mwmed
electricity_generation_by_source,"Electricity generation, total (SIN)",energy_water,ons_open_data,daily,2020-12-16,72532.2190,mwmed
electricity_generation_by_source,"Electricity generation, total (SIN)",energy_water,ons_open_data,daily,2020-12-17,72492.3855,mwmed
electricity_generation_by_source,"Electricity generation, total (SIN)",energy_water,ons_open_data,daily,2020-12-18,73235.6104,mwmed
electricity_generation_by_source,"Electricity generation, total (SIN)",energy_water,ons_open_data,daily,2020-12-19,67543.7430,mwmed
electricity_generation_by_source,"Electricity generation, total (SIN)",energy_water,ons_open_data,daily,2020-12-20,62175.1177,mwmed
electricity_generation_by_source,"Electricity generation, total (SIN)",energy_water,ons_open_data,daily,2020-12-21,69426.9598,mwmed
electricity_generation_by_source,"Electricity generation, total (SIN)",energy_water,ons_open_data,daily,2020-12-22,68923.7728,mwmed
electricity_generation_by_source,"Electricity generation, total (SIN)",energy_water,ons_open_data,daily,2020-12-23,67142.2788,mwmed
electricity_generation_by_source,"Electricity generation, total (SIN)",energy_water,ons_open_data,daily,2020-12-24,62370.7001,mwmed
electricity_generation_by_source,"Electricity generation, total (SIN)",energy_water,ons_open_data,daily,2020-12-25,54110.1901,mwmed
electricity_generation_by_source,"Electricity generation, total (SIN)",energy_water,ons_open_data,daily,2020-12-26,58277.9316,mwmed
electricity_generation_by_source,"Electricity generation, total (SIN)",energy_water,ons_open_data,daily,2020-12-27,57547.9875,mwmed
electricity_generation_by_source,"Electricity generation, total (SIN)",energy_water,ons_open_data,daily,2020-12-28,65569.8347,mwmed
electricity_generation_by_source,"Electricity generation, total (SIN)",energy_water,ons_open_data,daily,2020-12-29,67784.2337,mwmed
electricity_generation_by_source,"Electricity generation, total (SIN)",energy_water,ons_open_data,daily,2020-12-30,68074.7938,mwmed
electricity_generation_by_source,"Electricity generation, total (SIN)",energy_water,ons_open_data,daily,2020-12-31,63089.4125,mwmed
electricity_generation_by_source,"Electricity generation, total (SIN)",energy_water,ons_open_data,daily,2021-01-01,56007.8031,mwmed
electricity_generation_by_source,"Electricity generation, total (SIN)",energy_water,ons_open_data,daily,2021-01-02,59219.9220,mwmed
electricity_generation_by_source,"Electricity generation, total (SIN)",energy_water,ons_open_data,daily,2021-01-03,57691.1467,mwmed
electricity_generation_by_source,"Electricity generation, total (SIN)",energy_water,ons_open_data,daily,2021-01-04,66445.6047,mwmed
electricity_generation_by_source,"Electricity generation, total (SIN)",energy_water,ons_open_data,daily,2021-01-05,70211.0059,mwmed
electricity_generation_by_source,"Electricity generation, total (SIN)",energy_water,ons_open_data,daily,2021-01-06,72117.7770,mwmed
electricity_generation_by_source,"Electricity generation, total (SIN)",energy_water,ons_open_data,daily,2021-01-07,72858.4410,mwmed
electricity_generation_by_source,"Electricity generation, total (SIN)",energy_water,ons_open_data,daily,2021-01-08,72651.6819,mwmed
electricity_generation_by_source,"Electricity generation, total (SIN)",energy_water,ons_open_data,daily,2021-01-09,69286.8961,mwmed
electricity_generation_by_source,"Electricity generation, total (SIN)",energy_water,ons_open_data,daily,2021-01-10,64015.2919,mwmed
electricity_generation_by_source,"Electricity generation, total (SIN)",energy_water,ons_open_data,daily,2021-01-11,73044.3129,mwmed
electricity_generation_by_source,"Electricity generation, total (SIN)",energy_water,ons_open_data,daily,2021-01-12,73093.8056,mwmed
electricity_generation_by_source,"Electricity generation, total (SIN)",energy_water,ons_open_data,daily,2021-01-13,71857.5154,mwmed
electricity_generation_by_source,"Electricity generation, total (SIN)",energy_water,ons_open_data,daily,2021-01-14,70411.1848,mwmed
electricity_generation_by_source,"Electricity generation, total (SIN)",energy_water,ons_open_data,daily,2021-01-15,70186.7620,mwmed
electricity_generation_by_source,"Electricity generation, total (SIN)",energy_water,ons_open_data,daily,2021-01-16,67008.5819,mwmed
electricity_generation_by_source,"Electricity generation, total (SIN)",energy_water,ons_open_data,daily,2021-01-17,62053.9371,mwmed
electricity_generation_by_source,"Electricity generation, total (SIN)",energy_water,ons_open_data,daily,2021-01-18,70046.3401,mwmed
electricity_generation_by_source,"Electricity generation, total (SIN)",energy_water,ons_open_data,daily,2021-01-19,70375.8474,mwmed
electricity_generation_by_source,"Electricity generation, total (SIN)",energy_water,ons_open_data,daily,2021-01-20,70718.9948,mwmed
electricity_generation_by_source,"Electricity generation, total (SIN)",energy_water,ons_open_data,daily,2021-01-21,71412.3795,mwmed
electricity_generation_by_source,"Electricity generation, total (SIN)",energy_water,ons_open_data,daily,2021-01-22,72009.7545,mwmed
electricity_generation_by_source,"Electricity generation, total (SIN)",energy_water,ons_open_data,daily,2021-01-23,67837.2828,mwmed
electricity_generation_by_source,"Electricity generation, total (SIN)",energy_water,ons_open_data,daily,2021-01-24,62625.8993,mwmed
electricity_generation_by_source,"Electricity generation, total (SIN)",energy_water,ons_open_data,daily,2021-01-25,72147.4022,mwmed
electricity_generation_by_source,"Electricity generation, total (SIN)",energy_water,ons_open_data,daily,2021-01-26,74498.9157,mwmed
electricity_generation_by_source,"Electricity generation, total (SIN)",energy_water,ons_open_data,daily,2021-01-27,75270.2207,mwmed
electricity_generation_by_source,"Electricity generation, total (SIN)",energy_water,ons_open_data,daily,2021-01-28,75178.0076,mwmed
electricity_generation_by_source,"Electricity generation, total (SIN)",energy_water,ons_open_data,daily,2021-01-29,75355.5857,mwmed
electricity_generation_by_source,"Electricity generation, total (SIN)",energy_water,ons_open_data,daily,2021-01-30,69625.5458,mwmed
electricity_generation_by_source,"Electricity generation, total (SIN)",energy_water,ons_open_data,daily,2021-01-31,64347.9324,mwmed
electricity_generation_by_source,"Electricity generation, total (SIN)",energy_water,ons_open_data,daily,2021-02-01,74120.0589,mwmed
electricity_generation_by_source,"Electricity generation, total (SIN)",energy_water,ons_open_data,daily,2021-02-02,75556.8407,mwmed
electricity_generation_by_source,"Electricity generation, total (SIN)",energy_water,ons_open_data,daily,2021-02-03,76325.7935,mwmed
electricity_generation_by_source,"Electricity generation, total (SIN)",energy_water,ons_open_data,daily,2021-02-04,76707.5678,mwmed
electricity_generation_by_source,"Electricity generation, total (SIN)",energy_water,ons_open_data,daily,2021-02-05,73596.4750,mwmed
electricity_generation_by_source,"Electricity generation, total (SIN)",energy_water,ons_open_data,daily,2021-02-06,65570.0864,mwmed
electricity_generation_by_source,"Electricity generation, total (SIN)",energy_water,ons_open_data,daily,2021-02-07,58740.8689,mwmed
electricity_generation_by_source,"Electricity generation, total (SIN)",energy_water,ons_open_data,daily,2021-02-08,67659.0540,mwmed
electricity_generation_by_source,"Electricity generation, total (SIN)",energy_water,ons_open_data,daily,2021-02-09,68966.7942,mwmed
electricity_generation_by_source,"Electricity generation, total (SIN)",energy_water,ons_open_data,daily,2021-02-10,69528.3815,mwmed
electricity_generation_by_source,"Electricity generation, total (SIN)",energy_water,ons_open_data,daily,2021-02-11,70310.0803,mwmed
electricity_generation_by_source,"Electricity generation, total (SIN)",energy_water,ons_open_data,daily,2021-02-12,69778.9886,mwmed
electricity_generation_by_source,"Electricity generation, total (SIN)",energy_water,ons_open_data,daily,2021-02-13,65418.7114,mwmed
electricity_generation_by_source,"Electricity generation, total (SIN)",energy_water,ons_open_data,daily,2021-02-14,59903.9767,mwmed
electricity_generation_by_source,"Electricity generation, total (SIN)",energy_water,ons_open_data,daily,2021-02-15,66659.0333,mwmed
electricity_generation_by_source,"Electricity generation, total (SIN)",energy_water,ons_open_data,daily,2021-02-16,67951.4394,mwmed
electricity_generation_by_source,"Electricity generation, total (SIN)",energy_water,ons_open_data,daily,2021-02-17,69933.9049,mwmed
electricity_generation_by_source,"Electricity generation, total (SIN)",energy_water,ons_open_data,daily,2021-02-18,71624.4875,mwmed
electricity_generation_by_source,"Electricity generation, total (SIN)",energy_water,ons_open_data,daily,2021-02-19,72252.5189,mwmed
electricity_generation_by_source,"Electricity generation, total (SIN)",energy_water,ons_open_data,daily,2021-02-20,68146.7823,mwmed
electricity_generation_by_source,"Electricity generation, total (SIN)",energy_water,ons_open_data,daily,2021-02-21,62673.4580,mwmed
electricity_generation_by_source,"Electricity generation, total (SIN)",energy_water,ons_open_data,daily,2021-02-22,73000.3163,mwmed
electricity_generation_by_source,"Electricity generation, total (SIN)",energy_water,ons_open_data,daily,2021-02-23,74272.0577,mwmed
electricity_generation_by_source,"Electricity generation, total (SIN)",energy_water,ons_open_data,daily,2021-02-24,74345.9593,mwmed
electricity_generation_by_source,"Electricity generation, total (SIN)",energy_water,ons_open_data,daily,2021-02-25,72827.5088,mwmed
electricity_generation_by_source,"Electricity generation, total (SIN)",energy_water,ons_open_data,daily,2021-02-26,72196.7291,mwmed
electricity_generation_by_source,"Electricity generation, total (SIN)",energy_water,ons_open_data,daily,2021-02-27,65873.4472,mwmed
electricity_generation_by_source,"Electricity generation, total (SIN)",energy_water,ons_open_data,daily,2021-02-28,60035.0385,mwmed
electricity_generation_by_source,"Electricity generation, total (SIN)",energy_water,ons_open_data,daily,2021-03-01,69698.5686,mwmed
electricity_generation_by_source,"Electricity generation, total (SIN)",energy_water,ons_open_data,daily,2021-03-02,72573.6186,mwmed
electricity_generation_by_source,"Electricity generation, total (SIN)",energy_water,ons_open_data,daily,2021-03-03,74401.7020,mwmed
electricity_generation_by_source,"Electricity generation, total (SIN)",energy_water,ons_open_data,daily,2021-03-04,74485.3157,mwmed
electricity_generation_by_source,"Electricity generation, total (SIN)",energy_water,ons_open_data,daily,2021-03-05,73573.4610,mwmed
electricity_generation_by_source,"Electricity generation, total (SIN)",energy_water,ons_open_data,daily,2021-03-06,67556.4648,mwmed
electricity_generation_by_source,"Electricity generation, total (SIN)",energy_water,ons_open_data,daily,2021-03-07,61886.5071,mwmed
electricity_generation_by_source,"Electricity generation, total (SIN)",energy_water,ons_open_data,daily,2021-03-08,71848.0995,mwmed
electricity_generation_by_source,"Electricity generation, total (SIN)",energy_water,ons_open_data,daily,2021-03-09,72887.6128,mwmed
electricity_generation_by_source,"Electricity generation, total (SIN)",energy_water,ons_open_data,daily,2021-03-10,72868.3117,mwmed
electricity_generation_by_source,"Electricity generation, total (SIN)",energy_water,ons_open_data,daily,2021-03-11,73993.2007,mwmed
electricity_generation_by_source,"Electricity generation, total (SIN)",energy_water,ons_open_data,daily,2021-03-12,74942.4977,mwmed
electricity_generation_by_source,"Electricity generation, total (SIN)",energy_water,ons_open_data,daily,2021-03-13,69439.3400,mwmed
electricity_generation_by_source,"Electricity generation, total (SIN)",energy_water,ons_open_data,daily,2021-03-14,64510.4747,mwmed
electricity_generation_by_source,"Electricity generation, total (SIN)",energy_water,ons_open_data,daily,2021-03-15,74399.2570,mwmed
electricity_generation_by_source,"Electricity generation, total (SIN)",energy_water,ons_open_data,daily,2021-03-16,76631.8561,mwmed
electricity_generation_by_source,"Electricity generation, total (SIN)",energy_water,ons_open_data,daily,2021-03-17,76030.2895,mwmed
electricity_generation_by_source,"Electricity generation, total (SIN)",energy_water,ons_open_data,daily,2021-03-18,74812.4001,mwmed
electricity_generation_by_source,"Electricity generation, total (SIN)",energy_water,ons_open_data,daily,2021-03-19,73857.6953,mwmed
electricity_generation_by_source,"Electricity generation, total (SIN)",energy_water,ons_open_data,daily,2021-03-20,68579.1340,mwmed
electricity_generation_by_source,"Electricity generation, total (SIN)",energy_water,ons_open_data,daily,2021-03-21,64207.4476,mwmed
electricity_generation_by_source,"Electricity generation, total (SIN)",energy_water,ons_open_data,daily,2021-03-22,74525.8688,mwmed
electricity_generation_by_source,"Electricity generation, total (SIN)",energy_water,ons_open_data,daily,2021-03-23,75673.0765,mwmed
electricity_generation_by_source,"Electricity generation, total (SIN)",energy_water,ons_open_data,daily,2021-03-24,75526.9659,mwmed
electricity_generation_by_source,"Electricity generation, total (SIN)",energy_water,ons_open_data,daily,2021-03-25,75834.1405,mwmed
electricity_generation_by_source,"Electricity generation, total (SIN)",energy_water,ons_open_data,daily,2021-03-26,75758.0075,mwmed
electricity_generation_by_source,"Electricity generation, total (SIN)",energy_water,ons_open_data,daily,2021-03-27,70536.3497,mwmed
electricity_generation_by_source,"Electricity generation, total (SIN)",energy_water,ons_open_data,daily,2021-03-28,64962.8732,mwmed
electricity_generation_by_source,"Electricity generation, total (SIN)",energy_water,ons_open_data,daily,2021-03-29,74342.0804,mwmed
electricity_generation_by_source,"Electricity generation, total (SIN)",energy_water,ons_open_data,daily,2021-03-30,73847.8392,mwmed
electricity_generation_by_source,"Electricity generation, total (SIN)",energy_water,ons_open_data,daily,2021-03-31,71772.3242,mwmed
electricity_generation_by_source,"Electricity generation, total (SIN)",energy_water,ons_open_data,daily,2021-04-01,69643.9318,mwmed
electricity_generation_by_source,"Electricity generation, total (SIN)",energy_water,ons_open_data,daily,2021-04-02,61798.5008,mwmed
electricity_generation_by_source,"Electricity generation, total (SIN)",energy_water,ons_open_data,daily,2021-04-03,62812.4358,mwmed
electricity_generation_by_source,"Electricity generation, total (SIN)",energy_water,ons_open_data,daily,2021-04-04,60051.4208,mwmed
electricity_generation_by_source,"Electricity generation, total (SIN)",energy_water,ons_open_data,daily,2021-04-05,70349.9326,mwmed
electricity_generation_by_source,"Electricity generation, total (SIN)",energy_water,ons_open_data,daily,2021-04-06,71868.5438,mwmed
electricity_generation_by_source,"Electricity generation, total (SIN)",energy_water,ons_open_data,daily,2021-04-07,71519.4085,mwmed
electricity_generation_by_source,"Electricity generation, total (SIN)",energy_water,ons_open_data,daily,2021-04-08,71250.0968,mwmed
electricity_generation_by_source,"Electricity generation, total (SIN)",energy_water,ons_open_data,daily,2021-04-09,72084.3132,mwmed
electricity_generation_by_source,"Electricity generation, total (SIN)",energy_water,ons_open_data,daily,2021-04-10,67391.9274,mwmed
electricity_generation_by_source,"Electricity generation, total (SIN)",energy_water,ons_open_data,daily,2021-04-11,61736.8268,mwmed
electricity_generation_by_source,"Electricity generation, total (SIN)",energy_water,ons_open_data,daily,2021-04-12,71399.6842,mwmed
electricity_generation_by_source,"Electricity generation, total (SIN)",energy_water,ons_open_data,daily,2021-04-13,72288.3613,mwmed
electricity_generation_by_source,"Electricity generation, total (SIN)",energy_water,ons_open_data,daily,2021-04-14,71469.6179,mwmed
electricity_generation_by_source,"Electricity generation, total (SIN)",energy_water,ons_open_data,daily,2021-04-15,71196.7640,mwmed
electricity_generation_by_source,"Electricity generation, total (SIN)",energy_water,ons_open_data,daily,2021-04-16,71249.9410,mwmed
electricity_generation_by_source,"Electricity generation, total (SIN)",energy_water,ons_open_data,daily,2021-04-17,66093.1815,mwmed
electricity_generation_by_source,"Electricity generation, total (SIN)",energy_water,ons_open_data,daily,2021-04-18,59995.4377,mwmed
electricity_generation_by_source,"Electricity generation, total (SIN)",energy_water,ons_open_data,daily,2021-04-19,68709.6351,mwmed
electricity_generation_by_source,"Electricity generation, total (SIN)",energy_water,ons_open_data,daily,2021-04-20,69109.5354,mwmed
electricity_generation_by_source,"Electricity generation, total (SIN)",energy_water,ons_open_data,daily,2021-04-21,65170.3380,mwmed
electricity_generation_by_source,"Electricity generation, total (SIN)",energy_water,ons_open_data,daily,2021-04-22,68844.1924,mwmed
electricity_generation_by_source,"Electricity generation, total (SIN)",energy_water,ons_open_data,daily,2021-04-23,68667.3632,mwmed
electricity_generation_by_source,"Electricity generation, total (SIN)",energy_water,ons_open_data,daily,2021-04-24,64448.0726,mwmed
electricity_generation_by_source,"Electricity generation, total (SIN)",energy_water,ons_open_data,daily,2021-04-25,59413.8545,mwmed
electricity_generation_by_source,"Electricity generation, total (SIN)",energy_water,ons_open_data,daily,2021-04-26,68967.0012,mwmed
electricity_generation_by_source,"Electricity generation, total (SIN)",energy_water,ons_open_data,daily,2021-04-27,70268.5487,mwmed
electricity_generation_by_source,"Electricity generation, total (SIN)",energy_water,ons_open_data,daily,2021-04-28,70014.2705,mwmed
electricity_generation_by_source,"Electricity generation, total (SIN)",energy_water,ons_open_data,daily,2021-04-29,69332.0154,mwmed
electricity_generation_by_source,"Electricity generation, total (SIN)",energy_water,ons_open_data,daily,2021-04-30,68118.0258,mwmed
electricity_generation_by_source,"Electricity generation, total (SIN)",energy_water,ons_open_data,daily,2021-05-01,59537.3404,mwmed
electricity_generation_by_source,"Electricity generation, total (SIN)",energy_water,ons_open_data,daily,2021-05-02,57342.0724,mwmed
electricity_generation_by_source,"Electricity generation, total (SIN)",energy_water,ons_open_data,daily,2021-05-03,67531.4917,mwmed
electricity_generation_by_source,"Electricity generation, total (SIN)",energy_water,ons_open_data,daily,2021-05-04,69610.1238,mwmed
electricity_generation_by_source,"Electricity generation, total (SIN)",energy_water,ons_open_data,daily,2021-05-05,70400.8100,mwmed
electricity_generation_by_source,"Electricity generation, total (SIN)",energy_water,ons_open_data,daily,2021-05-06,70426.7917,mwmed
electricity_generation_by_source,"Electricity generation, total (SIN)",energy_water,ons_open_data,daily,2021-05-07,69145.2543,mwmed
electricity_generation_by_source,"Electricity generation, total (SIN)",energy_water,ons_open_data,daily,2021-05-08,63488.8185,mwmed
electricity_generation_by_source,"Electricity generation, total (SIN)",energy_water,ons_open_data,daily,2021-05-09,56892.5839,mwmed
electricity_generation_by_source,"Electricity generation, total (SIN)",energy_water,ons_open_data,daily,2021-05-10,67190.0983,mwmed
electricity_generation_by_source,"Electricity generation, total (SIN)",energy_water,ons_open_data,daily,2021-05-11,69016.6165,mwmed
electricity_generation_by_source,"Electricity generation, total (SIN)",energy_water,ons_open_data,daily,2021-05-12,69367.7323,mwmed
electricity_generation_by_source,"Electricity generation, total (SIN)",energy_water,ons_open_data,daily,2021-05-13,68624.2539,mwmed
electricity_generation_by_source,"Electricity generation, total (SIN)",energy_water,ons_open_data,daily,2021-05-14,68393.9491,mwmed
electricity_generation_by_source,"Electricity generation, total (SIN)",energy_water,ons_open_data,daily,2021-05-15,63660.1788,mwmed
electricity_generation_by_source,"Electricity generation, total (SIN)",energy_water,ons_open_data,daily,2021-05-16,58211.6524,mwmed
electricity_generation_by_source,"Electricity generation, total (SIN)",energy_water,ons_open_data,daily,2021-05-17,67379.7612,mwmed
electricity_generation_by_source,"Electricity generation, total (SIN)",energy_water,ons_open_data,daily,2021-05-18,68811.5581,mwmed
electricity_generation_by_source,"Electricity generation, total (SIN)",energy_water,ons_open_data,daily,2021-05-19,68753.8679,mwmed
electricity_generation_by_source,"Electricity generation, total (SIN)",energy_water,ons_open_data,daily,2021-05-20,69836.7724,mwmed
electricity_generation_by_source,"Electricity generation, total (SIN)",energy_water,ons_open_data,daily,2021-05-21,71222.9619,mwmed
electricity_generation_by_source,"Electricity generation, total (SIN)",energy_water,ons_open_data,daily,2021-05-22,64857.8525,mwmed
electricity_generation_by_source,"Electricity generation, total (SIN)",energy_water,ons_open_data,daily,2021-05-23,59221.2807,mwmed
electricity_generation_by_source,"Electricity generation, total (SIN)",energy_water,ons_open_data,daily,2021-05-24,67470.0849,mwmed
electricity_generation_by_source,"Electricity generation, total (SIN)",energy_water,ons_open_data,daily,2021-05-25,68387.7418,mwmed
electricity_generation_by_source,"Electricity generation, total (SIN)",energy_water,ons_open_data,daily,2021-05-26,69224.1868,mwmed
electricity_generation_by_source,"Electricity generation, total (SIN)",energy_water,ons_open_data,daily,2021-05-27,69794.7090,mwmed
electricity_generation_by_source,"Electricity generation, total (SIN)",energy_water,ons_open_data,daily,2021-05-28,70337.0701,mwmed
electricity_generation_by_source,"Electricity generation, total (SIN)",energy_water,ons_open_data,daily,2021-05-29,65800.5072,mwmed
electricity_generation_by_source,"Electricity generation, total (SIN)",energy_water,ons_open_data,daily,2021-05-30,59563.5588,mwmed
electricity_generation_by_source,"Electricity generation, total (SIN)",energy_water,ons_open_data,daily,2021-05-31,67925.0268,mwmed
electricity_generation_by_source,"Electricity generation, total (SIN)",energy_water,ons_open_data,daily,2021-06-01,68524.1948,mwmed
electricity_generation_by_source,"Electricity generation, total (SIN)",energy_water,ons_open_data,daily,2021-06-02,69210.8417,mwmed
electricity_generation_by_source,"Electricity generation, total (SIN)",energy_water,ons_open_data,daily,2021-06-03,64735.2480,mwmed
electricity_generation_by_source,"Electricity generation, total (SIN)",energy_water,ons_open_data,daily,2021-06-04,66895.4635,mwmed
electricity_generation_by_source,"Electricity generation, total (SIN)",energy_water,ons_open_data,daily,2021-06-05,63039.1150,mwmed
electricity_generation_by_source,"Electricity generation, total (SIN)",energy_water,ons_open_data,daily,2021-06-06,58914.2013,mwmed
electricity_generation_by_source,"Electricity generation, total (SIN)",energy_water,ons_open_data,daily,2021-06-07,67632.4103,mwmed
electricity_generation_by_source,"Electricity generation, total (SIN)",energy_water,ons_open_data,daily,2021-06-08,68600.8385,mwmed
electricity_generation_by_source,"Electricity generation, total (SIN)",energy_water,ons_open_data,daily,2021-06-09,68640.3290,mwmed
electricity_generation_by_source,"Electricity generation, total (SIN)",energy_water,ons_open_data,daily,2021-06-10,68890.2642,mwmed
electricity_generation_by_source,"Electricity generation, total (SIN)",energy_water,ons_open_data,daily,2021-06-11,68438.9323,mwmed
electricity_generation_by_source,"Electricity generation, total (SIN)",energy_water,ons_open_data,daily,2021-06-12,62266.2672,mwmed
electricity_generation_by_source,"Electricity generation, total (SIN)",energy_water,ons_open_data,daily,2021-06-13,56870.8254,mwmed
electricity_generation_by_source,"Electricity generation, total (SIN)",energy_water,ons_open_data,daily,2021-06-14,65927.3218,mwmed
electricity_generation_by_source,"Electricity generation, total (SIN)",energy_water,ons_open_data,daily,2021-06-15,67384.7550,mwmed
electricity_generation_by_source,"Electricity generation, total (SIN)",energy_water,ons_open_data,daily,2021-06-16,67880.6943,mwmed
electricity_generation_by_source,"Electricity generation, total (SIN)",energy_water,ons_open_data,daily,2021-06-17,68217.6022,mwmed
electricity_generation_by_source,"Electricity generation, total (SIN)",energy_water,ons_open_data,daily,2021-06-18,68074.1859,mwmed
electricity_generation_by_source,"Electricity generation, total (SIN)",energy_water,ons_open_data,daily,2021-06-19,62816.5309,mwmed
electricity_generation_by_source,"Electricity generation, total (SIN)",energy_water,ons_open_data,daily,2021-06-20,57289.0445,mwmed
electricity_generation_by_source,"Electricity generation, total (SIN)",energy_water,ons_open_data,daily,2021-06-21,65942.3455,mwmed
electricity_generation_by_source,"Electricity generation, total (SIN)",energy_water,ons_open_data,daily,2021-06-22,67781.1245,mwmed
electricity_generation_by_source,"Electricity generation, total (SIN)",energy_water,ons_open_data,daily,2021-06-23,67553.2675,mwmed
electricity_generation_by_source,"Electricity generation, total (SIN)",energy_water,ons_open_data,daily,2021-06-24,66603.9463,mwmed
electricity_generation_by_source,"Electricity generation, total (SIN)",energy_water,ons_open_data,daily,2021-06-25,66982.6702,mwmed
electricity_generation_by_source,"Electricity generation, total (SIN)",energy_water,ons_open_data,daily,2021-06-26,62810.8056,mwmed
electricity_generation_by_source,"Electricity generation, total (SIN)",energy_water,ons_open_data,daily,2021-06-27,57626.4317,mwmed
electricity_generation_by_source,"Electricity generation, total (SIN)",energy_water,ons_open_data,daily,2021-06-28,65470.4080,mwmed
electricity_generation_by_source,"Electricity generation, total (SIN)",energy_water,ons_open_data,daily,2021-06-29,65883.1367,mwmed
electricity_generation_by_source,"Electricity generation, total (SIN)",energy_water,ons_open_data,daily,2021-06-30,65292.5455,mwmed
electricity_generation_by_source,"Electricity generation, total (SIN)",energy_water,ons_open_data,daily,2021-07-01,65013.7125,mwmed
electricity_generation_by_source,"Electricity generation, total (SIN)",energy_water,ons_open_data,daily,2021-07-02,65357.4832,mwmed
electricity_generation_by_source,"Electricity generation, total (SIN)",energy_water,ons_open_data,daily,2021-07-03,60544.3149,mwmed
electricity_generation_by_source,"Electricity generation, total (SIN)",energy_water,ons_open_data,daily,2021-07-04,55789.9813,mwmed
electricity_generation_by_source,"Electricity generation, total (SIN)",energy_water,ons_open_data,daily,2021-07-05,64598.6676,mwmed
electricity_generation_by_source,"Electricity generation, total (SIN)",energy_water,ons_open_data,daily,2021-07-06,66473.7072,mwmed
electricity_generation_by_source,"Electricity generation, total (SIN)",energy_water,ons_open_data,daily,2021-07-07,66704.4115,mwmed
electricity_generation_by_source,"Electricity generation, total (SIN)",energy_water,ons_open_data,daily,2021-07-08,66906.7297,mwmed
electricity_generation_by_source,"Electricity generation, total (SIN)",energy_water,ons_open_data,daily,2021-07-09,64451.2529,mwmed
electricity_generation_by_source,"Electricity generation, total (SIN)",energy_water,ons_open_data,daily,2021-07-10,59900.0060,mwmed
electricity_generation_by_source,"Electricity generation, total (SIN)",energy_water,ons_open_data,daily,2021-07-11,55865.1068,mwmed
electricity_generation_by_source,"Electricity generation, total (SIN)",energy_water,ons_open_data,daily,2021-07-12,65482.9543,mwmed
electricity_generation_by_source,"Electricity generation, total (SIN)",energy_water,ons_open_data,daily,2021-07-13,67500.7168,mwmed
electricity_generation_by_source,"Electricity generation, total (SIN)",energy_water,ons_open_data,daily,2021-07-14,67977.7614,mwmed
electricity_generation_by_source,"Electricity generation, total (SIN)",energy_water,ons_open_data,daily,2021-07-15,68634.3629,mwmed
electricity_generation_by_source,"Electricity generation, total (SIN)",energy_water,ons_open_data,daily,2021-07-16,68516.2195,mwmed
electricity_generation_by_source,"Electricity generation, total (SIN)",energy_water,ons_open_data,daily,2021-07-17,63745.8213,mwmed
electricity_generation_by_source,"Electricity generation, total (SIN)",energy_water,ons_open_data,daily,2021-07-18,57980.7500,mwmed
electricity_generation_by_source,"Electricity generation, total (SIN)",energy_water,ons_open_data,daily,2021-07-19,65932.5539,mwmed
electricity_generation_by_source,"Electricity generation, total (SIN)",energy_water,ons_open_data,daily,2021-07-20,66611.3758,mwmed
electricity_generation_by_source,"Electricity generation, total (SIN)",energy_water,ons_open_data,daily,2021-07-21,66486.6779,mwmed
electricity_generation_by_source,"Electricity generation, total (SIN)",energy_water,ons_open_data,daily,2021-07-22,67049.6829,mwmed
electricity_generation_by_source,"Electricity generation, total (SIN)",energy_water,ons_open_data,daily,2021-07-23,66773.2220,mwmed
electricity_generation_by_source,"Electricity generation, total (SIN)",energy_water,ons_open_data,daily,2021-07-24,60675.6752,mwmed
electricity_generation_by_source,"Electricity generation, total (SIN)",energy_water,ons_open_data,daily,2021-07-25,55863.8217,mwmed
electricity_generation_by_source,"Electricity generation, total (SIN)",energy_water,ons_open_data,daily,2021-07-26,65967.0136,mwmed
electricity_generation_by_source,"Electricity generation, total (SIN)",energy_water,ons_open_data,daily,2021-07-27,68320.0049,mwmed
electricity_generation_by_source,"Electricity generation, total (SIN)",energy_water,ons_open_data,daily,2021-07-28,68276.0376,mwmed
electricity_generation_by_source,"Electricity generation, total (SIN)",energy_water,ons_open_data,daily,2021-07-29,67044.2317,mwmed
electricity_generation_by_source,"Electricity generation, total (SIN)",energy_water,ons_open_data,daily,2021-07-30,66389.2005,mwmed
electricity_generation_by_source,"Electricity generation, total (SIN)",energy_water,ons_open_data,daily,2021-07-31,61711.6126,mwmed
electricity_generation_by_source,"Electricity generation, total (SIN)",energy_water,ons_open_data,daily,2021-08-01,56604.3793,mwmed
electricity_generation_by_source,"Electricity generation, total (SIN)",energy_water,ons_open_data,daily,2021-08-02,64777.3653,mwmed
electricity_generation_by_source,"Electricity generation, total (SIN)",energy_water,ons_open_data,daily,2021-08-03,66699.7026,mwmed
electricity_generation_by_source,"Electricity generation, total (SIN)",energy_water,ons_open_data,daily,2021-08-04,67220.6188,mwmed
electricity_generation_by_source,"Electricity generation, total (SIN)",energy_water,ons_open_data,daily,2021-08-05,66787.6274,mwmed
electricity_generation_by_source,"Electricity generation, total (SIN)",energy_water,ons_open_data,daily,2021-08-06,66214.6910,mwmed
electricity_generation_by_source,"Electricity generation, total (SIN)",energy_water,ons_open_data,daily,2021-08-07,60557.0568,mwmed
electricity_generation_by_source,"Electricity generation, total (SIN)",energy_water,ons_open_data,daily,2021-08-08,55558.5886,mwmed
electricity_generation_by_source,"Electricity generation, total (SIN)",energy_water,ons_open_data,daily,2021-08-09,66311.9012,mwmed
electricity_generation_by_source,"Electricity generation, total (SIN)",energy_water,ons_open_data,daily,2021-08-10,68758.7303,mwmed
electricity_generation_by_source,"Electricity generation, total (SIN)",energy_water,ons_open_data,daily,2021-08-11,68583.0404,mwmed
electricity_generation_by_source,"Electricity generation, total (SIN)",energy_water,ons_open_data,daily,2021-08-12,68612.8378,mwmed
electricity_generation_by_source,"Electricity generation, total (SIN)",energy_water,ons_open_data,daily,2021-08-13,68101.3902,mwmed
electricity_generation_by_source,"Electricity generation, total (SIN)",energy_water,ons_open_data,daily,2021-08-14,63397.2153,mwmed
electricity_generation_by_source,"Electricity generation, total (SIN)",energy_water,ons_open_data,daily,2021-08-15,57014.0053,mwmed
electricity_generation_by_source,"Electricity generation, total (SIN)",energy_water,ons_open_data,daily,2021-08-16,65522.1234,mwmed
electricity_generation_by_source,"Electricity generation, total (SIN)",energy_water,ons_open_data,daily,2021-08-17,68290.4090,mwmed
electricity_generation_by_source,"Electricity generation, total (SIN)",energy_water,ons_open_data,daily,2021-08-18,68943.3550,mwmed
electricity_generation_by_source,"Electricity generation, total (SIN)",energy_water,ons_open_data,daily,2021-08-19,69019.3742,mwmed
electricity_generation_by_source,"Electricity generation, total (SIN)",energy_water,ons_open_data,daily,2021-08-20,69408.9698,mwmed
electricity_generation_by_source,"Electricity generation, total (SIN)",energy_water,ons_open_data,daily,2021-08-21,63493.7195,mwmed
electricity_generation_by_source,"Electricity generation, total (SIN)",energy_water,ons_open_data,daily,2021-08-22,58540.3113,mwmed
electricity_generation_by_source,"Electricity generation, total (SIN)",energy_water,ons_open_data,daily,2021-08-23,69434.4505,mwmed
electricity_generation_by_source,"Electricity generation, total (SIN)",energy_water,ons_open_data,daily,2021-08-24,72667.0709,mwmed
electricity_generation_by_source,"Electricity generation, total (SIN)",energy_water,ons_open_data,daily,2021-08-25,73227.3622,mwmed
electricity_generation_by_source,"Electricity generation, total (SIN)",energy_water,ons_open_data,daily,2021-08-26,71787.4478,mwmed
electricity_generation_by_source,"Electricity generation, total (SIN)",energy_water,ons_open_data,daily,2021-08-27,70417.1822,mwmed
electricity_generation_by_source,"Electricity generation, total (SIN)",energy_water,ons_open_data,daily,2021-08-28,63964.8009,mwmed
electricity_generation_by_source,"Electricity generation, total (SIN)",energy_water,ons_open_data,daily,2021-08-29,58592.9594,mwmed
electricity_generation_by_source,"Electricity generation, total (SIN)",energy_water,ons_open_data,daily,2021-08-30,67873.5225,mwmed
electricity_generation_by_source,"Electricity generation, total (SIN)",energy_water,ons_open_data,daily,2021-08-31,69007.2099,mwmed
electricity_generation_by_source,"Electricity generation, total (SIN)",energy_water,ons_open_data,daily,2021-09-01,69030.5817,mwmed
electricity_generation_by_source,"Electricity generation, total (SIN)",energy_water,ons_open_data,daily,2021-09-02,68465.6397,mwmed
electricity_generation_by_source,"Electricity generation, total (SIN)",energy_water,ons_open_data,daily,2021-09-03,69846.9566,mwmed
electricity_generation_by_source,"Electricity generation, total (SIN)",energy_water,ons_open_data,daily,2021-09-04,64166.3213,mwmed
electricity_generation_by_source,"Electricity generation, total (SIN)",energy_water,ons_open_data,daily,2021-09-05,58075.8993,mwmed
electricity_generation_by_source,"Electricity generation, total (SIN)",energy_water,ons_open_data,daily,2021-09-06,65015.1974,mwmed
electricity_generation_by_source,"Electricity generation, total (SIN)",energy_water,ons_open_data,daily,2021-09-07,64198.5374,mwmed
electricity_generation_by_source,"Electricity generation, total (SIN)",energy_water,ons_open_data,daily,2021-09-08,71722.8778,mwmed
electricity_generation_by_source,"Electricity generation, total (SIN)",energy_water,ons_open_data,daily,2021-09-09,71572.3299,mwmed
electricity_generation_by_source,"Electricity generation, total (SIN)",energy_water,ons_open_data,daily,2021-09-10,70455.8930,mwmed
electricity_generation_by_source,"Electricity generation, total (SIN)",energy_water,ons_open_data,daily,2021-09-11,64938.9430,mwmed
electricity_generation_by_source,"Electricity generation, total (SIN)",energy_water,ons_open_data,daily,2021-09-12,60368.7422,mwmed
electricity_generation_by_source,"Electricity generation, total (SIN)",energy_water,ons_open_data,daily,2021-09-13,72105.0233,mwmed
electricity_generation_by_source,"Electricity generation, total (SIN)",energy_water,ons_open_data,daily,2021-09-14,73486.3456,mwmed
electricity_generation_by_source,"Electricity generation, total (SIN)",energy_water,ons_open_data,daily,2021-09-15,71941.8887,mwmed
electricity_generation_by_source,"Electricity generation, total (SIN)",energy_water,ons_open_data,daily,2021-09-16,70642.6346,mwmed
electricity_generation_by_source,"Electricity generation, total (SIN)",energy_water,ons_open_data,daily,2021-09-17,69368.5638,mwmed
electricity_generation_by_source,"Electricity generation, total (SIN)",energy_water,ons_open_data,daily,2021-09-18,64002.7742,mwmed
electricity_generation_by_source,"Electricity generation, total (SIN)",energy_water,ons_open_data,daily,2021-09-19,59779.6832,mwmed
electricity_generation_by_source,"Electricity generation, total (SIN)",energy_water,ons_open_data,daily,2021-09-20,71409.5185,mwmed
electricity_generation_by_source,"Electricity generation, total (SIN)",energy_water,ons_open_data,daily,2021-09-21,74058.8087,mwmed
electricity_generation_by_source,"Electricity generation, total (SIN)",energy_water,ons_open_data,daily,2021-09-22,70635.5926,mwmed
electricity_generation_by_source,"Electricity generation, total (SIN)",energy_water,ons_open_data,daily,2021-09-23,69814.5980,mwmed
electricity_generation_by_source,"Electricity generation, total (SIN)",energy_water,ons_open_data,daily,2021-09-24,69598.3521,mwmed
electricity_generation_by_source,"Electricity generation, total (SIN)",energy_water,ons_open_data,daily,2021-09-25,64486.5008,mwmed
electricity_generation_by_source,"Electricity generation, total (SIN)",energy_water,ons_open_data,daily,2021-09-26,59542.5406,mwmed
electricity_generation_by_source,"Electricity generation, total (SIN)",energy_water,ons_open_data,daily,2021-09-27,70180.8165,mwmed
electricity_generation_by_source,"Electricity generation, total (SIN)",energy_water,ons_open_data,daily,2021-09-28,73524.5491,mwmed
electricity_generation_by_source,"Electricity generation, total (SIN)",energy_water,ons_open_data,daily,2021-09-29,74383.4703,mwmed
electricity_generation_by_source,"Electricity generation, total (SIN)",energy_water,ons_open_data,daily,2021-09-30,73627.2316,mwmed
electricity_generation_by_source,"Electricity generation, total (SIN)",energy_water,ons_open_data,daily,2021-10-01,71235.8139,mwmed
electricity_generation_by_source,"Electricity generation, total (SIN)",energy_water,ons_open_data,daily,2021-10-02,65214.4207,mwmed
electricity_generation_by_source,"Electricity generation, total (SIN)",energy_water,ons_open_data,daily,2021-10-03,60284.1131,mwmed
electricity_generation_by_source,"Electricity generation, total (SIN)",energy_water,ons_open_data,daily,2021-10-04,70120.6858,mwmed
electricity_generation_by_source,"Electricity generation, total (SIN)",energy_water,ons_open_data,daily,2021-10-05,70735.8239,mwmed
electricity_generation_by_source,"Electricity generation, total (SIN)",energy_water,ons_open_data,daily,2021-10-06,71640.6793,mwmed
electricity_generation_by_source,"Electricity generation, total (SIN)",energy_water,ons_open_data,daily,2021-10-07,70954.0404,mwmed
electricity_generation_by_source,"Electricity generation, total (SIN)",energy_water,ons_open_data,daily,2021-10-08,69872.7218,mwmed
electricity_generation_by_source,"Electricity generation, total (SIN)",energy_water,ons_open_data,daily,2021-10-09,64341.4659,mwmed
electricity_generation_by_source,"Electricity generation, total (SIN)",energy_water,ons_open_data,daily,2021-10-10,57794.2058,mwmed
electricity_generation_by_source,"Electricity generation, total (SIN)",energy_water,ons_open_data,daily,2021-10-11,63031.6070,mwmed
electricity_generation_by_source,"Electricity generation, total (SIN)",energy_water,ons_open_data,daily,2021-10-12,59802.2083,mwmed
electricity_generation_by_source,"Electricity generation, total (SIN)",energy_water,ons_open_data,daily,2021-10-13,68103.4429,mwmed
electricity_generation_by_source,"Electricity generation, total (SIN)",energy_water,ons_open_data,daily,2021-10-14,69570.3953,mwmed
electricity_generation_by_source,"Electricity generation, total (SIN)",energy_water,ons_open_data,daily,2021-10-15,70270.1225,mwmed
electricity_generation_by_source,"Electricity generation, total (SIN)",energy_water,ons_open_data,daily,2021-10-16,64510.0805,mwmed
electricity_generation_by_source,"Electricity generation, total (SIN)",energy_water,ons_open_data,daily,2021-10-17,58242.8955,mwmed
electricity_generation_by_source,"Electricity generation, total (SIN)",energy_water,ons_open_data,daily,2021-10-18,66092.3245,mwmed
electricity_generation_by_source,"Electricity generation, total (SIN)",energy_water,ons_open_data,daily,2021-10-19,66259.4916,mwmed
electricity_generation_by_source,"Electricity generation, total (SIN)",energy_water,ons_open_data,daily,2021-10-20,65289.4946,mwmed
electricity_generation_by_source,"Electricity generation, total (SIN)",energy_water,ons_open_data,daily,2021-10-21,65155.9145,mwmed
electricity_generation_by_source,"Electricity generation, total (SIN)",energy_water,ons_open_data,daily,2021-10-22,66424.0770,mwmed
electricity_generation_by_source,"Electricity generation, total (SIN)",energy_water,ons_open_data,daily,2021-10-23,62776.5340,mwmed
electricity_generation_by_source,"Electricity generation, total (SIN)",energy_water,ons_open_data,daily,2021-10-24,57728.7330,mwmed
electricity_generation_by_source,"Electricity generation, total (SIN)",energy_water,ons_open_data,daily,2021-10-25,66127.3760,mwmed
electricity_generation_by_source,"Electricity generation, total (SIN)",energy_water,ons_open_data,daily,2021-10-26,69327.2978,mwmed
electricity_generation_by_source,"Electricity generation, total (SIN)",energy_water,ons_open_data,daily,2021-10-27,70821.3338,mwmed
electricity_generation_by_source,"Electricity generation, total (SIN)",energy_water,ons_open_data,daily,2021-10-28,71300.2980,mwmed
electricity_generation_by_source,"Electricity generation, total (SIN)",energy_water,ons_open_data,daily,2021-10-29,70545.2327,mwmed
electricity_generation_by_source,"Electricity generation, total (SIN)",energy_water,ons_open_data,daily,2021-10-30,64432.4178,mwmed
electricity_generation_by_source,"Electricity generation, total (SIN)",energy_water,ons_open_data,daily,2021-10-31,58715.1410,mwmed
electricity_generation_by_source,"Electricity generation, total (SIN)",energy_water,ons_open_data,daily,2021-11-01,65628.8895,mwmed
electricity_generation_by_source,"Electricity generation, total (SIN)",energy_water,ons_open_data,daily,2021-11-02,62066.9418,mwmed
electricity_generation_by_source,"Electricity generation, total (SIN)",energy_water,ons_open_data,daily,2021-11-03,69907.4547,mwmed
electricity_generation_by_source,"Electricity generation, total (SIN)",energy_water,ons_open_data,daily,2021-11-04,71866.9429,mwmed
electricity_generation_by_source,"Electricity generation, total (SIN)",energy_water,ons_open_data,daily,2021-11-05,72556.2566,mwmed
electricity_generation_by_source,"Electricity generation, total (SIN)",energy_water,ons_open_data,daily,2021-11-06,66405.9283,mwmed
electricity_generation_by_source,"Electricity generation, total (SIN)",energy_water,ons_open_data,daily,2021-11-07,60566.6333,mwmed
electricity_generation_by_source,"Electricity generation, total (SIN)",energy_water,ons_open_data,daily,2021-11-08,70518.3238,mwmed
electricity_generation_by_source,"Electricity generation, total (SIN)",energy_water,ons_open_data,daily,2021-11-09,70896.8530,mwmed
electricity_generation_by_source,"Electricity generation, total (SIN)",energy_water,ons_open_data,daily,2021-11-10,70491.2875,mwmed
electricity_generation_by_source,"Electricity generation, total (SIN)",energy_water,ons_open_data,daily,2021-11-11,69586.4679,mwmed
electricity_generation_by_source,"Electricity generation, total (SIN)",energy_water,ons_open_data,daily,2021-11-12,69514.4755,mwmed
electricity_generation_by_source,"Electricity generation, total (SIN)",energy_water,ons_open_data,daily,2021-11-13,63962.6457,mwmed
electricity_generation_by_source,"Electricity generation, total (SIN)",energy_water,ons_open_data,daily,2021-11-14,58892.4751,mwmed
electricity_generation_by_source,"Electricity generation, total (SIN)",energy_water,ons_open_data,daily,2021-11-15,62381.3965,mwmed
electricity_generation_by_source,"Electricity generation, total (SIN)",energy_water,ons_open_data,daily,2021-11-16,72165.2545,mwmed
electricity_generation_by_source,"Electricity generation, total (SIN)",energy_water,ons_open_data,daily,2021-11-17,74395.9851,mwmed
electricity_generation_by_source,"Electricity generation, total (SIN)",energy_water,ons_open_data,daily,2021-11-18,74122.0367,mwmed
electricity_generation_by_source,"Electricity generation, total (SIN)",energy_water,ons_open_data,daily,2021-11-19,72984.1300,mwmed
electricity_generation_by_source,"Electricity generation, total (SIN)",energy_water,ons_open_data,daily,2021-11-20,65353.0198,mwmed
electricity_generation_by_source,"Electricity generation, total (SIN)",energy_water,ons_open_data,daily,2021-11-21,59810.6381,mwmed
electricity_generation_by_source,"Electricity generation, total (SIN)",energy_water,ons_open_data,daily,2021-11-22,71216.5663,mwmed
electricity_generation_by_source,"Electricity generation, total (SIN)",energy_water,ons_open_data,daily,2021-11-23,73982.9378,mwmed
electricity_generation_by_source,"Electricity generation, total (SIN)",energy_water,ons_open_data,daily,2021-11-24,75100.3476,mwmed
electricity_generation_by_source,"Electricity generation, total (SIN)",energy_water,ons_open_data,daily,2021-11-25,76364.0873,mwmed
electricity_generation_by_source,"Electricity generation, total (SIN)",energy_water,ons_open_data,daily,2021-11-26,75197.5652,mwmed
electricity_generation_by_source,"Electricity generation, total (SIN)",energy_water,ons_open_data,daily,2021-11-27,69673.6576,mwmed
electricity_generation_by_source,"Electricity generation, total (SIN)",energy_water,ons_open_data,daily,2021-11-28,63600.7398,mwmed
electricity_generation_by_source,"Electricity generation, total (SIN)",energy_water,ons_open_data,daily,2021-11-29,75176.0031,mwmed
electricity_generation_by_source,"Electricity generation, total (SIN)",energy_water,ons_open_data,daily,2021-11-30,76338.2783,mwmed
electricity_generation_by_source,"Electricity generation, total (SIN)",energy_water,ons_open_data,daily,2021-12-01,75464.0485,mwmed
electricity_generation_by_source,"Electricity generation, total (SIN)",energy_water,ons_open_data,daily,2021-12-02,75029.7196,mwmed
electricity_generation_by_source,"Electricity generation, total (SIN)",energy_water,ons_open_data,daily,2021-12-03,74070.8157,mwmed
electricity_generation_by_source,"Electricity generation, total (SIN)",energy_water,ons_open_data,daily,2021-12-04,68280.9078,mwmed
electricity_generation_by_source,"Electricity generation, total (SIN)",energy_water,ons_open_data,daily,2021-12-05,63053.2747,mwmed
electricity_generation_by_source,"Electricity generation, total (SIN)",energy_water,ons_open_data,daily,2021-12-06,72952.7682,mwmed
electricity_generation_by_source,"Electricity generation, total (SIN)",energy_water,ons_open_data,daily,2021-12-07,72330.4275,mwmed
electricity_generation_by_source,"Electricity generation, total (SIN)",energy_water,ons_open_data,daily,2021-12-08,70984.8317,mwmed
electricity_generation_by_source,"Electricity generation, total (SIN)",energy_water,ons_open_data,daily,2021-12-09,72098.4835,mwmed
electricity_generation_by_source,"Electricity generation, total (SIN)",energy_water,ons_open_data,daily,2021-12-10,72954.9263,mwmed
electricity_generation_by_source,"Electricity generation, total (SIN)",energy_water,ons_open_data,daily,2021-12-11,68910.9316,mwmed
electricity_generation_by_source,"Electricity generation, total (SIN)",energy_water,ons_open_data,daily,2021-12-12,64770.2934,mwmed
electricity_generation_by_source,"Electricity generation, total (SIN)",energy_water,ons_open_data,daily,2021-12-13,75328.0127,mwmed
electricity_generation_by_source,"Electricity generation, total (SIN)",energy_water,ons_open_data,daily,2021-12-14,76035.2020,mwmed
electricity_generation_by_source,"Electricity generation, total (SIN)",energy_water,ons_open_data,daily,2021-12-15,75789.8866,mwmed
electricity_generation_by_source,"Electricity generation, total (SIN)",energy_water,ons_open_data,daily,2021-12-16,75897.3955,mwmed
electricity_generation_by_source,"Electricity generation, total (SIN)",energy_water,ons_open_data,daily,2021-12-17,75032.3765,mwmed
electricity_generation_by_source,"Electricity generation, total (SIN)",energy_water,ons_open_data,daily,2021-12-18,68510.3232,mwmed
electricity_generation_by_source,"Electricity generation, total (SIN)",energy_water,ons_open_data,daily,2021-12-19,62099.1903,mwmed
electricity_generation_by_source,"Electricity generation, total (SIN)",energy_water,ons_open_data,daily,2021-12-20,71332.8260,mwmed
electricity_generation_by_source,"Electricity generation, total (SIN)",energy_water,ons_open_data,daily,2021-12-21,73741.1243,mwmed
electricity_generation_by_source,"Electricity generation, total (SIN)",energy_water,ons_open_data,daily,2021-12-22,74269.7010,mwmed
electricity_generation_by_source,"Electricity generation, total (SIN)",energy_water,ons_open_data,daily,2021-12-23,71423.1739,mwmed
electricity_generation_by_source,"Electricity generation, total (SIN)",energy_water,ons_open_data,daily,2021-12-24,63607.3468,mwmed
electricity_generation_by_source,"Electricity generation, total (SIN)",energy_water,ons_open_data,daily,2021-12-25,56347.0390,mwmed
electricity_generation_by_source,"Electricity generation, total (SIN)",energy_water,ons_open_data,daily,2021-12-26,60106.8574,mwmed
electricity_generation_by_source,"Electricity generation, total (SIN)",energy_water,ons_open_data,daily,2021-12-27,68779.3298,mwmed
electricity_generation_by_source,"Electricity generation, total (SIN)",energy_water,ons_open_data,daily,2021-12-28,69655.9405,mwmed
electricity_generation_by_source,"Electricity generation, total (SIN)",energy_water,ons_open_data,daily,2021-12-29,70124.7196,mwmed
electricity_generation_by_source,"Electricity generation, total (SIN)",energy_water,ons_open_data,daily,2021-12-30,68385.0421,mwmed
electricity_generation_by_source,"Electricity generation, total (SIN)",energy_water,ons_open_data,daily,2021-12-31,62171.2705,mwmed
electricity_generation_by_source,"Electricity generation, total (SIN)",energy_water,ons_open_data,daily,2022-01-01,56490.1425,mwmed
electricity_generation_by_source,"Electricity generation, total (SIN)",energy_water,ons_open_data,daily,2022-01-02,60376.4125,mwmed
electricity_generation_by_source,"Electricity generation, total (SIN)",energy_water,ons_open_data,daily,2022-01-03,70996.2990,mwmed
electricity_generation_by_source,"Electricity generation, total (SIN)",energy_water,ons_open_data,daily,2022-01-04,73128.5869,mwmed
electricity_generation_by_source,"Electricity generation, total (SIN)",energy_water,ons_open_data,daily,2022-01-05,73005.1687,mwmed
electricity_generation_by_source,"Electricity generation, total (SIN)",energy_water,ons_open_data,daily,2022-01-06,72584.0235,mwmed
electricity_generation_by_source,"Electricity generation, total (SIN)",energy_water,ons_open_data,daily,2022-01-07,71338.9565,mwmed
electricity_generation_by_source,"Electricity generation, total (SIN)",energy_water,ons_open_data,daily,2022-01-08,65336.2847,mwmed
electricity_generation_by_source,"Electricity generation, total (SIN)",energy_water,ons_open_data,daily,2022-01-09,59775.9153,mwmed
electricity_generation_by_source,"Electricity generation, total (SIN)",energy_water,ons_open_data,daily,2022-01-10,69484.8468,mwmed
electricity_generation_by_source,"Electricity generation, total (SIN)",energy_water,ons_open_data,daily,2022-01-11,72259.8088,mwmed
electricity_generation_by_source,"Electricity generation, total (SIN)",energy_water,ons_open_data,daily,2022-01-12,73073.1806,mwmed
electricity_generation_by_source,"Electricity generation, total (SIN)",energy_water,ons_open_data,daily,2022-01-13,74026.7371,mwmed
electricity_generation_by_source,"Electricity generation, total (SIN)",energy_water,ons_open_data,daily,2022-01-14,75085.7689,mwmed
electricity_generation_by_source,"Electricity generation, total (SIN)",energy_water,ons_open_data,daily,2022-01-15,70204.3192,mwmed
electricity_generation_by_source,"Electricity generation, total (SIN)",energy_water,ons_open_data,daily,2022-01-16,64729.0414,mwmed
electricity_generation_by_source,"Electricity generation, total (SIN)",energy_water,ons_open_data,daily,2022-01-17,74540.6407,mwmed
electricity_generation_by_source,"Electricity generation, total (SIN)",energy_water,ons_open_data,daily,2022-01-18,76692.8483,mwmed
electricity_generation_by_source,"Electricity generation, total (SIN)",energy_water,ons_open_data,daily,2022-01-19,77394.0041,mwmed
electricity_generation_by_source,"Electricity generation, total (SIN)",energy_water,ons_open_data,daily,2022-01-20,78338.1474,mwmed
electricity_generation_by_source,"Electricity generation, total (SIN)",energy_water,ons_open_data,daily,2022-01-21,79338.4250,mwmed
electricity_generation_by_source,"Electricity generation, total (SIN)",energy_water,ons_open_data,daily,2022-01-22,73534.7377,mwmed
electricity_generation_by_source,"Electricity generation, total (SIN)",energy_water,ons_open_data,daily,2022-01-23,68627.5040,mwmed
electricity_generation_by_source,"Electricity generation, total (SIN)",energy_water,ons_open_data,daily,2022-01-24,79530.1559,mwmed
electricity_generation_by_source,"Electricity generation, total (SIN)",energy_water,ons_open_data,daily,2022-01-25,80438.1518,mwmed
electricity_generation_by_source,"Electricity generation, total (SIN)",energy_water,ons_open_data,daily,2022-01-26,79923.7180,mwmed
electricity_generation_by_source,"Electricity generation, total (SIN)",energy_water,ons_open_data,daily,2022-01-27,78333.9869,mwmed
electricity_generation_by_source,"Electricity generation, total (SIN)",energy_water,ons_open_data,daily,2022-01-28,75782.5944,mwmed
electricity_generation_by_source,"Electricity generation, total (SIN)",energy_water,ons_open_data,daily,2022-01-29,68042.9488,mwmed
electricity_generation_by_source,"Electricity generation, total (SIN)",energy_water,ons_open_data,daily,2022-01-30,61534.6734,mwmed
electricity_generation_by_source,"Electricity generation, total (SIN)",energy_water,ons_open_data,daily,2022-01-31,72316.5450,mwmed
electricity_generation_by_source,"Electricity generation, total (SIN)",energy_water,ons_open_data,daily,2022-02-01,74757.2325,mwmed
electricity_generation_by_source,"Electricity generation, total (SIN)",energy_water,ons_open_data,daily,2022-02-02,75765.6310,mwmed
electricity_generation_by_source,"Electricity generation, total (SIN)",energy_water,ons_open_data,daily,2022-02-03,76342.5052,mwmed
electricity_generation_by_source,"Electricity generation, total (SIN)",energy_water,ons_open_data,daily,2022-02-04,76629.0736,mwmed
electricity_generation_by_source,"Electricity generation, total (SIN)",energy_water,ons_open_data,daily,2022-02-05,71240.8496,mwmed
electricity_generation_by_source,"Electricity generation, total (SIN)",energy_water,ons_open_data,daily,2022-02-06,64653.0998,mwmed
electricity_generation_by_source,"Electricity generation, total (SIN)",energy_water,ons_open_data,daily,2022-02-07,73992.4323,mwmed
electricity_generation_by_source,"Electricity generation, total (SIN)",energy_water,ons_open_data,daily,2022-02-08,74291.6110,mwmed
electricity_generation_by_source,"Electricity generation, total (SIN)",energy_water,ons_open_data,daily,2022-02-09,74043.0885,mwmed
electricity_generation_by_source,"Electricity generation, total (SIN)",energy_water,ons_open_data,daily,2022-02-10,74507.8711,mwmed
electricity_generation_by_source,"Electricity generation, total (SIN)",energy_water,ons_open_data,daily,2022-02-11,75317.9277,mwmed
electricity_generation_by_source,"Electricity generation, total (SIN)",energy_water,ons_open_data,daily,2022-02-12,70154.7742,mwmed
electricity_generation_by_source,"Electricity generation, total (SIN)",energy_water,ons_open_data,daily,2022-02-13,64308.9721,mwmed
electricity_generation_by_source,"Electricity generation, total (SIN)",energy_water,ons_open_data,daily,2022-02-14,76020.3257,mwmed
electricity_generation_by_source,"Electricity generation, total (SIN)",energy_water,ons_open_data,daily,2022-02-15,77493.9146,mwmed
electricity_generation_by_source,"Electricity generation, total (SIN)",energy_water,ons_open_data,daily,2022-02-16,77471.6093,mwmed
electricity_generation_by_source,"Electricity generation, total (SIN)",energy_water,ons_open_data,daily,2022-02-17,76839.3714,mwmed
electricity_generation_by_source,"Electricity generation, total (SIN)",energy_water,ons_open_data,daily,2022-02-18,75422.6478,mwmed
electricity_generation_by_source,"Electricity generation, total (SIN)",energy_water,ons_open_data,daily,2022-02-19,68749.2691,mwmed
electricity_generation_by_source,"Electricity generation, total (SIN)",energy_water,ons_open_data,daily,2022-02-20,64090.0109,mwmed
electricity_generation_by_source,"Electricity generation, total (SIN)",energy_water,ons_open_data,daily,2022-02-21,75639.2771,mwmed
electricity_generation_by_source,"Electricity generation, total (SIN)",energy_water,ons_open_data,daily,2022-02-22,77983.6969,mwmed
electricity_generation_by_source,"Electricity generation, total (SIN)",energy_water,ons_open_data,daily,2022-02-23,78540.8828,mwmed
electricity_generation_by_source,"Electricity generation, total (SIN)",energy_water,ons_open_data,daily,2022-02-24,78681.0087,mwmed
electricity_generation_by_source,"Electricity generation, total (SIN)",energy_water,ons_open_data,daily,2022-02-25,79099.8915,mwmed
electricity_generation_by_source,"Electricity generation, total (SIN)",energy_water,ons_open_data,daily,2022-02-26,72386.3955,mwmed
electricity_generation_by_source,"Electricity generation, total (SIN)",energy_water,ons_open_data,daily,2022-02-27,66769.0758,mwmed
electricity_generation_by_source,"Electricity generation, total (SIN)",energy_water,ons_open_data,daily,2022-02-28,74093.5790,mwmed
electricity_generation_by_source,"Electricity generation, total (SIN)",energy_water,ons_open_data,daily,2022-03-01,73478.1597,mwmed
electricity_generation_by_source,"Electricity generation, total (SIN)",energy_water,ons_open_data,daily,2022-03-02,77930.2509,mwmed
electricity_generation_by_source,"Electricity generation, total (SIN)",energy_water,ons_open_data,daily,2022-03-03,79761.6007,mwmed
electricity_generation_by_source,"Electricity generation, total (SIN)",energy_water,ons_open_data,daily,2022-03-04,79172.9362,mwmed
electricity_generation_by_source,"Electricity generation, total (SIN)",energy_water,ons_open_data,daily,2022-03-05,72605.9177,mwmed
electricity_generation_by_source,"Electricity generation, total (SIN)",energy_water,ons_open_data,daily,2022-03-06,66810.1784,mwmed
electricity_generation_by_source,"Electricity generation, total (SIN)",energy_water,ons_open_data,daily,2022-03-07,78078.9498,mwmed
electricity_generation_by_source,"Electricity generation, total (SIN)",energy_water,ons_open_data,daily,2022-03-08,79948.6879,mwmed
electricity_generation_by_source,"Electricity generation, total (SIN)",energy_water,ons_open_data,daily,2022-03-09,80363.2623,mwmed
electricity_generation_by_source,"Electricity generation, total (SIN)",energy_water,ons_open_data,daily,2022-03-10,80427.1933,mwmed
electricity_generation_by_source,"Electricity generation, total (SIN)",energy_water,ons_open_data,daily,2022-03-11,79068.4402,mwmed
electricity_generation_by_source,"Electricity generation, total (SIN)",energy_water,ons_open_data,daily,2022-03-12,71576.0462,mwmed
electricity_generation_by_source,"Electricity generation, total (SIN)",energy_water,ons_open_data,daily,2022-03-13,65066.1057,mwmed
electricity_generation_by_source,"Electricity generation, total (SIN)",energy_water,ons_open_data,daily,2022-03-14,75388.4785,mwmed
electricity_generation_by_source,"Electricity generation, total (SIN)",energy_water,ons_open_data,daily,2022-03-15,76547.1099,mwmed
electricity_generation_by_source,"Electricity generation, total (SIN)",energy_water,ons_open_data,daily,2022-03-16,76644.5811,mwmed
electricity_generation_by_source,"Electricity generation, total (SIN)",energy_water,ons_open_data,daily,2022-03-17,77631.7433,mwmed
electricity_generation_by_source,"Electricity generation, total (SIN)",energy_water,ons_open_data,daily,2022-03-18,79161.7916,mwmed
electricity_generation_by_source,"Electricity generation, total (SIN)",energy_water,ons_open_data,daily,2022-03-19,71067.1393,mwmed
electricity_generation_by_source,"Electricity generation, total (SIN)",energy_water,ons_open_data,daily,2022-03-20,63015.7447,mwmed
electricity_generation_by_source,"Electricity generation, total (SIN)",energy_water,ons_open_data,daily,2022-03-21,71226.4703,mwmed
electricity_generation_by_source,"Electricity generation, total (SIN)",energy_water,ons_open_data,daily,2022-03-22,72210.2164,mwmed
electricity_generation_by_source,"Electricity generation, total (SIN)",energy_water,ons_open_data,daily,2022-03-23,74124.3354,mwmed
electricity_generation_by_source,"Electricity generation, total (SIN)",energy_water,ons_open_data,daily,2022-03-24,75200.8348,mwmed
electricity_generation_by_source,"Electricity generation, total (SIN)",energy_water,ons_open_data,daily,2022-03-25,74881.9828,mwmed
electricity_generation_by_source,"Electricity generation, total (SIN)",energy_water,ons_open_data,daily,2022-03-26,69123.4270,mwmed
electricity_generation_by_source,"Electricity generation, total (SIN)",energy_water,ons_open_data,daily,2022-03-27,63191.6574,mwmed
electricity_generation_by_source,"Electricity generation, total (SIN)",energy_water,ons_open_data,daily,2022-03-28,73494.8505,mwmed
electricity_generation_by_source,"Electricity generation, total (SIN)",energy_water,ons_open_data,daily,2022-03-29,74976.3255,mwmed
electricity_generation_by_source,"Electricity generation, total (SIN)",energy_water,ons_open_data,daily,2022-03-30,75987.5424,mwmed
electricity_generation_by_source,"Electricity generation, total (SIN)",energy_water,ons_open_data,daily,2022-03-31,74431.5607,mwmed
electricity_generation_by_source,"Electricity generation, total (SIN)",energy_water,ons_open_data,daily,2022-04-01,71835.6372,mwmed
electricity_generation_by_source,"Electricity generation, total (SIN)",energy_water,ons_open_data,daily,2022-04-02,65783.5407,mwmed
electricity_generation_by_source,"Electricity generation, total (SIN)",energy_water,ons_open_data,daily,2022-04-03,61057.1742,mwmed
electricity_generation_by_source,"Electricity generation, total (SIN)",energy_water,ons_open_data,daily,2022-04-04,72965.6397,mwmed
electricity_generation_by_source,"Electricity generation, total (SIN)",energy_water,ons_open_data,daily,2022-04-05,74262.8705,mwmed
electricity_generation_by_source,"Electricity generation, total (SIN)",energy_water,ons_open_data,daily,2022-04-06,74155.9365,mwmed
electricity_generation_by_source,"Electricity generation, total (SIN)",energy_water,ons_open_data,daily,2022-04-07,74051.0985,mwmed
electricity_generation_by_source,"Electricity generation, total (SIN)",energy_water,ons_open_data,daily,2022-04-08,74286.9270,mwmed
electricity_generation_by_source,"Electricity generation, total (SIN)",energy_water,ons_open_data,daily,2022-04-09,68738.6814,mwmed
electricity_generation_by_source,"Electricity generation, total (SIN)",energy_water,ons_open_data,daily,2022-04-10,63051.8847,mwmed
electricity_generation_by_source,"Electricity generation, total (SIN)",energy_water,ons_open_data,daily,2022-04-11,73616.2164,mwmed
electricity_generation_by_source,"Electricity generation, total (SIN)",energy_water,ons_open_data,daily,2022-04-12,74840.1978,mwmed
electricity_generation_by_source,"Electricity generation, total (SIN)",energy_water,ons_open_data,daily,2022-04-13,75165.4840,mwmed
electricity_generation_by_source,"Electricity generation, total (SIN)",energy_water,ons_open_data,daily,2022-04-14,72498.7561,mwmed
electricity_generation_by_source,"Electricity generation, total (SIN)",energy_water,ons_open_data,daily,2022-04-15,59704.5643,mwmed
electricity_generation_by_source,"Electricity generation, total (SIN)",energy_water,ons_open_data,daily,2022-04-16,59954.4930,mwmed
electricity_generation_by_source,"Electricity generation, total (SIN)",energy_water,ons_open_data,daily,2022-04-17,56496.8880,mwmed
electricity_generation_by_source,"Electricity generation, total (SIN)",energy_water,ons_open_data,daily,2022-04-18,67451.8768,mwmed
electricity_generation_by_source,"Electricity generation, total (SIN)",energy_water,ons_open_data,daily,2022-04-19,69552.1079,mwmed
electricity_generation_by_source,"Electricity generation, total (SIN)",energy_water,ons_open_data,daily,2022-04-20,70157.8665,mwmed
electricity_generation_by_source,"Electricity generation, total (SIN)",energy_water,ons_open_data,daily,2022-04-21,66683.8752,mwmed
electricity_generation_by_source,"Electricity generation, total (SIN)",energy_water,ons_open_data,daily,2022-04-22,69352.7527,mwmed
electricity_generation_by_source,"Electricity generation, total (SIN)",energy_water,ons_open_data,daily,2022-04-23,65450.9725,mwmed
electricity_generation_by_source,"Electricity generation, total (SIN)",energy_water,ons_open_data,daily,2022-04-24,60548.2504,mwmed
electricity_generation_by_source,"Electricity generation, total (SIN)",energy_water,ons_open_data,daily,2022-04-25,71522.1448,mwmed
electricity_generation_by_source,"Electricity generation, total (SIN)",energy_water,ons_open_data,daily,2022-04-26,73956.4982,mwmed
electricity_generation_by_source,"Electricity generation, total (SIN)",energy_water,ons_open_data,daily,2022-04-27,74775.2900,mwmed
electricity_generation_by_source,"Electricity generation, total (SIN)",energy_water,ons_open_data,daily,2022-04-28,75031.6535,mwmed
electricity_generation_by_source,"Electricity generation, total (SIN)",energy_water,ons_open_data,daily,2022-04-29,73582.2621,mwmed
electricity_generation_by_source,"Electricity generation, total (SIN)",energy_water,ons_open_data,daily,2022-04-30,66463.8435,mwmed
electricity_generation_by_source,"Electricity generation, total (SIN)",energy_water,ons_open_data,daily,2022-05-01,59372.0820,mwmed
electricity_generation_by_source,"Electricity generation, total (SIN)",energy_water,ons_open_data,daily,2022-05-02,70714.7950,mwmed
electricity_generation_by_source,"Electricity generation, total (SIN)",energy_water,ons_open_data,daily,2022-05-03,72878.5495,mwmed
electricity_generation_by_source,"Electricity generation, total (SIN)",energy_water,ons_open_data,daily,2022-05-04,71796.3443,mwmed
electricity_generation_by_source,"Electricity generation, total (SIN)",energy_water,ons_open_data,daily,2022-05-05,69887.6598,mwmed
electricity_generation_by_source,"Electricity generation, total (SIN)",energy_water,ons_open_data,daily,2022-05-06,68807.6135,mwmed
electricity_generation_by_source,"Electricity generation, total (SIN)",energy_water,ons_open_data,daily,2022-05-07,62903.5424,mwmed
electricity_generation_by_source,"Electricity generation, total (SIN)",energy_water,ons_open_data,daily,2022-05-08,56736.3382,mwmed
electricity_generation_by_source,"Electricity generation, total (SIN)",energy_water,ons_open_data,daily,2022-05-09,67301.6830,mwmed
electricity_generation_by_source,"Electricity generation, total (SIN)",energy_water,ons_open_data,daily,2022-05-10,69605.4378,mwmed
electricity_generation_by_source,"Electricity generation, total (SIN)",energy_water,ons_open_data,daily,2022-05-11,71813.1617,mwmed
electricity_generation_by_source,"Electricity generation, total (SIN)",energy_water,ons_open_data,daily,2022-05-12,71554.8925,mwmed
electricity_generation_by_source,"Electricity generation, total (SIN)",energy_water,ons_open_data,daily,2022-05-13,71126.5649,mwmed
electricity_generation_by_source,"Electricity generation, total (SIN)",energy_water,ons_open_data,daily,2022-05-14,66271.5633,mwmed
electricity_generation_by_source,"Electricity generation, total (SIN)",energy_water,ons_open_data,daily,2022-05-15,61449.3238,mwmed
electricity_generation_by_source,"Electricity generation, total (SIN)",energy_water,ons_open_data,daily,2022-05-16,71079.7905,mwmed
electricity_generation_by_source,"Electricity generation, total (SIN)",energy_water,ons_open_data,daily,2022-05-17,71023.5154,mwmed
electricity_generation_by_source,"Electricity generation, total (SIN)",energy_water,ons_open_data,daily,2022-05-18,69396.1631,mwmed
electricity_generation_by_source,"Electricity generation, total (SIN)",energy_water,ons_open_data,daily,2022-05-19,67283.1784,mwmed
electricity_generation_by_source,"Electricity generation, total (SIN)",energy_water,ons_open_data,daily,2022-05-20,66357.3772,mwmed
electricity_generation_by_source,"Electricity generation, total (SIN)",energy_water,ons_open_data,daily,2022-05-21,62852.2279,mwmed
electricity_generation_by_source,"Electricity generation, total (SIN)",energy_water,ons_open_data,daily,2022-05-22,57980.4971,mwmed
electricity_generation_by_source,"Electricity generation, total (SIN)",energy_water,ons_open_data,daily,2022-05-23,67494.3656,mwmed
electricity_generation_by_source,"Electricity generation, total (SIN)",energy_water,ons_open_data,daily,2022-05-24,69563.9122,mwmed
electricity_generation_by_source,"Electricity generation, total (SIN)",energy_water,ons_open_data,daily,2022-05-25,69782.5530,mwmed
electricity_generation_by_source,"Electricity generation, total (SIN)",energy_water,ons_open_data,daily,2022-05-26,71123.5646,mwmed
electricity_generation_by_source,"Electricity generation, total (SIN)",energy_water,ons_open_data,daily,2022-05-27,71496.6252,mwmed
electricity_generation_by_source,"Electricity generation, total (SIN)",energy_water,ons_open_data,daily,2022-05-28,66017.3970,mwmed
electricity_generation_by_source,"Electricity generation, total (SIN)",energy_water,ons_open_data,daily,2022-05-29,59779.8550,mwmed
electricity_generation_by_source,"Electricity generation, total (SIN)",energy_water,ons_open_data,daily,2022-05-30,68716.2958,mwmed
electricity_generation_by_source,"Electricity generation, total (SIN)",energy_water,ons_open_data,daily,2022-05-31,70396.8173,mwmed
electricity_generation_by_source,"Electricity generation, total (SIN)",energy_water,ons_open_data,daily,2022-06-01,70692.0640,mwmed
electricity_generation_by_source,"Electricity generation, total (SIN)",energy_water,ons_open_data,daily,2022-06-02,71498.4555,mwmed
electricity_generation_by_source,"Electricity generation, total (SIN)",energy_water,ons_open_data,daily,2022-06-03,70151.6424,mwmed
electricity_generation_by_source,"Electricity generation, total (SIN)",energy_water,ons_open_data,daily,2022-06-04,63797.3910,mwmed
electricity_generation_by_source,"Electricity generation, total (SIN)",energy_water,ons_open_data,daily,2022-06-05,58117.3882,mwmed
electricity_generation_by_source,"Electricity generation, total (SIN)",energy_water,ons_open_data,daily,2022-06-06,67217.9941,mwmed
electricity_generation_by_source,"Electricity generation, total (SIN)",energy_water,ons_open_data,daily,2022-06-07,69425.5630,mwmed
electricity_generation_by_source,"Electricity generation, total (SIN)",energy_water,ons_open_data,daily,2022-06-08,70507.4675,mwmed
electricity_generation_by_source,"Electricity generation, total (SIN)",energy_water,ons_open_data,daily,2022-06-09,70383.5355,mwmed
electricity_generation_by_source,"Electricity generation, total (SIN)",energy_water,ons_open_data,daily,2022-06-10,70021.1055,mwmed
electricity_generation_by_source,"Electricity generation, total (SIN)",energy_water,ons_open_data,daily,2022-06-11,64519.8236,mwmed
electricity_generation_by_source,"Electricity generation, total (SIN)",energy_water,ons_open_data,daily,2022-06-12,58100.4686,mwmed
electricity_generation_by_source,"Electricity generation, total (SIN)",energy_water,ons_open_data,daily,2022-06-13,66493.1360,mwmed
electricity_generation_by_source,"Electricity generation, total (SIN)",energy_water,ons_open_data,daily,2022-06-14,67906.8287,mwmed
electricity_generation_by_source,"Electricity generation, total (SIN)",energy_water,ons_open_data,daily,2022-06-15,68531.8895,mwmed
electricity_generation_by_source,"Electricity generation, total (SIN)",energy_water,ons_open_data,daily,2022-06-16,63832.1255,mwmed
electricity_generation_by_source,"Electricity generation, total (SIN)",energy_water,ons_open_data,daily,2022-06-17,66396.4730,mwmed
electricity_generation_by_source,"Electricity generation, total (SIN)",energy_water,ons_open_data,daily,2022-06-18,63581.2194,mwmed
electricity_generation_by_source,"Electricity generation, total (SIN)",energy_water,ons_open_data,daily,2022-06-19,58831.7442,mwmed
electricity_generation_by_source,"Electricity generation, total (SIN)",energy_water,ons_open_data,daily,2022-06-20,67773.7770,mwmed
electricity_generation_by_source,"Electricity generation, total (SIN)",energy_water,ons_open_data,daily,2022-06-21,69768.1668,mwmed
electricity_generation_by_source,"Electricity generation, total (SIN)",energy_water,ons_open_data,daily,2022-06-22,69360.6884,mwmed
electricity_generation_by_source,"Electricity generation, total (SIN)",energy_water,ons_open_data,daily,2022-06-23,69431.6320,mwmed
electricity_generation_by_source,"Electricity generation, total (SIN)",energy_water,ons_open_data,daily,2022-06-24,68437.1439,mwmed
electricity_generation_by_source,"Electricity generation, total (SIN)",energy_water,ons_open_data,daily,2022-06-25,63572.8480,mwmed
electricity_generation_by_source,"Electricity generation, total (SIN)",energy_water,ons_open_data,daily,2022-06-26,57764.7893,mwmed
electricity_generation_by_source,"Electricity generation, total (SIN)",energy_water,ons_open_data,daily,2022-06-27,65893.7264,mwmed
electricity_generation_by_source,"Electricity generation, total (SIN)",energy_water,ons_open_data,daily,2022-06-28,67399.2074,mwmed
electricity_generation_by_source,"Electricity generation, total (SIN)",energy_water,ons_open_data,daily,2022-06-29,67685.0085,mwmed
electricity_generation_by_source,"Electricity generation, total (SIN)",energy_water,ons_open_data,daily,2022-06-30,68027.8712,mwmed
electricity_generation_by_source,"Electricity generation, total (SIN)",energy_water,ons_open_data,daily,2022-07-01,68330.1500,mwmed
electricity_generation_by_source,"Electricity generation, total (SIN)",energy_water,ons_open_data,daily,2022-07-02,63260.8460,mwmed
electricity_generation_by_source,"Electricity generation, total (SIN)",energy_water,ons_open_data,daily,2022-07-03,57851.5608,mwmed
electricity_generation_by_source,"Electricity generation, total (SIN)",energy_water,ons_open_data,daily,2022-07-04,66788.6129,mwmed
electricity_generation_by_source,"Electricity generation, total (SIN)",energy_water,ons_open_data,daily,2022-07-05,68250.0882,mwmed
electricity_generation_by_source,"Electricity generation, total (SIN)",energy_water,ons_open_data,daily,2022-07-06,69196.7092,mwmed
electricity_generation_by_source,"Electricity generation, total (SIN)",energy_water,ons_open_data,daily,2022-07-07,69613.4787,mwmed
electricity_generation_by_source,"Electricity generation, total (SIN)",energy_water,ons_open_data,daily,2022-07-08,69639.3113,mwmed
electricity_generation_by_source,"Electricity generation, total (SIN)",energy_water,ons_open_data,daily,2022-07-09,63654.2269,mwmed
electricity_generation_by_source,"Electricity generation, total (SIN)",energy_water,ons_open_data,daily,2022-07-10,58622.9473,mwmed
electricity_generation_by_source,"Electricity generation, total (SIN)",energy_water,ons_open_data,daily,2022-07-11,68344.7753,mwmed
electricity_generation_by_source,"Electricity generation, total (SIN)",energy_water,ons_open_data,daily,2022-07-12,70964.2589,mwmed
electricity_generation_by_source,"Electricity generation, total (SIN)",energy_water,ons_open_data,daily,2022-07-13,70831.3590,mwmed
electricity_generation_by_source,"Electricity generation, total (SIN)",energy_water,ons_open_data,daily,2022-07-14,71033.3205,mwmed
electricity_generation_by_source,"Electricity generation, total (SIN)",energy_water,ons_open_data,daily,2022-07-15,70684.2432,mwmed
electricity_generation_by_source,"Electricity generation, total (SIN)",energy_water,ons_open_data,daily,2022-07-16,65409.2158,mwmed
electricity_generation_by_source,"Electricity generation, total (SIN)",energy_water,ons_open_data,daily,2022-07-17,59464.0348,mwmed
electricity_generation_by_source,"Electricity generation, total (SIN)",energy_water,ons_open_data,daily,2022-07-18,68563.5913,mwmed
electricity_generation_by_source,"Electricity generation, total (SIN)",energy_water,ons_open_data,daily,2022-07-19,70614.8345,mwmed
electricity_generation_by_source,"Electricity generation, total (SIN)",energy_water,ons_open_data,daily,2022-07-20,70217.8827,mwmed
electricity_generation_by_source,"Electricity generation, total (SIN)",energy_water,ons_open_data,daily,2022-07-21,70188.5885,mwmed
electricity_generation_by_source,"Electricity generation, total (SIN)",energy_water,ons_open_data,daily,2022-07-22,69989.6180,mwmed
electricity_generation_by_source,"Electricity generation, total (SIN)",energy_water,ons_open_data,daily,2022-07-23,64384.3573,mwmed
electricity_generation_by_source,"Electricity generation, total (SIN)",energy_water,ons_open_data,daily,2022-07-24,58009.8562,mwmed
electricity_generation_by_source,"Electricity generation, total (SIN)",energy_water,ons_open_data,daily,2022-07-25,67702.6440,mwmed
electricity_generation_by_source,"Electricity generation, total (SIN)",energy_water,ons_open_data,daily,2022-07-26,69972.7770,mwmed
electricity_generation_by_source,"Electricity generation, total (SIN)",energy_water,ons_open_data,daily,2022-07-27,70318.7027,mwmed
electricity_generation_by_source,"Electricity generation, total (SIN)",energy_water,ons_open_data,daily,2022-07-28,69680.7167,mwmed
electricity_generation_by_source,"Electricity generation, total (SIN)",energy_water,ons_open_data,daily,2022-07-29,69245.5237,mwmed
electricity_generation_by_source,"Electricity generation, total (SIN)",energy_water,ons_open_data,daily,2022-07-30,63924.7019,mwmed
electricity_generation_by_source,"Electricity generation, total (SIN)",energy_water,ons_open_data,daily,2022-07-31,58480.0188,mwmed
electricity_generation_by_source,"Electricity generation, total (SIN)",energy_water,ons_open_data,daily,2022-08-01,68032.1743,mwmed
electricity_generation_by_source,"Electricity generation, total (SIN)",energy_water,ons_open_data,daily,2022-08-02,70435.6181,mwmed
electricity_generation_by_source,"Electricity generation, total (SIN)",energy_water,ons_open_data,daily,2022-08-03,71388.1812,mwmed
electricity_generation_by_source,"Electricity generation, total (SIN)",energy_water,ons_open_data,daily,2022-08-04,71269.4920,mwmed
electricity_generation_by_source,"Electricity generation, total (SIN)",energy_water,ons_open_data,daily,2022-08-05,70860.1982,mwmed
electricity_generation_by_source,"Electricity generation, total (SIN)",energy_water,ons_open_data,daily,2022-08-06,65663.5518,mwmed
electricity_generation_by_source,"Electricity generation, total (SIN)",energy_water,ons_open_data,daily,2022-08-07,60065.9826,mwmed
electricity_generation_by_source,"Electricity generation, total (SIN)",energy_water,ons_open_data,daily,2022-08-08,68728.2714,mwmed
electricity_generation_by_source,"Electricity generation, total (SIN)",energy_water,ons_open_data,daily,2022-08-09,71887.7827,mwmed
electricity_generation_by_source,"Electricity generation, total (SIN)",energy_water,ons_open_data,daily,2022-08-10,70618.8235,mwmed
electricity_generation_by_source,"Electricity generation, total (SIN)",energy_water,ons_open_data,daily,2022-08-11,68544.5280,mwmed
electricity_generation_by_source,"Electricity generation, total (SIN)",energy_water,ons_open_data,daily,2022-08-12,67724.0697,mwmed
electricity_generation_by_source,"Electricity generation, total (SIN)",energy_water,ons_open_data,daily,2022-08-13,63255.9722,mwmed
electricity_generation_by_source,"Electricity generation, total (SIN)",energy_water,ons_open_data,daily,2022-08-14,56667.3437,mwmed
electricity_generation_by_source,"Electricity generation, total (SIN)",energy_water,ons_open_data,daily,2022-08-15,66009.3700,mwmed
electricity_generation_by_source,"Electricity generation, total (SIN)",energy_water,ons_open_data,daily,2022-08-16,70139.6848,mwmed
electricity_generation_by_source,"Electricity generation, total (SIN)",energy_water,ons_open_data,daily,2022-08-17,70834.0964,mwmed
electricity_generation_by_source,"Electricity generation, total (SIN)",energy_water,ons_open_data,daily,2022-08-18,71792.8860,mwmed
electricity_generation_by_source,"Electricity generation, total (SIN)",energy_water,ons_open_data,daily,2022-08-19,69178.5769,mwmed
electricity_generation_by_source,"Electricity generation, total (SIN)",energy_water,ons_open_data,daily,2022-08-20,62772.0171,mwmed
electricity_generation_by_source,"Electricity generation, total (SIN)",energy_water,ons_open_data,daily,2022-08-21,57083.0513,mwmed
electricity_generation_by_source,"Electricity generation, total (SIN)",energy_water,ons_open_data,daily,2022-08-22,66491.5990,mwmed
electricity_generation_by_source,"Electricity generation, total (SIN)",energy_water,ons_open_data,daily,2022-08-23,68225.7458,mwmed
electricity_generation_by_source,"Electricity generation, total (SIN)",energy_water,ons_open_data,daily,2022-08-24,69148.8498,mwmed
electricity_generation_by_source,"Electricity generation, total (SIN)",energy_water,ons_open_data,daily,2022-08-25,69416.1497,mwmed
electricity_generation_by_source,"Electricity generation, total (SIN)",energy_water,ons_open_data,daily,2022-08-26,70366.4931,mwmed
electricity_generation_by_source,"Electricity generation, total (SIN)",energy_water,ons_open_data,daily,2022-08-27,65134.2708,mwmed
electricity_generation_by_source,"Electricity generation, total (SIN)",energy_water,ons_open_data,daily,2022-08-28,60018.1780,mwmed
electricity_generation_by_source,"Electricity generation, total (SIN)",energy_water,ons_open_data,daily,2022-08-29,68047.1463,mwmed
electricity_generation_by_source,"Electricity generation, total (SIN)",energy_water,ons_open_data,daily,2022-08-30,68658.3548,mwmed
electricity_generation_by_source,"Electricity generation, total (SIN)",energy_water,ons_open_data,daily,2022-08-31,68415.2385,mwmed
electricity_generation_by_source,"Electricity generation, total (SIN)",energy_water,ons_open_data,daily,2022-09-01,68398.9477,mwmed
electricity_generation_by_source,"Electricity generation, total (SIN)",energy_water,ons_open_data,daily,2022-09-02,69768.5412,mwmed
electricity_generation_by_source,"Electricity generation, total (SIN)",energy_water,ons_open_data,daily,2022-09-03,64329.2475,mwmed
electricity_generation_by_source,"Electricity generation, total (SIN)",energy_water,ons_open_data,daily,2022-09-04,58391.0230,mwmed
electricity_generation_by_source,"Electricity generation, total (SIN)",energy_water,ons_open_data,daily,2022-09-05,68061.8361,mwmed
electricity_generation_by_source,"Electricity generation, total (SIN)",energy_water,ons_open_data,daily,2022-09-06,70272.2245,mwmed
electricity_generation_by_source,"Electricity generation, total (SIN)",energy_water,ons_open_data,daily,2022-09-07,64618.8817,mwmed
electricity_generation_by_source,"Electricity generation, total (SIN)",energy_water,ons_open_data,daily,2022-09-08,70175.7812,mwmed
electricity_generation_by_source,"Electricity generation, total (SIN)",energy_water,ons_open_data,daily,2022-09-09,70999.2789,mwmed
electricity_generation_by_source,"Electricity generation, total (SIN)",energy_water,ons_open_data,daily,2022-09-10,66645.1297,mwmed
electricity_generation_by_source,"Electricity generation, total (SIN)",energy_water,ons_open_data,daily,2022-09-11,60268.4610,mwmed
electricity_generation_by_source,"Electricity generation, total (SIN)",energy_water,ons_open_data,daily,2022-09-12,70615.9420,mwmed
electricity_generation_by_source,"Electricity generation, total (SIN)",energy_water,ons_open_data,daily,2022-09-13,72512.9277,mwmed
electricity_generation_by_source,"Electricity generation, total (SIN)",energy_water,ons_open_data,daily,2022-09-14,73300.0135,mwmed
electricity_generation_by_source,"Electricity generation, total (SIN)",energy_water,ons_open_data,daily,2022-09-15,72146.4249,mwmed
electricity_generation_by_source,"Electricity generation, total (SIN)",energy_water,ons_open_data,daily,2022-09-16,70769.8818,mwmed
electricity_generation_by_source,"Electricity generation, total (SIN)",energy_water,ons_open_data,daily,2022-09-17,63855.4537,mwmed
electricity_generation_by_source,"Electricity generation, total (SIN)",energy_water,ons_open_data,daily,2022-09-18,57490.4548,mwmed
electricity_generation_by_source,"Electricity generation, total (SIN)",energy_water,ons_open_data,daily,2022-09-19,68074.7309,mwmed
electricity_generation_by_source,"Electricity generation, total (SIN)",energy_water,ons_open_data,daily,2022-09-20,70590.4073,mwmed
electricity_generation_by_source,"Electricity generation, total (SIN)",energy_water,ons_open_data,daily,2022-09-21,72878.6662,mwmed
electricity_generation_by_source,"Electricity generation, total (SIN)",energy_water,ons_open_data,daily,2022-09-22,73408.2928,mwmed
electricity_generation_by_source,"Electricity generation, total (SIN)",energy_water,ons_open_data,daily,2022-09-23,70686.7330,mwmed
electricity_generation_by_source,"Electricity generation, total (SIN)",energy_water,ons_open_data,daily,2022-09-24,63780.8359,mwmed
electricity_generation_by_source,"Electricity generation, total (SIN)",energy_water,ons_open_data,daily,2022-09-25,58448.9012,mwmed
electricity_generation_by_source,"Electricity generation, total (SIN)",energy_water,ons_open_data,daily,2022-09-26,69178.4798,mwmed
electricity_generation_by_source,"Electricity generation, total (SIN)",energy_water,ons_open_data,daily,2022-09-27,71732.3359,mwmed
electricity_generation_by_source,"Electricity generation, total (SIN)",energy_water,ons_open_data,daily,2022-09-28,71754.4575,mwmed
electricity_generation_by_source,"Electricity generation, total (SIN)",energy_water,ons_open_data,daily,2022-09-29,70299.0427,mwmed
electricity_generation_by_source,"Electricity generation, total (SIN)",energy_water,ons_open_data,daily,2022-09-30,69384.6711,mwmed
electricity_generation_by_source,"Electricity generation, total (SIN)",energy_water,ons_open_data,daily,2022-10-01,63537.3182,mwmed
electricity_generation_by_source,"Electricity generation, total (SIN)",energy_water,ons_open_data,daily,2022-10-02,57668.5436,mwmed
electricity_generation_by_source,"Electricity generation, total (SIN)",energy_water,ons_open_data,daily,2022-10-03,67545.8383,mwmed
electricity_generation_by_source,"Electricity generation, total (SIN)",energy_water,ons_open_data,daily,2022-10-04,69527.1310,mwmed
electricity_generation_by_source,"Electricity generation, total (SIN)",energy_water,ons_open_data,daily,2022-10-05,69794.0542,mwmed
electricity_generation_by_source,"Electricity generation, total (SIN)",energy_water,ons_open_data,daily,2022-10-06,72232.0511,mwmed
electricity_generation_by_source,"Electricity generation, total (SIN)",energy_water,ons_open_data,daily,2022-10-07,71546.0558,mwmed
electricity_generation_by_source,"Electricity generation, total (SIN)",energy_water,ons_open_data,daily,2022-10-08,65002.6901,mwmed
electricity_generation_by_source,"Electricity generation, total (SIN)",energy_water,ons_open_data,daily,2022-10-09,59836.0404,mwmed
electricity_generation_by_source,"Electricity generation, total (SIN)",energy_water,ons_open_data,daily,2022-10-10,69383.5608,mwmed
electricity_generation_by_source,"Electricity generation, total (SIN)",energy_water,ons_open_data,daily,2022-10-11,71850.0072,mwmed
electricity_generation_by_source,"Electricity generation, total (SIN)",energy_water,ons_open_data,daily,2022-10-12,63868.1577,mwmed
electricity_generation_by_source,"Electricity generation, total (SIN)",energy_water,ons_open_data,daily,2022-10-13,70919.3603,mwmed
electricity_generation_by_source,"Electricity generation, total (SIN)",energy_water,ons_open_data,daily,2022-10-14,72010.9764,mwmed
electricity_generation_by_source,"Electricity generation, total (SIN)",energy_water,ons_open_data,daily,2022-10-15,65540.4127,mwmed
electricity_generation_by_source,"Electricity generation, total (SIN)",energy_water,ons_open_data,daily,2022-10-16,59757.9262,mwmed
electricity_generation_by_source,"Electricity generation, total (SIN)",energy_water,ons_open_data,daily,2022-10-17,70577.7276,mwmed
electricity_generation_by_source,"Electricity generation, total (SIN)",energy_water,ons_open_data,daily,2022-10-18,73330.2538,mwmed
electricity_generation_by_source,"Electricity generation, total (SIN)",energy_water,ons_open_data,daily,2022-10-19,73365.7705,mwmed
electricity_generation_by_source,"Electricity generation, total (SIN)",energy_water,ons_open_data,daily,2022-10-20,74229.2597,mwmed
electricity_generation_by_source,"Electricity generation, total (SIN)",energy_water,ons_open_data,daily,2022-10-21,74199.4372,mwmed
electricity_generation_by_source,"Electricity generation, total (SIN)",energy_water,ons_open_data,daily,2022-10-22,67280.0889,mwmed
electricity_generation_by_source,"Electricity generation, total (SIN)",energy_water,ons_open_data,daily,2022-10-23,60266.7659,mwmed
electricity_generation_by_source,"Electricity generation, total (SIN)",energy_water,ons_open_data,daily,2022-10-24,70031.1631,mwmed
electricity_generation_by_source,"Electricity generation, total (SIN)",energy_water,ons_open_data,daily,2022-10-25,71253.0210,mwmed
electricity_generation_by_source,"Electricity generation, total (SIN)",energy_water,ons_open_data,daily,2022-10-26,72365.7251,mwmed
electricity_generation_by_source,"Electricity generation, total (SIN)",energy_water,ons_open_data,daily,2022-10-27,74020.1728,mwmed
electricity_generation_by_source,"Electricity generation, total (SIN)",energy_water,ons_open_data,daily,2022-10-28,73900.1800,mwmed
electricity_generation_by_source,"Electricity generation, total (SIN)",energy_water,ons_open_data,daily,2022-10-29,69190.4787,mwmed
electricity_generation_by_source,"Electricity generation, total (SIN)",energy_water,ons_open_data,daily,2022-10-30,63803.6208,mwmed
electricity_generation_by_source,"Electricity generation, total (SIN)",energy_water,ons_open_data,daily,2022-10-31,73796.2466,mwmed
electricity_generation_by_source,"Electricity generation, total (SIN)",energy_water,ons_open_data,daily,2022-11-01,70622.8390,mwmed
electricity_generation_by_source,"Electricity generation, total (SIN)",energy_water,ons_open_data,daily,2022-11-02,60710.7847,mwmed
electricity_generation_by_source,"Electricity generation, total (SIN)",energy_water,ons_open_data,daily,2022-11-03,65522.4599,mwmed
electricity_generation_by_source,"Electricity generation, total (SIN)",energy_water,ons_open_data,daily,2022-11-04,66308.5898,mwmed
electricity_generation_by_source,"Electricity generation, total (SIN)",energy_water,ons_open_data,daily,2022-11-05,61442.8179,mwmed
electricity_generation_by_source,"Electricity generation, total (SIN)",energy_water,ons_open_data,daily,2022-11-06,56823.8188,mwmed
electricity_generation_by_source,"Electricity generation, total (SIN)",energy_water,ons_open_data,daily,2022-11-07,66651.5507,mwmed
electricity_generation_by_source,"Electricity generation, total (SIN)",energy_water,ons_open_data,daily,2022-11-08,68776.9590,mwmed
electricity_generation_by_source,"Electricity generation, total (SIN)",energy_water,ons_open_data,daily,2022-11-09,69937.2768,mwmed
electricity_generation_by_source,"Electricity generation, total (SIN)",energy_water,ons_open_data,daily,2022-11-10,71719.7685,mwmed
electricity_generation_by_source,"Electricity generation, total (SIN)",energy_water,ons_open_data,daily,2022-11-11,72727.2675,mwmed
electricity_generation_by_source,"Electricity generation, total (SIN)",energy_water,ons_open_data,daily,2022-11-12,66461.4461,mwmed
electricity_generation_by_source,"Electricity generation, total (SIN)",energy_water,ons_open_data,daily,2022-11-13,61207.7288,mwmed
electricity_generation_by_source,"Electricity generation, total (SIN)",energy_water,ons_open_data,daily,2022-11-14,69398.6555,mwmed
electricity_generation_by_source,"Electricity generation, total (SIN)",energy_water,ons_open_data,daily,2022-11-15,66092.3816,mwmed
electricity_generation_by_source,"Electricity generation, total (SIN)",energy_water,ons_open_data,daily,2022-11-16,71426.0601,mwmed
electricity_generation_by_source,"Electricity generation, total (SIN)",energy_water,ons_open_data,daily,2022-11-17,72113.7700,mwmed
electricity_generation_by_source,"Electricity generation, total (SIN)",energy_water,ons_open_data,daily,2022-11-18,72874.9271,mwmed
electricity_generation_by_source,"Electricity generation, total (SIN)",energy_water,ons_open_data,daily,2022-11-19,67225.8182,mwmed
electricity_generation_by_source,"Electricity generation, total (SIN)",energy_water,ons_open_data,daily,2022-11-20,62338.6218,mwmed
electricity_generation_by_source,"Electricity generation, total (SIN)",energy_water,ons_open_data,daily,2022-11-21,73903.4295,mwmed
electricity_generation_by_source,"Electricity generation, total (SIN)",energy_water,ons_open_data,daily,2022-11-22,75522.8410,mwmed
electricity_generation_by_source,"Electricity generation, total (SIN)",energy_water,ons_open_data,daily,2022-11-23,75541.1096,mwmed
electricity_generation_by_source,"Electricity generation, total (SIN)",energy_water,ons_open_data,daily,2022-11-24,72452.2392,mwmed
electricity_generation_by_source,"Electricity generation, total (SIN)",energy_water,ons_open_data,daily,2022-11-25,73011.1924,mwmed
electricity_generation_by_source,"Electricity generation, total (SIN)",energy_water,ons_open_data,daily,2022-11-26,67551.9201,mwmed
electricity_generation_by_source,"Electricity generation, total (SIN)",energy_water,ons_open_data,daily,2022-11-27,62684.1801,mwmed
electricity_generation_by_source,"Electricity generation, total (SIN)",energy_water,ons_open_data,daily,2022-11-28,70892.2228,mwmed
electricity_generation_by_source,"Electricity generation, total (SIN)",energy_water,ons_open_data,daily,2022-11-29,74098.5273,mwmed
electricity_generation_by_source,"Electricity generation, total (SIN)",energy_water,ons_open_data,daily,2022-11-30,74052.4421,mwmed
electricity_generation_by_source,"Electricity generation, total (SIN)",energy_water,ons_open_data,daily,2022-12-01,74594.4042,mwmed
electricity_generation_by_source,"Electricity generation, total (SIN)",energy_water,ons_open_data,daily,2022-12-02,73753.9162,mwmed
electricity_generation_by_source,"Electricity generation, total (SIN)",energy_water,ons_open_data,daily,2022-12-03,69319.0083,mwmed
electricity_generation_by_source,"Electricity generation, total (SIN)",energy_water,ons_open_data,daily,2022-12-04,63307.5545,mwmed
electricity_generation_by_source,"Electricity generation, total (SIN)",energy_water,ons_open_data,daily,2022-12-05,71553.7761,mwmed
electricity_generation_by_source,"Electricity generation, total (SIN)",energy_water,ons_open_data,daily,2022-12-06,74979.8636,mwmed
electricity_generation_by_source,"Electricity generation, total (SIN)",energy_water,ons_open_data,daily,2022-12-07,76387.5675,mwmed
electricity_generation_by_source,"Electricity generation, total (SIN)",energy_water,ons_open_data,daily,2022-12-08,76438.7920,mwmed
electricity_generation_by_source,"Electricity generation, total (SIN)",energy_water,ons_open_data,daily,2022-12-09,76011.6288,mwmed
electricity_generation_by_source,"Electricity generation, total (SIN)",energy_water,ons_open_data,daily,2022-12-10,71933.2347,mwmed
electricity_generation_by_source,"Electricity generation, total (SIN)",energy_water,ons_open_data,daily,2022-12-11,67815.3963,mwmed
electricity_generation_by_source,"Electricity generation, total (SIN)",energy_water,ons_open_data,daily,2022-12-12,79190.3640,mwmed
electricity_generation_by_source,"Electricity generation, total (SIN)",energy_water,ons_open_data,daily,2022-12-13,76454.2513,mwmed
electricity_generation_by_source,"Electricity generation, total (SIN)",energy_water,ons_open_data,daily,2022-12-14,74127.1715,mwmed
electricity_generation_by_source,"Electricity generation, total (SIN)",energy_water,ons_open_data,daily,2022-12-15,74153.4564,mwmed
electricity_generation_by_source,"Electricity generation, total (SIN)",energy_water,ons_open_data,daily,2022-12-16,74190.7968,mwmed
electricity_generation_by_source,"Electricity generation, total (SIN)",energy_water,ons_open_data,daily,2022-12-17,67180.9482,mwmed
electricity_generation_by_source,"Electricity generation, total (SIN)",energy_water,ons_open_data,daily,2022-12-18,61802.6460,mwmed
electricity_generation_by_source,"Electricity generation, total (SIN)",energy_water,ons_open_data,daily,2022-12-19,69831.5448,mwmed
electricity_generation_by_source,"Electricity generation, total (SIN)",energy_water,ons_open_data,daily,2022-12-20,70175.3691,mwmed
electricity_generation_by_source,"Electricity generation, total (SIN)",energy_water,ons_open_data,daily,2022-12-21,69209.0121,mwmed
electricity_generation_by_source,"Electricity generation, total (SIN)",energy_water,ons_open_data,daily,2022-12-22,68373.1331,mwmed
electricity_generation_by_source,"Electricity generation, total (SIN)",energy_water,ons_open_data,daily,2022-12-23,67692.9821,mwmed
electricity_generation_by_source,"Electricity generation, total (SIN)",energy_water,ons_open_data,daily,2022-12-24,61305.9644,mwmed
electricity_generation_by_source,"Electricity generation, total (SIN)",energy_water,ons_open_data,daily,2022-12-25,55599.6012,mwmed
electricity_generation_by_source,"Electricity generation, total (SIN)",energy_water,ons_open_data,daily,2022-12-26,65388.7037,mwmed
electricity_generation_by_source,"Electricity generation, total (SIN)",energy_water,ons_open_data,daily,2022-12-27,67858.0213,mwmed
electricity_generation_by_source,"Electricity generation, total (SIN)",energy_water,ons_open_data,daily,2022-12-28,67964.8665,mwmed
electricity_generation_by_source,"Electricity generation, total (SIN)",energy_water,ons_open_data,daily,2022-12-29,67027.8214,mwmed
electricity_generation_by_source,"Electricity generation, total (SIN)",energy_water,ons_open_data,daily,2022-12-30,65767.0481,mwmed
electricity_generation_by_source,"Electricity generation, total (SIN)",energy_water,ons_open_data,daily,2022-12-31,61149.6944,mwmed
electricity_generation_by_source,"Electricity generation, total (SIN)",energy_water,ons_open_data,daily,2023-01-01,56341.9716,mwmed
electricity_generation_by_source,"Electricity generation, total (SIN)",energy_water,ons_open_data,daily,2023-01-02,67533.8662,mwmed
electricity_generation_by_source,"Electricity generation, total (SIN)",energy_water,ons_open_data,daily,2023-01-03,71152.8605,mwmed
electricity_generation_by_source,"Electricity generation, total (SIN)",energy_water,ons_open_data,daily,2023-01-04,71169.0952,mwmed
electricity_generation_by_source,"Electricity generation, total (SIN)",energy_water,ons_open_data,daily,2023-01-05,69416.2749,mwmed
electricity_generation_by_source,"Electricity generation, total (SIN)",energy_water,ons_open_data,daily,2023-01-06,68238.2357,mwmed
electricity_generation_by_source,"Electricity generation, total (SIN)",energy_water,ons_open_data,daily,2023-01-07,63251.8378,mwmed
electricity_generation_by_source,"Electricity generation, total (SIN)",energy_water,ons_open_data,daily,2023-01-08,60099.9790,mwmed
electricity_generation_by_source,"Electricity generation, total (SIN)",energy_water,ons_open_data,daily,2023-01-09,69474.8140,mwmed
electricity_generation_by_source,"Electricity generation, total (SIN)",energy_water,ons_open_data,daily,2023-01-10,71639.0213,mwmed
electricity_generation_by_source,"Electricity generation, total (SIN)",energy_water,ons_open_data,daily,2023-01-11,73637.7786,mwmed
electricity_generation_by_source,"Electricity generation, total (SIN)",energy_water,ons_open_data,daily,2023-01-12,75719.6463,mwmed
electricity_generation_by_source,"Electricity generation, total (SIN)",energy_water,ons_open_data,daily,2023-01-13,76410.2505,mwmed
electricity_generation_by_source,"Electricity generation, total (SIN)",energy_water,ons_open_data,daily,2023-01-14,70019.3010,mwmed
electricity_generation_by_source,"Electricity generation, total (SIN)",energy_water,ons_open_data,daily,2023-01-15,64742.5250,mwmed
electricity_generation_by_source,"Electricity generation, total (SIN)",energy_water,ons_open_data,daily,2023-01-16,76327.5623,mwmed
electricity_generation_by_source,"Electricity generation, total (SIN)",energy_water,ons_open_data,daily,2023-01-17,78185.6798,mwmed
electricity_generation_by_source,"Electricity generation, total (SIN)",energy_water,ons_open_data,daily,2023-01-18,77602.8640,mwmed
electricity_generation_by_source,"Electricity generation, total (SIN)",energy_water,ons_open_data,daily,2023-01-19,77284.1337,mwmed
electricity_generation_by_source,"Electricity generation, total (SIN)",energy_water,ons_open_data,daily,2023-01-20,76359.1005,mwmed
electricity_generation_by_source,"Electricity generation, total (SIN)",energy_water,ons_open_data,daily,2023-01-21,70127.2753,mwmed
electricity_generation_by_source,"Electricity generation, total (SIN)",energy_water,ons_open_data,daily,2023-01-22,64374.0350,mwmed
electricity_generation_by_source,"Electricity generation, total (SIN)",energy_water,ons_open_data,daily,2023-01-23,76236.9286,mwmed
electricity_generation_by_source,"Electricity generation, total (SIN)",energy_water,ons_open_data,daily,2023-01-24,77099.2112,mwmed
electricity_generation_by_source,"Electricity generation, total (SIN)",energy_water,ons_open_data,daily,2023-01-25,77670.7982,mwmed
electricity_generation_by_source,"Electricity generation, total (SIN)",energy_water,ons_open_data,daily,2023-01-26,78006.3992,mwmed
electricity_generation_by_source,"Electricity generation, total (SIN)",energy_water,ons_open_data,daily,2023-01-27,78194.3381,mwmed
electricity_generation_by_source,"Electricity generation, total (SIN)",energy_water,ons_open_data,daily,2023-01-28,72561.1766,mwmed
electricity_generation_by_source,"Electricity generation, total (SIN)",energy_water,ons_open_data,daily,2023-01-29,66053.3605,mwmed
electricity_generation_by_source,"Electricity generation, total (SIN)",energy_water,ons_open_data,daily,2023-01-30,76011.1113,mwmed
electricity_generation_by_source,"Electricity generation, total (SIN)",energy_water,ons_open_data,daily,2023-01-31,78200.0168,mwmed
electricity_generation_by_source,"Electricity generation, total (SIN)",energy_water,ons_open_data,daily,2023-02-01,78654.3598,mwmed
electricity_generation_by_source,"Electricity generation, total (SIN)",energy_water,ons_open_data,daily,2023-02-02,79528.6450,mwmed
electricity_generation_by_source,"Electricity generation, total (SIN)",energy_water,ons_open_data,daily,2023-02-03,78734.6866,mwmed
electricity_generation_by_source,"Electricity generation, total (SIN)",energy_water,ons_open_data,daily,2023-02-04,71600.3457,mwmed
electricity_generation_by_source,"Electricity generation, total (SIN)",energy_water,ons_open_data,daily,2023-02-05,66783.6735,mwmed
electricity_generation_by_source,"Electricity generation, total (SIN)",energy_water,ons_open_data,daily,2023-02-06,78519.0937,mwmed
electricity_generation_by_source,"Electricity generation, total (SIN)",energy_water,ons_open_data,daily,2023-02-07,79649.2881,mwmed
electricity_generation_by_source,"Electricity generation, total (SIN)",energy_water,ons_open_data,daily,2023-02-08,79860.0594,mwmed
electricity_generation_by_source,"Electricity generation, total (SIN)",energy_water,ons_open_data,daily,2023-02-09,80979.0590,mwmed
electricity_generation_by_source,"Electricity generation, total (SIN)",energy_water,ons_open_data,daily,2023-02-10,80964.4130,mwmed
electricity_generation_by_source,"Electricity generation, total (SIN)",energy_water,ons_open_data,daily,2023-02-11,73880.4807,mwmed
electricity_generation_by_source,"Electricity generation, total (SIN)",energy_water,ons_open_data,daily,2023-02-12,68428.1377,mwmed
electricity_generation_by_source,"Electricity generation, total (SIN)",energy_water,ons_open_data,daily,2023-02-13,79894.5799,mwmed
electricity_generation_by_source,"Electricity generation, total (SIN)",energy_water,ons_open_data,daily,2023-02-14,81895.2500,mwmed
electricity_generation_by_source,"Electricity generation, total (SIN)",energy_water,ons_open_data,daily,2023-02-15,81051.0698,mwmed
electricity_generation_by_source,"Electricity generation, total (SIN)",energy_water,ons_open_data,daily,2023-02-16,80926.0093,mwmed
electricity_generation_by_source,"Electricity generation, total (SIN)",energy_water,ons_open_data,daily,2023-02-17,78945.4041,mwmed
electricity_generation_by_source,"Electricity generation, total (SIN)",energy_water,ons_open_data,daily,2023-02-18,68575.9067,mwmed
electricity_generation_by_source,"Electricity generation, total (SIN)",energy_water,ons_open_data,daily,2023-02-19,61230.5690,mwmed
electricity_generation_by_source,"Electricity generation, total (SIN)",energy_water,ons_open_data,daily,2023-02-20,67449.1733,mwmed
electricity_generation_by_source,"Electricity generation, total (SIN)",energy_water,ons_open_data,daily,2023-02-21,67593.6473,mwmed
electricity_generation_by_source,"Electricity generation, total (SIN)",energy_water,ons_open_data,daily,2023-02-22,73597.6803,mwmed
electricity_generation_by_source,"Electricity generation, total (SIN)",energy_water,ons_open_data,daily,2023-02-23,77309.5288,mwmed
electricity_generation_by_source,"Electricity generation, total (SIN)",energy_water,ons_open_data,daily,2023-02-24,76922.5185,mwmed
electricity_generation_by_source,"Electricity generation, total (SIN)",energy_water,ons_open_data,daily,2023-02-25,71062.2490,mwmed
electricity_generation_by_source,"Electricity generation, total (SIN)",energy_water,ons_open_data,daily,2023-02-26,66433.7467,mwmed
electricity_generation_by_source,"Electricity generation, total (SIN)",energy_water,ons_open_data,daily,2023-02-27,77786.3507,mwmed
electricity_generation_by_source,"Electricity generation, total (SIN)",energy_water,ons_open_data,daily,2023-02-28,79152.6167,mwmed
electricity_generation_by_source,"Electricity generation, total (SIN)",energy_water,ons_open_data,daily,2023-03-01,78683.9866,mwmed
electricity_generation_by_source,"Electricity generation, total (SIN)",energy_water,ons_open_data,daily,2023-03-02,79925.4390,mwmed
electricity_generation_by_source,"Electricity generation, total (SIN)",energy_water,ons_open_data,daily,2023-03-03,80487.3117,mwmed
electricity_generation_by_source,"Electricity generation, total (SIN)",energy_water,ons_open_data,daily,2023-03-04,73782.0178,mwmed
electricity_generation_by_source,"Electricity generation, total (SIN)",energy_water,ons_open_data,daily,2023-03-05,66894.7547,mwmed
electricity_generation_by_source,"Electricity generation, total (SIN)",energy_water,ons_open_data,daily,2023-03-06,77654.0740,mwmed
electricity_generation_by_source,"Electricity generation, total (SIN)",energy_water,ons_open_data,daily,2023-03-07,79010.8090,mwmed
electricity_generation_by_source,"Electricity generation, total (SIN)",energy_water,ons_open_data,daily,2023-03-08,79842.2560,mwmed
electricity_generation_by_source,"Electricity generation, total (SIN)",energy_water,ons_open_data,daily,2023-03-09,80663.1765,mwmed
electricity_generation_by_source,"Electricity generation, total (SIN)",energy_water,ons_open_data,daily,2023-03-10,79926.8867,mwmed
electricity_generation_by_source,"Electricity generation, total (SIN)",energy_water,ons_open_data,daily,2023-03-11,72804.9017,mwmed
electricity_generation_by_source,"Electricity generation, total (SIN)",energy_water,ons_open_data,daily,2023-03-12,66115.4618,mwmed
electricity_generation_by_source,"Electricity generation, total (SIN)",energy_water,ons_open_data,daily,2023-03-13,77509.0452,mwmed
electricity_generation_by_source,"Electricity generation, total (SIN)",energy_water,ons_open_data,daily,2023-03-14,78463.7572,mwmed
electricity_generation_by_source,"Electricity generation, total (SIN)",energy_water,ons_open_data,daily,2023-03-15,78291.7070,mwmed
electricity_generation_by_source,"Electricity generation, total (SIN)",energy_water,ons_open_data,daily,2023-03-16,78174.8775,mwmed
electricity_generation_by_source,"Electricity generation, total (SIN)",energy_water,ons_open_data,daily,2023-03-17,78132.1787,mwmed
electricity_generation_by_source,"Electricity generation, total (SIN)",energy_water,ons_open_data,daily,2023-03-18,72034.8336,mwmed
electricity_generation_by_source,"Electricity generation, total (SIN)",energy_water,ons_open_data,daily,2023-03-19,66409.3304,mwmed
electricity_generation_by_source,"Electricity generation, total (SIN)",energy_water,ons_open_data,daily,2023-03-20,79243.5396,mwmed
electricity_generation_by_source,"Electricity generation, total (SIN)",energy_water,ons_open_data,daily,2023-03-21,80339.9125,mwmed
electricity_generation_by_source,"Electricity generation, total (SIN)",energy_water,ons_open_data,daily,2023-03-22,79794.6096,mwmed
electricity_generation_by_source,"Electricity generation, total (SIN)",energy_water,ons_open_data,daily,2023-03-23,79781.1386,mwmed
electricity_generation_by_source,"Electricity generation, total (SIN)",energy_water,ons_open_data,daily,2023-03-24,80529.9211,mwmed
electricity_generation_by_source,"Electricity generation, total (SIN)",energy_water,ons_open_data,daily,2023-03-25,73132.0893,mwmed
electricity_generation_by_source,"Electricity generation, total (SIN)",energy_water,ons_open_data,daily,2023-03-26,66681.8976,mwmed
electricity_generation_by_source,"Electricity generation, total (SIN)",energy_water,ons_open_data,daily,2023-03-27,77110.2139,mwmed
electricity_generation_by_source,"Electricity generation, total (SIN)",energy_water,ons_open_data,daily,2023-03-28,77340.5191,mwmed
electricity_generation_by_source,"Electricity generation, total (SIN)",energy_water,ons_open_data,daily,2023-03-29,79381.4312,mwmed
electricity_generation_by_source,"Electricity generation, total (SIN)",energy_water,ons_open_data,daily,2023-03-30,78812.6505,mwmed
electricity_generation_by_source,"Electricity generation, total (SIN)",energy_water,ons_open_data,daily,2023-03-31,77986.2127,mwmed
electricity_generation_by_source,"Electricity generation, total (SIN)",energy_water,ons_open_data,daily,2023-04-01,69822.0630,mwmed
electricity_generation_by_source,"Electricity generation, total (SIN)",energy_water,ons_open_data,daily,2023-04-02,63260.5442,mwmed
electricity_generation_by_source,"Electricity generation, total (SIN)",energy_water,ons_open_data,daily,2023-04-03,74055.2739,mwmed
electricity_generation_by_source,"Electricity generation, total (SIN)",energy_water,ons_open_data,daily,2023-04-04,76242.8962,mwmed
electricity_generation_by_source,"Electricity generation, total (SIN)",energy_water,ons_open_data,daily,2023-04-05,76388.3140,mwmed
electricity_generation_by_source,"Electricity generation, total (SIN)",energy_water,ons_open_data,daily,2023-04-06,74753.9655,mwmed
electricity_generation_by_source,"Electricity generation, total (SIN)",energy_water,ons_open_data,daily,2023-04-07,64593.2787,mwmed
electricity_generation_by_source,"Electricity generation, total (SIN)",energy_water,ons_open_data,daily,2023-04-08,65794.2394,mwmed
electricity_generation_by_source,"Electricity generation, total (SIN)",energy_water,ons_open_data,daily,2023-04-09,61446.9569,mwmed
electricity_generation_by_source,"Electricity generation, total (SIN)",energy_water,ons_open_data,daily,2023-04-10,72321.2559,mwmed
electricity_generation_by_source,"Electricity generation, total (SIN)",energy_water,ons_open_data,daily,2023-04-11,74241.1380,mwmed
electricity_generation_by_source,"Electricity generation, total (SIN)",energy_water,ons_open_data,daily,2023-04-12,76272.7924,mwmed
electricity_generation_by_source,"Electricity generation, total (SIN)",energy_water,ons_open_data,daily,2023-04-13,77128.0619,mwmed
electricity_generation_by_source,"Electricity generation, total (SIN)",energy_water,ons_open_data,daily,2023-04-14,77043.8557,mwmed
electricity_generation_by_source,"Electricity generation, total (SIN)",energy_water,ons_open_data,daily,2023-04-15,70057.7911,mwmed
electricity_generation_by_source,"Electricity generation, total (SIN)",energy_water,ons_open_data,daily,2023-04-16,63588.2670,mwmed
electricity_generation_by_source,"Electricity generation, total (SIN)",energy_water,ons_open_data,daily,2023-04-17,74731.9674,mwmed
electricity_generation_by_source,"Electricity generation, total (SIN)",energy_water,ons_open_data,daily,2023-04-18,76409.8808,mwmed
electricity_generation_by_source,"Electricity generation, total (SIN)",energy_water,ons_open_data,daily,2023-04-19,74887.3893,mwmed
electricity_generation_by_source,"Electricity generation, total (SIN)",energy_water,ons_open_data,daily,2023-04-20,72933.6035,mwmed
electricity_generation_by_source,"Electricity generation, total (SIN)",energy_water,ons_open_data,daily,2023-04-21,63486.4248,mwmed
electricity_generation_by_source,"Electricity generation, total (SIN)",energy_water,ons_open_data,daily,2023-04-22,63099.8512,mwmed
electricity_generation_by_source,"Electricity generation, total (SIN)",energy_water,ons_open_data,daily,2023-04-23,59421.6251,mwmed
electricity_generation_by_source,"Electricity generation, total (SIN)",energy_water,ons_open_data,daily,2023-04-24,70240.5676,mwmed
electricity_generation_by_source,"Electricity generation, total (SIN)",energy_water,ons_open_data,daily,2023-04-25,72768.0427,mwmed
electricity_generation_by_source,"Electricity generation, total (SIN)",energy_water,ons_open_data,daily,2023-04-26,74318.5978,mwmed
electricity_generation_by_source,"Electricity generation, total (SIN)",energy_water,ons_open_data,daily,2023-04-27,75558.6749,mwmed
electricity_generation_by_source,"Electricity generation, total (SIN)",energy_water,ons_open_data,daily,2023-04-28,74549.5143,mwmed
electricity_generation_by_source,"Electricity generation, total (SIN)",energy_water,ons_open_data,daily,2023-04-29,69415.8649,mwmed
electricity_generation_by_source,"Electricity generation, total (SIN)",energy_water,ons_open_data,daily,2023-04-30,63280.2745,mwmed
electricity_generation_by_source,"Electricity generation, total (SIN)",energy_water,ons_open_data,daily,2023-05-01,63516.5292,mwmed
electricity_generation_by_source,"Electricity generation, total (SIN)",energy_water,ons_open_data,daily,2023-05-02,74680.8766,mwmed
electricity_generation_by_source,"Electricity generation, total (SIN)",energy_water,ons_open_data,daily,2023-05-03,76006.7217,mwmed
electricity_generation_by_source,"Electricity generation, total (SIN)",energy_water,ons_open_data,daily,2023-05-04,76624.8181,mwmed
electricity_generation_by_source,"Electricity generation, total (SIN)",energy_water,ons_open_data,daily,2023-05-05,76632.7827,mwmed
electricity_generation_by_source,"Electricity generation, total (SIN)",energy_water,ons_open_data,daily,2023-05-06,70258.2054,mwmed
electricity_generation_by_source,"Electricity generation, total (SIN)",energy_water,ons_open_data,daily,2023-05-07,64396.5048,mwmed
electricity_generation_by_source,"Electricity generation, total (SIN)",energy_water,ons_open_data,daily,2023-05-08,75314.5262,mwmed
electricity_generation_by_source,"Electricity generation, total (SIN)",energy_water,ons_open_data,daily,2023-05-09,76818.8769,mwmed
electricity_generation_by_source,"Electricity generation, total (SIN)",energy_water,ons_open_data,daily,2023-05-10,76591.3068,mwmed
electricity_generation_by_source,"Electricity generation, total (SIN)",energy_water,ons_open_data,daily,2023-05-11,76190.9993,mwmed
electricity_generation_by_source,"Electricity generation, total (SIN)",energy_water,ons_open_data,daily,2023-05-12,76057.1578,mwmed
electricity_generation_by_source,"Electricity generation, total (SIN)",energy_water,ons_open_data,daily,2023-05-13,68158.5680,mwmed
electricity_generation_by_source,"Electricity generation, total (SIN)",energy_water,ons_open_data,daily,2023-05-14,61168.0002,mwmed
electricity_generation_by_source,"Electricity generation, total (SIN)",energy_water,ons_open_data,daily,2023-05-15,72288.0518,mwmed
electricity_generation_by_source,"Electricity generation, total (SIN)",energy_water,ons_open_data,daily,2023-05-16,72807.6135,mwmed
electricity_generation_by_source,"Electricity generation, total (SIN)",energy_water,ons_open_data,daily,2023-05-17,72810.6499,mwmed
electricity_generation_by_source,"Electricity generation, total (SIN)",energy_water,ons_open_data,daily,2023-05-18,73064.4590,mwmed
electricity_generation_by_source,"Electricity generation, total (SIN)",energy_water,ons_open_data,daily,2023-05-19,72958.7549,mwmed
electricity_generation_by_source,"Electricity generation, total (SIN)",energy_water,ons_open_data,daily,2023-05-20,67469.3223,mwmed
electricity_generation_by_source,"Electricity generation, total (SIN)",energy_water,ons_open_data,daily,2023-05-21,61756.1085,mwmed
electricity_generation_by_source,"Electricity generation, total (SIN)",energy_water,ons_open_data,daily,2023-05-22,72254.7754,mwmed
electricity_generation_by_source,"Electricity generation, total (SIN)",energy_water,ons_open_data,daily,2023-05-23,73917.3661,mwmed
electricity_generation_by_source,"Electricity generation, total (SIN)",energy_water,ons_open_data,daily,2023-05-24,73767.7340,mwmed
electricity_generation_by_source,"Electricity generation, total (SIN)",energy_water,ons_open_data,daily,2023-05-25,74529.7606,mwmed
electricity_generation_by_source,"Electricity generation, total (SIN)",energy_water,ons_open_data,daily,2023-05-26,74521.9322,mwmed
electricity_generation_by_source,"Electricity generation, total (SIN)",energy_water,ons_open_data,daily,2023-05-27,69490.8054,mwmed
electricity_generation_by_source,"Electricity generation, total (SIN)",energy_water,ons_open_data,daily,2023-05-28,63461.2761,mwmed
electricity_generation_by_source,"Electricity generation, total (SIN)",energy_water,ons_open_data,daily,2023-05-29,74500.7279,mwmed
electricity_generation_by_source,"Electricity generation, total (SIN)",energy_water,ons_open_data,daily,2023-05-30,76189.7270,mwmed
electricity_generation_by_source,"Electricity generation, total (SIN)",energy_water,ons_open_data,daily,2023-05-31,75751.8463,mwmed
electricity_generation_by_source,"Electricity generation, total (SIN)",energy_water,ons_open_data,daily,2023-06-01,74633.4060,mwmed
electricity_generation_by_source,"Electricity generation, total (SIN)",energy_water,ons_open_data,daily,2023-06-02,73626.3828,mwmed
electricity_generation_by_source,"Electricity generation, total (SIN)",energy_water,ons_open_data,daily,2023-06-03,67395.0290,mwmed
electricity_generation_by_source,"Electricity generation, total (SIN)",energy_water,ons_open_data,daily,2023-06-04,61302.0783,mwmed
electricity_generation_by_source,"Electricity generation, total (SIN)",energy_water,ons_open_data,daily,2023-06-05,71143.8324,mwmed
electricity_generation_by_source,"Electricity generation, total (SIN)",energy_water,ons_open_data,daily,2023-06-06,72126.5947,mwmed
electricity_generation_by_source,"Electricity generation, total (SIN)",energy_water,ons_open_data,daily,2023-06-07,72211.5221,mwmed
electricity_generation_by_source,"Electricity generation, total (SIN)",energy_water,ons_open_data,daily,2023-06-08,66718.5931,mwmed
electricity_generation_by_source,"Electricity generation, total (SIN)",energy_water,ons_open_data,daily,2023-06-09,68717.9278,mwmed
electricity_generation_by_source,"Electricity generation, total (SIN)",energy_water,ons_open_data,daily,2023-06-10,66808.4244,mwmed
electricity_generation_by_source,"Electricity generation, total (SIN)",energy_water,ons_open_data,daily,2023-06-11,63014.1038,mwmed
electricity_generation_by_source,"Electricity generation, total (SIN)",energy_water,ons_open_data,daily,2023-06-12,73555.7438,mwmed
electricity_generation_by_source,"Electricity generation, total (SIN)",energy_water,ons_open_data,daily,2023-06-13,75730.9305,mwmed
electricity_generation_by_source,"Electricity generation, total (SIN)",energy_water,ons_open_data,daily,2023-06-14,74847.6875,mwmed
electricity_generation_by_source,"Electricity generation, total (SIN)",energy_water,ons_open_data,daily,2023-06-15,74942.2943,mwmed
electricity_generation_by_source,"Electricity generation, total (SIN)",energy_water,ons_open_data,daily,2023-06-16,74536.2703,mwmed
electricity_generation_by_source,"Electricity generation, total (SIN)",energy_water,ons_open_data,daily,2023-06-17,68651.1756,mwmed
electricity_generation_by_source,"Electricity generation, total (SIN)",energy_water,ons_open_data,daily,2023-06-18,61600.6161,mwmed
electricity_generation_by_source,"Electricity generation, total (SIN)",energy_water,ons_open_data,daily,2023-06-19,71085.7022,mwmed
electricity_generation_by_source,"Electricity generation, total (SIN)",energy_water,ons_open_data,daily,2023-06-20,72866.4159,mwmed
electricity_generation_by_source,"Electricity generation, total (SIN)",energy_water,ons_open_data,daily,2023-06-21,73278.2309,mwmed
electricity_generation_by_source,"Electricity generation, total (SIN)",energy_water,ons_open_data,daily,2023-06-22,73610.1822,mwmed
electricity_generation_by_source,"Electricity generation, total (SIN)",energy_water,ons_open_data,daily,2023-06-23,72644.8037,mwmed
electricity_generation_by_source,"Electricity generation, total (SIN)",energy_water,ons_open_data,daily,2023-06-24,66240.0867,mwmed
electricity_generation_by_source,"Electricity generation, total (SIN)",energy_water,ons_open_data,daily,2023-06-25,61885.8076,mwmed
electricity_generation_by_source,"Electricity generation, total (SIN)",energy_water,ons_open_data,daily,2023-06-26,70893.7785,mwmed
electricity_generation_by_source,"Electricity generation, total (SIN)",energy_water,ons_open_data,daily,2023-06-27,72529.8457,mwmed
electricity_generation_by_source,"Electricity generation, total (SIN)",energy_water,ons_open_data,daily,2023-06-28,73369.8125,mwmed
electricity_generation_by_source,"Electricity generation, total (SIN)",energy_water,ons_open_data,daily,2023-06-29,72864.2507,mwmed
electricity_generation_by_source,"Electricity generation, total (SIN)",energy_water,ons_open_data,daily,2023-06-30,73402.2685,mwmed
electricity_generation_by_source,"Electricity generation, total (SIN)",energy_water,ons_open_data,daily,2023-07-01,68029.7546,mwmed
electricity_generation_by_source,"Electricity generation, total (SIN)",energy_water,ons_open_data,daily,2023-07-02,61932.1438,mwmed
electricity_generation_by_source,"Electricity generation, total (SIN)",energy_water,ons_open_data,daily,2023-07-03,70907.7445,mwmed
electricity_generation_by_source,"Electricity generation, total (SIN)",energy_water,ons_open_data,daily,2023-07-04,71447.7739,mwmed
electricity_generation_by_source,"Electricity generation, total (SIN)",energy_water,ons_open_data,daily,2023-07-05,71376.0963,mwmed
electricity_generation_by_source,"Electricity generation, total (SIN)",energy_water,ons_open_data,daily,2023-07-06,71485.6600,mwmed
electricity_generation_by_source,"Electricity generation, total (SIN)",energy_water,ons_open_data,daily,2023-07-07,72654.8842,mwmed
electricity_generation_by_source,"Electricity generation, total (SIN)",energy_water,ons_open_data,daily,2023-07-08,67245.4353,mwmed
electricity_generation_by_source,"Electricity generation, total (SIN)",energy_water,ons_open_data,daily,2023-07-09,62747.6651,mwmed
electricity_generation_by_source,"Electricity generation, total (SIN)",energy_water,ons_open_data,daily,2023-07-10,72443.7466,mwmed
electricity_generation_by_source,"Electricity generation, total (SIN)",energy_water,ons_open_data,daily,2023-07-11,74652.3666,mwmed
electricity_generation_by_source,"Electricity generation, total (SIN)",energy_water,ons_open_data,daily,2023-07-12,75276.6628,mwmed
electricity_generation_by_source,"Electricity generation, total (SIN)",energy_water,ons_open_data,daily,2023-07-13,73736.9350,mwmed
electricity_generation_by_source,"Electricity generation, total (SIN)",energy_water,ons_open_data,daily,2023-07-14,72267.9955,mwmed
electricity_generation_by_source,"Electricity generation, total (SIN)",energy_water,ons_open_data,daily,2023-07-15,65505.9763,mwmed
electricity_generation_by_source,"Electricity generation, total (SIN)",energy_water,ons_open_data,daily,2023-07-16,60422.9525,mwmed
electricity_generation_by_source,"Electricity generation, total (SIN)",energy_water,ons_open_data,daily,2023-07-17,71504.6489,mwmed
electricity_generation_by_source,"Electricity generation, total (SIN)",energy_water,ons_open_data,daily,2023-07-18,73308.7602,mwmed
electricity_generation_by_source,"Electricity generation, total (SIN)",energy_water,ons_open_data,daily,2023-07-19,73432.3740,mwmed
electricity_generation_by_source,"Electricity generation, total (SIN)",energy_water,ons_open_data,daily,2023-07-20,72993.1213,mwmed
electricity_generation_by_source,"Electricity generation, total (SIN)",energy_water,ons_open_data,daily,2023-07-21,72301.2227,mwmed
electricity_generation_by_source,"Electricity generation, total (SIN)",energy_water,ons_open_data,daily,2023-07-22,66295.2863,mwmed
electricity_generation_by_source,"Electricity generation, total (SIN)",energy_water,ons_open_data,daily,2023-07-23,60887.7273,mwmed
electricity_generation_by_source,"Electricity generation, total (SIN)",energy_water,ons_open_data,daily,2023-07-24,71837.2249,mwmed
electricity_generation_by_source,"Electricity generation, total (SIN)",energy_water,ons_open_data,daily,2023-07-25,73803.1591,mwmed
electricity_generation_by_source,"Electricity generation, total (SIN)",energy_water,ons_open_data,daily,2023-07-26,74960.9425,mwmed
electricity_generation_by_source,"Electricity generation, total (SIN)",energy_water,ons_open_data,daily,2023-07-27,75120.1250,mwmed
electricity_generation_by_source,"Electricity generation, total (SIN)",energy_water,ons_open_data,daily,2023-07-28,74109.6831,mwmed
electricity_generation_by_source,"Electricity generation, total (SIN)",energy_water,ons_open_data,daily,2023-07-29,67501.1450,mwmed
electricity_generation_by_source,"Electricity generation, total (SIN)",energy_water,ons_open_data,daily,2023-07-30,61176.4524,mwmed
electricity_generation_by_source,"Electricity generation, total (SIN)",energy_water,ons_open_data,daily,2023-07-31,71497.8300,mwmed
electricity_generation_by_source,"Electricity generation, total (SIN)",energy_water,ons_open_data,daily,2023-08-01,73323.0789,mwmed
electricity_generation_by_source,"Electricity generation, total (SIN)",energy_water,ons_open_data,daily,2023-08-02,73772.0470,mwmed
electricity_generation_by_source,"Electricity generation, total (SIN)",energy_water,ons_open_data,daily,2023-08-03,74438.9633,mwmed
electricity_generation_by_source,"Electricity generation, total (SIN)",energy_water,ons_open_data,daily,2023-08-04,74459.9501,mwmed
electricity_generation_by_source,"Electricity generation, total (SIN)",energy_water,ons_open_data,daily,2023-08-05,68346.0172,mwmed
electricity_generation_by_source,"Electricity generation, total (SIN)",energy_water,ons_open_data,daily,2023-08-06,63237.0734,mwmed
electricity_generation_by_source,"Electricity generation, total (SIN)",energy_water,ons_open_data,daily,2023-08-07,74340.7499,mwmed
electricity_generation_by_source,"Electricity generation, total (SIN)",energy_water,ons_open_data,daily,2023-08-08,75470.8304,mwmed
electricity_generation_by_source,"Electricity generation, total (SIN)",energy_water,ons_open_data,daily,2023-08-09,75062.0358,mwmed
electricity_generation_by_source,"Electricity generation, total (SIN)",energy_water,ons_open_data,daily,2023-08-10,75122.9226,mwmed
electricity_generation_by_source,"Electricity generation, total (SIN)",energy_water,ons_open_data,daily,2023-08-11,75131.5704,mwmed
electricity_generation_by_source,"Electricity generation, total (SIN)",energy_water,ons_open_data,daily,2023-08-12,69060.2927,mwmed
electricity_generation_by_source,"Electricity generation, total (SIN)",energy_water,ons_open_data,daily,2023-08-13,61669.2357,mwmed
electricity_generation_by_source,"Electricity generation, total (SIN)",energy_water,ons_open_data,daily,2023-08-14,71360.3102,mwmed
electricity_generation_by_source,"Electricity generation, total (SIN)",energy_water,ons_open_data,daily,2023-08-15,70020.2293,mwmed
electricity_generation_by_source,"Electricity generation, total (SIN)",energy_water,ons_open_data,daily,2023-08-16,73519.6685,mwmed
electricity_generation_by_source,"Electricity generation, total (SIN)",energy_water,ons_open_data,daily,2023-08-17,74414.8360,mwmed
electricity_generation_by_source,"Electricity generation, total (SIN)",energy_water,ons_open_data,daily,2023-08-18,75363.9518,mwmed
electricity_generation_by_source,"Electricity generation, total (SIN)",energy_water,ons_open_data,daily,2023-08-19,69017.6244,mwmed
electricity_generation_by_source,"Electricity generation, total (SIN)",energy_water,ons_open_data,daily,2023-08-20,63345.4375,mwmed
electricity_generation_by_source,"Electricity generation, total (SIN)",energy_water,ons_open_data,daily,2023-08-21,73818.7713,mwmed
electricity_generation_by_source,"Electricity generation, total (SIN)",energy_water,ons_open_data,daily,2023-08-22,76549.9614,mwmed
electricity_generation_by_source,"Electricity generation, total (SIN)",energy_water,ons_open_data,daily,2023-08-23,79307.0660,mwmed
electricity_generation_by_source,"Electricity generation, total (SIN)",energy_water,ons_open_data,daily,2023-08-24,80755.2543,mwmed
electricity_generation_by_source,"Electricity generation, total (SIN)",energy_water,ons_open_data,daily,2023-08-25,79600.5242,mwmed
electricity_generation_by_source,"Electricity generation, total (SIN)",energy_water,ons_open_data,daily,2023-08-26,71840.8787,mwmed
electricity_generation_by_source,"Electricity generation, total (SIN)",energy_water,ons_open_data,daily,2023-08-27,64271.4285,mwmed
electricity_generation_by_source,"Electricity generation, total (SIN)",energy_water,ons_open_data,daily,2023-08-28,73384.6190,mwmed
electricity_generation_by_source,"Electricity generation, total (SIN)",energy_water,ons_open_data,daily,2023-08-29,74974.5211,mwmed
electricity_generation_by_source,"Electricity generation, total (SIN)",energy_water,ons_open_data,daily,2023-08-30,74886.7004,mwmed
electricity_generation_by_source,"Electricity generation, total (SIN)",energy_water,ons_open_data,daily,2023-08-31,74946.6424,mwmed
electricity_generation_by_source,"Electricity generation, total (SIN)",energy_water,ons_open_data,daily,2023-09-01,74404.4101,mwmed
electricity_generation_by_source,"Electricity generation, total (SIN)",energy_water,ons_open_data,daily,2023-09-02,70198.8131,mwmed
electricity_generation_by_source,"Electricity generation, total (SIN)",energy_water,ons_open_data,daily,2023-09-03,65105.8622,mwmed
electricity_generation_by_source,"Electricity generation, total (SIN)",energy_water,ons_open_data,daily,2023-09-04,77833.2195,mwmed
electricity_generation_by_source,"Electricity generation, total (SIN)",energy_water,ons_open_data,daily,2023-09-05,78407.5047,mwmed
electricity_generation_by_source,"Electricity generation, total (SIN)",energy_water,ons_open_data,daily,2023-09-06,75496.7405,mwmed
electricity_generation_by_source,"Electricity generation, total (SIN)",energy_water,ons_open_data,daily,2023-09-07,68552.2827,mwmed
electricity_generation_by_source,"Electricity generation, total (SIN)",energy_water,ons_open_data,daily,2023-09-08,71297.5408,mwmed
electricity_generation_by_source,"Electricity generation, total (SIN)",energy_water,ons_open_data,daily,2023-09-09,67916.9362,mwmed
electricity_generation_by_source,"Electricity generation, total (SIN)",energy_water,ons_open_data,daily,2023-09-10,63326.0343,mwmed
electricity_generation_by_source,"Electricity generation, total (SIN)",energy_water,ons_open_data,daily,2023-09-11,74765.6700,mwmed
electricity_generation_by_source,"Electricity generation, total (SIN)",energy_water,ons_open_data,daily,2023-09-12,77787.8857,mwmed
electricity_generation_by_source,"Electricity generation, total (SIN)",energy_water,ons_open_data,daily,2023-09-13,79099.7315,mwmed
electricity_generation_by_source,"Electricity generation, total (SIN)",energy_water,ons_open_data,daily,2023-09-14,77599.2757,mwmed
electricity_generation_by_source,"Electricity generation, total (SIN)",energy_water,ons_open_data,daily,2023-09-15,74847.6285,mwmed
electricity_generation_by_source,"Electricity generation, total (SIN)",energy_water,ons_open_data,daily,2023-09-16,69696.9275,mwmed
electricity_generation_by_source,"Electricity generation, total (SIN)",energy_water,ons_open_data,daily,2023-09-17,66618.0881,mwmed
electricity_generation_by_source,"Electricity generation, total (SIN)",energy_water,ons_open_data,daily,2023-09-18,79146.5823,mwmed
electricity_generation_by_source,"Electricity generation, total (SIN)",energy_water,ons_open_data,daily,2023-09-19,81156.5840,mwmed
electricity_generation_by_source,"Electricity generation, total (SIN)",energy_water,ons_open_data,daily,2023-09-20,80522.4726,mwmed
electricity_generation_by_source,"Electricity generation, total (SIN)",energy_water,ons_open_data,daily,2023-09-21,81581.6910,mwmed
electricity_generation_by_source,"Electricity generation, total (SIN)",energy_water,ons_open_data,daily,2023-09-22,82352.4938,mwmed
electricity_generation_by_source,"Electricity generation, total (SIN)",energy_water,ons_open_data,daily,2023-09-23,76590.6046,mwmed
electricity_generation_by_source,"Electricity generation, total (SIN)",energy_water,ons_open_data,daily,2023-09-24,72545.0592,mwmed
electricity_generation_by_source,"Electricity generation, total (SIN)",energy_water,ons_open_data,daily,2023-09-25,84522.6093,mwmed
electricity_generation_by_source,"Electricity generation, total (SIN)",energy_water,ons_open_data,daily,2023-09-26,86669.3293,mwmed
electricity_generation_by_source,"Electricity generation, total (SIN)",energy_water,ons_open_data,daily,2023-09-27,86297.4425,mwmed
electricity_generation_by_source,"Electricity generation, total (SIN)",energy_water,ons_open_data,daily,2023-09-28,79801.6989,mwmed
electricity_generation_by_source,"Electricity generation, total (SIN)",energy_water,ons_open_data,daily,2023-09-29,77917.2294,mwmed
electricity_generation_by_source,"Electricity generation, total (SIN)",energy_water,ons_open_data,daily,2023-09-30,72848.0181,mwmed
electricity_generation_by_source,"Electricity generation, total (SIN)",energy_water,ons_open_data,daily,2023-10-01,67185.1438,mwmed
electricity_generation_by_source,"Electricity generation, total (SIN)",energy_water,ons_open_data,daily,2023-10-02,77120.3412,mwmed
electricity_generation_by_source,"Electricity generation, total (SIN)",energy_water,ons_open_data,daily,2023-10-03,79089.3714,mwmed
electricity_generation_by_source,"Electricity generation, total (SIN)",energy_water,ons_open_data,daily,2023-10-04,80358.8888,mwmed
electricity_generation_by_source,"Electricity generation, total (SIN)",energy_water,ons_open_data,daily,2023-10-05,80888.8556,mwmed
electricity_generation_by_source,"Electricity generation, total (SIN)",energy_water,ons_open_data,daily,2023-10-06,81751.3196,mwmed
electricity_generation_by_source,"Electricity generation, total (SIN)",energy_water,ons_open_data,daily,2023-10-07,76424.9638,mwmed
electricity_generation_by_source,"Electricity generation, total (SIN)",energy_water,ons_open_data,daily,2023-10-08,69278.4963,mwmed
electricity_generation_by_source,"Electricity generation, total (SIN)",energy_water,ons_open_data,daily,2023-10-09,78670.5893,mwmed
electricity_generation_by_source,"Electricity generation, total (SIN)",energy_water,ons_open_data,daily,2023-10-10,79451.7328,mwmed
electricity_generation_by_source,"Electricity generation, total (SIN)",energy_water,ons_open_data,daily,2023-10-11,80576.2058,mwmed
electricity_generation_by_source,"Electricity generation, total (SIN)",energy_water,ons_open_data,daily,2023-10-12,73753.1888,mwmed
electricity_generation_by_source,"Electricity generation, total (SIN)",energy_water,ons_open_data,daily,2023-10-13,76181.4352,mwmed
electricity_generation_by_source,"Electricity generation, total (SIN)",energy_water,ons_open_data,daily,2023-10-14,69583.8399,mwmed
electricity_generation_by_source,"Electricity generation, total (SIN)",energy_water,ons_open_data,daily,2023-10-15,65180.6254,mwmed
electricity_generation_by_source,"Electricity generation, total (SIN)",energy_water,ons_open_data,daily,2023-10-16,78957.6534,mwmed
electricity_generation_by_source,"Electricity generation, total (SIN)",energy_water,ons_open_data,daily,2023-10-17,81035.1128,mwmed
electricity_generation_by_source,"Electricity generation, total (SIN)",energy_water,ons_open_data,daily,2023-10-18,80540.3349,mwmed
electricity_generation_by_source,"Electricity generation, total (SIN)",energy_water,ons_open_data,daily,2023-10-19,79934.9091,mwmed
electricity_generation_by_source,"Electricity generation, total (SIN)",energy_water,ons_open_data,daily,2023-10-20,79054.5572,mwmed
electricity_generation_by_source,"Electricity generation, total (SIN)",energy_water,ons_open_data,daily,2023-10-21,73064.1203,mwmed
electricity_generation_by_source,"Electricity generation, total (SIN)",energy_water,ons_open_data,daily,2023-10-22,67588.6629,mwmed
electricity_generation_by_source,"Electricity generation, total (SIN)",energy_water,ons_open_data,daily,2023-10-23,79989.2209,mwmed
electricity_generation_by_source,"Electricity generation, total (SIN)",energy_water,ons_open_data,daily,2023-10-24,83373.5733,mwmed
electricity_generation_by_source,"Electricity generation, total (SIN)",energy_water,ons_open_data,daily,2023-10-25,82493.8742,mwmed
electricity_generation_by_source,"Electricity generation, total (SIN)",energy_water,ons_open_data,daily,2023-10-26,81070.1634,mwmed
electricity_generation_by_source,"Electricity generation, total (SIN)",energy_water,ons_open_data,daily,2023-10-27,80155.7849,mwmed
electricity_generation_by_source,"Electricity generation, total (SIN)",energy_water,ons_open_data,daily,2023-10-28,74918.0280,mwmed
electricity_generation_by_source,"Electricity generation, total (SIN)",energy_water,ons_open_data,daily,2023-10-29,70721.5001,mwmed
electricity_generation_by_source,"Electricity generation, total (SIN)",energy_water,ons_open_data,daily,2023-10-30,81915.4603,mwmed
electricity_generation_by_source,"Electricity generation, total (SIN)",energy_water,ons_open_data,daily,2023-10-31,82842.5096,mwmed
electricity_generation_by_source,"Electricity generation, total (SIN)",energy_water,ons_open_data,daily,2023-11-01,80591.1299,mwmed
electricity_generation_by_source,"Electricity generation, total (SIN)",energy_water,ons_open_data,daily,2023-11-02,72383.9107,mwmed
electricity_generation_by_source,"Electricity generation, total (SIN)",energy_water,ons_open_data,daily,2023-11-03,76557.6198,mwmed
electricity_generation_by_source,"Electricity generation, total (SIN)",energy_water,ons_open_data,daily,2023-11-04,70321.7850,mwmed
electricity_generation_by_source,"Electricity generation, total (SIN)",energy_water,ons_open_data,daily,2023-11-05,65427.9783,mwmed
electricity_generation_by_source,"Electricity generation, total (SIN)",energy_water,ons_open_data,daily,2023-11-06,76209.7140,mwmed
electricity_generation_by_source,"Electricity generation, total (SIN)",energy_water,ons_open_data,daily,2023-11-07,78875.8027,mwmed
electricity_generation_by_source,"Electricity generation, total (SIN)",energy_water,ons_open_data,daily,2023-11-08,81587.0824,mwmed
electricity_generation_by_source,"Electricity generation, total (SIN)",energy_water,ons_open_data,daily,2023-11-09,84168.0453,mwmed
electricity_generation_by_source,"Electricity generation, total (SIN)",energy_water,ons_open_data,daily,2023-11-10,84895.7303,mwmed
electricity_generation_by_source,"Electricity generation, total (SIN)",energy_water,ons_open_data,daily,2023-11-11,80710.1163,mwmed
electricity_generation_by_source,"Electricity generation, total (SIN)",energy_water,ons_open_data,daily,2023-11-12,76228.4409,mwmed
electricity_generation_by_source,"Electricity generation, total (SIN)",energy_water,ons_open_data,daily,2023-11-13,89030.6030,mwmed
electricity_generation_by_source,"Electricity generation, total (SIN)",energy_water,ons_open_data,daily,2023-11-14,89586.0393,mwmed
electricity_generation_by_source,"Electricity generation, total (SIN)",energy_water,ons_open_data,daily,2023-11-15,83270.1086,mwmed
electricity_generation_by_source,"Electricity generation, total (SIN)",energy_water,ons_open_data,daily,2023-11-16,90152.1398,mwmed
electricity_generation_by_source,"Electricity generation, total (SIN)",energy_water,ons_open_data,daily,2023-11-17,90678.6508,mwmed
electricity_generation_by_source,"Electricity generation, total (SIN)",energy_water,ons_open_data,daily,2023-11-18,83385.8353,mwmed
electricity_generation_by_source,"Electricity generation, total (SIN)",energy_water,ons_open_data,daily,2023-11-19,74852.0024,mwmed
electricity_generation_by_source,"Electricity generation, total (SIN)",energy_water,ons_open_data,daily,2023-11-20,78321.7592,mwmed
electricity_generation_by_source,"Electricity generation, total (SIN)",energy_water,ons_open_data,daily,2023-11-21,83923.2562,mwmed
electricity_generation_by_source,"Electricity generation, total (SIN)",energy_water,ons_open_data,daily,2023-11-22,86699.2597,mwmed
electricity_generation_by_source,"Electricity generation, total (SIN)",energy_water,ons_open_data,daily,2023-11-23,85587.7697,mwmed
electricity_generation_by_source,"Electricity generation, total (SIN)",energy_water,ons_open_data,daily,2023-11-24,82294.9595,mwmed
electricity_generation_by_source,"Electricity generation, total (SIN)",energy_water,ons_open_data,daily,2023-11-25,73864.4235,mwmed
electricity_generation_by_source,"Electricity generation, total (SIN)",energy_water,ons_open_data,daily,2023-11-26,67594.5961,mwmed
electricity_generation_by_source,"Electricity generation, total (SIN)",energy_water,ons_open_data,daily,2023-11-27,79881.3587,mwmed
electricity_generation_by_source,"Electricity generation, total (SIN)",energy_water,ons_open_data,daily,2023-11-28,82361.8577,mwmed
electricity_generation_by_source,"Electricity generation, total (SIN)",energy_water,ons_open_data,daily,2023-11-29,83684.3853,mwmed
electricity_generation_by_source,"Electricity generation, total (SIN)",energy_water,ons_open_data,daily,2023-11-30,85976.8742,mwmed
electricity_generation_by_source,"Electricity generation, total (SIN)",energy_water,ons_open_data,daily,2023-12-01,86836.9396,mwmed
electricity_generation_by_source,"Electricity generation, total (SIN)",energy_water,ons_open_data,daily,2023-12-02,80520.2287,mwmed
electricity_generation_by_source,"Electricity generation, total (SIN)",energy_water,ons_open_data,daily,2023-12-03,74317.6236,mwmed
electricity_generation_by_source,"Electricity generation, total (SIN)",energy_water,ons_open_data,daily,2023-12-04,84703.2776,mwmed
electricity_generation_by_source,"Electricity generation, total (SIN)",energy_water,ons_open_data,daily,2023-12-05,83771.7578,mwmed
electricity_generation_by_source,"Electricity generation, total (SIN)",energy_water,ons_open_data,daily,2023-12-06,85770.5817,mwmed
electricity_generation_by_source,"Electricity generation, total (SIN)",energy_water,ons_open_data,daily,2023-12-07,87940.4286,mwmed
electricity_generation_by_source,"Electricity generation, total (SIN)",energy_water,ons_open_data,daily,2023-12-08,84932.6355,mwmed
electricity_generation_by_source,"Electricity generation, total (SIN)",energy_water,ons_open_data,daily,2023-12-09,76508.1496,mwmed
electricity_generation_by_source,"Electricity generation, total (SIN)",energy_water,ons_open_data,daily,2023-12-10,69319.8388,mwmed
electricity_generation_by_source,"Electricity generation, total (SIN)",energy_water,ons_open_data,daily,2023-12-11,80278.9702,mwmed
electricity_generation_by_source,"Electricity generation, total (SIN)",energy_water,ons_open_data,daily,2023-12-12,82487.6413,mwmed
electricity_generation_by_source,"Electricity generation, total (SIN)",energy_water,ons_open_data,daily,2023-12-13,84091.6316,mwmed
electricity_generation_by_source,"Electricity generation, total (SIN)",energy_water,ons_open_data,daily,2023-12-14,87826.8307,mwmed
electricity_generation_by_source,"Electricity generation, total (SIN)",energy_water,ons_open_data,daily,2023-12-15,88998.1558,mwmed
electricity_generation_by_source,"Electricity generation, total (SIN)",energy_water,ons_open_data,daily,2023-12-16,83977.8828,mwmed
electricity_generation_by_source,"Electricity generation, total (SIN)",energy_water,ons_open_data,daily,2023-12-17,78206.9576,mwmed
electricity_generation_by_source,"Electricity generation, total (SIN)",energy_water,ons_open_data,daily,2023-12-18,89126.4641,mwmed
electricity_generation_by_source,"Electricity generation, total (SIN)",energy_water,ons_open_data,daily,2023-12-19,87562.5108,mwmed
electricity_generation_by_source,"Electricity generation, total (SIN)",energy_water,ons_open_data,daily,2023-12-20,84474.6774,mwmed
electricity_generation_by_source,"Electricity generation, total (SIN)",energy_water,ons_open_data,daily,2023-12-21,83055.6602,mwmed
electricity_generation_by_source,"Electricity generation, total (SIN)",energy_water,ons_open_data,daily,2023-12-22,82843.6545,mwmed
electricity_generation_by_source,"Electricity generation, total (SIN)",energy_water,ons_open_data,daily,2023-12-23,75317.4297,mwmed
electricity_generation_by_source,"Electricity generation, total (SIN)",energy_water,ons_open_data,daily,2023-12-24,70539.7544,mwmed
electricity_generation_by_source,"Electricity generation, total (SIN)",energy_water,ons_open_data,daily,2023-12-25,67533.5085,mwmed
electricity_generation_by_source,"Electricity generation, total (SIN)",energy_water,ons_open_data,daily,2023-12-26,77897.5009,mwmed
electricity_generation_by_source,"Electricity generation, total (SIN)",energy_water,ons_open_data,daily,2023-12-27,77751.6795,mwmed
electricity_generation_by_source,"Electricity generation, total (SIN)",energy_water,ons_open_data,daily,2023-12-28,79389.0177,mwmed
electricity_generation_by_source,"Electricity generation, total (SIN)",energy_water,ons_open_data,daily,2023-12-29,80792.3620,mwmed
electricity_generation_by_source,"Electricity generation, total (SIN)",energy_water,ons_open_data,daily,2023-12-30,74788.6723,mwmed
electricity_generation_by_source,"Electricity generation, total (SIN)",energy_water,ons_open_data,daily,2023-12-31,67750.8038,mwmed
electricity_generation_by_source,"Electricity generation, total (SIN)",energy_water,ons_open_data,daily,2024-01-01,63753.5161,mwmed
electricity_generation_by_source,"Electricity generation, total (SIN)",energy_water,ons_open_data,daily,2024-01-02,73936.4795,mwmed
electricity_generation_by_source,"Electricity generation, total (SIN)",energy_water,ons_open_data,daily,2024-01-03,77747.6296,mwmed
electricity_generation_by_source,"Electricity generation, total (SIN)",energy_water,ons_open_data,daily,2024-01-04,77968.6194,mwmed
electricity_generation_by_source,"Electricity generation, total (SIN)",energy_water,ons_open_data,daily,2024-01-05,77854.2498,mwmed
electricity_generation_by_source,"Electricity generation, total (SIN)",energy_water,ons_open_data,daily,2024-01-06,74171.5968,mwmed
electricity_generation_by_source,"Electricity generation, total (SIN)",energy_water,ons_open_data,daily,2024-01-07,70740.4676,mwmed
electricity_generation_by_source,"Electricity generation, total (SIN)",energy_water,ons_open_data,daily,2024-01-08,82795.6112,mwmed
electricity_generation_by_source,"Electricity generation, total (SIN)",energy_water,ons_open_data,daily,2024-01-09,85477.4730,mwmed
electricity_generation_by_source,"Electricity generation, total (SIN)",energy_water,ons_open_data,daily,2024-01-10,85832.0828,mwmed
electricity_generation_by_source,"Electricity generation, total (SIN)",energy_water,ons_open_data,daily,2024-01-11,85223.6874,mwmed
electricity_generation_by_source,"Electricity generation, total (SIN)",energy_water,ons_open_data,daily,2024-01-12,82758.8787,mwmed
electricity_generation_by_source,"Electricity generation, total (SIN)",energy_water,ons_open_data,daily,2024-01-13,76378.1214,mwmed
electricity_generation_by_source,"Electricity generation, total (SIN)",energy_water,ons_open_data,daily,2024-01-14,70525.0131,mwmed
electricity_generation_by_source,"Electricity generation, total (SIN)",energy_water,ons_open_data,daily,2024-01-15,83920.1468,mwmed
electricity_generation_by_source,"Electricity generation, total (SIN)",energy_water,ons_open_data,daily,2024-01-16,87183.6964,mwmed
electricity_generation_by_source,"Electricity generation, total (SIN)",energy_water,ons_open_data,daily,2024-01-17,87212.2263,mwmed
electricity_generation_by_source,"Electricity generation, total (SIN)",energy_water,ons_open_data,daily,2024-01-18,87402.9456,mwmed
electricity_generation_by_source,"Electricity generation, total (SIN)",energy_water,ons_open_data,daily,2024-01-19,87393.7671,mwmed
electricity_generation_by_source,"Electricity generation, total (SIN)",energy_water,ons_open_data,daily,2024-01-20,80387.4266,mwmed
electricity_generation_by_source,"Electricity generation, total (SIN)",energy_water,ons_open_data,daily,2024-01-21,72556.4198,mwmed
electricity_generation_by_source,"Electricity generation, total (SIN)",energy_water,ons_open_data,daily,2024-01-22,81728.4189,mwmed
electricity_generation_by_source,"Electricity generation, total (SIN)",energy_water,ons_open_data,daily,2024-01-23,78944.3827,mwmed
electricity_generation_by_source,"Electricity generation, total (SIN)",energy_water,ons_open_data,daily,2024-01-24,77371.4240,mwmed
electricity_generation_by_source,"Electricity generation, total (SIN)",energy_water,ons_open_data,daily,2024-01-25,77831.6150,mwmed
electricity_generation_by_source,"Electricity generation, total (SIN)",energy_water,ons_open_data,daily,2024-01-26,77612.6332,mwmed
electricity_generation_by_source,"Electricity generation, total (SIN)",energy_water,ons_open_data,daily,2024-01-27,72977.0874,mwmed
electricity_generation_by_source,"Electricity generation, total (SIN)",energy_water,ons_open_data,daily,2024-01-28,68138.5752,mwmed
electricity_generation_by_source,"Electricity generation, total (SIN)",energy_water,ons_open_data,daily,2024-01-29,80341.0539,mwmed
electricity_generation_by_source,"Electricity generation, total (SIN)",energy_water,ons_open_data,daily,2024-01-30,85331.4297,mwmed
electricity_generation_by_source,"Electricity generation, total (SIN)",energy_water,ons_open_data,daily,2024-01-31,86526.5279,mwmed
electricity_generation_by_source,"Electricity generation, total (SIN)",energy_water,ons_open_data,daily,2024-02-01,85271.6824,mwmed
electricity_generation_by_source,"Electricity generation, total (SIN)",energy_water,ons_open_data,daily,2024-02-02,84754.7188,mwmed
electricity_generation_by_source,"Electricity generation, total (SIN)",energy_water,ons_open_data,daily,2024-02-03,78402.4468,mwmed
electricity_generation_by_source,"Electricity generation, total (SIN)",energy_water,ons_open_data,daily,2024-02-04,73446.9550,mwmed
electricity_generation_by_source,"Electricity generation, total (SIN)",energy_water,ons_open_data,daily,2024-02-05,85673.0394,mwmed
electricity_generation_by_source,"Electricity generation, total (SIN)",energy_water,ons_open_data,daily,2024-02-06,89219.8684,mwmed
electricity_generation_by_source,"Electricity generation, total (SIN)",energy_water,ons_open_data,daily,2024-02-07,90874.6225,mwmed
electricity_generation_by_source,"Electricity generation, total (SIN)",energy_water,ons_open_data,daily,2024-02-08,90847.0017,mwmed
electricity_generation_by_source,"Electricity generation, total (SIN)",energy_water,ons_open_data,daily,2024-02-09,90122.9546,mwmed
electricity_generation_by_source,"Electricity generation, total (SIN)",energy_water,ons_open_data,daily,2024-02-10,80476.5717,mwmed
electricity_generation_by_source,"Electricity generation, total (SIN)",energy_water,ons_open_data,daily,2024-02-11,74376.2985,mwmed
electricity_generation_by_source,"Electricity generation, total (SIN)",energy_water,ons_open_data,daily,2024-02-12,81433.6518,mwmed
electricity_generation_by_source,"Electricity generation, total (SIN)",energy_water,ons_open_data,daily,2024-02-13,81777.4950,mwmed
electricity_generation_by_source,"Electricity generation, total (SIN)",energy_water,ons_open_data,daily,2024-02-14,84474.5002,mwmed
electricity_generation_by_source,"Electricity generation, total (SIN)",energy_water,ons_open_data,daily,2024-02-15,82715.8058,mwmed
electricity_generation_by_source,"Electricity generation, total (SIN)",energy_water,ons_open_data,daily,2024-02-16,81026.3045,mwmed
electricity_generation_by_source,"Electricity generation, total (SIN)",energy_water,ons_open_data,daily,2024-02-17,77087.5495,mwmed
electricity_generation_by_source,"Electricity generation, total (SIN)",energy_water,ons_open_data,daily,2024-02-18,71845.0055,mwmed
electricity_generation_by_source,"Electricity generation, total (SIN)",energy_water,ons_open_data,daily,2024-02-19,82865.4573,mwmed
electricity_generation_by_source,"Electricity generation, total (SIN)",energy_water,ons_open_data,daily,2024-02-20,82954.2574,mwmed
electricity_generation_by_source,"Electricity generation, total (SIN)",energy_water,ons_open_data,daily,2024-02-21,82908.2106,mwmed
electricity_generation_by_source,"Electricity generation, total (SIN)",energy_water,ons_open_data,daily,2024-02-22,84203.0492,mwmed
electricity_generation_by_source,"Electricity generation, total (SIN)",energy_water,ons_open_data,daily,2024-02-23,85701.6314,mwmed
electricity_generation_by_source,"Electricity generation, total (SIN)",energy_water,ons_open_data,daily,2024-02-24,79923.2821,mwmed
electricity_generation_by_source,"Electricity generation, total (SIN)",energy_water,ons_open_data,daily,2024-02-25,74251.0654,mwmed
electricity_generation_by_source,"Electricity generation, total (SIN)",energy_water,ons_open_data,daily,2024-02-26,85398.3675,mwmed
electricity_generation_by_source,"Electricity generation, total (SIN)",energy_water,ons_open_data,daily,2024-02-27,87534.8688,mwmed
electricity_generation_by_source,"Electricity generation, total (SIN)",energy_water,ons_open_data,daily,2024-02-28,89490.1078,mwmed
electricity_generation_by_source,"Electricity generation, total (SIN)",energy_water,ons_open_data,daily,2024-02-29,90199.9208,mwmed
electricity_generation_by_source,"Electricity generation, total (SIN)",energy_water,ons_open_data,daily,2024-03-01,89521.8020,mwmed
electricity_generation_by_source,"Electricity generation, total (SIN)",energy_water,ons_open_data,daily,2024-03-02,80788.7948,mwmed
electricity_generation_by_source,"Electricity generation, total (SIN)",energy_water,ons_open_data,daily,2024-03-03,74740.9335,mwmed
electricity_generation_by_source,"Electricity generation, total (SIN)",energy_water,ons_open_data,daily,2024-03-04,85555.8011,mwmed
electricity_generation_by_source,"Electricity generation, total (SIN)",energy_water,ons_open_data,daily,2024-03-05,85467.9378,mwmed
electricity_generation_by_source,"Electricity generation, total (SIN)",energy_water,ons_open_data,daily,2024-03-06,84996.9473,mwmed
electricity_generation_by_source,"Electricity generation, total (SIN)",energy_water,ons_open_data,daily,2024-03-07,85419.1391,mwmed
electricity_generation_by_source,"Electricity generation, total (SIN)",energy_water,ons_open_data,daily,2024-03-08,85890.1637,mwmed
electricity_generation_by_source,"Electricity generation, total (SIN)",energy_water,ons_open_data,daily,2024-03-09,79958.8800,mwmed
electricity_generation_by_source,"Electricity generation, total (SIN)",energy_water,ons_open_data,daily,2024-03-10,74519.1908,mwmed
electricity_generation_by_source,"Electricity generation, total (SIN)",energy_water,ons_open_data,daily,2024-03-11,85828.6613,mwmed
electricity_generation_by_source,"Electricity generation, total (SIN)",energy_water,ons_open_data,daily,2024-03-12,87660.0607,mwmed
electricity_generation_by_source,"Electricity generation, total (SIN)",energy_water,ons_open_data,daily,2024-03-13,88760.9445,mwmed
electricity_generation_by_source,"Electricity generation, total (SIN)",energy_water,ons_open_data,daily,2024-03-14,90568.2379,mwmed
electricity_generation_by_source,"Electricity generation, total (SIN)",energy_water,ons_open_data,daily,2024-03-15,91359.7257,mwmed
electricity_generation_by_source,"Electricity generation, total (SIN)",energy_water,ons_open_data,daily,2024-03-16,84703.2705,mwmed
electricity_generation_by_source,"Electricity generation, total (SIN)",energy_water,ons_open_data,daily,2024-03-17,78386.1335,mwmed
electricity_generation_by_source,"Electricity generation, total (SIN)",energy_water,ons_open_data,daily,2024-03-18,89679.3469,mwmed
electricity_generation_by_source,"Electricity generation, total (SIN)",energy_water,ons_open_data,daily,2024-03-19,90467.6097,mwmed
electricity_generation_by_source,"Electricity generation, total (SIN)",energy_water,ons_open_data,daily,2024-03-20,90793.7372,mwmed
electricity_generation_by_source,"Electricity generation, total (SIN)",energy_water,ons_open_data,daily,2024-03-21,88799.7256,mwmed
electricity_generation_by_source,"Electricity generation, total (SIN)",energy_water,ons_open_data,daily,2024-03-22,84409.9178,mwmed
electricity_generation_by_source,"Electricity generation, total (SIN)",energy_water,ons_open_data,daily,2024-03-23,74067.6479,mwmed
electricity_generation_by_source,"Electricity generation, total (SIN)",energy_water,ons_open_data,daily,2024-03-24,67347.3685,mwmed
electricity_generation_by_source,"Electricity generation, total (SIN)",energy_water,ons_open_data,daily,2024-03-25,79956.8105,mwmed
electricity_generation_by_source,"Electricity generation, total (SIN)",energy_water,ons_open_data,daily,2024-03-26,81840.0382,mwmed
electricity_generation_by_source,"Electricity generation, total (SIN)",energy_water,ons_open_data,daily,2024-03-27,80955.0927,mwmed
electricity_generation_by_source,"Electricity generation, total (SIN)",energy_water,ons_open_data,daily,2024-03-28,79807.1437,mwmed
electricity_generation_by_source,"Electricity generation, total (SIN)",energy_water,ons_open_data,daily,2024-03-29,69987.5404,mwmed
electricity_generation_by_source,"Electricity generation, total (SIN)",energy_water,ons_open_data,daily,2024-03-30,72726.4773,mwmed
electricity_generation_by_source,"Electricity generation, total (SIN)",energy_water,ons_open_data,daily,2024-03-31,69926.0401,mwmed
electricity_generation_by_source,"Electricity generation, total (SIN)",energy_water,ons_open_data,daily,2024-04-01,82371.4662,mwmed
electricity_generation_by_source,"Electricity generation, total (SIN)",energy_water,ons_open_data,daily,2024-04-02,84903.0150,mwmed
electricity_generation_by_source,"Electricity generation, total (SIN)",energy_water,ons_open_data,daily,2024-04-03,85121.7108,mwmed
electricity_generation_by_source,"Electricity generation, total (SIN)",energy_water,ons_open_data,daily,2024-04-04,85503.4638,mwmed
electricity_generation_by_source,"Electricity generation, total (SIN)",energy_water,ons_open_data,daily,2024-04-05,84140.0088,mwmed
electricity_generation_by_source,"Electricity generation, total (SIN)",energy_water,ons_open_data,daily,2024-04-06,76471.5747,mwmed
electricity_generation_by_source,"Electricity generation, total (SIN)",energy_water,ons_open_data,daily,2024-04-07,70240.5788,mwmed
electricity_generation_by_source,"Electricity generation, total (SIN)",energy_water,ons_open_data,daily,2024-04-08,81958.4537,mwmed
electricity_generation_by_source,"Electricity generation, total (SIN)",energy_water,ons_open_data,daily,2024-04-09,83677.0110,mwmed
electricity_generation_by_source,"Electricity generation, total (SIN)",energy_water,ons_open_data,daily,2024-04-10,83511.7458,mwmed
electricity_generation_by_source,"Electricity generation, total (SIN)",energy_water,ons_open_data,daily,2024-04-11,83269.1702,mwmed
electricity_generation_by_source,"Electricity generation, total (SIN)",energy_water,ons_open_data,daily,2024-04-12,81676.1910,mwmed
electricity_generation_by_source,"Electricity generation, total (SIN)",energy_water,ons_open_data,daily,2024-04-13,75812.4522,mwmed
electricity_generation_by_source,"Electricity generation, total (SIN)",energy_water,ons_open_data,daily,2024-04-14,69434.3254,mwmed
electricity_generation_by_source,"Electricity generation, total (SIN)",energy_water,ons_open_data,daily,2024-04-15,80621.2603,mwmed
electricity_generation_by_source,"Electricity generation, total (SIN)",energy_water,ons_open_data,daily,2024-04-16,83226.9793,mwmed
electricity_generation_by_source,"Electricity generation, total (SIN)",energy_water,ons_open_data,daily,2024-04-17,81803.9159,mwmed
electricity_generation_by_source,"Electricity generation, total (SIN)",energy_water,ons_open_data,daily,2024-04-18,78986.1192,mwmed
electricity_generation_by_source,"Electricity generation, total (SIN)",energy_water,ons_open_data,daily,2024-04-19,77484.3552,mwmed
electricity_generation_by_source,"Electricity generation, total (SIN)",energy_water,ons_open_data,daily,2024-04-20,71428.4905,mwmed
electricity_generation_by_source,"Electricity generation, total (SIN)",energy_water,ons_open_data,daily,2024-04-21,65423.2443,mwmed
electricity_generation_by_source,"Electricity generation, total (SIN)",energy_water,ons_open_data,daily,2024-04-22,77957.0818,mwmed
electricity_generation_by_source,"Electricity generation, total (SIN)",energy_water,ons_open_data,daily,2024-04-23,80901.6834,mwmed
electricity_generation_by_source,"Electricity generation, total (SIN)",energy_water,ons_open_data,daily,2024-04-24,82263.1633,mwmed
electricity_generation_by_source,"Electricity generation, total (SIN)",energy_water,ons_open_data,daily,2024-04-25,82154.1044,mwmed
electricity_generation_by_source,"Electricity generation, total (SIN)",energy_water,ons_open_data,daily,2024-04-26,81973.8655,mwmed
electricity_generation_by_source,"Electricity generation, total (SIN)",energy_water,ons_open_data,daily,2024-04-27,77379.4396,mwmed
electricity_generation_by_source,"Electricity generation, total (SIN)",energy_water,ons_open_data,daily,2024-04-28,71994.5136,mwmed
electricity_generation_by_source,"Electricity generation, total (SIN)",energy_water,ons_open_data,daily,2024-04-29,83111.0654,mwmed
electricity_generation_by_source,"Electricity generation, total (SIN)",energy_water,ons_open_data,daily,2024-04-30,84273.3560,mwmed
electricity_generation_by_source,"Electricity generation, total (SIN)",energy_water,ons_open_data,daily,2024-05-01,75951.2352,mwmed
electricity_generation_by_source,"Electricity generation, total (SIN)",energy_water,ons_open_data,daily,2024-05-02,84210.2848,mwmed
electricity_generation_by_source,"Electricity generation, total (SIN)",energy_water,ons_open_data,daily,2024-05-03,83150.8914,mwmed
electricity_generation_by_source,"Electricity generation, total (SIN)",energy_water,ons_open_data,daily,2024-05-04,76188.7787,mwmed
electricity_generation_by_source,"Electricity generation, total (SIN)",energy_water,ons_open_data,daily,2024-05-05,70624.1471,mwmed
electricity_generation_by_source,"Electricity generation, total (SIN)",energy_water,ons_open_data,daily,2024-05-06,81330.5259,mwmed
electricity_generation_by_source,"Electricity generation, total (SIN)",energy_water,ons_open_data,daily,2024-05-07,83619.0421,mwmed
electricity_generation_by_source,"Electricity generation, total (SIN)",energy_water,ons_open_data,daily,2024-05-08,84353.3841,mwmed
electricity_generation_by_source,"Electricity generation, total (SIN)",energy_water,ons_open_data,daily,2024-05-09,83833.9874,mwmed
electricity_generation_by_source,"Electricity generation, total (SIN)",energy_water,ons_open_data,daily,2024-05-10,82750.0517,mwmed
electricity_generation_by_source,"Electricity generation, total (SIN)",energy_water,ons_open_data,daily,2024-05-11,76303.4965,mwmed
electricity_generation_by_source,"Electricity generation, total (SIN)",energy_water,ons_open_data,daily,2024-05-12,69560.0972,mwmed
electricity_generation_by_source,"Electricity generation, total (SIN)",energy_water,ons_open_data,daily,2024-05-13,81760.7005,mwmed
electricity_generation_by_source,"Electricity generation, total (SIN)",energy_water,ons_open_data,daily,2024-05-14,81483.1485,mwmed
electricity_generation_by_source,"Electricity generation, total (SIN)",energy_water,ons_open_data,daily,2024-05-15,79400.9653,mwmed
electricity_generation_by_source,"Electricity generation, total (SIN)",energy_water,ons_open_data,daily,2024-05-16,79877.2790,mwmed
electricity_generation_by_source,"Electricity generation, total (SIN)",energy_water,ons_open_data,daily,2024-05-17,80651.2002,mwmed
electricity_generation_by_source,"Electricity generation, total (SIN)",energy_water,ons_open_data,daily,2024-05-18,74745.6346,mwmed
electricity_generation_by_source,"Electricity generation, total (SIN)",energy_water,ons_open_data,daily,2024-05-19,68330.2563,mwmed
electricity_generation_by_source,"Electricity generation, total (SIN)",energy_water,ons_open_data,daily,2024-05-20,77873.3341,mwmed
electricity_generation_by_source,"Electricity generation, total (SIN)",energy_water,ons_open_data,daily,2024-05-21,78699.4058,mwmed
electricity_generation_by_source,"Electricity generation, total (SIN)",energy_water,ons_open_data,daily,2024-05-22,79700.9710,mwmed
electricity_generation_by_source,"Electricity generation, total (SIN)",energy_water,ons_open_data,daily,2024-05-23,80477.0979,mwmed
electricity_generation_by_source,"Electricity generation, total (SIN)",energy_water,ons_open_data,daily,2024-05-24,79535.0357,mwmed
electricity_generation_by_source,"Electricity generation, total (SIN)",energy_water,ons_open_data,daily,2024-05-25,72585.8292,mwmed
electricity_generation_by_source,"Electricity generation, total (SIN)",energy_water,ons_open_data,daily,2024-05-26,65953.5555,mwmed
electricity_generation_by_source,"Electricity generation, total (SIN)",energy_water,ons_open_data,daily,2024-05-27,75353.6565,mwmed
electricity_generation_by_source,"Electricity generation, total (SIN)",energy_water,ons_open_data,daily,2024-05-28,76377.5442,mwmed
electricity_generation_by_source,"Electricity generation, total (SIN)",energy_water,ons_open_data,daily,2024-05-29,75424.2149,mwmed
electricity_generation_by_source,"Electricity generation, total (SIN)",energy_water,ons_open_data,daily,2024-05-30,69301.9879,mwmed
electricity_generation_by_source,"Electricity generation, total (SIN)",energy_water,ons_open_data,daily,2024-05-31,71362.2523,mwmed
electricity_generation_by_source,"Electricity generation, total (SIN)",energy_water,ons_open_data,daily,2024-06-01,67677.0921,mwmed
electricity_generation_by_source,"Electricity generation, total (SIN)",energy_water,ons_open_data,daily,2024-06-02,63905.9239,mwmed
electricity_generation_by_source,"Electricity generation, total (SIN)",energy_water,ons_open_data,daily,2024-06-03,75459.4228,mwmed
electricity_generation_by_source,"Electricity generation, total (SIN)",energy_water,ons_open_data,daily,2024-06-04,77372.4474,mwmed
electricity_generation_by_source,"Electricity generation, total (SIN)",energy_water,ons_open_data,daily,2024-06-05,77220.7600,mwmed
electricity_generation_by_source,"Electricity generation, total (SIN)",energy_water,ons_open_data,daily,2024-06-06,77394.7143,mwmed
electricity_generation_by_source,"Electricity generation, total (SIN)",energy_water,ons_open_data,daily,2024-06-07,77727.3617,mwmed
electricity_generation_by_source,"Electricity generation, total (SIN)",energy_water,ons_open_data,daily,2024-06-08,71569.3463,mwmed
electricity_generation_by_source,"Electricity generation, total (SIN)",energy_water,ons_open_data,daily,2024-06-09,65568.0079,mwmed
electricity_generation_by_source,"Electricity generation, total (SIN)",energy_water,ons_open_data,daily,2024-06-10,76484.5643,mwmed
electricity_generation_by_source,"Electricity generation, total (SIN)",energy_water,ons_open_data,daily,2024-06-11,78374.8986,mwmed
electricity_generation_by_source,"Electricity generation, total (SIN)",energy_water,ons_open_data,daily,2024-06-12,78208.1034,mwmed
electricity_generation_by_source,"Electricity generation, total (SIN)",energy_water,ons_open_data,daily,2024-06-13,77449.2318,mwmed
electricity_generation_by_source,"Electricity generation, total (SIN)",energy_water,ons_open_data,daily,2024-06-14,77186.8103,mwmed
electricity_generation_by_source,"Electricity generation, total (SIN)",energy_water,ons_open_data,daily,2024-06-15,71996.6402,mwmed
electricity_generation_by_source,"Electricity generation, total (SIN)",energy_water,ons_open_data,daily,2024-06-16,65755.4837,mwmed
electricity_generation_by_source,"Electricity generation, total (SIN)",energy_water,ons_open_data,daily,2024-06-17,75948.7414,mwmed
electricity_generation_by_source,"Electricity generation, total (SIN)",energy_water,ons_open_data,daily,2024-06-18,77058.0167,mwmed
electricity_generation_by_source,"Electricity generation, total (SIN)",energy_water,ons_open_data,daily,2024-06-19,77498.8758,mwmed
electricity_generation_by_source,"Electricity generation, total (SIN)",energy_water,ons_open_data,daily,2024-06-20,77629.1273,mwmed
electricity_generation_by_source,"Electricity generation, total (SIN)",energy_water,ons_open_data,daily,2024-06-21,76634.4907,mwmed
electricity_generation_by_source,"Electricity generation, total (SIN)",energy_water,ons_open_data,daily,2024-06-22,71761.1111,mwmed
electricity_generation_by_source,"Electricity generation, total (SIN)",energy_water,ons_open_data,daily,2024-06-23,66475.2866,mwmed
electricity_generation_by_source,"Electricity generation, total (SIN)",energy_water,ons_open_data,daily,2024-06-24,76824.3385,mwmed
electricity_generation_by_source,"Electricity generation, total (SIN)",energy_water,ons_open_data,daily,2024-06-25,79848.8576,mwmed
electricity_generation_by_source,"Electricity generation, total (SIN)",energy_water,ons_open_data,daily,2024-06-26,79823.1542,mwmed
electricity_generation_by_source,"Electricity generation, total (SIN)",energy_water,ons_open_data,daily,2024-06-27,78508.7045,mwmed
electricity_generation_by_source,"Electricity generation, total (SIN)",energy_water,ons_open_data,daily,2024-06-28,78486.3262,mwmed
electricity_generation_by_source,"Electricity generation, total (SIN)",energy_water,ons_open_data,daily,2024-06-29,72873.9980,mwmed
electricity_generation_by_source,"Electricity generation, total (SIN)",energy_water,ons_open_data,daily,2024-06-30,65858.4918,mwmed
electricity_generation_by_source,"Electricity generation, total (SIN)",energy_water,ons_open_data,daily,2024-07-01,75259.3669,mwmed
electricity_generation_by_source,"Electricity generation, total (SIN)",energy_water,ons_open_data,daily,2024-07-02,76724.2156,mwmed
electricity_generation_by_source,"Electricity generation, total (SIN)",energy_water,ons_open_data,daily,2024-07-03,77622.6286,mwmed
electricity_generation_by_source,"Electricity generation, total (SIN)",energy_water,ons_open_data,daily,2024-07-04,78541.4644,mwmed
electricity_generation_by_source,"Electricity generation, total (SIN)",energy_water,ons_open_data,daily,2024-07-05,78763.9908,mwmed
electricity_generation_by_source,"Electricity generation, total (SIN)",energy_water,ons_open_data,daily,2024-07-06,72883.3028,mwmed
electricity_generation_by_source,"Electricity generation, total (SIN)",energy_water,ons_open_data,daily,2024-07-07,67295.3473,mwmed
electricity_generation_by_source,"Electricity generation, total (SIN)",energy_water,ons_open_data,daily,2024-07-08,75942.0072,mwmed
electricity_generation_by_source,"Electricity generation, total (SIN)",energy_water,ons_open_data,daily,2024-07-09,76785.3553,mwmed
electricity_generation_by_source,"Electricity generation, total (SIN)",energy_water,ons_open_data,daily,2024-07-10,79319.3323,mwmed
electricity_generation_by_source,"Electricity generation, total (SIN)",energy_water,ons_open_data,daily,2024-07-11,79046.0614,mwmed
electricity_generation_by_source,"Electricity generation, total (SIN)",energy_water,ons_open_data,daily,2024-07-12,78981.4142,mwmed
electricity_generation_by_source,"Electricity generation, total (SIN)",energy_water,ons_open_data,daily,2024-07-13,71977.1650,mwmed
electricity_generation_by_source,"Electricity generation, total (SIN)",energy_water,ons_open_data,daily,2024-07-14,65606.8707,mwmed
electricity_generation_by_source,"Electricity generation, total (SIN)",energy_water,ons_open_data,daily,2024-07-15,74490.0703,mwmed
electricity_generation_by_source,"Electricity generation, total (SIN)",energy_water,ons_open_data,daily,2024-07-16,75868.0240,mwmed
electricity_generation_by_source,"Electricity generation, total (SIN)",energy_water,ons_open_data,daily,2024-07-17,76588.1720,mwmed
electricity_generation_by_source,"Electricity generation, total (SIN)",energy_water,ons_open_data,daily,2024-07-18,76846.5162,mwmed
electricity_generation_by_source,"Electricity generation, total (SIN)",energy_water,ons_open_data,daily,2024-07-19,76842.0800,mwmed
electricity_generation_by_source,"Electricity generation, total (SIN)",energy_water,ons_open_data,daily,2024-07-20,70953.0764,mwmed
electricity_generation_by_source,"Electricity generation, total (SIN)",energy_water,ons_open_data,daily,2024-07-21,64896.0528,mwmed
electricity_generation_by_source,"Electricity generation, total (SIN)",energy_water,ons_open_data,daily,2024-07-22,75181.2265,mwmed
electricity_generation_by_source,"Electricity generation, total (SIN)",energy_water,ons_open_data,daily,2024-07-23,77300.6368,mwmed
electricity_generation_by_source,"Electricity generation, total (SIN)",energy_water,ons_open_data,daily,2024-07-24,77351.0241,mwmed
electricity_generation_by_source,"Electricity generation, total (SIN)",energy_water,ons_open_data,daily,2024-07-25,77479.2787,mwmed
electricity_generation_by_source,"Electricity generation, total (SIN)",energy_water,ons_open_data,daily,2024-07-26,77555.8170,mwmed
electricity_generation_by_source,"Electricity generation, total (SIN)",energy_water,ons_open_data,daily,2024-07-27,73108.4332,mwmed
electricity_generation_by_source,"Electricity generation, total (SIN)",energy_water,ons_open_data,daily,2024-07-28,67295.1971,mwmed
electricity_generation_by_source,"Electricity generation, total (SIN)",energy_water,ons_open_data,daily,2024-07-29,78664.6115,mwmed
electricity_generation_by_source,"Electricity generation, total (SIN)",energy_water,ons_open_data,daily,2024-07-30,79231.4985,mwmed
electricity_generation_by_source,"Electricity generation, total (SIN)",energy_water,ons_open_data,daily,2024-07-31,79253.2434,mwmed
electricity_generation_by_source,"Electricity generation, total (SIN)",energy_water,ons_open_data,daily,2024-08-01,78955.0624,mwmed
electricity_generation_by_source,"Electricity generation, total (SIN)",energy_water,ons_open_data,daily,2024-08-02,78159.2199,mwmed
electricity_generation_by_source,"Electricity generation, total (SIN)",energy_water,ons_open_data,daily,2024-08-03,72094.7147,mwmed
electricity_generation_by_source,"Electricity generation, total (SIN)",energy_water,ons_open_data,daily,2024-08-04,66984.9283,mwmed
electricity_generation_by_source,"Electricity generation, total (SIN)",energy_water,ons_open_data,daily,2024-08-05,77489.9922,mwmed
electricity_generation_by_source,"Electricity generation, total (SIN)",energy_water,ons_open_data,daily,2024-08-06,79937.0664,mwmed
electricity_generation_by_source,"Electricity generation, total (SIN)",energy_water,ons_open_data,daily,2024-08-07,81231.0063,mwmed
electricity_generation_by_source,"Electricity generation, total (SIN)",energy_water,ons_open_data,daily,2024-08-08,81869.3864,mwmed
electricity_generation_by_source,"Electricity generation, total (SIN)",energy_water,ons_open_data,daily,2024-08-09,80475.5814,mwmed
electricity_generation_by_source,"Electricity generation, total (SIN)",energy_water,ons_open_data,daily,2024-08-10,72381.6016,mwmed
electricity_generation_by_source,"Electricity generation, total (SIN)",energy_water,ons_open_data,daily,2024-08-11,64974.0272,mwmed
electricity_generation_by_source,"Electricity generation, total (SIN)",energy_water,ons_open_data,daily,2024-08-12,75315.9307,mwmed
electricity_generation_by_source,"Electricity generation, total (SIN)",energy_water,ons_open_data,daily,2024-08-13,76930.9414,mwmed
electricity_generation_by_source,"Electricity generation, total (SIN)",energy_water,ons_open_data,daily,2024-08-14,77441.0055,mwmed
electricity_generation_by_source,"Electricity generation, total (SIN)",energy_water,ons_open_data,daily,2024-08-15,78026.6002,mwmed
electricity_generation_by_source,"Electricity generation, total (SIN)",energy_water,ons_open_data,daily,2024-08-16,78703.9799,mwmed
electricity_generation_by_source,"Electricity generation, total (SIN)",energy_water,ons_open_data,daily,2024-08-17,73876.1887,mwmed
electricity_generation_by_source,"Electricity generation, total (SIN)",energy_water,ons_open_data,daily,2024-08-18,68394.5146,mwmed
electricity_generation_by_source,"Electricity generation, total (SIN)",energy_water,ons_open_data,daily,2024-08-19,79886.5705,mwmed
electricity_generation_by_source,"Electricity generation, total (SIN)",energy_water,ons_open_data,daily,2024-08-20,82688.9507,mwmed
electricity_generation_by_source,"Electricity generation, total (SIN)",energy_water,ons_open_data,daily,2024-08-21,82501.3341,mwmed
electricity_generation_by_source,"Electricity generation, total (SIN)",energy_water,ons_open_data,daily,2024-08-22,83365.1603,mwmed
electricity_generation_by_source,"Electricity generation, total (SIN)",energy_water,ons_open_data,daily,2024-08-23,83529.2977,mwmed
electricity_generation_by_source,"Electricity generation, total (SIN)",energy_water,ons_open_data,daily,2024-08-24,76702.2552,mwmed
electricity_generation_by_source,"Electricity generation, total (SIN)",energy_water,ons_open_data,daily,2024-08-25,69476.8808,mwmed
electricity_generation_by_source,"Electricity generation, total (SIN)",energy_water,ons_open_data,daily,2024-08-26,76582.7788,mwmed
electricity_generation_by_source,"Electricity generation, total (SIN)",energy_water,ons_open_data,daily,2024-08-27,77450.8671,mwmed
electricity_generation_by_source,"Electricity generation, total (SIN)",energy_water,ons_open_data,daily,2024-08-28,78218.0165,mwmed
electricity_generation_by_source,"Electricity generation, total (SIN)",energy_water,ons_open_data,daily,2024-08-29,78455.0375,mwmed
electricity_generation_by_source,"Electricity generation, total (SIN)",energy_water,ons_open_data,daily,2024-08-30,79145.8059,mwmed
electricity_generation_by_source,"Electricity generation, total (SIN)",energy_water,ons_open_data,daily,2024-08-31,73011.3698,mwmed
electricity_generation_by_source,"Electricity generation, total (SIN)",energy_water,ons_open_data,daily,2024-09-01,67672.7671,mwmed
electricity_generation_by_source,"Electricity generation, total (SIN)",energy_water,ons_open_data,daily,2024-09-02,78375.8841,mwmed
electricity_generation_by_source,"Electricity generation, total (SIN)",energy_water,ons_open_data,daily,2024-09-03,81138.2655,mwmed
electricity_generation_by_source,"Electricity generation, total (SIN)",energy_water,ons_open_data,daily,2024-09-04,83384.9465,mwmed
electricity_generation_by_source,"Electricity generation, total (SIN)",energy_water,ons_open_data,daily,2024-09-05,82691.1663,mwmed
electricity_generation_by_source,"Electricity generation, total (SIN)",energy_water,ons_open_data,daily,2024-09-06,80468.6981,mwmed
electricity_generation_by_source,"Electricity generation, total (SIN)",energy_water,ons_open_data,daily,2024-09-07,73001.8027,mwmed
electricity_generation_by_source,"Electricity generation, total (SIN)",energy_water,ons_open_data,daily,2024-09-08,70481.3558,mwmed
electricity_generation_by_source,"Electricity generation, total (SIN)",energy_water,ons_open_data,daily,2024-09-09,83067.6214,mwmed
electricity_generation_by_source,"Electricity generation, total (SIN)",energy_water,ons_open_data,daily,2024-09-10,84727.2011,mwmed
electricity_generation_by_source,"Electricity generation, total (SIN)",energy_water,ons_open_data,daily,2024-09-11,85348.2560,mwmed
electricity_generation_by_source,"Electricity generation, total (SIN)",energy_water,ons_open_data,daily,2024-09-12,85854.3560,mwmed
electricity_generation_by_source,"Electricity generation, total (SIN)",energy_water,ons_open_data,daily,2024-09-13,85503.8985,mwmed
electricity_generation_by_source,"Electricity generation, total (SIN)",energy_water,ons_open_data,daily,2024-09-14,77884.3119,mwmed
electricity_generation_by_source,"Electricity generation, total (SIN)",energy_water,ons_open_data,daily,2024-09-15,70445.9051,mwmed
electricity_generation_by_source,"Electricity generation, total (SIN)",energy_water,ons_open_data,daily,2024-09-16,79658.7575,mwmed
electricity_generation_by_source,"Electricity generation, total (SIN)",energy_water,ons_open_data,daily,2024-09-17,79877.9857,mwmed
electricity_generation_by_source,"Electricity generation, total (SIN)",energy_water,ons_open_data,daily,2024-09-18,80922.2641,mwmed
electricity_generation_by_source,"Electricity generation, total (SIN)",energy_water,ons_open_data,daily,2024-09-19,82415.0688,mwmed
electricity_generation_by_source,"Electricity generation, total (SIN)",energy_water,ons_open_data,daily,2024-09-20,83608.0493,mwmed
electricity_generation_by_source,"Electricity generation, total (SIN)",energy_water,ons_open_data,daily,2024-09-21,76543.6356,mwmed
electricity_generation_by_source,"Electricity generation, total (SIN)",energy_water,ons_open_data,daily,2024-09-22,72411.3945,mwmed
electricity_generation_by_source,"Electricity generation, total (SIN)",energy_water,ons_open_data,daily,2024-09-23,85394.0179,mwmed
electricity_generation_by_source,"Electricity generation, total (SIN)",energy_water,ons_open_data,daily,2024-09-24,87272.3527,mwmed
electricity_generation_by_source,"Electricity generation, total (SIN)",energy_water,ons_open_data,daily,2024-09-25,88384.9231,mwmed
electricity_generation_by_source,"Electricity generation, total (SIN)",energy_water,ons_open_data,daily,2024-09-26,88120.1283,mwmed
electricity_generation_by_source,"Electricity generation, total (SIN)",energy_water,ons_open_data,daily,2024-09-27,85129.7656,mwmed
electricity_generation_by_source,"Electricity generation, total (SIN)",energy_water,ons_open_data,daily,2024-09-28,76996.0576,mwmed
electricity_generation_by_source,"Electricity generation, total (SIN)",energy_water,ons_open_data,daily,2024-09-29,70788.8930,mwmed
electricity_generation_by_source,"Electricity generation, total (SIN)",energy_water,ons_open_data,daily,2024-09-30,83339.6038,mwmed
electricity_generation_by_source,"Electricity generation, total (SIN)",energy_water,ons_open_data,daily,2024-10-01,87160.1730,mwmed
electricity_generation_by_source,"Electricity generation, total (SIN)",energy_water,ons_open_data,daily,2024-10-02,88375.7180,mwmed
electricity_generation_by_source,"Electricity generation, total (SIN)",energy_water,ons_open_data,daily,2024-10-03,85964.1743,mwmed
electricity_generation_by_source,"Electricity generation, total (SIN)",energy_water,ons_open_data,daily,2024-10-04,82777.7992,mwmed
electricity_generation_by_source,"Electricity generation, total (SIN)",energy_water,ons_open_data,daily,2024-10-05,76437.0515,mwmed
electricity_generation_by_source,"Electricity generation, total (SIN)",energy_water,ons_open_data,daily,2024-10-06,69728.7008,mwmed
electricity_generation_by_source,"Electricity generation, total (SIN)",energy_water,ons_open_data,daily,2024-10-07,82666.1170,mwmed
electricity_generation_by_source,"Electricity generation, total (SIN)",energy_water,ons_open_data,daily,2024-10-08,86009.2400,mwmed
electricity_generation_by_source,"Electricity generation, total (SIN)",energy_water,ons_open_data,daily,2024-10-09,85991.2990,mwmed
electricity_generation_by_source,"Electricity generation, total (SIN)",energy_water,ons_open_data,daily,2024-10-10,83937.9691,mwmed
electricity_generation_by_source,"Electricity generation, total (SIN)",energy_water,ons_open_data,daily,2024-10-11,80120.9705,mwmed
electricity_generation_by_source,"Electricity generation, total (SIN)",energy_water,ons_open_data,daily,2024-10-12,71121.4438,mwmed
electricity_generation_by_source,"Electricity generation, total (SIN)",energy_water,ons_open_data,daily,2024-10-13,67406.3565,mwmed
electricity_generation_by_source,"Electricity generation, total (SIN)",energy_water,ons_open_data,daily,2024-10-14,80193.8706,mwmed
electricity_generation_by_source,"Electricity generation, total (SIN)",energy_water,ons_open_data,daily,2024-10-15,82520.9544,mwmed
electricity_generation_by_source,"Electricity generation, total (SIN)",energy_water,ons_open_data,daily,2024-10-16,82488.1904,mwmed
electricity_generation_by_source,"Electricity generation, total (SIN)",energy_water,ons_open_data,daily,2024-10-17,83635.3369,mwmed
electricity_generation_by_source,"Electricity generation, total (SIN)",energy_water,ons_open_data,daily,2024-10-18,83368.8323,mwmed
electricity_generation_by_source,"Electricity generation, total (SIN)",energy_water,ons_open_data,daily,2024-10-19,75051.3588,mwmed
electricity_generation_by_source,"Electricity generation, total (SIN)",energy_water,ons_open_data,daily,2024-10-20,67383.1200,mwmed
electricity_generation_by_source,"Electricity generation, total (SIN)",energy_water,ons_open_data,daily,2024-10-21,79269.0385,mwmed
electricity_generation_by_source,"Electricity generation, total (SIN)",energy_water,ons_open_data,daily,2024-10-22,84222.0042,mwmed
electricity_generation_by_source,"Electricity generation, total (SIN)",energy_water,ons_open_data,daily,2024-10-23,86215.4081,mwmed
electricity_generation_by_source,"Electricity generation, total (SIN)",energy_water,ons_open_data,daily,2024-10-24,85135.9873,mwmed
electricity_generation_by_source,"Electricity generation, total (SIN)",energy_water,ons_open_data,daily,2024-10-25,85179.4634,mwmed
electricity_generation_by_source,"Electricity generation, total (SIN)",energy_water,ons_open_data,daily,2024-10-26,78719.6464,mwmed
electricity_generation_by_source,"Electricity generation, total (SIN)",energy_water,ons_open_data,daily,2024-10-27,69014.1172,mwmed
electricity_generation_by_source,"Electricity generation, total (SIN)",energy_water,ons_open_data,daily,2024-10-28,78944.1097,mwmed
electricity_generation_by_source,"Electricity generation, total (SIN)",energy_water,ons_open_data,daily,2024-10-29,82362.3032,mwmed
electricity_generation_by_source,"Electricity generation, total (SIN)",energy_water,ons_open_data,daily,2024-10-30,83046.6872,mwmed
electricity_generation_by_source,"Electricity generation, total (SIN)",energy_water,ons_open_data,daily,2024-10-31,82635.4633,mwmed
electricity_generation_by_source,"Electricity generation, total (SIN)",energy_water,ons_open_data,daily,2024-11-01,82407.6062,mwmed
electricity_generation_by_source,"Electricity generation, total (SIN)",energy_water,ons_open_data,daily,2024-11-02,74758.0806,mwmed
electricity_generation_by_source,"Electricity generation, total (SIN)",energy_water,ons_open_data,daily,2024-11-03,70862.5813,mwmed
electricity_generation_by_source,"Electricity generation, total (SIN)",energy_water,ons_open_data,daily,2024-11-04,82885.9634,mwmed
electricity_generation_by_source,"Electricity generation, total (SIN)",energy_water,ons_open_data,daily,2024-11-05,84346.1008,mwmed
electricity_generation_by_source,"Electricity generation, total (SIN)",energy_water,ons_open_data,daily,2024-11-06,85619.2249,mwmed
electricity_generation_by_source,"Electricity generation, total (SIN)",energy_water,ons_open_data,daily,2024-11-07,85186.2058,mwmed
electricity_generation_by_source,"Electricity generation, total (SIN)",energy_water,ons_open_data,daily,2024-11-08,83172.1427,mwmed
electricity_generation_by_source,"Electricity generation, total (SIN)",energy_water,ons_open_data,daily,2024-11-09,69502.2517,mwmed
electricity_generation_by_source,"Electricity generation, total (SIN)",energy_water,ons_open_data,daily,2024-11-10,70848.9328,mwmed
electricity_generation_by_source,"Electricity generation, total (SIN)",energy_water,ons_open_data,daily,2024-11-11,80717.6008,mwmed
electricity_generation_by_source,"Electricity generation, total (SIN)",energy_water,ons_open_data,daily,2024-11-12,83211.8447,mwmed
electricity_generation_by_source,"Electricity generation, total (SIN)",energy_water,ons_open_data,daily,2024-11-13,81339.0384,mwmed
electricity_generation_by_source,"Electricity generation, total (SIN)",energy_water,ons_open_data,daily,2024-11-14,80635.0862,mwmed
electricity_generation_by_source,"Electricity generation, total (SIN)",energy_water,ons_open_data,daily,2024-11-15,75314.7535,mwmed
electricity_generation_by_source,"Electricity generation, total (SIN)",energy_water,ons_open_data,daily,2024-11-16,74988.4384,mwmed
electricity_generation_by_source,"Electricity generation, total (SIN)",energy_water,ons_open_data,daily,2024-11-17,70420.9684,mwmed
electricity_generation_by_source,"Electricity generation, total (SIN)",energy_water,ons_open_data,daily,2024-11-18,83900.0803,mwmed
electricity_generation_by_source,"Electricity generation, total (SIN)",energy_water,ons_open_data,daily,2024-11-19,85407.3524,mwmed
electricity_generation_by_source,"Electricity generation, total (SIN)",energy_water,ons_open_data,daily,2024-11-20,80747.5006,mwmed
electricity_generation_by_source,"Electricity generation, total (SIN)",energy_water,ons_open_data,daily,2024-11-21,84696.6986,mwmed
electricity_generation_by_source,"Electricity generation, total (SIN)",energy_water,ons_open_data,daily,2024-11-22,82376.2961,mwmed
electricity_generation_by_source,"Electricity generation, total (SIN)",energy_water,ons_open_data,daily,2024-11-23,75918.1592,mwmed
electricity_generation_by_source,"Electricity generation, total (SIN)",energy_water,ons_open_data,daily,2024-11-24,69608.9276,mwmed
electricity_generation_by_source,"Electricity generation, total (SIN)",energy_water,ons_open_data,daily,2024-11-25,81998.0560,mwmed
electricity_generation_by_source,"Electricity generation, total (SIN)",energy_water,ons_open_data,daily,2024-11-26,86370.4673,mwmed
electricity_generation_by_source,"Electricity generation, total (SIN)",energy_water,ons_open_data,daily,2024-11-27,89843.5801,mwmed
electricity_generation_by_source,"Electricity generation, total (SIN)",energy_water,ons_open_data,daily,2024-11-28,91095.6148,mwmed
electricity_generation_by_source,"Electricity generation, total (SIN)",energy_water,ons_open_data,daily,2024-11-29,88830.4667,mwmed
electricity_generation_by_source,"Electricity generation, total (SIN)",energy_water,ons_open_data,daily,2024-11-30,81883.2452,mwmed
electricity_generation_by_source,"Electricity generation, total (SIN)",energy_water,ons_open_data,daily,2024-12-01,75589.6467,mwmed
electricity_generation_by_source,"Electricity generation, total (SIN)",energy_water,ons_open_data,daily,2024-12-02,87703.2246,mwmed
electricity_generation_by_source,"Electricity generation, total (SIN)",energy_water,ons_open_data,daily,2024-12-03,86458.4591,mwmed
electricity_generation_by_source,"Electricity generation, total (SIN)",energy_water,ons_open_data,daily,2024-12-04,83318.6345,mwmed
electricity_generation_by_source,"Electricity generation, total (SIN)",energy_water,ons_open_data,daily,2024-12-05,83890.8960,mwmed
electricity_generation_by_source,"Electricity generation, total (SIN)",energy_water,ons_open_data,daily,2024-12-06,87192.4896,mwmed
electricity_generation_by_source,"Electricity generation, total (SIN)",energy_water,ons_open_data,daily,2024-12-07,80684.8346,mwmed
electricity_generation_by_source,"Electricity generation, total (SIN)",energy_water,ons_open_data,daily,2024-12-08,74246.1050,mwmed
electricity_generation_by_source,"Electricity generation, total (SIN)",energy_water,ons_open_data,daily,2024-12-09,85707.6879,mwmed
electricity_generation_by_source,"Electricity generation, total (SIN)",energy_water,ons_open_data,daily,2024-12-10,86570.8570,mwmed
electricity_generation_by_source,"Electricity generation, total (SIN)",energy_water,ons_open_data,daily,2024-12-11,84485.9973,mwmed
electricity_generation_by_source,"Electricity generation, total (SIN)",energy_water,ons_open_data,daily,2024-12-12,84302.1655,mwmed
electricity_generation_by_source,"Electricity generation, total (SIN)",energy_water,ons_open_data,daily,2024-12-13,84795.8282,mwmed
electricity_generation_by_source,"Electricity generation, total (SIN)",energy_water,ons_open_data,daily,2024-12-14,77993.0107,mwmed
electricity_generation_by_source,"Electricity generation, total (SIN)",energy_water,ons_open_data,daily,2024-12-15,71626.5215,mwmed
electricity_generation_by_source,"Electricity generation, total (SIN)",energy_water,ons_open_data,daily,2024-12-16,83391.6172,mwmed
electricity_generation_by_source,"Electricity generation, total (SIN)",energy_water,ons_open_data,daily,2024-12-17,84442.4427,mwmed
electricity_generation_by_source,"Electricity generation, total (SIN)",energy_water,ons_open_data,daily,2024-12-18,83807.0396,mwmed
electricity_generation_by_source,"Electricity generation, total (SIN)",energy_water,ons_open_data,daily,2024-12-19,84395.0057,mwmed
electricity_generation_by_source,"Electricity generation, total (SIN)",energy_water,ons_open_data,daily,2024-12-20,84258.8165,mwmed
electricity_generation_by_source,"Electricity generation, total (SIN)",energy_water,ons_open_data,daily,2024-12-21,78054.9673,mwmed
electricity_generation_by_source,"Electricity generation, total (SIN)",energy_water,ons_open_data,daily,2024-12-22,72454.7128,mwmed
electricity_generation_by_source,"Electricity generation, total (SIN)",energy_water,ons_open_data,daily,2024-12-23,77223.8083,mwmed
electricity_generation_by_source,"Electricity generation, total (SIN)",energy_water,ons_open_data,daily,2024-12-24,72772.3118,mwmed
electricity_generation_by_source,"Electricity generation, total (SIN)",energy_water,ons_open_data,daily,2024-12-25,66416.5770,mwmed
electricity_generation_by_source,"Electricity generation, total (SIN)",energy_water,ons_open_data,daily,2024-12-26,75394.7251,mwmed
electricity_generation_by_source,"Electricity generation, total (SIN)",energy_water,ons_open_data,daily,2024-12-27,77224.8024,mwmed
electricity_generation_by_source,"Electricity generation, total (SIN)",energy_water,ons_open_data,daily,2024-12-28,74816.1832,mwmed
electricity_generation_by_source,"Electricity generation, total (SIN)",energy_water,ons_open_data,daily,2024-12-29,70248.5317,mwmed
electricity_generation_by_source,"Electricity generation, total (SIN)",energy_water,ons_open_data,daily,2024-12-30,74499.6333,mwmed
electricity_generation_by_source,"Electricity generation, total (SIN)",energy_water,ons_open_data,daily,2024-12-31,71629.2572,mwmed
electricity_generation_by_source,"Electricity generation, total (SIN)",energy_water,ons_open_data,daily,2025-01-01,66093.5839,mwmed
electricity_generation_by_source,"Electricity generation, total (SIN)",energy_water,ons_open_data,daily,2025-01-02,77405.0540,mwmed
electricity_generation_by_source,"Electricity generation, total (SIN)",energy_water,ons_open_data,daily,2025-01-03,80445.5787,mwmed
electricity_generation_by_source,"Electricity generation, total (SIN)",energy_water,ons_open_data,daily,2025-01-04,76948.5184,mwmed
electricity_generation_by_source,"Electricity generation, total (SIN)",energy_water,ons_open_data,daily,2025-01-05,71794.2942,mwmed
electricity_generation_by_source,"Electricity generation, total (SIN)",energy_water,ons_open_data,daily,2025-01-06,82766.7151,mwmed
electricity_generation_by_source,"Electricity generation, total (SIN)",energy_water,ons_open_data,daily,2025-01-07,84856.2840,mwmed
electricity_generation_by_source,"Electricity generation, total (SIN)",energy_water,ons_open_data,daily,2025-01-08,86323.6605,mwmed
electricity_generation_by_source,"Electricity generation, total (SIN)",energy_water,ons_open_data,daily,2025-01-09,85661.0186,mwmed
electricity_generation_by_source,"Electricity generation, total (SIN)",energy_water,ons_open_data,daily,2025-01-10,85046.5250,mwmed
electricity_generation_by_source,"Electricity generation, total (SIN)",energy_water,ons_open_data,daily,2025-01-11,78848.7140,mwmed
electricity_generation_by_source,"Electricity generation, total (SIN)",energy_water,ons_open_data,daily,2025-01-12,71738.4509,mwmed
electricity_generation_by_source,"Electricity generation, total (SIN)",energy_water,ons_open_data,daily,2025-01-13,82886.6802,mwmed
electricity_generation_by_source,"Electricity generation, total (SIN)",energy_water,ons_open_data,daily,2025-01-14,84737.1816,mwmed
electricity_generation_by_source,"Electricity generation, total (SIN)",energy_water,ons_open_data,daily,2025-01-15,84567.5897,mwmed
electricity_generation_by_source,"Electricity generation, total (SIN)",energy_water,ons_open_data,daily,2025-01-16,86722.2986,mwmed
electricity_generation_by_source,"Electricity generation, total (SIN)",energy_water,ons_open_data,daily,2025-01-17,87373.9188,mwmed
electricity_generation_by_source,"Electricity generation, total (SIN)",energy_water,ons_open_data,daily,2025-01-18,81498.8980,mwmed
electricity_generation_by_source,"Electricity generation, total (SIN)",energy_water,ons_open_data,daily,2025-01-19,76865.3477,mwmed
electricity_generation_by_source,"Electricity generation, total (SIN)",energy_water,ons_open_data,daily,2025-01-20,88454.8726,mwmed
electricity_generation_by_source,"Electricity generation, total (SIN)",energy_water,ons_open_data,daily,2025-01-21,91779.6325,mwmed
electricity_generation_by_source,"Electricity generation, total (SIN)",energy_water,ons_open_data,daily,2025-01-22,93173.9505,mwmed
electricity_generation_by_source,"Electricity generation, total (SIN)",energy_water,ons_open_data,daily,2025-01-23,91696.7780,mwmed
electricity_generation_by_source,"Electricity generation, total (SIN)",energy_water,ons_open_data,daily,2025-01-24,90843.9331,mwmed
electricity_generation_by_source,"Electricity generation, total (SIN)",energy_water,ons_open_data,daily,2025-01-25,83517.1571,mwmed
electricity_generation_by_source,"Electricity generation, total (SIN)",energy_water,ons_open_data,daily,2025-01-26,76911.9293,mwmed
electricity_generation_by_source,"Electricity generation, total (SIN)",energy_water,ons_open_data,daily,2025-01-27,87690.2130,mwmed
electricity_generation_by_source,"Electricity generation, total (SIN)",energy_water,ons_open_data,daily,2025-01-28,89360.8350,mwmed
electricity_generation_by_source,"Electricity generation, total (SIN)",energy_water,ons_open_data,daily,2025-01-29,89529.0289,mwmed
electricity_generation_by_source,"Electricity generation, total (SIN)",energy_water,ons_open_data,daily,2025-01-30,87844.2915,mwmed
electricity_generation_by_source,"Electricity generation, total (SIN)",energy_water,ons_open_data,daily,2025-01-31,84878.4231,mwmed
electricity_generation_by_source,"Electricity generation, total (SIN)",energy_water,ons_open_data,daily,2025-02-01,79956.0784,mwmed
electricity_generation_by_source,"Electricity generation, total (SIN)",energy_water,ons_open_data,daily,2025-02-02,75025.6772,mwmed
electricity_generation_by_source,"Electricity generation, total (SIN)",energy_water,ons_open_data,daily,2025-02-03,87910.9657,mwmed
electricity_generation_by_source,"Electricity generation, total (SIN)",energy_water,ons_open_data,daily,2025-02-04,90340.1208,mwmed
electricity_generation_by_source,"Electricity generation, total (SIN)",energy_water,ons_open_data,daily,2025-02-05,91476.1380,mwmed
electricity_generation_by_source,"Electricity generation, total (SIN)",energy_water,ons_open_data,daily,2025-02-06,91584.7792,mwmed
electricity_generation_by_source,"Electricity generation, total (SIN)",energy_water,ons_open_data,daily,2025-02-07,91826.2706,mwmed
electricity_generation_by_source,"Electricity generation, total (SIN)",energy_water,ons_open_data,daily,2025-02-08,84424.4604,mwmed
electricity_generation_by_source,"Electricity generation, total (SIN)",energy_water,ons_open_data,daily,2025-02-09,79235.6569,mwmed
electricity_generation_by_source,"Electricity generation, total (SIN)",energy_water,ons_open_data,daily,2025-02-10,92180.5947,mwmed
electricity_generation_by_source,"Electricity generation, total (SIN)",energy_water,ons_open_data,daily,2025-02-11,94184.6542,mwmed
electricity_generation_by_source,"Electricity generation, total (SIN)",energy_water,ons_open_data,daily,2025-02-12,94644.9808,mwmed
electricity_generation_by_source,"Electricity generation, total (SIN)",energy_water,ons_open_data,daily,2025-02-13,93809.2564,mwmed
electricity_generation_by_source,"Electricity generation, total (SIN)",energy_water,ons_open_data,daily,2025-02-14,92397.2915,mwmed
electricity_generation_by_source,"Electricity generation, total (SIN)",energy_water,ons_open_data,daily,2025-02-15,85873.2730,mwmed
electricity_generation_by_source,"Electricity generation, total (SIN)",energy_water,ons_open_data,daily,2025-02-16,80495.6604,mwmed
electricity_generation_by_source,"Electricity generation, total (SIN)",energy_water,ons_open_data,daily,2025-02-17,93854.1316,mwmed
electricity_generation_by_source,"Electricity generation, total (SIN)",energy_water,ons_open_data,daily,2025-02-18,93566.7838,mwmed
electricity_generation_by_source,"Electricity generation, total (SIN)",energy_water,ons_open_data,daily,2025-02-19,92675.6606,mwmed
electricity_generation_by_source,"Electricity generation, total (SIN)",energy_water,ons_open_data,daily,2025-02-20,94282.3634,mwmed
electricity_generation_by_source,"Electricity generation, total (SIN)",energy_water,ons_open_data,daily,2025-02-21,94703.9189,mwmed
electricity_generation_by_source,"Electricity generation, total (SIN)",energy_water,ons_open_data,daily,2025-02-22,86858.2461,mwmed
electricity_generation_by_source,"Electricity generation, total (SIN)",energy_water,ons_open_data,daily,2025-02-23,81559.3432,mwmed
electricity_generation_by_source,"Electricity generation, total (SIN)",energy_water,ons_open_data,daily,2025-02-24,94532.8090,mwmed
electricity_generation_by_source,"Electricity generation, total (SIN)",energy_water,ons_open_data,daily,2025-02-25,96264.7523,mwmed
electricity_generation_by_source,"Electricity generation, total (SIN)",energy_water,ons_open_data,daily,2025-02-26,96470.2894,mwmed
electricity_generation_by_source,"Electricity generation, total (SIN)",energy_water,ons_open_data,daily,2025-02-27,95702.8484,mwmed
electricity_generation_by_source,"Electricity generation, total (SIN)",energy_water,ons_open_data,daily,2025-02-28,94626.0612,mwmed
electricity_generation_by_source,"Electricity generation, total (SIN)",energy_water,ons_open_data,daily,2025-03-01,85810.2017,mwmed
electricity_generation_by_source,"Electricity generation, total (SIN)",energy_water,ons_open_data,daily,2025-03-02,80365.6235,mwmed
electricity_generation_by_source,"Electricity generation, total (SIN)",energy_water,ons_open_data,daily,2025-03-03,86368.9534,mwmed
electricity_generation_by_source,"Electricity generation, total (SIN)",energy_water,ons_open_data,daily,2025-03-04,85543.3375,mwmed
electricity_generation_by_source,"Electricity generation, total (SIN)",energy_water,ons_open_data,daily,2025-03-05,91783.8412,mwmed
electricity_generation_by_source,"Electricity generation, total (SIN)",energy_water,ons_open_data,daily,2025-03-06,93790.1865,mwmed
electricity_generation_by_source,"Electricity generation, total (SIN)",energy_water,ons_open_data,daily,2025-03-07,94088.9289,mwmed
electricity_generation_by_source,"Electricity generation, total (SIN)",energy_water,ons_open_data,daily,2025-03-08,86628.4933,mwmed
electricity_generation_by_source,"Electricity generation, total (SIN)",energy_water,ons_open_data,daily,2025-03-09,79591.7899,mwmed
electricity_generation_by_source,"Electricity generation, total (SIN)",energy_water,ons_open_data,daily,2025-03-10,90071.0879,mwmed
electricity_generation_by_source,"Electricity generation, total (SIN)",energy_water,ons_open_data,daily,2025-03-11,91772.9496,mwmed
electricity_generation_by_source,"Electricity generation, total (SIN)",energy_water,ons_open_data,daily,2025-03-12,90985.7558,mwmed
electricity_generation_by_source,"Electricity generation, total (SIN)",energy_water,ons_open_data,daily,2025-03-13,91613.5608,mwmed
electricity_generation_by_source,"Electricity generation, total (SIN)",energy_water,ons_open_data,daily,2025-03-14,89964.1843,mwmed
electricity_generation_by_source,"Electricity generation, total (SIN)",energy_water,ons_open_data,daily,2025-03-15,83373.4833,mwmed
electricity_generation_by_source,"Electricity generation, total (SIN)",energy_water,ons_open_data,daily,2025-03-16,76457.2312,mwmed
electricity_generation_by_source,"Electricity generation, total (SIN)",energy_water,ons_open_data,daily,2025-03-17,87632.6765,mwmed
electricity_generation_by_source,"Electricity generation, total (SIN)",energy_water,ons_open_data,daily,2025-03-18,88570.3744,mwmed
electricity_generation_by_source,"Electricity generation, total (SIN)",energy_water,ons_open_data,daily,2025-03-19,86708.8768,mwmed
electricity_generation_by_source,"Electricity generation, total (SIN)",energy_water,ons_open_data,daily,2025-03-20,85526.3372,mwmed
electricity_generation_by_source,"Electricity generation, total (SIN)",energy_water,ons_open_data,daily,2025-03-21,85419.8454,mwmed
electricity_generation_by_source,"Electricity generation, total (SIN)",energy_water,ons_open_data,daily,2025-03-22,79584.6219,mwmed
electricity_generation_by_source,"Electricity generation, total (SIN)",energy_water,ons_open_data,daily,2025-03-23,75239.2632,mwmed
electricity_generation_by_source,"Electricity generation, total (SIN)",energy_water,ons_open_data,daily,2025-03-24,86930.6485,mwmed
electricity_generation_by_source,"Electricity generation, total (SIN)",energy_water,ons_open_data,daily,2025-03-25,88209.2330,mwmed
electricity_generation_by_source,"Electricity generation, total (SIN)",energy_water,ons_open_data,daily,2025-03-26,88150.2584,mwmed
electricity_generation_by_source,"Electricity generation, total (SIN)",energy_water,ons_open_data,daily,2025-03-27,87264.3724,mwmed
electricity_generation_by_source,"Electricity generation, total (SIN)",energy_water,ons_open_data,daily,2025-03-28,87536.1290,mwmed
electricity_generation_by_source,"Electricity generation, total (SIN)",energy_water,ons_open_data,daily,2025-03-29,81540.3455,mwmed
electricity_generation_by_source,"Electricity generation, total (SIN)",energy_water,ons_open_data,daily,2025-03-30,75523.7293,mwmed
electricity_generation_by_source,"Electricity generation, total (SIN)",energy_water,ons_open_data,daily,2025-03-31,87929.8087,mwmed
electricity_generation_by_source,"Electricity generation, total (SIN)",energy_water,ons_open_data,daily,2025-04-01,88032.1849,mwmed
electricity_generation_by_source,"Electricity generation, total (SIN)",energy_water,ons_open_data,daily,2025-04-02,88645.6500,mwmed
electricity_generation_by_source,"Electricity generation, total (SIN)",energy_water,ons_open_data,daily,2025-04-03,88816.8171,mwmed
electricity_generation_by_source,"Electricity generation, total (SIN)",energy_water,ons_open_data,daily,2025-04-04,86455.6937,mwmed
electricity_generation_by_source,"Electricity generation, total (SIN)",energy_water,ons_open_data,daily,2025-04-05,75332.6028,mwmed
electricity_generation_by_source,"Electricity generation, total (SIN)",energy_water,ons_open_data,daily,2025-04-06,68180.8456,mwmed
electricity_generation_by_source,"Electricity generation, total (SIN)",energy_water,ons_open_data,daily,2025-04-07,79018.1040,mwmed
electricity_generation_by_source,"Electricity generation, total (SIN)",energy_water,ons_open_data,daily,2025-04-08,81628.8740,mwmed
electricity_generation_by_source,"Electricity generation, total (SIN)",energy_water,ons_open_data,daily,2025-04-09,83370.7034,mwmed
electricity_generation_by_source,"Electricity generation, total (SIN)",energy_water,ons_open_data,daily,2025-04-10,83094.1036,mwmed
electricity_generation_by_source,"Electricity generation, total (SIN)",energy_water,ons_open_data,daily,2025-04-11,81490.0488,mwmed
electricity_generation_by_source,"Electricity generation, total (SIN)",energy_water,ons_open_data,daily,2025-04-12,76457.1999,mwmed
electricity_generation_by_source,"Electricity generation, total (SIN)",energy_water,ons_open_data,daily,2025-04-13,71367.5402,mwmed
electricity_generation_by_source,"Electricity generation, total (SIN)",energy_water,ons_open_data,daily,2025-04-14,81542.6415,mwmed
electricity_generation_by_source,"Electricity generation, total (SIN)",energy_water,ons_open_data,daily,2025-04-15,82728.3273,mwmed
electricity_generation_by_source,"Electricity generation, total (SIN)",energy_water,ons_open_data,daily,2025-04-16,82834.5696,mwmed
electricity_generation_by_source,"Electricity generation, total (SIN)",energy_water,ons_open_data,daily,2025-04-17,82045.4670,mwmed
electricity_generation_by_source,"Electricity generation, total (SIN)",energy_water,ons_open_data,daily,2025-04-18,72127.5708,mwmed
electricity_generation_by_source,"Electricity generation, total (SIN)",energy_water,ons_open_data,daily,2025-04-19,72909.5832,mwmed
electricity_generation_by_source,"Electricity generation, total (SIN)",energy_water,ons_open_data,daily,2025-04-20,67330.4188,mwmed
electricity_generation_by_source,"Electricity generation, total (SIN)",energy_water,ons_open_data,daily,2025-04-21,70756.3887,mwmed
electricity_generation_by_source,"Electricity generation, total (SIN)",energy_water,ons_open_data,daily,2025-04-22,78784.9453,mwmed
electricity_generation_by_source,"Electricity generation, total (SIN)",energy_water,ons_open_data,daily,2025-04-23,79950.6908,mwmed
electricity_generation_by_source,"Electricity generation, total (SIN)",energy_water,ons_open_data,daily,2025-04-24,81923.7608,mwmed
electricity_generation_by_source,"Electricity generation, total (SIN)",energy_water,ons_open_data,daily,2025-04-25,83032.1678,mwmed
electricity_generation_by_source,"Electricity generation, total (SIN)",energy_water,ons_open_data,daily,2025-04-26,76944.6516,mwmed
electricity_generation_by_source,"Electricity generation, total (SIN)",energy_water,ons_open_data,daily,2025-04-27,70497.9422,mwmed
electricity_generation_by_source,"Electricity generation, total (SIN)",energy_water,ons_open_data,daily,2025-04-28,82217.6669,mwmed
electricity_generation_by_source,"Electricity generation, total (SIN)",energy_water,ons_open_data,daily,2025-04-29,82077.8489,mwmed
electricity_generation_by_source,"Electricity generation, total (SIN)",energy_water,ons_open_data,daily,2025-04-30,80138.9702,mwmed
electricity_generation_by_source,"Electricity generation, total (SIN)",energy_water,ons_open_data,daily,2025-05-01,71756.3003,mwmed
electricity_generation_by_source,"Electricity generation, total (SIN)",energy_water,ons_open_data,daily,2025-05-02,75606.5862,mwmed
electricity_generation_by_source,"Electricity generation, total (SIN)",energy_water,ons_open_data,daily,2025-05-03,71676.8615,mwmed
electricity_generation_by_source,"Electricity generation, total (SIN)",energy_water,ons_open_data,daily,2025-05-04,67302.0600,mwmed
electricity_generation_by_source,"Electricity generation, total (SIN)",energy_water,ons_open_data,daily,2025-05-05,78584.8148,mwmed
electricity_generation_by_source,"Electricity generation, total (SIN)",energy_water,ons_open_data,daily,2025-05-06,80558.9476,mwmed
electricity_generation_by_source,"Electricity generation, total (SIN)",energy_water,ons_open_data,daily,2025-05-07,81607.1577,mwmed
electricity_generation_by_source,"Electricity generation, total (SIN)",energy_water,ons_open_data,daily,2025-05-08,82149.0266,mwmed
electricity_generation_by_source,"Electricity generation, total (SIN)",energy_water,ons_open_data,daily,2025-05-09,83513.1451,mwmed
electricity_generation_by_source,"Electricity generation, total (SIN)",energy_water,ons_open_data,daily,2025-05-10,76123.8744,mwmed
electricity_generation_by_source,"Electricity generation, total (SIN)",energy_water,ons_open_data,daily,2025-05-11,67369.1795,mwmed
electricity_generation_by_source,"Electricity generation, total (SIN)",energy_water,ons_open_data,daily,2025-05-12,76882.1427,mwmed
electricity_generation_by_source,"Electricity generation, total (SIN)",energy_water,ons_open_data,daily,2025-05-13,78478.5381,mwmed
electricity_generation_by_source,"Electricity generation, total (SIN)",energy_water,ons_open_data,daily,2025-05-14,77503.5287,mwmed
electricity_generation_by_source,"Electricity generation, total (SIN)",energy_water,ons_open_data,daily,2025-05-15,77571.8165,mwmed
electricity_generation_by_source,"Electricity generation, total (SIN)",energy_water,ons_open_data,daily,2025-05-16,77995.4788,mwmed
electricity_generation_by_source,"Electricity generation, total (SIN)",energy_water,ons_open_data,daily,2025-05-17,73242.6345,mwmed
electricity_generation_by_source,"Electricity generation, total (SIN)",energy_water,ons_open_data,daily,2025-05-18,67749.3094,mwmed
electricity_generation_by_source,"Electricity generation, total (SIN)",energy_water,ons_open_data,daily,2025-05-19,78950.7199,mwmed
electricity_generation_by_source,"Electricity generation, total (SIN)",energy_water,ons_open_data,daily,2025-05-20,80426.4973,mwmed
electricity_generation_by_source,"Electricity generation, total (SIN)",energy_water,ons_open_data,daily,2025-05-21,80387.2418,mwmed
electricity_generation_by_source,"Electricity generation, total (SIN)",energy_water,ons_open_data,daily,2025-05-22,80116.4040,mwmed
electricity_generation_by_source,"Electricity generation, total (SIN)",energy_water,ons_open_data,daily,2025-05-23,79611.8035,mwmed
electricity_generation_by_source,"Electricity generation, total (SIN)",energy_water,ons_open_data,daily,2025-05-24,73042.5361,mwmed
electricity_generation_by_source,"Electricity generation, total (SIN)",energy_water,ons_open_data,daily,2025-05-25,66566.8302,mwmed
electricity_generation_by_source,"Electricity generation, total (SIN)",energy_water,ons_open_data,daily,2025-05-26,76680.7757,mwmed
electricity_generation_by_source,"Electricity generation, total (SIN)",energy_water,ons_open_data,daily,2025-05-27,78756.6945,mwmed
electricity_generation_by_source,"Electricity generation, total (SIN)",energy_water,ons_open_data,daily,2025-05-28,78641.6352,mwmed
electricity_generation_by_source,"Electricity generation, total (SIN)",energy_water,ons_open_data,daily,2025-05-29,76742.3470,mwmed
electricity_generation_by_source,"Electricity generation, total (SIN)",energy_water,ons_open_data,daily,2025-05-30,76962.6794,mwmed
electricity_generation_by_source,"Electricity generation, total (SIN)",energy_water,ons_open_data,daily,2025-05-31,71434.1085,mwmed
electricity_generation_by_source,"Electricity generation, total (SIN)",energy_water,ons_open_data,daily,2025-06-01,66164.8228,mwmed
electricity_generation_by_source,"Electricity generation, total (SIN)",energy_water,ons_open_data,daily,2025-06-02,77098.2985,mwmed
electricity_generation_by_source,"Electricity generation, total (SIN)",energy_water,ons_open_data,daily,2025-06-03,79351.0610,mwmed
electricity_generation_by_source,"Electricity generation, total (SIN)",energy_water,ons_open_data,daily,2025-06-04,79569.3413,mwmed
electricity_generation_by_source,"Electricity generation, total (SIN)",energy_water,ons_open_data,daily,2025-06-05,79927.0060,mwmed
electricity_generation_by_source,"Electricity generation, total (SIN)",energy_water,ons_open_data,daily,2025-06-06,79994.5929,mwmed
electricity_generation_by_source,"Electricity generation, total (SIN)",energy_water,ons_open_data,daily,2025-06-07,74688.7887,mwmed
electricity_generation_by_source,"Electricity generation, total (SIN)",energy_water,ons_open_data,daily,2025-06-08,68583.1374,mwmed
electricity_generation_by_source,"Electricity generation, total (SIN)",energy_water,ons_open_data,daily,2025-06-09,78848.0100,mwmed
electricity_generation_by_source,"Electricity generation, total (SIN)",energy_water,ons_open_data,daily,2025-06-10,79691.1043,mwmed
electricity_generation_by_source,"Electricity generation, total (SIN)",energy_water,ons_open_data,daily,2025-06-11,78751.1119,mwmed
electricity_generation_by_source,"Electricity generation, total (SIN)",energy_water,ons_open_data,daily,2025-06-12,77465.3503,mwmed
electricity_generation_by_source,"Electricity generation, total (SIN)",energy_water,ons_open_data,daily,2025-06-13,76355.3936,mwmed
electricity_generation_by_source,"Electricity generation, total (SIN)",energy_water,ons_open_data,daily,2025-06-14,71561.8501,mwmed
electricity_generation_by_source,"Electricity generation, total (SIN)",energy_water,ons_open_data,daily,2025-06-15,65711.6285,mwmed
electricity_generation_by_source,"Electricity generation, total (SIN)",energy_water,ons_open_data,daily,2025-06-16,75985.4430,mwmed
electricity_generation_by_source,"Electricity generation, total (SIN)",energy_water,ons_open_data,daily,2025-06-17,77719.8972,mwmed
electricity_generation_by_source,"Electricity generation, total (SIN)",energy_water,ons_open_data,daily,2025-06-18,77942.3899,mwmed
electricity_generation_by_source,"Electricity generation, total (SIN)",energy_water,ons_open_data,daily,2025-06-19,73761.2255,mwmed
electricity_generation_by_source,"Electricity generation, total (SIN)",energy_water,ons_open_data,daily,2025-06-20,76421.7072,mwmed
electricity_generation_by_source,"Electricity generation, total (SIN)",energy_water,ons_open_data,daily,2025-06-21,70874.3079,mwmed
electricity_generation_by_source,"Electricity generation, total (SIN)",energy_water,ons_open_data,daily,2025-06-22,66040.3613,mwmed
electricity_generation_by_source,"Electricity generation, total (SIN)",energy_water,ons_open_data,daily,2025-06-23,77765.9951,mwmed
electricity_generation_by_source,"Electricity generation, total (SIN)",energy_water,ons_open_data,daily,2025-06-24,78798.4296,mwmed
electricity_generation_by_source,"Electricity generation, total (SIN)",energy_water,ons_open_data,daily,2025-06-25,77418.2460,mwmed
electricity_generation_by_source,"Electricity generation, total (SIN)",energy_water,ons_open_data,daily,2025-06-26,79202.5085,mwmed
electricity_generation_by_source,"Electricity generation, total (SIN)",energy_water,ons_open_data,daily,2025-06-27,80158.8482,mwmed
electricity_generation_by_source,"Electricity generation, total (SIN)",energy_water,ons_open_data,daily,2025-06-28,73937.2220,mwmed
electricity_generation_by_source,"Electricity generation, total (SIN)",energy_water,ons_open_data,daily,2025-06-29,66142.5321,mwmed
electricity_generation_by_source,"Electricity generation, total (SIN)",energy_water,ons_open_data,daily,2025-06-30,78307.2354,mwmed
electricity_generation_by_source,"Electricity generation, total (SIN)",energy_water,ons_open_data,daily,2025-07-01,79179.6062,mwmed
electricity_generation_by_source,"Electricity generation, total (SIN)",energy_water,ons_open_data,daily,2025-07-02,78761.1980,mwmed
electricity_generation_by_source,"Electricity generation, total (SIN)",energy_water,ons_open_data,daily,2025-07-03,78087.3675,mwmed
electricity_generation_by_source,"Electricity generation, total (SIN)",energy_water,ons_open_data,daily,2025-07-04,77780.0405,mwmed
electricity_generation_by_source,"Electricity generation, total (SIN)",energy_water,ons_open_data,daily,2025-07-05,70738.4502,mwmed
electricity_generation_by_source,"Electricity generation, total (SIN)",energy_water,ons_open_data,daily,2025-07-06,64696.5223,mwmed
electricity_generation_by_source,"Electricity generation, total (SIN)",energy_water,ons_open_data,daily,2025-07-07,75553.3974,mwmed
electricity_generation_by_source,"Electricity generation, total (SIN)",energy_water,ons_open_data,daily,2025-07-08,76870.0035,mwmed
electricity_generation_by_source,"Electricity generation, total (SIN)",energy_water,ons_open_data,daily,2025-07-09,76344.5978,mwmed
electricity_generation_by_source,"Electricity generation, total (SIN)",energy_water,ons_open_data,daily,2025-07-10,78060.0964,mwmed
electricity_generation_by_source,"Electricity generation, total (SIN)",energy_water,ons_open_data,daily,2025-07-11,77821.6894,mwmed
electricity_generation_by_source,"Electricity generation, total (SIN)",energy_water,ons_open_data,daily,2025-07-12,70660.1284,mwmed
electricity_generation_by_source,"Electricity generation, total (SIN)",energy_water,ons_open_data,daily,2025-07-13,64563.6898,mwmed
electricity_generation_by_source,"Electricity generation, total (SIN)",energy_water,ons_open_data,daily,2025-07-14,75756.5566,mwmed
electricity_generation_by_source,"Electricity generation, total (SIN)",energy_water,ons_open_data,daily,2025-07-15,77721.3712,mwmed
electricity_generation_by_source,"Electricity generation, total (SIN)",energy_water,ons_open_data,daily,2025-07-16,77742.2669,mwmed
electricity_generation_by_source,"Electricity generation, total (SIN)",energy_water,ons_open_data,daily,2025-07-17,78968.8882,mwmed
electricity_generation_by_source,"Electricity generation, total (SIN)",energy_water,ons_open_data,daily,2025-07-18,78860.8397,mwmed
electricity_generation_by_source,"Electricity generation, total (SIN)",energy_water,ons_open_data,daily,2025-07-19,72533.7903,mwmed
electricity_generation_by_source,"Electricity generation, total (SIN)",energy_water,ons_open_data,daily,2025-07-20,66336.5565,mwmed
electricity_generation_by_source,"Electricity generation, total (SIN)",energy_water,ons_open_data,daily,2025-07-21,76931.2786,mwmed
electricity_generation_by_source,"Electricity generation, total (SIN)",energy_water,ons_open_data,daily,2025-07-22,79684.8690,mwmed
electricity_generation_by_source,"Electricity generation, total (SIN)",energy_water,ons_open_data,daily,2025-07-23,80021.4259,mwmed
electricity_generation_by_source,"Electricity generation, total (SIN)",energy_water,ons_open_data,daily,2025-07-24,80938.8320,mwmed
electricity_generation_by_source,"Electricity generation, total (SIN)",energy_water,ons_open_data,daily,2025-07-25,79213.6486,mwmed
electricity_generation_by_source,"Electricity generation, total (SIN)",energy_water,ons_open_data,daily,2025-07-26,72927.7288,mwmed
electricity_generation_by_source,"Electricity generation, total (SIN)",energy_water,ons_open_data,daily,2025-07-27,68007.6354,mwmed
electricity_generation_by_source,"Electricity generation, total (SIN)",energy_water,ons_open_data,daily,2025-07-28,77985.1375,mwmed
electricity_generation_by_source,"Electricity generation, total (SIN)",energy_water,ons_open_data,daily,2025-07-29,78250.8132,mwmed
electricity_generation_by_source,"Electricity generation, total (SIN)",energy_water,ons_open_data,daily,2025-07-30,77189.4839,mwmed
electricity_generation_by_source,"Electricity generation, total (SIN)",energy_water,ons_open_data,daily,2025-07-31,77551.6390,mwmed
electricity_generation_by_source,"Electricity generation, total (SIN)",energy_water,ons_open_data,daily,2025-08-01,77498.6424,mwmed
electricity_generation_by_source,"Electricity generation, total (SIN)",energy_water,ons_open_data,daily,2025-08-02,70157.1792,mwmed
electricity_generation_by_source,"Electricity generation, total (SIN)",energy_water,ons_open_data,daily,2025-08-03,64973.9267,mwmed
electricity_generation_by_source,"Electricity generation, total (SIN)",energy_water,ons_open_data,daily,2025-08-04,75928.5841,mwmed
electricity_generation_by_source,"Electricity generation, total (SIN)",energy_water,ons_open_data,daily,2025-08-05,78399.2970,mwmed
electricity_generation_by_source,"Electricity generation, total (SIN)",energy_water,ons_open_data,daily,2025-08-06,78038.4071,mwmed
electricity_generation_by_source,"Electricity generation, total (SIN)",energy_water,ons_open_data,daily,2025-08-07,78440.7590,mwmed
electricity_generation_by_source,"Electricity generation, total (SIN)",energy_water,ons_open_data,daily,2025-08-08,78809.2212,mwmed
electricity_generation_by_source,"Electricity generation, total (SIN)",energy_water,ons_open_data,daily,2025-08-09,70618.7075,mwmed
electricity_generation_by_source,"Electricity generation, total (SIN)",energy_water,ons_open_data,daily,2025-08-10,63046.5690,mwmed
electricity_generation_by_source,"Electricity generation, total (SIN)",energy_water,ons_open_data,daily,2025-08-11,73771.5135,mwmed
electricity_generation_by_source,"Electricity generation, total (SIN)",energy_water,ons_open_data,daily,2025-08-12,76171.9483,mwmed
electricity_generation_by_source,"Electricity generation, total (SIN)",energy_water,ons_open_data,daily,2025-08-13,77009.6210,mwmed
electricity_generation_by_source,"Electricity generation, total (SIN)",energy_water,ons_open_data,daily,2025-08-14,78394.4700,mwmed
electricity_generation_by_source,"Electricity generation, total (SIN)",energy_water,ons_open_data,daily,2025-08-15,78142.0190,mwmed
electricity_generation_by_source,"Electricity generation, total (SIN)",energy_water,ons_open_data,daily,2025-08-16,72048.7820,mwmed
electricity_generation_by_source,"Electricity generation, total (SIN)",energy_water,ons_open_data,daily,2025-08-17,66441.3828,mwmed
electricity_generation_by_source,"Electricity generation, total (SIN)",energy_water,ons_open_data,daily,2025-08-18,77188.1400,mwmed
electricity_generation_by_source,"Electricity generation, total (SIN)",energy_water,ons_open_data,daily,2025-08-19,78888.5610,mwmed
electricity_generation_by_source,"Electricity generation, total (SIN)",energy_water,ons_open_data,daily,2025-08-20,79269.9817,mwmed
electricity_generation_by_source,"Electricity generation, total (SIN)",energy_water,ons_open_data,daily,2025-08-21,80433.0901,mwmed
electricity_generation_by_source,"Electricity generation, total (SIN)",energy_water,ons_open_data,daily,2025-08-22,80554.0812,mwmed
electricity_generation_by_source,"Electricity generation, total (SIN)",energy_water,ons_open_data,daily,2025-08-23,75390.7640,mwmed
electricity_generation_by_source,"Electricity generation, total (SIN)",energy_water,ons_open_data,daily,2025-08-24,68481.4925,mwmed
electricity_generation_by_source,"Electricity generation, total (SIN)",energy_water,ons_open_data,daily,2025-08-25,78036.9705,mwmed
electricity_generation_by_source,"Electricity generation, total (SIN)",energy_water,ons_open_data,daily,2025-08-26,79651.5901,mwmed
electricity_generation_by_source,"Electricity generation, total (SIN)",energy_water,ons_open_data,daily,2025-08-27,78986.9285,mwmed
electricity_generation_by_source,"Electricity generation, total (SIN)",energy_water,ons_open_data,daily,2025-08-28,79246.2555,mwmed
electricity_generation_by_source,"Electricity generation, total (SIN)",energy_water,ons_open_data,daily,2025-08-29,79208.6520,mwmed
electricity_generation_by_source,"Electricity generation, total (SIN)",energy_water,ons_open_data,daily,2025-08-30,71917.9736,mwmed
electricity_generation_by_source,"Electricity generation, total (SIN)",energy_water,ons_open_data,daily,2025-08-31,66090.6930,mwmed
electricity_generation_by_source,"Electricity generation, total (SIN)",energy_water,ons_open_data,daily,2025-09-01,77310.5699,mwmed
electricity_generation_by_source,"Electricity generation, total (SIN)",energy_water,ons_open_data,daily,2025-09-02,79669.0055,mwmed
electricity_generation_by_source,"Electricity generation, total (SIN)",energy_water,ons_open_data,daily,2025-09-03,79779.8886,mwmed
electricity_generation_by_source,"Electricity generation, total (SIN)",energy_water,ons_open_data,daily,2025-09-04,80649.9150,mwmed
electricity_generation_by_source,"Electricity generation, total (SIN)",energy_water,ons_open_data,daily,2025-09-05,80888.7594,mwmed
electricity_generation_by_source,"Electricity generation, total (SIN)",energy_water,ons_open_data,daily,2025-09-06,72263.2665,mwmed
electricity_generation_by_source,"Electricity generation, total (SIN)",energy_water,ons_open_data,daily,2025-09-07,66048.1320,mwmed
electricity_generation_by_source,"Electricity generation, total (SIN)",energy_water,ons_open_data,daily,2025-09-08,78213.9011,mwmed
electricity_generation_by_source,"Electricity generation, total (SIN)",energy_water,ons_open_data,daily,2025-09-09,81398.7101,mwmed
electricity_generation_by_source,"Electricity generation, total (SIN)",energy_water,ons_open_data,daily,2025-09-10,80240.8917,mwmed
electricity_generation_by_source,"Electricity generation, total (SIN)",energy_water,ons_open_data,daily,2025-09-11,81188.5357,mwmed
electricity_generation_by_source,"Electricity generation, total (SIN)",energy_water,ons_open_data,daily,2025-09-12,80677.9155,mwmed
electricity_generation_by_source,"Electricity generation, total (SIN)",energy_water,ons_open_data,daily,2025-09-13,74400.1438,mwmed
electricity_generation_by_source,"Electricity generation, total (SIN)",energy_water,ons_open_data,daily,2025-09-14,68520.9780,mwmed
electricity_generation_by_source,"Electricity generation, total (SIN)",energy_water,ons_open_data,daily,2025-09-15,80075.3907,mwmed
electricity_generation_by_source,"Electricity generation, total (SIN)",energy_water,ons_open_data,daily,2025-09-16,80854.1088,mwmed
electricity_generation_by_source,"Electricity generation, total (SIN)",energy_water,ons_open_data,daily,2025-09-17,80486.2756,mwmed
electricity_generation_by_source,"Electricity generation, total (SIN)",energy_water,ons_open_data,daily,2025-09-18,80560.3128,mwmed
electricity_generation_by_source,"Electricity generation, total (SIN)",energy_water,ons_open_data,daily,2025-09-19,82101.1329,mwmed
electricity_generation_by_source,"Electricity generation, total (SIN)",energy_water,ons_open_data,daily,2025-09-20,76677.3197,mwmed
electricity_generation_by_source,"Electricity generation, total (SIN)",energy_water,ons_open_data,daily,2025-09-21,72250.8712,mwmed
electricity_generation_by_source,"Electricity generation, total (SIN)",energy_water,ons_open_data,daily,2025-09-22,81671.5422,mwmed
electricity_generation_by_source,"Electricity generation, total (SIN)",energy_water,ons_open_data,daily,2025-09-23,79863.1836,mwmed
electricity_generation_by_source,"Electricity generation, total (SIN)",energy_water,ons_open_data,daily,2025-09-24,79450.8871,mwmed
electricity_generation_by_source,"Electricity generation, total (SIN)",energy_water,ons_open_data,daily,2025-09-25,77461.2930,mwmed
electricity_generation_by_source,"Electricity generation, total (SIN)",energy_water,ons_open_data,daily,2025-09-26,76096.6286,mwmed
electricity_generation_by_source,"Electricity generation, total (SIN)",energy_water,ons_open_data,daily,2025-09-27,69905.1337,mwmed
electricity_generation_by_source,"Electricity generation, total (SIN)",energy_water,ons_open_data,daily,2025-09-28,65828.3788,mwmed
electricity_generation_by_source,"Electricity generation, total (SIN)",energy_water,ons_open_data,daily,2025-09-29,77548.9647,mwmed
electricity_generation_by_source,"Electricity generation, total (SIN)",energy_water,ons_open_data,daily,2025-09-30,81766.7058,mwmed
electricity_generation_by_source,"Electricity generation, total (SIN)",energy_water,ons_open_data,daily,2025-10-01,80858.4197,mwmed
electricity_generation_by_source,"Electricity generation, total (SIN)",energy_water,ons_open_data,daily,2025-10-02,80756.7545,mwmed
electricity_generation_by_source,"Electricity generation, total (SIN)",energy_water,ons_open_data,daily,2025-10-03,81089.3452,mwmed
electricity_generation_by_source,"Electricity generation, total (SIN)",energy_water,ons_open_data,daily,2025-10-04,74619.0872,mwmed
electricity_generation_by_source,"Electricity generation, total (SIN)",energy_water,ons_open_data,daily,2025-10-05,70147.1721,mwmed
electricity_generation_by_source,"Electricity generation, total (SIN)",energy_water,ons_open_data,daily,2025-10-06,83656.2349,mwmed
electricity_generation_by_source,"Electricity generation, total (SIN)",energy_water,ons_open_data,daily,2025-10-07,83375.5914,mwmed
electricity_generation_by_source,"Electricity generation, total (SIN)",energy_water,ons_open_data,daily,2025-10-08,80932.1775,mwmed
electricity_generation_by_source,"Electricity generation, total (SIN)",energy_water,ons_open_data,daily,2025-10-09,80772.3984,mwmed
electricity_generation_by_source,"Electricity generation, total (SIN)",energy_water,ons_open_data,daily,2025-10-10,80442.5508,mwmed
electricity_generation_by_source,"Electricity generation, total (SIN)",energy_water,ons_open_data,daily,2025-10-11,74167.1163,mwmed
electricity_generation_by_source,"Electricity generation, total (SIN)",energy_water,ons_open_data,daily,2025-10-12,69580.6602,mwmed
electricity_generation_by_source,"Electricity generation, total (SIN)",energy_water,ons_open_data,daily,2025-10-13,81803.5530,mwmed
electricity_generation_by_source,"Electricity generation, total (SIN)",energy_water,ons_open_data,daily,2025-10-14,81845.1275,mwmed
electricity_generation_by_source,"Electricity generation, total (SIN)",energy_water,ons_open_data,daily,2025-10-15,81172.1700,mwmed
electricity_generation_by_source,"Electricity generation, total (SIN)",energy_water,ons_open_data,daily,2025-10-16,83064.8356,mwmed
electricity_generation_by_source,"Electricity generation, total (SIN)",energy_water,ons_open_data,daily,2025-10-17,84770.3496,mwmed
electricity_generation_by_source,"Electricity generation, total (SIN)",energy_water,ons_open_data,daily,2025-10-18,78773.6973,mwmed
electricity_generation_by_source,"Electricity generation, total (SIN)",energy_water,ons_open_data,daily,2025-10-19,67982.9645,mwmed
electricity_generation_by_source,"Electricity generation, total (SIN)",energy_water,ons_open_data,daily,2025-10-20,75729.1705,mwmed
electricity_generation_by_source,"Electricity generation, total (SIN)",energy_water,ons_open_data,daily,2025-10-21,75997.2599,mwmed
electricity_generation_by_source,"Electricity generation, total (SIN)",energy_water,ons_open_data,daily,2025-10-22,75896.3157,mwmed
electricity_generation_by_source,"Electricity generation, total (SIN)",energy_water,ons_open_data,daily,2025-10-23,76837.9869,mwmed
electricity_generation_by_source,"Electricity generation, total (SIN)",energy_water,ons_open_data,daily,2025-10-24,78398.0578,mwmed
electricity_generation_by_source,"Electricity generation, total (SIN)",energy_water,ons_open_data,daily,2025-10-25,74811.9648,mwmed
electricity_generation_by_source,"Electricity generation, total (SIN)",energy_water,ons_open_data,daily,2025-10-26,70591.0749,mwmed
electricity_generation_by_source,"Electricity generation, total (SIN)",energy_water,ons_open_data,daily,2025-10-27,80914.6725,mwmed
electricity_generation_by_source,"Electricity generation, total (SIN)",energy_water,ons_open_data,daily,2025-10-28,83248.2056,mwmed
electricity_generation_by_source,"Electricity generation, total (SIN)",energy_water,ons_open_data,daily,2025-10-29,83349.5558,mwmed
electricity_generation_by_source,"Electricity generation, total (SIN)",energy_water,ons_open_data,daily,2025-10-30,82548.6078,mwmed
electricity_generation_by_source,"Electricity generation, total (SIN)",energy_water,ons_open_data,daily,2025-10-31,80467.7778,mwmed
electricity_generation_by_source,"Electricity generation, total (SIN)",energy_water,ons_open_data,daily,2025-11-01,74616.6280,mwmed
electricity_generation_by_source,"Electricity generation, total (SIN)",energy_water,ons_open_data,daily,2025-11-02,70125.0423,mwmed
electricity_generation_by_source,"Electricity generation, total (SIN)",energy_water,ons_open_data,daily,2025-11-03,81096.1352,mwmed
electricity_generation_by_source,"Electricity generation, total (SIN)",energy_water,ons_open_data,daily,2025-11-04,83095.4470,mwmed
electricity_generation_by_source,"Electricity generation, total (SIN)",energy_water,ons_open_data,daily,2025-11-05,86037.1641,mwmed
electricity_generation_by_source,"Electricity generation, total (SIN)",energy_water,ons_open_data,daily,2025-11-06,83086.1140,mwmed
electricity_generation_by_source,"Electricity generation, total (SIN)",energy_water,ons_open_data,daily,2025-11-07,82840.3325,mwmed
electricity_generation_by_source,"Electricity generation, total (SIN)",energy_water,ons_open_data,daily,2025-11-08,75994.2062,mwmed
electricity_generation_by_source,"Electricity generation, total (SIN)",energy_water,ons_open_data,daily,2025-11-09,68352.8801,mwmed
electricity_generation_by_source,"Electricity generation, total (SIN)",energy_water,ons_open_data,daily,2025-11-10,78111.9102,mwmed
electricity_generation_by_source,"Electricity generation, total (SIN)",energy_water,ons_open_data,daily,2025-11-11,80112.2914,mwmed
electricity_generation_by_source,"Electricity generation, total (SIN)",energy_water,ons_open_data,daily,2025-11-12,82906.9845,mwmed
electricity_generation_by_source,"Electricity generation, total (SIN)",energy_water,ons_open_data,daily,2025-11-13,83977.3718,mwmed
electricity_generation_by_source,"Electricity generation, total (SIN)",energy_water,ons_open_data,daily,2025-11-14,84021.1437,mwmed
electricity_generation_by_source,"Electricity generation, total (SIN)",energy_water,ons_open_data,daily,2025-11-15,75920.6156,mwmed
electricity_generation_by_source,"Electricity generation, total (SIN)",energy_water,ons_open_data,daily,2025-11-16,73660.0571,mwmed
electricity_generation_by_source,"Electricity generation, total (SIN)",energy_water,ons_open_data,daily,2025-11-17,85069.3929,mwmed
electricity_generation_by_source,"Electricity generation, total (SIN)",energy_water,ons_open_data,daily,2025-11-18,85356.5268,mwmed
electricity_generation_by_source,"Electricity generation, total (SIN)",energy_water,ons_open_data,daily,2025-11-19,83261.9246,mwmed
electricity_generation_by_source,"Electricity generation, total (SIN)",energy_water,ons_open_data,daily,2025-11-20,77613.4735,mwmed
electricity_generation_by_source,"Electricity generation, total (SIN)",energy_water,ons_open_data,daily,2025-11-21,81505.4113,mwmed
electricity_generation_by_source,"Electricity generation, total (SIN)",energy_water,ons_open_data,daily,2025-11-22,78580.3116,mwmed
electricity_generation_by_source,"Electricity generation, total (SIN)",energy_water,ons_open_data,daily,2025-11-23,72707.3651,mwmed
electricity_generation_by_source,"Electricity generation, total (SIN)",energy_water,ons_open_data,daily,2025-11-24,82244.2766,mwmed
electricity_generation_by_source,"Electricity generation, total (SIN)",energy_water,ons_open_data,daily,2025-11-25,83301.5912,mwmed
electricity_generation_by_source,"Electricity generation, total (SIN)",energy_water,ons_open_data,daily,2025-11-26,83898.3262,mwmed
electricity_generation_by_source,"Electricity generation, total (SIN)",energy_water,ons_open_data,daily,2025-11-27,85081.2709,mwmed
electricity_generation_by_source,"Electricity generation, total (SIN)",energy_water,ons_open_data,daily,2025-11-28,87007.7513,mwmed
electricity_generation_by_source,"Electricity generation, total (SIN)",energy_water,ons_open_data,daily,2025-11-29,80213.6808,mwmed
electricity_generation_by_source,"Electricity generation, total (SIN)",energy_water,ons_open_data,daily,2025-11-30,75052.1255,mwmed
electricity_generation_by_source,"Electricity generation, total (SIN)",energy_water,ons_open_data,daily,2025-12-01,87575.0557,mwmed
electricity_generation_by_source,"Electricity generation, total (SIN)",energy_water,ons_open_data,daily,2025-12-02,88741.1477,mwmed
electricity_generation_by_source,"Electricity generation, total (SIN)",energy_water,ons_open_data,daily,2025-12-03,88006.8047,mwmed
electricity_generation_by_source,"Electricity generation, total (SIN)",energy_water,ons_open_data,daily,2025-12-04,86239.9382,mwmed
electricity_generation_by_source,"Electricity generation, total (SIN)",energy_water,ons_open_data,daily,2025-12-05,86083.1628,mwmed
electricity_generation_by_source,"Electricity generation, total (SIN)",energy_water,ons_open_data,daily,2025-12-06,81055.9252,mwmed
electricity_generation_by_source,"Electricity generation, total (SIN)",energy_water,ons_open_data,daily,2025-12-07,76111.0417,mwmed
electricity_generation_by_source,"Electricity generation, total (SIN)",energy_water,ons_open_data,daily,2025-12-08,85913.8674,mwmed
electricity_generation_by_source,"Electricity generation, total (SIN)",energy_water,ons_open_data,daily,2025-12-09,85042.7607,mwmed
electricity_generation_by_source,"Electricity generation, total (SIN)",energy_water,ons_open_data,daily,2025-12-10,83625.0053,mwmed
electricity_generation_by_source,"Electricity generation, total (SIN)",energy_water,ons_open_data,daily,2025-12-11,85721.1717,mwmed
electricity_generation_by_source,"Electricity generation, total (SIN)",energy_water,ons_open_data,daily,2025-12-12,87684.1247,mwmed
electricity_generation_by_source,"Electricity generation, total (SIN)",energy_water,ons_open_data,daily,2025-12-13,80232.6859,mwmed
electricity_generation_by_source,"Electricity generation, total (SIN)",energy_water,ons_open_data,daily,2025-12-14,74479.7601,mwmed
electricity_generation_by_source,"Electricity generation, total (SIN)",energy_water,ons_open_data,daily,2025-12-15,86922.6812,mwmed
electricity_generation_by_source,"Electricity generation, total (SIN)",energy_water,ons_open_data,daily,2025-12-16,87314.8279,mwmed
electricity_generation_by_source,"Electricity generation, total (SIN)",energy_water,ons_open_data,daily,2025-12-17,81901.4260,mwmed
electricity_generation_by_source,"Electricity generation, total (SIN)",energy_water,ons_open_data,daily,2025-12-18,80953.4272,mwmed
electricity_generation_by_source,"Electricity generation, total (SIN)",energy_water,ons_open_data,daily,2025-12-19,81343.0340,mwmed
electricity_generation_by_source,"Electricity generation, total (SIN)",energy_water,ons_open_data,daily,2025-12-20,76545.8358,mwmed
electricity_generation_by_source,"Electricity generation, total (SIN)",energy_water,ons_open_data,daily,2025-12-21,73120.2700,mwmed
electricity_generation_by_source,"Electricity generation, total (SIN)",energy_water,ons_open_data,daily,2025-12-22,82438.3417,mwmed
electricity_generation_by_source,"Electricity generation, total (SIN)",energy_water,ons_open_data,daily,2025-12-23,83896.0391,mwmed
electricity_generation_by_source,"Electricity generation, total (SIN)",energy_water,ons_open_data,daily,2025-12-24,78709.0035,mwmed
electricity_generation_by_source,"Electricity generation, total (SIN)",energy_water,ons_open_data,daily,2025-12-25,71112.4049,mwmed
electricity_generation_by_source,"Electricity generation, total (SIN)",energy_water,ons_open_data,daily,2025-12-26,81667.2041,mwmed
electricity_generation_by_source,"Electricity generation, total (SIN)",energy_water,ons_open_data,daily,2025-12-27,81916.0831,mwmed
electricity_generation_by_source,"Electricity generation, total (SIN)",energy_water,ons_open_data,daily,2025-12-28,78465.6129,mwmed
electricity_generation_by_source,"Electricity generation, total (SIN)",energy_water,ons_open_data,daily,2025-12-29,85411.8873,mwmed
electricity_generation_by_source,"Electricity generation, total (SIN)",energy_water,ons_open_data,daily,2025-12-30,85107.6810,mwmed
electricity_generation_by_source,"Electricity generation, total (SIN)",energy_water,ons_open_data,daily,2025-12-31,79639.8144,mwmed
electricity_generation_by_source,"Electricity generation, total (SIN)",energy_water,ons_open_data,daily,2026-01-01,71505.1593,mwmed
electricity_generation_by_source,"Electricity generation, total (SIN)",energy_water,ons_open_data,daily,2026-01-02,79350.1178,mwmed
electricity_generation_by_source,"Electricity generation, total (SIN)",energy_water,ons_open_data,daily,2026-01-03,76917.6473,mwmed
electricity_generation_by_source,"Electricity generation, total (SIN)",energy_water,ons_open_data,daily,2026-01-04,71305.3978,mwmed
electricity_generation_by_source,"Electricity generation, total (SIN)",energy_water,ons_open_data,daily,2026-01-05,77981.4671,mwmed
electricity_generation_by_source,"Electricity generation, total (SIN)",energy_water,ons_open_data,daily,2026-01-06,80273.5773,mwmed
electricity_generation_by_source,"Electricity generation, total (SIN)",energy_water,ons_open_data,daily,2026-01-07,84353.0635,mwmed
electricity_generation_by_source,"Electricity generation, total (SIN)",energy_water,ons_open_data,daily,2026-01-08,86329.0281,mwmed
electricity_generation_by_source,"Electricity generation, total (SIN)",energy_water,ons_open_data,daily,2026-01-09,88670.1857,mwmed
electricity_generation_by_source,"Electricity generation, total (SIN)",energy_water,ons_open_data,daily,2026-01-10,82568.7584,mwmed
electricity_generation_by_source,"Electricity generation, total (SIN)",energy_water,ons_open_data,daily,2026-01-11,76106.2226,mwmed
electricity_generation_by_source,"Electricity generation, total (SIN)",energy_water,ons_open_data,daily,2026-01-12,88581.4336,mwmed
electricity_generation_by_source,"Electricity generation, total (SIN)",energy_water,ons_open_data,daily,2026-01-13,89357.9519,mwmed
electricity_generation_by_source,"Electricity generation, total (SIN)",energy_water,ons_open_data,daily,2026-01-14,89596.1247,mwmed
electricity_generation_by_source,"Electricity generation, total (SIN)",energy_water,ons_open_data,daily,2026-01-15,90428.4361,mwmed
electricity_generation_by_source,"Electricity generation, total (SIN)",energy_water,ons_open_data,daily,2026-01-16,72121.1317,mwmed
electricity_generation_by_source,"Electricity generation, total (SIN)",energy_water,ons_open_data,daily,2026-01-17,84406.1155,mwmed
electricity_generation_by_source,"Electricity generation, total (SIN)",energy_water,ons_open_data,daily,2026-01-18,77406.3043,mwmed
electricity_generation_by_source,"Electricity generation, total (SIN)",energy_water,ons_open_data,daily,2026-01-19,86221.7355,mwmed
electricity_generation_by_source,"Electricity generation, total (SIN)",energy_water,ons_open_data,daily,2026-01-20,83079.7232,mwmed
electricity_generation_by_source,"Electricity generation, total (SIN)",energy_water,ons_open_data,daily,2026-01-21,82182.4045,mwmed
electricity_generation_by_source,"Electricity generation, total (SIN)",energy_water,ons_open_data,daily,2026-01-22,82256.2652,mwmed
electricity_generation_by_source,"Electricity generation, total (SIN)",energy_water,ons_open_data,daily,2026-01-23,82316.2184,mwmed
electricity_generation_by_source,"Electricity generation, total (SIN)",energy_water,ons_open_data,daily,2026-01-24,77869.6410,mwmed
electricity_generation_by_source,"Electricity generation, total (SIN)",energy_water,ons_open_data,daily,2026-01-25,73726.3546,mwmed
electricity_generation_by_source,"Electricity generation, total (SIN)",energy_water,ons_open_data,daily,2026-01-26,86710.1071,mwmed
electricity_generation_by_source,"Electricity generation, total (SIN)",energy_water,ons_open_data,daily,2026-01-27,89830.0722,mwmed
electricity_generation_by_source,"Electricity generation, total (SIN)",energy_water,ons_open_data,daily,2026-01-28,90861.9554,mwmed
electricity_generation_by_source,"Electricity generation, total (SIN)",energy_water,ons_open_data,daily,2026-01-29,90446.2131,mwmed
electricity_generation_by_source,"Electricity generation, total (SIN)",energy_water,ons_open_data,daily,2026-01-30,88509.1183,mwmed
electricity_generation_by_source,"Electricity generation, total (SIN)",energy_water,ons_open_data,daily,2026-01-31,81722.1370,mwmed
electricity_generation_by_source,"Electricity generation, total (SIN)",energy_water,ons_open_data,daily,2026-02-01,76851.1618,mwmed
electricity_generation_by_source,"Electricity generation, total (SIN)",energy_water,ons_open_data,daily,2026-02-02,87571.0176,mwmed
electricity_generation_by_source,"Electricity generation, total (SIN)",energy_water,ons_open_data,daily,2026-02-03,89795.8616,mwmed
electricity_generation_by_source,"Electricity generation, total (SIN)",energy_water,ons_open_data,daily,2026-02-04,90286.9795,mwmed
electricity_generation_by_source,"Electricity generation, total (SIN)",energy_water,ons_open_data,daily,2026-02-05,90877.2047,mwmed
electricity_generation_by_source,"Electricity generation, total (SIN)",energy_water,ons_open_data,daily,2026-02-06,91179.5735,mwmed
electricity_generation_by_source,"Electricity generation, total (SIN)",energy_water,ons_open_data,daily,2026-02-07,82741.9809,mwmed
electricity_generation_by_source,"Electricity generation, total (SIN)",energy_water,ons_open_data,daily,2026-02-08,74079.9058,mwmed
electricity_generation_by_source,"Electricity generation, total (SIN)",energy_water,ons_open_data,daily,2026-02-09,83860.8845,mwmed
electricity_generation_by_source,"Electricity generation, total (SIN)",energy_water,ons_open_data,daily,2026-02-10,86408.4568,mwmed
electricity_generation_by_source,"Electricity generation, total (SIN)",energy_water,ons_open_data,daily,2026-02-11,88589.7863,mwmed
electricity_generation_by_source,"Electricity generation, total (SIN)",energy_water,ons_open_data,daily,2026-02-12,90872.5433,mwmed
electricity_generation_by_source,"Electricity generation, total (SIN)",energy_water,ons_open_data,daily,2026-02-13,73637.7048,mwmed
electricity_generation_by_source,"Electricity generation, total (SIN)",energy_water,ons_open_data,daily,2026-02-14,81746.3928,mwmed
electricity_generation_by_source,"Electricity generation, total (SIN)",energy_water,ons_open_data,daily,2026-02-15,75834.9425,mwmed
electricity_generation_by_source,"Electricity generation, total (SIN)",energy_water,ons_open_data,daily,2026-02-16,83584.4879,mwmed
electricity_generation_by_source,"Electricity generation, total (SIN)",energy_water,ons_open_data,daily,2026-02-17,85622.5297,mwmed
electricity_generation_by_source,"Electricity generation, total (SIN)",energy_water,ons_open_data,daily,2026-02-18,90955.9557,mwmed
electricity_generation_by_source,"Electricity generation, total (SIN)",energy_water,ons_open_data,daily,2026-02-19,92009.3695,mwmed
electricity_generation_by_source,"Electricity generation, total (SIN)",energy_water,ons_open_data,daily,2026-02-20,91935.6123,mwmed
electricity_generation_by_source,"Electricity generation, total (SIN)",energy_water,ons_open_data,daily,2026-02-21,83344.8565,mwmed
electricity_generation_by_source,"Electricity generation, total (SIN)",energy_water,ons_open_data,daily,2026-02-22,75669.3649,mwmed
electricity_generation_by_source,"Electricity generation, total (SIN)",energy_water,ons_open_data,daily,2026-02-23,87392.8622,mwmed
electricity_generation_by_source,"Electricity generation, total (SIN)",energy_water,ons_open_data,daily,2026-02-24,88371.3662,mwmed
electricity_generation_by_source,"Electricity generation, total (SIN)",energy_water,ons_open_data,daily,2026-02-25,89029.8868,mwmed
electricity_generation_by_source,"Electricity generation, total (SIN)",energy_water,ons_open_data,daily,2026-02-26,88362.7466,mwmed
electricity_generation_by_source,"Electricity generation, total (SIN)",energy_water,ons_open_data,daily,2026-02-27,85880.9951,mwmed
electricity_generation_by_source,"Electricity generation, total (SIN)",energy_water,ons_open_data,daily,2026-02-28,78366.9446,mwmed
electricity_generation_by_source,"Electricity generation, total (SIN)",energy_water,ons_open_data,daily,2026-03-01,71541.9759,mwmed
electricity_generation_by_source,"Electricity generation, total (SIN)",energy_water,ons_open_data,daily,2026-03-02,83657.2527,mwmed
electricity_generation_by_source,"Electricity generation, total (SIN)",energy_water,ons_open_data,daily,2026-03-03,86041.7443,mwmed
electricity_generation_by_source,"Electricity generation, total (SIN)",energy_water,ons_open_data,daily,2026-03-04,87886.2828,mwmed
electricity_generation_by_source,"Electricity generation, total (SIN)",energy_water,ons_open_data,daily,2026-03-05,89018.2746,mwmed
electricity_generation_by_source,"Electricity generation, total (SIN)",energy_water,ons_open_data,daily,2026-03-06,89254.6940,mwmed
electricity_generation_by_source,"Electricity generation, total (SIN)",energy_water,ons_open_data,daily,2026-03-07,66099.1908,mwmed
electricity_generation_by_source,"Electricity generation, total (SIN)",energy_water,ons_open_data,daily,2026-03-08,74723.2025,mwmed
electricity_generation_by_source,"Electricity generation, total (SIN)",energy_water,ons_open_data,daily,2026-03-09,85424.8643,mwmed
electricity_generation_by_source,"Electricity generation, total (SIN)",energy_water,ons_open_data,daily,2026-03-10,84669.2324,mwmed
electricity_generation_by_source,"Electricity generation, total (SIN)",energy_water,ons_open_data,daily,2026-03-11,85170.8664,mwmed
electricity_generation_by_source,"Electricity generation, total (SIN)",energy_water,ons_open_data,daily,2026-03-12,85361.0417,mwmed
electricity_generation_by_source,"Electricity generation, total (SIN)",energy_water,ons_open_data,daily,2026-03-13,84771.7571,mwmed
electricity_generation_by_source,"Electricity generation, total (SIN)",energy_water,ons_open_data,daily,2026-03-14,79213.7620,mwmed
electricity_generation_by_source,"Electricity generation, total (SIN)",energy_water,ons_open_data,daily,2026-03-15,74801.7884,mwmed
electricity_generation_by_source,"Electricity generation, total (SIN)",energy_water,ons_open_data,daily,2026-03-16,88705.1113,mwmed
electricity_generation_by_source,"Electricity generation, total (SIN)",energy_water,ons_open_data,daily,2026-03-17,90052.4847,mwmed
electricity_generation_by_source,"Electricity generation, total (SIN)",energy_water,ons_open_data,daily,2026-03-18,89549.6555,mwmed
electricity_generation_by_source,"Electricity generation, total (SIN)",energy_water,ons_open_data,daily,2026-03-19,88889.4627,mwmed
electricity_generation_by_source,"Electricity generation, total (SIN)",energy_water,ons_open_data,daily,2026-03-20,87772.3683,mwmed
electricity_generation_by_source,"Electricity generation, total (SIN)",energy_water,ons_open_data,daily,2026-03-21,80974.9837,mwmed
electricity_generation_by_source,"Electricity generation, total (SIN)",energy_water,ons_open_data,daily,2026-03-22,75647.1180,mwmed
electricity_generation_by_source,"Electricity generation, total (SIN)",energy_water,ons_open_data,daily,2026-03-23,87768.6547,mwmed
electricity_generation_by_source,"Electricity generation, total (SIN)",energy_water,ons_open_data,daily,2026-03-24,87885.7054,mwmed
electricity_generation_by_source,"Electricity generation, total (SIN)",energy_water,ons_open_data,daily,2026-03-25,87890.0808,mwmed
electricity_generation_by_source,"Electricity generation, total (SIN)",energy_water,ons_open_data,daily,2026-03-26,88799.3939,mwmed
electricity_generation_by_source,"Electricity generation, total (SIN)",energy_water,ons_open_data,daily,2026-03-27,89245.9636,mwmed
electricity_generation_by_source,"Electricity generation, total (SIN)",energy_water,ons_open_data,daily,2026-03-28,82246.7874,mwmed
electricity_generation_by_source,"Electricity generation, total (SIN)",energy_water,ons_open_data,daily,2026-03-29,75834.2751,mwmed
electricity_generation_by_source,"Electricity generation, total (SIN)",energy_water,ons_open_data,daily,2026-03-30,88050.1905,mwmed
electricity_generation_by_source,"Electricity generation, total (SIN)",energy_water,ons_open_data,daily,2026-03-31,88348.4961,mwmed
electricity_generation_by_source,"Electricity generation, total (SIN)",energy_water,ons_open_data,daily,2026-04-01,86012.7910,mwmed
electricity_generation_by_source,"Electricity generation, total (SIN)",energy_water,ons_open_data,daily,2026-04-02,85499.2522,mwmed
electricity_generation_by_source,"Electricity generation, total (SIN)",energy_water,ons_open_data,daily,2026-04-03,73901.3761,mwmed
electricity_generation_by_source,"Electricity generation, total (SIN)",energy_water,ons_open_data,daily,2026-04-04,75673.8809,mwmed
electricity_generation_by_source,"Electricity generation, total (SIN)",energy_water,ons_open_data,daily,2026-04-05,72032.5632,mwmed
electricity_generation_by_source,"Electricity generation, total (SIN)",energy_water,ons_open_data,daily,2026-04-06,85309.3780,mwmed
electricity_generation_by_source,"Electricity generation, total (SIN)",energy_water,ons_open_data,daily,2026-04-07,87440.2979,mwmed
electricity_generation_by_source,"Electricity generation, total (SIN)",energy_water,ons_open_data,daily,2026-04-08,87120.8913,mwmed
electricity_generation_by_source,"Electricity generation, total (SIN)",energy_water,ons_open_data,daily,2026-04-09,86092.5497,mwmed
electricity_generation_by_source,"Electricity generation, total (SIN)",energy_water,ons_open_data,daily,2026-04-10,84114.2362,mwmed
electricity_generation_by_source,"Electricity generation, total (SIN)",energy_water,ons_open_data,daily,2026-04-11,75762.8070,mwmed
electricity_generation_by_source,"Electricity generation, total (SIN)",energy_water,ons_open_data,daily,2026-04-12,69629.2117,mwmed
electricity_generation_by_source,"Electricity generation, total (SIN)",energy_water,ons_open_data,daily,2026-04-13,81309.4109,mwmed
electricity_generation_by_source,"Electricity generation, total (SIN)",energy_water,ons_open_data,daily,2026-04-14,83317.7698,mwmed
electricity_generation_by_source,"Electricity generation, total (SIN)",energy_water,ons_open_data,daily,2026-04-15,83037.6116,mwmed
electricity_generation_by_source,"Electricity generation, total (SIN)",energy_water,ons_open_data,daily,2026-04-16,83568.8778,mwmed
electricity_generation_by_source,"Electricity generation, total (SIN)",energy_water,ons_open_data,daily,2026-04-17,84975.6751,mwmed
electricity_generation_by_source,"Electricity generation, total (SIN)",energy_water,ons_open_data,daily,2026-04-18,77597.5228,mwmed
electricity_generation_by_source,"Electricity generation, total (SIN)",energy_water,ons_open_data,daily,2026-04-19,71035.2656,mwmed
electricity_generation_by_source,"Electricity generation, total (SIN)",energy_water,ons_open_data,daily,2026-04-20,78161.5088,mwmed
electricity_generation_by_source,"Electricity generation, total (SIN)",energy_water,ons_open_data,daily,2026-04-21,76349.5686,mwmed
electricity_generation_by_source,"Electricity generation, total (SIN)",energy_water,ons_open_data,daily,2026-04-22,82661.9177,mwmed
electricity_generation_by_source,"Electricity generation, total (SIN)",energy_water,ons_open_data,daily,2026-04-23,83018.2916,mwmed
electricity_generation_by_source,"Electricity generation, total (SIN)",energy_water,ons_open_data,daily,2026-04-24,83287.1362,mwmed
electricity_generation_by_source,"Electricity generation, total (SIN)",energy_water,ons_open_data,daily,2026-04-25,77105.6283,mwmed
electricity_generation_by_source,"Electricity generation, total (SIN)",energy_water,ons_open_data,daily,2026-04-26,71605.4881,mwmed
electricity_generation_by_source,"Electricity generation, total (SIN)",energy_water,ons_open_data,daily,2026-04-27,83675.7152,mwmed
electricity_generation_by_source,"Electricity generation, total (SIN)",energy_water,ons_open_data,daily,2026-04-28,85015.9896,mwmed
electricity_generation_by_source,"Electricity generation, total (SIN)",energy_water,ons_open_data,daily,2026-04-29,85932.1190,mwmed
electricity_generation_by_source,"Electricity generation, total (SIN)",energy_water,ons_open_data,daily,2026-04-30,83830.6290,mwmed
electricity_generation_by_source,"Electricity generation, total (SIN)",energy_water,ons_open_data,daily,2026-05-01,73011.5889,mwmed
electricity_generation_by_source,"Electricity generation, total (SIN)",energy_water,ons_open_data,daily,2026-05-02,72056.6478,mwmed
electricity_generation_by_source,"Electricity generation, total (SIN)",energy_water,ons_open_data,daily,2026-05-03,66080.7930,mwmed
electricity_generation_by_source,"Electricity generation, total (SIN)",energy_water,ons_open_data,daily,2026-05-04,77410.4899,mwmed
electricity_generation_by_source,"Electricity generation, total (SIN)",energy_water,ons_open_data,daily,2026-05-05,80765.8205,mwmed
electricity_generation_by_source,"Electricity generation, total (SIN)",energy_water,ons_open_data,daily,2026-05-06,83122.0250,mwmed
electricity_generation_by_source,"Electricity generation, total (SIN)",energy_water,ons_open_data,daily,2026-05-07,84075.4860,mwmed
electricity_generation_by_source,"Electricity generation, total (SIN)",energy_water,ons_open_data,daily,2026-05-08,84010.4032,mwmed
electricity_generation_by_source,"Electricity generation, total (SIN)",energy_water,ons_open_data,daily,2026-05-09,58818.9394,mwmed
electricity_generation_by_source,"Electricity generation, total (SIN)",energy_water,ons_open_data,daily,2026-05-10,68455.7449,mwmed
electricity_generation_by_source,"Electricity generation, total (SIN)",energy_water,ons_open_data,daily,2026-05-11,76838.9160,mwmed
electricity_generation_by_source,"Electricity generation, total (SIN)",energy_water,ons_open_data,daily,2026-05-12,77267.5125,mwmed
electricity_generation_by_source,"Electricity generation, total (SIN)",energy_water,ons_open_data,daily,2026-05-13,78278.8023,mwmed
electricity_generation_by_source,"Electricity generation, total (SIN)",energy_water,ons_open_data,daily,2026-05-14,80744.8461,mwmed
electricity_generation_by_source,"Electricity generation, total (SIN)",energy_water,ons_open_data,daily,2026-05-15,82331.5098,mwmed
electricity_generation_by_source,"Electricity generation, total (SIN)",energy_water,ons_open_data,daily,2026-05-16,76609.8737,mwmed
electricity_generation_by_source,"Electricity generation, total (SIN)",energy_water,ons_open_data,daily,2026-05-17,72063.6030,mwmed
electricity_generation_by_source,"Electricity generation, total (SIN)",energy_water,ons_open_data,daily,2026-05-18,81596.2936,mwmed
electricity_generation_by_source,"Electricity generation, total (SIN)",energy_water,ons_open_data,daily,2026-05-19,82520.4554,mwmed
electricity_generation_by_source,"Electricity generation, total (SIN)",energy_water,ons_open_data,daily,2026-05-20,81471.6113,mwmed
electricity_generation_by_source,"Electricity generation, total (SIN)",energy_water,ons_open_data,daily,2026-05-21,80259.9342,mwmed
electricity_generation_by_source,"Electricity generation, total (SIN)",energy_water,ons_open_data,daily,2026-05-22,80328.9868,mwmed
electricity_generation_by_source,"Electricity generation, total (SIN)",energy_water,ons_open_data,daily,2026-05-23,73925.8293,mwmed
electricity_generation_by_source,"Electricity generation, total (SIN)",energy_water,ons_open_data,daily,2026-05-24,67339.7450,mwmed
electricity_generation_by_source,"Electricity generation, total (SIN)",energy_water,ons_open_data,daily,2026-05-25,78150.8137,mwmed
electricity_generation_by_source,"Electricity generation, total (SIN)",energy_water,ons_open_data,daily,2026-05-26,80404.6129,mwmed
electricity_generation_by_source,"Electricity generation, total (SIN)",energy_water,ons_open_data,daily,2026-05-27,80127.7345,mwmed
electricity_generation_by_source,"Electricity generation, total (SIN)",energy_water,ons_open_data,daily,2026-05-28,78936.4243,mwmed
electricity_generation_by_source,"Electricity generation, total (SIN)",energy_water,ons_open_data,daily,2026-05-29,79393.2876,mwmed
electricity_generation_by_source,"Electricity generation, total (SIN)",energy_water,ons_open_data,daily,2026-05-30,72966.4039,mwmed
electricity_generation_by_source,"Electricity generation, total (SIN)",energy_water,ons_open_data,daily,2026-05-31,66330.4152,mwmed
electricity_generation_by_source,"Electricity generation, total (SIN)",energy_water,ons_open_data,daily,2026-06-01,76318.0335,mwmed
electricity_generation_by_source,"Electricity generation, total (SIN)",energy_water,ons_open_data,daily,2026-06-02,77064.4091,mwmed
electricity_generation_by_source,"Electricity generation, total (SIN)",energy_water,ons_open_data,daily,2026-06-03,77223.7933,mwmed
electricity_generation_by_source,"Electricity generation, total (SIN)",energy_water,ons_open_data,daily,2026-06-04,72209.0894,mwmed
electricity_generation_by_source,"Electricity generation, total (SIN)",energy_water,ons_open_data,daily,2026-06-05,74069.8855,mwmed
electricity_generation_by_source,"Electricity generation, total (SIN)",energy_water,ons_open_data,daily,2026-06-06,68690.0291,mwmed
electricity_generation_by_source,"Electricity generation, total (SIN)",energy_water,ons_open_data,daily,2026-06-07,64837.2771,mwmed
electricity_generation_by_source,"Electricity generation, total (SIN)",energy_water,ons_open_data,daily,2026-06-08,75663.6298,mwmed
electricity_generation_by_source,"Electricity generation, total (SIN)",energy_water,ons_open_data,daily,2026-06-09,78145.4189,mwmed
electricity_generation_by_source,"Electricity generation, total (SIN)",energy_water,ons_open_data,daily,2026-06-10,79466.5725,mwmed
electricity_generation_by_source,"Electricity generation, total (SIN)",energy_water,ons_open_data,daily,2026-06-11,80599.6756,mwmed
electricity_generation_by_source,"Electricity generation, total (SIN)",energy_water,ons_open_data,daily,2026-06-12,81393.0963,mwmed
electricity_generation_by_source,"Electricity generation, total (SIN)",energy_water,ons_open_data,daily,2026-06-13,75812.9269,mwmed
electricity_generation_by_source,"Electricity generation, total (SIN)",energy_water,ons_open_data,daily,2026-06-14,71006.4105,mwmed
electricity_generation_by_source,"Electricity generation, total (SIN)",energy_water,ons_open_data,daily,2026-06-15,81312.6961,mwmed
electricity_generation_by_source,"Electricity generation, total (SIN)",energy_water,ons_open_data,daily,2026-06-16,81730.2202,mwmed
electricity_generation_by_source,"Electricity generation, total (SIN)",energy_water,ons_open_data,daily,2026-06-17,79854.3410,mwmed
electricity_generation_by_source,"Electricity generation, total (SIN)",energy_water,ons_open_data,daily,2026-06-18,78479.3116,mwmed
electricity_generation_by_source,"Electricity generation, total (SIN)",energy_water,ons_open_data,daily,2026-06-19,78520.8190,mwmed
electricity_generation_by_source,"Electricity generation, total (SIN)",energy_water,ons_open_data,daily,2026-06-20,74489.3588,mwmed
electricity_generation_by_source,"Electricity generation, total (SIN)",energy_water,ons_open_data,daily,2026-06-21,67259.8937,mwmed
electricity_generation_by_source,"Electricity generation, total (SIN)",energy_water,ons_open_data,daily,2026-06-22,78691.7658,mwmed
electricity_generation_by_source,"Electricity generation, total (SIN)",energy_water,ons_open_data,daily,2026-06-23,81313.3283,mwmed
electricity_generation_by_source,"Electricity generation, total (SIN)",energy_water,ons_open_data,daily,2026-06-24,80542.5274,mwmed
electricity_generation_by_source,"Electricity generation, total (SIN)",energy_water,ons_open_data,daily,2026-06-25,81688.3821,mwmed
electricity_generation_by_source,"Electricity generation, total (SIN)",energy_water,ons_open_data,daily,2026-06-26,82009.5382,mwmed
electricity_generation_by_source,"Electricity generation, total (SIN)",energy_water,ons_open_data,daily,2026-06-27,75753.5020,mwmed
electricity_generation_by_source,"Electricity generation, total (SIN)",energy_water,ons_open_data,daily,2026-06-28,67640.8078,mwmed
electricity_generation_by_source,"Electricity generation, total (SIN)",energy_water,ons_open_data,daily,2026-06-29,74540.9710,mwmed
electricity_generation_by_source,"Electricity generation, total (SIN)",energy_water,ons_open_data,daily,2026-06-30,79248.7460,mwmed
electricity_generation_by_source,"Electricity generation, total (SIN)",energy_water,ons_open_data,daily,2026-07-01,79621.9035,mwmed
electricity_generation_by_source,"Electricity generation, total (SIN)",energy_water,ons_open_data,daily,2026-07-02,79578.9368,mwmed
electricity_generation_by_source,"Electricity generation, total (SIN)",energy_water,ons_open_data,daily,2026-07-03,79081.4590,mwmed
electricity_generation_by_source,"Electricity generation, total (SIN)",energy_water,ons_open_data,daily,2026-07-04,73172.9728,mwmed
electricity_generation_by_source,"Electricity generation, total (SIN)",energy_water,ons_open_data,daily,2026-07-05,66033.1112,mwmed
electricity_generation_by_source,"Electricity generation, total (SIN)",energy_water,ons_open_data,daily,2026-07-06,77557.4455,mwmed
electricity_generation_by_source,"Electricity generation, total (SIN)",energy_water,ons_open_data,daily,2026-07-07,79187.9026,mwmed
electricity_generation_by_source,"Electricity generation, total (SIN)",energy_water,ons_open_data,daily,2026-07-08,79422.7114,mwmed
electricity_generation_by_source,"Electricity generation, total (SIN)",energy_water,ons_open_data,daily,2026-07-09,77945.1029,mwmed
electricity_generation_by_source,"Electricity generation, total (SIN)",energy_water,ons_open_data,daily,2026-07-10,79011.8505,mwmed
electricity_generation_by_source,"Electricity generation, total (SIN)",energy_water,ons_open_data,daily,2026-07-11,73640.8555,mwmed
electricity_generation_by_source,"Electricity generation, total (SIN)",energy_water,ons_open_data,daily,2026-07-12,68551.4821,mwmed
electricity_generation_by_source,"Electricity generation, total (SIN)",energy_water,ons_open_data,daily,2026-07-13,78169.4353,mwmed
electricity_generation_by_source,"Electricity generation, total (SIN)",energy_water,ons_open_data,daily,2026-07-14,78696.9245,mwmed
electricity_generation_by_source,"Electricity generation, total (SIN)",energy_water,ons_open_data,daily,2026-07-15,78254.2904,mwmed
electricity_generation_by_source,"Electricity generation, total (SIN)",energy_water,ons_open_data,daily,2026-07-16,77650.8760,mwmed
electricity_generation_by_source,"Electricity generation, total (SIN)",energy_water,ons_open_data,daily,2026-07-17,77284.9251,mwmed
electricity_generation_by_source,"Electricity generation, total (SIN)",energy_water,ons_open_data,daily,2026-07-18,71519.9792,mwmed
electricity_generation_by_source,"Electricity generation, total (SIN)",energy_water,ons_open_data,daily,2026-07-19,66305.9298,mwmed
electricity_generation_by_source,"Electricity generation, total (SIN)",energy_water,ons_open_data,daily,2026-07-20,78097.7769,mwmed
electricity_generation_by_source,"Electricity generation, total (SIN)",energy_water,ons_open_data,daily,2026-07-21,80665.1048,mwmed
electricity_generation_by_source,"Electricity generation, total (SIN)",energy_water,ons_open_data,daily,2026-07-22,80063.5693,mwmed
electricity_generation_by_source,"Electricity generation, total (SIN)",energy_water,ons_open_data,daily,2026-07-23,80774.7881,mwmed
electricity_generation_by_source,"Electricity generation, total (SIN)",energy_water,ons_open_data,daily,2026-07-24,81169.9623,mwmed
electricity_generation_by_source,"Electricity generation, total (SIN)",energy_water,ons_open_data,daily,2026-07-25,75271.8880,mwmed
electricity_generation_by_source,"Electricity generation, total (SIN)",energy_water,ons_open_data,daily,2026-07-26,68804.4864,mwmed
electricity_generation_by_source,"Electricity generation, total (SIN)",energy_water,ons_open_data,daily,2026-07-27,79211.4280,mwmed
electricity_generation_by_source,"Electricity generation, total (SIN)",energy_water,ons_open_data,daily,2026-07-28,81439.3922,mwmed
electricity_generation_by_source,"Electricity generation, total (SIN)",energy_water,ons_open_data,daily,2026-07-29,81136.4610,mwmed
electricity_generation_by_source,"Electricity generation, total (SIN)",energy_water,ons_open_data,daily,2026-07-30,81344.9628,mwmed
electricity_generation_by_source,"Electricity generation, total (SIN)",energy_water,ons_open_data,daily,2026-07-31,80225.3666,mwmed
electricity_generation_by_source,"Electricity generation, total (SIN)",energy_water,ons_open_data,daily,2026-08-01,73004.4255,mwmed
electricity_generation_by_source,"Electricity generation, total (SIN)",energy_water,ons_open_data,daily,2026-08-02,66869.5379,mwmed
electricity_generation_by_source,"Electricity generation, total (SIN)",energy_water,ons_open_data,daily,2026-08-03,78133.8729,mwmed
electricity_generation_by_source,"Electricity generation, total (SIN)",energy_water,ons_open_data,daily,2026-08-04,80073.9795,mwmed
electricity_generation_by_source,"Electricity generation, total (SIN)",energy_water,ons_open_data,daily,2026-08-05,81453.6950,mwmed
electricity_generation_by_source,"Electricity generation, total (SIN)",energy_water,ons_open_data,daily,2026-08-06,82894.9090,mwmed
electricity_generation_by_source,"Electricity generation, total (SIN)",energy_water,ons_open_data,daily,2026-08-07,83802.3845,mwmed
electricity_generation_by_source,"Electricity generation, total (SIN)",energy_water,ons_open_data,daily,2026-08-08,78282.2682,mwmed
electricity_generation_by_source,"Electricity generation, total (SIN)",energy_water,ons_open_data,daily,2026-08-09,72134.0016,mwmed
electricity_generation_by_source,"Electricity generation, total (SIN)",energy_water,ons_open_data,daily,2026-08-10,82689.5286,mwmed
electricity_generation_by_source,"Electricity generation, total (SIN)",energy_water,ons_open_data,daily,2026-08-11,82974.0139,mwmed
electricity_generation_by_source,"Electricity generation, total (SIN)",energy_water,ons_open_data,daily,2026-08-12,82549.3335,mwmed
electricity_generation_by_source,"Electricity generation, total (SIN)",energy_water,ons_open_data,daily,2026-08-13,84330.5535,mwmed
electricity_generation_by_source,"Electricity generation, total (SIN)",energy_water,ons_open_data,daily,2026-08-14,84895.5347,mwmed
electricity_generation_by_source,"Electricity generation, total (SIN)",energy_water,ons_open_data,daily,2026-08-15,77503.1916,mwmed
electricity_generation_by_source,"Electricity generation, total (SIN)",energy_water,ons_open_data,daily,2026-08-16,71205.7415,mwmed
electricity_generation_by_source,"Electricity generation, total (SIN)",energy_water,ons_open_data,daily,2026-08-17,82566.6934,mwmed
electricity_generation_by_source,"Electricity generation, total (SIN)",energy_water,ons_open_data,daily,2026-08-18,84699.5199,mwmed
electricity_generation_by_source,"Electricity generation, total (SIN)",energy_water,ons_open_data,daily,2026-08-19,85747.7427,mwmed
electricity_generation_by_source,"Electricity generation, total (SIN)",energy_water,ons_open_data,daily,2026-08-20,85412.5822,mwmed
electricity_generation_by_source,"Electricity generation, total (SIN)",energy_water,ons_open_data,daily,2026-08-21,84085.7065,mwmed
electricity_generation_by_source,"Electricity generation, total (SIN)",energy_water,ons_open_data,daily,2026-08-22,75876.5066,mwmed
electricity_generation_by_source,"Electricity generation, total (SIN)",energy_water,ons_open_data,daily,2026-08-23,70584.5615,mwmed
electricity_generation_by_source,"Electricity generation, total (SIN)",energy_water,ons_open_data,daily,2026-08-24,82504.2501,mwmed
electricity_generation_by_source,"Electricity generation, total (SIN)",energy_water,ons_open_data,daily,2026-08-25,84518.1201,mwmed
electricity_generation_by_source,"Electricity generation, total (SIN)",energy_water,ons_open_data,daily,2026-08-26,85922.6917,mwmed
electricity_generation_by_source,"Electricity generation, total (SIN)",energy_water,ons_open_data,daily,2026-08-27,85991.1982,mwmed
electricity_generation_by_source,"Electricity generation, total (SIN)",energy_water,ons_open_data,daily,2026-08-28,87532.4246,mwmed
electricity_generation_by_source,"Electricity generation, total (SIN)",energy_water,ons_open_data,daily,2026-08-29,82869.3041,mwmed
electricity_generation_by_source,"Electricity generation, total (SIN)",energy_water,ons_open_data,daily,2026-08-30,76585.0515,mwmed
electricity_generation_by_source,"Electricity generation, total (SIN)",energy_water,ons_open_data,daily,2026-08-31,87558.9308,mwmed
electricity_generation_by_source,"Electricity generation, total (SIN)",energy_water,ons_open_data,daily,2026-09-01,87153.1277,mwmed
electricity_generation_by_source,"Electricity generation, total (SIN)",energy_water,ons_open_data,daily,2026-09-02,84953.4218,mwmed
electricity_generation_by_source,"Electricity generation, total (SIN)",energy_water,ons_open_data,daily,2026-09-03,83267.0041,mwmed
electricity_generation_by_source,"Electricity generation, total (SIN)",energy_water,ons_open_data,daily,2026-09-04,84369.9038,mwmed
electricity_generation_by_source,"Electricity generation, total (SIN)",energy_water,ons_open_data,daily,2026-09-05,77352.0037,mwmed
electricity_generation_by_source,"Electricity generation, total (SIN)",energy_water,ons_open_data,daily,2026-09-06,70883.0977,mwmed
electricity_generation_by_source,"Electricity generation, total (SIN)",energy_water,ons_open_data,daily,2026-09-07,71070.7252,mwmed
electricity_generation_by_source,"Electricity generation, total (SIN)",energy_water,ons_open_data,daily,2026-09-08,79633.6939,mwmed
electricity_generation_by_source,"Electricity generation, total (SIN)",energy_water,ons_open_data,daily,2026-09-09,84342.4618,mwmed
electricity_generation_by_source,"Electricity generation, total (SIN)",energy_water,ons_open_data,daily,2026-09-10,85291.9076,mwmed
electricity_generation_by_source,"Electricity generation, total (SIN)",energy_water,ons_open_data,daily,2026-09-11,85897.8253,mwmed
electricity_generation_by_source,"Electricity generation, total (SIN)",energy_water,ons_open_data,daily,2026-09-12,79770.3977,mwmed
electricity_generation_by_source,"Electricity generation, total (SIN)",energy_water,ons_open_data,daily,2026-09-13,71954.4374,mwmed
electricity_generation_by_source,"Electricity generation, total (SIN)",energy_water,ons_open_data,daily,2026-09-14,82262.2077,mwmed
electricity_generation_by_source,"Electricity generation, total (SIN)",energy_water,ons_open_data,daily,2026-09-15,83404.4630,mwmed
electricity_generation_by_source,"Electricity generation, total (SIN)",energy_water,ons_open_data,daily,2026-09-16,82574.9993,mwmed
electricity_generation_by_source,"Electricity generation, total (SIN)",energy_water,ons_open_data,daily,2026-09-17,83293.7310,mwmed
electricity_generation_by_source,"Electricity generation, total (SIN)",energy_water,ons_open_data,daily,2026-09-18,82499.6773,mwmed
electricity_generation_by_source,"Electricity generation, total (SIN)",energy_water,ons_open_data,daily,2026-09-19,77213.6742,mwmed
electricity_generation_by_source,"Electricity generation, total (SIN)",energy_water,ons_open_data,daily,2026-09-20,71842.1147,mwmed
electricity_generation_by_source,"Electricity generation, total (SIN)",energy_water,ons_open_data,daily,2026-09-21,84502.4765,mwmed
electricity_generation_by_source,"Electricity generation, total (SIN)",energy_water,ons_open_data,daily,2026-09-22,86604.5752,mwmed
electricity_generation_by_source,"Electricity generation, total (SIN)",energy_water,ons_open_data,daily,2026-09-23,85623.1760,mwmed
electricity_generation_by_source,"Electricity generation, total (SIN)",energy_water,ons_open_data,daily,2026-09-24,84274.7835,mwmed
electricity_generation_by_source,"Electricity generation, total (SIN)",energy_water,ons_open_data,daily,2026-09-25,84762.8420,mwmed
electricity_generation_by_source,"Electricity generation, total (SIN)",energy_water,ons_open_data,daily,2026-09-26,80136.8973,mwmed
electricity_generation_by_source,"Electricity generation, total (SIN)",energy_water,ons_open_data,daily,2026-09-27,76271.6515,mwmed
electricity_generation_by_source,"Electricity generation, total (SIN)",energy_water,ons_open_data,daily,2026-09-28,88923.4934,mwmed
electricity_generation_by_source,"Electricity generation, total (SIN)",energy_water,ons_open_data,daily,2026-09-29,91194.8711,mwmed
electricity_generation_by_source,"Electricity generation, total (SIN)",energy_water,ons_open_data,daily,2026-09-30,91588.9238,mwmed
electricity_generation_by_source,"Electricity generation, total (SIN)",energy_water,ons_open_data,daily,2026-10-01,90162.0656,mwmed
