metric_id,metric_name,theme,source_id,freq,date,value,unit
hydro_generation_share,"Hydro generation share",energy_water,ons_open_data,daily,2015-07-01,68.3166,pct
hydro_generation_share,"Hydro generation share",energy_water,ons_open_data,daily,2015-07-02,68.1106,pct
hydro_generation_share,"Hydro generation share",energy_water,ons_open_data,daily,2015-07-03,69.0549,pct
hydro_generation_share,"Hydro generation share",energy_water,ons_open_data,daily,2015-07-04,65.0400,pct
hydro_generation_share,"Hydro generation share",energy_water,ons_open_data,daily,2015-07-05,64.8536,pct
hydro_generation_share,"Hydro generation share",energy_water,ons_open_data,daily,2015-07-06,66.2393,pct
hydro_generation_share,"Hydro generation share",energy_water,ons_open_data,daily,2015-07-07,69.2053,pct
hydro_generation_share,"Hydro generation share",energy_water,ons_open_data,daily,2015-07-08,70.2380,pct
hydro_generation_share,"Hydro generation share",energy_water,ons_open_data,daily,2015-07-09,69.0016,pct
hydro_generation_share,"Hydro generation share",energy_water,ons_open_data,daily,2015-07-10,68.7261,pct
hydro_generation_share,"Hydro generation share",energy_water,ons_open_data,daily,2015-07-11,73.8370,pct
hydro_generation_share,"Hydro generation share",energy_water,ons_open_data,daily,2015-07-12,72.5386,pct
hydro_generation_share,"Hydro generation share",energy_water,ons_open_data,daily,2015-07-13,71.3453,pct
hydro_generation_share,"Hydro generation share",energy_water,ons_open_data,daily,2015-07-14,70.4127,pct
hydro_generation_share,"Hydro generation share",energy_water,ons_open_data,daily,2015-07-15,70.8209,pct
hydro_generation_share,"Hydro generation share",energy_water,ons_open_data,daily,2015-07-16,70.6639,pct
hydro_generation_share,"Hydro generation share",energy_water,ons_open_data,daily,2015-07-17,70.7837,pct
hydro_generation_share,"Hydro generation share",energy_water,ons_open_data,daily,2015-07-18,75.3434,pct
hydro_generation_share,"Hydro generation share",energy_water,ons_open_data,daily,2015-07-19,73.1582,pct
hydro_generation_share,"Hydro generation share",energy_water,ons_open_data,daily,2015-07-20,71.9930,pct
hydro_generation_share,"Hydro generation share",energy_water,ons_open_data,daily,2015-07-21,72.4173,pct
hydro_generation_share,"Hydro generation share",energy_water,ons_open_data,daily,2015-07-22,72.7904,pct
hydro_generation_share,"Hydro generation share",energy_water,ons_open_data,daily,2015-07-23,70.7839,pct
hydro_generation_share,"Hydro generation share",energy_water,ons_open_data,daily,2015-07-24,71.5582,pct
hydro_generation_share,"Hydro generation share",energy_water,ons_open_data,daily,2015-07-25,74.1582,pct
hydro_generation_share,"Hydro generation share",energy_water,ons_open_data,daily,2015-07-26,74.4872,pct
hydro_generation_share,"Hydro generation share",energy_water,ons_open_data,daily,2015-07-27,72.4295,pct
hydro_generation_share,"Hydro generation share",energy_water,ons_open_data,daily,2015-07-28,71.9126,pct
hydro_generation_share,"Hydro generation share",energy_water,ons_open_data,daily,2015-07-29,70.9023,pct
hydro_generation_share,"Hydro generation share",energy_water,ons_open_data,daily,2015-07-30,70.9592,pct
hydro_generation_share,"Hydro generation share",energy_water,ons_open_data,daily,2015-07-31,69.5372,pct
hydro_generation_share,"Hydro generation share",energy_water,ons_open_data,daily,2015-08-01,74.7205,pct
hydro_generation_share,"Hydro generation share",energy_water,ons_open_data,daily,2015-08-02,74.7312,pct
hydro_generation_share,"Hydro generation share",energy_water,ons_open_data,daily,2015-08-03,69.6331,pct
hydro_generation_share,"Hydro generation share",energy_water,ons_open_data,daily,2015-08-04,69.0662,pct
hydro_generation_share,"Hydro generation share",energy_water,ons_open_data,daily,2015-08-05,70.6605,pct
hydro_generation_share,"Hydro generation share",energy_water,ons_open_data,daily,2015-08-06,68.7589,pct
hydro_generation_share,"Hydro generation share",energy_water,ons_open_data,daily,2015-08-07,68.9366,pct
hydro_generation_share,"Hydro generation share",energy_water,ons_open_data,daily,2015-08-08,73.2876,pct
hydro_generation_share,"Hydro generation share",energy_water,ons_open_data,daily,2015-08-09,71.1337,pct
hydro_generation_share,"Hydro generation share",energy_water,ons_open_data,daily,2015-08-10,69.3085,pct
hydro_generation_share,"Hydro generation share",energy_water,ons_open_data,daily,2015-08-11,68.9436,pct
hydro_generation_share,"Hydro generation share",energy_water,ons_open_data,daily,2015-08-12,69.8760,pct
hydro_generation_share,"Hydro generation share",energy_water,ons_open_data,daily,2015-08-13,69.9489,pct
hydro_generation_share,"Hydro generation share",energy_water,ons_open_data,daily,2015-08-14,70.0327,pct
hydro_generation_share,"Hydro generation share",energy_water,ons_open_data,daily,2015-08-15,71.1647,pct
hydro_generation_share,"Hydro generation share",energy_water,ons_open_data,daily,2015-08-16,71.3977,pct
hydro_generation_share,"Hydro generation share",energy_water,ons_open_data,daily,2015-08-17,69.3602,pct
hydro_generation_share,"Hydro generation share",energy_water,ons_open_data,daily,2015-08-18,68.5727,pct
hydro_generation_share,"Hydro generation share",energy_water,ons_open_data,daily,2015-08-19,68.9798,pct
hydro_generation_share,"Hydro generation share",energy_water,ons_open_data,daily,2015-08-20,70.0992,pct
hydro_generation_share,"Hydro generation share",energy_water,ons_open_data,daily,2015-08-21,69.3845,pct
hydro_generation_share,"Hydro generation share",energy_water,ons_open_data,daily,2015-08-22,66.1294,pct
hydro_generation_share,"Hydro generation share",energy_water,ons_open_data,daily,2015-08-23,65.4055,pct
hydro_generation_share,"Hydro generation share",energy_water,ons_open_data,daily,2015-08-24,68.9787,pct
hydro_generation_share,"Hydro generation share",energy_water,ons_open_data,daily,2015-08-25,67.8867,pct
hydro_generation_share,"Hydro generation share",energy_water,ons_open_data,daily,2015-08-26,69.6259,pct
hydro_generation_share,"Hydro generation share",energy_water,ons_open_data,daily,2015-08-27,69.5138,pct
hydro_generation_share,"Hydro generation share",energy_water,ons_open_data,daily,2015-08-28,69.1795,pct
hydro_generation_share,"Hydro generation share",energy_water,ons_open_data,daily,2015-08-29,64.8797,pct
hydro_generation_share,"Hydro generation share",energy_water,ons_open_data,daily,2015-08-30,63.6126,pct
hydro_generation_share,"Hydro generation share",energy_water,ons_open_data,daily,2015-08-31,68.4723,pct
hydro_generation_share,"Hydro generation share",energy_water,ons_open_data,daily,2015-09-01,70.8069,pct
hydro_generation_share,"Hydro generation share",energy_water,ons_open_data,daily,2015-09-02,70.3289,pct
hydro_generation_share,"Hydro generation share",energy_water,ons_open_data,daily,2015-09-03,70.9660,pct
hydro_generation_share,"Hydro generation share",energy_water,ons_open_data,daily,2015-09-04,71.8845,pct
hydro_generation_share,"Hydro generation share",energy_water,ons_open_data,daily,2015-09-05,68.5935,pct
hydro_generation_share,"Hydro generation share",energy_water,ons_open_data,daily,2015-09-06,63.4945,pct
hydro_generation_share,"Hydro generation share",energy_water,ons_open_data,daily,2015-09-07,64.0212,pct
hydro_generation_share,"Hydro generation share",energy_water,ons_open_data,daily,2015-09-08,69.3025,pct
hydro_generation_share,"Hydro generation share",energy_water,ons_open_data,daily,2015-09-09,70.4110,pct
hydro_generation_share,"Hydro generation share",energy_water,ons_open_data,daily,2015-09-10,69.6476,pct
hydro_generation_share,"Hydro generation share",energy_water,ons_open_data,daily,2015-09-11,71.1108,pct
hydro_generation_share,"Hydro generation share",energy_water,ons_open_data,daily,2015-09-12,67.9848,pct
hydro_generation_share,"Hydro generation share",energy_water,ons_open_data,daily,2015-09-13,63.5521,pct
hydro_generation_share,"Hydro generation share",energy_water,ons_open_data,daily,2015-09-14,67.4286,pct
hydro_generation_share,"Hydro generation share",energy_water,ons_open_data,daily,2015-09-15,68.1591,pct
hydro_generation_share,"Hydro generation share",energy_water,ons_open_data,daily,2015-09-16,69.8219,pct
hydro_generation_share,"Hydro generation share",energy_water,ons_open_data,daily,2015-09-17,71.6289,pct
hydro_generation_share,"Hydro generation share",energy_water,ons_open_data,daily,2015-09-18,71.3668,pct
hydro_generation_share,"Hydro generation share",energy_water,ons_open_data,daily,2015-09-19,68.6918,pct
hydro_generation_share,"Hydro generation share",energy_water,ons_open_data,daily,2015-09-20,63.8985,pct
hydro_generation_share,"Hydro generation share",energy_water,ons_open_data,daily,2015-09-21,69.0637,pct
hydro_generation_share,"Hydro generation share",energy_water,ons_open_data,daily,2015-09-22,71.2209,pct
hydro_generation_share,"Hydro generation share",energy_water,ons_open_data,daily,2015-09-23,72.3493,pct
hydro_generation_share,"Hydro generation share",energy_water,ons_open_data,daily,2015-09-24,72.0968,pct
hydro_generation_share,"Hydro generation share",energy_water,ons_open_data,daily,2015-09-25,72.8349,pct
hydro_generation_share,"Hydro generation share",energy_water,ons_open_data,daily,2015-09-26,70.9400,pct
hydro_generation_share,"Hydro generation share",energy_water,ons_open_data,daily,2015-09-27,67.1697,pct
hydro_generation_share,"Hydro generation share",energy_water,ons_open_data,daily,2015-09-28,72.3668,pct
hydro_generation_share,"Hydro generation share",energy_water,ons_open_data,daily,2015-09-29,71.1691,pct
hydro_generation_share,"Hydro generation share",energy_water,ons_open_data,daily,2015-09-30,71.3057,pct
hydro_generation_share,"Hydro generation share",energy_water,ons_open_data,daily,2015-10-01,71.4722,pct
hydro_generation_share,"Hydro generation share",energy_water,ons_open_data,daily,2015-10-02,70.9242,pct
hydro_generation_share,"Hydro generation share",energy_water,ons_open_data,daily,2015-10-03,68.4877,pct
hydro_generation_share,"Hydro generation share",energy_water,ons_open_data,daily,2015-10-04,68.3273,pct
hydro_generation_share,"Hydro generation share",energy_water,ons_open_data,daily,2015-10-05,73.1912,pct
hydro_generation_share,"Hydro generation share",energy_water,ons_open_data,daily,2015-10-06,73.5066,pct
hydro_generation_share,"Hydro generation share",energy_water,ons_open_data,daily,2015-10-07,73.5872,pct
hydro_generation_share,"Hydro generation share",energy_water,ons_open_data,daily,2015-10-08,73.3303,pct
hydro_generation_share,"Hydro generation share",energy_water,ons_open_data,daily,2015-10-09,73.2709,pct
hydro_generation_share,"Hydro generation share",energy_water,ons_open_data,daily,2015-10-10,69.7533,pct
hydro_generation_share,"Hydro generation share",energy_water,ons_open_data,daily,2015-10-11,68.4403,pct
hydro_generation_share,"Hydro generation share",energy_water,ons_open_data,daily,2015-10-12,67.4622,pct
hydro_generation_share,"Hydro generation share",energy_water,ons_open_data,daily,2015-10-13,73.6925,pct
hydro_generation_share,"Hydro generation share",energy_water,ons_open_data,daily,2015-10-14,72.9779,pct
hydro_generation_share,"Hydro generation share",energy_water,ons_open_data,daily,2015-10-15,74.2364,pct
hydro_generation_share,"Hydro generation share",energy_water,ons_open_data,daily,2015-10-16,73.7966,pct
hydro_generation_share,"Hydro generation share",energy_water,ons_open_data,daily,2015-10-17,72.3022,pct
hydro_generation_share,"Hydro generation share",energy_water,ons_open_data,daily,2015-10-18,69.5778,pct
hydro_generation_share,"Hydro generation share",energy_water,ons_open_data,daily,2015-10-19,72.3368,pct
hydro_generation_share,"Hydro generation share",energy_water,ons_open_data,daily,2015-10-20,73.0333,pct
hydro_generation_share,"Hydro generation share",energy_water,ons_open_data,daily,2015-10-21,74.8861,pct
hydro_generation_share,"Hydro generation share",energy_water,ons_open_data,daily,2015-10-22,74.1037,pct
hydro_generation_share,"Hydro generation share",energy_water,ons_open_data,daily,2015-10-23,73.0643,pct
hydro_generation_share,"Hydro generation share",energy_water,ons_open_data,daily,2015-10-24,71.4031,pct
hydro_generation_share,"Hydro generation share",energy_water,ons_open_data,daily,2015-10-25,67.8494,pct
hydro_generation_share,"Hydro generation share",energy_water,ons_open_data,daily,2015-10-26,72.4417,pct
hydro_generation_share,"Hydro generation share",energy_water,ons_open_data,daily,2015-10-27,73.0255,pct
hydro_generation_share,"Hydro generation share",energy_water,ons_open_data,daily,2015-10-28,71.3405,pct
hydro_generation_share,"Hydro generation share",energy_water,ons_open_data,daily,2015-10-29,71.6532,pct
hydro_generation_share,"Hydro generation share",energy_water,ons_open_data,daily,2015-10-30,71.8768,pct
hydro_generation_share,"Hydro generation share",energy_water,ons_open_data,daily,2015-10-31,69.2565,pct
hydro_generation_share,"Hydro generation share",energy_water,ons_open_data,daily,2015-11-01,68.4216,pct
hydro_generation_share,"Hydro generation share",energy_water,ons_open_data,daily,2015-11-02,66.5415,pct
hydro_generation_share,"Hydro generation share",energy_water,ons_open_data,daily,2015-11-03,71.3389,pct
hydro_generation_share,"Hydro generation share",energy_water,ons_open_data,daily,2015-11-04,71.5147,pct
hydro_generation_share,"Hydro generation share",energy_water,ons_open_data,daily,2015-11-05,72.2367,pct
hydro_generation_share,"Hydro generation share",energy_water,ons_open_data,daily,2015-11-06,72.6516,pct
hydro_generation_share,"Hydro generation share",energy_water,ons_open_data,daily,2015-11-07,68.9100,pct
hydro_generation_share,"Hydro generation share",energy_water,ons_open_data,daily,2015-11-08,66.7031,pct
hydro_generation_share,"Hydro generation share",energy_water,ons_open_data,daily,2015-11-09,73.1266,pct
hydro_generation_share,"Hydro generation share",energy_water,ons_open_data,daily,2015-11-10,73.3390,pct
hydro_generation_share,"Hydro generation share",energy_water,ons_open_data,daily,2015-11-11,71.8205,pct
hydro_generation_share,"Hydro generation share",energy_water,ons_open_data,daily,2015-11-12,72.2981,pct
hydro_generation_share,"Hydro generation share",energy_water,ons_open_data,daily,2015-11-13,72.8390,pct
hydro_generation_share,"Hydro generation share",energy_water,ons_open_data,daily,2015-11-14,70.9175,pct
hydro_generation_share,"Hydro generation share",energy_water,ons_open_data,daily,2015-11-15,72.3634,pct
hydro_generation_share,"Hydro generation share",energy_water,ons_open_data,daily,2015-11-16,73.1418,pct
hydro_generation_share,"Hydro generation share",energy_water,ons_open_data,daily,2015-11-17,71.4101,pct
hydro_generation_share,"Hydro generation share",energy_water,ons_open_data,daily,2015-11-18,74.0012,pct
hydro_generation_share,"Hydro generation share",energy_water,ons_open_data,daily,2015-11-19,73.7728,pct
hydro_generation_share,"Hydro generation share",energy_water,ons_open_data,daily,2015-11-20,70.6119,pct
hydro_generation_share,"Hydro generation share",energy_water,ons_open_data,daily,2015-11-21,70.9135,pct
hydro_generation_share,"Hydro generation share",energy_water,ons_open_data,daily,2015-11-22,69.6956,pct
hydro_generation_share,"Hydro generation share",energy_water,ons_open_data,daily,2015-11-23,71.6862,pct
hydro_generation_share,"Hydro generation share",energy_water,ons_open_data,daily,2015-11-24,71.1968,pct
hydro_generation_share,"Hydro generation share",energy_water,ons_open_data,daily,2015-11-25,71.2285,pct
hydro_generation_share,"Hydro generation share",energy_water,ons_open_data,daily,2015-11-26,71.6112,pct
hydro_generation_share,"Hydro generation share",energy_water,ons_open_data,daily,2015-11-27,70.7718,pct
hydro_generation_share,"Hydro generation share",energy_water,ons_open_data,daily,2015-11-28,69.8468,pct
hydro_generation_share,"Hydro generation share",energy_water,ons_open_data,daily,2015-11-29,68.1981,pct
hydro_generation_share,"Hydro generation share",energy_water,ons_open_data,daily,2015-11-30,70.1732,pct
hydro_generation_share,"Hydro generation share",energy_water,ons_open_data,daily,2015-12-01,69.3596,pct
hydro_generation_share,"Hydro generation share",energy_water,ons_open_data,daily,2015-12-02,71.2922,pct
hydro_generation_share,"Hydro generation share",energy_water,ons_open_data,daily,2015-12-03,71.3144,pct
hydro_generation_share,"Hydro generation share",energy_water,ons_open_data,daily,2015-12-04,71.7329,pct
hydro_generation_share,"Hydro generation share",energy_water,ons_open_data,daily,2015-12-05,71.2621,pct
hydro_generation_share,"Hydro generation share",energy_water,ons_open_data,daily,2015-12-06,69.3578,pct
hydro_generation_share,"Hydro generation share",energy_water,ons_open_data,daily,2015-12-07,72.6038,pct
hydro_generation_share,"Hydro generation share",energy_water,ons_open_data,daily,2015-12-08,72.4181,pct
hydro_generation_share,"Hydro generation share",energy_water,ons_open_data,daily,2015-12-09,72.7302,pct
hydro_generation_share,"Hydro generation share",energy_water,ons_open_data,daily,2015-12-10,72.2060,pct
hydro_generation_share,"Hydro generation share",energy_water,ons_open_data,daily,2015-12-11,73.3844,pct
hydro_generation_share,"Hydro generation share",energy_water,ons_open_data,daily,2015-12-12,71.5191,pct
hydro_generation_share,"Hydro generation share",energy_water,ons_open_data,daily,2015-12-13,71.6418,pct
hydro_generation_share,"Hydro generation share",energy_water,ons_open_data,daily,2015-12-14,73.3726,pct
hydro_generation_share,"Hydro generation share",energy_water,ons_open_data,daily,2015-12-15,73.0651,pct
hydro_generation_share,"Hydro generation share",energy_water,ons_open_data,daily,2015-12-16,73.4809,pct
hydro_generation_share,"Hydro generation share",energy_water,ons_open_data,daily,2015-12-17,73.1051,pct
hydro_generation_share,"Hydro generation share",energy_water,ons_open_data,daily,2015-12-18,73.7076,pct
hydro_generation_share,"Hydro generation share",energy_water,ons_open_data,daily,2015-12-19,71.5702,pct
hydro_generation_share,"Hydro generation share",energy_water,ons_open_data,daily,2015-12-20,71.0365,pct
hydro_generation_share,"Hydro generation share",energy_water,ons_open_data,daily,2015-12-21,71.0400,pct
hydro_generation_share,"Hydro generation share",energy_water,ons_open_data,daily,2015-12-22,71.2309,pct
hydro_generation_share,"Hydro generation share",energy_water,ons_open_data,daily,2015-12-23,71.4334,pct
hydro_generation_share,"Hydro generation share",energy_water,ons_open_data,daily,2015-12-24,72.8857,pct
hydro_generation_share,"Hydro generation share",energy_water,ons_open_data,daily,2015-12-25,73.3220,pct
hydro_generation_share,"Hydro generation share",energy_water,ons_open_data,daily,2015-12-26,73.1696,pct
hydro_generation_share,"Hydro generation share",energy_water,ons_open_data,daily,2015-12-27,73.6149,pct
hydro_generation_share,"Hydro generation share",energy_water,ons_open_data,daily,2015-12-28,74.1725,pct
hydro_generation_share,"Hydro generation share",energy_water,ons_open_data,daily,2015-12-29,73.1931,pct
hydro_generation_share,"Hydro generation share",energy_water,ons_open_data,daily,2015-12-30,74.0065,pct
hydro_generation_share,"Hydro generation share",energy_water,ons_open_data,daily,2015-12-31,74.3171,pct
hydro_generation_share,"Hydro generation share",energy_water,ons_open_data,daily,2016-01-01,74.5658,pct
hydro_generation_share,"Hydro generation share",energy_water,ons_open_data,daily,2016-01-02,73.9918,pct
hydro_generation_share,"Hydro generation share",energy_water,ons_open_data,daily,2016-01-03,74.5623,pct
hydro_generation_share,"Hydro generation share",energy_water,ons_open_data,daily,2016-01-04,74.7861,pct
hydro_generation_share,"Hydro generation share",energy_water,ons_open_data,daily,2016-01-05,74.2887,pct
hydro_generation_share,"Hydro generation share",energy_water,ons_open_data,daily,2016-01-06,75.4488,pct
hydro_generation_share,"Hydro generation share",energy_water,ons_open_data,daily,2016-01-07,75.8349,pct
hydro_generation_share,"Hydro generation share",energy_water,ons_open_data,daily,2016-01-08,76.9790,pct
hydro_generation_share,"Hydro generation share",energy_water,ons_open_data,daily,2016-01-09,74.6001,pct
hydro_generation_share,"Hydro generation share",energy_water,ons_open_data,daily,2016-01-10,73.6696,pct
hydro_generation_share,"Hydro generation share",energy_water,ons_open_data,daily,2016-01-11,75.4107,pct
hydro_generation_share,"Hydro generation share",energy_water,ons_open_data,daily,2016-01-12,75.6624,pct
hydro_generation_share,"Hydro generation share",energy_water,ons_open_data,daily,2016-01-13,75.5053,pct
hydro_generation_share,"Hydro generation share",energy_water,ons_open_data,daily,2016-01-14,75.6499,pct
hydro_generation_share,"Hydro generation share",energy_water,ons_open_data,daily,2016-01-15,75.1682,pct
hydro_generation_share,"Hydro generation share",energy_water,ons_open_data,daily,2016-01-16,77.3444,pct
hydro_generation_share,"Hydro generation share",energy_water,ons_open_data,daily,2016-01-17,76.2661,pct
hydro_generation_share,"Hydro generation share",energy_water,ons_open_data,daily,2016-01-18,76.7178,pct
hydro_generation_share,"Hydro generation share",energy_water,ons_open_data,daily,2016-01-19,76.9840,pct
hydro_generation_share,"Hydro generation share",energy_water,ons_open_data,daily,2016-01-20,76.5895,pct
hydro_generation_share,"Hydro generation share",energy_water,ons_open_data,daily,2016-01-21,76.0730,pct
hydro_generation_share,"Hydro generation share",energy_water,ons_open_data,daily,2016-01-22,76.5072,pct
hydro_generation_share,"Hydro generation share",energy_water,ons_open_data,daily,2016-01-23,77.4356,pct
hydro_generation_share,"Hydro generation share",energy_water,ons_open_data,daily,2016-01-24,77.1616,pct
hydro_generation_share,"Hydro generation share",energy_water,ons_open_data,daily,2016-01-25,77.5041,pct
hydro_generation_share,"Hydro generation share",energy_water,ons_open_data,daily,2016-01-26,75.9199,pct
hydro_generation_share,"Hydro generation share",energy_water,ons_open_data,daily,2016-01-27,76.3783,pct
hydro_generation_share,"Hydro generation share",energy_water,ons_open_data,daily,2016-01-28,75.2154,pct
hydro_generation_share,"Hydro generation share",energy_water,ons_open_data,daily,2016-01-29,77.3731,pct
hydro_generation_share,"Hydro generation share",energy_water,ons_open_data,daily,2016-01-30,80.4218,pct
hydro_generation_share,"Hydro generation share",energy_water,ons_open_data,daily,2016-01-31,79.3802,pct
hydro_generation_share,"Hydro generation share",energy_water,ons_open_data,daily,2016-02-01,78.2907,pct
hydro_generation_share,"Hydro generation share",energy_water,ons_open_data,daily,2016-02-02,77.7799,pct
hydro_generation_share,"Hydro generation share",energy_water,ons_open_data,daily,2016-02-03,77.2350,pct
hydro_generation_share,"Hydro generation share",energy_water,ons_open_data,daily,2016-02-04,77.4678,pct
hydro_generation_share,"Hydro generation share",energy_water,ons_open_data,daily,2016-02-05,77.6052,pct
hydro_generation_share,"Hydro generation share",energy_water,ons_open_data,daily,2016-02-06,80.1783,pct
hydro_generation_share,"Hydro generation share",energy_water,ons_open_data,daily,2016-02-07,76.5059,pct
hydro_generation_share,"Hydro generation share",energy_water,ons_open_data,daily,2016-02-08,79.6511,pct
hydro_generation_share,"Hydro generation share",energy_water,ons_open_data,daily,2016-02-09,79.7177,pct
hydro_generation_share,"Hydro generation share",energy_water,ons_open_data,daily,2016-02-10,79.9760,pct
hydro_generation_share,"Hydro generation share",energy_water,ons_open_data,daily,2016-02-11,78.1416,pct
hydro_generation_share,"Hydro generation share",energy_water,ons_open_data,daily,2016-02-12,77.2299,pct
hydro_generation_share,"Hydro generation share",energy_water,ons_open_data,daily,2016-02-13,79.8883,pct
hydro_generation_share,"Hydro generation share",energy_water,ons_open_data,daily,2016-02-14,79.0027,pct
hydro_generation_share,"Hydro generation share",energy_water,ons_open_data,daily,2016-02-15,78.3696,pct
hydro_generation_share,"Hydro generation share",energy_water,ons_open_data,daily,2016-02-16,73.6908,pct
hydro_generation_share,"Hydro generation share",energy_water,ons_open_data,daily,2016-02-17,75.9409,pct
hydro_generation_share,"Hydro generation share",energy_water,ons_open_data,daily,2016-02-18,78.3426,pct
hydro_generation_share,"Hydro generation share",energy_water,ons_open_data,daily,2016-02-19,77.1449,pct
hydro_generation_share,"Hydro generation share",energy_water,ons_open_data,daily,2016-02-20,79.1255,pct
hydro_generation_share,"Hydro generation share",energy_water,ons_open_data,daily,2016-02-21,77.5779,pct
hydro_generation_share,"Hydro generation share",energy_water,ons_open_data,daily,2016-02-22,77.6776,pct
hydro_generation_share,"Hydro generation share",energy_water,ons_open_data,daily,2016-02-23,78.1628,pct
hydro_generation_share,"Hydro generation share",energy_water,ons_open_data,daily,2016-02-24,78.1540,pct
hydro_generation_share,"Hydro generation share",energy_water,ons_open_data,daily,2016-02-25,78.3487,pct
hydro_generation_share,"Hydro generation share",energy_water,ons_open_data,daily,2016-02-26,78.2700,pct
hydro_generation_share,"Hydro generation share",energy_water,ons_open_data,daily,2016-02-27,81.2744,pct
hydro_generation_share,"Hydro generation share",energy_water,ons_open_data,daily,2016-02-28,81.0908,pct
hydro_generation_share,"Hydro generation share",energy_water,ons_open_data,daily,2016-02-29,78.7449,pct
hydro_generation_share,"Hydro generation share",energy_water,ons_open_data,daily,2016-03-01,77.1480,pct
hydro_generation_share,"Hydro generation share",energy_water,ons_open_data,daily,2016-03-02,78.2132,pct
hydro_generation_share,"Hydro generation share",energy_water,ons_open_data,daily,2016-03-03,79.2997,pct
hydro_generation_share,"Hydro generation share",energy_water,ons_open_data,daily,2016-03-04,80.6449,pct
hydro_generation_share,"Hydro generation share",energy_water,ons_open_data,daily,2016-03-05,81.1627,pct
hydro_generation_share,"Hydro generation share",energy_water,ons_open_data,daily,2016-03-06,78.7924,pct
hydro_generation_share,"Hydro generation share",energy_water,ons_open_data,daily,2016-03-07,80.3679,pct
hydro_generation_share,"Hydro generation share",energy_water,ons_open_data,daily,2016-03-08,79.4397,pct
hydro_generation_share,"Hydro generation share",energy_water,ons_open_data,daily,2016-03-09,79.2139,pct
hydro_generation_share,"Hydro generation share",energy_water,ons_open_data,daily,2016-03-10,79.2857,pct
hydro_generation_share,"Hydro generation share",energy_water,ons_open_data,daily,2016-03-11,80.0094,pct
hydro_generation_share,"Hydro generation share",energy_water,ons_open_data,daily,2016-03-12,80.8669,pct
hydro_generation_share,"Hydro generation share",energy_water,ons_open_data,daily,2016-03-13,79.3622,pct
hydro_generation_share,"Hydro generation share",energy_water,ons_open_data,daily,2016-03-14,79.9082,pct
hydro_generation_share,"Hydro generation share",energy_water,ons_open_data,daily,2016-03-15,80.3931,pct
hydro_generation_share,"Hydro generation share",energy_water,ons_open_data,daily,2016-03-16,80.3243,pct
hydro_generation_share,"Hydro generation share",energy_water,ons_open_data,daily,2016-03-17,81.3088,pct
hydro_generation_share,"Hydro generation share",energy_water,ons_open_data,daily,2016-03-18,81.4083,pct
hydro_generation_share,"Hydro generation share",energy_water,ons_open_data,daily,2016-03-19,81.0714,pct
hydro_generation_share,"Hydro generation share",energy_water,ons_open_data,daily,2016-03-20,79.2225,pct
hydro_generation_share,"Hydro generation share",energy_water,ons_open_data,daily,2016-03-21,80.8807,pct
hydro_generation_share,"Hydro generation share",energy_water,ons_open_data,daily,2016-03-22,80.0814,pct
hydro_generation_share,"Hydro generation share",energy_water,ons_open_data,daily,2016-03-23,80.5634,pct
hydro_generation_share,"Hydro generation share",energy_water,ons_open_data,daily,2016-03-24,79.8545,pct
hydro_generation_share,"Hydro generation share",energy_water,ons_open_data,daily,2016-03-25,78.6718,pct
hydro_generation_share,"Hydro generation share",energy_water,ons_open_data,daily,2016-03-26,79.5334,pct
hydro_generation_share,"Hydro generation share",energy_water,ons_open_data,daily,2016-03-27,78.3020,pct
hydro_generation_share,"Hydro generation share",energy_water,ons_open_data,daily,2016-03-28,79.4195,pct
hydro_generation_share,"Hydro generation share",energy_water,ons_open_data,daily,2016-03-29,81.1587,pct
hydro_generation_share,"Hydro generation share",energy_water,ons_open_data,daily,2016-03-30,81.6459,pct
hydro_generation_share,"Hydro generation share",energy_water,ons_open_data,daily,2016-03-31,78.7545,pct
hydro_generation_share,"Hydro generation share",energy_water,ons_open_data,daily,2016-04-01,79.1643,pct
hydro_generation_share,"Hydro generation share",energy_water,ons_open_data,daily,2016-04-02,80.4323,pct
hydro_generation_share,"Hydro generation share",energy_water,ons_open_data,daily,2016-04-03,80.4114,pct
hydro_generation_share,"Hydro generation share",energy_water,ons_open_data,daily,2016-04-04,80.1027,pct
hydro_generation_share,"Hydro generation share",energy_water,ons_open_data,daily,2016-04-14,78.5504,pct
hydro_generation_share,"Hydro generation share",energy_water,ons_open_data,daily,2016-04-15,77.3241,pct
hydro_generation_share,"Hydro generation share",energy_water,ons_open_data,daily,2016-04-16,75.4584,pct
hydro_generation_share,"Hydro generation share",energy_water,ons_open_data,daily,2016-04-17,73.6359,pct
hydro_generation_share,"Hydro generation share",energy_water,ons_open_data,daily,2016-04-18,76.9839,pct
hydro_generation_share,"Hydro generation share",energy_water,ons_open_data,daily,2016-04-19,76.8184,pct
hydro_generation_share,"Hydro generation share",energy_water,ons_open_data,daily,2016-04-20,77.4792,pct
hydro_generation_share,"Hydro generation share",energy_water,ons_open_data,daily,2016-04-21,73.7059,pct
hydro_generation_share,"Hydro generation share",energy_water,ons_open_data,daily,2016-04-22,75.4693,pct
hydro_generation_share,"Hydro generation share",energy_water,ons_open_data,daily,2016-04-23,72.2263,pct
hydro_generation_share,"Hydro generation share",energy_water,ons_open_data,daily,2016-04-24,72.0452,pct
hydro_generation_share,"Hydro generation share",energy_water,ons_open_data,daily,2016-04-25,75.9067,pct
hydro_generation_share,"Hydro generation share",energy_water,ons_open_data,daily,2016-04-26,77.2420,pct
hydro_generation_share,"Hydro generation share",energy_water,ons_open_data,daily,2016-04-27,77.0352,pct
hydro_generation_share,"Hydro generation share",energy_water,ons_open_data,daily,2016-04-28,75.5715,pct
hydro_generation_share,"Hydro generation share",energy_water,ons_open_data,daily,2016-04-29,74.7781,pct
hydro_generation_share,"Hydro generation share",energy_water,ons_open_data,daily,2016-04-30,73.1689,pct
hydro_generation_share,"Hydro generation share",energy_water,ons_open_data,daily,2016-05-01,73.0568,pct
hydro_generation_share,"Hydro generation share",energy_water,ons_open_data,daily,2016-05-02,77.0365,pct
hydro_generation_share,"Hydro generation share",energy_water,ons_open_data,daily,2016-05-03,77.6032,pct
hydro_generation_share,"Hydro generation share",energy_water,ons_open_data,daily,2016-05-04,78.7908,pct
hydro_generation_share,"Hydro generation share",energy_water,ons_open_data,daily,2016-05-05,79.2072,pct
hydro_generation_share,"Hydro generation share",energy_water,ons_open_data,daily,2016-05-06,77.3488,pct
hydro_generation_share,"Hydro generation share",energy_water,ons_open_data,daily,2016-05-07,76.9662,pct
hydro_generation_share,"Hydro generation share",energy_water,ons_open_data,daily,2016-05-08,73.5089,pct
hydro_generation_share,"Hydro generation share",energy_water,ons_open_data,daily,2016-05-09,78.9023,pct
hydro_generation_share,"Hydro generation share",energy_water,ons_open_data,daily,2016-05-10,80.2653,pct
hydro_generation_share,"Hydro generation share",energy_water,ons_open_data,daily,2016-05-11,80.5499,pct
hydro_generation_share,"Hydro generation share",energy_water,ons_open_data,daily,2016-05-12,80.4992,pct
hydro_generation_share,"Hydro generation share",energy_water,ons_open_data,daily,2016-05-13,79.9540,pct
hydro_generation_share,"Hydro generation share",energy_water,ons_open_data,daily,2016-05-14,75.2517,pct
hydro_generation_share,"Hydro generation share",energy_water,ons_open_data,daily,2016-05-15,72.7018,pct
hydro_generation_share,"Hydro generation share",energy_water,ons_open_data,daily,2016-05-16,77.2121,pct
hydro_generation_share,"Hydro generation share",energy_water,ons_open_data,daily,2016-05-17,79.3032,pct
hydro_generation_share,"Hydro generation share",energy_water,ons_open_data,daily,2016-05-18,78.7737,pct
hydro_generation_share,"Hydro generation share",energy_water,ons_open_data,daily,2016-05-19,78.7507,pct
hydro_generation_share,"Hydro generation share",energy_water,ons_open_data,daily,2016-05-20,78.5069,pct
hydro_generation_share,"Hydro generation share",energy_water,ons_open_data,daily,2016-05-21,76.4755,pct
hydro_generation_share,"Hydro generation share",energy_water,ons_open_data,daily,2016-05-22,74.8903,pct
hydro_generation_share,"Hydro generation share",energy_water,ons_open_data,daily,2016-05-23,79.1878,pct
hydro_generation_share,"Hydro generation share",energy_water,ons_open_data,daily,2016-05-24,79.4560,pct
hydro_generation_share,"Hydro generation share",energy_water,ons_open_data,daily,2016-05-25,76.9882,pct
hydro_generation_share,"Hydro generation share",energy_water,ons_open_data,daily,2016-05-26,77.4001,pct
hydro_generation_share,"Hydro generation share",energy_water,ons_open_data,daily,2016-05-27,78.6959,pct
hydro_generation_share,"Hydro generation share",energy_water,ons_open_data,daily,2016-05-28,76.8201,pct
hydro_generation_share,"Hydro generation share",energy_water,ons_open_data,daily,2016-05-29,75.3981,pct
hydro_generation_share,"Hydro generation share",energy_water,ons_open_data,daily,2016-05-30,79.8899,pct
hydro_generation_share,"Hydro generation share",energy_water,ons_open_data,daily,2016-05-31,78.1596,pct
hydro_generation_share,"Hydro generation share",energy_water,ons_open_data,daily,2016-06-01,78.4637,pct
hydro_generation_share,"Hydro generation share",energy_water,ons_open_data,daily,2016-06-02,78.9148,pct
hydro_generation_share,"Hydro generation share",energy_water,ons_open_data,daily,2016-06-03,78.6345,pct
hydro_generation_share,"Hydro generation share",energy_water,ons_open_data,daily,2016-06-04,76.8680,pct
hydro_generation_share,"Hydro generation share",energy_water,ons_open_data,daily,2016-06-05,75.1260,pct
hydro_generation_share,"Hydro generation share",energy_water,ons_open_data,daily,2016-06-06,77.1176,pct
hydro_generation_share,"Hydro generation share",energy_water,ons_open_data,daily,2016-06-07,75.2677,pct
hydro_generation_share,"Hydro generation share",energy_water,ons_open_data,daily,2016-06-08,73.8725,pct
hydro_generation_share,"Hydro generation share",energy_water,ons_open_data,daily,2016-06-09,74.9036,pct
hydro_generation_share,"Hydro generation share",energy_water,ons_open_data,daily,2016-06-10,73.0470,pct
hydro_generation_share,"Hydro generation share",energy_water,ons_open_data,daily,2016-06-11,74.0950,pct
hydro_generation_share,"Hydro generation share",energy_water,ons_open_data,daily,2016-06-12,72.3715,pct
hydro_generation_share,"Hydro generation share",energy_water,ons_open_data,daily,2016-06-13,75.4383,pct
hydro_generation_share,"Hydro generation share",energy_water,ons_open_data,daily,2016-06-14,77.1216,pct
hydro_generation_share,"Hydro generation share",energy_water,ons_open_data,daily,2016-06-15,76.9579,pct
hydro_generation_share,"Hydro generation share",energy_water,ons_open_data,daily,2016-06-16,76.9617,pct
hydro_generation_share,"Hydro generation share",energy_water,ons_open_data,daily,2016-06-17,76.7113,pct
hydro_generation_share,"Hydro generation share",energy_water,ons_open_data,daily,2016-06-18,75.7859,pct
hydro_generation_share,"Hydro generation share",energy_water,ons_open_data,daily,2016-06-19,72.9914,pct
hydro_generation_share,"Hydro generation share",energy_water,ons_open_data,daily,2016-06-20,76.6108,pct
hydro_generation_share,"Hydro generation share",energy_water,ons_open_data,daily,2016-06-21,77.2071,pct
hydro_generation_share,"Hydro generation share",energy_water,ons_open_data,daily,2016-06-22,77.2537,pct
hydro_generation_share,"Hydro generation share",energy_water,ons_open_data,daily,2016-06-23,78.6374,pct
hydro_generation_share,"Hydro generation share",energy_water,ons_open_data,daily,2016-06-24,76.2675,pct
hydro_generation_share,"Hydro generation share",energy_water,ons_open_data,daily,2016-06-25,73.7657,pct
hydro_generation_share,"Hydro generation share",energy_water,ons_open_data,daily,2016-06-26,71.5057,pct
hydro_generation_share,"Hydro generation share",energy_water,ons_open_data,daily,2016-06-27,75.0943,pct
hydro_generation_share,"Hydro generation share",energy_water,ons_open_data,daily,2016-06-28,75.9713,pct
hydro_generation_share,"Hydro generation share",energy_water,ons_open_data,daily,2016-06-29,75.8757,pct
hydro_generation_share,"Hydro generation share",energy_water,ons_open_data,daily,2016-06-30,75.4005,pct
hydro_generation_share,"Hydro generation share",energy_water,ons_open_data,daily,2016-07-01,76.1842,pct
hydro_generation_share,"Hydro generation share",energy_water,ons_open_data,daily,2016-07-02,74.6685,pct
hydro_generation_share,"Hydro generation share",energy_water,ons_open_data,daily,2016-07-03,72.2501,pct
hydro_generation_share,"Hydro generation share",energy_water,ons_open_data,daily,2016-07-04,76.8232,pct
hydro_generation_share,"Hydro generation share",energy_water,ons_open_data,daily,2016-07-05,77.7938,pct
hydro_generation_share,"Hydro generation share",energy_water,ons_open_data,daily,2016-07-06,77.9098,pct
hydro_generation_share,"Hydro generation share",energy_water,ons_open_data,daily,2016-07-07,77.4799,pct
hydro_generation_share,"Hydro generation share",energy_water,ons_open_data,daily,2016-07-08,77.7893,pct
hydro_generation_share,"Hydro generation share",energy_water,ons_open_data,daily,2016-07-09,74.8065,pct
hydro_generation_share,"Hydro generation share",energy_water,ons_open_data,daily,2016-07-10,72.9899,pct
hydro_generation_share,"Hydro generation share",energy_water,ons_open_data,daily,2016-07-11,77.0895,pct
hydro_generation_share,"Hydro generation share",energy_water,ons_open_data,daily,2016-07-12,77.0568,pct
hydro_generation_share,"Hydro generation share",energy_water,ons_open_data,daily,2016-07-13,77.1613,pct
hydro_generation_share,"Hydro generation share",energy_water,ons_open_data,daily,2016-07-14,75.7375,pct
hydro_generation_share,"Hydro generation share",energy_water,ons_open_data,daily,2016-07-15,76.3311,pct
hydro_generation_share,"Hydro generation share",energy_water,ons_open_data,daily,2016-07-16,74.5493,pct
hydro_generation_share,"Hydro generation share",energy_water,ons_open_data,daily,2016-07-17,73.5815,pct
hydro_generation_share,"Hydro generation share",energy_water,ons_open_data,daily,2016-07-18,77.5697,pct
hydro_generation_share,"Hydro generation share",energy_water,ons_open_data,daily,2016-07-19,76.7335,pct
hydro_generation_share,"Hydro generation share",energy_water,ons_open_data,daily,2016-07-20,76.4733,pct
hydro_generation_share,"Hydro generation share",energy_water,ons_open_data,daily,2016-07-21,77.6781,pct
hydro_generation_share,"Hydro generation share",energy_water,ons_open_data,daily,2016-07-22,76.6977,pct
hydro_generation_share,"Hydro generation share",energy_water,ons_open_data,daily,2016-07-23,75.1412,pct
hydro_generation_share,"Hydro generation share",energy_water,ons_open_data,daily,2016-07-24,72.7017,pct
hydro_generation_share,"Hydro generation share",energy_water,ons_open_data,daily,2016-07-25,74.2622,pct
hydro_generation_share,"Hydro generation share",energy_water,ons_open_data,daily,2016-07-26,75.0493,pct
hydro_generation_share,"Hydro generation share",energy_water,ons_open_data,daily,2016-07-27,75.9821,pct
hydro_generation_share,"Hydro generation share",energy_water,ons_open_data,daily,2016-07-28,75.9042,pct
hydro_generation_share,"Hydro generation share",energy_water,ons_open_data,daily,2016-07-29,75.0028,pct
hydro_generation_share,"Hydro generation share",energy_water,ons_open_data,daily,2016-07-30,74.0558,pct
hydro_generation_share,"Hydro generation share",energy_water,ons_open_data,daily,2016-07-31,70.7242,pct
hydro_generation_share,"Hydro generation share",energy_water,ons_open_data,daily,2016-08-01,72.8137,pct
hydro_generation_share,"Hydro generation share",energy_water,ons_open_data,daily,2016-08-02,74.6592,pct
hydro_generation_share,"Hydro generation share",energy_water,ons_open_data,daily,2016-08-03,73.1480,pct
hydro_generation_share,"Hydro generation share",energy_water,ons_open_data,daily,2016-08-04,72.4255,pct
hydro_generation_share,"Hydro generation share",energy_water,ons_open_data,daily,2016-08-05,71.6344,pct
hydro_generation_share,"Hydro generation share",energy_water,ons_open_data,daily,2016-08-06,71.3348,pct
hydro_generation_share,"Hydro generation share",energy_water,ons_open_data,daily,2016-08-07,69.9910,pct
hydro_generation_share,"Hydro generation share",energy_water,ons_open_data,daily,2016-08-08,74.0963,pct
hydro_generation_share,"Hydro generation share",energy_water,ons_open_data,daily,2016-08-09,73.9612,pct
hydro_generation_share,"Hydro generation share",energy_water,ons_open_data,daily,2016-08-10,74.6374,pct
hydro_generation_share,"Hydro generation share",energy_water,ons_open_data,daily,2016-08-11,73.9630,pct
hydro_generation_share,"Hydro generation share",energy_water,ons_open_data,daily,2016-08-12,72.3749,pct
hydro_generation_share,"Hydro generation share",energy_water,ons_open_data,daily,2016-08-13,70.5672,pct
hydro_generation_share,"Hydro generation share",energy_water,ons_open_data,daily,2016-08-14,70.7336,pct
hydro_generation_share,"Hydro generation share",energy_water,ons_open_data,daily,2016-08-15,73.6935,pct
hydro_generation_share,"Hydro generation share",energy_water,ons_open_data,daily,2016-08-16,75.1109,pct
hydro_generation_share,"Hydro generation share",energy_water,ons_open_data,daily,2016-08-17,74.0513,pct
hydro_generation_share,"Hydro generation share",energy_water,ons_open_data,daily,2016-08-18,74.5326,pct
hydro_generation_share,"Hydro generation share",energy_water,ons_open_data,daily,2016-08-19,73.2838,pct
hydro_generation_share,"Hydro generation share",energy_water,ons_open_data,daily,2016-08-20,72.9347,pct
hydro_generation_share,"Hydro generation share",energy_water,ons_open_data,daily,2016-08-21,72.8356,pct
hydro_generation_share,"Hydro generation share",energy_water,ons_open_data,daily,2016-08-22,74.3562,pct
hydro_generation_share,"Hydro generation share",energy_water,ons_open_data,daily,2016-08-23,75.4122,pct
hydro_generation_share,"Hydro generation share",energy_water,ons_open_data,daily,2016-08-24,73.6955,pct
hydro_generation_share,"Hydro generation share",energy_water,ons_open_data,daily,2016-08-25,75.3289,pct
hydro_generation_share,"Hydro generation share",energy_water,ons_open_data,daily,2016-08-26,75.0479,pct
hydro_generation_share,"Hydro generation share",energy_water,ons_open_data,daily,2016-08-27,71.5553,pct
hydro_generation_share,"Hydro generation share",energy_water,ons_open_data,daily,2016-08-28,68.4072,pct
hydro_generation_share,"Hydro generation share",energy_water,ons_open_data,daily,2016-08-29,73.8507,pct
hydro_generation_share,"Hydro generation share",energy_water,ons_open_data,daily,2016-08-30,73.8877,pct
hydro_generation_share,"Hydro generation share",energy_water,ons_open_data,daily,2016-08-31,74.2234,pct
hydro_generation_share,"Hydro generation share",energy_water,ons_open_data,daily,2016-09-01,73.4174,pct
hydro_generation_share,"Hydro generation share",energy_water,ons_open_data,daily,2016-09-02,73.0850,pct
hydro_generation_share,"Hydro generation share",energy_water,ons_open_data,daily,2016-09-03,71.3521,pct
hydro_generation_share,"Hydro generation share",energy_water,ons_open_data,daily,2016-09-04,67.7312,pct
hydro_generation_share,"Hydro generation share",energy_water,ons_open_data,daily,2016-09-05,69.9066,pct
hydro_generation_share,"Hydro generation share",energy_water,ons_open_data,daily,2016-09-06,70.3862,pct
hydro_generation_share,"Hydro generation share",energy_water,ons_open_data,daily,2016-09-07,67.8136,pct
hydro_generation_share,"Hydro generation share",energy_water,ons_open_data,daily,2016-09-08,70.0985,pct
hydro_generation_share,"Hydro generation share",energy_water,ons_open_data,daily,2016-09-09,70.5888,pct
hydro_generation_share,"Hydro generation share",energy_water,ons_open_data,daily,2016-09-10,71.3996,pct
hydro_generation_share,"Hydro generation share",energy_water,ons_open_data,daily,2016-09-11,68.7977,pct
hydro_generation_share,"Hydro generation share",energy_water,ons_open_data,daily,2016-09-12,70.9896,pct
hydro_generation_share,"Hydro generation share",energy_water,ons_open_data,daily,2016-09-13,70.7097,pct
hydro_generation_share,"Hydro generation share",energy_water,ons_open_data,daily,2016-09-14,70.8489,pct
hydro_generation_share,"Hydro generation share",energy_water,ons_open_data,daily,2016-09-15,71.9551,pct
hydro_generation_share,"Hydro generation share",energy_water,ons_open_data,daily,2016-09-16,72.1286,pct
hydro_generation_share,"Hydro generation share",energy_water,ons_open_data,daily,2016-09-17,70.7417,pct
hydro_generation_share,"Hydro generation share",energy_water,ons_open_data,daily,2016-09-18,68.5823,pct
hydro_generation_share,"Hydro generation share",energy_water,ons_open_data,daily,2016-09-19,70.5750,pct
hydro_generation_share,"Hydro generation share",energy_water,ons_open_data,daily,2016-09-20,73.8955,pct
hydro_generation_share,"Hydro generation share",energy_water,ons_open_data,daily,2016-09-21,73.3467,pct
hydro_generation_share,"Hydro generation share",energy_water,ons_open_data,daily,2016-09-22,72.0496,pct
hydro_generation_share,"Hydro generation share",energy_water,ons_open_data,daily,2016-09-23,72.3756,pct
hydro_generation_share,"Hydro generation share",energy_water,ons_open_data,daily,2016-09-24,71.8577,pct
hydro_generation_share,"Hydro generation share",energy_water,ons_open_data,daily,2016-09-25,67.6738,pct
hydro_generation_share,"Hydro generation share",energy_water,ons_open_data,daily,2016-09-26,74.8598,pct
hydro_generation_share,"Hydro generation share",energy_water,ons_open_data,daily,2016-09-27,74.6255,pct
hydro_generation_share,"Hydro generation share",energy_water,ons_open_data,daily,2016-09-28,71.9522,pct
hydro_generation_share,"Hydro generation share",energy_water,ons_open_data,daily,2016-09-29,71.7275,pct
hydro_generation_share,"Hydro generation share",energy_water,ons_open_data,daily,2016-09-30,73.3218,pct
hydro_generation_share,"Hydro generation share",energy_water,ons_open_data,daily,2016-10-01,70.9713,pct
hydro_generation_share,"Hydro generation share",energy_water,ons_open_data,daily,2016-10-02,63.5351,pct
hydro_generation_share,"Hydro generation share",energy_water,ons_open_data,daily,2016-10-03,70.4244,pct
hydro_generation_share,"Hydro generation share",energy_water,ons_open_data,daily,2016-10-04,72.9537,pct
hydro_generation_share,"Hydro generation share",energy_water,ons_open_data,daily,2016-10-05,72.8797,pct
hydro_generation_share,"Hydro generation share",energy_water,ons_open_data,daily,2016-10-06,74.1796,pct
hydro_generation_share,"Hydro generation share",energy_water,ons_open_data,daily,2016-10-07,74.3509,pct
hydro_generation_share,"Hydro generation share",energy_water,ons_open_data,daily,2016-10-08,70.4673,pct
hydro_generation_share,"Hydro generation share",energy_water,ons_open_data,daily,2016-10-09,68.8749,pct
hydro_generation_share,"Hydro generation share",energy_water,ons_open_data,daily,2016-10-10,70.0974,pct
hydro_generation_share,"Hydro generation share",energy_water,ons_open_data,daily,2016-10-11,69.9273,pct
hydro_generation_share,"Hydro generation share",energy_water,ons_open_data,daily,2016-10-12,68.5339,pct
hydro_generation_share,"Hydro generation share",energy_water,ons_open_data,daily,2016-10-13,72.0962,pct
hydro_generation_share,"Hydro generation share",energy_water,ons_open_data,daily,2016-10-14,73.2592,pct
hydro_generation_share,"Hydro generation share",energy_water,ons_open_data,daily,2016-10-15,71.0211,pct
hydro_generation_share,"Hydro generation share",energy_water,ons_open_data,daily,2016-10-16,69.8769,pct
hydro_generation_share,"Hydro generation share",energy_water,ons_open_data,daily,2016-10-17,73.1931,pct
hydro_generation_share,"Hydro generation share",energy_water,ons_open_data,daily,2016-10-18,73.0662,pct
hydro_generation_share,"Hydro generation share",energy_water,ons_open_data,daily,2016-10-19,72.3664,pct
hydro_generation_share,"Hydro generation share",energy_water,ons_open_data,daily,2016-10-20,73.5946,pct
hydro_generation_share,"Hydro generation share",energy_water,ons_open_data,daily,2016-10-21,73.9720,pct
hydro_generation_share,"Hydro generation share",energy_water,ons_open_data,daily,2016-10-22,71.0091,pct
hydro_generation_share,"Hydro generation share",energy_water,ons_open_data,daily,2016-10-23,68.0300,pct
hydro_generation_share,"Hydro generation share",energy_water,ons_open_data,daily,2016-10-24,72.0102,pct
hydro_generation_share,"Hydro generation share",energy_water,ons_open_data,daily,2016-10-25,72.1924,pct
hydro_generation_share,"Hydro generation share",energy_water,ons_open_data,daily,2016-10-26,72.5971,pct
hydro_generation_share,"Hydro generation share",energy_water,ons_open_data,daily,2016-10-27,72.9532,pct
hydro_generation_share,"Hydro generation share",energy_water,ons_open_data,daily,2016-10-28,73.0447,pct
hydro_generation_share,"Hydro generation share",energy_water,ons_open_data,daily,2016-10-29,71.1742,pct
hydro_generation_share,"Hydro generation share",energy_water,ons_open_data,daily,2016-10-30,64.4644,pct
hydro_generation_share,"Hydro generation share",energy_water,ons_open_data,daily,2016-10-31,70.1640,pct
hydro_generation_share,"Hydro generation share",energy_water,ons_open_data,daily,2016-11-01,70.8627,pct
hydro_generation_share,"Hydro generation share",energy_water,ons_open_data,daily,2016-11-02,68.1263,pct
hydro_generation_share,"Hydro generation share",energy_water,ons_open_data,daily,2016-11-03,70.9486,pct
hydro_generation_share,"Hydro generation share",energy_water,ons_open_data,daily,2016-11-04,70.9651,pct
hydro_generation_share,"Hydro generation share",energy_water,ons_open_data,daily,2016-11-05,69.2407,pct
hydro_generation_share,"Hydro generation share",energy_water,ons_open_data,daily,2016-11-06,65.0767,pct
hydro_generation_share,"Hydro generation share",energy_water,ons_open_data,daily,2016-11-07,70.9257,pct
hydro_generation_share,"Hydro generation share",energy_water,ons_open_data,daily,2016-11-08,71.5574,pct
hydro_generation_share,"Hydro generation share",energy_water,ons_open_data,daily,2016-11-09,71.0003,pct
hydro_generation_share,"Hydro generation share",energy_water,ons_open_data,daily,2016-11-10,72.1816,pct
hydro_generation_share,"Hydro generation share",energy_water,ons_open_data,daily,2016-11-11,71.7685,pct
hydro_generation_share,"Hydro generation share",energy_water,ons_open_data,daily,2016-11-12,71.0097,pct
hydro_generation_share,"Hydro generation share",energy_water,ons_open_data,daily,2016-11-13,66.7018,pct
hydro_generation_share,"Hydro generation share",energy_water,ons_open_data,daily,2016-11-14,72.0886,pct
hydro_generation_share,"Hydro generation share",energy_water,ons_open_data,daily,2016-11-15,71.3284,pct
hydro_generation_share,"Hydro generation share",energy_water,ons_open_data,daily,2016-11-16,73.8529,pct
hydro_generation_share,"Hydro generation share",energy_water,ons_open_data,daily,2016-11-17,73.7207,pct
hydro_generation_share,"Hydro generation share",energy_water,ons_open_data,daily,2016-11-18,72.9651,pct
hydro_generation_share,"Hydro generation share",energy_water,ons_open_data,daily,2016-11-19,73.2946,pct
hydro_generation_share,"Hydro generation share",energy_water,ons_open_data,daily,2016-11-20,70.6007,pct
hydro_generation_share,"Hydro generation share",energy_water,ons_open_data,daily,2016-11-21,73.4340,pct
hydro_generation_share,"Hydro generation share",energy_water,ons_open_data,daily,2016-11-22,75.0965,pct
hydro_generation_share,"Hydro generation share",energy_water,ons_open_data,daily,2016-11-23,77.9517,pct
hydro_generation_share,"Hydro generation share",energy_water,ons_open_data,daily,2016-11-24,77.8555,pct
hydro_generation_share,"Hydro generation share",energy_water,ons_open_data,daily,2016-11-25,75.8066,pct
hydro_generation_share,"Hydro generation share",energy_water,ons_open_data,daily,2016-11-26,72.8225,pct
hydro_generation_share,"Hydro generation share",energy_water,ons_open_data,daily,2016-11-27,74.2196,pct
hydro_generation_share,"Hydro generation share",energy_water,ons_open_data,daily,2016-11-28,76.6684,pct
hydro_generation_share,"Hydro generation share",energy_water,ons_open_data,daily,2016-11-29,77.3627,pct
hydro_generation_share,"Hydro generation share",energy_water,ons_open_data,daily,2016-11-30,76.1743,pct
hydro_generation_share,"Hydro generation share",energy_water,ons_open_data,daily,2016-12-01,73.3060,pct
hydro_generation_share,"Hydro generation share",energy_water,ons_open_data,daily,2016-12-02,74.0004,pct
hydro_generation_share,"Hydro generation share",energy_water,ons_open_data,daily,2016-12-03,78.4856,pct
hydro_generation_share,"Hydro generation share",energy_water,ons_open_data,daily,2016-12-04,79.1008,pct
hydro_generation_share,"Hydro generation share",energy_water,ons_open_data,daily,2016-12-05,80.3049,pct
hydro_generation_share,"Hydro generation share",energy_water,ons_open_data,daily,2016-12-06,80.3504,pct
hydro_generation_share,"Hydro generation share",energy_water,ons_open_data,daily,2016-12-07,80.6517,pct
hydro_generation_share,"Hydro generation share",energy_water,ons_open_data,daily,2016-12-08,80.1286,pct
hydro_generation_share,"Hydro generation share",energy_water,ons_open_data,daily,2016-12-09,79.4560,pct
hydro_generation_share,"Hydro generation share",energy_water,ons_open_data,daily,2016-12-10,78.8205,pct
hydro_generation_share,"Hydro generation share",energy_water,ons_open_data,daily,2016-12-11,77.2207,pct
hydro_generation_share,"Hydro generation share",energy_water,ons_open_data,daily,2016-12-12,78.7727,pct
hydro_generation_share,"Hydro generation share",energy_water,ons_open_data,daily,2016-12-13,78.8557,pct
hydro_generation_share,"Hydro generation share",energy_water,ons_open_data,daily,2016-12-14,78.0023,pct
hydro_generation_share,"Hydro generation share",energy_water,ons_open_data,daily,2016-12-15,77.9327,pct
hydro_generation_share,"Hydro generation share",energy_water,ons_open_data,daily,2016-12-16,76.7787,pct
hydro_generation_share,"Hydro generation share",energy_water,ons_open_data,daily,2016-12-17,76.9367,pct
hydro_generation_share,"Hydro generation share",energy_water,ons_open_data,daily,2016-12-18,78.1638,pct
hydro_generation_share,"Hydro generation share",energy_water,ons_open_data,daily,2016-12-19,79.3737,pct
hydro_generation_share,"Hydro generation share",energy_water,ons_open_data,daily,2016-12-20,79.0075,pct
hydro_generation_share,"Hydro generation share",energy_water,ons_open_data,daily,2016-12-21,79.9940,pct
hydro_generation_share,"Hydro generation share",energy_water,ons_open_data,daily,2016-12-22,80.1045,pct
hydro_generation_share,"Hydro generation share",energy_water,ons_open_data,daily,2016-12-23,78.8019,pct
hydro_generation_share,"Hydro generation share",energy_water,ons_open_data,daily,2016-12-24,78.3381,pct
hydro_generation_share,"Hydro generation share",energy_water,ons_open_data,daily,2016-12-25,75.7517,pct
hydro_generation_share,"Hydro generation share",energy_water,ons_open_data,daily,2016-12-26,79.4290,pct
hydro_generation_share,"Hydro generation share",energy_water,ons_open_data,daily,2016-12-27,78.6192,pct
hydro_generation_share,"Hydro generation share",energy_water,ons_open_data,daily,2016-12-28,80.2378,pct
hydro_generation_share,"Hydro generation share",energy_water,ons_open_data,daily,2016-12-29,80.0908,pct
hydro_generation_share,"Hydro generation share",energy_water,ons_open_data,daily,2016-12-30,78.2692,pct
hydro_generation_share,"Hydro generation share",energy_water,ons_open_data,daily,2016-12-31,75.0673,pct
hydro_generation_share,"Hydro generation share",energy_water,ons_open_data,daily,2017-01-01,74.1066,pct
hydro_generation_share,"Hydro generation share",energy_water,ons_open_data,daily,2017-01-02,78.0518,pct
hydro_generation_share,"Hydro generation share",energy_water,ons_open_data,daily,2017-01-03,79.4091,pct
hydro_generation_share,"Hydro generation share",energy_water,ons_open_data,daily,2017-01-04,78.0917,pct
hydro_generation_share,"Hydro generation share",energy_water,ons_open_data,daily,2017-01-05,78.5026,pct
hydro_generation_share,"Hydro generation share",energy_water,ons_open_data,daily,2017-01-06,79.1264,pct
hydro_generation_share,"Hydro generation share",energy_water,ons_open_data,daily,2017-01-07,79.5763,pct
hydro_generation_share,"Hydro generation share",energy_water,ons_open_data,daily,2017-01-08,78.5148,pct
hydro_generation_share,"Hydro generation share",energy_water,ons_open_data,daily,2017-01-09,81.9452,pct
hydro_generation_share,"Hydro generation share",energy_water,ons_open_data,daily,2017-01-10,80.7543,pct
hydro_generation_share,"Hydro generation share",energy_water,ons_open_data,daily,2017-01-11,80.9263,pct
hydro_generation_share,"Hydro generation share",energy_water,ons_open_data,daily,2017-01-12,81.2064,pct
hydro_generation_share,"Hydro generation share",energy_water,ons_open_data,daily,2017-01-13,79.6149,pct
hydro_generation_share,"Hydro generation share",energy_water,ons_open_data,daily,2017-01-14,80.3122,pct
hydro_generation_share,"Hydro generation share",energy_water,ons_open_data,daily,2017-01-15,78.5183,pct
hydro_generation_share,"Hydro generation share",energy_water,ons_open_data,daily,2017-01-16,79.3862,pct
hydro_generation_share,"Hydro generation share",energy_water,ons_open_data,daily,2017-01-17,81.6042,pct
hydro_generation_share,"Hydro generation share",energy_water,ons_open_data,daily,2017-01-18,81.7333,pct
hydro_generation_share,"Hydro generation share",energy_water,ons_open_data,daily,2017-01-19,81.2467,pct
hydro_generation_share,"Hydro generation share",energy_water,ons_open_data,daily,2017-01-20,81.3902,pct
hydro_generation_share,"Hydro generation share",energy_water,ons_open_data,daily,2017-01-21,78.0026,pct
hydro_generation_share,"Hydro generation share",energy_water,ons_open_data,daily,2017-01-22,76.6377,pct
hydro_generation_share,"Hydro generation share",energy_water,ons_open_data,daily,2017-01-23,80.5017,pct
hydro_generation_share,"Hydro generation share",energy_water,ons_open_data,daily,2017-01-24,82.9356,pct
hydro_generation_share,"Hydro generation share",energy_water,ons_open_data,daily,2017-01-25,81.8232,pct
hydro_generation_share,"Hydro generation share",energy_water,ons_open_data,daily,2017-01-26,82.4585,pct
hydro_generation_share,"Hydro generation share",energy_water,ons_open_data,daily,2017-01-27,82.3919,pct
hydro_generation_share,"Hydro generation share",energy_water,ons_open_data,daily,2017-01-28,81.2252,pct
hydro_generation_share,"Hydro generation share",energy_water,ons_open_data,daily,2017-01-29,78.6566,pct
hydro_generation_share,"Hydro generation share",energy_water,ons_open_data,daily,2017-01-30,80.8698,pct
hydro_generation_share,"Hydro generation share",energy_water,ons_open_data,daily,2017-01-31,80.5021,pct
hydro_generation_share,"Hydro generation share",energy_water,ons_open_data,daily,2017-02-01,81.2466,pct
hydro_generation_share,"Hydro generation share",energy_water,ons_open_data,daily,2017-02-02,82.7721,pct
hydro_generation_share,"Hydro generation share",energy_water,ons_open_data,daily,2017-02-03,82.8346,pct
hydro_generation_share,"Hydro generation share",energy_water,ons_open_data,daily,2017-02-04,81.1496,pct
hydro_generation_share,"Hydro generation share",energy_water,ons_open_data,daily,2017-02-05,78.5473,pct
hydro_generation_share,"Hydro generation share",energy_water,ons_open_data,daily,2017-02-06,81.7410,pct
hydro_generation_share,"Hydro generation share",energy_water,ons_open_data,daily,2017-02-07,83.6322,pct
hydro_generation_share,"Hydro generation share",energy_water,ons_open_data,daily,2017-02-08,84.3969,pct
hydro_generation_share,"Hydro generation share",energy_water,ons_open_data,daily,2017-02-09,81.8707,pct
hydro_generation_share,"Hydro generation share",energy_water,ons_open_data,daily,2017-02-10,81.6526,pct
hydro_generation_share,"Hydro generation share",energy_water,ons_open_data,daily,2017-02-11,83.0934,pct
hydro_generation_share,"Hydro generation share",energy_water,ons_open_data,daily,2017-02-12,82.4260,pct
hydro_generation_share,"Hydro generation share",energy_water,ons_open_data,daily,2017-02-13,84.1069,pct
hydro_generation_share,"Hydro generation share",energy_water,ons_open_data,daily,2017-02-14,82.8956,pct
hydro_generation_share,"Hydro generation share",energy_water,ons_open_data,daily,2017-02-15,82.0984,pct
hydro_generation_share,"Hydro generation share",energy_water,ons_open_data,daily,2017-02-16,83.2016,pct
hydro_generation_share,"Hydro generation share",energy_water,ons_open_data,daily,2017-02-17,83.1378,pct
hydro_generation_share,"Hydro generation share",energy_water,ons_open_data,daily,2017-02-18,84.6423,pct
hydro_generation_share,"Hydro generation share",energy_water,ons_open_data,daily,2017-02-19,82.7835,pct
hydro_generation_share,"Hydro generation share",energy_water,ons_open_data,daily,2017-02-20,84.5752,pct
hydro_generation_share,"Hydro generation share",energy_water,ons_open_data,daily,2017-02-21,82.8234,pct
hydro_generation_share,"Hydro generation share",energy_water,ons_open_data,daily,2017-02-22,82.6927,pct
hydro_generation_share,"Hydro generation share",energy_water,ons_open_data,daily,2017-02-23,83.0484,pct
hydro_generation_share,"Hydro generation share",energy_water,ons_open_data,daily,2017-02-24,80.9944,pct
hydro_generation_share,"Hydro generation share",energy_water,ons_open_data,daily,2017-02-25,79.1451,pct
hydro_generation_share,"Hydro generation share",energy_water,ons_open_data,daily,2017-02-26,77.7542,pct
hydro_generation_share,"Hydro generation share",energy_water,ons_open_data,daily,2017-02-27,77.7884,pct
hydro_generation_share,"Hydro generation share",energy_water,ons_open_data,daily,2017-02-28,78.1080,pct
hydro_generation_share,"Hydro generation share",energy_water,ons_open_data,daily,2017-03-01,80.5168,pct
hydro_generation_share,"Hydro generation share",energy_water,ons_open_data,daily,2017-03-02,81.2181,pct
hydro_generation_share,"Hydro generation share",energy_water,ons_open_data,daily,2017-03-03,80.6086,pct
hydro_generation_share,"Hydro generation share",energy_water,ons_open_data,daily,2017-03-04,79.6638,pct
hydro_generation_share,"Hydro generation share",energy_water,ons_open_data,daily,2017-03-05,79.2916,pct
hydro_generation_share,"Hydro generation share",energy_water,ons_open_data,daily,2017-03-06,80.9094,pct
hydro_generation_share,"Hydro generation share",energy_water,ons_open_data,daily,2017-03-07,80.8264,pct
hydro_generation_share,"Hydro generation share",energy_water,ons_open_data,daily,2017-03-08,80.0935,pct
hydro_generation_share,"Hydro generation share",energy_water,ons_open_data,daily,2017-03-09,80.3749,pct
hydro_generation_share,"Hydro generation share",energy_water,ons_open_data,daily,2017-03-10,80.4395,pct
hydro_generation_share,"Hydro generation share",energy_water,ons_open_data,daily,2017-03-11,80.0524,pct
hydro_generation_share,"Hydro generation share",energy_water,ons_open_data,daily,2017-03-12,76.9527,pct
hydro_generation_share,"Hydro generation share",energy_water,ons_open_data,daily,2017-03-13,80.7793,pct
hydro_generation_share,"Hydro generation share",energy_water,ons_open_data,daily,2017-03-14,80.6263,pct
hydro_generation_share,"Hydro generation share",energy_water,ons_open_data,daily,2017-03-15,80.1378,pct
hydro_generation_share,"Hydro generation share",energy_water,ons_open_data,daily,2017-03-16,79.5574,pct
hydro_generation_share,"Hydro generation share",energy_water,ons_open_data,daily,2017-03-17,79.8320,pct
hydro_generation_share,"Hydro generation share",energy_water,ons_open_data,daily,2017-03-18,79.1868,pct
hydro_generation_share,"Hydro generation share",energy_water,ons_open_data,daily,2017-03-19,77.7258,pct
hydro_generation_share,"Hydro generation share",energy_water,ons_open_data,daily,2017-03-20,79.8775,pct
hydro_generation_share,"Hydro generation share",energy_water,ons_open_data,daily,2017-03-21,80.9848,pct
hydro_generation_share,"Hydro generation share",energy_water,ons_open_data,daily,2017-03-22,80.5728,pct
hydro_generation_share,"Hydro generation share",energy_water,ons_open_data,daily,2017-03-23,81.1061,pct
hydro_generation_share,"Hydro generation share",energy_water,ons_open_data,daily,2017-03-24,79.6841,pct
hydro_generation_share,"Hydro generation share",energy_water,ons_open_data,daily,2017-03-25,77.8549,pct
hydro_generation_share,"Hydro generation share",energy_water,ons_open_data,daily,2017-03-26,76.0494,pct
hydro_generation_share,"Hydro generation share",energy_water,ons_open_data,daily,2017-03-27,79.8254,pct
hydro_generation_share,"Hydro generation share",energy_water,ons_open_data,daily,2017-03-28,80.7381,pct
hydro_generation_share,"Hydro generation share",energy_water,ons_open_data,daily,2017-03-29,80.6380,pct
hydro_generation_share,"Hydro generation share",energy_water,ons_open_data,daily,2017-03-30,80.2487,pct
hydro_generation_share,"Hydro generation share",energy_water,ons_open_data,daily,2017-03-31,80.4496,pct
hydro_generation_share,"Hydro generation share",energy_water,ons_open_data,daily,2017-04-01,75.8290,pct
hydro_generation_share,"Hydro generation share",energy_water,ons_open_data,daily,2017-04-02,75.3083,pct
hydro_generation_share,"Hydro generation share",energy_water,ons_open_data,daily,2017-04-03,75.7796,pct
hydro_generation_share,"Hydro generation share",energy_water,ons_open_data,daily,2017-04-04,75.8475,pct
hydro_generation_share,"Hydro generation share",energy_water,ons_open_data,daily,2017-04-05,75.9625,pct
hydro_generation_share,"Hydro generation share",energy_water,ons_open_data,daily,2017-04-06,76.3136,pct
hydro_generation_share,"Hydro generation share",energy_water,ons_open_data,daily,2017-04-07,75.7001,pct
hydro_generation_share,"Hydro generation share",energy_water,ons_open_data,daily,2017-04-08,72.8048,pct
hydro_generation_share,"Hydro generation share",energy_water,ons_open_data,daily,2017-04-09,72.7389,pct
hydro_generation_share,"Hydro generation share",energy_water,ons_open_data,daily,2017-04-10,76.4739,pct
hydro_generation_share,"Hydro generation share",energy_water,ons_open_data,daily,2017-04-11,75.8114,pct
hydro_generation_share,"Hydro generation share",energy_water,ons_open_data,daily,2017-04-12,77.1294,pct
hydro_generation_share,"Hydro generation share",energy_water,ons_open_data,daily,2017-04-13,76.2654,pct
hydro_generation_share,"Hydro generation share",energy_water,ons_open_data,daily,2017-04-14,73.5168,pct
hydro_generation_share,"Hydro generation share",energy_water,ons_open_data,daily,2017-04-15,73.6269,pct
hydro_generation_share,"Hydro generation share",energy_water,ons_open_data,daily,2017-04-16,73.2343,pct
hydro_generation_share,"Hydro generation share",energy_water,ons_open_data,daily,2017-04-17,76.1452,pct
hydro_generation_share,"Hydro generation share",energy_water,ons_open_data,daily,2017-04-18,75.3599,pct
hydro_generation_share,"Hydro generation share",energy_water,ons_open_data,daily,2017-04-19,73.8957,pct
hydro_generation_share,"Hydro generation share",energy_water,ons_open_data,daily,2017-04-20,74.9637,pct
hydro_generation_share,"Hydro generation share",energy_water,ons_open_data,daily,2017-04-21,76.0693,pct
hydro_generation_share,"Hydro generation share",energy_water,ons_open_data,daily,2017-04-22,74.8348,pct
hydro_generation_share,"Hydro generation share",energy_water,ons_open_data,daily,2017-04-23,73.9519,pct
hydro_generation_share,"Hydro generation share",energy_water,ons_open_data,daily,2017-04-24,74.6324,pct
hydro_generation_share,"Hydro generation share",energy_water,ons_open_data,daily,2017-04-25,74.2230,pct
hydro_generation_share,"Hydro generation share",energy_water,ons_open_data,daily,2017-04-26,74.1350,pct
hydro_generation_share,"Hydro generation share",energy_water,ons_open_data,daily,2017-04-27,75.2124,pct
hydro_generation_share,"Hydro generation share",energy_water,ons_open_data,daily,2017-04-28,74.1320,pct
hydro_generation_share,"Hydro generation share",energy_water,ons_open_data,daily,2017-04-29,71.0231,pct
hydro_generation_share,"Hydro generation share",energy_water,ons_open_data,daily,2017-04-30,70.8807,pct
hydro_generation_share,"Hydro generation share",energy_water,ons_open_data,daily,2017-05-01,71.1780,pct
hydro_generation_share,"Hydro generation share",energy_water,ons_open_data,daily,2017-05-02,72.6804,pct
hydro_generation_share,"Hydro generation share",energy_water,ons_open_data,daily,2017-05-03,72.6690,pct
hydro_generation_share,"Hydro generation share",energy_water,ons_open_data,daily,2017-05-04,74.2321,pct
hydro_generation_share,"Hydro generation share",energy_water,ons_open_data,daily,2017-05-05,75.0182,pct
hydro_generation_share,"Hydro generation share",energy_water,ons_open_data,daily,2017-05-06,73.0282,pct
hydro_generation_share,"Hydro generation share",energy_water,ons_open_data,daily,2017-05-07,73.3352,pct
hydro_generation_share,"Hydro generation share",energy_water,ons_open_data,daily,2017-05-08,75.1411,pct
hydro_generation_share,"Hydro generation share",energy_water,ons_open_data,daily,2017-05-09,73.9886,pct
hydro_generation_share,"Hydro generation share",energy_water,ons_open_data,daily,2017-05-10,73.4113,pct
hydro_generation_share,"Hydro generation share",energy_water,ons_open_data,daily,2017-05-11,72.5232,pct
hydro_generation_share,"Hydro generation share",energy_water,ons_open_data,daily,2017-05-12,70.9112,pct
hydro_generation_share,"Hydro generation share",energy_water,ons_open_data,daily,2017-05-13,72.5518,pct
hydro_generation_share,"Hydro generation share",energy_water,ons_open_data,daily,2017-05-14,72.8087,pct
hydro_generation_share,"Hydro generation share",energy_water,ons_open_data,daily,2017-05-15,75.5617,pct
hydro_generation_share,"Hydro generation share",energy_water,ons_open_data,daily,2017-05-16,74.2395,pct
hydro_generation_share,"Hydro generation share",energy_water,ons_open_data,daily,2017-05-17,73.3683,pct
hydro_generation_share,"Hydro generation share",energy_water,ons_open_data,daily,2017-05-18,71.1348,pct
hydro_generation_share,"Hydro generation share",energy_water,ons_open_data,daily,2017-05-19,71.2450,pct
hydro_generation_share,"Hydro generation share",energy_water,ons_open_data,daily,2017-05-20,75.5293,pct
hydro_generation_share,"Hydro generation share",energy_water,ons_open_data,daily,2017-05-21,72.7056,pct
hydro_generation_share,"Hydro generation share",energy_water,ons_open_data,daily,2017-05-22,76.9062,pct
hydro_generation_share,"Hydro generation share",energy_water,ons_open_data,daily,2017-05-23,74.6378,pct
hydro_generation_share,"Hydro generation share",energy_water,ons_open_data,daily,2017-05-24,74.9069,pct
hydro_generation_share,"Hydro generation share",energy_water,ons_open_data,daily,2017-05-25,74.5711,pct
hydro_generation_share,"Hydro generation share",energy_water,ons_open_data,daily,2017-05-26,75.1863,pct
hydro_generation_share,"Hydro generation share",energy_water,ons_open_data,daily,2017-05-27,78.1658,pct
hydro_generation_share,"Hydro generation share",energy_water,ons_open_data,daily,2017-05-28,76.4395,pct
hydro_generation_share,"Hydro generation share",energy_water,ons_open_data,daily,2017-05-29,74.4086,pct
hydro_generation_share,"Hydro generation share",energy_water,ons_open_data,daily,2017-05-30,74.6581,pct
hydro_generation_share,"Hydro generation share",energy_water,ons_open_data,daily,2017-05-31,76.0365,pct
hydro_generation_share,"Hydro generation share",energy_water,ons_open_data,daily,2017-06-01,75.6213,pct
hydro_generation_share,"Hydro generation share",energy_water,ons_open_data,daily,2017-06-02,75.7019,pct
hydro_generation_share,"Hydro generation share",energy_water,ons_open_data,daily,2017-06-03,75.7463,pct
hydro_generation_share,"Hydro generation share",energy_water,ons_open_data,daily,2017-06-04,73.8635,pct
hydro_generation_share,"Hydro generation share",energy_water,ons_open_data,daily,2017-06-05,77.7401,pct
hydro_generation_share,"Hydro generation share",energy_water,ons_open_data,daily,2017-06-06,79.2790,pct
hydro_generation_share,"Hydro generation share",energy_water,ons_open_data,daily,2017-06-07,76.7996,pct
hydro_generation_share,"Hydro generation share",energy_water,ons_open_data,daily,2017-06-08,77.0194,pct
hydro_generation_share,"Hydro generation share",energy_water,ons_open_data,daily,2017-06-09,76.6551,pct
hydro_generation_share,"Hydro generation share",energy_water,ons_open_data,daily,2017-06-10,74.4001,pct
hydro_generation_share,"Hydro generation share",energy_water,ons_open_data,daily,2017-06-11,72.0748,pct
hydro_generation_share,"Hydro generation share",energy_water,ons_open_data,daily,2017-06-12,74.6578,pct
hydro_generation_share,"Hydro generation share",energy_water,ons_open_data,daily,2017-06-13,76.2781,pct
hydro_generation_share,"Hydro generation share",energy_water,ons_open_data,daily,2017-06-14,76.3889,pct
hydro_generation_share,"Hydro generation share",energy_water,ons_open_data,daily,2017-06-15,74.4481,pct
hydro_generation_share,"Hydro generation share",energy_water,ons_open_data,daily,2017-06-16,75.2021,pct
hydro_generation_share,"Hydro generation share",energy_water,ons_open_data,daily,2017-06-17,73.1361,pct
hydro_generation_share,"Hydro generation share",energy_water,ons_open_data,daily,2017-06-18,71.8274,pct
hydro_generation_share,"Hydro generation share",energy_water,ons_open_data,daily,2017-06-19,74.0830,pct
hydro_generation_share,"Hydro generation share",energy_water,ons_open_data,daily,2017-06-20,75.1703,pct
hydro_generation_share,"Hydro generation share",energy_water,ons_open_data,daily,2017-06-21,73.0261,pct
hydro_generation_share,"Hydro generation share",energy_water,ons_open_data,daily,2017-06-22,72.1377,pct
hydro_generation_share,"Hydro generation share",energy_water,ons_open_data,daily,2017-06-23,73.9623,pct
hydro_generation_share,"Hydro generation share",energy_water,ons_open_data,daily,2017-06-24,75.1950,pct
hydro_generation_share,"Hydro generation share",energy_water,ons_open_data,daily,2017-06-25,71.3800,pct
hydro_generation_share,"Hydro generation share",energy_water,ons_open_data,daily,2017-06-26,71.8117,pct
hydro_generation_share,"Hydro generation share",energy_water,ons_open_data,daily,2017-06-27,70.7940,pct
hydro_generation_share,"Hydro generation share",energy_water,ons_open_data,daily,2017-06-28,74.0439,pct
hydro_generation_share,"Hydro generation share",energy_water,ons_open_data,daily,2017-06-29,75.7065,pct
hydro_generation_share,"Hydro generation share",energy_water,ons_open_data,daily,2017-06-30,76.4630,pct
hydro_generation_share,"Hydro generation share",energy_water,ons_open_data,daily,2017-07-01,71.3217,pct
hydro_generation_share,"Hydro generation share",energy_water,ons_open_data,daily,2017-07-02,66.8958,pct
hydro_generation_share,"Hydro generation share",energy_water,ons_open_data,daily,2017-07-03,67.4061,pct
hydro_generation_share,"Hydro generation share",energy_water,ons_open_data,daily,2017-07-04,66.9229,pct
hydro_generation_share,"Hydro generation share",energy_water,ons_open_data,daily,2017-07-05,68.6303,pct
hydro_generation_share,"Hydro generation share",energy_water,ons_open_data,daily,2017-07-06,72.2439,pct
hydro_generation_share,"Hydro generation share",energy_water,ons_open_data,daily,2017-07-07,71.8463,pct
hydro_generation_share,"Hydro generation share",energy_water,ons_open_data,daily,2017-07-08,67.2026,pct
hydro_generation_share,"Hydro generation share",energy_water,ons_open_data,daily,2017-07-09,65.7264,pct
hydro_generation_share,"Hydro generation share",energy_water,ons_open_data,daily,2017-07-10,69.9094,pct
hydro_generation_share,"Hydro generation share",energy_water,ons_open_data,daily,2017-07-11,69.2094,pct
hydro_generation_share,"Hydro generation share",energy_water,ons_open_data,daily,2017-07-12,68.2635,pct
hydro_generation_share,"Hydro generation share",energy_water,ons_open_data,daily,2017-07-13,68.0067,pct
hydro_generation_share,"Hydro generation share",energy_water,ons_open_data,daily,2017-07-14,69.1126,pct
hydro_generation_share,"Hydro generation share",energy_water,ons_open_data,daily,2017-07-15,64.1935,pct
hydro_generation_share,"Hydro generation share",energy_water,ons_open_data,daily,2017-07-16,62.4371,pct
hydro_generation_share,"Hydro generation share",energy_water,ons_open_data,daily,2017-07-17,66.8955,pct
hydro_generation_share,"Hydro generation share",energy_water,ons_open_data,daily,2017-07-18,69.9961,pct
hydro_generation_share,"Hydro generation share",energy_water,ons_open_data,daily,2017-07-19,70.5781,pct
hydro_generation_share,"Hydro generation share",energy_water,ons_open_data,daily,2017-07-20,71.7416,pct
hydro_generation_share,"Hydro generation share",energy_water,ons_open_data,daily,2017-07-21,71.3983,pct
hydro_generation_share,"Hydro generation share",energy_water,ons_open_data,daily,2017-07-22,67.7465,pct
hydro_generation_share,"Hydro generation share",energy_water,ons_open_data,daily,2017-07-23,63.3937,pct
hydro_generation_share,"Hydro generation share",energy_water,ons_open_data,daily,2017-07-24,66.8700,pct
hydro_generation_share,"Hydro generation share",energy_water,ons_open_data,daily,2017-07-25,68.6158,pct
hydro_generation_share,"Hydro generation share",energy_water,ons_open_data,daily,2017-07-26,69.5205,pct
hydro_generation_share,"Hydro generation share",energy_water,ons_open_data,daily,2017-07-27,70.6142,pct
hydro_generation_share,"Hydro generation share",energy_water,ons_open_data,daily,2017-07-28,68.5835,pct
hydro_generation_share,"Hydro generation share",energy_water,ons_open_data,daily,2017-07-29,58.6809,pct
hydro_generation_share,"Hydro generation share",energy_water,ons_open_data,daily,2017-07-30,57.6042,pct
hydro_generation_share,"Hydro generation share",energy_water,ons_open_data,daily,2017-07-31,63.4287,pct
hydro_generation_share,"Hydro generation share",energy_water,ons_open_data,daily,2017-08-01,64.1385,pct
hydro_generation_share,"Hydro generation share",energy_water,ons_open_data,daily,2017-08-02,63.4967,pct
hydro_generation_share,"Hydro generation share",energy_water,ons_open_data,daily,2017-08-03,64.8813,pct
hydro_generation_share,"Hydro generation share",energy_water,ons_open_data,daily,2017-08-04,66.9562,pct
hydro_generation_share,"Hydro generation share",energy_water,ons_open_data,daily,2017-08-05,61.8570,pct
hydro_generation_share,"Hydro generation share",energy_water,ons_open_data,daily,2017-08-06,56.3775,pct
hydro_generation_share,"Hydro generation share",energy_water,ons_open_data,daily,2017-08-07,61.6812,pct
hydro_generation_share,"Hydro generation share",energy_water,ons_open_data,daily,2017-08-08,63.3202,pct
hydro_generation_share,"Hydro generation share",energy_water,ons_open_data,daily,2017-08-09,65.8187,pct
hydro_generation_share,"Hydro generation share",energy_water,ons_open_data,daily,2017-08-10,65.2379,pct
hydro_generation_share,"Hydro generation share",energy_water,ons_open_data,daily,2017-08-11,62.1883,pct
hydro_generation_share,"Hydro generation share",energy_water,ons_open_data,daily,2017-08-12,59.0603,pct
hydro_generation_share,"Hydro generation share",energy_water,ons_open_data,daily,2017-08-13,57.1375,pct
hydro_generation_share,"Hydro generation share",energy_water,ons_open_data,daily,2017-08-14,63.6420,pct
hydro_generation_share,"Hydro generation share",energy_water,ons_open_data,daily,2017-08-15,64.5870,pct
hydro_generation_share,"Hydro generation share",energy_water,ons_open_data,daily,2017-08-16,66.5544,pct
hydro_generation_share,"Hydro generation share",energy_water,ons_open_data,daily,2017-08-17,66.1948,pct
hydro_generation_share,"Hydro generation share",energy_water,ons_open_data,daily,2017-08-18,65.8965,pct
hydro_generation_share,"Hydro generation share",energy_water,ons_open_data,daily,2017-08-19,61.8498,pct
hydro_generation_share,"Hydro generation share",energy_water,ons_open_data,daily,2017-08-20,58.1681,pct
hydro_generation_share,"Hydro generation share",energy_water,ons_open_data,daily,2017-08-21,64.7680,pct
hydro_generation_share,"Hydro generation share",energy_water,ons_open_data,daily,2017-08-22,61.5718,pct
hydro_generation_share,"Hydro generation share",energy_water,ons_open_data,daily,2017-08-23,62.7991,pct
hydro_generation_share,"Hydro generation share",energy_water,ons_open_data,daily,2017-08-24,63.0142,pct
hydro_generation_share,"Hydro generation share",energy_water,ons_open_data,daily,2017-08-25,62.9669,pct
hydro_generation_share,"Hydro generation share",energy_water,ons_open_data,daily,2017-08-26,60.4094,pct
hydro_generation_share,"Hydro generation share",energy_water,ons_open_data,daily,2017-08-27,61.5965,pct
hydro_generation_share,"Hydro generation share",energy_water,ons_open_data,daily,2017-08-28,65.8808,pct
hydro_generation_share,"Hydro generation share",energy_water,ons_open_data,daily,2017-08-29,66.1142,pct
hydro_generation_share,"Hydro generation share",energy_water,ons_open_data,daily,2017-08-30,65.7073,pct
hydro_generation_share,"Hydro generation share",energy_water,ons_open_data,daily,2017-08-31,66.8382,pct
hydro_generation_share,"Hydro generation share",energy_water,ons_open_data,daily,2017-09-01,62.9275,pct
hydro_generation_share,"Hydro generation share",energy_water,ons_open_data,daily,2017-09-02,60.1847,pct
hydro_generation_share,"Hydro generation share",energy_water,ons_open_data,daily,2017-09-03,57.0187,pct
hydro_generation_share,"Hydro generation share",energy_water,ons_open_data,daily,2017-09-04,62.9407,pct
hydro_generation_share,"Hydro generation share",energy_water,ons_open_data,daily,2017-09-05,64.7244,pct
hydro_generation_share,"Hydro generation share",energy_water,ons_open_data,daily,2017-09-06,65.2992,pct
hydro_generation_share,"Hydro generation share",energy_water,ons_open_data,daily,2017-09-07,59.9506,pct
hydro_generation_share,"Hydro generation share",energy_water,ons_open_data,daily,2017-09-08,62.3474,pct
hydro_generation_share,"Hydro generation share",energy_water,ons_open_data,daily,2017-09-09,59.4830,pct
hydro_generation_share,"Hydro generation share",energy_water,ons_open_data,daily,2017-09-10,56.0416,pct
hydro_generation_share,"Hydro generation share",energy_water,ons_open_data,daily,2017-09-11,62.6185,pct
hydro_generation_share,"Hydro generation share",energy_water,ons_open_data,daily,2017-09-12,64.7777,pct
hydro_generation_share,"Hydro generation share",energy_water,ons_open_data,daily,2017-09-13,63.6749,pct
hydro_generation_share,"Hydro generation share",energy_water,ons_open_data,daily,2017-09-14,65.4391,pct
hydro_generation_share,"Hydro generation share",energy_water,ons_open_data,daily,2017-09-15,65.8940,pct
hydro_generation_share,"Hydro generation share",energy_water,ons_open_data,daily,2017-09-16,61.7624,pct
hydro_generation_share,"Hydro generation share",energy_water,ons_open_data,daily,2017-09-17,58.4010,pct
hydro_generation_share,"Hydro generation share",energy_water,ons_open_data,daily,2017-09-18,64.9802,pct
hydro_generation_share,"Hydro generation share",energy_water,ons_open_data,daily,2017-09-19,65.1187,pct
hydro_generation_share,"Hydro generation share",energy_water,ons_open_data,daily,2017-09-20,65.2385,pct
hydro_generation_share,"Hydro generation share",energy_water,ons_open_data,daily,2017-09-21,66.1005,pct
hydro_generation_share,"Hydro generation share",energy_water,ons_open_data,daily,2017-09-22,66.8595,pct
hydro_generation_share,"Hydro generation share",energy_water,ons_open_data,daily,2017-09-23,62.6463,pct
hydro_generation_share,"Hydro generation share",energy_water,ons_open_data,daily,2017-09-24,57.4395,pct
hydro_generation_share,"Hydro generation share",energy_water,ons_open_data,daily,2017-09-25,63.0979,pct
hydro_generation_share,"Hydro generation share",energy_water,ons_open_data,daily,2017-09-26,65.2929,pct
hydro_generation_share,"Hydro generation share",energy_water,ons_open_data,daily,2017-09-27,66.0053,pct
hydro_generation_share,"Hydro generation share",energy_water,ons_open_data,daily,2017-09-28,65.2147,pct
hydro_generation_share,"Hydro generation share",energy_water,ons_open_data,daily,2017-09-29,63.8856,pct
hydro_generation_share,"Hydro generation share",energy_water,ons_open_data,daily,2017-09-30,61.7996,pct
hydro_generation_share,"Hydro generation share",energy_water,ons_open_data,daily,2017-10-01,59.4610,pct
hydro_generation_share,"Hydro generation share",energy_water,ons_open_data,daily,2017-10-02,65.2619,pct
hydro_generation_share,"Hydro generation share",energy_water,ons_open_data,daily,2017-10-03,67.1494,pct
hydro_generation_share,"Hydro generation share",energy_water,ons_open_data,daily,2017-10-04,63.1877,pct
hydro_generation_share,"Hydro generation share",energy_water,ons_open_data,daily,2017-10-05,63.1866,pct
hydro_generation_share,"Hydro generation share",energy_water,ons_open_data,daily,2017-10-06,65.6791,pct
hydro_generation_share,"Hydro generation share",energy_water,ons_open_data,daily,2017-10-07,62.0226,pct
hydro_generation_share,"Hydro generation share",energy_water,ons_open_data,daily,2017-10-08,56.5402,pct
hydro_generation_share,"Hydro generation share",energy_water,ons_open_data,daily,2017-10-09,65.2455,pct
hydro_generation_share,"Hydro generation share",energy_water,ons_open_data,daily,2017-10-10,66.5645,pct
hydro_generation_share,"Hydro generation share",energy_water,ons_open_data,daily,2017-10-11,65.8333,pct
hydro_generation_share,"Hydro generation share",energy_water,ons_open_data,daily,2017-10-12,60.0125,pct
hydro_generation_share,"Hydro generation share",energy_water,ons_open_data,daily,2017-10-13,63.2781,pct
hydro_generation_share,"Hydro generation share",energy_water,ons_open_data,daily,2017-10-14,61.8505,pct
hydro_generation_share,"Hydro generation share",energy_water,ons_open_data,daily,2017-10-15,58.7866,pct
hydro_generation_share,"Hydro generation share",energy_water,ons_open_data,daily,2017-10-16,61.6621,pct
hydro_generation_share,"Hydro generation share",energy_water,ons_open_data,daily,2017-10-17,62.1559,pct
hydro_generation_share,"Hydro generation share",energy_water,ons_open_data,daily,2017-10-18,63.2836,pct
hydro_generation_share,"Hydro generation share",energy_water,ons_open_data,daily,2017-10-19,62.7828,pct
hydro_generation_share,"Hydro generation share",energy_water,ons_open_data,daily,2017-10-20,64.1783,pct
hydro_generation_share,"Hydro generation share",energy_water,ons_open_data,daily,2017-10-21,58.5687,pct
hydro_generation_share,"Hydro generation share",energy_water,ons_open_data,daily,2017-10-22,55.0276,pct
hydro_generation_share,"Hydro generation share",energy_water,ons_open_data,daily,2017-10-23,63.5459,pct
hydro_generation_share,"Hydro generation share",energy_water,ons_open_data,daily,2017-10-24,61.7412,pct
hydro_generation_share,"Hydro generation share",energy_water,ons_open_data,daily,2017-10-25,61.8845,pct
hydro_generation_share,"Hydro generation share",energy_water,ons_open_data,daily,2017-10-26,63.0513,pct
hydro_generation_share,"Hydro generation share",energy_water,ons_open_data,daily,2017-10-27,64.6120,pct
hydro_generation_share,"Hydro generation share",energy_water,ons_open_data,daily,2017-10-28,63.8382,pct
hydro_generation_share,"Hydro generation share",energy_water,ons_open_data,daily,2017-10-29,60.1643,pct
hydro_generation_share,"Hydro generation share",energy_water,ons_open_data,daily,2017-10-30,65.6932,pct
hydro_generation_share,"Hydro generation share",energy_water,ons_open_data,daily,2017-10-31,68.0697,pct
hydro_generation_share,"Hydro generation share",energy_water,ons_open_data,daily,2017-11-01,67.9802,pct
hydro_generation_share,"Hydro generation share",energy_water,ons_open_data,daily,2017-11-02,56.5510,pct
hydro_generation_share,"Hydro generation share",energy_water,ons_open_data,daily,2017-11-03,60.8208,pct
hydro_generation_share,"Hydro generation share",energy_water,ons_open_data,daily,2017-11-04,61.6427,pct
hydro_generation_share,"Hydro generation share",energy_water,ons_open_data,daily,2017-11-05,61.3150,pct
hydro_generation_share,"Hydro generation share",energy_water,ons_open_data,daily,2017-11-06,66.6903,pct
hydro_generation_share,"Hydro generation share",energy_water,ons_open_data,daily,2017-11-07,66.3729,pct
hydro_generation_share,"Hydro generation share",energy_water,ons_open_data,daily,2017-11-08,65.3454,pct
hydro_generation_share,"Hydro generation share",energy_water,ons_open_data,daily,2017-11-09,66.5021,pct
hydro_generation_share,"Hydro generation share",energy_water,ons_open_data,daily,2017-11-10,66.2453,pct
hydro_generation_share,"Hydro generation share",energy_water,ons_open_data,daily,2017-11-11,64.2741,pct
hydro_generation_share,"Hydro generation share",energy_water,ons_open_data,daily,2017-11-12,60.9392,pct
hydro_generation_share,"Hydro generation share",energy_water,ons_open_data,daily,2017-11-13,67.8618,pct
hydro_generation_share,"Hydro generation share",energy_water,ons_open_data,daily,2017-11-14,67.1777,pct
hydro_generation_share,"Hydro generation share",energy_water,ons_open_data,daily,2017-11-15,60.8690,pct
hydro_generation_share,"Hydro generation share",energy_water,ons_open_data,daily,2017-11-16,65.6576,pct
hydro_generation_share,"Hydro generation share",energy_water,ons_open_data,daily,2017-11-17,67.0051,pct
hydro_generation_share,"Hydro generation share",energy_water,ons_open_data,daily,2017-11-18,63.5449,pct
hydro_generation_share,"Hydro generation share",energy_water,ons_open_data,daily,2017-11-19,62.6330,pct
hydro_generation_share,"Hydro generation share",energy_water,ons_open_data,daily,2017-11-20,66.0874,pct
hydro_generation_share,"Hydro generation share",energy_water,ons_open_data,daily,2017-11-21,65.3354,pct
hydro_generation_share,"Hydro generation share",energy_water,ons_open_data,daily,2017-11-22,68.4566,pct
hydro_generation_share,"Hydro generation share",energy_water,ons_open_data,daily,2017-11-23,67.3006,pct
hydro_generation_share,"Hydro generation share",energy_water,ons_open_data,daily,2017-11-24,66.7724,pct
hydro_generation_share,"Hydro generation share",energy_water,ons_open_data,daily,2017-11-25,68.9072,pct
hydro_generation_share,"Hydro generation share",energy_water,ons_open_data,daily,2017-11-26,65.1575,pct
hydro_generation_share,"Hydro generation share",energy_water,ons_open_data,daily,2017-11-27,70.4750,pct
hydro_generation_share,"Hydro generation share",energy_water,ons_open_data,daily,2017-11-28,72.8705,pct
hydro_generation_share,"Hydro generation share",energy_water,ons_open_data,daily,2017-11-29,73.4524,pct
hydro_generation_share,"Hydro generation share",energy_water,ons_open_data,daily,2017-11-30,72.0639,pct
hydro_generation_share,"Hydro generation share",energy_water,ons_open_data,daily,2017-12-01,72.2350,pct
hydro_generation_share,"Hydro generation share",energy_water,ons_open_data,daily,2017-12-02,70.3721,pct
hydro_generation_share,"Hydro generation share",energy_water,ons_open_data,daily,2017-12-03,68.5148,pct
hydro_generation_share,"Hydro generation share",energy_water,ons_open_data,daily,2017-12-04,74.2197,pct
hydro_generation_share,"Hydro generation share",energy_water,ons_open_data,daily,2017-12-05,74.2933,pct
hydro_generation_share,"Hydro generation share",energy_water,ons_open_data,daily,2017-12-06,73.4952,pct
hydro_generation_share,"Hydro generation share",energy_water,ons_open_data,daily,2017-12-07,76.3208,pct
hydro_generation_share,"Hydro generation share",energy_water,ons_open_data,daily,2017-12-08,77.4809,pct
hydro_generation_share,"Hydro generation share",energy_water,ons_open_data,daily,2017-12-09,75.2035,pct
hydro_generation_share,"Hydro generation share",energy_water,ons_open_data,daily,2017-12-10,72.8790,pct
hydro_generation_share,"Hydro generation share",energy_water,ons_open_data,daily,2017-12-11,76.3076,pct
hydro_generation_share,"Hydro generation share",energy_water,ons_open_data,daily,2017-12-12,72.6312,pct
hydro_generation_share,"Hydro generation share",energy_water,ons_open_data,daily,2017-12-13,71.8634,pct
hydro_generation_share,"Hydro generation share",energy_water,ons_open_data,daily,2017-12-14,72.3877,pct
hydro_generation_share,"Hydro generation share",energy_water,ons_open_data,daily,2017-12-15,72.9634,pct
hydro_generation_share,"Hydro generation share",energy_water,ons_open_data,daily,2017-12-16,70.7955,pct
hydro_generation_share,"Hydro generation share",energy_water,ons_open_data,daily,2017-12-17,66.5070,pct
hydro_generation_share,"Hydro generation share",energy_water,ons_open_data,daily,2017-12-18,70.6526,pct
hydro_generation_share,"Hydro generation share",energy_water,ons_open_data,daily,2017-12-19,71.7755,pct
hydro_generation_share,"Hydro generation share",energy_water,ons_open_data,daily,2017-12-20,71.7409,pct
hydro_generation_share,"Hydro generation share",energy_water,ons_open_data,daily,2017-12-21,72.7207,pct
hydro_generation_share,"Hydro generation share",energy_water,ons_open_data,daily,2017-12-22,71.8839,pct
hydro_generation_share,"Hydro generation share",energy_water,ons_open_data,daily,2017-12-23,69.6390,pct
hydro_generation_share,"Hydro generation share",energy_water,ons_open_data,daily,2017-12-24,66.7797,pct
hydro_generation_share,"Hydro generation share",energy_water,ons_open_data,daily,2017-12-25,65.6499,pct
hydro_generation_share,"Hydro generation share",energy_water,ons_open_data,daily,2017-12-26,71.2721,pct
hydro_generation_share,"Hydro generation share",energy_water,ons_open_data,daily,2017-12-27,70.6231,pct
hydro_generation_share,"Hydro generation share",energy_water,ons_open_data,daily,2017-12-28,71.9225,pct
hydro_generation_share,"Hydro generation share",energy_water,ons_open_data,daily,2017-12-29,70.8781,pct
hydro_generation_share,"Hydro generation share",energy_water,ons_open_data,daily,2017-12-30,72.8533,pct
hydro_generation_share,"Hydro generation share",energy_water,ons_open_data,daily,2017-12-31,71.3273,pct
hydro_generation_share,"Hydro generation share",energy_water,ons_open_data,daily,2018-01-01,72.7017,pct
hydro_generation_share,"Hydro generation share",energy_water,ons_open_data,daily,2018-01-02,77.2036,pct
hydro_generation_share,"Hydro generation share",energy_water,ons_open_data,daily,2018-01-03,78.5459,pct
hydro_generation_share,"Hydro generation share",energy_water,ons_open_data,daily,2018-01-04,77.6607,pct
hydro_generation_share,"Hydro generation share",energy_water,ons_open_data,daily,2018-01-05,77.1410,pct
hydro_generation_share,"Hydro generation share",energy_water,ons_open_data,daily,2018-01-06,76.4110,pct
hydro_generation_share,"Hydro generation share",energy_water,ons_open_data,daily,2018-01-07,74.4477,pct
hydro_generation_share,"Hydro generation share",energy_water,ons_open_data,daily,2018-01-08,74.6394,pct
hydro_generation_share,"Hydro generation share",energy_water,ons_open_data,daily,2018-01-09,74.2480,pct
hydro_generation_share,"Hydro generation share",energy_water,ons_open_data,daily,2018-01-10,76.7496,pct
hydro_generation_share,"Hydro generation share",energy_water,ons_open_data,daily,2018-01-11,76.9579,pct
hydro_generation_share,"Hydro generation share",energy_water,ons_open_data,daily,2018-01-12,76.7218,pct
hydro_generation_share,"Hydro generation share",energy_water,ons_open_data,daily,2018-01-13,74.9066,pct
hydro_generation_share,"Hydro generation share",energy_water,ons_open_data,daily,2018-01-14,73.4967,pct
hydro_generation_share,"Hydro generation share",energy_water,ons_open_data,daily,2018-01-15,75.5593,pct
hydro_generation_share,"Hydro generation share",energy_water,ons_open_data,daily,2018-01-16,76.6075,pct
hydro_generation_share,"Hydro generation share",energy_water,ons_open_data,daily,2018-01-17,75.4791,pct
hydro_generation_share,"Hydro generation share",energy_water,ons_open_data,daily,2018-01-18,76.5981,pct
hydro_generation_share,"Hydro generation share",energy_water,ons_open_data,daily,2018-01-19,80.1206,pct
hydro_generation_share,"Hydro generation share",energy_water,ons_open_data,daily,2018-01-20,78.0259,pct
hydro_generation_share,"Hydro generation share",energy_water,ons_open_data,daily,2018-01-21,74.7723,pct
hydro_generation_share,"Hydro generation share",energy_water,ons_open_data,daily,2018-01-22,78.1759,pct
hydro_generation_share,"Hydro generation share",energy_water,ons_open_data,daily,2018-01-23,79.6144,pct
hydro_generation_share,"Hydro generation share",energy_water,ons_open_data,daily,2018-01-24,80.3383,pct
hydro_generation_share,"Hydro generation share",energy_water,ons_open_data,daily,2018-01-25,80.6225,pct
hydro_generation_share,"Hydro generation share",energy_water,ons_open_data,daily,2018-01-26,80.5738,pct
hydro_generation_share,"Hydro generation share",energy_water,ons_open_data,daily,2018-01-27,78.3389,pct
hydro_generation_share,"Hydro generation share",energy_water,ons_open_data,daily,2018-01-28,78.8481,pct
hydro_generation_share,"Hydro generation share",energy_water,ons_open_data,daily,2018-01-29,80.3856,pct
hydro_generation_share,"Hydro generation share",energy_water,ons_open_data,daily,2018-01-30,80.3049,pct
hydro_generation_share,"Hydro generation share",energy_water,ons_open_data,daily,2018-01-31,80.7211,pct
hydro_generation_share,"Hydro generation share",energy_water,ons_open_data,daily,2018-02-01,81.2492,pct
hydro_generation_share,"Hydro generation share",energy_water,ons_open_data,daily,2018-02-02,81.4750,pct
hydro_generation_share,"Hydro generation share",energy_water,ons_open_data,daily,2018-02-03,81.8468,pct
hydro_generation_share,"Hydro generation share",energy_water,ons_open_data,daily,2018-02-04,79.8754,pct
hydro_generation_share,"Hydro generation share",energy_water,ons_open_data,daily,2018-02-05,81.2102,pct
hydro_generation_share,"Hydro generation share",energy_water,ons_open_data,daily,2018-02-06,82.1165,pct
hydro_generation_share,"Hydro generation share",energy_water,ons_open_data,daily,2018-02-07,82.1078,pct
hydro_generation_share,"Hydro generation share",energy_water,ons_open_data,daily,2018-02-08,81.5602,pct
hydro_generation_share,"Hydro generation share",energy_water,ons_open_data,daily,2018-02-09,81.9214,pct
hydro_generation_share,"Hydro generation share",energy_water,ons_open_data,daily,2018-02-10,79.6991,pct
hydro_generation_share,"Hydro generation share",energy_water,ons_open_data,daily,2018-02-11,76.4552,pct
hydro_generation_share,"Hydro generation share",energy_water,ons_open_data,daily,2018-02-12,77.3669,pct
hydro_generation_share,"Hydro generation share",energy_water,ons_open_data,daily,2018-02-13,78.4103,pct
hydro_generation_share,"Hydro generation share",energy_water,ons_open_data,daily,2018-02-14,78.2716,pct
hydro_generation_share,"Hydro generation share",energy_water,ons_open_data,daily,2018-02-15,79.6665,pct
hydro_generation_share,"Hydro generation share",energy_water,ons_open_data,daily,2018-02-16,79.4010,pct
hydro_generation_share,"Hydro generation share",energy_water,ons_open_data,daily,2018-02-17,80.2460,pct
hydro_generation_share,"Hydro generation share",energy_water,ons_open_data,daily,2018-02-18,79.8697,pct
hydro_generation_share,"Hydro generation share",energy_water,ons_open_data,daily,2018-02-19,82.6181,pct
hydro_generation_share,"Hydro generation share",energy_water,ons_open_data,daily,2018-02-20,82.8342,pct
hydro_generation_share,"Hydro generation share",energy_water,ons_open_data,daily,2018-02-21,82.7090,pct
hydro_generation_share,"Hydro generation share",energy_water,ons_open_data,daily,2018-02-22,82.4326,pct
hydro_generation_share,"Hydro generation share",energy_water,ons_open_data,daily,2018-02-23,83.7152,pct
hydro_generation_share,"Hydro generation share",energy_water,ons_open_data,daily,2018-02-24,80.0439,pct
hydro_generation_share,"Hydro generation share",energy_water,ons_open_data,daily,2018-02-25,78.9180,pct
hydro_generation_share,"Hydro generation share",energy_water,ons_open_data,daily,2018-02-26,83.8028,pct
hydro_generation_share,"Hydro generation share",energy_water,ons_open_data,daily,2018-02-27,82.7616,pct
hydro_generation_share,"Hydro generation share",energy_water,ons_open_data,daily,2018-02-28,82.7743,pct
hydro_generation_share,"Hydro generation share",energy_water,ons_open_data,daily,2018-03-01,84.3430,pct
hydro_generation_share,"Hydro generation share",energy_water,ons_open_data,daily,2018-03-02,85.0203,pct
hydro_generation_share,"Hydro generation share",energy_water,ons_open_data,daily,2018-03-03,82.0557,pct
hydro_generation_share,"Hydro generation share",energy_water,ons_open_data,daily,2018-03-04,79.0257,pct
hydro_generation_share,"Hydro generation share",energy_water,ons_open_data,daily,2018-03-05,83.5569,pct
hydro_generation_share,"Hydro generation share",energy_water,ons_open_data,daily,2018-03-06,83.2995,pct
hydro_generation_share,"Hydro generation share",energy_water,ons_open_data,daily,2018-03-07,83.0226,pct
hydro_generation_share,"Hydro generation share",energy_water,ons_open_data,daily,2018-03-08,83.7213,pct
hydro_generation_share,"Hydro generation share",energy_water,ons_open_data,daily,2018-03-09,83.8839,pct
hydro_generation_share,"Hydro generation share",energy_water,ons_open_data,daily,2018-03-10,82.3297,pct
hydro_generation_share,"Hydro generation share",energy_water,ons_open_data,daily,2018-03-11,80.8891,pct
hydro_generation_share,"Hydro generation share",energy_water,ons_open_data,daily,2018-03-12,82.8337,pct
hydro_generation_share,"Hydro generation share",energy_water,ons_open_data,daily,2018-03-13,83.2487,pct
hydro_generation_share,"Hydro generation share",energy_water,ons_open_data,daily,2018-03-14,82.7466,pct
hydro_generation_share,"Hydro generation share",energy_water,ons_open_data,daily,2018-03-15,81.6200,pct
hydro_generation_share,"Hydro generation share",energy_water,ons_open_data,daily,2018-03-16,82.2954,pct
hydro_generation_share,"Hydro generation share",energy_water,ons_open_data,daily,2018-03-17,80.9099,pct
hydro_generation_share,"Hydro generation share",energy_water,ons_open_data,daily,2018-03-18,78.0189,pct
hydro_generation_share,"Hydro generation share",energy_water,ons_open_data,daily,2018-03-19,81.6115,pct
hydro_generation_share,"Hydro generation share",energy_water,ons_open_data,daily,2018-03-20,81.2136,pct
hydro_generation_share,"Hydro generation share",energy_water,ons_open_data,daily,2018-03-21,81.6781,pct
hydro_generation_share,"Hydro generation share",energy_water,ons_open_data,daily,2018-03-22,80.6283,pct
hydro_generation_share,"Hydro generation share",energy_water,ons_open_data,daily,2018-03-23,77.5995,pct
hydro_generation_share,"Hydro generation share",energy_water,ons_open_data,daily,2018-03-24,77.5833,pct
hydro_generation_share,"Hydro generation share",energy_water,ons_open_data,daily,2018-03-25,74.4628,pct
hydro_generation_share,"Hydro generation share",energy_water,ons_open_data,daily,2018-03-26,78.9150,pct
hydro_generation_share,"Hydro generation share",energy_water,ons_open_data,daily,2018-03-27,77.4292,pct
hydro_generation_share,"Hydro generation share",energy_water,ons_open_data,daily,2018-03-28,79.0889,pct
hydro_generation_share,"Hydro generation share",energy_water,ons_open_data,daily,2018-03-29,80.1761,pct
hydro_generation_share,"Hydro generation share",energy_water,ons_open_data,daily,2018-03-30,77.3158,pct
hydro_generation_share,"Hydro generation share",energy_water,ons_open_data,daily,2018-03-31,81.9821,pct
hydro_generation_share,"Hydro generation share",energy_water,ons_open_data,daily,2018-04-01,80.1891,pct
hydro_generation_share,"Hydro generation share",energy_water,ons_open_data,daily,2018-04-02,82.6165,pct
hydro_generation_share,"Hydro generation share",energy_water,ons_open_data,daily,2018-04-03,83.4206,pct
hydro_generation_share,"Hydro generation share",energy_water,ons_open_data,daily,2018-04-04,83.8647,pct
hydro_generation_share,"Hydro generation share",energy_water,ons_open_data,daily,2018-04-05,84.1118,pct
hydro_generation_share,"Hydro generation share",energy_water,ons_open_data,daily,2018-04-06,84.6154,pct
hydro_generation_share,"Hydro generation share",energy_water,ons_open_data,daily,2018-04-07,80.8601,pct
hydro_generation_share,"Hydro generation share",energy_water,ons_open_data,daily,2018-04-08,78.6543,pct
hydro_generation_share,"Hydro generation share",energy_water,ons_open_data,daily,2018-04-09,79.5278,pct
hydro_generation_share,"Hydro generation share",energy_water,ons_open_data,daily,2018-04-10,79.6747,pct
hydro_generation_share,"Hydro generation share",energy_water,ons_open_data,daily,2018-04-11,80.6793,pct
hydro_generation_share,"Hydro generation share",energy_water,ons_open_data,daily,2018-04-12,79.9442,pct
hydro_generation_share,"Hydro generation share",energy_water,ons_open_data,daily,2018-04-13,80.4593,pct
hydro_generation_share,"Hydro generation share",energy_water,ons_open_data,daily,2018-04-14,79.2148,pct
hydro_generation_share,"Hydro generation share",energy_water,ons_open_data,daily,2018-04-15,74.5595,pct
hydro_generation_share,"Hydro generation share",energy_water,ons_open_data,daily,2018-04-16,76.9606,pct
hydro_generation_share,"Hydro generation share",energy_water,ons_open_data,daily,2018-04-17,77.2358,pct
hydro_generation_share,"Hydro generation share",energy_water,ons_open_data,daily,2018-04-18,76.7230,pct
hydro_generation_share,"Hydro generation share",energy_water,ons_open_data,daily,2018-04-19,77.0569,pct
hydro_generation_share,"Hydro generation share",energy_water,ons_open_data,daily,2018-04-20,78.8200,pct
hydro_generation_share,"Hydro generation share",energy_water,ons_open_data,daily,2018-04-21,75.5748,pct
hydro_generation_share,"Hydro generation share",energy_water,ons_open_data,daily,2018-04-22,74.8300,pct
hydro_generation_share,"Hydro generation share",energy_water,ons_open_data,daily,2018-04-23,78.8352,pct
hydro_generation_share,"Hydro generation share",energy_water,ons_open_data,daily,2018-04-24,80.3136,pct
hydro_generation_share,"Hydro generation share",energy_water,ons_open_data,daily,2018-04-25,80.8317,pct
hydro_generation_share,"Hydro generation share",energy_water,ons_open_data,daily,2018-04-26,80.5027,pct
hydro_generation_share,"Hydro generation share",energy_water,ons_open_data,daily,2018-04-27,79.4650,pct
hydro_generation_share,"Hydro generation share",energy_water,ons_open_data,daily,2018-04-28,75.6982,pct
hydro_generation_share,"Hydro generation share",energy_water,ons_open_data,daily,2018-04-29,72.4204,pct
hydro_generation_share,"Hydro generation share",energy_water,ons_open_data,daily,2018-04-30,76.3794,pct
hydro_generation_share,"Hydro generation share",energy_water,ons_open_data,daily,2018-05-01,75.1308,pct
hydro_generation_share,"Hydro generation share",energy_water,ons_open_data,daily,2018-05-02,76.9666,pct
hydro_generation_share,"Hydro generation share",energy_water,ons_open_data,daily,2018-05-03,78.6214,pct
hydro_generation_share,"Hydro generation share",energy_water,ons_open_data,daily,2018-05-04,76.5808,pct
hydro_generation_share,"Hydro generation share",energy_water,ons_open_data,daily,2018-05-05,75.3663,pct
hydro_generation_share,"Hydro generation share",energy_water,ons_open_data,daily,2018-05-06,72.2897,pct
hydro_generation_share,"Hydro generation share",energy_water,ons_open_data,daily,2018-05-07,76.2245,pct
hydro_generation_share,"Hydro generation share",energy_water,ons_open_data,daily,2018-05-08,76.8582,pct
hydro_generation_share,"Hydro generation share",energy_water,ons_open_data,daily,2018-05-09,77.0137,pct
hydro_generation_share,"Hydro generation share",energy_water,ons_open_data,daily,2018-05-10,79.2605,pct
hydro_generation_share,"Hydro generation share",energy_water,ons_open_data,daily,2018-05-11,75.4954,pct
hydro_generation_share,"Hydro generation share",energy_water,ons_open_data,daily,2018-05-12,75.5941,pct
hydro_generation_share,"Hydro generation share",energy_water,ons_open_data,daily,2018-05-13,73.7329,pct
hydro_generation_share,"Hydro generation share",energy_water,ons_open_data,daily,2018-05-14,72.5676,pct
hydro_generation_share,"Hydro generation share",energy_water,ons_open_data,daily,2018-05-15,76.6156,pct
hydro_generation_share,"Hydro generation share",energy_water,ons_open_data,daily,2018-05-16,77.8510,pct
hydro_generation_share,"Hydro generation share",energy_water,ons_open_data,daily,2018-05-17,79.9478,pct
hydro_generation_share,"Hydro generation share",energy_water,ons_open_data,daily,2018-05-18,77.1160,pct
hydro_generation_share,"Hydro generation share",energy_water,ons_open_data,daily,2018-05-19,75.4842,pct
hydro_generation_share,"Hydro generation share",energy_water,ons_open_data,daily,2018-05-20,74.1968,pct
hydro_generation_share,"Hydro generation share",energy_water,ons_open_data,daily,2018-05-21,75.5833,pct
hydro_generation_share,"Hydro generation share",energy_water,ons_open_data,daily,2018-05-22,72.3162,pct
hydro_generation_share,"Hydro generation share",energy_water,ons_open_data,daily,2018-05-23,73.5877,pct
hydro_generation_share,"Hydro generation share",energy_water,ons_open_data,daily,2018-05-24,75.1142,pct
hydro_generation_share,"Hydro generation share",energy_water,ons_open_data,daily,2018-05-25,74.4757,pct
hydro_generation_share,"Hydro generation share",energy_water,ons_open_data,daily,2018-05-26,71.1349,pct
hydro_generation_share,"Hydro generation share",energy_water,ons_open_data,daily,2018-05-27,68.8737,pct
hydro_generation_share,"Hydro generation share",energy_water,ons_open_data,daily,2018-05-28,70.6761,pct
hydro_generation_share,"Hydro generation share",energy_water,ons_open_data,daily,2018-05-29,69.9239,pct
hydro_generation_share,"Hydro generation share",energy_water,ons_open_data,daily,2018-05-30,72.3519,pct
hydro_generation_share,"Hydro generation share",energy_water,ons_open_data,daily,2018-05-31,73.3279,pct
hydro_generation_share,"Hydro generation share",energy_water,ons_open_data,daily,2018-06-01,73.5255,pct
hydro_generation_share,"Hydro generation share",energy_water,ons_open_data,daily,2018-06-02,72.7493,pct
hydro_generation_share,"Hydro generation share",energy_water,ons_open_data,daily,2018-06-03,70.8683,pct
hydro_generation_share,"Hydro generation share",energy_water,ons_open_data,daily,2018-06-04,70.6872,pct
hydro_generation_share,"Hydro generation share",energy_water,ons_open_data,daily,2018-06-05,69.0646,pct
hydro_generation_share,"Hydro generation share",energy_water,ons_open_data,daily,2018-06-06,69.1441,pct
hydro_generation_share,"Hydro generation share",energy_water,ons_open_data,daily,2018-06-07,69.3829,pct
hydro_generation_share,"Hydro generation share",energy_water,ons_open_data,daily,2018-06-08,70.5485,pct
hydro_generation_share,"Hydro generation share",energy_water,ons_open_data,daily,2018-06-09,69.0518,pct
hydro_generation_share,"Hydro generation share",energy_water,ons_open_data,daily,2018-06-10,65.7828,pct
hydro_generation_share,"Hydro generation share",energy_water,ons_open_data,daily,2018-06-11,68.7618,pct
hydro_generation_share,"Hydro generation share",energy_water,ons_open_data,daily,2018-06-12,68.4590,pct
hydro_generation_share,"Hydro generation share",energy_water,ons_open_data,daily,2018-06-13,67.5809,pct
hydro_generation_share,"Hydro generation share",energy_water,ons_open_data,daily,2018-06-14,69.3590,pct
hydro_generation_share,"Hydro generation share",energy_water,ons_open_data,daily,2018-06-15,68.9630,pct
hydro_generation_share,"Hydro generation share",energy_water,ons_open_data,daily,2018-06-16,66.0544,pct
hydro_generation_share,"Hydro generation share",energy_water,ons_open_data,daily,2018-06-17,70.5304,pct
hydro_generation_share,"Hydro generation share",energy_water,ons_open_data,daily,2018-06-18,69.5374,pct
hydro_generation_share,"Hydro generation share",energy_water,ons_open_data,daily,2018-06-19,66.5107,pct
hydro_generation_share,"Hydro generation share",energy_water,ons_open_data,daily,2018-06-20,64.6924,pct
hydro_generation_share,"Hydro generation share",energy_water,ons_open_data,daily,2018-06-21,65.9440,pct
hydro_generation_share,"Hydro generation share",energy_water,ons_open_data,daily,2018-06-22,65.3708,pct
hydro_generation_share,"Hydro generation share",energy_water,ons_open_data,daily,2018-06-23,63.8019,pct
hydro_generation_share,"Hydro generation share",energy_water,ons_open_data,daily,2018-06-24,66.1443,pct
hydro_generation_share,"Hydro generation share",energy_water,ons_open_data,daily,2018-06-25,67.2603,pct
hydro_generation_share,"Hydro generation share",energy_water,ons_open_data,daily,2018-06-26,69.2599,pct
hydro_generation_share,"Hydro generation share",energy_water,ons_open_data,daily,2018-06-27,66.4991,pct
hydro_generation_share,"Hydro generation share",energy_water,ons_open_data,daily,2018-06-28,66.9069,pct
hydro_generation_share,"Hydro generation share",energy_water,ons_open_data,daily,2018-06-29,66.3413,pct
hydro_generation_share,"Hydro generation share",energy_water,ons_open_data,daily,2018-06-30,66.1743,pct
hydro_generation_share,"Hydro generation share",energy_water,ons_open_data,daily,2018-07-01,64.0381,pct
hydro_generation_share,"Hydro generation share",energy_water,ons_open_data,daily,2018-07-02,66.4053,pct
hydro_generation_share,"Hydro generation share",energy_water,ons_open_data,daily,2018-07-03,66.6489,pct
hydro_generation_share,"Hydro generation share",energy_water,ons_open_data,daily,2018-07-04,66.4510,pct
hydro_generation_share,"Hydro generation share",energy_water,ons_open_data,daily,2018-07-05,68.3920,pct
hydro_generation_share,"Hydro generation share",energy_water,ons_open_data,daily,2018-07-06,66.9548,pct
hydro_generation_share,"Hydro generation share",energy_water,ons_open_data,daily,2018-07-07,64.1794,pct
hydro_generation_share,"Hydro generation share",energy_water,ons_open_data,daily,2018-07-08,59.6984,pct
hydro_generation_share,"Hydro generation share",energy_water,ons_open_data,daily,2018-07-09,66.0477,pct
hydro_generation_share,"Hydro generation share",energy_water,ons_open_data,daily,2018-07-10,68.2776,pct
hydro_generation_share,"Hydro generation share",energy_water,ons_open_data,daily,2018-07-11,70.3402,pct
hydro_generation_share,"Hydro generation share",energy_water,ons_open_data,daily,2018-07-12,66.7199,pct
hydro_generation_share,"Hydro generation share",energy_water,ons_open_data,daily,2018-07-13,64.5377,pct
hydro_generation_share,"Hydro generation share",energy_water,ons_open_data,daily,2018-07-14,62.4153,pct
hydro_generation_share,"Hydro generation share",energy_water,ons_open_data,daily,2018-07-15,59.9959,pct
hydro_generation_share,"Hydro generation share",energy_water,ons_open_data,daily,2018-07-16,64.2524,pct
hydro_generation_share,"Hydro generation share",energy_water,ons_open_data,daily,2018-07-17,64.8047,pct
hydro_generation_share,"Hydro generation share",energy_water,ons_open_data,daily,2018-07-18,66.3459,pct
hydro_generation_share,"Hydro generation share",energy_water,ons_open_data,daily,2018-07-19,65.6569,pct
hydro_generation_share,"Hydro generation share",energy_water,ons_open_data,daily,2018-07-20,65.7352,pct
hydro_generation_share,"Hydro generation share",energy_water,ons_open_data,daily,2018-07-21,61.7625,pct
hydro_generation_share,"Hydro generation share",energy_water,ons_open_data,daily,2018-07-22,58.4064,pct
hydro_generation_share,"Hydro generation share",energy_water,ons_open_data,daily,2018-07-23,62.6792,pct
hydro_generation_share,"Hydro generation share",energy_water,ons_open_data,daily,2018-07-24,65.7088,pct
hydro_generation_share,"Hydro generation share",energy_water,ons_open_data,daily,2018-07-25,64.8369,pct
hydro_generation_share,"Hydro generation share",energy_water,ons_open_data,daily,2018-07-26,67.1666,pct
hydro_generation_share,"Hydro generation share",energy_water,ons_open_data,daily,2018-07-27,68.1021,pct
hydro_generation_share,"Hydro generation share",energy_water,ons_open_data,daily,2018-07-28,60.7809,pct
hydro_generation_share,"Hydro generation share",energy_water,ons_open_data,daily,2018-07-29,57.8410,pct
hydro_generation_share,"Hydro generation share",energy_water,ons_open_data,daily,2018-07-30,66.6652,pct
hydro_generation_share,"Hydro generation share",energy_water,ons_open_data,daily,2018-07-31,67.2862,pct
hydro_generation_share,"Hydro generation share",energy_water,ons_open_data,daily,2018-08-01,67.4442,pct
hydro_generation_share,"Hydro generation share",energy_water,ons_open_data,daily,2018-08-02,64.9960,pct
hydro_generation_share,"Hydro generation share",energy_water,ons_open_data,daily,2018-08-03,65.1253,pct
hydro_generation_share,"Hydro generation share",energy_water,ons_open_data,daily,2018-08-04,65.5515,pct
hydro_generation_share,"Hydro generation share",energy_water,ons_open_data,daily,2018-08-05,61.7967,pct
hydro_generation_share,"Hydro generation share",energy_water,ons_open_data,daily,2018-08-06,65.9199,pct
hydro_generation_share,"Hydro generation share",energy_water,ons_open_data,daily,2018-08-07,63.4499,pct
hydro_generation_share,"Hydro generation share",energy_water,ons_open_data,daily,2018-08-08,64.8263,pct
hydro_generation_share,"Hydro generation share",energy_water,ons_open_data,daily,2018-08-09,66.2863,pct
hydro_generation_share,"Hydro generation share",energy_water,ons_open_data,daily,2018-08-10,66.4550,pct
hydro_generation_share,"Hydro generation share",energy_water,ons_open_data,daily,2018-08-11,66.8201,pct
hydro_generation_share,"Hydro generation share",energy_water,ons_open_data,daily,2018-08-12,65.5330,pct
hydro_generation_share,"Hydro generation share",energy_water,ons_open_data,daily,2018-08-13,68.1455,pct
hydro_generation_share,"Hydro generation share",energy_water,ons_open_data,daily,2018-08-14,67.6500,pct
hydro_generation_share,"Hydro generation share",energy_water,ons_open_data,daily,2018-08-15,65.8909,pct
hydro_generation_share,"Hydro generation share",energy_water,ons_open_data,daily,2018-08-16,65.5228,pct
hydro_generation_share,"Hydro generation share",energy_water,ons_open_data,daily,2018-08-17,63.1555,pct
hydro_generation_share,"Hydro generation share",energy_water,ons_open_data,daily,2018-08-18,61.1379,pct
hydro_generation_share,"Hydro generation share",energy_water,ons_open_data,daily,2018-08-19,56.9551,pct
hydro_generation_share,"Hydro generation share",energy_water,ons_open_data,daily,2018-08-20,62.8371,pct
hydro_generation_share,"Hydro generation share",energy_water,ons_open_data,daily,2018-08-21,64.4291,pct
hydro_generation_share,"Hydro generation share",energy_water,ons_open_data,daily,2018-08-22,64.5503,pct
hydro_generation_share,"Hydro generation share",energy_water,ons_open_data,daily,2018-08-23,65.3593,pct
hydro_generation_share,"Hydro generation share",energy_water,ons_open_data,daily,2018-08-24,64.7762,pct
hydro_generation_share,"Hydro generation share",energy_water,ons_open_data,daily,2018-08-25,70.9580,pct
hydro_generation_share,"Hydro generation share",energy_water,ons_open_data,daily,2018-08-26,58.0262,pct
hydro_generation_share,"Hydro generation share",energy_water,ons_open_data,daily,2018-08-27,62.5903,pct
hydro_generation_share,"Hydro generation share",energy_water,ons_open_data,daily,2018-08-28,63.2435,pct
hydro_generation_share,"Hydro generation share",energy_water,ons_open_data,daily,2018-08-29,62.8164,pct
hydro_generation_share,"Hydro generation share",energy_water,ons_open_data,daily,2018-08-30,63.7805,pct
hydro_generation_share,"Hydro generation share",energy_water,ons_open_data,daily,2018-08-31,63.4652,pct
hydro_generation_share,"Hydro generation share",energy_water,ons_open_data,daily,2018-09-01,59.1572,pct
hydro_generation_share,"Hydro generation share",energy_water,ons_open_data,daily,2018-09-02,56.7511,pct
hydro_generation_share,"Hydro generation share",energy_water,ons_open_data,daily,2018-09-03,64.7086,pct
hydro_generation_share,"Hydro generation share",energy_water,ons_open_data,daily,2018-09-04,66.3309,pct
hydro_generation_share,"Hydro generation share",energy_water,ons_open_data,daily,2018-09-05,66.7150,pct
hydro_generation_share,"Hydro generation share",energy_water,ons_open_data,daily,2018-09-06,64.1934,pct
hydro_generation_share,"Hydro generation share",energy_water,ons_open_data,daily,2018-09-07,60.0215,pct
hydro_generation_share,"Hydro generation share",energy_water,ons_open_data,daily,2018-09-08,59.3360,pct
hydro_generation_share,"Hydro generation share",energy_water,ons_open_data,daily,2018-09-09,58.6962,pct
hydro_generation_share,"Hydro generation share",energy_water,ons_open_data,daily,2018-09-10,62.3867,pct
hydro_generation_share,"Hydro generation share",energy_water,ons_open_data,daily,2018-09-11,62.1008,pct
hydro_generation_share,"Hydro generation share",energy_water,ons_open_data,daily,2018-09-12,60.4225,pct
hydro_generation_share,"Hydro generation share",energy_water,ons_open_data,daily,2018-09-13,61.0819,pct
hydro_generation_share,"Hydro generation share",energy_water,ons_open_data,daily,2018-09-14,61.7650,pct
hydro_generation_share,"Hydro generation share",energy_water,ons_open_data,daily,2018-09-15,60.9246,pct
hydro_generation_share,"Hydro generation share",energy_water,ons_open_data,daily,2018-09-16,57.9839,pct
hydro_generation_share,"Hydro generation share",energy_water,ons_open_data,daily,2018-09-17,64.1567,pct
hydro_generation_share,"Hydro generation share",energy_water,ons_open_data,daily,2018-09-18,64.9501,pct
hydro_generation_share,"Hydro generation share",energy_water,ons_open_data,daily,2018-09-19,65.9945,pct
hydro_generation_share,"Hydro generation share",energy_water,ons_open_data,daily,2018-09-20,63.3824,pct
hydro_generation_share,"Hydro generation share",energy_water,ons_open_data,daily,2018-09-21,65.5603,pct
hydro_generation_share,"Hydro generation share",energy_water,ons_open_data,daily,2018-09-22,63.8381,pct
hydro_generation_share,"Hydro generation share",energy_water,ons_open_data,daily,2018-09-23,58.5944,pct
hydro_generation_share,"Hydro generation share",energy_water,ons_open_data,daily,2018-09-24,65.1152,pct
hydro_generation_share,"Hydro generation share",energy_water,ons_open_data,daily,2018-09-25,64.9864,pct
hydro_generation_share,"Hydro generation share",energy_water,ons_open_data,daily,2018-09-26,64.9443,pct
hydro_generation_share,"Hydro generation share",energy_water,ons_open_data,daily,2018-09-27,65.1724,pct
hydro_generation_share,"Hydro generation share",energy_water,ons_open_data,daily,2018-09-28,65.5198,pct
hydro_generation_share,"Hydro generation share",energy_water,ons_open_data,daily,2018-09-29,64.7072,pct
hydro_generation_share,"Hydro generation share",energy_water,ons_open_data,daily,2018-09-30,60.5645,pct
hydro_generation_share,"Hydro generation share",energy_water,ons_open_data,daily,2018-10-01,66.7692,pct
hydro_generation_share,"Hydro generation share",energy_water,ons_open_data,daily,2018-10-02,68.3973,pct
hydro_generation_share,"Hydro generation share",energy_water,ons_open_data,daily,2018-10-03,71.0442,pct
hydro_generation_share,"Hydro generation share",energy_water,ons_open_data,daily,2018-10-04,71.1019,pct
hydro_generation_share,"Hydro generation share",energy_water,ons_open_data,daily,2018-10-05,70.3431,pct
hydro_generation_share,"Hydro generation share",energy_water,ons_open_data,daily,2018-10-06,65.1189,pct
hydro_generation_share,"Hydro generation share",energy_water,ons_open_data,daily,2018-10-07,60.8261,pct
hydro_generation_share,"Hydro generation share",energy_water,ons_open_data,daily,2018-10-08,64.9876,pct
hydro_generation_share,"Hydro generation share",energy_water,ons_open_data,daily,2018-10-09,67.4703,pct
hydro_generation_share,"Hydro generation share",energy_water,ons_open_data,daily,2018-10-10,69.1122,pct
hydro_generation_share,"Hydro generation share",energy_water,ons_open_data,daily,2018-10-11,69.5448,pct
hydro_generation_share,"Hydro generation share",energy_water,ons_open_data,daily,2018-10-12,64.6247,pct
hydro_generation_share,"Hydro generation share",energy_water,ons_open_data,daily,2018-10-13,66.4373,pct
hydro_generation_share,"Hydro generation share",energy_water,ons_open_data,daily,2018-10-14,70.1142,pct
hydro_generation_share,"Hydro generation share",energy_water,ons_open_data,daily,2018-10-15,75.6270,pct
hydro_generation_share,"Hydro generation share",energy_water,ons_open_data,daily,2018-10-16,74.2341,pct
hydro_generation_share,"Hydro generation share",energy_water,ons_open_data,daily,2018-10-17,73.1801,pct
hydro_generation_share,"Hydro generation share",energy_water,ons_open_data,daily,2018-10-18,73.9473,pct
hydro_generation_share,"Hydro generation share",energy_water,ons_open_data,daily,2018-10-19,74.7734,pct
hydro_generation_share,"Hydro generation share",energy_water,ons_open_data,daily,2018-10-20,72.1678,pct
hydro_generation_share,"Hydro generation share",energy_water,ons_open_data,daily,2018-10-21,65.9441,pct
hydro_generation_share,"Hydro generation share",energy_water,ons_open_data,daily,2018-10-22,70.8880,pct
hydro_generation_share,"Hydro generation share",energy_water,ons_open_data,daily,2018-10-23,71.9246,pct
hydro_generation_share,"Hydro generation share",energy_water,ons_open_data,daily,2018-10-24,73.1897,pct
hydro_generation_share,"Hydro generation share",energy_water,ons_open_data,daily,2018-10-25,72.9906,pct
hydro_generation_share,"Hydro generation share",energy_water,ons_open_data,daily,2018-10-26,75.0534,pct
hydro_generation_share,"Hydro generation share",energy_water,ons_open_data,daily,2018-10-27,74.9013,pct
hydro_generation_share,"Hydro generation share",energy_water,ons_open_data,daily,2018-10-28,75.4168,pct
hydro_generation_share,"Hydro generation share",energy_water,ons_open_data,daily,2018-10-29,77.1617,pct
hydro_generation_share,"Hydro generation share",energy_water,ons_open_data,daily,2018-10-30,76.2105,pct
hydro_generation_share,"Hydro generation share",energy_water,ons_open_data,daily,2018-10-31,76.5080,pct
hydro_generation_share,"Hydro generation share",energy_water,ons_open_data,daily,2018-11-01,77.7316,pct
hydro_generation_share,"Hydro generation share",energy_water,ons_open_data,daily,2018-11-02,76.5427,pct
hydro_generation_share,"Hydro generation share",energy_water,ons_open_data,daily,2018-11-03,76.0961,pct
hydro_generation_share,"Hydro generation share",energy_water,ons_open_data,daily,2018-11-04,76.4300,pct
hydro_generation_share,"Hydro generation share",energy_water,ons_open_data,daily,2018-11-05,78.4943,pct
hydro_generation_share,"Hydro generation share",energy_water,ons_open_data,daily,2018-11-06,76.8826,pct
hydro_generation_share,"Hydro generation share",energy_water,ons_open_data,daily,2018-11-07,76.5766,pct
hydro_generation_share,"Hydro generation share",energy_water,ons_open_data,daily,2018-11-08,76.2489,pct
hydro_generation_share,"Hydro generation share",energy_water,ons_open_data,daily,2018-11-09,76.5155,pct
hydro_generation_share,"Hydro generation share",energy_water,ons_open_data,daily,2018-11-10,76.1354,pct
hydro_generation_share,"Hydro generation share",energy_water,ons_open_data,daily,2018-11-11,76.1135,pct
hydro_generation_share,"Hydro generation share",energy_water,ons_open_data,daily,2018-11-12,79.9808,pct
hydro_generation_share,"Hydro generation share",energy_water,ons_open_data,daily,2018-11-13,79.3116,pct
hydro_generation_share,"Hydro generation share",energy_water,ons_open_data,daily,2018-11-14,78.9846,pct
hydro_generation_share,"Hydro generation share",energy_water,ons_open_data,daily,2018-11-15,77.5677,pct
hydro_generation_share,"Hydro generation share",energy_water,ons_open_data,daily,2018-11-16,79.6206,pct
hydro_generation_share,"Hydro generation share",energy_water,ons_open_data,daily,2018-11-17,74.5309,pct
hydro_generation_share,"Hydro generation share",energy_water,ons_open_data,daily,2018-11-18,70.7544,pct
hydro_generation_share,"Hydro generation share",energy_water,ons_open_data,daily,2018-11-19,78.2591,pct
hydro_generation_share,"Hydro generation share",energy_water,ons_open_data,daily,2018-11-20,77.6547,pct
hydro_generation_share,"Hydro generation share",energy_water,ons_open_data,daily,2018-11-21,76.1188,pct
hydro_generation_share,"Hydro generation share",energy_water,ons_open_data,daily,2018-11-22,76.3784,pct
hydro_generation_share,"Hydro generation share",energy_water,ons_open_data,daily,2018-11-23,78.9322,pct
hydro_generation_share,"Hydro generation share",energy_water,ons_open_data,daily,2018-11-24,77.9855,pct
hydro_generation_share,"Hydro generation share",energy_water,ons_open_data,daily,2018-11-25,76.0183,pct
hydro_generation_share,"Hydro generation share",energy_water,ons_open_data,daily,2018-11-26,78.9425,pct
hydro_generation_share,"Hydro generation share",energy_water,ons_open_data,daily,2018-11-27,75.7973,pct
hydro_generation_share,"Hydro generation share",energy_water,ons_open_data,daily,2018-11-28,75.8764,pct
hydro_generation_share,"Hydro generation share",energy_water,ons_open_data,daily,2018-11-29,78.9285,pct
hydro_generation_share,"Hydro generation share",energy_water,ons_open_data,daily,2018-11-30,82.0855,pct
hydro_generation_share,"Hydro generation share",energy_water,ons_open_data,daily,2018-12-01,82.1519,pct
hydro_generation_share,"Hydro generation share",energy_water,ons_open_data,daily,2018-12-02,78.9596,pct
hydro_generation_share,"Hydro generation share",energy_water,ons_open_data,daily,2018-12-03,82.2116,pct
hydro_generation_share,"Hydro generation share",energy_water,ons_open_data,daily,2018-12-04,82.5732,pct
hydro_generation_share,"Hydro generation share",energy_water,ons_open_data,daily,2018-12-05,83.4916,pct
hydro_generation_share,"Hydro generation share",energy_water,ons_open_data,daily,2018-12-06,83.3887,pct
hydro_generation_share,"Hydro generation share",energy_water,ons_open_data,daily,2018-12-07,82.2730,pct
hydro_generation_share,"Hydro generation share",energy_water,ons_open_data,daily,2018-12-08,80.8910,pct
hydro_generation_share,"Hydro generation share",energy_water,ons_open_data,daily,2018-12-09,75.1466,pct
hydro_generation_share,"Hydro generation share",energy_water,ons_open_data,daily,2018-12-10,80.9165,pct
hydro_generation_share,"Hydro generation share",energy_water,ons_open_data,daily,2018-12-11,79.6516,pct
hydro_generation_share,"Hydro generation share",energy_water,ons_open_data,daily,2018-12-12,80.0490,pct
hydro_generation_share,"Hydro generation share",energy_water,ons_open_data,daily,2018-12-13,80.8362,pct
hydro_generation_share,"Hydro generation share",energy_water,ons_open_data,daily,2018-12-14,81.3083,pct
hydro_generation_share,"Hydro generation share",energy_water,ons_open_data,daily,2018-12-15,79.7719,pct
hydro_generation_share,"Hydro generation share",energy_water,ons_open_data,daily,2018-12-16,78.6322,pct
hydro_generation_share,"Hydro generation share",energy_water,ons_open_data,daily,2018-12-17,82.4741,pct
hydro_generation_share,"Hydro generation share",energy_water,ons_open_data,daily,2018-12-18,82.6200,pct
hydro_generation_share,"Hydro generation share",energy_water,ons_open_data,daily,2018-12-19,81.0459,pct
hydro_generation_share,"Hydro generation share",energy_water,ons_open_data,daily,2018-12-20,82.3391,pct
hydro_generation_share,"Hydro generation share",energy_water,ons_open_data,daily,2018-12-21,83.6821,pct
hydro_generation_share,"Hydro generation share",energy_water,ons_open_data,daily,2018-12-22,82.0114,pct
hydro_generation_share,"Hydro generation share",energy_water,ons_open_data,daily,2018-12-23,82.6682,pct
hydro_generation_share,"Hydro generation share",energy_water,ons_open_data,daily,2018-12-24,82.3907,pct
hydro_generation_share,"Hydro generation share",energy_water,ons_open_data,daily,2018-12-25,75.3640,pct
hydro_generation_share,"Hydro generation share",energy_water,ons_open_data,daily,2018-12-26,79.9568,pct
hydro_generation_share,"Hydro generation share",energy_water,ons_open_data,daily,2018-12-27,80.5495,pct
hydro_generation_share,"Hydro generation share",energy_water,ons_open_data,daily,2018-12-28,81.1119,pct
hydro_generation_share,"Hydro generation share",energy_water,ons_open_data,daily,2018-12-29,79.5922,pct
hydro_generation_share,"Hydro generation share",energy_water,ons_open_data,daily,2018-12-30,79.2367,pct
hydro_generation_share,"Hydro generation share",energy_water,ons_open_data,daily,2018-12-31,78.3088,pct
hydro_generation_share,"Hydro generation share",energy_water,ons_open_data,daily,2019-01-01,75.8443,pct
hydro_generation_share,"Hydro generation share",energy_water,ons_open_data,daily,2019-01-02,76.8083,pct
hydro_generation_share,"Hydro generation share",energy_water,ons_open_data,daily,2019-01-03,79.2775,pct
hydro_generation_share,"Hydro generation share",energy_water,ons_open_data,daily,2019-01-04,82.5485,pct
hydro_generation_share,"Hydro generation share",energy_water,ons_open_data,daily,2019-01-05,78.5846,pct
hydro_generation_share,"Hydro generation share",energy_water,ons_open_data,daily,2019-01-06,78.4021,pct
hydro_generation_share,"Hydro generation share",energy_water,ons_open_data,daily,2019-01-07,81.7302,pct
hydro_generation_share,"Hydro generation share",energy_water,ons_open_data,daily,2019-01-08,82.5654,pct
hydro_generation_share,"Hydro generation share",energy_water,ons_open_data,daily,2019-01-09,81.3285,pct
hydro_generation_share,"Hydro generation share",energy_water,ons_open_data,daily,2019-01-10,82.5177,pct
hydro_generation_share,"Hydro generation share",energy_water,ons_open_data,daily,2019-01-11,81.9456,pct
hydro_generation_share,"Hydro generation share",energy_water,ons_open_data,daily,2019-01-12,81.9242,pct
hydro_generation_share,"Hydro generation share",energy_water,ons_open_data,daily,2019-01-13,81.5908,pct
hydro_generation_share,"Hydro generation share",energy_water,ons_open_data,daily,2019-01-14,82.7098,pct
hydro_generation_share,"Hydro generation share",energy_water,ons_open_data,daily,2019-01-15,82.7780,pct
hydro_generation_share,"Hydro generation share",energy_water,ons_open_data,daily,2019-01-16,82.3256,pct
hydro_generation_share,"Hydro generation share",energy_water,ons_open_data,daily,2019-01-17,81.6639,pct
hydro_generation_share,"Hydro generation share",energy_water,ons_open_data,daily,2019-01-18,80.6598,pct
hydro_generation_share,"Hydro generation share",energy_water,ons_open_data,daily,2019-01-19,82.1392,pct
hydro_generation_share,"Hydro generation share",energy_water,ons_open_data,daily,2019-01-20,81.8682,pct
hydro_generation_share,"Hydro generation share",energy_water,ons_open_data,daily,2019-01-21,80.3616,pct
hydro_generation_share,"Hydro generation share",energy_water,ons_open_data,daily,2019-01-22,80.3100,pct
hydro_generation_share,"Hydro generation share",energy_water,ons_open_data,daily,2019-01-23,82.0031,pct
hydro_generation_share,"Hydro generation share",energy_water,ons_open_data,daily,2019-01-24,82.0527,pct
hydro_generation_share,"Hydro generation share",energy_water,ons_open_data,daily,2019-01-25,81.0223,pct
hydro_generation_share,"Hydro generation share",energy_water,ons_open_data,daily,2019-01-26,79.3837,pct
hydro_generation_share,"Hydro generation share",energy_water,ons_open_data,daily,2019-01-27,76.1300,pct
hydro_generation_share,"Hydro generation share",energy_water,ons_open_data,daily,2019-01-28,78.7541,pct
hydro_generation_share,"Hydro generation share",energy_water,ons_open_data,daily,2019-01-29,78.7569,pct
hydro_generation_share,"Hydro generation share",energy_water,ons_open_data,daily,2019-01-30,79.3825,pct
hydro_generation_share,"Hydro generation share",energy_water,ons_open_data,daily,2019-01-31,78.9259,pct
hydro_generation_share,"Hydro generation share",energy_water,ons_open_data,daily,2019-02-01,78.8922,pct
hydro_generation_share,"Hydro generation share",energy_water,ons_open_data,daily,2019-02-02,76.1671,pct
hydro_generation_share,"Hydro generation share",energy_water,ons_open_data,daily,2019-02-03,77.3937,pct
hydro_generation_share,"Hydro generation share",energy_water,ons_open_data,daily,2019-02-04,81.0254,pct
hydro_generation_share,"Hydro generation share",energy_water,ons_open_data,daily,2019-02-05,80.9143,pct
hydro_generation_share,"Hydro generation share",energy_water,ons_open_data,daily,2019-02-06,79.6342,pct
hydro_generation_share,"Hydro generation share",energy_water,ons_open_data,daily,2019-02-07,78.0765,pct
hydro_generation_share,"Hydro generation share",energy_water,ons_open_data,daily,2019-02-08,79.1422,pct
hydro_generation_share,"Hydro generation share",energy_water,ons_open_data,daily,2019-02-09,77.3501,pct
hydro_generation_share,"Hydro generation share",energy_water,ons_open_data,daily,2019-02-10,73.8180,pct
hydro_generation_share,"Hydro generation share",energy_water,ons_open_data,daily,2019-02-11,75.5288,pct
hydro_generation_share,"Hydro generation share",energy_water,ons_open_data,daily,2019-02-12,76.8624,pct
hydro_generation_share,"Hydro generation share",energy_water,ons_open_data,daily,2019-02-13,79.2898,pct
hydro_generation_share,"Hydro generation share",energy_water,ons_open_data,daily,2019-02-14,78.6846,pct
hydro_generation_share,"Hydro generation share",energy_water,ons_open_data,daily,2019-02-15,78.1483,pct
hydro_generation_share,"Hydro generation share",energy_water,ons_open_data,daily,2019-02-16,77.0776,pct
hydro_generation_share,"Hydro generation share",energy_water,ons_open_data,daily,2019-02-17,74.0656,pct
hydro_generation_share,"Hydro generation share",energy_water,ons_open_data,daily,2019-02-18,77.7180,pct
hydro_generation_share,"Hydro generation share",energy_water,ons_open_data,daily,2019-02-19,79.0333,pct
hydro_generation_share,"Hydro generation share",energy_water,ons_open_data,daily,2019-02-20,78.9754,pct
hydro_generation_share,"Hydro generation share",energy_water,ons_open_data,daily,2019-02-21,78.7344,pct
hydro_generation_share,"Hydro generation share",energy_water,ons_open_data,daily,2019-02-22,78.2590,pct
hydro_generation_share,"Hydro generation share",energy_water,ons_open_data,daily,2019-02-23,81.2484,pct
hydro_generation_share,"Hydro generation share",energy_water,ons_open_data,daily,2019-02-24,80.6556,pct
hydro_generation_share,"Hydro generation share",energy_water,ons_open_data,daily,2019-02-25,82.2636,pct
hydro_generation_share,"Hydro generation share",energy_water,ons_open_data,daily,2019-02-26,80.8120,pct
hydro_generation_share,"Hydro generation share",energy_water,ons_open_data,daily,2019-02-27,81.2662,pct
hydro_generation_share,"Hydro generation share",energy_water,ons_open_data,daily,2019-02-28,80.7022,pct
hydro_generation_share,"Hydro generation share",energy_water,ons_open_data,daily,2019-03-01,79.7488,pct
hydro_generation_share,"Hydro generation share",energy_water,ons_open_data,daily,2019-03-02,78.4342,pct
hydro_generation_share,"Hydro generation share",energy_water,ons_open_data,daily,2019-03-03,76.8430,pct
hydro_generation_share,"Hydro generation share",energy_water,ons_open_data,daily,2019-03-04,77.0011,pct
hydro_generation_share,"Hydro generation share",energy_water,ons_open_data,daily,2019-03-05,75.2555,pct
hydro_generation_share,"Hydro generation share",energy_water,ons_open_data,daily,2019-03-06,78.0213,pct
hydro_generation_share,"Hydro generation share",energy_water,ons_open_data,daily,2019-03-07,81.5753,pct
hydro_generation_share,"Hydro generation share",energy_water,ons_open_data,daily,2019-03-08,82.9061,pct
hydro_generation_share,"Hydro generation share",energy_water,ons_open_data,daily,2019-03-09,79.1542,pct
hydro_generation_share,"Hydro generation share",energy_water,ons_open_data,daily,2019-03-10,79.4710,pct
hydro_generation_share,"Hydro generation share",energy_water,ons_open_data,daily,2019-03-11,79.7250,pct
hydro_generation_share,"Hydro generation share",energy_water,ons_open_data,daily,2019-03-12,78.0338,pct
hydro_generation_share,"Hydro generation share",energy_water,ons_open_data,daily,2019-03-13,81.0563,pct
hydro_generation_share,"Hydro generation share",energy_water,ons_open_data,daily,2019-03-14,83.1008,pct
hydro_generation_share,"Hydro generation share",energy_water,ons_open_data,daily,2019-03-15,82.4268,pct
hydro_generation_share,"Hydro generation share",energy_water,ons_open_data,daily,2019-03-16,80.8657,pct
hydro_generation_share,"Hydro generation share",energy_water,ons_open_data,daily,2019-03-17,80.3164,pct
hydro_generation_share,"Hydro generation share",energy_water,ons_open_data,daily,2019-03-18,83.3197,pct
hydro_generation_share,"Hydro generation share",energy_water,ons_open_data,daily,2019-03-19,84.1012,pct
hydro_generation_share,"Hydro generation share",energy_water,ons_open_data,daily,2019-03-20,83.0684,pct
hydro_generation_share,"Hydro generation share",energy_water,ons_open_data,daily,2019-03-21,82.7448,pct
hydro_generation_share,"Hydro generation share",energy_water,ons_open_data,daily,2019-03-22,82.6422,pct
hydro_generation_share,"Hydro generation share",energy_water,ons_open_data,daily,2019-03-23,81.1816,pct
hydro_generation_share,"Hydro generation share",energy_water,ons_open_data,daily,2019-03-24,79.0881,pct
hydro_generation_share,"Hydro generation share",energy_water,ons_open_data,daily,2019-03-25,81.5185,pct
hydro_generation_share,"Hydro generation share",energy_water,ons_open_data,daily,2019-03-26,82.0251,pct
hydro_generation_share,"Hydro generation share",energy_water,ons_open_data,daily,2019-03-27,80.4803,pct
hydro_generation_share,"Hydro generation share",energy_water,ons_open_data,daily,2019-03-28,77.1641,pct
hydro_generation_share,"Hydro generation share",energy_water,ons_open_data,daily,2019-03-29,76.2937,pct
hydro_generation_share,"Hydro generation share",energy_water,ons_open_data,daily,2019-03-30,76.4598,pct
hydro_generation_share,"Hydro generation share",energy_water,ons_open_data,daily,2019-03-31,76.8201,pct
hydro_generation_share,"Hydro generation share",energy_water,ons_open_data,daily,2019-04-01,82.1445,pct
hydro_generation_share,"Hydro generation share",energy_water,ons_open_data,daily,2019-04-02,81.4653,pct
hydro_generation_share,"Hydro generation share",energy_water,ons_open_data,daily,2019-04-03,81.7076,pct
hydro_generation_share,"Hydro generation share",energy_water,ons_open_data,daily,2019-04-04,82.3970,pct
hydro_generation_share,"Hydro generation share",energy_water,ons_open_data,daily,2019-04-05,81.9296,pct
hydro_generation_share,"Hydro generation share",energy_water,ons_open_data,daily,2019-04-06,81.7088,pct
hydro_generation_share,"Hydro generation share",energy_water,ons_open_data,daily,2019-04-07,79.0574,pct
hydro_generation_share,"Hydro generation share",energy_water,ons_open_data,daily,2019-04-08,81.5605,pct
hydro_generation_share,"Hydro generation share",energy_water,ons_open_data,daily,2019-04-09,81.0416,pct
hydro_generation_share,"Hydro generation share",energy_water,ons_open_data,daily,2019-04-10,80.9117,pct
hydro_generation_share,"Hydro generation share",energy_water,ons_open_data,daily,2019-04-11,81.2099,pct
hydro_generation_share,"Hydro generation share",energy_water,ons_open_data,daily,2019-04-12,80.2670,pct
hydro_generation_share,"Hydro generation share",energy_water,ons_open_data,daily,2019-04-13,79.1781,pct
hydro_generation_share,"Hydro generation share",energy_water,ons_open_data,daily,2019-04-14,77.1186,pct
hydro_generation_share,"Hydro generation share",energy_water,ons_open_data,daily,2019-04-15,81.4956,pct
hydro_generation_share,"Hydro generation share",energy_water,ons_open_data,daily,2019-04-16,80.7241,pct
hydro_generation_share,"Hydro generation share",energy_water,ons_open_data,daily,2019-04-17,82.3157,pct
hydro_generation_share,"Hydro generation share",energy_water,ons_open_data,daily,2019-04-18,82.4205,pct
hydro_generation_share,"Hydro generation share",energy_water,ons_open_data,daily,2019-04-19,79.4890,pct
hydro_generation_share,"Hydro generation share",energy_water,ons_open_data,daily,2019-04-20,79.3172,pct
hydro_generation_share,"Hydro generation share",energy_water,ons_open_data,daily,2019-04-21,78.0083,pct
hydro_generation_share,"Hydro generation share",energy_water,ons_open_data,daily,2019-04-22,80.3184,pct
hydro_generation_share,"Hydro generation share",energy_water,ons_open_data,daily,2019-04-23,80.2682,pct
hydro_generation_share,"Hydro generation share",energy_water,ons_open_data,daily,2019-04-24,79.3214,pct
hydro_generation_share,"Hydro generation share",energy_water,ons_open_data,daily,2019-04-25,79.5665,pct
hydro_generation_share,"Hydro generation share",energy_water,ons_open_data,daily,2019-04-26,80.3466,pct
hydro_generation_share,"Hydro generation share",energy_water,ons_open_data,daily,2019-04-27,78.5497,pct
hydro_generation_share,"Hydro generation share",energy_water,ons_open_data,daily,2019-04-28,77.7657,pct
hydro_generation_share,"Hydro generation share",energy_water,ons_open_data,daily,2019-04-29,83.3634,pct
hydro_generation_share,"Hydro generation share",energy_water,ons_open_data,daily,2019-04-30,81.4704,pct
hydro_generation_share,"Hydro generation share",energy_water,ons_open_data,daily,2019-05-01,78.6983,pct
hydro_generation_share,"Hydro generation share",energy_water,ons_open_data,daily,2019-05-02,80.5313,pct
hydro_generation_share,"Hydro generation share",energy_water,ons_open_data,daily,2019-05-03,79.4393,pct
hydro_generation_share,"Hydro generation share",energy_water,ons_open_data,daily,2019-05-04,77.6883,pct
hydro_generation_share,"Hydro generation share",energy_water,ons_open_data,daily,2019-05-05,75.7986,pct
hydro_generation_share,"Hydro generation share",energy_water,ons_open_data,daily,2019-05-06,79.5361,pct
hydro_generation_share,"Hydro generation share",energy_water,ons_open_data,daily,2019-05-07,81.9864,pct
hydro_generation_share,"Hydro generation share",energy_water,ons_open_data,daily,2019-05-08,81.2701,pct
hydro_generation_share,"Hydro generation share",energy_water,ons_open_data,daily,2019-05-09,76.8706,pct
hydro_generation_share,"Hydro generation share",energy_water,ons_open_data,daily,2019-05-10,77.8571,pct
hydro_generation_share,"Hydro generation share",energy_water,ons_open_data,daily,2019-05-11,78.4368,pct
hydro_generation_share,"Hydro generation share",energy_water,ons_open_data,daily,2019-05-12,77.7252,pct
hydro_generation_share,"Hydro generation share",energy_water,ons_open_data,daily,2019-05-13,82.5065,pct
hydro_generation_share,"Hydro generation share",energy_water,ons_open_data,daily,2019-05-14,82.8134,pct
hydro_generation_share,"Hydro generation share",energy_water,ons_open_data,daily,2019-05-15,82.8448,pct
hydro_generation_share,"Hydro generation share",energy_water,ons_open_data,daily,2019-05-16,81.5017,pct
hydro_generation_share,"Hydro generation share",energy_water,ons_open_data,daily,2019-05-17,80.7580,pct
hydro_generation_share,"Hydro generation share",energy_water,ons_open_data,daily,2019-05-18,77.6680,pct
hydro_generation_share,"Hydro generation share",energy_water,ons_open_data,daily,2019-05-19,75.9779,pct
hydro_generation_share,"Hydro generation share",energy_water,ons_open_data,daily,2019-05-20,79.4199,pct
hydro_generation_share,"Hydro generation share",energy_water,ons_open_data,daily,2019-05-21,78.4212,pct
hydro_generation_share,"Hydro generation share",energy_water,ons_open_data,daily,2019-05-22,79.4012,pct
hydro_generation_share,"Hydro generation share",energy_water,ons_open_data,daily,2019-05-23,78.8840,pct
hydro_generation_share,"Hydro generation share",energy_water,ons_open_data,daily,2019-05-24,78.8411,pct
hydro_generation_share,"Hydro generation share",energy_water,ons_open_data,daily,2019-05-25,76.6059,pct
hydro_generation_share,"Hydro generation share",energy_water,ons_open_data,daily,2019-05-26,72.5957,pct
hydro_generation_share,"Hydro generation share",energy_water,ons_open_data,daily,2019-05-27,75.3539,pct
hydro_generation_share,"Hydro generation share",energy_water,ons_open_data,daily,2019-05-28,76.0521,pct
hydro_generation_share,"Hydro generation share",energy_water,ons_open_data,daily,2019-05-29,77.0116,pct
hydro_generation_share,"Hydro generation share",energy_water,ons_open_data,daily,2019-05-30,75.9153,pct
hydro_generation_share,"Hydro generation share",energy_water,ons_open_data,daily,2019-05-31,76.8895,pct
hydro_generation_share,"Hydro generation share",energy_water,ons_open_data,daily,2019-06-01,77.8150,pct
hydro_generation_share,"Hydro generation share",energy_water,ons_open_data,daily,2019-06-02,75.2896,pct
hydro_generation_share,"Hydro generation share",energy_water,ons_open_data,daily,2019-06-03,77.0096,pct
hydro_generation_share,"Hydro generation share",energy_water,ons_open_data,daily,2019-06-04,78.9191,pct
hydro_generation_share,"Hydro generation share",energy_water,ons_open_data,daily,2019-06-05,74.8614,pct
hydro_generation_share,"Hydro generation share",energy_water,ons_open_data,daily,2019-06-06,73.3320,pct
hydro_generation_share,"Hydro generation share",energy_water,ons_open_data,daily,2019-06-07,74.9629,pct
hydro_generation_share,"Hydro generation share",energy_water,ons_open_data,daily,2019-06-08,74.1003,pct
hydro_generation_share,"Hydro generation share",energy_water,ons_open_data,daily,2019-06-09,70.6209,pct
hydro_generation_share,"Hydro generation share",energy_water,ons_open_data,daily,2019-06-10,73.7225,pct
hydro_generation_share,"Hydro generation share",energy_water,ons_open_data,daily,2019-06-11,75.4976,pct
hydro_generation_share,"Hydro generation share",energy_water,ons_open_data,daily,2019-06-12,76.2374,pct
hydro_generation_share,"Hydro generation share",energy_water,ons_open_data,daily,2019-06-13,76.0086,pct
hydro_generation_share,"Hydro generation share",energy_water,ons_open_data,daily,2019-06-14,75.2459,pct
hydro_generation_share,"Hydro generation share",energy_water,ons_open_data,daily,2019-06-15,72.2272,pct
hydro_generation_share,"Hydro generation share",energy_water,ons_open_data,daily,2019-06-16,70.8217,pct
hydro_generation_share,"Hydro generation share",energy_water,ons_open_data,daily,2019-06-17,75.3119,pct
hydro_generation_share,"Hydro generation share",energy_water,ons_open_data,daily,2019-06-18,75.2754,pct
hydro_generation_share,"Hydro generation share",energy_water,ons_open_data,daily,2019-06-19,74.4770,pct
hydro_generation_share,"Hydro generation share",energy_water,ons_open_data,daily,2019-06-20,70.7699,pct
hydro_generation_share,"Hydro generation share",energy_water,ons_open_data,daily,2019-06-21,68.9797,pct
hydro_generation_share,"Hydro generation share",energy_water,ons_open_data,daily,2019-06-22,68.5434,pct
hydro_generation_share,"Hydro generation share",energy_water,ons_open_data,daily,2019-06-23,67.8549,pct
hydro_generation_share,"Hydro generation share",energy_water,ons_open_data,daily,2019-06-24,72.2281,pct
hydro_generation_share,"Hydro generation share",energy_water,ons_open_data,daily,2019-06-25,71.5830,pct
hydro_generation_share,"Hydro generation share",energy_water,ons_open_data,daily,2019-06-26,72.3010,pct
hydro_generation_share,"Hydro generation share",energy_water,ons_open_data,daily,2019-06-27,72.7115,pct
hydro_generation_share,"Hydro generation share",energy_water,ons_open_data,daily,2019-06-28,71.9266,pct
hydro_generation_share,"Hydro generation share",energy_water,ons_open_data,daily,2019-06-29,70.1948,pct
hydro_generation_share,"Hydro generation share",energy_water,ons_open_data,daily,2019-06-30,67.5409,pct
hydro_generation_share,"Hydro generation share",energy_water,ons_open_data,daily,2019-07-01,70.7992,pct
hydro_generation_share,"Hydro generation share",energy_water,ons_open_data,daily,2019-07-02,73.1609,pct
hydro_generation_share,"Hydro generation share",energy_water,ons_open_data,daily,2019-07-03,74.0291,pct
hydro_generation_share,"Hydro generation share",energy_water,ons_open_data,daily,2019-07-04,73.0583,pct
hydro_generation_share,"Hydro generation share",energy_water,ons_open_data,daily,2019-07-05,72.3911,pct
hydro_generation_share,"Hydro generation share",energy_water,ons_open_data,daily,2019-07-06,73.4021,pct
hydro_generation_share,"Hydro generation share",energy_water,ons_open_data,daily,2019-07-07,69.9839,pct
hydro_generation_share,"Hydro generation share",energy_water,ons_open_data,daily,2019-07-08,66.9825,pct
hydro_generation_share,"Hydro generation share",energy_water,ons_open_data,daily,2019-07-09,67.5566,pct
hydro_generation_share,"Hydro generation share",energy_water,ons_open_data,daily,2019-07-10,70.1627,pct
hydro_generation_share,"Hydro generation share",energy_water,ons_open_data,daily,2019-07-11,69.2359,pct
hydro_generation_share,"Hydro generation share",energy_water,ons_open_data,daily,2019-07-12,68.7187,pct
hydro_generation_share,"Hydro generation share",energy_water,ons_open_data,daily,2019-07-13,69.2085,pct
hydro_generation_share,"Hydro generation share",energy_water,ons_open_data,daily,2019-07-14,66.7599,pct
hydro_generation_share,"Hydro generation share",energy_water,ons_open_data,daily,2019-07-15,68.5760,pct
hydro_generation_share,"Hydro generation share",energy_water,ons_open_data,daily,2019-07-16,69.4101,pct
hydro_generation_share,"Hydro generation share",energy_water,ons_open_data,daily,2019-07-17,67.8935,pct
hydro_generation_share,"Hydro generation share",energy_water,ons_open_data,daily,2019-07-18,64.1082,pct
hydro_generation_share,"Hydro generation share",energy_water,ons_open_data,daily,2019-07-19,65.3837,pct
hydro_generation_share,"Hydro generation share",energy_water,ons_open_data,daily,2019-07-20,67.3884,pct
hydro_generation_share,"Hydro generation share",energy_water,ons_open_data,daily,2019-07-21,63.0966,pct
hydro_generation_share,"Hydro generation share",energy_water,ons_open_data,daily,2019-07-22,66.7673,pct
hydro_generation_share,"Hydro generation share",energy_water,ons_open_data,daily,2019-07-23,66.3988,pct
hydro_generation_share,"Hydro generation share",energy_water,ons_open_data,daily,2019-07-24,66.5105,pct
hydro_generation_share,"Hydro generation share",energy_water,ons_open_data,daily,2019-07-25,64.4978,pct
hydro_generation_share,"Hydro generation share",energy_water,ons_open_data,daily,2019-07-26,64.7754,pct
hydro_generation_share,"Hydro generation share",energy_water,ons_open_data,daily,2019-07-27,65.0421,pct
hydro_generation_share,"Hydro generation share",energy_water,ons_open_data,daily,2019-07-28,61.8343,pct
hydro_generation_share,"Hydro generation share",energy_water,ons_open_data,daily,2019-07-29,64.6985,pct
hydro_generation_share,"Hydro generation share",energy_water,ons_open_data,daily,2019-07-30,65.4046,pct
hydro_generation_share,"Hydro generation share",energy_water,ons_open_data,daily,2019-07-31,67.5236,pct
hydro_generation_share,"Hydro generation share",energy_water,ons_open_data,daily,2019-08-01,65.0413,pct
hydro_generation_share,"Hydro generation share",energy_water,ons_open_data,daily,2019-08-02,63.9268,pct
hydro_generation_share,"Hydro generation share",energy_water,ons_open_data,daily,2019-08-03,60.8099,pct
hydro_generation_share,"Hydro generation share",energy_water,ons_open_data,daily,2019-08-04,60.0616,pct
hydro_generation_share,"Hydro generation share",energy_water,ons_open_data,daily,2019-08-05,63.0577,pct
hydro_generation_share,"Hydro generation share",energy_water,ons_open_data,daily,2019-08-06,63.5116,pct
hydro_generation_share,"Hydro generation share",energy_water,ons_open_data,daily,2019-08-07,63.6899,pct
hydro_generation_share,"Hydro generation share",energy_water,ons_open_data,daily,2019-08-08,62.3120,pct
hydro_generation_share,"Hydro generation share",energy_water,ons_open_data,daily,2019-08-09,63.9033,pct
hydro_generation_share,"Hydro generation share",energy_water,ons_open_data,daily,2019-08-10,61.4058,pct
hydro_generation_share,"Hydro generation share",energy_water,ons_open_data,daily,2019-08-11,59.5313,pct
hydro_generation_share,"Hydro generation share",energy_water,ons_open_data,daily,2019-08-12,64.2678,pct
hydro_generation_share,"Hydro generation share",energy_water,ons_open_data,daily,2019-08-13,64.2955,pct
hydro_generation_share,"Hydro generation share",energy_water,ons_open_data,daily,2019-08-14,65.4226,pct
hydro_generation_share,"Hydro generation share",energy_water,ons_open_data,daily,2019-08-15,61.7123,pct
hydro_generation_share,"Hydro generation share",energy_water,ons_open_data,daily,2019-08-16,61.8560,pct
hydro_generation_share,"Hydro generation share",energy_water,ons_open_data,daily,2019-08-17,58.8728,pct
hydro_generation_share,"Hydro generation share",energy_water,ons_open_data,daily,2019-08-18,57.3911,pct
hydro_generation_share,"Hydro generation share",energy_water,ons_open_data,daily,2019-08-19,64.4430,pct
hydro_generation_share,"Hydro generation share",energy_water,ons_open_data,daily,2019-08-20,63.3861,pct
hydro_generation_share,"Hydro generation share",energy_water,ons_open_data,daily,2019-08-21,64.1674,pct
hydro_generation_share,"Hydro generation share",energy_water,ons_open_data,daily,2019-08-22,62.4153,pct
hydro_generation_share,"Hydro generation share",energy_water,ons_open_data,daily,2019-08-23,62.5888,pct
hydro_generation_share,"Hydro generation share",energy_water,ons_open_data,daily,2019-08-24,62.8244,pct
hydro_generation_share,"Hydro generation share",energy_water,ons_open_data,daily,2019-08-25,57.6373,pct
hydro_generation_share,"Hydro generation share",energy_water,ons_open_data,daily,2019-08-26,60.7742,pct
hydro_generation_share,"Hydro generation share",energy_water,ons_open_data,daily,2019-08-27,63.0482,pct
hydro_generation_share,"Hydro generation share",energy_water,ons_open_data,daily,2019-08-28,62.0366,pct
hydro_generation_share,"Hydro generation share",energy_water,ons_open_data,daily,2019-08-29,61.8941,pct
hydro_generation_share,"Hydro generation share",energy_water,ons_open_data,daily,2019-08-30,62.1014,pct
hydro_generation_share,"Hydro generation share",energy_water,ons_open_data,daily,2019-08-31,62.4974,pct
hydro_generation_share,"Hydro generation share",energy_water,ons_open_data,daily,2019-09-01,61.2374,pct
hydro_generation_share,"Hydro generation share",energy_water,ons_open_data,daily,2019-09-02,67.4733,pct
hydro_generation_share,"Hydro generation share",energy_water,ons_open_data,daily,2019-09-03,66.0432,pct
hydro_generation_share,"Hydro generation share",energy_water,ons_open_data,daily,2019-09-04,65.3845,pct
hydro_generation_share,"Hydro generation share",energy_water,ons_open_data,daily,2019-09-05,64.5686,pct
hydro_generation_share,"Hydro generation share",energy_water,ons_open_data,daily,2019-09-06,59.0887,pct
hydro_generation_share,"Hydro generation share",energy_water,ons_open_data,daily,2019-09-07,57.5731,pct
hydro_generation_share,"Hydro generation share",energy_water,ons_open_data,daily,2019-09-08,57.8671,pct
hydro_generation_share,"Hydro generation share",energy_water,ons_open_data,daily,2019-09-09,64.3780,pct
hydro_generation_share,"Hydro generation share",energy_water,ons_open_data,daily,2019-09-10,66.3320,pct
hydro_generation_share,"Hydro generation share",energy_water,ons_open_data,daily,2019-09-11,66.6918,pct
hydro_generation_share,"Hydro generation share",energy_water,ons_open_data,daily,2019-09-12,67.5146,pct
hydro_generation_share,"Hydro generation share",energy_water,ons_open_data,daily,2019-09-13,67.6889,pct
hydro_generation_share,"Hydro generation share",energy_water,ons_open_data,daily,2019-09-14,61.3918,pct
hydro_generation_share,"Hydro generation share",energy_water,ons_open_data,daily,2019-09-15,59.4026,pct
hydro_generation_share,"Hydro generation share",energy_water,ons_open_data,daily,2019-09-16,64.7729,pct
hydro_generation_share,"Hydro generation share",energy_water,ons_open_data,daily,2019-09-17,67.9234,pct
hydro_generation_share,"Hydro generation share",energy_water,ons_open_data,daily,2019-09-18,68.9057,pct
hydro_generation_share,"Hydro generation share",energy_water,ons_open_data,daily,2019-09-19,66.4068,pct
hydro_generation_share,"Hydro generation share",energy_water,ons_open_data,daily,2019-09-20,66.9723,pct
hydro_generation_share,"Hydro generation share",energy_water,ons_open_data,daily,2019-09-21,64.7770,pct
hydro_generation_share,"Hydro generation share",energy_water,ons_open_data,daily,2019-09-22,59.7990,pct
hydro_generation_share,"Hydro generation share",energy_water,ons_open_data,daily,2019-09-23,62.7512,pct
hydro_generation_share,"Hydro generation share",energy_water,ons_open_data,daily,2019-09-24,63.6216,pct
hydro_generation_share,"Hydro generation share",energy_water,ons_open_data,daily,2019-09-25,65.5817,pct
hydro_generation_share,"Hydro generation share",energy_water,ons_open_data,daily,2019-09-26,66.2703,pct
hydro_generation_share,"Hydro generation share",energy_water,ons_open_data,daily,2019-09-27,67.5056,pct
hydro_generation_share,"Hydro generation share",energy_water,ons_open_data,daily,2019-09-28,62.9011,pct
hydro_generation_share,"Hydro generation share",energy_water,ons_open_data,daily,2019-09-29,59.0979,pct
hydro_generation_share,"Hydro generation share",energy_water,ons_open_data,daily,2019-09-30,65.1245,pct
hydro_generation_share,"Hydro generation share",energy_water,ons_open_data,daily,2019-10-01,65.0513,pct
hydro_generation_share,"Hydro generation share",energy_water,ons_open_data,daily,2019-10-02,67.0664,pct
hydro_generation_share,"Hydro generation share",energy_water,ons_open_data,daily,2019-10-03,65.2239,pct
hydro_generation_share,"Hydro generation share",energy_water,ons_open_data,daily,2019-10-04,64.3196,pct
hydro_generation_share,"Hydro generation share",energy_water,ons_open_data,daily,2019-10-05,61.7807,pct
hydro_generation_share,"Hydro generation share",energy_water,ons_open_data,daily,2019-10-06,60.9943,pct
hydro_generation_share,"Hydro generation share",energy_water,ons_open_data,daily,2019-10-07,65.2584,pct
hydro_generation_share,"Hydro generation share",energy_water,ons_open_data,daily,2019-10-08,63.0891,pct
hydro_generation_share,"Hydro generation share",energy_water,ons_open_data,daily,2019-10-09,62.0617,pct
hydro_generation_share,"Hydro generation share",energy_water,ons_open_data,daily,2019-10-10,61.7276,pct
hydro_generation_share,"Hydro generation share",energy_water,ons_open_data,daily,2019-10-11,62.3850,pct
hydro_generation_share,"Hydro generation share",energy_water,ons_open_data,daily,2019-10-12,59.7040,pct
hydro_generation_share,"Hydro generation share",energy_water,ons_open_data,daily,2019-10-13,61.5989,pct
hydro_generation_share,"Hydro generation share",energy_water,ons_open_data,daily,2019-10-14,66.7218,pct
hydro_generation_share,"Hydro generation share",energy_water,ons_open_data,daily,2019-10-15,64.4853,pct
hydro_generation_share,"Hydro generation share",energy_water,ons_open_data,daily,2019-10-16,62.9651,pct
hydro_generation_share,"Hydro generation share",energy_water,ons_open_data,daily,2019-10-17,64.4683,pct
hydro_generation_share,"Hydro generation share",energy_water,ons_open_data,daily,2019-10-18,67.5303,pct
hydro_generation_share,"Hydro generation share",energy_water,ons_open_data,daily,2019-10-19,68.0027,pct
hydro_generation_share,"Hydro generation share",energy_water,ons_open_data,daily,2019-10-20,66.5585,pct
hydro_generation_share,"Hydro generation share",energy_water,ons_open_data,daily,2019-10-21,70.9958,pct
hydro_generation_share,"Hydro generation share",energy_water,ons_open_data,daily,2019-10-22,74.1994,pct
hydro_generation_share,"Hydro generation share",energy_water,ons_open_data,daily,2019-10-23,74.0901,pct
hydro_generation_share,"Hydro generation share",energy_water,ons_open_data,daily,2019-10-24,67.4177,pct
hydro_generation_share,"Hydro generation share",energy_water,ons_open_data,daily,2019-10-25,65.7103,pct
hydro_generation_share,"Hydro generation share",energy_water,ons_open_data,daily,2019-10-26,62.5510,pct
hydro_generation_share,"Hydro generation share",energy_water,ons_open_data,daily,2019-10-27,59.1413,pct
hydro_generation_share,"Hydro generation share",energy_water,ons_open_data,daily,2019-10-28,63.0175,pct
hydro_generation_share,"Hydro generation share",energy_water,ons_open_data,daily,2019-10-29,64.8955,pct
hydro_generation_share,"Hydro generation share",energy_water,ons_open_data,daily,2019-10-30,66.6124,pct
hydro_generation_share,"Hydro generation share",energy_water,ons_open_data,daily,2019-10-31,67.4587,pct
hydro_generation_share,"Hydro generation share",energy_water,ons_open_data,daily,2019-11-01,66.7423,pct
hydro_generation_share,"Hydro generation share",energy_water,ons_open_data,daily,2019-11-02,59.0742,pct
hydro_generation_share,"Hydro generation share",energy_water,ons_open_data,daily,2019-11-03,61.7693,pct
hydro_generation_share,"Hydro generation share",energy_water,ons_open_data,daily,2019-11-04,70.1075,pct
hydro_generation_share,"Hydro generation share",energy_water,ons_open_data,daily,2019-11-05,69.3812,pct
hydro_generation_share,"Hydro generation share",energy_water,ons_open_data,daily,2019-11-06,67.4191,pct
hydro_generation_share,"Hydro generation share",energy_water,ons_open_data,daily,2019-11-07,66.0609,pct
hydro_generation_share,"Hydro generation share",energy_water,ons_open_data,daily,2019-11-08,66.0644,pct
hydro_generation_share,"Hydro generation share",energy_water,ons_open_data,daily,2019-11-09,61.2548,pct
hydro_generation_share,"Hydro generation share",energy_water,ons_open_data,daily,2019-11-10,59.1973,pct
hydro_generation_share,"Hydro generation share",energy_water,ons_open_data,daily,2019-11-11,64.9476,pct
hydro_generation_share,"Hydro generation share",energy_water,ons_open_data,daily,2019-11-12,63.6225,pct
hydro_generation_share,"Hydro generation share",energy_water,ons_open_data,daily,2019-11-13,64.6081,pct
hydro_generation_share,"Hydro generation share",energy_water,ons_open_data,daily,2019-11-14,66.1167,pct
hydro_generation_share,"Hydro generation share",energy_water,ons_open_data,daily,2019-11-15,64.7769,pct
hydro_generation_share,"Hydro generation share",energy_water,ons_open_data,daily,2019-11-16,66.1012,pct
hydro_generation_share,"Hydro generation share",energy_water,ons_open_data,daily,2019-11-17,62.5989,pct
hydro_generation_share,"Hydro generation share",energy_water,ons_open_data,daily,2019-11-18,66.7123,pct
hydro_generation_share,"Hydro generation share",energy_water,ons_open_data,daily,2019-11-19,65.2531,pct
hydro_generation_share,"Hydro generation share",energy_water,ons_open_data,daily,2019-11-20,64.8343,pct
hydro_generation_share,"Hydro generation share",energy_water,ons_open_data,daily,2019-11-21,65.6030,pct
hydro_generation_share,"Hydro generation share",energy_water,ons_open_data,daily,2019-11-22,67.9638,pct
hydro_generation_share,"Hydro generation share",energy_water,ons_open_data,daily,2019-11-23,67.7630,pct
hydro_generation_share,"Hydro generation share",energy_water,ons_open_data,daily,2019-11-24,66.7344,pct
hydro_generation_share,"Hydro generation share",energy_water,ons_open_data,daily,2019-11-25,69.3213,pct
hydro_generation_share,"Hydro generation share",energy_water,ons_open_data,daily,2019-11-26,68.4165,pct
hydro_generation_share,"Hydro generation share",energy_water,ons_open_data,daily,2019-11-27,69.3177,pct
hydro_generation_share,"Hydro generation share",energy_water,ons_open_data,daily,2019-11-28,70.4579,pct
hydro_generation_share,"Hydro generation share",energy_water,ons_open_data,daily,2019-11-29,69.5932,pct
hydro_generation_share,"Hydro generation share",energy_water,ons_open_data,daily,2019-11-30,69.7516,pct
hydro_generation_share,"Hydro generation share",energy_water,ons_open_data,daily,2019-12-01,68.6622,pct
hydro_generation_share,"Hydro generation share",energy_water,ons_open_data,daily,2019-12-02,74.4109,pct
hydro_generation_share,"Hydro generation share",energy_water,ons_open_data,daily,2019-12-03,73.7619,pct
hydro_generation_share,"Hydro generation share",energy_water,ons_open_data,daily,2019-12-04,71.4791,pct
hydro_generation_share,"Hydro generation share",energy_water,ons_open_data,daily,2019-12-05,73.2631,pct
hydro_generation_share,"Hydro generation share",energy_water,ons_open_data,daily,2019-12-06,75.8086,pct
hydro_generation_share,"Hydro generation share",energy_water,ons_open_data,daily,2019-12-07,75.5093,pct
hydro_generation_share,"Hydro generation share",energy_water,ons_open_data,daily,2019-12-08,70.8014,pct
hydro_generation_share,"Hydro generation share",energy_water,ons_open_data,daily,2019-12-09,73.3981,pct
hydro_generation_share,"Hydro generation share",energy_water,ons_open_data,daily,2019-12-10,74.5332,pct
hydro_generation_share,"Hydro generation share",energy_water,ons_open_data,daily,2019-12-11,74.0585,pct
hydro_generation_share,"Hydro generation share",energy_water,ons_open_data,daily,2019-12-12,73.3761,pct
hydro_generation_share,"Hydro generation share",energy_water,ons_open_data,daily,2019-12-13,71.0986,pct
hydro_generation_share,"Hydro generation share",energy_water,ons_open_data,daily,2019-12-14,65.0747,pct
hydro_generation_share,"Hydro generation share",energy_water,ons_open_data,daily,2019-12-15,63.8333,pct
hydro_generation_share,"Hydro generation share",energy_water,ons_open_data,daily,2019-12-16,70.3612,pct
hydro_generation_share,"Hydro generation share",energy_water,ons_open_data,daily,2019-12-17,71.7899,pct
hydro_generation_share,"Hydro generation share",energy_water,ons_open_data,daily,2019-12-18,69.0721,pct
hydro_generation_share,"Hydro generation share",energy_water,ons_open_data,daily,2019-12-19,66.9799,pct
hydro_generation_share,"Hydro generation share",energy_water,ons_open_data,daily,2019-12-20,67.5333,pct
hydro_generation_share,"Hydro generation share",energy_water,ons_open_data,daily,2019-12-21,65.5316,pct
hydro_generation_share,"Hydro generation share",energy_water,ons_open_data,daily,2019-12-22,63.3823,pct
hydro_generation_share,"Hydro generation share",energy_water,ons_open_data,daily,2019-12-23,68.7956,pct
hydro_generation_share,"Hydro generation share",energy_water,ons_open_data,daily,2019-12-24,65.5260,pct
hydro_generation_share,"Hydro generation share",energy_water,ons_open_data,daily,2019-12-25,62.2311,pct
hydro_generation_share,"Hydro generation share",energy_water,ons_open_data,daily,2019-12-26,68.0394,pct
hydro_generation_share,"Hydro generation share",energy_water,ons_open_data,daily,2019-12-27,68.5705,pct
hydro_generation_share,"Hydro generation share",energy_water,ons_open_data,daily,2019-12-28,67.3176,pct
hydro_generation_share,"Hydro generation share",energy_water,ons_open_data,daily,2019-12-29,65.8952,pct
hydro_generation_share,"Hydro generation share",energy_water,ons_open_data,daily,2019-12-30,71.1518,pct
hydro_generation_share,"Hydro generation share",energy_water,ons_open_data,daily,2019-12-31,73.4111,pct
hydro_generation_share,"Hydro generation share",energy_water,ons_open_data,daily,2020-01-01,71.0580,pct
hydro_generation_share,"Hydro generation share",energy_water,ons_open_data,daily,2020-01-02,72.2319,pct
hydro_generation_share,"Hydro generation share",energy_water,ons_open_data,daily,2020-01-03,71.5311,pct
hydro_generation_share,"Hydro generation share",energy_water,ons_open_data,daily,2020-01-04,71.3771,pct
hydro_generation_share,"Hydro generation share",energy_water,ons_open_data,daily,2020-01-05,70.0125,pct
hydro_generation_share,"Hydro generation share",energy_water,ons_open_data,daily,2020-01-06,74.3831,pct
hydro_generation_share,"Hydro generation share",energy_water,ons_open_data,daily,2020-01-07,76.6209,pct
hydro_generation_share,"Hydro generation share",energy_water,ons_open_data,daily,2020-01-08,77.3488,pct
hydro_generation_share,"Hydro generation share",energy_water,ons_open_data,daily,2020-01-09,77.4258,pct
hydro_generation_share,"Hydro generation share",energy_water,ons_open_data,daily,2020-01-10,75.2459,pct
hydro_generation_share,"Hydro generation share",energy_water,ons_open_data,daily,2020-01-11,74.6235,pct
hydro_generation_share,"Hydro generation share",energy_water,ons_open_data,daily,2020-01-12,72.6469,pct
hydro_generation_share,"Hydro generation share",energy_water,ons_open_data,daily,2020-01-13,77.0411,pct
hydro_generation_share,"Hydro generation share",energy_water,ons_open_data,daily,2020-01-14,75.6045,pct
hydro_generation_share,"Hydro generation share",energy_water,ons_open_data,daily,2020-01-15,76.7155,pct
hydro_generation_share,"Hydro generation share",energy_water,ons_open_data,daily,2020-01-16,77.0558,pct
hydro_generation_share,"Hydro generation share",energy_water,ons_open_data,daily,2020-01-17,76.4780,pct
hydro_generation_share,"Hydro generation share",energy_water,ons_open_data,daily,2020-01-18,69.6975,pct
hydro_generation_share,"Hydro generation share",energy_water,ons_open_data,daily,2020-01-19,67.5424,pct
hydro_generation_share,"Hydro generation share",energy_water,ons_open_data,daily,2020-01-20,74.7037,pct
hydro_generation_share,"Hydro generation share",energy_water,ons_open_data,daily,2020-01-21,77.0614,pct
hydro_generation_share,"Hydro generation share",energy_water,ons_open_data,daily,2020-01-22,76.1918,pct
hydro_generation_share,"Hydro generation share",energy_water,ons_open_data,daily,2020-01-23,74.7623,pct
hydro_generation_share,"Hydro generation share",energy_water,ons_open_data,daily,2020-01-24,75.2184,pct
hydro_generation_share,"Hydro generation share",energy_water,ons_open_data,daily,2020-01-25,73.9255,pct
hydro_generation_share,"Hydro generation share",energy_water,ons_open_data,daily,2020-01-26,72.2820,pct
hydro_generation_share,"Hydro generation share",energy_water,ons_open_data,daily,2020-01-27,76.6139,pct
hydro_generation_share,"Hydro generation share",energy_water,ons_open_data,daily,2020-01-28,77.0110,pct
hydro_generation_share,"Hydro generation share",energy_water,ons_open_data,daily,2020-01-29,73.8085,pct
hydro_generation_share,"Hydro generation share",energy_water,ons_open_data,daily,2020-01-30,73.2946,pct
hydro_generation_share,"Hydro generation share",energy_water,ons_open_data,daily,2020-01-31,76.4549,pct
hydro_generation_share,"Hydro generation share",energy_water,ons_open_data,daily,2020-02-01,81.3514,pct
hydro_generation_share,"Hydro generation share",energy_water,ons_open_data,daily,2020-02-02,78.6664,pct
hydro_generation_share,"Hydro generation share",energy_water,ons_open_data,daily,2020-02-03,80.7228,pct
hydro_generation_share,"Hydro generation share",energy_water,ons_open_data,daily,2020-02-04,79.7959,pct
hydro_generation_share,"Hydro generation share",energy_water,ons_open_data,daily,2020-02-05,79.5040,pct
hydro_generation_share,"Hydro generation share",energy_water,ons_open_data,daily,2020-02-06,81.4880,pct
hydro_generation_share,"Hydro generation share",energy_water,ons_open_data,daily,2020-02-07,79.7765,pct
hydro_generation_share,"Hydro generation share",energy_water,ons_open_data,daily,2020-02-08,78.4331,pct
hydro_generation_share,"Hydro generation share",energy_water,ons_open_data,daily,2020-02-09,76.1147,pct
hydro_generation_share,"Hydro generation share",energy_water,ons_open_data,daily,2020-02-10,79.5865,pct
hydro_generation_share,"Hydro generation share",energy_water,ons_open_data,daily,2020-02-11,76.2097,pct
hydro_generation_share,"Hydro generation share",energy_water,ons_open_data,daily,2020-02-12,77.9130,pct
hydro_generation_share,"Hydro generation share",energy_water,ons_open_data,daily,2020-02-13,79.8993,pct
hydro_generation_share,"Hydro generation share",energy_water,ons_open_data,daily,2020-02-14,78.0156,pct
hydro_generation_share,"Hydro generation share",energy_water,ons_open_data,daily,2020-02-15,79.8989,pct
hydro_generation_share,"Hydro generation share",energy_water,ons_open_data,daily,2020-02-16,78.9847,pct
hydro_generation_share,"Hydro generation share",energy_water,ons_open_data,daily,2020-02-17,80.5776,pct
hydro_generation_share,"Hydro generation share",energy_water,ons_open_data,daily,2020-02-18,80.2915,pct
hydro_generation_share,"Hydro generation share",energy_water,ons_open_data,daily,2020-02-19,80.5268,pct
hydro_generation_share,"Hydro generation share",energy_water,ons_open_data,daily,2020-02-20,80.8841,pct
hydro_generation_share,"Hydro generation share",energy_water,ons_open_data,daily,2020-02-21,81.6555,pct
hydro_generation_share,"Hydro generation share",energy_water,ons_open_data,daily,2020-02-22,82.2512,pct
hydro_generation_share,"Hydro generation share",energy_water,ons_open_data,daily,2020-02-23,80.0853,pct
hydro_generation_share,"Hydro generation share",energy_water,ons_open_data,daily,2020-02-24,75.5376,pct
hydro_generation_share,"Hydro generation share",energy_water,ons_open_data,daily,2020-02-25,76.7429,pct
hydro_generation_share,"Hydro generation share",energy_water,ons_open_data,daily,2020-02-26,81.0809,pct
hydro_generation_share,"Hydro generation share",energy_water,ons_open_data,daily,2020-02-27,83.4752,pct
hydro_generation_share,"Hydro generation share",energy_water,ons_open_data,daily,2020-02-28,83.2003,pct
hydro_generation_share,"Hydro generation share",energy_water,ons_open_data,daily,2020-02-29,83.1187,pct
hydro_generation_share,"Hydro generation share",energy_water,ons_open_data,daily,2020-03-01,83.1905,pct
hydro_generation_share,"Hydro generation share",energy_water,ons_open_data,daily,2020-03-02,85.0222,pct
hydro_generation_share,"Hydro generation share",energy_water,ons_open_data,daily,2020-03-03,86.7373,pct
hydro_generation_share,"Hydro generation share",energy_water,ons_open_data,daily,2020-03-04,88.3784,pct
hydro_generation_share,"Hydro generation share",energy_water,ons_open_data,daily,2020-03-05,89.4601,pct
hydro_generation_share,"Hydro generation share",energy_water,ons_open_data,daily,2020-03-06,89.0648,pct
hydro_generation_share,"Hydro generation share",energy_water,ons_open_data,daily,2020-03-07,85.7038,pct
hydro_generation_share,"Hydro generation share",energy_water,ons_open_data,daily,2020-03-08,83.1576,pct
hydro_generation_share,"Hydro generation share",energy_water,ons_open_data,daily,2020-03-09,84.9773,pct
hydro_generation_share,"Hydro generation share",energy_water,ons_open_data,daily,2020-03-10,85.9617,pct
hydro_generation_share,"Hydro generation share",energy_water,ons_open_data,daily,2020-03-11,85.2059,pct
hydro_generation_share,"Hydro generation share",energy_water,ons_open_data,daily,2020-03-12,83.3511,pct
hydro_generation_share,"Hydro generation share",energy_water,ons_open_data,daily,2020-03-13,80.7629,pct
hydro_generation_share,"Hydro generation share",energy_water,ons_open_data,daily,2020-03-14,76.0590,pct
hydro_generation_share,"Hydro generation share",energy_water,ons_open_data,daily,2020-03-15,75.7855,pct
hydro_generation_share,"Hydro generation share",energy_water,ons_open_data,daily,2020-03-16,82.2413,pct
hydro_generation_share,"Hydro generation share",energy_water,ons_open_data,daily,2020-03-17,82.5498,pct
hydro_generation_share,"Hydro generation share",energy_water,ons_open_data,daily,2020-03-18,82.8292,pct
hydro_generation_share,"Hydro generation share",energy_water,ons_open_data,daily,2020-03-19,82.8043,pct
hydro_generation_share,"Hydro generation share",energy_water,ons_open_data,daily,2020-03-20,84.5593,pct
hydro_generation_share,"Hydro generation share",energy_water,ons_open_data,daily,2020-03-21,83.8341,pct
hydro_generation_share,"Hydro generation share",energy_water,ons_open_data,daily,2020-03-22,82.4878,pct
hydro_generation_share,"Hydro generation share",energy_water,ons_open_data,daily,2020-03-23,81.3188,pct
hydro_generation_share,"Hydro generation share",energy_water,ons_open_data,daily,2020-03-24,80.2049,pct
hydro_generation_share,"Hydro generation share",energy_water,ons_open_data,daily,2020-03-25,81.5255,pct
hydro_generation_share,"Hydro generation share",energy_water,ons_open_data,daily,2020-03-26,79.4121,pct
hydro_generation_share,"Hydro generation share",energy_water,ons_open_data,daily,2020-03-27,74.3542,pct
hydro_generation_share,"Hydro generation share",energy_water,ons_open_data,daily,2020-03-28,76.3541,pct
hydro_generation_share,"Hydro generation share",energy_water,ons_open_data,daily,2020-03-29,76.7525,pct
hydro_generation_share,"Hydro generation share",energy_water,ons_open_data,daily,2020-03-30,77.5935,pct
hydro_generation_share,"Hydro generation share",energy_water,ons_open_data,daily,2020-03-31,76.9915,pct
hydro_generation_share,"Hydro generation share",energy_water,ons_open_data,daily,2020-04-01,74.4890,pct
hydro_generation_share,"Hydro generation share",energy_water,ons_open_data,daily,2020-04-02,76.6506,pct
hydro_generation_share,"Hydro generation share",energy_water,ons_open_data,daily,2020-04-03,78.6321,pct
hydro_generation_share,"Hydro generation share",energy_water,ons_open_data,daily,2020-04-04,81.3106,pct
hydro_generation_share,"Hydro generation share",energy_water,ons_open_data,daily,2020-04-05,77.0053,pct
hydro_generation_share,"Hydro generation share",energy_water,ons_open_data,daily,2020-04-06,78.3966,pct
hydro_generation_share,"Hydro generation share",energy_water,ons_open_data,daily,2020-04-07,79.3527,pct
hydro_generation_share,"Hydro generation share",energy_water,ons_open_data,daily,2020-04-08,79.6460,pct
hydro_generation_share,"Hydro generation share",energy_water,ons_open_data,daily,2020-04-09,80.7821,pct
hydro_generation_share,"Hydro generation share",energy_water,ons_open_data,daily,2020-04-10,78.4156,pct
hydro_generation_share,"Hydro generation share",energy_water,ons_open_data,daily,2020-04-11,79.9977,pct
hydro_generation_share,"Hydro generation share",energy_water,ons_open_data,daily,2020-04-12,78.8731,pct
hydro_generation_share,"Hydro generation share",energy_water,ons_open_data,daily,2020-04-13,79.6467,pct
hydro_generation_share,"Hydro generation share",energy_water,ons_open_data,daily,2020-04-14,81.0634,pct
hydro_generation_share,"Hydro generation share",energy_water,ons_open_data,daily,2020-04-15,83.5386,pct
hydro_generation_share,"Hydro generation share",energy_water,ons_open_data,daily,2020-04-16,80.6592,pct
hydro_generation_share,"Hydro generation share",energy_water,ons_open_data,daily,2020-04-17,80.9207,pct
hydro_generation_share,"Hydro generation share",energy_water,ons_open_data,daily,2020-04-18,81.6134,pct
hydro_generation_share,"Hydro generation share",energy_water,ons_open_data,daily,2020-04-19,76.8226,pct
hydro_generation_share,"Hydro generation share",energy_water,ons_open_data,daily,2020-04-20,78.7271,pct
hydro_generation_share,"Hydro generation share",energy_water,ons_open_data,daily,2020-04-21,78.1420,pct
hydro_generation_share,"Hydro generation share",energy_water,ons_open_data,daily,2020-04-22,81.8846,pct
hydro_generation_share,"Hydro generation share",energy_water,ons_open_data,daily,2020-04-23,80.0176,pct
hydro_generation_share,"Hydro generation share",energy_water,ons_open_data,daily,2020-04-24,75.5674,pct
hydro_generation_share,"Hydro generation share",energy_water,ons_open_data,daily,2020-04-25,75.4467,pct
hydro_generation_share,"Hydro generation share",energy_water,ons_open_data,daily,2020-04-26,75.5517,pct
hydro_generation_share,"Hydro generation share",energy_water,ons_open_data,daily,2020-04-27,73.8822,pct
hydro_generation_share,"Hydro generation share",energy_water,ons_open_data,daily,2020-04-28,72.3682,pct
hydro_generation_share,"Hydro generation share",energy_water,ons_open_data,daily,2020-04-29,73.6023,pct
hydro_generation_share,"Hydro generation share",energy_water,ons_open_data,daily,2020-04-30,77.1955,pct
hydro_generation_share,"Hydro generation share",energy_water,ons_open_data,daily,2020-05-01,76.0748,pct
hydro_generation_share,"Hydro generation share",energy_water,ons_open_data,daily,2020-05-02,76.4598,pct
hydro_generation_share,"Hydro generation share",energy_water,ons_open_data,daily,2020-05-03,76.4322,pct
hydro_generation_share,"Hydro generation share",energy_water,ons_open_data,daily,2020-05-04,74.2961,pct
hydro_generation_share,"Hydro generation share",energy_water,ons_open_data,daily,2020-05-05,72.8393,pct
hydro_generation_share,"Hydro generation share",energy_water,ons_open_data,daily,2020-05-06,74.9977,pct
hydro_generation_share,"Hydro generation share",energy_water,ons_open_data,daily,2020-05-07,80.2985,pct
hydro_generation_share,"Hydro generation share",energy_water,ons_open_data,daily,2020-05-08,79.5677,pct
hydro_generation_share,"Hydro generation share",energy_water,ons_open_data,daily,2020-05-09,72.2859,pct
hydro_generation_share,"Hydro generation share",energy_water,ons_open_data,daily,2020-05-10,71.6573,pct
hydro_generation_share,"Hydro generation share",energy_water,ons_open_data,daily,2020-05-11,75.1285,pct
hydro_generation_share,"Hydro generation share",energy_water,ons_open_data,daily,2020-05-12,74.9112,pct
hydro_generation_share,"Hydro generation share",energy_water,ons_open_data,daily,2020-05-13,76.2693,pct
hydro_generation_share,"Hydro generation share",energy_water,ons_open_data,daily,2020-05-14,76.8701,pct
hydro_generation_share,"Hydro generation share",energy_water,ons_open_data,daily,2020-05-15,78.2396,pct
hydro_generation_share,"Hydro generation share",energy_water,ons_open_data,daily,2020-05-16,76.2940,pct
hydro_generation_share,"Hydro generation share",energy_water,ons_open_data,daily,2020-05-17,76.6326,pct
hydro_generation_share,"Hydro generation share",energy_water,ons_open_data,daily,2020-05-18,74.3984,pct
hydro_generation_share,"Hydro generation share",energy_water,ons_open_data,daily,2020-05-19,71.5608,pct
hydro_generation_share,"Hydro generation share",energy_water,ons_open_data,daily,2020-05-20,72.2241,pct
hydro_generation_share,"Hydro generation share",energy_water,ons_open_data,daily,2020-05-21,73.4062,pct
hydro_generation_share,"Hydro generation share",energy_water,ons_open_data,daily,2020-05-22,75.7462,pct
hydro_generation_share,"Hydro generation share",energy_water,ons_open_data,daily,2020-05-23,75.3310,pct
hydro_generation_share,"Hydro generation share",energy_water,ons_open_data,daily,2020-05-24,75.5392,pct
hydro_generation_share,"Hydro generation share",energy_water,ons_open_data,daily,2020-05-25,79.3082,pct
hydro_generation_share,"Hydro generation share",energy_water,ons_open_data,daily,2020-05-26,81.0132,pct
hydro_generation_share,"Hydro generation share",energy_water,ons_open_data,daily,2020-05-27,82.4238,pct
hydro_generation_share,"Hydro generation share",energy_water,ons_open_data,daily,2020-05-28,74.8184,pct
hydro_generation_share,"Hydro generation share",energy_water,ons_open_data,daily,2020-05-29,71.0271,pct
hydro_generation_share,"Hydro generation share",energy_water,ons_open_data,daily,2020-05-30,72.1901,pct
hydro_generation_share,"Hydro generation share",energy_water,ons_open_data,daily,2020-05-31,74.0811,pct
hydro_generation_share,"Hydro generation share",energy_water,ons_open_data,daily,2020-06-01,76.4554,pct
hydro_generation_share,"Hydro generation share",energy_water,ons_open_data,daily,2020-06-02,78.4841,pct
hydro_generation_share,"Hydro generation share",energy_water,ons_open_data,daily,2020-06-03,76.2430,pct
hydro_generation_share,"Hydro generation share",energy_water,ons_open_data,daily,2020-06-04,74.2093,pct
hydro_generation_share,"Hydro generation share",energy_water,ons_open_data,daily,2020-06-05,72.8209,pct
hydro_generation_share,"Hydro generation share",energy_water,ons_open_data,daily,2020-06-06,72.2351,pct
hydro_generation_share,"Hydro generation share",energy_water,ons_open_data,daily,2020-06-07,72.7895,pct
hydro_generation_share,"Hydro generation share",energy_water,ons_open_data,daily,2020-06-08,76.2333,pct
hydro_generation_share,"Hydro generation share",energy_water,ons_open_data,daily,2020-06-09,76.3387,pct
hydro_generation_share,"Hydro generation share",energy_water,ons_open_data,daily,2020-06-10,75.1767,pct
hydro_generation_share,"Hydro generation share",energy_water,ons_open_data,daily,2020-06-11,70.2677,pct
hydro_generation_share,"Hydro generation share",energy_water,ons_open_data,daily,2020-06-12,69.4407,pct
hydro_generation_share,"Hydro generation share",energy_water,ons_open_data,daily,2020-06-13,69.3722,pct
hydro_generation_share,"Hydro generation share",energy_water,ons_open_data,daily,2020-06-14,68.8786,pct
hydro_generation_share,"Hydro generation share",energy_water,ons_open_data,daily,2020-06-15,70.7891,pct
hydro_generation_share,"Hydro generation share",energy_water,ons_open_data,daily,2020-06-16,69.0810,pct
hydro_generation_share,"Hydro generation share",energy_water,ons_open_data,daily,2020-06-17,67.8225,pct
hydro_generation_share,"Hydro generation share",energy_water,ons_open_data,daily,2020-06-18,69.3591,pct
hydro_generation_share,"Hydro generation share",energy_water,ons_open_data,daily,2020-06-19,72.0037,pct
hydro_generation_share,"Hydro generation share",energy_water,ons_open_data,daily,2020-06-20,67.3935,pct
hydro_generation_share,"Hydro generation share",energy_water,ons_open_data,daily,2020-06-21,66.7581,pct
hydro_generation_share,"Hydro generation share",energy_water,ons_open_data,daily,2020-06-22,74.0585,pct
hydro_generation_share,"Hydro generation share",energy_water,ons_open_data,daily,2020-06-23,71.9963,pct
hydro_generation_share,"Hydro generation share",energy_water,ons_open_data,daily,2020-06-24,72.1894,pct
hydro_generation_share,"Hydro generation share",energy_water,ons_open_data,daily,2020-06-25,73.5422,pct
hydro_generation_share,"Hydro generation share",energy_water,ons_open_data,daily,2020-06-26,74.6693,pct
hydro_generation_share,"Hydro generation share",energy_water,ons_open_data,daily,2020-06-27,76.8117,pct
hydro_generation_share,"Hydro generation share",energy_water,ons_open_data,daily,2020-06-28,73.9112,pct
hydro_generation_share,"Hydro generation share",energy_water,ons_open_data,daily,2020-06-29,73.4967,pct
hydro_generation_share,"Hydro generation share",energy_water,ons_open_data,daily,2020-06-30,75.4773,pct
hydro_generation_share,"Hydro generation share",energy_water,ons_open_data,daily,2020-07-01,77.7040,pct
hydro_generation_share,"Hydro generation share",energy_water,ons_open_data,daily,2020-07-02,78.9841,pct
hydro_generation_share,"Hydro generation share",energy_water,ons_open_data,daily,2020-07-03,77.2583,pct
hydro_generation_share,"Hydro generation share",energy_water,ons_open_data,daily,2020-07-04,70.9339,pct
hydro_generation_share,"Hydro generation share",energy_water,ons_open_data,daily,2020-07-05,68.8463,pct
hydro_generation_share,"Hydro generation share",energy_water,ons_open_data,daily,2020-07-06,77.5385,pct
hydro_generation_share,"Hydro generation share",energy_water,ons_open_data,daily,2020-07-07,76.8626,pct
hydro_generation_share,"Hydro generation share",energy_water,ons_open_data,daily,2020-07-08,78.4640,pct
hydro_generation_share,"Hydro generation share",energy_water,ons_open_data,daily,2020-07-09,77.7988,pct
hydro_generation_share,"Hydro generation share",energy_water,ons_open_data,daily,2020-07-10,75.1704,pct
hydro_generation_share,"Hydro generation share",energy_water,ons_open_data,daily,2020-07-11,74.0373,pct
hydro_generation_share,"Hydro generation share",energy_water,ons_open_data,daily,2020-07-12,72.7278,pct
hydro_generation_share,"Hydro generation share",energy_water,ons_open_data,daily,2020-07-13,75.6776,pct
hydro_generation_share,"Hydro generation share",energy_water,ons_open_data,daily,2020-07-14,77.4973,pct
hydro_generation_share,"Hydro generation share",energy_water,ons_open_data,daily,2020-07-15,76.1268,pct
hydro_generation_share,"Hydro generation share",energy_water,ons_open_data,daily,2020-07-16,73.2920,pct
hydro_generation_share,"Hydro generation share",energy_water,ons_open_data,daily,2020-07-17,74.0225,pct
hydro_generation_share,"Hydro generation share",energy_water,ons_open_data,daily,2020-07-18,69.6222,pct
hydro_generation_share,"Hydro generation share",energy_water,ons_open_data,daily,2020-07-19,68.2178,pct
hydro_generation_share,"Hydro generation share",energy_water,ons_open_data,daily,2020-07-20,73.8908,pct
hydro_generation_share,"Hydro generation share",energy_water,ons_open_data,daily,2020-07-21,75.2238,pct
hydro_generation_share,"Hydro generation share",energy_water,ons_open_data,daily,2020-07-22,74.8755,pct
hydro_generation_share,"Hydro generation share",energy_water,ons_open_data,daily,2020-07-23,73.9726,pct
hydro_generation_share,"Hydro generation share",energy_water,ons_open_data,daily,2020-07-24,73.1868,pct
hydro_generation_share,"Hydro generation share",energy_water,ons_open_data,daily,2020-07-25,70.0335,pct
hydro_generation_share,"Hydro generation share",energy_water,ons_open_data,daily,2020-07-26,68.5582,pct
hydro_generation_share,"Hydro generation share",energy_water,ons_open_data,daily,2020-07-27,73.5536,pct
hydro_generation_share,"Hydro generation share",energy_water,ons_open_data,daily,2020-07-28,72.4100,pct
hydro_generation_share,"Hydro generation share",energy_water,ons_open_data,daily,2020-07-29,73.3347,pct
hydro_generation_share,"Hydro generation share",energy_water,ons_open_data,daily,2020-07-30,71.4502,pct
hydro_generation_share,"Hydro generation share",energy_water,ons_open_data,daily,2020-07-31,69.6052,pct
hydro_generation_share,"Hydro generation share",energy_water,ons_open_data,daily,2020-08-01,68.5293,pct
hydro_generation_share,"Hydro generation share",energy_water,ons_open_data,daily,2020-08-02,64.5394,pct
hydro_generation_share,"Hydro generation share",energy_water,ons_open_data,daily,2020-08-03,70.7845,pct
hydro_generation_share,"Hydro generation share",energy_water,ons_open_data,daily,2020-08-04,71.3149,pct
hydro_generation_share,"Hydro generation share",energy_water,ons_open_data,daily,2020-08-05,70.0595,pct
hydro_generation_share,"Hydro generation share",energy_water,ons_open_data,daily,2020-08-06,69.6476,pct
hydro_generation_share,"Hydro generation share",energy_water,ons_open_data,daily,2020-08-07,70.1539,pct
hydro_generation_share,"Hydro generation share",energy_water,ons_open_data,daily,2020-08-08,68.8143,pct
hydro_generation_share,"Hydro generation share",energy_water,ons_open_data,daily,2020-08-09,65.6212,pct
hydro_generation_share,"Hydro generation share",energy_water,ons_open_data,daily,2020-08-10,70.4735,pct
hydro_generation_share,"Hydro generation share",energy_water,ons_open_data,daily,2020-08-11,72.4805,pct
hydro_generation_share,"Hydro generation share",energy_water,ons_open_data,daily,2020-08-12,72.0674,pct
hydro_generation_share,"Hydro generation share",energy_water,ons_open_data,daily,2020-08-13,72.8866,pct
hydro_generation_share,"Hydro generation share",energy_water,ons_open_data,daily,2020-08-14,72.5239,pct
hydro_generation_share,"Hydro generation share",energy_water,ons_open_data,daily,2020-08-15,72.0366,pct
hydro_generation_share,"Hydro generation share",energy_water,ons_open_data,daily,2020-08-16,71.2771,pct
hydro_generation_share,"Hydro generation share",energy_water,ons_open_data,daily,2020-08-17,72.1739,pct
hydro_generation_share,"Hydro generation share",energy_water,ons_open_data,daily,2020-08-18,71.9323,pct
hydro_generation_share,"Hydro generation share",energy_water,ons_open_data,daily,2020-08-19,74.0214,pct
hydro_generation_share,"Hydro generation share",energy_water,ons_open_data,daily,2020-08-20,74.9800,pct
hydro_generation_share,"Hydro generation share",energy_water,ons_open_data,daily,2020-08-21,73.7520,pct
hydro_generation_share,"Hydro generation share",energy_water,ons_open_data,daily,2020-08-22,70.2060,pct
hydro_generation_share,"Hydro generation share",energy_water,ons_open_data,daily,2020-08-23,64.1948,pct
hydro_generation_share,"Hydro generation share",energy_water,ons_open_data,daily,2020-08-24,71.7061,pct
hydro_generation_share,"Hydro generation share",energy_water,ons_open_data,daily,2020-08-25,74.5345,pct
hydro_generation_share,"Hydro generation share",energy_water,ons_open_data,daily,2020-08-26,73.6549,pct
hydro_generation_share,"Hydro generation share",energy_water,ons_open_data,daily,2020-08-27,72.9202,pct
hydro_generation_share,"Hydro generation share",energy_water,ons_open_data,daily,2020-08-28,73.6105,pct
hydro_generation_share,"Hydro generation share",energy_water,ons_open_data,daily,2020-08-29,70.5284,pct
hydro_generation_share,"Hydro generation share",energy_water,ons_open_data,daily,2020-08-30,68.4499,pct
hydro_generation_share,"Hydro generation share",energy_water,ons_open_data,daily,2020-08-31,72.3051,pct
hydro_generation_share,"Hydro generation share",energy_water,ons_open_data,daily,2020-09-01,71.8993,pct
hydro_generation_share,"Hydro generation share",energy_water,ons_open_data,daily,2020-09-02,71.5028,pct
hydro_generation_share,"Hydro generation share",energy_water,ons_open_data,daily,2020-09-03,71.7713,pct
hydro_generation_share,"Hydro generation share",energy_water,ons_open_data,daily,2020-09-04,72.7096,pct
hydro_generation_share,"Hydro generation share",energy_water,ons_open_data,daily,2020-09-05,69.7746,pct
hydro_generation_share,"Hydro generation share",energy_water,ons_open_data,daily,2020-09-06,69.0095,pct
hydro_generation_share,"Hydro generation share",energy_water,ons_open_data,daily,2020-09-07,70.1394,pct
hydro_generation_share,"Hydro generation share",energy_water,ons_open_data,daily,2020-09-08,71.7774,pct
hydro_generation_share,"Hydro generation share",energy_water,ons_open_data,daily,2020-09-09,73.5572,pct
hydro_generation_share,"Hydro generation share",energy_water,ons_open_data,daily,2020-09-10,75.2701,pct
hydro_generation_share,"Hydro generation share",energy_water,ons_open_data,daily,2020-09-11,73.9637,pct
hydro_generation_share,"Hydro generation share",energy_water,ons_open_data,daily,2020-09-12,70.8777,pct
hydro_generation_share,"Hydro generation share",energy_water,ons_open_data,daily,2020-09-13,68.1915,pct
hydro_generation_share,"Hydro generation share",energy_water,ons_open_data,daily,2020-09-14,72.8043,pct
hydro_generation_share,"Hydro generation share",energy_water,ons_open_data,daily,2020-09-15,70.8392,pct
hydro_generation_share,"Hydro generation share",energy_water,ons_open_data,daily,2020-09-16,72.3768,pct
hydro_generation_share,"Hydro generation share",energy_water,ons_open_data,daily,2020-09-17,75.2924,pct
hydro_generation_share,"Hydro generation share",energy_water,ons_open_data,daily,2020-09-18,75.8792,pct
hydro_generation_share,"Hydro generation share",energy_water,ons_open_data,daily,2020-09-19,73.8609,pct
hydro_generation_share,"Hydro generation share",energy_water,ons_open_data,daily,2020-09-20,71.6303,pct
hydro_generation_share,"Hydro generation share",energy_water,ons_open_data,daily,2020-09-21,74.0538,pct
hydro_generation_share,"Hydro generation share",energy_water,ons_open_data,daily,2020-09-22,74.1468,pct
hydro_generation_share,"Hydro generation share",energy_water,ons_open_data,daily,2020-09-23,71.9593,pct
hydro_generation_share,"Hydro generation share",energy_water,ons_open_data,daily,2020-09-24,72.2714,pct
hydro_generation_share,"Hydro generation share",energy_water,ons_open_data,daily,2020-09-25,73.3976,pct
hydro_generation_share,"Hydro generation share",energy_water,ons_open_data,daily,2020-09-26,71.3174,pct
hydro_generation_share,"Hydro generation share",energy_water,ons_open_data,daily,2020-09-27,70.1294,pct
hydro_generation_share,"Hydro generation share",energy_water,ons_open_data,daily,2020-09-28,74.4577,pct
hydro_generation_share,"Hydro generation share",energy_water,ons_open_data,daily,2020-09-29,74.2463,pct
hydro_generation_share,"Hydro generation share",energy_water,ons_open_data,daily,2020-09-30,72.7725,pct
hydro_generation_share,"Hydro generation share",energy_water,ons_open_data,daily,2020-10-01,71.5288,pct
hydro_generation_share,"Hydro generation share",energy_water,ons_open_data,daily,2020-10-02,69.7352,pct
hydro_generation_share,"Hydro generation share",energy_water,ons_open_data,daily,2020-10-03,69.3825,pct
hydro_generation_share,"Hydro generation share",energy_water,ons_open_data,daily,2020-10-04,67.0833,pct
hydro_generation_share,"Hydro generation share",energy_water,ons_open_data,daily,2020-10-05,69.6615,pct
hydro_generation_share,"Hydro generation share",energy_water,ons_open_data,daily,2020-10-06,69.8656,pct
hydro_generation_share,"Hydro generation share",energy_water,ons_open_data,daily,2020-10-07,70.7106,pct
hydro_generation_share,"Hydro generation share",energy_water,ons_open_data,daily,2020-10-08,71.9033,pct
hydro_generation_share,"Hydro generation share",energy_water,ons_open_data,daily,2020-10-09,72.6539,pct
hydro_generation_share,"Hydro generation share",energy_water,ons_open_data,daily,2020-10-10,74.1374,pct
hydro_generation_share,"Hydro generation share",energy_water,ons_open_data,daily,2020-10-11,70.2194,pct
hydro_generation_share,"Hydro generation share",energy_water,ons_open_data,daily,2020-10-12,66.4477,pct
hydro_generation_share,"Hydro generation share",energy_water,ons_open_data,daily,2020-10-13,69.0728,pct
hydro_generation_share,"Hydro generation share",energy_water,ons_open_data,daily,2020-10-14,68.4638,pct
hydro_generation_share,"Hydro generation share",energy_water,ons_open_data,daily,2020-10-15,67.7015,pct
hydro_generation_share,"Hydro generation share",energy_water,ons_open_data,daily,2020-10-16,66.6201,pct
hydro_generation_share,"Hydro generation share",energy_water,ons_open_data,daily,2020-10-17,61.7729,pct
hydro_generation_share,"Hydro generation share",energy_water,ons_open_data,daily,2020-10-18,58.0553,pct
hydro_generation_share,"Hydro generation share",energy_water,ons_open_data,daily,2020-10-19,63.8793,pct
hydro_generation_share,"Hydro generation share",energy_water,ons_open_data,daily,2020-10-20,63.9433,pct
hydro_generation_share,"Hydro generation share",energy_water,ons_open_data,daily,2020-10-21,64.8646,pct
hydro_generation_share,"Hydro generation share",energy_water,ons_open_data,daily,2020-10-22,63.6416,pct
hydro_generation_share,"Hydro generation share",energy_water,ons_open_data,daily,2020-10-23,61.6193,pct
hydro_generation_share,"Hydro generation share",energy_water,ons_open_data,daily,2020-10-24,60.3311,pct
hydro_generation_share,"Hydro generation share",energy_water,ons_open_data,daily,2020-10-25,58.7892,pct
hydro_generation_share,"Hydro generation share",energy_water,ons_open_data,daily,2020-10-26,65.7729,pct
hydro_generation_share,"Hydro generation share",energy_water,ons_open_data,daily,2020-10-27,66.7072,pct
hydro_generation_share,"Hydro generation share",energy_water,ons_open_data,daily,2020-10-28,66.3338,pct
hydro_generation_share,"Hydro generation share",energy_water,ons_open_data,daily,2020-10-29,64.3611,pct
hydro_generation_share,"Hydro generation share",energy_water,ons_open_data,daily,2020-10-30,63.5748,pct
hydro_generation_share,"Hydro generation share",energy_water,ons_open_data,daily,2020-10-31,63.2761,pct
hydro_generation_share,"Hydro generation share",energy_water,ons_open_data,daily,2020-11-01,63.6275,pct
hydro_generation_share,"Hydro generation share",energy_water,ons_open_data,daily,2020-11-02,63.9522,pct
hydro_generation_share,"Hydro generation share",energy_water,ons_open_data,daily,2020-11-03,64.6754,pct
hydro_generation_share,"Hydro generation share",energy_water,ons_open_data,daily,2020-11-04,65.5822,pct
hydro_generation_share,"Hydro generation share",energy_water,ons_open_data,daily,2020-11-05,63.1666,pct
hydro_generation_share,"Hydro generation share",energy_water,ons_open_data,daily,2020-11-06,62.5959,pct
hydro_generation_share,"Hydro generation share",energy_water,ons_open_data,daily,2020-11-07,60.2571,pct
hydro_generation_share,"Hydro generation share",energy_water,ons_open_data,daily,2020-11-08,58.3859,pct
hydro_generation_share,"Hydro generation share",energy_water,ons_open_data,daily,2020-11-09,63.2290,pct
hydro_generation_share,"Hydro generation share",energy_water,ons_open_data,daily,2020-11-10,63.1180,pct
hydro_generation_share,"Hydro generation share",energy_water,ons_open_data,daily,2020-11-11,63.9918,pct
hydro_generation_share,"Hydro generation share",energy_water,ons_open_data,daily,2020-11-12,63.9109,pct
hydro_generation_share,"Hydro generation share",energy_water,ons_open_data,daily,2020-11-13,64.9079,pct
hydro_generation_share,"Hydro generation share",energy_water,ons_open_data,daily,2020-11-14,61.9265,pct
hydro_generation_share,"Hydro generation share",energy_water,ons_open_data,daily,2020-11-15,60.8242,pct
hydro_generation_share,"Hydro generation share",energy_water,ons_open_data,daily,2020-11-16,64.6411,pct
hydro_generation_share,"Hydro generation share",energy_water,ons_open_data,daily,2020-11-17,66.0246,pct
hydro_generation_share,"Hydro generation share",energy_water,ons_open_data,daily,2020-11-18,65.0914,pct
hydro_generation_share,"Hydro generation share",energy_water,ons_open_data,daily,2020-11-19,65.1512,pct
hydro_generation_share,"Hydro generation share",energy_water,ons_open_data,daily,2020-11-20,65.2700,pct
hydro_generation_share,"Hydro generation share",energy_water,ons_open_data,daily,2020-11-21,63.4926,pct
hydro_generation_share,"Hydro generation share",energy_water,ons_open_data,daily,2020-11-22,60.0820,pct
hydro_generation_share,"Hydro generation share",energy_water,ons_open_data,daily,2020-11-23,62.0273,pct
hydro_generation_share,"Hydro generation share",energy_water,ons_open_data,daily,2020-11-24,62.1513,pct
hydro_generation_share,"Hydro generation share",energy_water,ons_open_data,daily,2020-11-25,65.5512,pct
hydro_generation_share,"Hydro generation share",energy_water,ons_open_data,daily,2020-11-26,66.5932,pct
hydro_generation_share,"Hydro generation share",energy_water,ons_open_data,daily,2020-11-27,63.9793,pct
hydro_generation_share,"Hydro generation share",energy_water,ons_open_data,daily,2020-11-28,59.4540,pct
hydro_generation_share,"Hydro generation share",energy_water,ons_open_data,daily,2020-11-29,58.8736,pct
hydro_generation_share,"Hydro generation share",energy_water,ons_open_data,daily,2020-11-30,64.5891,pct
hydro_generation_share,"Hydro generation share",energy_water,ons_open_data,daily,2020-12-01,64.6166,pct
hydro_generation_share,"Hydro generation share",energy_water,ons_open_data,daily,2020-12-02,64.1143,pct
hydro_generation_share,"Hydro generation share",energy_water,ons_open_data,daily,2020-12-03,66.5605,pct
hydro_generation_share,"Hydro generation share",energy_water,ons_open_data,daily,2020-12-04,65.4818,pct
hydro_generation_share,"Hydro generation share",energy_water,ons_open_data,daily,2020-12-05,64.2199,pct
hydro_generation_share,"Hydro generation share",energy_water,ons_open_data,daily,2020-12-06,60.5806,pct
hydro_generation_share,"Hydro generation share",energy_water,ons_open_data,daily,2020-12-07,64.2307,pct
hydro_generation_share,"Hydro generation share",energy_water,ons_open_data,daily,2020-12-08,66.3820,pct
hydro_generation_share,"Hydro generation share",energy_water,ons_open_data,daily,2020-12-09,67.3630,pct
hydro_generation_share,"Hydro generation share",energy_water,ons_open_data,daily,2020-12-10,66.8881,pct
hydro_generation_share,"Hydro generation share",energy_water,ons_open_data,daily,2020-12-11,66.1837,pct
hydro_generation_share,"Hydro generation share",energy_water,ons_open_data,daily,2020-12-12,63.3988,pct
hydro_generation_share,"Hydro generation share",energy_water,ons_open_data,daily,2020-12-13,61.9767,pct
hydro_generation_share,"Hydro generation share",energy_water,ons_open_data,daily,2020-12-14,66.9551,pct
hydro_generation_share,"Hydro generation share",energy_water,ons_open_data,daily,2020-12-15,68.2019,pct
hydro_generation_share,"Hydro generation share",energy_water,ons_open_data,daily,2020-12-16,69.2658,pct
hydro_generation_share,"Hydro generation share",energy_water,ons_open_data,daily,2020-12-17,68.9018,pct
hydro_generation_share,"Hydro generation share",energy_water,ons_open_data,daily,2020-12-18,67.8623,pct
hydro_generation_share,"Hydro generation share",energy_water,ons_open_data,daily,2020-12-19,65.9457,pct
hydro_generation_share,"Hydro generation share",energy_water,ons_open_data,daily,2020-12-20,64.3826,pct
hydro_generation_share,"Hydro generation share",energy_water,ons_open_data,daily,2020-12-21,67.4212,pct
hydro_generation_share,"Hydro generation share",energy_water,ons_open_data,daily,2020-12-22,67.4305,pct
hydro_generation_share,"Hydro generation share",energy_water,ons_open_data,daily,2020-12-23,67.6707,pct
hydro_generation_share,"Hydro generation share",energy_water,ons_open_data,daily,2020-12-24,64.8408,pct
hydro_generation_share,"Hydro generation share",energy_water,ons_open_data,daily,2020-12-25,63.3341,pct
hydro_generation_share,"Hydro generation share",energy_water,ons_open_data,daily,2020-12-26,64.4461,pct
hydro_generation_share,"Hydro generation share",energy_water,ons_open_data,daily,2020-12-27,62.0906,pct
hydro_generation_share,"Hydro generation share",energy_water,ons_open_data,daily,2020-12-28,63.9925,pct
hydro_generation_share,"Hydro generation share",energy_water,ons_open_data,daily,2020-12-29,65.1108,pct
hydro_generation_share,"Hydro generation share",energy_water,ons_open_data,daily,2020-12-30,66.0777,pct
hydro_generation_share,"Hydro generation share",energy_water,ons_open_data,daily,2020-12-31,62.8797,pct
hydro_generation_share,"Hydro generation share",energy_water,ons_open_data,daily,2021-01-01,62.4267,pct
hydro_generation_share,"Hydro generation share",energy_water,ons_open_data,daily,2021-01-02,64.8278,pct
hydro_generation_share,"Hydro generation share",energy_water,ons_open_data,daily,2021-01-03,63.8507,pct
hydro_generation_share,"Hydro generation share",energy_water,ons_open_data,daily,2021-01-04,63.5355,pct
hydro_generation_share,"Hydro generation share",energy_water,ons_open_data,daily,2021-01-05,62.2737,pct
hydro_generation_share,"Hydro generation share",energy_water,ons_open_data,daily,2021-01-06,64.9470,pct
hydro_generation_share,"Hydro generation share",energy_water,ons_open_data,daily,2021-01-07,66.5030,pct
hydro_generation_share,"Hydro generation share",energy_water,ons_open_data,daily,2021-01-08,66.4305,pct
hydro_generation_share,"Hydro generation share",energy_water,ons_open_data,daily,2021-01-09,68.6809,pct
hydro_generation_share,"Hydro generation share",energy_water,ons_open_data,daily,2021-01-10,69.6648,pct
hydro_generation_share,"Hydro generation share",energy_water,ons_open_data,daily,2021-01-11,71.0907,pct
hydro_generation_share,"Hydro generation share",energy_water,ons_open_data,daily,2021-01-12,70.9047,pct
hydro_generation_share,"Hydro generation share",energy_water,ons_open_data,daily,2021-01-13,69.5439,pct
hydro_generation_share,"Hydro generation share",energy_water,ons_open_data,daily,2021-01-14,65.4259,pct
hydro_generation_share,"Hydro generation share",energy_water,ons_open_data,daily,2021-01-15,63.5450,pct
hydro_generation_share,"Hydro generation share",energy_water,ons_open_data,daily,2021-01-16,64.1733,pct
hydro_generation_share,"Hydro generation share",energy_water,ons_open_data,daily,2021-01-17,63.1346,pct
hydro_generation_share,"Hydro generation share",energy_water,ons_open_data,daily,2021-01-18,64.5075,pct
hydro_generation_share,"Hydro generation share",energy_water,ons_open_data,daily,2021-01-19,64.6031,pct
hydro_generation_share,"Hydro generation share",energy_water,ons_open_data,daily,2021-01-20,65.4971,pct
hydro_generation_share,"Hydro generation share",energy_water,ons_open_data,daily,2021-01-21,64.7567,pct
hydro_generation_share,"Hydro generation share",energy_water,ons_open_data,daily,2021-01-22,63.8692,pct
hydro_generation_share,"Hydro generation share",energy_water,ons_open_data,daily,2021-01-23,65.7653,pct
hydro_generation_share,"Hydro generation share",energy_water,ons_open_data,daily,2021-01-24,67.8205,pct
hydro_generation_share,"Hydro generation share",energy_water,ons_open_data,daily,2021-01-25,68.2581,pct
hydro_generation_share,"Hydro generation share",energy_water,ons_open_data,daily,2021-01-26,70.0202,pct
hydro_generation_share,"Hydro generation share",energy_water,ons_open_data,daily,2021-01-27,71.1340,pct
hydro_generation_share,"Hydro generation share",energy_water,ons_open_data,daily,2021-01-28,72.5113,pct
hydro_generation_share,"Hydro generation share",energy_water,ons_open_data,daily,2021-01-29,72.6045,pct
hydro_generation_share,"Hydro generation share",energy_water,ons_open_data,daily,2021-01-30,69.6008,pct
hydro_generation_share,"Hydro generation share",energy_water,ons_open_data,daily,2021-01-31,69.8879,pct
hydro_generation_share,"Hydro generation share",energy_water,ons_open_data,daily,2021-02-01,72.3366,pct
hydro_generation_share,"Hydro generation share",energy_water,ons_open_data,daily,2021-02-02,74.0273,pct
hydro_generation_share,"Hydro generation share",energy_water,ons_open_data,daily,2021-02-03,73.1276,pct
hydro_generation_share,"Hydro generation share",energy_water,ons_open_data,daily,2021-02-04,72.5760,pct
hydro_generation_share,"Hydro generation share",energy_water,ons_open_data,daily,2021-02-05,72.3142,pct
hydro_generation_share,"Hydro generation share",energy_water,ons_open_data,daily,2021-02-06,74.8748,pct
hydro_generation_share,"Hydro generation share",energy_water,ons_open_data,daily,2021-02-07,73.4007,pct
hydro_generation_share,"Hydro generation share",energy_water,ons_open_data,daily,2021-02-08,74.2529,pct
hydro_generation_share,"Hydro generation share",energy_water,ons_open_data,daily,2021-02-09,74.6243,pct
hydro_generation_share,"Hydro generation share",energy_water,ons_open_data,daily,2021-02-10,71.0277,pct
hydro_generation_share,"Hydro generation share",energy_water,ons_open_data,daily,2021-02-11,68.8647,pct
hydro_generation_share,"Hydro generation share",energy_water,ons_open_data,daily,2021-02-12,69.7933,pct
hydro_generation_share,"Hydro generation share",energy_water,ons_open_data,daily,2021-02-13,71.3791,pct
hydro_generation_share,"Hydro generation share",energy_water,ons_open_data,daily,2021-02-14,76.0926,pct
hydro_generation_share,"Hydro generation share",energy_water,ons_open_data,daily,2021-02-15,78.5614,pct
hydro_generation_share,"Hydro generation share",energy_water,ons_open_data,daily,2021-02-16,79.2564,pct
hydro_generation_share,"Hydro generation share",energy_water,ons_open_data,daily,2021-02-17,77.3117,pct
hydro_generation_share,"Hydro generation share",energy_water,ons_open_data,daily,2021-02-18,75.5910,pct
hydro_generation_share,"Hydro generation share",energy_water,ons_open_data,daily,2021-02-19,76.6762,pct
hydro_generation_share,"Hydro generation share",energy_water,ons_open_data,daily,2021-02-20,79.6438,pct
hydro_generation_share,"Hydro generation share",energy_water,ons_open_data,daily,2021-02-21,75.3036,pct
hydro_generation_share,"Hydro generation share",energy_water,ons_open_data,daily,2021-02-22,73.8678,pct
hydro_generation_share,"Hydro generation share",energy_water,ons_open_data,daily,2021-02-23,77.4891,pct
hydro_generation_share,"Hydro generation share",energy_water,ons_open_data,daily,2021-02-24,78.2797,pct
hydro_generation_share,"Hydro generation share",energy_water,ons_open_data,daily,2021-02-25,77.4738,pct
hydro_generation_share,"Hydro generation share",energy_water,ons_open_data,daily,2021-02-26,77.3225,pct
hydro_generation_share,"Hydro generation share",energy_water,ons_open_data,daily,2021-02-27,78.5295,pct
hydro_generation_share,"Hydro generation share",energy_water,ons_open_data,daily,2021-02-28,74.9989,pct
hydro_generation_share,"Hydro generation share",energy_water,ons_open_data,daily,2021-03-01,74.9634,pct
hydro_generation_share,"Hydro generation share",energy_water,ons_open_data,daily,2021-03-02,73.8782,pct
hydro_generation_share,"Hydro generation share",energy_water,ons_open_data,daily,2021-03-03,74.1510,pct
hydro_generation_share,"Hydro generation share",energy_water,ons_open_data,daily,2021-03-04,74.5120,pct
hydro_generation_share,"Hydro generation share",energy_water,ons_open_data,daily,2021-03-05,75.1383,pct
hydro_generation_share,"Hydro generation share",energy_water,ons_open_data,daily,2021-03-06,77.5751,pct
hydro_generation_share,"Hydro generation share",energy_water,ons_open_data,daily,2021-03-07,78.0495,pct
hydro_generation_share,"Hydro generation share",energy_water,ons_open_data,daily,2021-03-08,78.8557,pct
hydro_generation_share,"Hydro generation share",energy_water,ons_open_data,daily,2021-03-09,78.1967,pct
hydro_generation_share,"Hydro generation share",energy_water,ons_open_data,daily,2021-03-10,78.2547,pct
hydro_generation_share,"Hydro generation share",energy_water,ons_open_data,daily,2021-03-11,77.1920,pct
hydro_generation_share,"Hydro generation share",energy_water,ons_open_data,daily,2021-03-12,76.3127,pct
hydro_generation_share,"Hydro generation share",energy_water,ons_open_data,daily,2021-03-13,74.2921,pct
hydro_generation_share,"Hydro generation share",energy_water,ons_open_data,daily,2021-03-14,74.5154,pct
hydro_generation_share,"Hydro generation share",energy_water,ons_open_data,daily,2021-03-15,77.6744,pct
hydro_generation_share,"Hydro generation share",energy_water,ons_open_data,daily,2021-03-16,76.9135,pct
hydro_generation_share,"Hydro generation share",energy_water,ons_open_data,daily,2021-03-17,75.7318,pct
hydro_generation_share,"Hydro generation share",energy_water,ons_open_data,daily,2021-03-18,77.1354,pct
hydro_generation_share,"Hydro generation share",energy_water,ons_open_data,daily,2021-03-19,75.4569,pct
hydro_generation_share,"Hydro generation share",energy_water,ons_open_data,daily,2021-03-20,72.7908,pct
hydro_generation_share,"Hydro generation share",energy_water,ons_open_data,daily,2021-03-21,71.6076,pct
hydro_generation_share,"Hydro generation share",energy_water,ons_open_data,daily,2021-03-22,77.3587,pct
hydro_generation_share,"Hydro generation share",energy_water,ons_open_data,daily,2021-03-23,76.9693,pct
hydro_generation_share,"Hydro generation share",energy_water,ons_open_data,daily,2021-03-24,74.9776,pct
hydro_generation_share,"Hydro generation share",energy_water,ons_open_data,daily,2021-03-25,75.5392,pct
hydro_generation_share,"Hydro generation share",energy_water,ons_open_data,daily,2021-03-26,77.3564,pct
hydro_generation_share,"Hydro generation share",energy_water,ons_open_data,daily,2021-03-27,77.4085,pct
hydro_generation_share,"Hydro generation share",energy_water,ons_open_data,daily,2021-03-28,76.2466,pct
hydro_generation_share,"Hydro generation share",energy_water,ons_open_data,daily,2021-03-29,78.8124,pct
hydro_generation_share,"Hydro generation share",energy_water,ons_open_data,daily,2021-03-30,77.2765,pct
hydro_generation_share,"Hydro generation share",energy_water,ons_open_data,daily,2021-03-31,76.5229,pct
hydro_generation_share,"Hydro generation share",energy_water,ons_open_data,daily,2021-04-01,75.3847,pct
hydro_generation_share,"Hydro generation share",energy_water,ons_open_data,daily,2021-04-02,77.2112,pct
hydro_generation_share,"Hydro generation share",energy_water,ons_open_data,daily,2021-04-03,73.7940,pct
hydro_generation_share,"Hydro generation share",energy_water,ons_open_data,daily,2021-04-04,69.6725,pct
hydro_generation_share,"Hydro generation share",energy_water,ons_open_data,daily,2021-04-05,69.7263,pct
hydro_generation_share,"Hydro generation share",energy_water,ons_open_data,daily,2021-04-06,71.7681,pct
hydro_generation_share,"Hydro generation share",energy_water,ons_open_data,daily,2021-04-07,69.3237,pct
hydro_generation_share,"Hydro generation share",energy_water,ons_open_data,daily,2021-04-08,66.6091,pct
hydro_generation_share,"Hydro generation share",energy_water,ons_open_data,daily,2021-04-09,68.2813,pct
hydro_generation_share,"Hydro generation share",energy_water,ons_open_data,daily,2021-04-10,68.0849,pct
hydro_generation_share,"Hydro generation share",energy_water,ons_open_data,daily,2021-04-11,68.7883,pct
hydro_generation_share,"Hydro generation share",energy_water,ons_open_data,daily,2021-04-12,73.7587,pct
hydro_generation_share,"Hydro generation share",energy_water,ons_open_data,daily,2021-04-13,74.3480,pct
hydro_generation_share,"Hydro generation share",energy_water,ons_open_data,daily,2021-04-14,73.6372,pct
hydro_generation_share,"Hydro generation share",energy_water,ons_open_data,daily,2021-04-15,70.4026,pct
hydro_generation_share,"Hydro generation share",energy_water,ons_open_data,daily,2021-04-16,71.5798,pct
hydro_generation_share,"Hydro generation share",energy_water,ons_open_data,daily,2021-04-17,75.4434,pct
hydro_generation_share,"Hydro generation share",energy_water,ons_open_data,daily,2021-04-18,72.7472,pct
hydro_generation_share,"Hydro generation share",energy_water,ons_open_data,daily,2021-04-19,76.7380,pct
hydro_generation_share,"Hydro generation share",energy_water,ons_open_data,daily,2021-04-20,76.7391,pct
hydro_generation_share,"Hydro generation share",energy_water,ons_open_data,daily,2021-04-21,75.0402,pct
hydro_generation_share,"Hydro generation share",energy_water,ons_open_data,daily,2021-04-22,76.1602,pct
hydro_generation_share,"Hydro generation share",energy_water,ons_open_data,daily,2021-04-23,74.1724,pct
hydro_generation_share,"Hydro generation share",energy_water,ons_open_data,daily,2021-04-24,72.0289,pct
hydro_generation_share,"Hydro generation share",energy_water,ons_open_data,daily,2021-04-25,71.9173,pct
hydro_generation_share,"Hydro generation share",energy_water,ons_open_data,daily,2021-04-26,71.0246,pct
hydro_generation_share,"Hydro generation share",energy_water,ons_open_data,daily,2021-04-27,72.3100,pct
hydro_generation_share,"Hydro generation share",energy_water,ons_open_data,daily,2021-04-28,72.6772,pct
hydro_generation_share,"Hydro generation share",energy_water,ons_open_data,daily,2021-04-29,72.1393,pct
hydro_generation_share,"Hydro generation share",energy_water,ons_open_data,daily,2021-04-30,68.8549,pct
hydro_generation_share,"Hydro generation share",energy_water,ons_open_data,daily,2021-05-01,71.8274,pct
hydro_generation_share,"Hydro generation share",energy_water,ons_open_data,daily,2021-05-02,74.3130,pct
hydro_generation_share,"Hydro generation share",energy_water,ons_open_data,daily,2021-05-03,72.2565,pct
hydro_generation_share,"Hydro generation share",energy_water,ons_open_data,daily,2021-05-04,72.4602,pct
hydro_generation_share,"Hydro generation share",energy_water,ons_open_data,daily,2021-05-05,72.5709,pct
hydro_generation_share,"Hydro generation share",energy_water,ons_open_data,daily,2021-05-06,69.9577,pct
hydro_generation_share,"Hydro generation share",energy_water,ons_open_data,daily,2021-05-07,72.5115,pct
hydro_generation_share,"Hydro generation share",energy_water,ons_open_data,daily,2021-05-08,71.5750,pct
hydro_generation_share,"Hydro generation share",energy_water,ons_open_data,daily,2021-05-09,66.9708,pct
hydro_generation_share,"Hydro generation share",energy_water,ons_open_data,daily,2021-05-10,69.5719,pct
hydro_generation_share,"Hydro generation share",energy_water,ons_open_data,daily,2021-05-11,68.0010,pct
hydro_generation_share,"Hydro generation share",energy_water,ons_open_data,daily,2021-05-12,69.7892,pct
hydro_generation_share,"Hydro generation share",energy_water,ons_open_data,daily,2021-05-13,70.7136,pct
hydro_generation_share,"Hydro generation share",energy_water,ons_open_data,daily,2021-05-14,68.2793,pct
hydro_generation_share,"Hydro generation share",energy_water,ons_open_data,daily,2021-05-15,70.6920,pct
hydro_generation_share,"Hydro generation share",energy_water,ons_open_data,daily,2021-05-16,68.4137,pct
hydro_generation_share,"Hydro generation share",energy_water,ons_open_data,daily,2021-05-17,68.2078,pct
hydro_generation_share,"Hydro generation share",energy_water,ons_open_data,daily,2021-05-18,70.3452,pct
hydro_generation_share,"Hydro generation share",energy_water,ons_open_data,daily,2021-05-19,68.2474,pct
hydro_generation_share,"Hydro generation share",energy_water,ons_open_data,daily,2021-05-20,66.1739,pct
hydro_generation_share,"Hydro generation share",energy_water,ons_open_data,daily,2021-05-21,64.3052,pct
hydro_generation_share,"Hydro generation share",energy_water,ons_open_data,daily,2021-05-22,63.9713,pct
hydro_generation_share,"Hydro generation share",energy_water,ons_open_data,daily,2021-05-23,62.6431,pct
hydro_generation_share,"Hydro generation share",energy_water,ons_open_data,daily,2021-05-24,66.4100,pct
hydro_generation_share,"Hydro generation share",energy_water,ons_open_data,daily,2021-05-25,66.0677,pct
hydro_generation_share,"Hydro generation share",energy_water,ons_open_data,daily,2021-05-26,65.1934,pct
hydro_generation_share,"Hydro generation share",energy_water,ons_open_data,daily,2021-05-27,65.8663,pct
hydro_generation_share,"Hydro generation share",energy_water,ons_open_data,daily,2021-05-28,66.7215,pct
hydro_generation_share,"Hydro generation share",energy_water,ons_open_data,daily,2021-05-29,63.9941,pct
hydro_generation_share,"Hydro generation share",energy_water,ons_open_data,daily,2021-05-30,62.4065,pct
hydro_generation_share,"Hydro generation share",energy_water,ons_open_data,daily,2021-05-31,59.9265,pct
hydro_generation_share,"Hydro generation share",energy_water,ons_open_data,daily,2021-06-01,60.7410,pct
hydro_generation_share,"Hydro generation share",energy_water,ons_open_data,daily,2021-06-02,58.9880,pct
hydro_generation_share,"Hydro generation share",energy_water,ons_open_data,daily,2021-06-03,58.3066,pct
hydro_generation_share,"Hydro generation share",energy_water,ons_open_data,daily,2021-06-04,58.2217,pct
hydro_generation_share,"Hydro generation share",energy_water,ons_open_data,daily,2021-06-05,57.6696,pct
hydro_generation_share,"Hydro generation share",energy_water,ons_open_data,daily,2021-06-06,59.7577,pct
hydro_generation_share,"Hydro generation share",energy_water,ons_open_data,daily,2021-06-07,60.4766,pct
hydro_generation_share,"Hydro generation share",energy_water,ons_open_data,daily,2021-06-08,60.9952,pct
hydro_generation_share,"Hydro generation share",energy_water,ons_open_data,daily,2021-06-09,58.4860,pct
hydro_generation_share,"Hydro generation share",energy_water,ons_open_data,daily,2021-06-10,59.7167,pct
hydro_generation_share,"Hydro generation share",energy_water,ons_open_data,daily,2021-06-11,62.4037,pct
hydro_generation_share,"Hydro generation share",energy_water,ons_open_data,daily,2021-06-12,60.7336,pct
hydro_generation_share,"Hydro generation share",energy_water,ons_open_data,daily,2021-06-13,57.6190,pct
hydro_generation_share,"Hydro generation share",energy_water,ons_open_data,daily,2021-06-14,60.5995,pct
hydro_generation_share,"Hydro generation share",energy_water,ons_open_data,daily,2021-06-15,61.2723,pct
hydro_generation_share,"Hydro generation share",energy_water,ons_open_data,daily,2021-06-16,62.7743,pct
hydro_generation_share,"Hydro generation share",energy_water,ons_open_data,daily,2021-06-17,59.6260,pct
hydro_generation_share,"Hydro generation share",energy_water,ons_open_data,daily,2021-06-18,58.7803,pct
hydro_generation_share,"Hydro generation share",energy_water,ons_open_data,daily,2021-06-19,55.7596,pct
hydro_generation_share,"Hydro generation share",energy_water,ons_open_data,daily,2021-06-20,58.2823,pct
hydro_generation_share,"Hydro generation share",energy_water,ons_open_data,daily,2021-06-21,61.6362,pct
hydro_generation_share,"Hydro generation share",energy_water,ons_open_data,daily,2021-06-22,59.9778,pct
hydro_generation_share,"Hydro generation share",energy_water,ons_open_data,daily,2021-06-23,56.5163,pct
hydro_generation_share,"Hydro generation share",energy_water,ons_open_data,daily,2021-06-24,57.1543,pct
hydro_generation_share,"Hydro generation share",energy_water,ons_open_data,daily,2021-06-25,59.0323,pct
hydro_generation_share,"Hydro generation share",energy_water,ons_open_data,daily,2021-06-26,56.1347,pct
hydro_generation_share,"Hydro generation share",energy_water,ons_open_data,daily,2021-06-27,53.9684,pct
hydro_generation_share,"Hydro generation share",energy_water,ons_open_data,daily,2021-06-28,56.5843,pct
hydro_generation_share,"Hydro generation share",energy_water,ons_open_data,daily,2021-06-29,58.0069,pct
hydro_generation_share,"Hydro generation share",energy_water,ons_open_data,daily,2021-06-30,59.8623,pct
hydro_generation_share,"Hydro generation share",energy_water,ons_open_data,daily,2021-07-01,55.1547,pct
hydro_generation_share,"Hydro generation share",energy_water,ons_open_data,daily,2021-07-02,54.1735,pct
hydro_generation_share,"Hydro generation share",energy_water,ons_open_data,daily,2021-07-03,53.0251,pct
hydro_generation_share,"Hydro generation share",energy_water,ons_open_data,daily,2021-07-04,52.6122,pct
hydro_generation_share,"Hydro generation share",energy_water,ons_open_data,daily,2021-07-05,55.0267,pct
hydro_generation_share,"Hydro generation share",energy_water,ons_open_data,daily,2021-07-06,53.8884,pct
hydro_generation_share,"Hydro generation share",energy_water,ons_open_data,daily,2021-07-07,54.8017,pct
hydro_generation_share,"Hydro generation share",energy_water,ons_open_data,daily,2021-07-08,55.5728,pct
hydro_generation_share,"Hydro generation share",energy_water,ons_open_data,daily,2021-07-09,53.7047,pct
hydro_generation_share,"Hydro generation share",energy_water,ons_open_data,daily,2021-07-10,49.6206,pct
hydro_generation_share,"Hydro generation share",energy_water,ons_open_data,daily,2021-07-11,50.3411,pct
hydro_generation_share,"Hydro generation share",energy_water,ons_open_data,daily,2021-07-12,54.2655,pct
hydro_generation_share,"Hydro generation share",energy_water,ons_open_data,daily,2021-07-13,55.7371,pct
hydro_generation_share,"Hydro generation share",energy_water,ons_open_data,daily,2021-07-14,56.0343,pct
hydro_generation_share,"Hydro generation share",energy_water,ons_open_data,daily,2021-07-15,57.0114,pct
hydro_generation_share,"Hydro generation share",energy_water,ons_open_data,daily,2021-07-16,58.8878,pct
hydro_generation_share,"Hydro generation share",energy_water,ons_open_data,daily,2021-07-17,54.8767,pct
hydro_generation_share,"Hydro generation share",energy_water,ons_open_data,daily,2021-07-18,48.4077,pct
hydro_generation_share,"Hydro generation share",energy_water,ons_open_data,daily,2021-07-19,52.8104,pct
hydro_generation_share,"Hydro generation share",energy_water,ons_open_data,daily,2021-07-20,52.5153,pct
hydro_generation_share,"Hydro generation share",energy_water,ons_open_data,daily,2021-07-21,52.8191,pct
hydro_generation_share,"Hydro generation share",energy_water,ons_open_data,daily,2021-07-22,52.4286,pct
hydro_generation_share,"Hydro generation share",energy_water,ons_open_data,daily,2021-07-23,52.1681,pct
hydro_generation_share,"Hydro generation share",energy_water,ons_open_data,daily,2021-07-24,49.9344,pct
hydro_generation_share,"Hydro generation share",energy_water,ons_open_data,daily,2021-07-25,47.2948,pct
hydro_generation_share,"Hydro generation share",energy_water,ons_open_data,daily,2021-07-26,52.0393,pct
hydro_generation_share,"Hydro generation share",energy_water,ons_open_data,daily,2021-07-27,55.4236,pct
hydro_generation_share,"Hydro generation share",energy_water,ons_open_data,daily,2021-07-28,57.0971,pct
hydro_generation_share,"Hydro generation share",energy_water,ons_open_data,daily,2021-07-29,58.4595,pct
hydro_generation_share,"Hydro generation share",energy_water,ons_open_data,daily,2021-07-30,52.2148,pct
hydro_generation_share,"Hydro generation share",energy_water,ons_open_data,daily,2021-07-31,46.5380,pct
hydro_generation_share,"Hydro generation share",energy_water,ons_open_data,daily,2021-08-01,44.7401,pct
hydro_generation_share,"Hydro generation share",energy_water,ons_open_data,daily,2021-08-02,51.2609,pct
hydro_generation_share,"Hydro generation share",energy_water,ons_open_data,daily,2021-08-03,54.8021,pct
hydro_generation_share,"Hydro generation share",energy_water,ons_open_data,daily,2021-08-04,51.9890,pct
hydro_generation_share,"Hydro generation share",energy_water,ons_open_data,daily,2021-08-05,50.4611,pct
hydro_generation_share,"Hydro generation share",energy_water,ons_open_data,daily,2021-08-06,49.5011,pct
hydro_generation_share,"Hydro generation share",energy_water,ons_open_data,daily,2021-08-07,45.5891,pct
hydro_generation_share,"Hydro generation share",energy_water,ons_open_data,daily,2021-08-08,43.7906,pct
hydro_generation_share,"Hydro generation share",energy_water,ons_open_data,daily,2021-08-09,51.8129,pct
hydro_generation_share,"Hydro generation share",energy_water,ons_open_data,daily,2021-08-10,51.4534,pct
hydro_generation_share,"Hydro generation share",energy_water,ons_open_data,daily,2021-08-11,53.8357,pct
hydro_generation_share,"Hydro generation share",energy_water,ons_open_data,daily,2021-08-12,52.8037,pct
hydro_generation_share,"Hydro generation share",energy_water,ons_open_data,daily,2021-08-13,51.9237,pct
hydro_generation_share,"Hydro generation share",energy_water,ons_open_data,daily,2021-08-14,49.9036,pct
hydro_generation_share,"Hydro generation share",energy_water,ons_open_data,daily,2021-08-15,45.4091,pct
hydro_generation_share,"Hydro generation share",energy_water,ons_open_data,daily,2021-08-16,50.3733,pct
hydro_generation_share,"Hydro generation share",energy_water,ons_open_data,daily,2021-08-17,50.8056,pct
hydro_generation_share,"Hydro generation share",energy_water,ons_open_data,daily,2021-08-18,49.8971,pct
hydro_generation_share,"Hydro generation share",energy_water,ons_open_data,daily,2021-08-19,48.9933,pct
hydro_generation_share,"Hydro generation share",energy_water,ons_open_data,daily,2021-08-20,50.1419,pct
hydro_generation_share,"Hydro generation share",energy_water,ons_open_data,daily,2021-08-21,46.8069,pct
hydro_generation_share,"Hydro generation share",energy_water,ons_open_data,daily,2021-08-22,42.1111,pct
hydro_generation_share,"Hydro generation share",energy_water,ons_open_data,daily,2021-08-23,51.9991,pct
hydro_generation_share,"Hydro generation share",energy_water,ons_open_data,daily,2021-08-24,52.2447,pct
hydro_generation_share,"Hydro generation share",energy_water,ons_open_data,daily,2021-08-25,53.4884,pct
hydro_generation_share,"Hydro generation share",energy_water,ons_open_data,daily,2021-08-26,51.2970,pct
hydro_generation_share,"Hydro generation share",energy_water,ons_open_data,daily,2021-08-27,50.7787,pct
hydro_generation_share,"Hydro generation share",energy_water,ons_open_data,daily,2021-08-28,45.5736,pct
hydro_generation_share,"Hydro generation share",energy_water,ons_open_data,daily,2021-08-29,43.6288,pct
hydro_generation_share,"Hydro generation share",energy_water,ons_open_data,daily,2021-08-30,49.7461,pct
hydro_generation_share,"Hydro generation share",energy_water,ons_open_data,daily,2021-08-31,49.5692,pct
hydro_generation_share,"Hydro generation share",energy_water,ons_open_data,daily,2021-09-01,49.7461,pct
hydro_generation_share,"Hydro generation share",energy_water,ons_open_data,daily,2021-09-02,50.9900,pct
hydro_generation_share,"Hydro generation share",energy_water,ons_open_data,daily,2021-09-03,53.1291,pct
hydro_generation_share,"Hydro generation share",energy_water,ons_open_data,daily,2021-09-04,52.1077,pct
hydro_generation_share,"Hydro generation share",energy_water,ons_open_data,daily,2021-09-05,49.5251,pct
hydro_generation_share,"Hydro generation share",energy_water,ons_open_data,daily,2021-09-06,51.7355,pct
hydro_generation_share,"Hydro generation share",energy_water,ons_open_data,daily,2021-09-07,46.0897,pct
hydro_generation_share,"Hydro generation share",energy_water,ons_open_data,daily,2021-09-08,52.6082,pct
hydro_generation_share,"Hydro generation share",energy_water,ons_open_data,daily,2021-09-09,55.1483,pct
hydro_generation_share,"Hydro generation share",energy_water,ons_open_data,daily,2021-09-10,56.5433,pct
hydro_generation_share,"Hydro generation share",energy_water,ons_open_data,daily,2021-09-11,48.9860,pct
hydro_generation_share,"Hydro generation share",energy_water,ons_open_data,daily,2021-09-12,44.6243,pct
hydro_generation_share,"Hydro generation share",energy_water,ons_open_data,daily,2021-09-13,53.2842,pct
hydro_generation_share,"Hydro generation share",energy_water,ons_open_data,daily,2021-09-14,56.3894,pct
hydro_generation_share,"Hydro generation share",energy_water,ons_open_data,daily,2021-09-15,54.7271,pct
hydro_generation_share,"Hydro generation share",energy_water,ons_open_data,daily,2021-09-16,51.5860,pct
hydro_generation_share,"Hydro generation share",energy_water,ons_open_data,daily,2021-09-17,48.1879,pct
hydro_generation_share,"Hydro generation share",energy_water,ons_open_data,daily,2021-09-18,48.1750,pct
hydro_generation_share,"Hydro generation share",energy_water,ons_open_data,daily,2021-09-19,45.4108,pct
hydro_generation_share,"Hydro generation share",energy_water,ons_open_data,daily,2021-09-20,53.3647,pct
hydro_generation_share,"Hydro generation share",energy_water,ons_open_data,daily,2021-09-21,57.3521,pct
hydro_generation_share,"Hydro generation share",energy_water,ons_open_data,daily,2021-09-22,59.0716,pct
hydro_generation_share,"Hydro generation share",energy_water,ons_open_data,daily,2021-09-23,50.8886,pct
hydro_generation_share,"Hydro generation share",energy_water,ons_open_data,daily,2021-09-24,48.7533,pct
hydro_generation_share,"Hydro generation share",energy_water,ons_open_data,daily,2021-09-25,45.1851,pct
hydro_generation_share,"Hydro generation share",energy_water,ons_open_data,daily,2021-09-26,43.9821,pct
hydro_generation_share,"Hydro generation share",energy_water,ons_open_data,daily,2021-09-27,52.1112,pct
hydro_generation_share,"Hydro generation share",energy_water,ons_open_data,daily,2021-09-28,52.4262,pct
hydro_generation_share,"Hydro generation share",energy_water,ons_open_data,daily,2021-09-29,54.8399,pct
hydro_generation_share,"Hydro generation share",energy_water,ons_open_data,daily,2021-09-30,55.8154,pct
hydro_generation_share,"Hydro generation share",energy_water,ons_open_data,daily,2021-10-01,54.4825,pct
hydro_generation_share,"Hydro generation share",energy_water,ons_open_data,daily,2021-10-02,50.1758,pct
hydro_generation_share,"Hydro generation share",energy_water,ons_open_data,daily,2021-10-03,45.3980,pct
hydro_generation_share,"Hydro generation share",energy_water,ons_open_data,daily,2021-10-04,53.1669,pct
hydro_generation_share,"Hydro generation share",energy_water,ons_open_data,daily,2021-10-05,54.3493,pct
hydro_generation_share,"Hydro generation share",energy_water,ons_open_data,daily,2021-10-06,52.5553,pct
hydro_generation_share,"Hydro generation share",energy_water,ons_open_data,daily,2021-10-07,55.5571,pct
hydro_generation_share,"Hydro generation share",energy_water,ons_open_data,daily,2021-10-08,54.5132,pct
hydro_generation_share,"Hydro generation share",energy_water,ons_open_data,daily,2021-10-09,46.0142,pct
hydro_generation_share,"Hydro generation share",energy_water,ons_open_data,daily,2021-10-10,46.5785,pct
hydro_generation_share,"Hydro generation share",energy_water,ons_open_data,daily,2021-10-11,52.3348,pct
hydro_generation_share,"Hydro generation share",energy_water,ons_open_data,daily,2021-10-12,50.0066,pct
hydro_generation_share,"Hydro generation share",energy_water,ons_open_data,daily,2021-10-13,52.9822,pct
hydro_generation_share,"Hydro generation share",energy_water,ons_open_data,daily,2021-10-14,54.1322,pct
hydro_generation_share,"Hydro generation share",energy_water,ons_open_data,daily,2021-10-15,53.1169,pct
hydro_generation_share,"Hydro generation share",energy_water,ons_open_data,daily,2021-10-16,48.8753,pct
hydro_generation_share,"Hydro generation share",energy_water,ons_open_data,daily,2021-10-17,48.5974,pct
hydro_generation_share,"Hydro generation share",energy_water,ons_open_data,daily,2021-10-18,53.9791,pct
hydro_generation_share,"Hydro generation share",energy_water,ons_open_data,daily,2021-10-19,57.1357,pct
hydro_generation_share,"Hydro generation share",energy_water,ons_open_data,daily,2021-10-20,58.0366,pct
hydro_generation_share,"Hydro generation share",energy_water,ons_open_data,daily,2021-10-21,59.3285,pct
hydro_generation_share,"Hydro generation share",energy_water,ons_open_data,daily,2021-10-22,59.7817,pct
hydro_generation_share,"Hydro generation share",energy_water,ons_open_data,daily,2021-10-23,55.4882,pct
hydro_generation_share,"Hydro generation share",energy_water,ons_open_data,daily,2021-10-24,49.3903,pct
hydro_generation_share,"Hydro generation share",energy_water,ons_open_data,daily,2021-10-25,50.0725,pct
hydro_generation_share,"Hydro generation share",energy_water,ons_open_data,daily,2021-10-26,51.4253,pct
hydro_generation_share,"Hydro generation share",energy_water,ons_open_data,daily,2021-10-27,52.0244,pct
hydro_generation_share,"Hydro generation share",energy_water,ons_open_data,daily,2021-10-28,53.6416,pct
hydro_generation_share,"Hydro generation share",energy_water,ons_open_data,daily,2021-10-29,54.2258,pct
hydro_generation_share,"Hydro generation share",energy_water,ons_open_data,daily,2021-10-30,51.6887,pct
hydro_generation_share,"Hydro generation share",energy_water,ons_open_data,daily,2021-10-31,49.6638,pct
hydro_generation_share,"Hydro generation share",energy_water,ons_open_data,daily,2021-11-01,55.3042,pct
hydro_generation_share,"Hydro generation share",energy_water,ons_open_data,daily,2021-11-02,54.9401,pct
hydro_generation_share,"Hydro generation share",energy_water,ons_open_data,daily,2021-11-03,61.4221,pct
hydro_generation_share,"Hydro generation share",energy_water,ons_open_data,daily,2021-11-04,62.7099,pct
hydro_generation_share,"Hydro generation share",energy_water,ons_open_data,daily,2021-11-05,62.6096,pct
hydro_generation_share,"Hydro generation share",energy_water,ons_open_data,daily,2021-11-06,58.2790,pct
hydro_generation_share,"Hydro generation share",energy_water,ons_open_data,daily,2021-11-07,54.2678,pct
hydro_generation_share,"Hydro generation share",energy_water,ons_open_data,daily,2021-11-08,58.6615,pct
hydro_generation_share,"Hydro generation share",energy_water,ons_open_data,daily,2021-11-09,55.3087,pct
hydro_generation_share,"Hydro generation share",energy_water,ons_open_data,daily,2021-11-10,55.5368,pct
hydro_generation_share,"Hydro generation share",energy_water,ons_open_data,daily,2021-11-11,52.8203,pct
hydro_generation_share,"Hydro generation share",energy_water,ons_open_data,daily,2021-11-12,53.5944,pct
hydro_generation_share,"Hydro generation share",energy_water,ons_open_data,daily,2021-11-13,55.3432,pct
hydro_generation_share,"Hydro generation share",energy_water,ons_open_data,daily,2021-11-14,56.8761,pct
hydro_generation_share,"Hydro generation share",energy_water,ons_open_data,daily,2021-11-15,58.4269,pct
hydro_generation_share,"Hydro generation share",energy_water,ons_open_data,daily,2021-11-16,59.3643,pct
hydro_generation_share,"Hydro generation share",energy_water,ons_open_data,daily,2021-11-17,59.4885,pct
hydro_generation_share,"Hydro generation share",energy_water,ons_open_data,daily,2021-11-18,59.9107,pct
hydro_generation_share,"Hydro generation share",energy_water,ons_open_data,daily,2021-11-19,59.0638,pct
hydro_generation_share,"Hydro generation share",energy_water,ons_open_data,daily,2021-11-20,57.5729,pct
hydro_generation_share,"Hydro generation share",energy_water,ons_open_data,daily,2021-11-21,59.4851,pct
hydro_generation_share,"Hydro generation share",energy_water,ons_open_data,daily,2021-11-22,61.1061,pct
hydro_generation_share,"Hydro generation share",energy_water,ons_open_data,daily,2021-11-23,63.6904,pct
hydro_generation_share,"Hydro generation share",energy_water,ons_open_data,daily,2021-11-24,63.9063,pct
hydro_generation_share,"Hydro generation share",energy_water,ons_open_data,daily,2021-11-25,60.4237,pct
hydro_generation_share,"Hydro generation share",energy_water,ons_open_data,daily,2021-11-26,61.7274,pct
hydro_generation_share,"Hydro generation share",energy_water,ons_open_data,daily,2021-11-27,64.7992,pct
hydro_generation_share,"Hydro generation share",energy_water,ons_open_data,daily,2021-11-28,63.3456,pct
hydro_generation_share,"Hydro generation share",energy_water,ons_open_data,daily,2021-11-29,64.2296,pct
hydro_generation_share,"Hydro generation share",energy_water,ons_open_data,daily,2021-11-30,65.4074,pct
hydro_generation_share,"Hydro generation share",energy_water,ons_open_data,daily,2021-12-01,65.8137,pct
hydro_generation_share,"Hydro generation share",energy_water,ons_open_data,daily,2021-12-02,64.8359,pct
hydro_generation_share,"Hydro generation share",energy_water,ons_open_data,daily,2021-12-03,63.2781,pct
hydro_generation_share,"Hydro generation share",energy_water,ons_open_data,daily,2021-12-04,60.5638,pct
hydro_generation_share,"Hydro generation share",energy_water,ons_open_data,daily,2021-12-05,59.1664,pct
hydro_generation_share,"Hydro generation share",energy_water,ons_open_data,daily,2021-12-06,60.7575,pct
hydro_generation_share,"Hydro generation share",energy_water,ons_open_data,daily,2021-12-07,62.5035,pct
hydro_generation_share,"Hydro generation share",energy_water,ons_open_data,daily,2021-12-08,61.5397,pct
hydro_generation_share,"Hydro generation share",energy_water,ons_open_data,daily,2021-12-09,64.9212,pct
hydro_generation_share,"Hydro generation share",energy_water,ons_open_data,daily,2021-12-10,64.8735,pct
hydro_generation_share,"Hydro generation share",energy_water,ons_open_data,daily,2021-12-11,62.8359,pct
hydro_generation_share,"Hydro generation share",energy_water,ons_open_data,daily,2021-12-12,58.1327,pct
hydro_generation_share,"Hydro generation share",energy_water,ons_open_data,daily,2021-12-13,64.1809,pct
hydro_generation_share,"Hydro generation share",energy_water,ons_open_data,daily,2021-12-14,66.0894,pct
hydro_generation_share,"Hydro generation share",energy_water,ons_open_data,daily,2021-12-15,67.1369,pct
hydro_generation_share,"Hydro generation share",energy_water,ons_open_data,daily,2021-12-16,66.2511,pct
hydro_generation_share,"Hydro generation share",energy_water,ons_open_data,daily,2021-12-17,65.6861,pct
hydro_generation_share,"Hydro generation share",energy_water,ons_open_data,daily,2021-12-18,64.3825,pct
hydro_generation_share,"Hydro generation share",energy_water,ons_open_data,daily,2021-12-19,66.4642,pct
hydro_generation_share,"Hydro generation share",energy_water,ons_open_data,daily,2021-12-20,68.5891,pct
hydro_generation_share,"Hydro generation share",energy_water,ons_open_data,daily,2021-12-21,71.4832,pct
hydro_generation_share,"Hydro generation share",energy_water,ons_open_data,daily,2021-12-22,70.1703,pct
hydro_generation_share,"Hydro generation share",energy_water,ons_open_data,daily,2021-12-23,70.7146,pct
hydro_generation_share,"Hydro generation share",energy_water,ons_open_data,daily,2021-12-24,75.3254,pct
hydro_generation_share,"Hydro generation share",energy_water,ons_open_data,daily,2021-12-25,73.8024,pct
hydro_generation_share,"Hydro generation share",energy_water,ons_open_data,daily,2021-12-26,76.0075,pct
hydro_generation_share,"Hydro generation share",energy_water,ons_open_data,daily,2021-12-27,74.0112,pct
hydro_generation_share,"Hydro generation share",energy_water,ons_open_data,daily,2021-12-28,70.2063,pct
hydro_generation_share,"Hydro generation share",energy_water,ons_open_data,daily,2021-12-29,67.9020,pct
hydro_generation_share,"Hydro generation share",energy_water,ons_open_data,daily,2021-12-30,68.4014,pct
hydro_generation_share,"Hydro generation share",energy_water,ons_open_data,daily,2021-12-31,70.1077,pct
hydro_generation_share,"Hydro generation share",energy_water,ons_open_data,daily,2022-01-01,70.2509,pct
hydro_generation_share,"Hydro generation share",energy_water,ons_open_data,daily,2022-01-02,71.5962,pct
hydro_generation_share,"Hydro generation share",energy_water,ons_open_data,daily,2022-01-03,74.5397,pct
hydro_generation_share,"Hydro generation share",energy_water,ons_open_data,daily,2022-01-04,72.6129,pct
hydro_generation_share,"Hydro generation share",energy_water,ons_open_data,daily,2022-01-05,71.9025,pct
hydro_generation_share,"Hydro generation share",energy_water,ons_open_data,daily,2022-01-06,74.2662,pct
hydro_generation_share,"Hydro generation share",energy_water,ons_open_data,daily,2022-01-07,72.5052,pct
hydro_generation_share,"Hydro generation share",energy_water,ons_open_data,daily,2022-01-08,74.0694,pct
hydro_generation_share,"Hydro generation share",energy_water,ons_open_data,daily,2022-01-09,72.7171,pct
hydro_generation_share,"Hydro generation share",energy_water,ons_open_data,daily,2022-01-10,73.8416,pct
hydro_generation_share,"Hydro generation share",energy_water,ons_open_data,daily,2022-01-11,73.9216,pct
hydro_generation_share,"Hydro generation share",energy_water,ons_open_data,daily,2022-01-12,75.6971,pct
hydro_generation_share,"Hydro generation share",energy_water,ons_open_data,daily,2022-01-13,75.8438,pct
hydro_generation_share,"Hydro generation share",energy_water,ons_open_data,daily,2022-01-14,72.2462,pct
hydro_generation_share,"Hydro generation share",energy_water,ons_open_data,daily,2022-01-15,72.9728,pct
hydro_generation_share,"Hydro generation share",energy_water,ons_open_data,daily,2022-01-16,72.8393,pct
hydro_generation_share,"Hydro generation share",energy_water,ons_open_data,daily,2022-01-17,71.4708,pct
hydro_generation_share,"Hydro generation share",energy_water,ons_open_data,daily,2022-01-18,70.4652,pct
hydro_generation_share,"Hydro generation share",energy_water,ons_open_data,daily,2022-01-19,71.4889,pct
hydro_generation_share,"Hydro generation share",energy_water,ons_open_data,daily,2022-01-20,73.1457,pct
hydro_generation_share,"Hydro generation share",energy_water,ons_open_data,daily,2022-01-21,73.9041,pct
hydro_generation_share,"Hydro generation share",energy_water,ons_open_data,daily,2022-01-22,70.9263,pct
hydro_generation_share,"Hydro generation share",energy_water,ons_open_data,daily,2022-01-23,69.8840,pct
hydro_generation_share,"Hydro generation share",energy_water,ons_open_data,daily,2022-01-24,74.4816,pct
hydro_generation_share,"Hydro generation share",energy_water,ons_open_data,daily,2022-01-25,76.1843,pct
hydro_generation_share,"Hydro generation share",energy_water,ons_open_data,daily,2022-01-26,72.2773,pct
hydro_generation_share,"Hydro generation share",energy_water,ons_open_data,daily,2022-01-27,75.3645,pct
hydro_generation_share,"Hydro generation share",energy_water,ons_open_data,daily,2022-01-28,77.7276,pct
hydro_generation_share,"Hydro generation share",energy_water,ons_open_data,daily,2022-01-29,77.7947,pct
hydro_generation_share,"Hydro generation share",energy_water,ons_open_data,daily,2022-01-30,73.4422,pct
hydro_generation_share,"Hydro generation share",energy_water,ons_open_data,daily,2022-01-31,72.2593,pct
hydro_generation_share,"Hydro generation share",energy_water,ons_open_data,daily,2022-02-01,74.2395,pct
hydro_generation_share,"Hydro generation share",energy_water,ons_open_data,daily,2022-02-02,74.7822,pct
hydro_generation_share,"Hydro generation share",energy_water,ons_open_data,daily,2022-02-03,74.4096,pct
hydro_generation_share,"Hydro generation share",energy_water,ons_open_data,daily,2022-02-04,74.7887,pct
hydro_generation_share,"Hydro generation share",energy_water,ons_open_data,daily,2022-02-05,76.1099,pct
hydro_generation_share,"Hydro generation share",energy_water,ons_open_data,daily,2022-02-06,76.3604,pct
hydro_generation_share,"Hydro generation share",energy_water,ons_open_data,daily,2022-02-07,78.9711,pct
hydro_generation_share,"Hydro generation share",energy_water,ons_open_data,daily,2022-02-08,77.7171,pct
hydro_generation_share,"Hydro generation share",energy_water,ons_open_data,daily,2022-02-09,78.1434,pct
hydro_generation_share,"Hydro generation share",energy_water,ons_open_data,daily,2022-02-10,79.0491,pct
hydro_generation_share,"Hydro generation share",energy_water,ons_open_data,daily,2022-02-11,78.8943,pct
hydro_generation_share,"Hydro generation share",energy_water,ons_open_data,daily,2022-02-12,82.7731,pct
hydro_generation_share,"Hydro generation share",energy_water,ons_open_data,daily,2022-02-13,79.4979,pct
hydro_generation_share,"Hydro generation share",energy_water,ons_open_data,daily,2022-02-14,79.4513,pct
hydro_generation_share,"Hydro generation share",energy_water,ons_open_data,daily,2022-02-15,78.4634,pct
hydro_generation_share,"Hydro generation share",energy_water,ons_open_data,daily,2022-02-16,81.5574,pct
hydro_generation_share,"Hydro generation share",energy_water,ons_open_data,daily,2022-02-17,83.7330,pct
hydro_generation_share,"Hydro generation share",energy_water,ons_open_data,daily,2022-02-18,80.3702,pct
hydro_generation_share,"Hydro generation share",energy_water,ons_open_data,daily,2022-02-19,77.2040,pct
hydro_generation_share,"Hydro generation share",energy_water,ons_open_data,daily,2022-02-20,76.6670,pct
hydro_generation_share,"Hydro generation share",energy_water,ons_open_data,daily,2022-02-21,76.4507,pct
hydro_generation_share,"Hydro generation share",energy_water,ons_open_data,daily,2022-02-22,75.1572,pct
hydro_generation_share,"Hydro generation share",energy_water,ons_open_data,daily,2022-02-23,76.0949,pct
hydro_generation_share,"Hydro generation share",energy_water,ons_open_data,daily,2022-02-24,74.3147,pct
hydro_generation_share,"Hydro generation share",energy_water,ons_open_data,daily,2022-02-25,73.9878,pct
hydro_generation_share,"Hydro generation share",energy_water,ons_open_data,daily,2022-02-26,72.4503,pct
hydro_generation_share,"Hydro generation share",energy_water,ons_open_data,daily,2022-02-27,70.0764,pct
hydro_generation_share,"Hydro generation share",energy_water,ons_open_data,daily,2022-02-28,73.3275,pct
hydro_generation_share,"Hydro generation share",energy_water,ons_open_data,daily,2022-03-01,73.4635,pct
hydro_generation_share,"Hydro generation share",energy_water,ons_open_data,daily,2022-03-02,77.3652,pct
hydro_generation_share,"Hydro generation share",energy_water,ons_open_data,daily,2022-03-03,77.0298,pct
hydro_generation_share,"Hydro generation share",energy_water,ons_open_data,daily,2022-03-04,78.0283,pct
hydro_generation_share,"Hydro generation share",energy_water,ons_open_data,daily,2022-03-05,76.1686,pct
hydro_generation_share,"Hydro generation share",energy_water,ons_open_data,daily,2022-03-06,72.8198,pct
hydro_generation_share,"Hydro generation share",energy_water,ons_open_data,daily,2022-03-07,77.1998,pct
hydro_generation_share,"Hydro generation share",energy_water,ons_open_data,daily,2022-03-08,77.4327,pct
hydro_generation_share,"Hydro generation share",energy_water,ons_open_data,daily,2022-03-09,76.8610,pct
hydro_generation_share,"Hydro generation share",energy_water,ons_open_data,daily,2022-03-10,76.1393,pct
hydro_generation_share,"Hydro generation share",energy_water,ons_open_data,daily,2022-03-11,77.1601,pct
hydro_generation_share,"Hydro generation share",energy_water,ons_open_data,daily,2022-03-12,81.8597,pct
hydro_generation_share,"Hydro generation share",energy_water,ons_open_data,daily,2022-03-13,79.1925,pct
hydro_generation_share,"Hydro generation share",energy_water,ons_open_data,daily,2022-03-14,81.3873,pct
hydro_generation_share,"Hydro generation share",energy_water,ons_open_data,daily,2022-03-15,80.8595,pct
hydro_generation_share,"Hydro generation share",energy_water,ons_open_data,daily,2022-03-16,81.4448,pct
hydro_generation_share,"Hydro generation share",energy_water,ons_open_data,daily,2022-03-17,80.6304,pct
hydro_generation_share,"Hydro generation share",energy_water,ons_open_data,daily,2022-03-18,76.1607,pct
hydro_generation_share,"Hydro generation share",energy_water,ons_open_data,daily,2022-03-19,78.2950,pct
hydro_generation_share,"Hydro generation share",energy_water,ons_open_data,daily,2022-03-20,76.3640,pct
hydro_generation_share,"Hydro generation share",energy_water,ons_open_data,daily,2022-03-21,76.2989,pct
hydro_generation_share,"Hydro generation share",energy_water,ons_open_data,daily,2022-03-22,76.3250,pct
hydro_generation_share,"Hydro generation share",energy_water,ons_open_data,daily,2022-03-23,77.7482,pct
hydro_generation_share,"Hydro generation share",energy_water,ons_open_data,daily,2022-03-24,80.0729,pct
hydro_generation_share,"Hydro generation share",energy_water,ons_open_data,daily,2022-03-25,79.8003,pct
hydro_generation_share,"Hydro generation share",energy_water,ons_open_data,daily,2022-03-26,78.5237,pct
hydro_generation_share,"Hydro generation share",energy_water,ons_open_data,daily,2022-03-27,77.5580,pct
hydro_generation_share,"Hydro generation share",energy_water,ons_open_data,daily,2022-03-28,77.7679,pct
hydro_generation_share,"Hydro generation share",energy_water,ons_open_data,daily,2022-03-29,78.3663,pct
hydro_generation_share,"Hydro generation share",energy_water,ons_open_data,daily,2022-03-30,79.2060,pct
hydro_generation_share,"Hydro generation share",energy_water,ons_open_data,daily,2022-03-31,81.3293,pct
hydro_generation_share,"Hydro generation share",energy_water,ons_open_data,daily,2022-04-01,80.8260,pct
hydro_generation_share,"Hydro generation share",energy_water,ons_open_data,daily,2022-04-02,77.5339,pct
hydro_generation_share,"Hydro generation share",energy_water,ons_open_data,daily,2022-04-03,73.9591,pct
hydro_generation_share,"Hydro generation share",energy_water,ons_open_data,daily,2022-04-04,78.1402,pct
hydro_generation_share,"Hydro generation share",energy_water,ons_open_data,daily,2022-04-05,80.6574,pct
hydro_generation_share,"Hydro generation share",energy_water,ons_open_data,daily,2022-04-06,81.2592,pct
hydro_generation_share,"Hydro generation share",energy_water,ons_open_data,daily,2022-04-07,79.6510,pct
hydro_generation_share,"Hydro generation share",energy_water,ons_open_data,daily,2022-04-08,80.3932,pct
hydro_generation_share,"Hydro generation share",energy_water,ons_open_data,daily,2022-04-09,78.3660,pct
hydro_generation_share,"Hydro generation share",energy_water,ons_open_data,daily,2022-04-10,79.9375,pct
hydro_generation_share,"Hydro generation share",energy_water,ons_open_data,daily,2022-04-11,82.8280,pct
hydro_generation_share,"Hydro generation share",energy_water,ons_open_data,daily,2022-04-12,83.2521,pct
hydro_generation_share,"Hydro generation share",energy_water,ons_open_data,daily,2022-04-13,85.4610,pct
hydro_generation_share,"Hydro generation share",energy_water,ons_open_data,daily,2022-04-14,85.7884,pct
hydro_generation_share,"Hydro generation share",energy_water,ons_open_data,daily,2022-04-15,82.9753,pct
hydro_generation_share,"Hydro generation share",energy_water,ons_open_data,daily,2022-04-16,82.9435,pct
hydro_generation_share,"Hydro generation share",energy_water,ons_open_data,daily,2022-04-17,78.0591,pct
hydro_generation_share,"Hydro generation share",energy_water,ons_open_data,daily,2022-04-18,79.1185,pct
hydro_generation_share,"Hydro generation share",energy_water,ons_open_data,daily,2022-04-19,78.3563,pct
hydro_generation_share,"Hydro generation share",energy_water,ons_open_data,daily,2022-04-20,76.9875,pct
hydro_generation_share,"Hydro generation share",energy_water,ons_open_data,daily,2022-04-21,76.1685,pct
hydro_generation_share,"Hydro generation share",energy_water,ons_open_data,daily,2022-04-22,78.3777,pct
hydro_generation_share,"Hydro generation share",energy_water,ons_open_data,daily,2022-04-23,77.1820,pct
hydro_generation_share,"Hydro generation share",energy_water,ons_open_data,daily,2022-04-24,73.4089,pct
hydro_generation_share,"Hydro generation share",energy_water,ons_open_data,daily,2022-04-25,74.0171,pct
hydro_generation_share,"Hydro generation share",energy_water,ons_open_data,daily,2022-04-26,73.6375,pct
hydro_generation_share,"Hydro generation share",energy_water,ons_open_data,daily,2022-04-27,76.4903,pct
hydro_generation_share,"Hydro generation share",energy_water,ons_open_data,daily,2022-04-28,76.9559,pct
hydro_generation_share,"Hydro generation share",energy_water,ons_open_data,daily,2022-04-29,77.4066,pct
hydro_generation_share,"Hydro generation share",energy_water,ons_open_data,daily,2022-04-30,73.9902,pct
hydro_generation_share,"Hydro generation share",energy_water,ons_open_data,daily,2022-05-01,70.0423,pct
hydro_generation_share,"Hydro generation share",energy_water,ons_open_data,daily,2022-05-02,75.6666,pct
hydro_generation_share,"Hydro generation share",energy_water,ons_open_data,daily,2022-05-03,75.5253,pct
hydro_generation_share,"Hydro generation share",energy_water,ons_open_data,daily,2022-05-04,76.2194,pct
hydro_generation_share,"Hydro generation share",energy_water,ons_open_data,daily,2022-05-05,77.8206,pct
hydro_generation_share,"Hydro generation share",energy_water,ons_open_data,daily,2022-05-06,74.5578,pct
hydro_generation_share,"Hydro generation share",energy_water,ons_open_data,daily,2022-05-07,71.4941,pct
hydro_generation_share,"Hydro generation share",energy_water,ons_open_data,daily,2022-05-08,68.5023,pct
hydro_generation_share,"Hydro generation share",energy_water,ons_open_data,daily,2022-05-09,72.9481,pct
hydro_generation_share,"Hydro generation share",energy_water,ons_open_data,daily,2022-05-10,77.0040,pct
hydro_generation_share,"Hydro generation share",energy_water,ons_open_data,daily,2022-05-11,76.9183,pct
hydro_generation_share,"Hydro generation share",energy_water,ons_open_data,daily,2022-05-12,77.5914,pct
hydro_generation_share,"Hydro generation share",energy_water,ons_open_data,daily,2022-05-13,74.6943,pct
hydro_generation_share,"Hydro generation share",energy_water,ons_open_data,daily,2022-05-14,68.8656,pct
hydro_generation_share,"Hydro generation share",energy_water,ons_open_data,daily,2022-05-15,70.3507,pct
hydro_generation_share,"Hydro generation share",energy_water,ons_open_data,daily,2022-05-16,75.0042,pct
hydro_generation_share,"Hydro generation share",energy_water,ons_open_data,daily,2022-05-17,77.6127,pct
hydro_generation_share,"Hydro generation share",energy_water,ons_open_data,daily,2022-05-18,79.1482,pct
hydro_generation_share,"Hydro generation share",energy_water,ons_open_data,daily,2022-05-19,80.4120,pct
hydro_generation_share,"Hydro generation share",energy_water,ons_open_data,daily,2022-05-20,80.9759,pct
hydro_generation_share,"Hydro generation share",energy_water,ons_open_data,daily,2022-05-21,72.1353,pct
hydro_generation_share,"Hydro generation share",energy_water,ons_open_data,daily,2022-05-22,67.2330,pct
hydro_generation_share,"Hydro generation share",energy_water,ons_open_data,daily,2022-05-23,71.3708,pct
hydro_generation_share,"Hydro generation share",energy_water,ons_open_data,daily,2022-05-24,73.7361,pct
hydro_generation_share,"Hydro generation share",energy_water,ons_open_data,daily,2022-05-25,73.6242,pct
hydro_generation_share,"Hydro generation share",energy_water,ons_open_data,daily,2022-05-26,68.5313,pct
hydro_generation_share,"Hydro generation share",energy_water,ons_open_data,daily,2022-05-27,69.9066,pct
hydro_generation_share,"Hydro generation share",energy_water,ons_open_data,daily,2022-05-28,71.6454,pct
hydro_generation_share,"Hydro generation share",energy_water,ons_open_data,daily,2022-05-29,72.4554,pct
hydro_generation_share,"Hydro generation share",energy_water,ons_open_data,daily,2022-05-30,75.8789,pct
hydro_generation_share,"Hydro generation share",energy_water,ons_open_data,daily,2022-05-31,77.3259,pct
hydro_generation_share,"Hydro generation share",energy_water,ons_open_data,daily,2022-06-01,73.8869,pct
hydro_generation_share,"Hydro generation share",energy_water,ons_open_data,daily,2022-06-02,76.6018,pct
hydro_generation_share,"Hydro generation share",energy_water,ons_open_data,daily,2022-06-03,76.5866,pct
hydro_generation_share,"Hydro generation share",energy_water,ons_open_data,daily,2022-06-04,70.4295,pct
hydro_generation_share,"Hydro generation share",energy_water,ons_open_data,daily,2022-06-05,64.2777,pct
hydro_generation_share,"Hydro generation share",energy_water,ons_open_data,daily,2022-06-06,69.2246,pct
hydro_generation_share,"Hydro generation share",energy_water,ons_open_data,daily,2022-06-07,74.3750,pct
hydro_generation_share,"Hydro generation share",energy_water,ons_open_data,daily,2022-06-08,76.6979,pct
hydro_generation_share,"Hydro generation share",energy_water,ons_open_data,daily,2022-06-09,74.7535,pct
hydro_generation_share,"Hydro generation share",energy_water,ons_open_data,daily,2022-06-10,71.1903,pct
hydro_generation_share,"Hydro generation share",energy_water,ons_open_data,daily,2022-06-11,73.3304,pct
hydro_generation_share,"Hydro generation share",energy_water,ons_open_data,daily,2022-06-12,72.1710,pct
hydro_generation_share,"Hydro generation share",energy_water,ons_open_data,daily,2022-06-13,73.7642,pct
hydro_generation_share,"Hydro generation share",energy_water,ons_open_data,daily,2022-06-14,68.4922,pct
hydro_generation_share,"Hydro generation share",energy_water,ons_open_data,daily,2022-06-15,72.0253,pct
hydro_generation_share,"Hydro generation share",energy_water,ons_open_data,daily,2022-06-16,71.8128,pct
hydro_generation_share,"Hydro generation share",energy_water,ons_open_data,daily,2022-06-17,73.7366,pct
hydro_generation_share,"Hydro generation share",energy_water,ons_open_data,daily,2022-06-18,73.9516,pct
hydro_generation_share,"Hydro generation share",energy_water,ons_open_data,daily,2022-06-19,67.3071,pct
hydro_generation_share,"Hydro generation share",energy_water,ons_open_data,daily,2022-06-20,71.5391,pct
hydro_generation_share,"Hydro generation share",energy_water,ons_open_data,daily,2022-06-21,70.1505,pct
hydro_generation_share,"Hydro generation share",energy_water,ons_open_data,daily,2022-06-22,71.8548,pct
hydro_generation_share,"Hydro generation share",energy_water,ons_open_data,daily,2022-06-23,72.6257,pct
hydro_generation_share,"Hydro generation share",energy_water,ons_open_data,daily,2022-06-24,70.0901,pct
hydro_generation_share,"Hydro generation share",energy_water,ons_open_data,daily,2022-06-25,70.6061,pct
hydro_generation_share,"Hydro generation share",energy_water,ons_open_data,daily,2022-06-26,69.2987,pct
hydro_generation_share,"Hydro generation share",energy_water,ons_open_data,daily,2022-06-27,69.4390,pct
hydro_generation_share,"Hydro generation share",energy_water,ons_open_data,daily,2022-06-28,71.4451,pct
hydro_generation_share,"Hydro generation share",energy_water,ons_open_data,daily,2022-06-29,74.9272,pct
hydro_generation_share,"Hydro generation share",energy_water,ons_open_data,daily,2022-06-30,73.9982,pct
hydro_generation_share,"Hydro generation share",energy_water,ons_open_data,daily,2022-07-01,71.8283,pct
hydro_generation_share,"Hydro generation share",energy_water,ons_open_data,daily,2022-07-02,66.8326,pct
hydro_generation_share,"Hydro generation share",energy_water,ons_open_data,daily,2022-07-03,63.2465,pct
hydro_generation_share,"Hydro generation share",energy_water,ons_open_data,daily,2022-07-04,69.3000,pct
hydro_generation_share,"Hydro generation share",energy_water,ons_open_data,daily,2022-07-05,68.9759,pct
hydro_generation_share,"Hydro generation share",energy_water,ons_open_data,daily,2022-07-06,69.0502,pct
hydro_generation_share,"Hydro generation share",energy_water,ons_open_data,daily,2022-07-07,69.9040,pct
hydro_generation_share,"Hydro generation share",energy_water,ons_open_data,daily,2022-07-08,68.2390,pct
hydro_generation_share,"Hydro generation share",energy_water,ons_open_data,daily,2022-07-09,63.8137,pct
hydro_generation_share,"Hydro generation share",energy_water,ons_open_data,daily,2022-07-10,61.7268,pct
hydro_generation_share,"Hydro generation share",energy_water,ons_open_data,daily,2022-07-11,67.4497,pct
hydro_generation_share,"Hydro generation share",energy_water,ons_open_data,daily,2022-07-12,70.3195,pct
hydro_generation_share,"Hydro generation share",energy_water,ons_open_data,daily,2022-07-13,69.1463,pct
hydro_generation_share,"Hydro generation share",energy_water,ons_open_data,daily,2022-07-14,68.3710,pct
hydro_generation_share,"Hydro generation share",energy_water,ons_open_data,daily,2022-07-15,70.4700,pct
hydro_generation_share,"Hydro generation share",energy_water,ons_open_data,daily,2022-07-16,67.4056,pct
hydro_generation_share,"Hydro generation share",energy_water,ons_open_data,daily,2022-07-17,63.3242,pct
hydro_generation_share,"Hydro generation share",energy_water,ons_open_data,daily,2022-07-18,68.4246,pct
hydro_generation_share,"Hydro generation share",energy_water,ons_open_data,daily,2022-07-19,69.4626,pct
hydro_generation_share,"Hydro generation share",energy_water,ons_open_data,daily,2022-07-20,69.0202,pct
hydro_generation_share,"Hydro generation share",energy_water,ons_open_data,daily,2022-07-21,72.2803,pct
hydro_generation_share,"Hydro generation share",energy_water,ons_open_data,daily,2022-07-22,72.0318,pct
hydro_generation_share,"Hydro generation share",energy_water,ons_open_data,daily,2022-07-23,65.6180,pct
hydro_generation_share,"Hydro generation share",energy_water,ons_open_data,daily,2022-07-24,61.3738,pct
hydro_generation_share,"Hydro generation share",energy_water,ons_open_data,daily,2022-07-25,66.3664,pct
hydro_generation_share,"Hydro generation share",energy_water,ons_open_data,daily,2022-07-26,69.5066,pct
hydro_generation_share,"Hydro generation share",energy_water,ons_open_data,daily,2022-07-27,69.7831,pct
hydro_generation_share,"Hydro generation share",energy_water,ons_open_data,daily,2022-07-28,69.2304,pct
hydro_generation_share,"Hydro generation share",energy_water,ons_open_data,daily,2022-07-29,71.1612,pct
hydro_generation_share,"Hydro generation share",energy_water,ons_open_data,daily,2022-07-30,71.6888,pct
hydro_generation_share,"Hydro generation share",energy_water,ons_open_data,daily,2022-07-31,63.3149,pct
hydro_generation_share,"Hydro generation share",energy_water,ons_open_data,daily,2022-08-01,64.0071,pct
hydro_generation_share,"Hydro generation share",energy_water,ons_open_data,daily,2022-08-02,69.8284,pct
hydro_generation_share,"Hydro generation share",energy_water,ons_open_data,daily,2022-08-03,70.7958,pct
hydro_generation_share,"Hydro generation share",energy_water,ons_open_data,daily,2022-08-04,70.0076,pct
hydro_generation_share,"Hydro generation share",energy_water,ons_open_data,daily,2022-08-05,69.1695,pct
hydro_generation_share,"Hydro generation share",energy_water,ons_open_data,daily,2022-08-06,63.5977,pct
hydro_generation_share,"Hydro generation share",energy_water,ons_open_data,daily,2022-08-07,61.6874,pct
hydro_generation_share,"Hydro generation share",energy_water,ons_open_data,daily,2022-08-08,66.1108,pct
hydro_generation_share,"Hydro generation share",energy_water,ons_open_data,daily,2022-08-09,67.8797,pct
hydro_generation_share,"Hydro generation share",energy_water,ons_open_data,daily,2022-08-10,70.6880,pct
hydro_generation_share,"Hydro generation share",energy_water,ons_open_data,daily,2022-08-11,71.8617,pct
hydro_generation_share,"Hydro generation share",energy_water,ons_open_data,daily,2022-08-12,64.6190,pct
hydro_generation_share,"Hydro generation share",energy_water,ons_open_data,daily,2022-08-13,60.3591,pct
hydro_generation_share,"Hydro generation share",energy_water,ons_open_data,daily,2022-08-14,57.4754,pct
hydro_generation_share,"Hydro generation share",energy_water,ons_open_data,daily,2022-08-15,61.7427,pct
hydro_generation_share,"Hydro generation share",energy_water,ons_open_data,daily,2022-08-16,64.9751,pct
hydro_generation_share,"Hydro generation share",energy_water,ons_open_data,daily,2022-08-17,64.9878,pct
hydro_generation_share,"Hydro generation share",energy_water,ons_open_data,daily,2022-08-18,66.8878,pct
hydro_generation_share,"Hydro generation share",energy_water,ons_open_data,daily,2022-08-19,67.6891,pct
hydro_generation_share,"Hydro generation share",energy_water,ons_open_data,daily,2022-08-20,61.6481,pct
hydro_generation_share,"Hydro generation share",energy_water,ons_open_data,daily,2022-08-21,59.4467,pct
hydro_generation_share,"Hydro generation share",energy_water,ons_open_data,daily,2022-08-22,65.0216,pct
hydro_generation_share,"Hydro generation share",energy_water,ons_open_data,daily,2022-08-23,64.9237,pct
hydro_generation_share,"Hydro generation share",energy_water,ons_open_data,daily,2022-08-24,65.0020,pct
hydro_generation_share,"Hydro generation share",energy_water,ons_open_data,daily,2022-08-25,63.8158,pct
hydro_generation_share,"Hydro generation share",energy_water,ons_open_data,daily,2022-08-26,63.9652,pct
hydro_generation_share,"Hydro generation share",energy_water,ons_open_data,daily,2022-08-27,61.3805,pct
hydro_generation_share,"Hydro generation share",energy_water,ons_open_data,daily,2022-08-28,61.1657,pct
hydro_generation_share,"Hydro generation share",energy_water,ons_open_data,daily,2022-08-29,65.1710,pct
hydro_generation_share,"Hydro generation share",energy_water,ons_open_data,daily,2022-08-30,62.8091,pct
hydro_generation_share,"Hydro generation share",energy_water,ons_open_data,daily,2022-08-31,62.4570,pct
hydro_generation_share,"Hydro generation share",energy_water,ons_open_data,daily,2022-09-01,63.0749,pct
hydro_generation_share,"Hydro generation share",energy_water,ons_open_data,daily,2022-09-02,62.5567,pct
hydro_generation_share,"Hydro generation share",energy_water,ons_open_data,daily,2022-09-03,61.4357,pct
hydro_generation_share,"Hydro generation share",energy_water,ons_open_data,daily,2022-09-04,58.3225,pct
hydro_generation_share,"Hydro generation share",energy_water,ons_open_data,daily,2022-09-05,60.1561,pct
hydro_generation_share,"Hydro generation share",energy_water,ons_open_data,daily,2022-09-06,60.7043,pct
hydro_generation_share,"Hydro generation share",energy_water,ons_open_data,daily,2022-09-07,60.4081,pct
hydro_generation_share,"Hydro generation share",energy_water,ons_open_data,daily,2022-09-08,62.6566,pct
hydro_generation_share,"Hydro generation share",energy_water,ons_open_data,daily,2022-09-09,65.7247,pct
hydro_generation_share,"Hydro generation share",energy_water,ons_open_data,daily,2022-09-10,64.7964,pct
hydro_generation_share,"Hydro generation share",energy_water,ons_open_data,daily,2022-09-11,62.6019,pct
hydro_generation_share,"Hydro generation share",energy_water,ons_open_data,daily,2022-09-12,63.7867,pct
hydro_generation_share,"Hydro generation share",energy_water,ons_open_data,daily,2022-09-13,65.1135,pct
hydro_generation_share,"Hydro generation share",energy_water,ons_open_data,daily,2022-09-14,69.6215,pct
hydro_generation_share,"Hydro generation share",energy_water,ons_open_data,daily,2022-09-15,68.0518,pct
hydro_generation_share,"Hydro generation share",energy_water,ons_open_data,daily,2022-09-16,66.2886,pct
hydro_generation_share,"Hydro generation share",energy_water,ons_open_data,daily,2022-09-17,60.3892,pct
hydro_generation_share,"Hydro generation share",energy_water,ons_open_data,daily,2022-09-18,56.2397,pct
hydro_generation_share,"Hydro generation share",energy_water,ons_open_data,daily,2022-09-19,65.4992,pct
hydro_generation_share,"Hydro generation share",energy_water,ons_open_data,daily,2022-09-20,66.5934,pct
hydro_generation_share,"Hydro generation share",energy_water,ons_open_data,daily,2022-09-21,70.5806,pct
hydro_generation_share,"Hydro generation share",energy_water,ons_open_data,daily,2022-09-22,72.9279,pct
hydro_generation_share,"Hydro generation share",energy_water,ons_open_data,daily,2022-09-23,72.9102,pct
hydro_generation_share,"Hydro generation share",energy_water,ons_open_data,daily,2022-09-24,69.1533,pct
hydro_generation_share,"Hydro generation share",energy_water,ons_open_data,daily,2022-09-25,58.5048,pct
hydro_generation_share,"Hydro generation share",energy_water,ons_open_data,daily,2022-09-26,65.1719,pct
hydro_generation_share,"Hydro generation share",energy_water,ons_open_data,daily,2022-09-27,67.0557,pct
hydro_generation_share,"Hydro generation share",energy_water,ons_open_data,daily,2022-09-28,66.5549,pct
hydro_generation_share,"Hydro generation share",energy_water,ons_open_data,daily,2022-09-29,67.1871,pct
hydro_generation_share,"Hydro generation share",energy_water,ons_open_data,daily,2022-09-30,62.1613,pct
hydro_generation_share,"Hydro generation share",energy_water,ons_open_data,daily,2022-10-01,58.5822,pct
hydro_generation_share,"Hydro generation share",energy_water,ons_open_data,daily,2022-10-02,57.2414,pct
hydro_generation_share,"Hydro generation share",energy_water,ons_open_data,daily,2022-10-03,65.7494,pct
hydro_generation_share,"Hydro generation share",energy_water,ons_open_data,daily,2022-10-04,67.7520,pct
hydro_generation_share,"Hydro generation share",energy_water,ons_open_data,daily,2022-10-05,64.8389,pct
hydro_generation_share,"Hydro generation share",energy_water,ons_open_data,daily,2022-10-06,67.0962,pct
hydro_generation_share,"Hydro generation share",energy_water,ons_open_data,daily,2022-10-07,69.3062,pct
hydro_generation_share,"Hydro generation share",energy_water,ons_open_data,daily,2022-10-08,64.8422,pct
hydro_generation_share,"Hydro generation share",energy_water,ons_open_data,daily,2022-10-09,56.3932,pct
hydro_generation_share,"Hydro generation share",energy_water,ons_open_data,daily,2022-10-10,65.4193,pct
hydro_generation_share,"Hydro generation share",energy_water,ons_open_data,daily,2022-10-11,63.1945,pct
hydro_generation_share,"Hydro generation share",energy_water,ons_open_data,daily,2022-10-12,61.8672,pct
hydro_generation_share,"Hydro generation share",energy_water,ons_open_data,daily,2022-10-13,65.1935,pct
hydro_generation_share,"Hydro generation share",energy_water,ons_open_data,daily,2022-10-14,64.2853,pct
hydro_generation_share,"Hydro generation share",energy_water,ons_open_data,daily,2022-10-15,58.5471,pct
hydro_generation_share,"Hydro generation share",energy_water,ons_open_data,daily,2022-10-16,56.5558,pct
hydro_generation_share,"Hydro generation share",energy_water,ons_open_data,daily,2022-10-17,61.3713,pct
hydro_generation_share,"Hydro generation share",energy_water,ons_open_data,daily,2022-10-18,63.1529,pct
hydro_generation_share,"Hydro generation share",energy_water,ons_open_data,daily,2022-10-19,64.5981,pct
hydro_generation_share,"Hydro generation share",energy_water,ons_open_data,daily,2022-10-20,66.1053,pct
hydro_generation_share,"Hydro generation share",energy_water,ons_open_data,daily,2022-10-21,66.3786,pct
hydro_generation_share,"Hydro generation share",energy_water,ons_open_data,daily,2022-10-22,66.3108,pct
hydro_generation_share,"Hydro generation share",energy_water,ons_open_data,daily,2022-10-23,65.9770,pct
hydro_generation_share,"Hydro generation share",energy_water,ons_open_data,daily,2022-10-24,69.3088,pct
hydro_generation_share,"Hydro generation share",energy_water,ons_open_data,daily,2022-10-25,69.0220,pct
hydro_generation_share,"Hydro generation share",energy_water,ons_open_data,daily,2022-10-26,71.8553,pct
hydro_generation_share,"Hydro generation share",energy_water,ons_open_data,daily,2022-10-27,67.5785,pct
hydro_generation_share,"Hydro generation share",energy_water,ons_open_data,daily,2022-10-28,67.8354,pct
hydro_generation_share,"Hydro generation share",energy_water,ons_open_data,daily,2022-10-29,63.6092,pct
hydro_generation_share,"Hydro generation share",energy_water,ons_open_data,daily,2022-10-30,62.1536,pct
hydro_generation_share,"Hydro generation share",energy_water,ons_open_data,daily,2022-10-31,71.6426,pct
hydro_generation_share,"Hydro generation share",energy_water,ons_open_data,daily,2022-11-01,73.5932,pct
hydro_generation_share,"Hydro generation share",energy_water,ons_open_data,daily,2022-11-02,72.7968,pct
hydro_generation_share,"Hydro generation share",energy_water,ons_open_data,daily,2022-11-03,72.6942,pct
hydro_generation_share,"Hydro generation share",energy_water,ons_open_data,daily,2022-11-04,76.5661,pct
hydro_generation_share,"Hydro generation share",energy_water,ons_open_data,daily,2022-11-05,71.6917,pct
hydro_generation_share,"Hydro generation share",energy_water,ons_open_data,daily,2022-11-06,63.8386,pct
hydro_generation_share,"Hydro generation share",energy_water,ons_open_data,daily,2022-11-07,67.5669,pct
hydro_generation_share,"Hydro generation share",energy_water,ons_open_data,daily,2022-11-08,69.2023,pct
hydro_generation_share,"Hydro generation share",energy_water,ons_open_data,daily,2022-11-09,72.9547,pct
hydro_generation_share,"Hydro generation share",energy_water,ons_open_data,daily,2022-11-10,73.4924,pct
hydro_generation_share,"Hydro generation share",energy_water,ons_open_data,daily,2022-11-11,74.9078,pct
hydro_generation_share,"Hydro generation share",energy_water,ons_open_data,daily,2022-11-12,74.8011,pct
hydro_generation_share,"Hydro generation share",energy_water,ons_open_data,daily,2022-11-13,68.8077,pct
hydro_generation_share,"Hydro generation share",energy_water,ons_open_data,daily,2022-11-14,70.5154,pct
hydro_generation_share,"Hydro generation share",energy_water,ons_open_data,daily,2022-11-15,70.5341,pct
hydro_generation_share,"Hydro generation share",energy_water,ons_open_data,daily,2022-11-16,73.9968,pct
hydro_generation_share,"Hydro generation share",energy_water,ons_open_data,daily,2022-11-17,73.3100,pct
hydro_generation_share,"Hydro generation share",energy_water,ons_open_data,daily,2022-11-18,75.9206,pct
hydro_generation_share,"Hydro generation share",energy_water,ons_open_data,daily,2022-11-19,71.0920,pct
hydro_generation_share,"Hydro generation share",energy_water,ons_open_data,daily,2022-11-20,70.1200,pct
hydro_generation_share,"Hydro generation share",energy_water,ons_open_data,daily,2022-11-21,71.0363,pct
hydro_generation_share,"Hydro generation share",energy_water,ons_open_data,daily,2022-11-22,71.5688,pct
hydro_generation_share,"Hydro generation share",energy_water,ons_open_data,daily,2022-11-23,73.4819,pct
hydro_generation_share,"Hydro generation share",energy_water,ons_open_data,daily,2022-11-24,75.1765,pct
hydro_generation_share,"Hydro generation share",energy_water,ons_open_data,daily,2022-11-25,77.3364,pct
hydro_generation_share,"Hydro generation share",energy_water,ons_open_data,daily,2022-11-26,76.7530,pct
hydro_generation_share,"Hydro generation share",energy_water,ons_open_data,daily,2022-11-27,74.5841,pct
hydro_generation_share,"Hydro generation share",energy_water,ons_open_data,daily,2022-11-28,79.6244,pct
hydro_generation_share,"Hydro generation share",energy_water,ons_open_data,daily,2022-11-29,79.7750,pct
hydro_generation_share,"Hydro generation share",energy_water,ons_open_data,daily,2022-11-30,79.9771,pct
hydro_generation_share,"Hydro generation share",energy_water,ons_open_data,daily,2022-12-01,76.5074,pct
hydro_generation_share,"Hydro generation share",energy_water,ons_open_data,daily,2022-12-02,72.3879,pct
hydro_generation_share,"Hydro generation share",energy_water,ons_open_data,daily,2022-12-03,68.3829,pct
hydro_generation_share,"Hydro generation share",energy_water,ons_open_data,daily,2022-12-04,69.1134,pct
hydro_generation_share,"Hydro generation share",energy_water,ons_open_data,daily,2022-12-05,69.6648,pct
hydro_generation_share,"Hydro generation share",energy_water,ons_open_data,daily,2022-12-06,73.4704,pct
hydro_generation_share,"Hydro generation share",energy_water,ons_open_data,daily,2022-12-07,72.2208,pct
hydro_generation_share,"Hydro generation share",energy_water,ons_open_data,daily,2022-12-08,75.9851,pct
hydro_generation_share,"Hydro generation share",energy_water,ons_open_data,daily,2022-12-09,77.4952,pct
hydro_generation_share,"Hydro generation share",energy_water,ons_open_data,daily,2022-12-10,74.7094,pct
hydro_generation_share,"Hydro generation share",energy_water,ons_open_data,daily,2022-12-11,71.7256,pct
hydro_generation_share,"Hydro generation share",energy_water,ons_open_data,daily,2022-12-12,78.3480,pct
hydro_generation_share,"Hydro generation share",energy_water,ons_open_data,daily,2022-12-13,79.7851,pct
hydro_generation_share,"Hydro generation share",energy_water,ons_open_data,daily,2022-12-14,78.7352,pct
hydro_generation_share,"Hydro generation share",energy_water,ons_open_data,daily,2022-12-15,78.5553,pct
hydro_generation_share,"Hydro generation share",energy_water,ons_open_data,daily,2022-12-16,78.2039,pct
hydro_generation_share,"Hydro generation share",energy_water,ons_open_data,daily,2022-12-17,78.0277,pct
hydro_generation_share,"Hydro generation share",energy_water,ons_open_data,daily,2022-12-18,71.3719,pct
hydro_generation_share,"Hydro generation share",energy_water,ons_open_data,daily,2022-12-19,74.5725,pct
hydro_generation_share,"Hydro generation share",energy_water,ons_open_data,daily,2022-12-20,77.2314,pct
hydro_generation_share,"Hydro generation share",energy_water,ons_open_data,daily,2022-12-21,79.2786,pct
hydro_generation_share,"Hydro generation share",energy_water,ons_open_data,daily,2022-12-22,78.8967,pct
hydro_generation_share,"Hydro generation share",energy_water,ons_open_data,daily,2022-12-23,80.5396,pct
hydro_generation_share,"Hydro generation share",energy_water,ons_open_data,daily,2022-12-24,79.7474,pct
hydro_generation_share,"Hydro generation share",energy_water,ons_open_data,daily,2022-12-25,71.2251,pct
hydro_generation_share,"Hydro generation share",energy_water,ons_open_data,daily,2022-12-26,72.0214,pct
hydro_generation_share,"Hydro generation share",energy_water,ons_open_data,daily,2022-12-27,71.0062,pct
hydro_generation_share,"Hydro generation share",energy_water,ons_open_data,daily,2022-12-28,69.4185,pct
hydro_generation_share,"Hydro generation share",energy_water,ons_open_data,daily,2022-12-29,72.3597,pct
hydro_generation_share,"Hydro generation share",energy_water,ons_open_data,daily,2022-12-30,68.0511,pct
hydro_generation_share,"Hydro generation share",energy_water,ons_open_data,daily,2022-12-31,65.1668,pct
hydro_generation_share,"Hydro generation share",energy_water,ons_open_data,daily,2023-01-01,66.7235,pct
hydro_generation_share,"Hydro generation share",energy_water,ons_open_data,daily,2023-01-02,73.5394,pct
hydro_generation_share,"Hydro generation share",energy_water,ons_open_data,daily,2023-01-03,76.4195,pct
hydro_generation_share,"Hydro generation share",energy_water,ons_open_data,daily,2023-01-04,76.2150,pct
hydro_generation_share,"Hydro generation share",energy_water,ons_open_data,daily,2023-01-05,76.8437,pct
hydro_generation_share,"Hydro generation share",energy_water,ons_open_data,daily,2023-01-06,79.3197,pct
hydro_generation_share,"Hydro generation share",energy_water,ons_open_data,daily,2023-01-07,71.7615,pct
hydro_generation_share,"Hydro generation share",energy_water,ons_open_data,daily,2023-01-08,70.0132,pct
hydro_generation_share,"Hydro generation share",energy_water,ons_open_data,daily,2023-01-09,73.7228,pct
hydro_generation_share,"Hydro generation share",energy_water,ons_open_data,daily,2023-01-10,74.8696,pct
hydro_generation_share,"Hydro generation share",energy_water,ons_open_data,daily,2023-01-11,77.7947,pct
hydro_generation_share,"Hydro generation share",energy_water,ons_open_data,daily,2023-01-12,76.7317,pct
hydro_generation_share,"Hydro generation share",energy_water,ons_open_data,daily,2023-01-13,75.5214,pct
hydro_generation_share,"Hydro generation share",energy_water,ons_open_data,daily,2023-01-14,71.0634,pct
hydro_generation_share,"Hydro generation share",energy_water,ons_open_data,daily,2023-01-15,69.2208,pct
hydro_generation_share,"Hydro generation share",energy_water,ons_open_data,daily,2023-01-16,75.7695,pct
hydro_generation_share,"Hydro generation share",energy_water,ons_open_data,daily,2023-01-17,74.8161,pct
hydro_generation_share,"Hydro generation share",energy_water,ons_open_data,daily,2023-01-18,74.1949,pct
hydro_generation_share,"Hydro generation share",energy_water,ons_open_data,daily,2023-01-19,78.3694,pct
hydro_generation_share,"Hydro generation share",energy_water,ons_open_data,daily,2023-01-20,81.2855,pct
hydro_generation_share,"Hydro generation share",energy_water,ons_open_data,daily,2023-01-21,80.2636,pct
hydro_generation_share,"Hydro generation share",energy_water,ons_open_data,daily,2023-01-22,78.7399,pct
hydro_generation_share,"Hydro generation share",energy_water,ons_open_data,daily,2023-01-23,84.0156,pct
hydro_generation_share,"Hydro generation share",energy_water,ons_open_data,daily,2023-01-24,82.1668,pct
hydro_generation_share,"Hydro generation share",energy_water,ons_open_data,daily,2023-01-25,81.0521,pct
hydro_generation_share,"Hydro generation share",energy_water,ons_open_data,daily,2023-01-26,82.9775,pct
hydro_generation_share,"Hydro generation share",energy_water,ons_open_data,daily,2023-01-27,80.0226,pct
hydro_generation_share,"Hydro generation share",energy_water,ons_open_data,daily,2023-01-28,74.2432,pct
hydro_generation_share,"Hydro generation share",energy_water,ons_open_data,daily,2023-01-29,70.3049,pct
hydro_generation_share,"Hydro generation share",energy_water,ons_open_data,daily,2023-01-30,76.3831,pct
hydro_generation_share,"Hydro generation share",energy_water,ons_open_data,daily,2023-01-31,74.9789,pct
hydro_generation_share,"Hydro generation share",energy_water,ons_open_data,daily,2023-02-01,74.8971,pct
hydro_generation_share,"Hydro generation share",energy_water,ons_open_data,daily,2023-02-02,78.0680,pct
hydro_generation_share,"Hydro generation share",energy_water,ons_open_data,daily,2023-02-03,78.2973,pct
hydro_generation_share,"Hydro generation share",energy_water,ons_open_data,daily,2023-02-04,74.0181,pct
hydro_generation_share,"Hydro generation share",energy_water,ons_open_data,daily,2023-02-05,77.1458,pct
hydro_generation_share,"Hydro generation share",energy_water,ons_open_data,daily,2023-02-06,82.2870,pct
hydro_generation_share,"Hydro generation share",energy_water,ons_open_data,daily,2023-02-07,78.4284,pct
hydro_generation_share,"Hydro generation share",energy_water,ons_open_data,daily,2023-02-08,77.1552,pct
hydro_generation_share,"Hydro generation share",energy_water,ons_open_data,daily,2023-02-09,78.2751,pct
hydro_generation_share,"Hydro generation share",energy_water,ons_open_data,daily,2023-02-10,74.8398,pct
hydro_generation_share,"Hydro generation share",energy_water,ons_open_data,daily,2023-02-11,70.5959,pct
hydro_generation_share,"Hydro generation share",energy_water,ons_open_data,daily,2023-02-12,73.1543,pct
hydro_generation_share,"Hydro generation share",energy_water,ons_open_data,daily,2023-02-13,74.2138,pct
hydro_generation_share,"Hydro generation share",energy_water,ons_open_data,daily,2023-02-14,75.9292,pct
hydro_generation_share,"Hydro generation share",energy_water,ons_open_data,daily,2023-02-15,79.0952,pct
hydro_generation_share,"Hydro generation share",energy_water,ons_open_data,daily,2023-02-16,82.7641,pct
hydro_generation_share,"Hydro generation share",energy_water,ons_open_data,daily,2023-02-17,79.9342,pct
hydro_generation_share,"Hydro generation share",energy_water,ons_open_data,daily,2023-02-18,76.2174,pct
hydro_generation_share,"Hydro generation share",energy_water,ons_open_data,daily,2023-02-19,74.5383,pct
hydro_generation_share,"Hydro generation share",energy_water,ons_open_data,daily,2023-02-20,75.8583,pct
hydro_generation_share,"Hydro generation share",energy_water,ons_open_data,daily,2023-02-21,68.9472,pct
hydro_generation_share,"Hydro generation share",energy_water,ons_open_data,daily,2023-02-22,77.3837,pct
hydro_generation_share,"Hydro generation share",energy_water,ons_open_data,daily,2023-02-23,81.6542,pct
hydro_generation_share,"Hydro generation share",energy_water,ons_open_data,daily,2023-02-24,81.5842,pct
hydro_generation_share,"Hydro generation share",energy_water,ons_open_data,daily,2023-02-25,77.8062,pct
hydro_generation_share,"Hydro generation share",energy_water,ons_open_data,daily,2023-02-26,74.0729,pct
hydro_generation_share,"Hydro generation share",energy_water,ons_open_data,daily,2023-02-27,73.3320,pct
hydro_generation_share,"Hydro generation share",energy_water,ons_open_data,daily,2023-02-28,74.1307,pct
hydro_generation_share,"Hydro generation share",energy_water,ons_open_data,daily,2023-03-01,74.0035,pct
hydro_generation_share,"Hydro generation share",energy_water,ons_open_data,daily,2023-03-02,75.3047,pct
hydro_generation_share,"Hydro generation share",energy_water,ons_open_data,daily,2023-03-03,77.7418,pct
hydro_generation_share,"Hydro generation share",energy_water,ons_open_data,daily,2023-03-04,76.1112,pct
hydro_generation_share,"Hydro generation share",energy_water,ons_open_data,daily,2023-03-05,73.8907,pct
hydro_generation_share,"Hydro generation share",energy_water,ons_open_data,daily,2023-03-06,76.2764,pct
hydro_generation_share,"Hydro generation share",energy_water,ons_open_data,daily,2023-03-07,74.2744,pct
hydro_generation_share,"Hydro generation share",energy_water,ons_open_data,daily,2023-03-08,75.6416,pct
hydro_generation_share,"Hydro generation share",energy_water,ons_open_data,daily,2023-03-09,76.1231,pct
hydro_generation_share,"Hydro generation share",energy_water,ons_open_data,daily,2023-03-10,77.7048,pct
hydro_generation_share,"Hydro generation share",energy_water,ons_open_data,daily,2023-03-11,77.4311,pct
hydro_generation_share,"Hydro generation share",energy_water,ons_open_data,daily,2023-03-12,74.7111,pct
hydro_generation_share,"Hydro generation share",energy_water,ons_open_data,daily,2023-03-13,79.6331,pct
hydro_generation_share,"Hydro generation share",energy_water,ons_open_data,daily,2023-03-14,83.3251,pct
hydro_generation_share,"Hydro generation share",energy_water,ons_open_data,daily,2023-03-15,84.8952,pct
hydro_generation_share,"Hydro generation share",energy_water,ons_open_data,daily,2023-03-16,86.0047,pct
hydro_generation_share,"Hydro generation share",energy_water,ons_open_data,daily,2023-03-17,83.4255,pct
hydro_generation_share,"Hydro generation share",energy_water,ons_open_data,daily,2023-03-18,85.1835,pct
hydro_generation_share,"Hydro generation share",energy_water,ons_open_data,daily,2023-03-19,80.9322,pct
hydro_generation_share,"Hydro generation share",energy_water,ons_open_data,daily,2023-03-20,83.8489,pct
hydro_generation_share,"Hydro generation share",energy_water,ons_open_data,daily,2023-03-21,85.8557,pct
hydro_generation_share,"Hydro generation share",energy_water,ons_open_data,daily,2023-03-22,81.4842,pct
hydro_generation_share,"Hydro generation share",energy_water,ons_open_data,daily,2023-03-23,74.5047,pct
hydro_generation_share,"Hydro generation share",energy_water,ons_open_data,daily,2023-03-24,79.3199,pct
hydro_generation_share,"Hydro generation share",energy_water,ons_open_data,daily,2023-03-25,80.4463,pct
hydro_generation_share,"Hydro generation share",energy_water,ons_open_data,daily,2023-03-26,74.5301,pct
hydro_generation_share,"Hydro generation share",energy_water,ons_open_data,daily,2023-03-27,80.4099,pct
hydro_generation_share,"Hydro generation share",energy_water,ons_open_data,daily,2023-03-28,78.5330,pct
hydro_generation_share,"Hydro generation share",energy_water,ons_open_data,daily,2023-03-29,78.6008,pct
hydro_generation_share,"Hydro generation share",energy_water,ons_open_data,daily,2023-03-30,77.4758,pct
hydro_generation_share,"Hydro generation share",energy_water,ons_open_data,daily,2023-03-31,77.2942,pct
hydro_generation_share,"Hydro generation share",energy_water,ons_open_data,daily,2023-04-01,78.7419,pct
hydro_generation_share,"Hydro generation share",energy_water,ons_open_data,daily,2023-04-02,82.2827,pct
hydro_generation_share,"Hydro generation share",energy_water,ons_open_data,daily,2023-04-03,83.1799,pct
hydro_generation_share,"Hydro generation share",energy_water,ons_open_data,daily,2023-04-04,80.7737,pct
hydro_generation_share,"Hydro generation share",energy_water,ons_open_data,daily,2023-04-05,77.9922,pct
hydro_generation_share,"Hydro generation share",energy_water,ons_open_data,daily,2023-04-06,76.5453,pct
hydro_generation_share,"Hydro generation share",energy_water,ons_open_data,daily,2023-04-07,75.4103,pct
hydro_generation_share,"Hydro generation share",energy_water,ons_open_data,daily,2023-04-08,78.0942,pct
hydro_generation_share,"Hydro generation share",energy_water,ons_open_data,daily,2023-04-09,76.8782,pct
hydro_generation_share,"Hydro generation share",energy_water,ons_open_data,daily,2023-04-10,79.9437,pct
hydro_generation_share,"Hydro generation share",energy_water,ons_open_data,daily,2023-04-11,76.9549,pct
hydro_generation_share,"Hydro generation share",energy_water,ons_open_data,daily,2023-04-12,74.4279,pct
hydro_generation_share,"Hydro generation share",energy_water,ons_open_data,daily,2023-04-13,72.9543,pct
hydro_generation_share,"Hydro generation share",energy_water,ons_open_data,daily,2023-04-14,77.6114,pct
hydro_generation_share,"Hydro generation share",energy_water,ons_open_data,daily,2023-04-15,73.9263,pct
hydro_generation_share,"Hydro generation share",energy_water,ons_open_data,daily,2023-04-16,77.4173,pct
hydro_generation_share,"Hydro generation share",energy_water,ons_open_data,daily,2023-04-17,78.1614,pct
hydro_generation_share,"Hydro generation share",energy_water,ons_open_data,daily,2023-04-18,81.4918,pct
hydro_generation_share,"Hydro generation share",energy_water,ons_open_data,daily,2023-04-19,82.4798,pct
hydro_generation_share,"Hydro generation share",energy_water,ons_open_data,daily,2023-04-20,82.4242,pct
hydro_generation_share,"Hydro generation share",energy_water,ons_open_data,daily,2023-04-21,72.1694,pct
hydro_generation_share,"Hydro generation share",energy_water,ons_open_data,daily,2023-04-22,62.1779,pct
hydro_generation_share,"Hydro generation share",energy_water,ons_open_data,daily,2023-04-23,66.1227,pct
hydro_generation_share,"Hydro generation share",energy_water,ons_open_data,daily,2023-04-24,71.1142,pct
hydro_generation_share,"Hydro generation share",energy_water,ons_open_data,daily,2023-04-25,73.2829,pct
hydro_generation_share,"Hydro generation share",energy_water,ons_open_data,daily,2023-04-26,73.8612,pct
hydro_generation_share,"Hydro generation share",energy_water,ons_open_data,daily,2023-04-27,81.8589,pct
hydro_generation_share,"Hydro generation share",energy_water,ons_open_data,daily,2023-04-28,83.7087,pct
hydro_generation_share,"Hydro generation share",energy_water,ons_open_data,daily,2023-04-29,74.5886,pct
hydro_generation_share,"Hydro generation share",energy_water,ons_open_data,daily,2023-04-30,68.5711,pct
hydro_generation_share,"Hydro generation share",energy_water,ons_open_data,daily,2023-05-01,71.0866,pct
hydro_generation_share,"Hydro generation share",energy_water,ons_open_data,daily,2023-05-02,77.4593,pct
hydro_generation_share,"Hydro generation share",energy_water,ons_open_data,daily,2023-05-03,74.7784,pct
hydro_generation_share,"Hydro generation share",energy_water,ons_open_data,daily,2023-05-04,72.8505,pct
hydro_generation_share,"Hydro generation share",energy_water,ons_open_data,daily,2023-05-05,68.5797,pct
hydro_generation_share,"Hydro generation share",energy_water,ons_open_data,daily,2023-05-06,64.2762,pct
hydro_generation_share,"Hydro generation share",energy_water,ons_open_data,daily,2023-05-07,63.3123,pct
hydro_generation_share,"Hydro generation share",energy_water,ons_open_data,daily,2023-05-08,68.4395,pct
hydro_generation_share,"Hydro generation share",energy_water,ons_open_data,daily,2023-05-09,71.5927,pct
hydro_generation_share,"Hydro generation share",energy_water,ons_open_data,daily,2023-05-10,70.8409,pct
hydro_generation_share,"Hydro generation share",energy_water,ons_open_data,daily,2023-05-11,75.7106,pct
hydro_generation_share,"Hydro generation share",energy_water,ons_open_data,daily,2023-05-12,78.0558,pct
hydro_generation_share,"Hydro generation share",energy_water,ons_open_data,daily,2023-05-13,74.9241,pct
hydro_generation_share,"Hydro generation share",energy_water,ons_open_data,daily,2023-05-14,67.6134,pct
hydro_generation_share,"Hydro generation share",energy_water,ons_open_data,daily,2023-05-15,68.4490,pct
hydro_generation_share,"Hydro generation share",energy_water,ons_open_data,daily,2023-05-16,69.0082,pct
hydro_generation_share,"Hydro generation share",energy_water,ons_open_data,daily,2023-05-17,68.3751,pct
hydro_generation_share,"Hydro generation share",energy_water,ons_open_data,daily,2023-05-18,66.3065,pct
hydro_generation_share,"Hydro generation share",energy_water,ons_open_data,daily,2023-05-19,67.2158,pct
hydro_generation_share,"Hydro generation share",energy_water,ons_open_data,daily,2023-05-20,65.1043,pct
hydro_generation_share,"Hydro generation share",energy_water,ons_open_data,daily,2023-05-21,62.7681,pct
hydro_generation_share,"Hydro generation share",energy_water,ons_open_data,daily,2023-05-22,64.4199,pct
hydro_generation_share,"Hydro generation share",energy_water,ons_open_data,daily,2023-05-23,63.0523,pct
hydro_generation_share,"Hydro generation share",energy_water,ons_open_data,daily,2023-05-24,67.0196,pct
hydro_generation_share,"Hydro generation share",energy_water,ons_open_data,daily,2023-05-25,65.6210,pct
hydro_generation_share,"Hydro generation share",energy_water,ons_open_data,daily,2023-05-26,63.5120,pct
hydro_generation_share,"Hydro generation share",energy_water,ons_open_data,daily,2023-05-27,63.8432,pct
hydro_generation_share,"Hydro generation share",energy_water,ons_open_data,daily,2023-05-28,63.6108,pct
hydro_generation_share,"Hydro generation share",energy_water,ons_open_data,daily,2023-05-29,69.1228,pct
hydro_generation_share,"Hydro generation share",energy_water,ons_open_data,daily,2023-05-30,64.8712,pct
hydro_generation_share,"Hydro generation share",energy_water,ons_open_data,daily,2023-05-31,69.2735,pct
hydro_generation_share,"Hydro generation share",energy_water,ons_open_data,daily,2023-06-01,70.2044,pct
hydro_generation_share,"Hydro generation share",energy_water,ons_open_data,daily,2023-06-02,64.0047,pct
hydro_generation_share,"Hydro generation share",energy_water,ons_open_data,daily,2023-06-03,57.0496,pct
hydro_generation_share,"Hydro generation share",energy_water,ons_open_data,daily,2023-06-04,56.7561,pct
hydro_generation_share,"Hydro generation share",energy_water,ons_open_data,daily,2023-06-05,61.9690,pct
hydro_generation_share,"Hydro generation share",energy_water,ons_open_data,daily,2023-06-06,64.8930,pct
hydro_generation_share,"Hydro generation share",energy_water,ons_open_data,daily,2023-06-07,62.0716,pct
hydro_generation_share,"Hydro generation share",energy_water,ons_open_data,daily,2023-06-08,58.9082,pct
hydro_generation_share,"Hydro generation share",energy_water,ons_open_data,daily,2023-06-09,59.6344,pct
hydro_generation_share,"Hydro generation share",energy_water,ons_open_data,daily,2023-06-10,58.6693,pct
hydro_generation_share,"Hydro generation share",energy_water,ons_open_data,daily,2023-06-11,56.7214,pct
hydro_generation_share,"Hydro generation share",energy_water,ons_open_data,daily,2023-06-12,60.5493,pct
hydro_generation_share,"Hydro generation share",energy_water,ons_open_data,daily,2023-06-13,61.2715,pct
hydro_generation_share,"Hydro generation share",energy_water,ons_open_data,daily,2023-06-14,66.3028,pct
hydro_generation_share,"Hydro generation share",energy_water,ons_open_data,daily,2023-06-15,67.6448,pct
hydro_generation_share,"Hydro generation share",energy_water,ons_open_data,daily,2023-06-16,64.7693,pct
hydro_generation_share,"Hydro generation share",energy_water,ons_open_data,daily,2023-06-17,62.7854,pct
hydro_generation_share,"Hydro generation share",energy_water,ons_open_data,daily,2023-06-18,60.1599,pct
hydro_generation_share,"Hydro generation share",energy_water,ons_open_data,daily,2023-06-19,60.2401,pct
hydro_generation_share,"Hydro generation share",energy_water,ons_open_data,daily,2023-06-20,59.4347,pct
hydro_generation_share,"Hydro generation share",energy_water,ons_open_data,daily,2023-06-21,60.0011,pct
hydro_generation_share,"Hydro generation share",energy_water,ons_open_data,daily,2023-06-22,59.1232,pct
hydro_generation_share,"Hydro generation share",energy_water,ons_open_data,daily,2023-06-23,60.3351,pct
hydro_generation_share,"Hydro generation share",energy_water,ons_open_data,daily,2023-06-24,60.7027,pct
hydro_generation_share,"Hydro generation share",energy_water,ons_open_data,daily,2023-06-25,57.2290,pct
hydro_generation_share,"Hydro generation share",energy_water,ons_open_data,daily,2023-06-26,62.7354,pct
hydro_generation_share,"Hydro generation share",energy_water,ons_open_data,daily,2023-06-27,64.3306,pct
hydro_generation_share,"Hydro generation share",energy_water,ons_open_data,daily,2023-06-28,61.8074,pct
hydro_generation_share,"Hydro generation share",energy_water,ons_open_data,daily,2023-06-29,64.9038,pct
hydro_generation_share,"Hydro generation share",energy_water,ons_open_data,daily,2023-06-30,61.4540,pct
hydro_generation_share,"Hydro generation share",energy_water,ons_open_data,daily,2023-07-01,61.4476,pct
hydro_generation_share,"Hydro generation share",energy_water,ons_open_data,daily,2023-07-02,62.6320,pct
hydro_generation_share,"Hydro generation share",energy_water,ons_open_data,daily,2023-07-03,64.5462,pct
hydro_generation_share,"Hydro generation share",energy_water,ons_open_data,daily,2023-07-04,54.8993,pct
hydro_generation_share,"Hydro generation share",energy_water,ons_open_data,daily,2023-07-05,55.4310,pct
hydro_generation_share,"Hydro generation share",energy_water,ons_open_data,daily,2023-07-06,60.3015,pct
hydro_generation_share,"Hydro generation share",energy_water,ons_open_data,daily,2023-07-07,66.1733,pct
hydro_generation_share,"Hydro generation share",energy_water,ons_open_data,daily,2023-07-08,63.8332,pct
hydro_generation_share,"Hydro generation share",energy_water,ons_open_data,daily,2023-07-09,61.2453,pct
hydro_generation_share,"Hydro generation share",energy_water,ons_open_data,daily,2023-07-10,59.4401,pct
hydro_generation_share,"Hydro generation share",energy_water,ons_open_data,daily,2023-07-11,60.9177,pct
hydro_generation_share,"Hydro generation share",energy_water,ons_open_data,daily,2023-07-12,60.0448,pct
hydro_generation_share,"Hydro generation share",energy_water,ons_open_data,daily,2023-07-13,65.4374,pct
hydro_generation_share,"Hydro generation share",energy_water,ons_open_data,daily,2023-07-14,65.8053,pct
hydro_generation_share,"Hydro generation share",energy_water,ons_open_data,daily,2023-07-15,56.9909,pct
hydro_generation_share,"Hydro generation share",energy_water,ons_open_data,daily,2023-07-16,53.9069,pct
hydro_generation_share,"Hydro generation share",energy_water,ons_open_data,daily,2023-07-17,56.1426,pct
hydro_generation_share,"Hydro generation share",energy_water,ons_open_data,daily,2023-07-18,60.0519,pct
hydro_generation_share,"Hydro generation share",energy_water,ons_open_data,daily,2023-07-19,58.9332,pct
hydro_generation_share,"Hydro generation share",energy_water,ons_open_data,daily,2023-07-20,55.0563,pct
hydro_generation_share,"Hydro generation share",energy_water,ons_open_data,daily,2023-07-21,56.7035,pct
hydro_generation_share,"Hydro generation share",energy_water,ons_open_data,daily,2023-07-22,54.5368,pct
hydro_generation_share,"Hydro generation share",energy_water,ons_open_data,daily,2023-07-23,55.0767,pct
hydro_generation_share,"Hydro generation share",energy_water,ons_open_data,daily,2023-07-24,57.2604,pct
hydro_generation_share,"Hydro generation share",energy_water,ons_open_data,daily,2023-07-25,59.9767,pct
hydro_generation_share,"Hydro generation share",energy_water,ons_open_data,daily,2023-07-26,58.8211,pct
hydro_generation_share,"Hydro generation share",energy_water,ons_open_data,daily,2023-07-27,60.7830,pct
hydro_generation_share,"Hydro generation share",energy_water,ons_open_data,daily,2023-07-28,60.8248,pct
hydro_generation_share,"Hydro generation share",energy_water,ons_open_data,daily,2023-07-29,60.2401,pct
hydro_generation_share,"Hydro generation share",energy_water,ons_open_data,daily,2023-07-30,55.2260,pct
hydro_generation_share,"Hydro generation share",energy_water,ons_open_data,daily,2023-07-31,56.6719,pct
hydro_generation_share,"Hydro generation share",energy_water,ons_open_data,daily,2023-08-01,58.7762,pct
hydro_generation_share,"Hydro generation share",energy_water,ons_open_data,daily,2023-08-02,57.9957,pct
hydro_generation_share,"Hydro generation share",energy_water,ons_open_data,daily,2023-08-03,59.0963,pct
hydro_generation_share,"Hydro generation share",energy_water,ons_open_data,daily,2023-08-04,60.7701,pct
hydro_generation_share,"Hydro generation share",energy_water,ons_open_data,daily,2023-08-05,56.5965,pct
hydro_generation_share,"Hydro generation share",energy_water,ons_open_data,daily,2023-08-06,51.9493,pct
hydro_generation_share,"Hydro generation share",energy_water,ons_open_data,daily,2023-08-07,56.3838,pct
hydro_generation_share,"Hydro generation share",energy_water,ons_open_data,daily,2023-08-08,61.9028,pct
hydro_generation_share,"Hydro generation share",energy_water,ons_open_data,daily,2023-08-09,59.0119,pct
hydro_generation_share,"Hydro generation share",energy_water,ons_open_data,daily,2023-08-10,59.2121,pct
hydro_generation_share,"Hydro generation share",energy_water,ons_open_data,daily,2023-08-11,59.0933,pct
hydro_generation_share,"Hydro generation share",energy_water,ons_open_data,daily,2023-08-12,55.6105,pct
hydro_generation_share,"Hydro generation share",energy_water,ons_open_data,daily,2023-08-13,55.5642,pct
hydro_generation_share,"Hydro generation share",energy_water,ons_open_data,daily,2023-08-14,54.5892,pct
hydro_generation_share,"Hydro generation share",energy_water,ons_open_data,daily,2023-08-15,62.9970,pct
hydro_generation_share,"Hydro generation share",energy_water,ons_open_data,daily,2023-08-16,61.0721,pct
hydro_generation_share,"Hydro generation share",energy_water,ons_open_data,daily,2023-08-17,61.2358,pct
hydro_generation_share,"Hydro generation share",energy_water,ons_open_data,daily,2023-08-18,61.9671,pct
hydro_generation_share,"Hydro generation share",energy_water,ons_open_data,daily,2023-08-19,62.8887,pct
hydro_generation_share,"Hydro generation share",energy_water,ons_open_data,daily,2023-08-20,60.7506,pct
hydro_generation_share,"Hydro generation share",energy_water,ons_open_data,daily,2023-08-21,61.5105,pct
hydro_generation_share,"Hydro generation share",energy_water,ons_open_data,daily,2023-08-22,61.8204,pct
hydro_generation_share,"Hydro generation share",energy_water,ons_open_data,daily,2023-08-23,65.6190,pct
hydro_generation_share,"Hydro generation share",energy_water,ons_open_data,daily,2023-08-24,65.5468,pct
hydro_generation_share,"Hydro generation share",energy_water,ons_open_data,daily,2023-08-25,66.8695,pct
hydro_generation_share,"Hydro generation share",energy_water,ons_open_data,daily,2023-08-26,68.4251,pct
hydro_generation_share,"Hydro generation share",energy_water,ons_open_data,daily,2023-08-27,66.4845,pct
hydro_generation_share,"Hydro generation share",energy_water,ons_open_data,daily,2023-08-28,68.4896,pct
hydro_generation_share,"Hydro generation share",energy_water,ons_open_data,daily,2023-08-29,66.0080,pct
hydro_generation_share,"Hydro generation share",energy_water,ons_open_data,daily,2023-08-30,64.4899,pct
hydro_generation_share,"Hydro generation share",energy_water,ons_open_data,daily,2023-08-31,64.9157,pct
hydro_generation_share,"Hydro generation share",energy_water,ons_open_data,daily,2023-09-01,60.8509,pct
hydro_generation_share,"Hydro generation share",energy_water,ons_open_data,daily,2023-09-02,59.1076,pct
hydro_generation_share,"Hydro generation share",energy_water,ons_open_data,daily,2023-09-03,57.5763,pct
hydro_generation_share,"Hydro generation share",energy_water,ons_open_data,daily,2023-09-04,61.7982,pct
hydro_generation_share,"Hydro generation share",energy_water,ons_open_data,daily,2023-09-05,61.7053,pct
hydro_generation_share,"Hydro generation share",energy_water,ons_open_data,daily,2023-09-06,60.0683,pct
hydro_generation_share,"Hydro generation share",energy_water,ons_open_data,daily,2023-09-07,56.5439,pct
hydro_generation_share,"Hydro generation share",energy_water,ons_open_data,daily,2023-09-08,60.1539,pct
hydro_generation_share,"Hydro generation share",energy_water,ons_open_data,daily,2023-09-09,60.9930,pct
hydro_generation_share,"Hydro generation share",energy_water,ons_open_data,daily,2023-09-10,58.4260,pct
hydro_generation_share,"Hydro generation share",energy_water,ons_open_data,daily,2023-09-11,60.3397,pct
hydro_generation_share,"Hydro generation share",energy_water,ons_open_data,daily,2023-09-12,61.6957,pct
hydro_generation_share,"Hydro generation share",energy_water,ons_open_data,daily,2023-09-13,62.4668,pct
hydro_generation_share,"Hydro generation share",energy_water,ons_open_data,daily,2023-09-14,63.8558,pct
hydro_generation_share,"Hydro generation share",energy_water,ons_open_data,daily,2023-09-15,61.3460,pct
hydro_generation_share,"Hydro generation share",energy_water,ons_open_data,daily,2023-09-16,56.5198,pct
hydro_generation_share,"Hydro generation share",energy_water,ons_open_data,daily,2023-09-17,56.6742,pct
hydro_generation_share,"Hydro generation share",energy_water,ons_open_data,daily,2023-09-18,62.2380,pct
hydro_generation_share,"Hydro generation share",energy_water,ons_open_data,daily,2023-09-19,62.3776,pct
hydro_generation_share,"Hydro generation share",energy_water,ons_open_data,daily,2023-09-20,61.5607,pct
hydro_generation_share,"Hydro generation share",energy_water,ons_open_data,daily,2023-09-21,62.4156,pct
hydro_generation_share,"Hydro generation share",energy_water,ons_open_data,daily,2023-09-22,63.5857,pct
hydro_generation_share,"Hydro generation share",energy_water,ons_open_data,daily,2023-09-23,62.7851,pct
hydro_generation_share,"Hydro generation share",energy_water,ons_open_data,daily,2023-09-24,61.4889,pct
hydro_generation_share,"Hydro generation share",energy_water,ons_open_data,daily,2023-09-25,67.8774,pct
hydro_generation_share,"Hydro generation share",energy_water,ons_open_data,daily,2023-09-26,66.4955,pct
hydro_generation_share,"Hydro generation share",energy_water,ons_open_data,daily,2023-09-27,69.5882,pct
hydro_generation_share,"Hydro generation share",energy_water,ons_open_data,daily,2023-09-28,70.6353,pct
hydro_generation_share,"Hydro generation share",energy_water,ons_open_data,daily,2023-09-29,64.4662,pct
hydro_generation_share,"Hydro generation share",energy_water,ons_open_data,daily,2023-09-30,58.0346,pct
hydro_generation_share,"Hydro generation share",energy_water,ons_open_data,daily,2023-10-01,60.6613,pct
hydro_generation_share,"Hydro generation share",energy_water,ons_open_data,daily,2023-10-02,67.0682,pct
hydro_generation_share,"Hydro generation share",energy_water,ons_open_data,daily,2023-10-03,65.8039,pct
hydro_generation_share,"Hydro generation share",energy_water,ons_open_data,daily,2023-10-04,64.1320,pct
hydro_generation_share,"Hydro generation share",energy_water,ons_open_data,daily,2023-10-05,64.1975,pct
hydro_generation_share,"Hydro generation share",energy_water,ons_open_data,daily,2023-10-06,64.6031,pct
hydro_generation_share,"Hydro generation share",energy_water,ons_open_data,daily,2023-10-07,63.4334,pct
hydro_generation_share,"Hydro generation share",energy_water,ons_open_data,daily,2023-10-08,61.3255,pct
hydro_generation_share,"Hydro generation share",energy_water,ons_open_data,daily,2023-10-09,64.1429,pct
hydro_generation_share,"Hydro generation share",energy_water,ons_open_data,daily,2023-10-10,61.3257,pct
hydro_generation_share,"Hydro generation share",energy_water,ons_open_data,daily,2023-10-11,62.4548,pct
hydro_generation_share,"Hydro generation share",energy_water,ons_open_data,daily,2023-10-12,61.9990,pct
hydro_generation_share,"Hydro generation share",energy_water,ons_open_data,daily,2023-10-13,65.1265,pct
hydro_generation_share,"Hydro generation share",energy_water,ons_open_data,daily,2023-10-14,59.0041,pct
hydro_generation_share,"Hydro generation share",energy_water,ons_open_data,daily,2023-10-15,55.5078,pct
hydro_generation_share,"Hydro generation share",energy_water,ons_open_data,daily,2023-10-16,60.6868,pct
hydro_generation_share,"Hydro generation share",energy_water,ons_open_data,daily,2023-10-17,62.3223,pct
hydro_generation_share,"Hydro generation share",energy_water,ons_open_data,daily,2023-10-18,65.8903,pct
hydro_generation_share,"Hydro generation share",energy_water,ons_open_data,daily,2023-10-19,66.6366,pct
hydro_generation_share,"Hydro generation share",energy_water,ons_open_data,daily,2023-10-20,61.5000,pct
hydro_generation_share,"Hydro generation share",energy_water,ons_open_data,daily,2023-10-21,57.6929,pct
hydro_generation_share,"Hydro generation share",energy_water,ons_open_data,daily,2023-10-22,58.2669,pct
hydro_generation_share,"Hydro generation share",energy_water,ons_open_data,daily,2023-10-23,61.6042,pct
hydro_generation_share,"Hydro generation share",energy_water,ons_open_data,daily,2023-10-24,65.2932,pct
hydro_generation_share,"Hydro generation share",energy_water,ons_open_data,daily,2023-10-25,71.2110,pct
hydro_generation_share,"Hydro generation share",energy_water,ons_open_data,daily,2023-10-26,72.1295,pct
hydro_generation_share,"Hydro generation share",energy_water,ons_open_data,daily,2023-10-27,68.7028,pct
hydro_generation_share,"Hydro generation share",energy_water,ons_open_data,daily,2023-10-28,61.2684,pct
hydro_generation_share,"Hydro generation share",energy_water,ons_open_data,daily,2023-10-29,61.0064,pct
hydro_generation_share,"Hydro generation share",energy_water,ons_open_data,daily,2023-10-30,65.4235,pct
hydro_generation_share,"Hydro generation share",energy_water,ons_open_data,daily,2023-10-31,68.6050,pct
hydro_generation_share,"Hydro generation share",energy_water,ons_open_data,daily,2023-11-01,71.4771,pct
hydro_generation_share,"Hydro generation share",energy_water,ons_open_data,daily,2023-11-02,67.9564,pct
hydro_generation_share,"Hydro generation share",energy_water,ons_open_data,daily,2023-11-03,70.0354,pct
hydro_generation_share,"Hydro generation share",energy_water,ons_open_data,daily,2023-11-04,67.4544,pct
hydro_generation_share,"Hydro generation share",energy_water,ons_open_data,daily,2023-11-05,67.1637,pct
hydro_generation_share,"Hydro generation share",energy_water,ons_open_data,daily,2023-11-06,63.9475,pct
hydro_generation_share,"Hydro generation share",energy_water,ons_open_data,daily,2023-11-07,59.7190,pct
hydro_generation_share,"Hydro generation share",energy_water,ons_open_data,daily,2023-11-08,61.3550,pct
hydro_generation_share,"Hydro generation share",energy_water,ons_open_data,daily,2023-11-09,62.8605,pct
hydro_generation_share,"Hydro generation share",energy_water,ons_open_data,daily,2023-11-10,62.3782,pct
hydro_generation_share,"Hydro generation share",energy_water,ons_open_data,daily,2023-11-11,60.8417,pct
hydro_generation_share,"Hydro generation share",energy_water,ons_open_data,daily,2023-11-12,64.0780,pct
hydro_generation_share,"Hydro generation share",energy_water,ons_open_data,daily,2023-11-13,66.0808,pct
hydro_generation_share,"Hydro generation share",energy_water,ons_open_data,daily,2023-11-14,63.9453,pct
hydro_generation_share,"Hydro generation share",energy_water,ons_open_data,daily,2023-11-15,62.7493,pct
hydro_generation_share,"Hydro generation share",energy_water,ons_open_data,daily,2023-11-16,62.9817,pct
hydro_generation_share,"Hydro generation share",energy_water,ons_open_data,daily,2023-11-17,62.6253,pct
hydro_generation_share,"Hydro generation share",energy_water,ons_open_data,daily,2023-11-18,63.4443,pct
hydro_generation_share,"Hydro generation share",energy_water,ons_open_data,daily,2023-11-19,63.6139,pct
hydro_generation_share,"Hydro generation share",energy_water,ons_open_data,daily,2023-11-20,67.0202,pct
hydro_generation_share,"Hydro generation share",energy_water,ons_open_data,daily,2023-11-21,61.4484,pct
hydro_generation_share,"Hydro generation share",energy_water,ons_open_data,daily,2023-11-22,59.9221,pct
hydro_generation_share,"Hydro generation share",energy_water,ons_open_data,daily,2023-11-23,60.9035,pct
hydro_generation_share,"Hydro generation share",energy_water,ons_open_data,daily,2023-11-24,64.5561,pct
hydro_generation_share,"Hydro generation share",energy_water,ons_open_data,daily,2023-11-25,63.7170,pct
hydro_generation_share,"Hydro generation share",energy_water,ons_open_data,daily,2023-11-26,57.7231,pct
hydro_generation_share,"Hydro generation share",energy_water,ons_open_data,daily,2023-11-27,64.4836,pct
hydro_generation_share,"Hydro generation share",energy_water,ons_open_data,daily,2023-11-28,65.3520,pct
hydro_generation_share,"Hydro generation share",energy_water,ons_open_data,daily,2023-11-29,65.5989,pct
hydro_generation_share,"Hydro generation share",energy_water,ons_open_data,daily,2023-11-30,64.9325,pct
hydro_generation_share,"Hydro generation share",energy_water,ons_open_data,daily,2023-12-01,66.5582,pct
hydro_generation_share,"Hydro generation share",energy_water,ons_open_data,daily,2023-12-02,65.8706,pct
hydro_generation_share,"Hydro generation share",energy_water,ons_open_data,daily,2023-12-03,65.8301,pct
hydro_generation_share,"Hydro generation share",energy_water,ons_open_data,daily,2023-12-04,69.8274,pct
hydro_generation_share,"Hydro generation share",energy_water,ons_open_data,daily,2023-12-05,65.4444,pct
hydro_generation_share,"Hydro generation share",energy_water,ons_open_data,daily,2023-12-06,62.0941,pct
hydro_generation_share,"Hydro generation share",energy_water,ons_open_data,daily,2023-12-07,64.6258,pct
hydro_generation_share,"Hydro generation share",energy_water,ons_open_data,daily,2023-12-08,64.7913,pct
hydro_generation_share,"Hydro generation share",energy_water,ons_open_data,daily,2023-12-09,63.0200,pct
hydro_generation_share,"Hydro generation share",energy_water,ons_open_data,daily,2023-12-10,61.4141,pct
hydro_generation_share,"Hydro generation share",energy_water,ons_open_data,daily,2023-12-11,65.4471,pct
hydro_generation_share,"Hydro generation share",energy_water,ons_open_data,daily,2023-12-12,63.3956,pct
hydro_generation_share,"Hydro generation share",energy_water,ons_open_data,daily,2023-12-13,62.1422,pct
hydro_generation_share,"Hydro generation share",energy_water,ons_open_data,daily,2023-12-14,63.8488,pct
hydro_generation_share,"Hydro generation share",energy_water,ons_open_data,daily,2023-12-15,63.7870,pct
hydro_generation_share,"Hydro generation share",energy_water,ons_open_data,daily,2023-12-16,63.8187,pct
hydro_generation_share,"Hydro generation share",energy_water,ons_open_data,daily,2023-12-17,61.4625,pct
hydro_generation_share,"Hydro generation share",energy_water,ons_open_data,daily,2023-12-18,65.8718,pct
hydro_generation_share,"Hydro generation share",energy_water,ons_open_data,daily,2023-12-19,67.1851,pct
hydro_generation_share,"Hydro generation share",energy_water,ons_open_data,daily,2023-12-20,65.6197,pct
hydro_generation_share,"Hydro generation share",energy_water,ons_open_data,daily,2023-12-21,63.0067,pct
hydro_generation_share,"Hydro generation share",energy_water,ons_open_data,daily,2023-12-22,62.3134,pct
hydro_generation_share,"Hydro generation share",energy_water,ons_open_data,daily,2023-12-23,61.4615,pct
hydro_generation_share,"Hydro generation share",energy_water,ons_open_data,daily,2023-12-24,58.8948,pct
hydro_generation_share,"Hydro generation share",energy_water,ons_open_data,daily,2023-12-25,61.5668,pct
hydro_generation_share,"Hydro generation share",energy_water,ons_open_data,daily,2023-12-26,65.0258,pct
hydro_generation_share,"Hydro generation share",energy_water,ons_open_data,daily,2023-12-27,63.9875,pct
hydro_generation_share,"Hydro generation share",energy_water,ons_open_data,daily,2023-12-28,63.7741,pct
hydro_generation_share,"Hydro generation share",energy_water,ons_open_data,daily,2023-12-29,64.2894,pct
hydro_generation_share,"Hydro generation share",energy_water,ons_open_data,daily,2023-12-30,67.5593,pct
hydro_generation_share,"Hydro generation share",energy_water,ons_open_data,daily,2023-12-31,70.2825,pct
hydro_generation_share,"Hydro generation share",energy_water,ons_open_data,daily,2024-01-01,71.5471,pct
hydro_generation_share,"Hydro generation share",energy_water,ons_open_data,daily,2024-01-02,73.4506,pct
hydro_generation_share,"Hydro generation share",energy_water,ons_open_data,daily,2024-01-03,73.2514,pct
hydro_generation_share,"Hydro generation share",energy_water,ons_open_data,daily,2024-01-04,72.2746,pct
hydro_generation_share,"Hydro generation share",energy_water,ons_open_data,daily,2024-01-05,71.2910,pct
hydro_generation_share,"Hydro generation share",energy_water,ons_open_data,daily,2024-01-06,70.1618,pct
hydro_generation_share,"Hydro generation share",energy_water,ons_open_data,daily,2024-01-07,70.4360,pct
hydro_generation_share,"Hydro generation share",energy_water,ons_open_data,daily,2024-01-08,74.1054,pct
hydro_generation_share,"Hydro generation share",energy_water,ons_open_data,daily,2024-01-09,69.5336,pct
hydro_generation_share,"Hydro generation share",energy_water,ons_open_data,daily,2024-01-10,66.9139,pct
hydro_generation_share,"Hydro generation share",energy_water,ons_open_data,daily,2024-01-11,69.0295,pct
hydro_generation_share,"Hydro generation share",energy_water,ons_open_data,daily,2024-01-12,70.9952,pct
hydro_generation_share,"Hydro generation share",energy_water,ons_open_data,daily,2024-01-13,70.8068,pct
hydro_generation_share,"Hydro generation share",energy_water,ons_open_data,daily,2024-01-14,66.5873,pct
hydro_generation_share,"Hydro generation share",energy_water,ons_open_data,daily,2024-01-15,69.8200,pct
hydro_generation_share,"Hydro generation share",energy_water,ons_open_data,daily,2024-01-16,67.7272,pct
hydro_generation_share,"Hydro generation share",energy_water,ons_open_data,daily,2024-01-17,68.3329,pct
hydro_generation_share,"Hydro generation share",energy_water,ons_open_data,daily,2024-01-18,68.5424,pct
hydro_generation_share,"Hydro generation share",energy_water,ons_open_data,daily,2024-01-19,71.4408,pct
hydro_generation_share,"Hydro generation share",energy_water,ons_open_data,daily,2024-01-20,72.6830,pct
hydro_generation_share,"Hydro generation share",energy_water,ons_open_data,daily,2024-01-21,71.3523,pct
hydro_generation_share,"Hydro generation share",energy_water,ons_open_data,daily,2024-01-22,74.1804,pct
hydro_generation_share,"Hydro generation share",energy_water,ons_open_data,daily,2024-01-23,73.2444,pct
hydro_generation_share,"Hydro generation share",energy_water,ons_open_data,daily,2024-01-24,74.1314,pct
hydro_generation_share,"Hydro generation share",energy_water,ons_open_data,daily,2024-01-25,75.5795,pct
hydro_generation_share,"Hydro generation share",energy_water,ons_open_data,daily,2024-01-26,72.6068,pct
hydro_generation_share,"Hydro generation share",energy_water,ons_open_data,daily,2024-01-27,69.5989,pct
hydro_generation_share,"Hydro generation share",energy_water,ons_open_data,daily,2024-01-28,67.4038,pct
hydro_generation_share,"Hydro generation share",energy_water,ons_open_data,daily,2024-01-29,68.8147,pct
hydro_generation_share,"Hydro generation share",energy_water,ons_open_data,daily,2024-01-30,71.5005,pct
hydro_generation_share,"Hydro generation share",energy_water,ons_open_data,daily,2024-01-31,70.1989,pct
hydro_generation_share,"Hydro generation share",energy_water,ons_open_data,daily,2024-02-01,65.3977,pct
hydro_generation_share,"Hydro generation share",energy_water,ons_open_data,daily,2024-02-02,63.9780,pct
hydro_generation_share,"Hydro generation share",energy_water,ons_open_data,daily,2024-02-03,62.2348,pct
hydro_generation_share,"Hydro generation share",energy_water,ons_open_data,daily,2024-02-04,59.2403,pct
hydro_generation_share,"Hydro generation share",energy_water,ons_open_data,daily,2024-02-05,64.3799,pct
hydro_generation_share,"Hydro generation share",energy_water,ons_open_data,daily,2024-02-06,67.1547,pct
hydro_generation_share,"Hydro generation share",energy_water,ons_open_data,daily,2024-02-07,68.9265,pct
hydro_generation_share,"Hydro generation share",energy_water,ons_open_data,daily,2024-02-08,70.6542,pct
hydro_generation_share,"Hydro generation share",energy_water,ons_open_data,daily,2024-02-09,70.7239,pct
hydro_generation_share,"Hydro generation share",energy_water,ons_open_data,daily,2024-02-10,68.0262,pct
hydro_generation_share,"Hydro generation share",energy_water,ons_open_data,daily,2024-02-11,63.5428,pct
hydro_generation_share,"Hydro generation share",energy_water,ons_open_data,daily,2024-02-12,64.0384,pct
hydro_generation_share,"Hydro generation share",energy_water,ons_open_data,daily,2024-02-13,66.0851,pct
hydro_generation_share,"Hydro generation share",energy_water,ons_open_data,daily,2024-02-14,74.3098,pct
hydro_generation_share,"Hydro generation share",energy_water,ons_open_data,daily,2024-02-15,75.4486,pct
hydro_generation_share,"Hydro generation share",energy_water,ons_open_data,daily,2024-02-16,75.3805,pct
hydro_generation_share,"Hydro generation share",energy_water,ons_open_data,daily,2024-02-17,74.4630,pct
hydro_generation_share,"Hydro generation share",energy_water,ons_open_data,daily,2024-02-18,73.1341,pct
hydro_generation_share,"Hydro generation share",energy_water,ons_open_data,daily,2024-02-19,79.1811,pct
hydro_generation_share,"Hydro generation share",energy_water,ons_open_data,daily,2024-02-20,83.0691,pct
hydro_generation_share,"Hydro generation share",energy_water,ons_open_data,daily,2024-02-21,81.7783,pct
hydro_generation_share,"Hydro generation share",energy_water,ons_open_data,daily,2024-02-22,80.6426,pct
hydro_generation_share,"Hydro generation share",energy_water,ons_open_data,daily,2024-02-23,78.3368,pct
hydro_generation_share,"Hydro generation share",energy_water,ons_open_data,daily,2024-02-24,66.3707,pct
hydro_generation_share,"Hydro generation share",energy_water,ons_open_data,daily,2024-02-25,62.8261,pct
hydro_generation_share,"Hydro generation share",energy_water,ons_open_data,daily,2024-02-26,69.3401,pct
hydro_generation_share,"Hydro generation share",energy_water,ons_open_data,daily,2024-02-27,72.7282,pct
hydro_generation_share,"Hydro generation share",energy_water,ons_open_data,daily,2024-02-28,77.7094,pct
hydro_generation_share,"Hydro generation share",energy_water,ons_open_data,daily,2024-02-29,81.0545,pct
hydro_generation_share,"Hydro generation share",energy_water,ons_open_data,daily,2024-03-01,81.8350,pct
hydro_generation_share,"Hydro generation share",energy_water,ons_open_data,daily,2024-03-02,78.7389,pct
hydro_generation_share,"Hydro generation share",energy_water,ons_open_data,daily,2024-03-03,74.5359,pct
hydro_generation_share,"Hydro generation share",energy_water,ons_open_data,daily,2024-03-04,79.8139,pct
hydro_generation_share,"Hydro generation share",energy_water,ons_open_data,daily,2024-03-05,77.7676,pct
hydro_generation_share,"Hydro generation share",energy_water,ons_open_data,daily,2024-03-06,71.7526,pct
hydro_generation_share,"Hydro generation share",energy_water,ons_open_data,daily,2024-03-07,69.8151,pct
hydro_generation_share,"Hydro generation share",energy_water,ons_open_data,daily,2024-03-08,69.2614,pct
hydro_generation_share,"Hydro generation share",energy_water,ons_open_data,daily,2024-03-09,70.9961,pct
hydro_generation_share,"Hydro generation share",energy_water,ons_open_data,daily,2024-03-10,70.3513,pct
hydro_generation_share,"Hydro generation share",energy_water,ons_open_data,daily,2024-03-11,76.4326,pct
hydro_generation_share,"Hydro generation share",energy_water,ons_open_data,daily,2024-03-12,77.4394,pct
hydro_generation_share,"Hydro generation share",energy_water,ons_open_data,daily,2024-03-13,78.0152,pct
hydro_generation_share,"Hydro generation share",energy_water,ons_open_data,daily,2024-03-14,75.9998,pct
hydro_generation_share,"Hydro generation share",energy_water,ons_open_data,daily,2024-03-15,73.3586,pct
hydro_generation_share,"Hydro generation share",energy_water,ons_open_data,daily,2024-03-16,72.5958,pct
hydro_generation_share,"Hydro generation share",energy_water,ons_open_data,daily,2024-03-17,71.5298,pct
hydro_generation_share,"Hydro generation share",energy_water,ons_open_data,daily,2024-03-18,75.7266,pct
hydro_generation_share,"Hydro generation share",energy_water,ons_open_data,daily,2024-03-19,74.7219,pct
hydro_generation_share,"Hydro generation share",energy_water,ons_open_data,daily,2024-03-20,75.5075,pct
hydro_generation_share,"Hydro generation share",energy_water,ons_open_data,daily,2024-03-21,75.4019,pct
hydro_generation_share,"Hydro generation share",energy_water,ons_open_data,daily,2024-03-22,75.6215,pct
hydro_generation_share,"Hydro generation share",energy_water,ons_open_data,daily,2024-03-23,70.5794,pct
hydro_generation_share,"Hydro generation share",energy_water,ons_open_data,daily,2024-03-24,64.0621,pct
hydro_generation_share,"Hydro generation share",energy_water,ons_open_data,daily,2024-03-25,69.6017,pct
hydro_generation_share,"Hydro generation share",energy_water,ons_open_data,daily,2024-03-26,77.4045,pct
hydro_generation_share,"Hydro generation share",energy_water,ons_open_data,daily,2024-03-27,74.1856,pct
hydro_generation_share,"Hydro generation share",energy_water,ons_open_data,daily,2024-03-28,68.4444,pct
hydro_generation_share,"Hydro generation share",energy_water,ons_open_data,daily,2024-03-29,65.4392,pct
hydro_generation_share,"Hydro generation share",energy_water,ons_open_data,daily,2024-03-30,73.3089,pct
hydro_generation_share,"Hydro generation share",energy_water,ons_open_data,daily,2024-03-31,75.0279,pct
hydro_generation_share,"Hydro generation share",energy_water,ons_open_data,daily,2024-04-01,78.7521,pct
hydro_generation_share,"Hydro generation share",energy_water,ons_open_data,daily,2024-04-02,80.9873,pct
hydro_generation_share,"Hydro generation share",energy_water,ons_open_data,daily,2024-04-03,79.8443,pct
hydro_generation_share,"Hydro generation share",energy_water,ons_open_data,daily,2024-04-04,79.6404,pct
hydro_generation_share,"Hydro generation share",energy_water,ons_open_data,daily,2024-04-05,75.8993,pct
hydro_generation_share,"Hydro generation share",energy_water,ons_open_data,daily,2024-04-06,70.8968,pct
hydro_generation_share,"Hydro generation share",energy_water,ons_open_data,daily,2024-04-07,66.4010,pct
hydro_generation_share,"Hydro generation share",energy_water,ons_open_data,daily,2024-04-08,71.3382,pct
hydro_generation_share,"Hydro generation share",energy_water,ons_open_data,daily,2024-04-09,76.6851,pct
hydro_generation_share,"Hydro generation share",energy_water,ons_open_data,daily,2024-04-10,76.9272,pct
hydro_generation_share,"Hydro generation share",energy_water,ons_open_data,daily,2024-04-11,77.4994,pct
hydro_generation_share,"Hydro generation share",energy_water,ons_open_data,daily,2024-04-12,72.2799,pct
hydro_generation_share,"Hydro generation share",energy_water,ons_open_data,daily,2024-04-13,66.2990,pct
hydro_generation_share,"Hydro generation share",energy_water,ons_open_data,daily,2024-04-14,64.6315,pct
hydro_generation_share,"Hydro generation share",energy_water,ons_open_data,daily,2024-04-15,69.6302,pct
hydro_generation_share,"Hydro generation share",energy_water,ons_open_data,daily,2024-04-16,70.1911,pct
hydro_generation_share,"Hydro generation share",energy_water,ons_open_data,daily,2024-04-17,69.3961,pct
hydro_generation_share,"Hydro generation share",energy_water,ons_open_data,daily,2024-04-18,71.2611,pct
hydro_generation_share,"Hydro generation share",energy_water,ons_open_data,daily,2024-04-19,69.8914,pct
hydro_generation_share,"Hydro generation share",energy_water,ons_open_data,daily,2024-04-20,64.8220,pct
hydro_generation_share,"Hydro generation share",energy_water,ons_open_data,daily,2024-04-21,64.9566,pct
hydro_generation_share,"Hydro generation share",energy_water,ons_open_data,daily,2024-04-22,68.1150,pct
hydro_generation_share,"Hydro generation share",energy_water,ons_open_data,daily,2024-04-23,71.9611,pct
hydro_generation_share,"Hydro generation share",energy_water,ons_open_data,daily,2024-04-24,70.1073,pct
hydro_generation_share,"Hydro generation share",energy_water,ons_open_data,daily,2024-04-25,68.3109,pct
hydro_generation_share,"Hydro generation share",energy_water,ons_open_data,daily,2024-04-26,67.5980,pct
hydro_generation_share,"Hydro generation share",energy_water,ons_open_data,daily,2024-04-27,64.4920,pct
hydro_generation_share,"Hydro generation share",energy_water,ons_open_data,daily,2024-04-28,66.2081,pct
hydro_generation_share,"Hydro generation share",energy_water,ons_open_data,daily,2024-04-29,68.5708,pct
hydro_generation_share,"Hydro generation share",energy_water,ons_open_data,daily,2024-04-30,70.1842,pct
hydro_generation_share,"Hydro generation share",energy_water,ons_open_data,daily,2024-05-01,65.0888,pct
hydro_generation_share,"Hydro generation share",energy_water,ons_open_data,daily,2024-05-02,68.3711,pct
hydro_generation_share,"Hydro generation share",energy_water,ons_open_data,daily,2024-05-03,67.3022,pct
hydro_generation_share,"Hydro generation share",energy_water,ons_open_data,daily,2024-05-04,62.1822,pct
hydro_generation_share,"Hydro generation share",energy_water,ons_open_data,daily,2024-05-05,61.0052,pct
hydro_generation_share,"Hydro generation share",energy_water,ons_open_data,daily,2024-05-06,64.5827,pct
hydro_generation_share,"Hydro generation share",energy_water,ons_open_data,daily,2024-05-07,66.0364,pct
hydro_generation_share,"Hydro generation share",energy_water,ons_open_data,daily,2024-05-08,67.1853,pct
hydro_generation_share,"Hydro generation share",energy_water,ons_open_data,daily,2024-05-09,66.5920,pct
hydro_generation_share,"Hydro generation share",energy_water,ons_open_data,daily,2024-05-10,67.9174,pct
hydro_generation_share,"Hydro generation share",energy_water,ons_open_data,daily,2024-05-11,66.2983,pct
hydro_generation_share,"Hydro generation share",energy_water,ons_open_data,daily,2024-05-12,66.0001,pct
hydro_generation_share,"Hydro generation share",energy_water,ons_open_data,daily,2024-05-13,70.2830,pct
hydro_generation_share,"Hydro generation share",energy_water,ons_open_data,daily,2024-05-14,70.6112,pct
hydro_generation_share,"Hydro generation share",energy_water,ons_open_data,daily,2024-05-15,63.6027,pct
hydro_generation_share,"Hydro generation share",energy_water,ons_open_data,daily,2024-05-16,62.8410,pct
hydro_generation_share,"Hydro generation share",energy_water,ons_open_data,daily,2024-05-17,65.4834,pct
hydro_generation_share,"Hydro generation share",energy_water,ons_open_data,daily,2024-05-18,69.7256,pct
hydro_generation_share,"Hydro generation share",energy_water,ons_open_data,daily,2024-05-19,64.6596,pct
hydro_generation_share,"Hydro generation share",energy_water,ons_open_data,daily,2024-05-20,65.1515,pct
hydro_generation_share,"Hydro generation share",energy_water,ons_open_data,daily,2024-05-21,62.4927,pct
hydro_generation_share,"Hydro generation share",energy_water,ons_open_data,daily,2024-05-22,63.0362,pct
hydro_generation_share,"Hydro generation share",energy_water,ons_open_data,daily,2024-05-23,64.0039,pct
hydro_generation_share,"Hydro generation share",energy_water,ons_open_data,daily,2024-05-24,64.4564,pct
hydro_generation_share,"Hydro generation share",energy_water,ons_open_data,daily,2024-05-25,62.1534,pct
hydro_generation_share,"Hydro generation share",energy_water,ons_open_data,daily,2024-05-26,60.4422,pct
hydro_generation_share,"Hydro generation share",energy_water,ons_open_data,daily,2024-05-27,62.4318,pct
hydro_generation_share,"Hydro generation share",energy_water,ons_open_data,daily,2024-05-28,63.2752,pct
hydro_generation_share,"Hydro generation share",energy_water,ons_open_data,daily,2024-05-29,65.8315,pct
hydro_generation_share,"Hydro generation share",energy_water,ons_open_data,daily,2024-05-30,64.4557,pct
hydro_generation_share,"Hydro generation share",energy_water,ons_open_data,daily,2024-05-31,57.0413,pct
hydro_generation_share,"Hydro generation share",energy_water,ons_open_data,daily,2024-06-01,56.6912,pct
hydro_generation_share,"Hydro generation share",energy_water,ons_open_data,daily,2024-06-02,57.6098,pct
hydro_generation_share,"Hydro generation share",energy_water,ons_open_data,daily,2024-06-03,60.2437,pct
hydro_generation_share,"Hydro generation share",energy_water,ons_open_data,daily,2024-06-04,64.1684,pct
hydro_generation_share,"Hydro generation share",energy_water,ons_open_data,daily,2024-06-05,61.6468,pct
hydro_generation_share,"Hydro generation share",energy_water,ons_open_data,daily,2024-06-06,60.8202,pct
hydro_generation_share,"Hydro generation share",energy_water,ons_open_data,daily,2024-06-07,61.9792,pct
hydro_generation_share,"Hydro generation share",energy_water,ons_open_data,daily,2024-06-08,58.9863,pct
hydro_generation_share,"Hydro generation share",energy_water,ons_open_data,daily,2024-06-09,56.2143,pct
hydro_generation_share,"Hydro generation share",energy_water,ons_open_data,daily,2024-06-10,59.6341,pct
hydro_generation_share,"Hydro generation share",energy_water,ons_open_data,daily,2024-06-11,60.5034,pct
hydro_generation_share,"Hydro generation share",energy_water,ons_open_data,daily,2024-06-12,59.8898,pct
hydro_generation_share,"Hydro generation share",energy_water,ons_open_data,daily,2024-06-13,58.1156,pct
hydro_generation_share,"Hydro generation share",energy_water,ons_open_data,daily,2024-06-14,58.5437,pct
hydro_generation_share,"Hydro generation share",energy_water,ons_open_data,daily,2024-06-15,59.1923,pct
hydro_generation_share,"Hydro generation share",energy_water,ons_open_data,daily,2024-06-16,58.7300,pct
hydro_generation_share,"Hydro generation share",energy_water,ons_open_data,daily,2024-06-17,62.6678,pct
hydro_generation_share,"Hydro generation share",energy_water,ons_open_data,daily,2024-06-18,61.8796,pct
hydro_generation_share,"Hydro generation share",energy_water,ons_open_data,daily,2024-06-19,60.8040,pct
hydro_generation_share,"Hydro generation share",energy_water,ons_open_data,daily,2024-06-20,60.1205,pct
hydro_generation_share,"Hydro generation share",energy_water,ons_open_data,daily,2024-06-21,60.1240,pct
hydro_generation_share,"Hydro generation share",energy_water,ons_open_data,daily,2024-06-22,59.6789,pct
hydro_generation_share,"Hydro generation share",energy_water,ons_open_data,daily,2024-06-23,58.9978,pct
hydro_generation_share,"Hydro generation share",energy_water,ons_open_data,daily,2024-06-24,62.8636,pct
hydro_generation_share,"Hydro generation share",energy_water,ons_open_data,daily,2024-06-25,62.5198,pct
hydro_generation_share,"Hydro generation share",energy_water,ons_open_data,daily,2024-06-26,61.8225,pct
hydro_generation_share,"Hydro generation share",energy_water,ons_open_data,daily,2024-06-27,63.3636,pct
hydro_generation_share,"Hydro generation share",energy_water,ons_open_data,daily,2024-06-28,62.1577,pct
hydro_generation_share,"Hydro generation share",energy_water,ons_open_data,daily,2024-06-29,58.8566,pct
hydro_generation_share,"Hydro generation share",energy_water,ons_open_data,daily,2024-06-30,58.2483,pct
hydro_generation_share,"Hydro generation share",energy_water,ons_open_data,daily,2024-07-01,57.5540,pct
hydro_generation_share,"Hydro generation share",energy_water,ons_open_data,daily,2024-07-02,55.6569,pct
hydro_generation_share,"Hydro generation share",energy_water,ons_open_data,daily,2024-07-03,56.9600,pct
hydro_generation_share,"Hydro generation share",energy_water,ons_open_data,daily,2024-07-04,56.7064,pct
hydro_generation_share,"Hydro generation share",energy_water,ons_open_data,daily,2024-07-05,60.8562,pct
hydro_generation_share,"Hydro generation share",energy_water,ons_open_data,daily,2024-07-06,62.5576,pct
hydro_generation_share,"Hydro generation share",energy_water,ons_open_data,daily,2024-07-07,58.1298,pct
hydro_generation_share,"Hydro generation share",energy_water,ons_open_data,daily,2024-07-08,57.6328,pct
hydro_generation_share,"Hydro generation share",energy_water,ons_open_data,daily,2024-07-09,59.6660,pct
hydro_generation_share,"Hydro generation share",energy_water,ons_open_data,daily,2024-07-10,59.1847,pct
hydro_generation_share,"Hydro generation share",energy_water,ons_open_data,daily,2024-07-11,56.9178,pct
hydro_generation_share,"Hydro generation share",energy_water,ons_open_data,daily,2024-07-12,56.1989,pct
hydro_generation_share,"Hydro generation share",energy_water,ons_open_data,daily,2024-07-13,57.4086,pct
hydro_generation_share,"Hydro generation share",energy_water,ons_open_data,daily,2024-07-14,55.5601,pct
hydro_generation_share,"Hydro generation share",energy_water,ons_open_data,daily,2024-07-15,55.3343,pct
hydro_generation_share,"Hydro generation share",energy_water,ons_open_data,daily,2024-07-16,54.6062,pct
hydro_generation_share,"Hydro generation share",energy_water,ons_open_data,daily,2024-07-17,55.3168,pct
hydro_generation_share,"Hydro generation share",energy_water,ons_open_data,daily,2024-07-18,56.6030,pct
hydro_generation_share,"Hydro generation share",energy_water,ons_open_data,daily,2024-07-19,55.2477,pct
hydro_generation_share,"Hydro generation share",energy_water,ons_open_data,daily,2024-07-20,56.3991,pct
hydro_generation_share,"Hydro generation share",energy_water,ons_open_data,daily,2024-07-21,57.0574,pct
hydro_generation_share,"Hydro generation share",energy_water,ons_open_data,daily,2024-07-22,55.3428,pct
hydro_generation_share,"Hydro generation share",energy_water,ons_open_data,daily,2024-07-23,53.4694,pct
hydro_generation_share,"Hydro generation share",energy_water,ons_open_data,daily,2024-07-24,52.9481,pct
hydro_generation_share,"Hydro generation share",energy_water,ons_open_data,daily,2024-07-25,54.2005,pct
hydro_generation_share,"Hydro generation share",energy_water,ons_open_data,daily,2024-07-26,54.5918,pct
hydro_generation_share,"Hydro generation share",energy_water,ons_open_data,daily,2024-07-27,56.6183,pct
hydro_generation_share,"Hydro generation share",energy_water,ons_open_data,daily,2024-07-28,54.9871,pct
hydro_generation_share,"Hydro generation share",energy_water,ons_open_data,daily,2024-07-29,56.2537,pct
hydro_generation_share,"Hydro generation share",energy_water,ons_open_data,daily,2024-07-30,56.7032,pct
hydro_generation_share,"Hydro generation share",energy_water,ons_open_data,daily,2024-07-31,53.2292,pct
hydro_generation_share,"Hydro generation share",energy_water,ons_open_data,daily,2024-08-01,52.8970,pct
hydro_generation_share,"Hydro generation share",energy_water,ons_open_data,daily,2024-08-02,52.9020,pct
hydro_generation_share,"Hydro generation share",energy_water,ons_open_data,daily,2024-08-03,53.9120,pct
hydro_generation_share,"Hydro generation share",energy_water,ons_open_data,daily,2024-08-04,52.7053,pct
hydro_generation_share,"Hydro generation share",energy_water,ons_open_data,daily,2024-08-05,53.1584,pct
hydro_generation_share,"Hydro generation share",energy_water,ons_open_data,daily,2024-08-06,52.7329,pct
hydro_generation_share,"Hydro generation share",energy_water,ons_open_data,daily,2024-08-07,54.0448,pct
hydro_generation_share,"Hydro generation share",energy_water,ons_open_data,daily,2024-08-08,54.4252,pct
hydro_generation_share,"Hydro generation share",energy_water,ons_open_data,daily,2024-08-09,55.2651,pct
hydro_generation_share,"Hydro generation share",energy_water,ons_open_data,daily,2024-08-10,54.5610,pct
hydro_generation_share,"Hydro generation share",energy_water,ons_open_data,daily,2024-08-11,54.0113,pct
hydro_generation_share,"Hydro generation share",energy_water,ons_open_data,daily,2024-08-12,51.3148,pct
hydro_generation_share,"Hydro generation share",energy_water,ons_open_data,daily,2024-08-13,54.7853,pct
hydro_generation_share,"Hydro generation share",energy_water,ons_open_data,daily,2024-08-14,50.2728,pct
hydro_generation_share,"Hydro generation share",energy_water,ons_open_data,daily,2024-08-15,51.5004,pct
hydro_generation_share,"Hydro generation share",energy_water,ons_open_data,daily,2024-08-16,52.8544,pct
hydro_generation_share,"Hydro generation share",energy_water,ons_open_data,daily,2024-08-17,53.8437,pct
hydro_generation_share,"Hydro generation share",energy_water,ons_open_data,daily,2024-08-18,55.7340,pct
hydro_generation_share,"Hydro generation share",energy_water,ons_open_data,daily,2024-08-19,53.1481,pct
hydro_generation_share,"Hydro generation share",energy_water,ons_open_data,daily,2024-08-20,52.8756,pct
hydro_generation_share,"Hydro generation share",energy_water,ons_open_data,daily,2024-08-21,51.4213,pct
hydro_generation_share,"Hydro generation share",energy_water,ons_open_data,daily,2024-08-22,51.4387,pct
hydro_generation_share,"Hydro generation share",energy_water,ons_open_data,daily,2024-08-23,53.1988,pct
hydro_generation_share,"Hydro generation share",energy_water,ons_open_data,daily,2024-08-24,54.6763,pct
hydro_generation_share,"Hydro generation share",energy_water,ons_open_data,daily,2024-08-25,50.6524,pct
hydro_generation_share,"Hydro generation share",energy_water,ons_open_data,daily,2024-08-26,50.1301,pct
hydro_generation_share,"Hydro generation share",energy_water,ons_open_data,daily,2024-08-27,49.9667,pct
hydro_generation_share,"Hydro generation share",energy_water,ons_open_data,daily,2024-08-28,50.6238,pct
hydro_generation_share,"Hydro generation share",energy_water,ons_open_data,daily,2024-08-29,51.0775,pct
hydro_generation_share,"Hydro generation share",energy_water,ons_open_data,daily,2024-08-30,51.8990,pct
hydro_generation_share,"Hydro generation share",energy_water,ons_open_data,daily,2024-08-31,51.0563,pct
hydro_generation_share,"Hydro generation share",energy_water,ons_open_data,daily,2024-09-01,50.5084,pct
hydro_generation_share,"Hydro generation share",energy_water,ons_open_data,daily,2024-09-02,51.4363,pct
hydro_generation_share,"Hydro generation share",energy_water,ons_open_data,daily,2024-09-03,53.1476,pct
hydro_generation_share,"Hydro generation share",energy_water,ons_open_data,daily,2024-09-04,52.4060,pct
hydro_generation_share,"Hydro generation share",energy_water,ons_open_data,daily,2024-09-05,51.2157,pct
hydro_generation_share,"Hydro generation share",energy_water,ons_open_data,daily,2024-09-06,49.3593,pct
hydro_generation_share,"Hydro generation share",energy_water,ons_open_data,daily,2024-09-07,47.0477,pct
hydro_generation_share,"Hydro generation share",energy_water,ons_open_data,daily,2024-09-08,49.3004,pct
hydro_generation_share,"Hydro generation share",energy_water,ons_open_data,daily,2024-09-09,50.5211,pct
hydro_generation_share,"Hydro generation share",energy_water,ons_open_data,daily,2024-09-10,51.3400,pct
hydro_generation_share,"Hydro generation share",energy_water,ons_open_data,daily,2024-09-11,49.6337,pct
hydro_generation_share,"Hydro generation share",energy_water,ons_open_data,daily,2024-09-12,50.3454,pct
hydro_generation_share,"Hydro generation share",energy_water,ons_open_data,daily,2024-09-13,50.8820,pct
hydro_generation_share,"Hydro generation share",energy_water,ons_open_data,daily,2024-09-14,49.0212,pct
hydro_generation_share,"Hydro generation share",energy_water,ons_open_data,daily,2024-09-15,47.8043,pct
hydro_generation_share,"Hydro generation share",energy_water,ons_open_data,daily,2024-09-16,50.9604,pct
hydro_generation_share,"Hydro generation share",energy_water,ons_open_data,daily,2024-09-17,48.3175,pct
hydro_generation_share,"Hydro generation share",energy_water,ons_open_data,daily,2024-09-18,47.9491,pct
hydro_generation_share,"Hydro generation share",energy_water,ons_open_data,daily,2024-09-19,48.2352,pct
hydro_generation_share,"Hydro generation share",energy_water,ons_open_data,daily,2024-09-20,49.1993,pct
hydro_generation_share,"Hydro generation share",energy_water,ons_open_data,daily,2024-09-21,47.3737,pct
hydro_generation_share,"Hydro generation share",energy_water,ons_open_data,daily,2024-09-22,46.3233,pct
hydro_generation_share,"Hydro generation share",energy_water,ons_open_data,daily,2024-09-23,49.5014,pct
hydro_generation_share,"Hydro generation share",energy_water,ons_open_data,daily,2024-09-24,50.1866,pct
hydro_generation_share,"Hydro generation share",energy_water,ons_open_data,daily,2024-09-25,50.3354,pct
hydro_generation_share,"Hydro generation share",energy_water,ons_open_data,daily,2024-09-26,51.3324,pct
hydro_generation_share,"Hydro generation share",energy_water,ons_open_data,daily,2024-09-27,51.4574,pct
hydro_generation_share,"Hydro generation share",energy_water,ons_open_data,daily,2024-09-28,47.3697,pct
hydro_generation_share,"Hydro generation share",energy_water,ons_open_data,daily,2024-09-29,46.4566,pct
hydro_generation_share,"Hydro generation share",energy_water,ons_open_data,daily,2024-09-30,47.7187,pct
hydro_generation_share,"Hydro generation share",energy_water,ons_open_data,daily,2024-10-01,49.4540,pct
hydro_generation_share,"Hydro generation share",energy_water,ons_open_data,daily,2024-10-02,51.1387,pct
hydro_generation_share,"Hydro generation share",energy_water,ons_open_data,daily,2024-10-03,48.7194,pct
hydro_generation_share,"Hydro generation share",energy_water,ons_open_data,daily,2024-10-04,47.8212,pct
hydro_generation_share,"Hydro generation share",energy_water,ons_open_data,daily,2024-10-05,45.0127,pct
hydro_generation_share,"Hydro generation share",energy_water,ons_open_data,daily,2024-10-06,44.3210,pct
hydro_generation_share,"Hydro generation share",energy_water,ons_open_data,daily,2024-10-07,47.5080,pct
hydro_generation_share,"Hydro generation share",energy_water,ons_open_data,daily,2024-10-08,51.4947,pct
hydro_generation_share,"Hydro generation share",energy_water,ons_open_data,daily,2024-10-09,54.8232,pct
hydro_generation_share,"Hydro generation share",energy_water,ons_open_data,daily,2024-10-10,53.3834,pct
hydro_generation_share,"Hydro generation share",energy_water,ons_open_data,daily,2024-10-11,50.4953,pct
hydro_generation_share,"Hydro generation share",energy_water,ons_open_data,daily,2024-10-12,46.1902,pct
hydro_generation_share,"Hydro generation share",energy_water,ons_open_data,daily,2024-10-13,45.4663,pct
hydro_generation_share,"Hydro generation share",energy_water,ons_open_data,daily,2024-10-14,44.8699,pct
hydro_generation_share,"Hydro generation share",energy_water,ons_open_data,daily,2024-10-15,48.9061,pct
hydro_generation_share,"Hydro generation share",energy_water,ons_open_data,daily,2024-10-16,52.5057,pct
hydro_generation_share,"Hydro generation share",energy_water,ons_open_data,daily,2024-10-17,56.5738,pct
hydro_generation_share,"Hydro generation share",energy_water,ons_open_data,daily,2024-10-18,59.3212,pct
hydro_generation_share,"Hydro generation share",energy_water,ons_open_data,daily,2024-10-19,51.9235,pct
hydro_generation_share,"Hydro generation share",energy_water,ons_open_data,daily,2024-10-20,48.0454,pct
hydro_generation_share,"Hydro generation share",energy_water,ons_open_data,daily,2024-10-21,47.6519,pct
hydro_generation_share,"Hydro generation share",energy_water,ons_open_data,daily,2024-10-22,48.9930,pct
hydro_generation_share,"Hydro generation share",energy_water,ons_open_data,daily,2024-10-23,49.4200,pct
hydro_generation_share,"Hydro generation share",energy_water,ons_open_data,daily,2024-10-24,49.3419,pct
hydro_generation_share,"Hydro generation share",energy_water,ons_open_data,daily,2024-10-25,48.8070,pct
hydro_generation_share,"Hydro generation share",energy_water,ons_open_data,daily,2024-10-26,49.0457,pct
hydro_generation_share,"Hydro generation share",energy_water,ons_open_data,daily,2024-10-27,52.2329,pct
hydro_generation_share,"Hydro generation share",energy_water,ons_open_data,daily,2024-10-28,49.7035,pct
hydro_generation_share,"Hydro generation share",energy_water,ons_open_data,daily,2024-10-29,50.3243,pct
hydro_generation_share,"Hydro generation share",energy_water,ons_open_data,daily,2024-10-30,50.6759,pct
hydro_generation_share,"Hydro generation share",energy_water,ons_open_data,daily,2024-10-31,51.3463,pct
hydro_generation_share,"Hydro generation share",energy_water,ons_open_data,daily,2024-11-01,51.2171,pct
hydro_generation_share,"Hydro generation share",energy_water,ons_open_data,daily,2024-11-02,47.0127,pct
hydro_generation_share,"Hydro generation share",energy_water,ons_open_data,daily,2024-11-03,48.7721,pct
hydro_generation_share,"Hydro generation share",energy_water,ons_open_data,daily,2024-11-04,52.8450,pct
hydro_generation_share,"Hydro generation share",energy_water,ons_open_data,daily,2024-11-05,55.7113,pct
hydro_generation_share,"Hydro generation share",energy_water,ons_open_data,daily,2024-11-06,53.9383,pct
hydro_generation_share,"Hydro generation share",energy_water,ons_open_data,daily,2024-11-07,54.3645,pct
hydro_generation_share,"Hydro generation share",energy_water,ons_open_data,daily,2024-11-08,58.3262,pct
hydro_generation_share,"Hydro generation share",energy_water,ons_open_data,daily,2024-11-09,58.1995,pct
hydro_generation_share,"Hydro generation share",energy_water,ons_open_data,daily,2024-11-10,51.0986,pct
hydro_generation_share,"Hydro generation share",energy_water,ons_open_data,daily,2024-11-11,59.3067,pct
hydro_generation_share,"Hydro generation share",energy_water,ons_open_data,daily,2024-11-12,61.5642,pct
hydro_generation_share,"Hydro generation share",energy_water,ons_open_data,daily,2024-11-13,56.1992,pct
hydro_generation_share,"Hydro generation share",energy_water,ons_open_data,daily,2024-11-14,55.9909,pct
hydro_generation_share,"Hydro generation share",energy_water,ons_open_data,daily,2024-11-15,51.7107,pct
hydro_generation_share,"Hydro generation share",energy_water,ons_open_data,daily,2024-11-16,52.3228,pct
hydro_generation_share,"Hydro generation share",energy_water,ons_open_data,daily,2024-11-17,54.7851,pct
hydro_generation_share,"Hydro generation share",energy_water,ons_open_data,daily,2024-11-18,55.2409,pct
hydro_generation_share,"Hydro generation share",energy_water,ons_open_data,daily,2024-11-19,60.1352,pct
hydro_generation_share,"Hydro generation share",energy_water,ons_open_data,daily,2024-11-20,59.0528,pct
hydro_generation_share,"Hydro generation share",energy_water,ons_open_data,daily,2024-11-21,64.5091,pct
hydro_generation_share,"Hydro generation share",energy_water,ons_open_data,daily,2024-11-22,68.2115,pct
hydro_generation_share,"Hydro generation share",energy_water,ons_open_data,daily,2024-11-23,66.6520,pct
hydro_generation_share,"Hydro generation share",energy_water,ons_open_data,daily,2024-11-24,62.3619,pct
hydro_generation_share,"Hydro generation share",energy_water,ons_open_data,daily,2024-11-25,60.6467,pct
hydro_generation_share,"Hydro generation share",energy_water,ons_open_data,daily,2024-11-26,59.2037,pct
hydro_generation_share,"Hydro generation share",energy_water,ons_open_data,daily,2024-11-27,59.2066,pct
hydro_generation_share,"Hydro generation share",energy_water,ons_open_data,daily,2024-11-28,58.8572,pct
hydro_generation_share,"Hydro generation share",energy_water,ons_open_data,daily,2024-11-29,59.7592,pct
hydro_generation_share,"Hydro generation share",energy_water,ons_open_data,daily,2024-11-30,54.7496,pct
hydro_generation_share,"Hydro generation share",energy_water,ons_open_data,daily,2024-12-01,57.3771,pct
hydro_generation_share,"Hydro generation share",energy_water,ons_open_data,daily,2024-12-02,61.5661,pct
hydro_generation_share,"Hydro generation share",energy_water,ons_open_data,daily,2024-12-03,64.2813,pct
hydro_generation_share,"Hydro generation share",energy_water,ons_open_data,daily,2024-12-04,64.1025,pct
hydro_generation_share,"Hydro generation share",energy_water,ons_open_data,daily,2024-12-05,59.6167,pct
hydro_generation_share,"Hydro generation share",energy_water,ons_open_data,daily,2024-12-06,60.3075,pct
hydro_generation_share,"Hydro generation share",energy_water,ons_open_data,daily,2024-12-07,60.1414,pct
hydro_generation_share,"Hydro generation share",energy_water,ons_open_data,daily,2024-12-08,60.5988,pct
hydro_generation_share,"Hydro generation share",energy_water,ons_open_data,daily,2024-12-09,59.5845,pct
hydro_generation_share,"Hydro generation share",energy_water,ons_open_data,daily,2024-12-10,59.9735,pct
hydro_generation_share,"Hydro generation share",energy_water,ons_open_data,daily,2024-12-11,63.2254,pct
hydro_generation_share,"Hydro generation share",energy_water,ons_open_data,daily,2024-12-12,61.4116,pct
hydro_generation_share,"Hydro generation share",energy_water,ons_open_data,daily,2024-12-13,57.2135,pct
hydro_generation_share,"Hydro generation share",energy_water,ons_open_data,daily,2024-12-14,60.2825,pct
hydro_generation_share,"Hydro generation share",energy_water,ons_open_data,daily,2024-12-15,60.3764,pct
hydro_generation_share,"Hydro generation share",energy_water,ons_open_data,daily,2024-12-16,59.9261,pct
hydro_generation_share,"Hydro generation share",energy_water,ons_open_data,daily,2024-12-17,61.5832,pct
hydro_generation_share,"Hydro generation share",energy_water,ons_open_data,daily,2024-12-18,61.4490,pct
hydro_generation_share,"Hydro generation share",energy_water,ons_open_data,daily,2024-12-19,61.1386,pct
hydro_generation_share,"Hydro generation share",energy_water,ons_open_data,daily,2024-12-20,59.8642,pct
hydro_generation_share,"Hydro generation share",energy_water,ons_open_data,daily,2024-12-21,60.9530,pct
hydro_generation_share,"Hydro generation share",energy_water,ons_open_data,daily,2024-12-22,60.8379,pct
hydro_generation_share,"Hydro generation share",energy_water,ons_open_data,daily,2024-12-23,60.2650,pct
hydro_generation_share,"Hydro generation share",energy_water,ons_open_data,daily,2024-12-24,61.7113,pct
hydro_generation_share,"Hydro generation share",energy_water,ons_open_data,daily,2024-12-25,61.7573,pct
hydro_generation_share,"Hydro generation share",energy_water,ons_open_data,daily,2024-12-26,56.7033,pct
hydro_generation_share,"Hydro generation share",energy_water,ons_open_data,daily,2024-12-27,57.5543,pct
hydro_generation_share,"Hydro generation share",energy_water,ons_open_data,daily,2024-12-28,57.2852,pct
hydro_generation_share,"Hydro generation share",energy_water,ons_open_data,daily,2024-12-29,58.7527,pct
hydro_generation_share,"Hydro generation share",energy_water,ons_open_data,daily,2024-12-30,61.8944,pct
hydro_generation_share,"Hydro generation share",energy_water,ons_open_data,daily,2024-12-31,60.2239,pct
hydro_generation_share,"Hydro generation share",energy_water,ons_open_data,daily,2025-01-01,58.3687,pct
hydro_generation_share,"Hydro generation share",energy_water,ons_open_data,daily,2025-01-02,59.5618,pct
hydro_generation_share,"Hydro generation share",energy_water,ons_open_data,daily,2025-01-03,61.0496,pct
hydro_generation_share,"Hydro generation share",energy_water,ons_open_data,daily,2025-01-04,61.8668,pct
hydro_generation_share,"Hydro generation share",energy_water,ons_open_data,daily,2025-01-05,63.0563,pct
hydro_generation_share,"Hydro generation share",energy_water,ons_open_data,daily,2025-01-06,67.0645,pct
hydro_generation_share,"Hydro generation share",energy_water,ons_open_data,daily,2025-01-07,70.5816,pct
hydro_generation_share,"Hydro generation share",energy_water,ons_open_data,daily,2025-01-08,73.7396,pct
hydro_generation_share,"Hydro generation share",energy_water,ons_open_data,daily,2025-01-09,71.5053,pct
hydro_generation_share,"Hydro generation share",energy_water,ons_open_data,daily,2025-01-10,71.5402,pct
hydro_generation_share,"Hydro generation share",energy_water,ons_open_data,daily,2025-01-11,69.4919,pct
hydro_generation_share,"Hydro generation share",energy_water,ons_open_data,daily,2025-01-12,69.0365,pct
hydro_generation_share,"Hydro generation share",energy_water,ons_open_data,daily,2025-01-13,72.8146,pct
hydro_generation_share,"Hydro generation share",energy_water,ons_open_data,daily,2025-01-14,72.8827,pct
hydro_generation_share,"Hydro generation share",energy_water,ons_open_data,daily,2025-01-15,74.1950,pct
hydro_generation_share,"Hydro generation share",energy_water,ons_open_data,daily,2025-01-16,73.9405,pct
hydro_generation_share,"Hydro generation share",energy_water,ons_open_data,daily,2025-01-17,70.4555,pct
hydro_generation_share,"Hydro generation share",energy_water,ons_open_data,daily,2025-01-18,66.7557,pct
hydro_generation_share,"Hydro generation share",energy_water,ons_open_data,daily,2025-01-19,72.3347,pct
hydro_generation_share,"Hydro generation share",energy_water,ons_open_data,daily,2025-01-20,76.1618,pct
hydro_generation_share,"Hydro generation share",energy_water,ons_open_data,daily,2025-01-21,75.2873,pct
hydro_generation_share,"Hydro generation share",energy_water,ons_open_data,daily,2025-01-22,73.0753,pct
hydro_generation_share,"Hydro generation share",energy_water,ons_open_data,daily,2025-01-23,72.5077,pct
hydro_generation_share,"Hydro generation share",energy_water,ons_open_data,daily,2025-01-24,74.3971,pct
hydro_generation_share,"Hydro generation share",energy_water,ons_open_data,daily,2025-01-25,71.1758,pct
hydro_generation_share,"Hydro generation share",energy_water,ons_open_data,daily,2025-01-26,67.2623,pct
hydro_generation_share,"Hydro generation share",energy_water,ons_open_data,daily,2025-01-27,70.6911,pct
hydro_generation_share,"Hydro generation share",energy_water,ons_open_data,daily,2025-01-28,72.7372,pct
hydro_generation_share,"Hydro generation share",energy_water,ons_open_data,daily,2025-01-29,71.5982,pct
hydro_generation_share,"Hydro generation share",energy_water,ons_open_data,daily,2025-01-30,71.2120,pct
hydro_generation_share,"Hydro generation share",energy_water,ons_open_data,daily,2025-01-31,73.1459,pct
hydro_generation_share,"Hydro generation share",energy_water,ons_open_data,daily,2025-02-01,67.1434,pct
hydro_generation_share,"Hydro generation share",energy_water,ons_open_data,daily,2025-02-02,64.6745,pct
hydro_generation_share,"Hydro generation share",energy_water,ons_open_data,daily,2025-02-03,71.3504,pct
hydro_generation_share,"Hydro generation share",energy_water,ons_open_data,daily,2025-02-04,71.3910,pct
hydro_generation_share,"Hydro generation share",energy_water,ons_open_data,daily,2025-02-05,71.3074,pct
hydro_generation_share,"Hydro generation share",energy_water,ons_open_data,daily,2025-02-06,71.1212,pct
hydro_generation_share,"Hydro generation share",energy_water,ons_open_data,daily,2025-02-07,71.4167,pct
hydro_generation_share,"Hydro generation share",energy_water,ons_open_data,daily,2025-02-08,65.8778,pct
hydro_generation_share,"Hydro generation share",energy_water,ons_open_data,daily,2025-02-09,67.0218,pct
hydro_generation_share,"Hydro generation share",energy_water,ons_open_data,daily,2025-02-10,71.0180,pct
hydro_generation_share,"Hydro generation share",energy_water,ons_open_data,daily,2025-02-11,71.3989,pct
hydro_generation_share,"Hydro generation share",energy_water,ons_open_data,daily,2025-02-12,72.2267,pct
hydro_generation_share,"Hydro generation share",energy_water,ons_open_data,daily,2025-02-13,71.4848,pct
hydro_generation_share,"Hydro generation share",energy_water,ons_open_data,daily,2025-02-14,67.8262,pct
hydro_generation_share,"Hydro generation share",energy_water,ons_open_data,daily,2025-02-15,64.4258,pct
hydro_generation_share,"Hydro generation share",energy_water,ons_open_data,daily,2025-02-16,61.1359,pct
hydro_generation_share,"Hydro generation share",energy_water,ons_open_data,daily,2025-02-17,68.0627,pct
hydro_generation_share,"Hydro generation share",energy_water,ons_open_data,daily,2025-02-18,69.8427,pct
hydro_generation_share,"Hydro generation share",energy_water,ons_open_data,daily,2025-02-19,68.5623,pct
hydro_generation_share,"Hydro generation share",energy_water,ons_open_data,daily,2025-02-20,68.8010,pct
hydro_generation_share,"Hydro generation share",energy_water,ons_open_data,daily,2025-02-21,67.6855,pct
hydro_generation_share,"Hydro generation share",energy_water,ons_open_data,daily,2025-02-22,64.0344,pct
hydro_generation_share,"Hydro generation share",energy_water,ons_open_data,daily,2025-02-23,62.3033,pct
hydro_generation_share,"Hydro generation share",energy_water,ons_open_data,daily,2025-02-24,68.1470,pct
hydro_generation_share,"Hydro generation share",energy_water,ons_open_data,daily,2025-02-25,68.6780,pct
hydro_generation_share,"Hydro generation share",energy_water,ons_open_data,daily,2025-02-26,67.7614,pct
hydro_generation_share,"Hydro generation share",energy_water,ons_open_data,daily,2025-02-27,67.6589,pct
hydro_generation_share,"Hydro generation share",energy_water,ons_open_data,daily,2025-02-28,68.2606,pct
hydro_generation_share,"Hydro generation share",energy_water,ons_open_data,daily,2025-03-01,63.4931,pct
hydro_generation_share,"Hydro generation share",energy_water,ons_open_data,daily,2025-03-02,62.3970,pct
hydro_generation_share,"Hydro generation share",energy_water,ons_open_data,daily,2025-03-03,62.8886,pct
hydro_generation_share,"Hydro generation share",energy_water,ons_open_data,daily,2025-03-04,62.5760,pct
hydro_generation_share,"Hydro generation share",energy_water,ons_open_data,daily,2025-03-05,64.2103,pct
hydro_generation_share,"Hydro generation share",energy_water,ons_open_data,daily,2025-03-06,64.3523,pct
hydro_generation_share,"Hydro generation share",energy_water,ons_open_data,daily,2025-03-07,64.6620,pct
hydro_generation_share,"Hydro generation share",energy_water,ons_open_data,daily,2025-03-08,63.9514,pct
hydro_generation_share,"Hydro generation share",energy_water,ons_open_data,daily,2025-03-09,63.6194,pct
hydro_generation_share,"Hydro generation share",energy_water,ons_open_data,daily,2025-03-10,69.1071,pct
hydro_generation_share,"Hydro generation share",energy_water,ons_open_data,daily,2025-03-11,66.8679,pct
hydro_generation_share,"Hydro generation share",energy_water,ons_open_data,daily,2025-03-12,64.9964,pct
hydro_generation_share,"Hydro generation share",energy_water,ons_open_data,daily,2025-03-13,66.5343,pct
hydro_generation_share,"Hydro generation share",energy_water,ons_open_data,daily,2025-03-14,69.8082,pct
hydro_generation_share,"Hydro generation share",energy_water,ons_open_data,daily,2025-03-15,66.1090,pct
hydro_generation_share,"Hydro generation share",energy_water,ons_open_data,daily,2025-03-16,65.1219,pct
hydro_generation_share,"Hydro generation share",energy_water,ons_open_data,daily,2025-03-17,69.0370,pct
hydro_generation_share,"Hydro generation share",energy_water,ons_open_data,daily,2025-03-18,70.6298,pct
hydro_generation_share,"Hydro generation share",energy_water,ons_open_data,daily,2025-03-19,70.2804,pct
hydro_generation_share,"Hydro generation share",energy_water,ons_open_data,daily,2025-03-20,69.2925,pct
hydro_generation_share,"Hydro generation share",energy_water,ons_open_data,daily,2025-03-21,68.4891,pct
hydro_generation_share,"Hydro generation share",energy_water,ons_open_data,daily,2025-03-22,65.8607,pct
hydro_generation_share,"Hydro generation share",energy_water,ons_open_data,daily,2025-03-23,65.1248,pct
hydro_generation_share,"Hydro generation share",energy_water,ons_open_data,daily,2025-03-24,68.8441,pct
hydro_generation_share,"Hydro generation share",energy_water,ons_open_data,daily,2025-03-25,69.1564,pct
hydro_generation_share,"Hydro generation share",energy_water,ons_open_data,daily,2025-03-26,69.5061,pct
hydro_generation_share,"Hydro generation share",energy_water,ons_open_data,daily,2025-03-27,68.1935,pct
hydro_generation_share,"Hydro generation share",energy_water,ons_open_data,daily,2025-03-28,69.3921,pct
hydro_generation_share,"Hydro generation share",energy_water,ons_open_data,daily,2025-03-29,65.3145,pct
hydro_generation_share,"Hydro generation share",energy_water,ons_open_data,daily,2025-03-30,62.9334,pct
hydro_generation_share,"Hydro generation share",energy_water,ons_open_data,daily,2025-03-31,63.0620,pct
hydro_generation_share,"Hydro generation share",energy_water,ons_open_data,daily,2025-04-01,60.5579,pct
hydro_generation_share,"Hydro generation share",energy_water,ons_open_data,daily,2025-04-02,66.0014,pct
hydro_generation_share,"Hydro generation share",energy_water,ons_open_data,daily,2025-04-03,64.8124,pct
hydro_generation_share,"Hydro generation share",energy_water,ons_open_data,daily,2025-04-04,62.7441,pct
hydro_generation_share,"Hydro generation share",energy_water,ons_open_data,daily,2025-04-05,61.6911,pct
hydro_generation_share,"Hydro generation share",energy_water,ons_open_data,daily,2025-04-06,57.9773,pct
hydro_generation_share,"Hydro generation share",energy_water,ons_open_data,daily,2025-04-07,60.4255,pct
hydro_generation_share,"Hydro generation share",energy_water,ons_open_data,daily,2025-04-08,60.8302,pct
hydro_generation_share,"Hydro generation share",energy_water,ons_open_data,daily,2025-04-09,61.8666,pct
hydro_generation_share,"Hydro generation share",energy_water,ons_open_data,daily,2025-04-10,69.7399,pct
hydro_generation_share,"Hydro generation share",energy_water,ons_open_data,daily,2025-04-11,71.3144,pct
hydro_generation_share,"Hydro generation share",energy_water,ons_open_data,daily,2025-04-12,68.8959,pct
hydro_generation_share,"Hydro generation share",energy_water,ons_open_data,daily,2025-04-13,63.0067,pct
hydro_generation_share,"Hydro generation share",energy_water,ons_open_data,daily,2025-04-14,67.3734,pct
hydro_generation_share,"Hydro generation share",energy_water,ons_open_data,daily,2025-04-15,70.1539,pct
hydro_generation_share,"Hydro generation share",energy_water,ons_open_data,daily,2025-04-16,68.0257,pct
hydro_generation_share,"Hydro generation share",energy_water,ons_open_data,daily,2025-04-17,65.3983,pct
hydro_generation_share,"Hydro generation share",energy_water,ons_open_data,daily,2025-04-18,62.0433,pct
hydro_generation_share,"Hydro generation share",energy_water,ons_open_data,daily,2025-04-19,62.3899,pct
hydro_generation_share,"Hydro generation share",energy_water,ons_open_data,daily,2025-04-20,67.5050,pct
hydro_generation_share,"Hydro generation share",energy_water,ons_open_data,daily,2025-04-21,68.2757,pct
hydro_generation_share,"Hydro generation share",energy_water,ons_open_data,daily,2025-04-22,65.6802,pct
hydro_generation_share,"Hydro generation share",energy_water,ons_open_data,daily,2025-04-23,63.5782,pct
hydro_generation_share,"Hydro generation share",energy_water,ons_open_data,daily,2025-04-24,65.3270,pct
hydro_generation_share,"Hydro generation share",energy_water,ons_open_data,daily,2025-04-25,66.4842,pct
hydro_generation_share,"Hydro generation share",energy_water,ons_open_data,daily,2025-04-26,65.2550,pct
hydro_generation_share,"Hydro generation share",energy_water,ons_open_data,daily,2025-04-27,63.5704,pct
hydro_generation_share,"Hydro generation share",energy_water,ons_open_data,daily,2025-04-28,69.7333,pct
hydro_generation_share,"Hydro generation share",energy_water,ons_open_data,daily,2025-04-29,72.8280,pct
hydro_generation_share,"Hydro generation share",energy_water,ons_open_data,daily,2025-04-30,68.2486,pct
hydro_generation_share,"Hydro generation share",energy_water,ons_open_data,daily,2025-05-01,61.2317,pct
hydro_generation_share,"Hydro generation share",energy_water,ons_open_data,daily,2025-05-02,58.4772,pct
hydro_generation_share,"Hydro generation share",energy_water,ons_open_data,daily,2025-05-03,59.4986,pct
hydro_generation_share,"Hydro generation share",energy_water,ons_open_data,daily,2025-05-04,60.0184,pct
hydro_generation_share,"Hydro generation share",energy_water,ons_open_data,daily,2025-05-05,61.0432,pct
hydro_generation_share,"Hydro generation share",energy_water,ons_open_data,daily,2025-05-06,62.0790,pct
hydro_generation_share,"Hydro generation share",energy_water,ons_open_data,daily,2025-05-07,61.4700,pct
hydro_generation_share,"Hydro generation share",energy_water,ons_open_data,daily,2025-05-08,61.4604,pct
hydro_generation_share,"Hydro generation share",energy_water,ons_open_data,daily,2025-05-09,61.8483,pct
hydro_generation_share,"Hydro generation share",energy_water,ons_open_data,daily,2025-05-10,58.8477,pct
hydro_generation_share,"Hydro generation share",energy_water,ons_open_data,daily,2025-05-11,59.7609,pct
hydro_generation_share,"Hydro generation share",energy_water,ons_open_data,daily,2025-05-12,59.2267,pct
hydro_generation_share,"Hydro generation share",energy_water,ons_open_data,daily,2025-05-13,60.3311,pct
hydro_generation_share,"Hydro generation share",energy_water,ons_open_data,daily,2025-05-14,60.0226,pct
hydro_generation_share,"Hydro generation share",energy_water,ons_open_data,daily,2025-05-15,61.5939,pct
hydro_generation_share,"Hydro generation share",energy_water,ons_open_data,daily,2025-05-16,61.0511,pct
hydro_generation_share,"Hydro generation share",energy_water,ons_open_data,daily,2025-05-17,56.0410,pct
hydro_generation_share,"Hydro generation share",energy_water,ons_open_data,daily,2025-05-18,55.3117,pct
hydro_generation_share,"Hydro generation share",energy_water,ons_open_data,daily,2025-05-19,58.7526,pct
hydro_generation_share,"Hydro generation share",energy_water,ons_open_data,daily,2025-05-20,61.6562,pct
hydro_generation_share,"Hydro generation share",energy_water,ons_open_data,daily,2025-05-21,60.4985,pct
hydro_generation_share,"Hydro generation share",energy_water,ons_open_data,daily,2025-05-22,58.3305,pct
hydro_generation_share,"Hydro generation share",energy_water,ons_open_data,daily,2025-05-23,57.9436,pct
hydro_generation_share,"Hydro generation share",energy_water,ons_open_data,daily,2025-05-24,54.8166,pct
hydro_generation_share,"Hydro generation share",energy_water,ons_open_data,daily,2025-05-25,54.0144,pct
hydro_generation_share,"Hydro generation share",energy_water,ons_open_data,daily,2025-05-26,55.4895,pct
hydro_generation_share,"Hydro generation share",energy_water,ons_open_data,daily,2025-05-27,54.6273,pct
hydro_generation_share,"Hydro generation share",energy_water,ons_open_data,daily,2025-05-28,56.5357,pct
hydro_generation_share,"Hydro generation share",energy_water,ons_open_data,daily,2025-05-29,56.9089,pct
hydro_generation_share,"Hydro generation share",energy_water,ons_open_data,daily,2025-05-30,56.0743,pct
hydro_generation_share,"Hydro generation share",energy_water,ons_open_data,daily,2025-05-31,55.4088,pct
hydro_generation_share,"Hydro generation share",energy_water,ons_open_data,daily,2025-06-01,53.1932,pct
hydro_generation_share,"Hydro generation share",energy_water,ons_open_data,daily,2025-06-02,54.9479,pct
hydro_generation_share,"Hydro generation share",energy_water,ons_open_data,daily,2025-06-03,57.0950,pct
hydro_generation_share,"Hydro generation share",energy_water,ons_open_data,daily,2025-06-04,57.4412,pct
hydro_generation_share,"Hydro generation share",energy_water,ons_open_data,daily,2025-06-05,58.0125,pct
hydro_generation_share,"Hydro generation share",energy_water,ons_open_data,daily,2025-06-06,57.6084,pct
hydro_generation_share,"Hydro generation share",energy_water,ons_open_data,daily,2025-06-07,56.8833,pct
hydro_generation_share,"Hydro generation share",energy_water,ons_open_data,daily,2025-06-08,55.3708,pct
hydro_generation_share,"Hydro generation share",energy_water,ons_open_data,daily,2025-06-09,61.4665,pct
hydro_generation_share,"Hydro generation share",energy_water,ons_open_data,daily,2025-06-10,60.5238,pct
hydro_generation_share,"Hydro generation share",energy_water,ons_open_data,daily,2025-06-11,57.3335,pct
hydro_generation_share,"Hydro generation share",energy_water,ons_open_data,daily,2025-06-12,54.3662,pct
hydro_generation_share,"Hydro generation share",energy_water,ons_open_data,daily,2025-06-13,52.0506,pct
hydro_generation_share,"Hydro generation share",energy_water,ons_open_data,daily,2025-06-14,52.5201,pct
hydro_generation_share,"Hydro generation share",energy_water,ons_open_data,daily,2025-06-15,55.1296,pct
hydro_generation_share,"Hydro generation share",energy_water,ons_open_data,daily,2025-06-16,55.9538,pct
hydro_generation_share,"Hydro generation share",energy_water,ons_open_data,daily,2025-06-17,55.8121,pct
hydro_generation_share,"Hydro generation share",energy_water,ons_open_data,daily,2025-06-18,54.3278,pct
hydro_generation_share,"Hydro generation share",energy_water,ons_open_data,daily,2025-06-19,53.3509,pct
hydro_generation_share,"Hydro generation share",energy_water,ons_open_data,daily,2025-06-20,53.9360,pct
hydro_generation_share,"Hydro generation share",energy_water,ons_open_data,daily,2025-06-21,55.1387,pct
hydro_generation_share,"Hydro generation share",energy_water,ons_open_data,daily,2025-06-22,56.3663,pct
hydro_generation_share,"Hydro generation share",energy_water,ons_open_data,daily,2025-06-23,54.9154,pct
hydro_generation_share,"Hydro generation share",energy_water,ons_open_data,daily,2025-06-24,57.8748,pct
hydro_generation_share,"Hydro generation share",energy_water,ons_open_data,daily,2025-06-25,53.9290,pct
hydro_generation_share,"Hydro generation share",energy_water,ons_open_data,daily,2025-06-26,53.9760,pct
hydro_generation_share,"Hydro generation share",energy_water,ons_open_data,daily,2025-06-27,56.8820,pct
hydro_generation_share,"Hydro generation share",energy_water,ons_open_data,daily,2025-06-28,54.6418,pct
hydro_generation_share,"Hydro generation share",energy_water,ons_open_data,daily,2025-06-29,55.7728,pct
hydro_generation_share,"Hydro generation share",energy_water,ons_open_data,daily,2025-06-30,54.7457,pct
hydro_generation_share,"Hydro generation share",energy_water,ons_open_data,daily,2025-07-01,54.5708,pct
hydro_generation_share,"Hydro generation share",energy_water,ons_open_data,daily,2025-07-02,52.3043,pct
hydro_generation_share,"Hydro generation share",energy_water,ons_open_data,daily,2025-07-03,52.4252,pct
hydro_generation_share,"Hydro generation share",energy_water,ons_open_data,daily,2025-07-04,52.2424,pct
hydro_generation_share,"Hydro generation share",energy_water,ons_open_data,daily,2025-07-05,53.2297,pct
hydro_generation_share,"Hydro generation share",energy_water,ons_open_data,daily,2025-07-06,53.3218,pct
hydro_generation_share,"Hydro generation share",energy_water,ons_open_data,daily,2025-07-07,50.9348,pct
hydro_generation_share,"Hydro generation share",energy_water,ons_open_data,daily,2025-07-08,53.9193,pct
hydro_generation_share,"Hydro generation share",energy_water,ons_open_data,daily,2025-07-09,53.5037,pct
hydro_generation_share,"Hydro generation share",energy_water,ons_open_data,daily,2025-07-10,51.4533,pct
hydro_generation_share,"Hydro generation share",energy_water,ons_open_data,daily,2025-07-11,49.7314,pct
hydro_generation_share,"Hydro generation share",energy_water,ons_open_data,daily,2025-07-12,50.0207,pct
hydro_generation_share,"Hydro generation share",energy_water,ons_open_data,daily,2025-07-13,51.6161,pct
hydro_generation_share,"Hydro generation share",energy_water,ons_open_data,daily,2025-07-14,51.0871,pct
hydro_generation_share,"Hydro generation share",energy_water,ons_open_data,daily,2025-07-15,50.6505,pct
hydro_generation_share,"Hydro generation share",energy_water,ons_open_data,daily,2025-07-16,50.0322,pct
hydro_generation_share,"Hydro generation share",energy_water,ons_open_data,daily,2025-07-17,50.0276,pct
hydro_generation_share,"Hydro generation share",energy_water,ons_open_data,daily,2025-07-18,49.2655,pct
hydro_generation_share,"Hydro generation share",energy_water,ons_open_data,daily,2025-07-19,50.2776,pct
hydro_generation_share,"Hydro generation share",energy_water,ons_open_data,daily,2025-07-20,48.7166,pct
hydro_generation_share,"Hydro generation share",energy_water,ons_open_data,daily,2025-07-21,50.0208,pct
hydro_generation_share,"Hydro generation share",energy_water,ons_open_data,daily,2025-07-22,49.4728,pct
hydro_generation_share,"Hydro generation share",energy_water,ons_open_data,daily,2025-07-23,49.8255,pct
hydro_generation_share,"Hydro generation share",energy_water,ons_open_data,daily,2025-07-24,49.1589,pct
hydro_generation_share,"Hydro generation share",energy_water,ons_open_data,daily,2025-07-25,47.9048,pct
hydro_generation_share,"Hydro generation share",energy_water,ons_open_data,daily,2025-07-26,51.1399,pct
hydro_generation_share,"Hydro generation share",energy_water,ons_open_data,daily,2025-07-27,48.1084,pct
hydro_generation_share,"Hydro generation share",energy_water,ons_open_data,daily,2025-07-28,52.6619,pct
hydro_generation_share,"Hydro generation share",energy_water,ons_open_data,daily,2025-07-29,54.5719,pct
hydro_generation_share,"Hydro generation share",energy_water,ons_open_data,daily,2025-07-30,51.1203,pct
hydro_generation_share,"Hydro generation share",energy_water,ons_open_data,daily,2025-07-31,45.1711,pct
hydro_generation_share,"Hydro generation share",energy_water,ons_open_data,daily,2025-08-01,45.8857,pct
hydro_generation_share,"Hydro generation share",energy_water,ons_open_data,daily,2025-08-02,47.0794,pct
hydro_generation_share,"Hydro generation share",energy_water,ons_open_data,daily,2025-08-03,47.5233,pct
hydro_generation_share,"Hydro generation share",energy_water,ons_open_data,daily,2025-08-04,48.9933,pct
hydro_generation_share,"Hydro generation share",energy_water,ons_open_data,daily,2025-08-05,50.7100,pct
hydro_generation_share,"Hydro generation share",energy_water,ons_open_data,daily,2025-08-06,47.1994,pct
hydro_generation_share,"Hydro generation share",energy_water,ons_open_data,daily,2025-08-07,47.0558,pct
hydro_generation_share,"Hydro generation share",energy_water,ons_open_data,daily,2025-08-08,50.1059,pct
hydro_generation_share,"Hydro generation share",energy_water,ons_open_data,daily,2025-08-09,50.5991,pct
hydro_generation_share,"Hydro generation share",energy_water,ons_open_data,daily,2025-08-10,52.4681,pct
hydro_generation_share,"Hydro generation share",energy_water,ons_open_data,daily,2025-08-11,50.6105,pct
hydro_generation_share,"Hydro generation share",energy_water,ons_open_data,daily,2025-08-12,48.2641,pct
hydro_generation_share,"Hydro generation share",energy_water,ons_open_data,daily,2025-08-13,46.4595,pct
hydro_generation_share,"Hydro generation share",energy_water,ons_open_data,daily,2025-08-14,47.9010,pct
hydro_generation_share,"Hydro generation share",energy_water,ons_open_data,daily,2025-08-15,48.5990,pct
hydro_generation_share,"Hydro generation share",energy_water,ons_open_data,daily,2025-08-16,46.1764,pct
hydro_generation_share,"Hydro generation share",energy_water,ons_open_data,daily,2025-08-17,45.9113,pct
hydro_generation_share,"Hydro generation share",energy_water,ons_open_data,daily,2025-08-18,46.5535,pct
hydro_generation_share,"Hydro generation share",energy_water,ons_open_data,daily,2025-08-19,45.8304,pct
hydro_generation_share,"Hydro generation share",energy_water,ons_open_data,daily,2025-08-20,48.9043,pct
hydro_generation_share,"Hydro generation share",energy_water,ons_open_data,daily,2025-08-21,48.1036,pct
hydro_generation_share,"Hydro generation share",energy_water,ons_open_data,daily,2025-08-22,46.7346,pct
hydro_generation_share,"Hydro generation share",energy_water,ons_open_data,daily,2025-08-23,45.7028,pct
hydro_generation_share,"Hydro generation share",energy_water,ons_open_data,daily,2025-08-24,46.2905,pct
hydro_generation_share,"Hydro generation share",energy_water,ons_open_data,daily,2025-08-25,46.4357,pct
hydro_generation_share,"Hydro generation share",energy_water,ons_open_data,daily,2025-08-26,46.4663,pct
hydro_generation_share,"Hydro generation share",energy_water,ons_open_data,daily,2025-08-27,46.8613,pct
hydro_generation_share,"Hydro generation share",energy_water,ons_open_data,daily,2025-08-28,46.4468,pct
hydro_generation_share,"Hydro generation share",energy_water,ons_open_data,daily,2025-08-29,47.0693,pct
hydro_generation_share,"Hydro generation share",energy_water,ons_open_data,daily,2025-08-30,46.1762,pct
hydro_generation_share,"Hydro generation share",energy_water,ons_open_data,daily,2025-08-31,46.6907,pct
hydro_generation_share,"Hydro generation share",energy_water,ons_open_data,daily,2025-09-01,47.6117,pct
hydro_generation_share,"Hydro generation share",energy_water,ons_open_data,daily,2025-09-02,47.0664,pct
hydro_generation_share,"Hydro generation share",energy_water,ons_open_data,daily,2025-09-03,47.0802,pct
hydro_generation_share,"Hydro generation share",energy_water,ons_open_data,daily,2025-09-04,48.3862,pct
hydro_generation_share,"Hydro generation share",energy_water,ons_open_data,daily,2025-09-05,49.6445,pct
hydro_generation_share,"Hydro generation share",energy_water,ons_open_data,daily,2025-09-06,49.4802,pct
hydro_generation_share,"Hydro generation share",energy_water,ons_open_data,daily,2025-09-07,47.0311,pct
hydro_generation_share,"Hydro generation share",energy_water,ons_open_data,daily,2025-09-08,48.4197,pct
hydro_generation_share,"Hydro generation share",energy_water,ons_open_data,daily,2025-09-09,48.8387,pct
hydro_generation_share,"Hydro generation share",energy_water,ons_open_data,daily,2025-09-10,49.1126,pct
hydro_generation_share,"Hydro generation share",energy_water,ons_open_data,daily,2025-09-11,47.9232,pct
hydro_generation_share,"Hydro generation share",energy_water,ons_open_data,daily,2025-09-12,47.7745,pct
hydro_generation_share,"Hydro generation share",energy_water,ons_open_data,daily,2025-09-13,48.5821,pct
hydro_generation_share,"Hydro generation share",energy_water,ons_open_data,daily,2025-09-14,47.5087,pct
hydro_generation_share,"Hydro generation share",energy_water,ons_open_data,daily,2025-09-15,48.7040,pct
hydro_generation_share,"Hydro generation share",energy_water,ons_open_data,daily,2025-09-16,51.1872,pct
hydro_generation_share,"Hydro generation share",energy_water,ons_open_data,daily,2025-09-17,50.6618,pct
hydro_generation_share,"Hydro generation share",energy_water,ons_open_data,daily,2025-09-18,48.2183,pct
hydro_generation_share,"Hydro generation share",energy_water,ons_open_data,daily,2025-09-19,48.0686,pct
hydro_generation_share,"Hydro generation share",energy_water,ons_open_data,daily,2025-09-20,47.3797,pct
hydro_generation_share,"Hydro generation share",energy_water,ons_open_data,daily,2025-09-21,46.9085,pct
hydro_generation_share,"Hydro generation share",energy_water,ons_open_data,daily,2025-09-22,50.0625,pct
hydro_generation_share,"Hydro generation share",energy_water,ons_open_data,daily,2025-09-23,48.6699,pct
hydro_generation_share,"Hydro generation share",energy_water,ons_open_data,daily,2025-09-24,45.6158,pct
hydro_generation_share,"Hydro generation share",energy_water,ons_open_data,daily,2025-09-25,46.4652,pct
hydro_generation_share,"Hydro generation share",energy_water,ons_open_data,daily,2025-09-26,45.8774,pct
hydro_generation_share,"Hydro generation share",energy_water,ons_open_data,daily,2025-09-27,46.0036,pct
hydro_generation_share,"Hydro generation share",energy_water,ons_open_data,daily,2025-09-28,47.5489,pct
hydro_generation_share,"Hydro generation share",energy_water,ons_open_data,daily,2025-09-29,47.8609,pct
hydro_generation_share,"Hydro generation share",energy_water,ons_open_data,daily,2025-09-30,49.5217,pct
hydro_generation_share,"Hydro generation share",energy_water,ons_open_data,daily,2025-10-01,49.4263,pct
hydro_generation_share,"Hydro generation share",energy_water,ons_open_data,daily,2025-10-02,49.3782,pct
hydro_generation_share,"Hydro generation share",energy_water,ons_open_data,daily,2025-10-03,47.3966,pct
hydro_generation_share,"Hydro generation share",energy_water,ons_open_data,daily,2025-10-04,45.0217,pct
hydro_generation_share,"Hydro generation share",energy_water,ons_open_data,daily,2025-10-05,45.4978,pct
hydro_generation_share,"Hydro generation share",energy_water,ons_open_data,daily,2025-10-06,49.2754,pct
hydro_generation_share,"Hydro generation share",energy_water,ons_open_data,daily,2025-10-07,49.5290,pct
hydro_generation_share,"Hydro generation share",energy_water,ons_open_data,daily,2025-10-08,46.6500,pct
hydro_generation_share,"Hydro generation share",energy_water,ons_open_data,daily,2025-10-09,45.2713,pct
hydro_generation_share,"Hydro generation share",energy_water,ons_open_data,daily,2025-10-10,46.5886,pct
hydro_generation_share,"Hydro generation share",energy_water,ons_open_data,daily,2025-10-11,45.8612,pct
hydro_generation_share,"Hydro generation share",energy_water,ons_open_data,daily,2025-10-12,45.7961,pct
hydro_generation_share,"Hydro generation share",energy_water,ons_open_data,daily,2025-10-13,48.4433,pct
hydro_generation_share,"Hydro generation share",energy_water,ons_open_data,daily,2025-10-14,52.6335,pct
hydro_generation_share,"Hydro generation share",energy_water,ons_open_data,daily,2025-10-15,49.5652,pct
hydro_generation_share,"Hydro generation share",energy_water,ons_open_data,daily,2025-10-16,50.6521,pct
hydro_generation_share,"Hydro generation share",energy_water,ons_open_data,daily,2025-10-17,51.3333,pct
hydro_generation_share,"Hydro generation share",energy_water,ons_open_data,daily,2025-10-18,49.9679,pct
hydro_generation_share,"Hydro generation share",energy_water,ons_open_data,daily,2025-10-19,52.0159,pct
hydro_generation_share,"Hydro generation share",energy_water,ons_open_data,daily,2025-10-20,50.1518,pct
hydro_generation_share,"Hydro generation share",energy_water,ons_open_data,daily,2025-10-21,45.4099,pct
hydro_generation_share,"Hydro generation share",energy_water,ons_open_data,daily,2025-10-22,45.4138,pct
hydro_generation_share,"Hydro generation share",energy_water,ons_open_data,daily,2025-10-23,45.5552,pct
hydro_generation_share,"Hydro generation share",energy_water,ons_open_data,daily,2025-10-24,46.2987,pct
hydro_generation_share,"Hydro generation share",energy_water,ons_open_data,daily,2025-10-25,45.4708,pct
hydro_generation_share,"Hydro generation share",energy_water,ons_open_data,daily,2025-10-26,46.1136,pct
hydro_generation_share,"Hydro generation share",energy_water,ons_open_data,daily,2025-10-27,48.8564,pct
hydro_generation_share,"Hydro generation share",energy_water,ons_open_data,daily,2025-10-28,49.2376,pct
hydro_generation_share,"Hydro generation share",energy_water,ons_open_data,daily,2025-10-29,48.3627,pct
hydro_generation_share,"Hydro generation share",energy_water,ons_open_data,daily,2025-10-30,48.5736,pct
hydro_generation_share,"Hydro generation share",energy_water,ons_open_data,daily,2025-10-31,46.1140,pct
hydro_generation_share,"Hydro generation share",energy_water,ons_open_data,daily,2025-11-01,45.6131,pct
hydro_generation_share,"Hydro generation share",energy_water,ons_open_data,daily,2025-11-02,46.0579,pct
hydro_generation_share,"Hydro generation share",energy_water,ons_open_data,daily,2025-11-03,53.3885,pct
hydro_generation_share,"Hydro generation share",energy_water,ons_open_data,daily,2025-11-04,51.3262,pct
hydro_generation_share,"Hydro generation share",energy_water,ons_open_data,daily,2025-11-05,51.2339,pct
hydro_generation_share,"Hydro generation share",energy_water,ons_open_data,daily,2025-11-06,58.5687,pct
hydro_generation_share,"Hydro generation share",energy_water,ons_open_data,daily,2025-11-07,57.4798,pct
hydro_generation_share,"Hydro generation share",energy_water,ons_open_data,daily,2025-11-08,54.8756,pct
hydro_generation_share,"Hydro generation share",energy_water,ons_open_data,daily,2025-11-09,54.3170,pct
hydro_generation_share,"Hydro generation share",energy_water,ons_open_data,daily,2025-11-10,47.6963,pct
hydro_generation_share,"Hydro generation share",energy_water,ons_open_data,daily,2025-11-11,45.9323,pct
hydro_generation_share,"Hydro generation share",energy_water,ons_open_data,daily,2025-11-12,46.7682,pct
hydro_generation_share,"Hydro generation share",energy_water,ons_open_data,daily,2025-11-13,48.5071,pct
hydro_generation_share,"Hydro generation share",energy_water,ons_open_data,daily,2025-11-14,48.3264,pct
hydro_generation_share,"Hydro generation share",energy_water,ons_open_data,daily,2025-11-15,47.5562,pct
hydro_generation_share,"Hydro generation share",energy_water,ons_open_data,daily,2025-11-16,47.4560,pct
hydro_generation_share,"Hydro generation share",energy_water,ons_open_data,daily,2025-11-17,50.8224,pct
hydro_generation_share,"Hydro generation share",energy_water,ons_open_data,daily,2025-11-18,53.0120,pct
hydro_generation_share,"Hydro generation share",energy_water,ons_open_data,daily,2025-11-19,57.0872,pct
hydro_generation_share,"Hydro generation share",energy_water,ons_open_data,daily,2025-11-20,59.0099,pct
hydro_generation_share,"Hydro generation share",energy_water,ons_open_data,daily,2025-11-21,55.0991,pct
hydro_generation_share,"Hydro generation share",energy_water,ons_open_data,daily,2025-11-22,52.0802,pct
hydro_generation_share,"Hydro generation share",energy_water,ons_open_data,daily,2025-11-23,49.6670,pct
hydro_generation_share,"Hydro generation share",energy_water,ons_open_data,daily,2025-11-24,50.9143,pct
hydro_generation_share,"Hydro generation share",energy_water,ons_open_data,daily,2025-11-25,52.7126,pct
hydro_generation_share,"Hydro generation share",energy_water,ons_open_data,daily,2025-11-26,50.9584,pct
hydro_generation_share,"Hydro generation share",energy_water,ons_open_data,daily,2025-11-27,46.5768,pct
hydro_generation_share,"Hydro generation share",energy_water,ons_open_data,daily,2025-11-28,48.5863,pct
hydro_generation_share,"Hydro generation share",energy_water,ons_open_data,daily,2025-11-29,49.3895,pct
hydro_generation_share,"Hydro generation share",energy_water,ons_open_data,daily,2025-11-30,54.1037,pct
hydro_generation_share,"Hydro generation share",energy_water,ons_open_data,daily,2025-12-01,57.8933,pct
hydro_generation_share,"Hydro generation share",energy_water,ons_open_data,daily,2025-12-02,58.9147,pct
hydro_generation_share,"Hydro generation share",energy_water,ons_open_data,daily,2025-12-03,59.7360,pct
hydro_generation_share,"Hydro generation share",energy_water,ons_open_data,daily,2025-12-04,59.2101,pct
hydro_generation_share,"Hydro generation share",energy_water,ons_open_data,daily,2025-12-05,61.2893,pct
hydro_generation_share,"Hydro generation share",energy_water,ons_open_data,daily,2025-12-06,56.3928,pct
hydro_generation_share,"Hydro generation share",energy_water,ons_open_data,daily,2025-12-07,57.4860,pct
hydro_generation_share,"Hydro generation share",energy_water,ons_open_data,daily,2025-12-08,56.2410,pct
hydro_generation_share,"Hydro generation share",energy_water,ons_open_data,daily,2025-12-09,58.1975,pct
hydro_generation_share,"Hydro generation share",energy_water,ons_open_data,daily,2025-12-10,57.4697,pct
hydro_generation_share,"Hydro generation share",energy_water,ons_open_data,daily,2025-12-11,59.5729,pct
hydro_generation_share,"Hydro generation share",energy_water,ons_open_data,daily,2025-12-12,63.3251,pct
hydro_generation_share,"Hydro generation share",energy_water,ons_open_data,daily,2025-12-13,59.7050,pct
hydro_generation_share,"Hydro generation share",energy_water,ons_open_data,daily,2025-12-14,55.9157,pct
hydro_generation_share,"Hydro generation share",energy_water,ons_open_data,daily,2025-12-15,57.8222,pct
hydro_generation_share,"Hydro generation share",energy_water,ons_open_data,daily,2025-12-16,59.0100,pct
hydro_generation_share,"Hydro generation share",energy_water,ons_open_data,daily,2025-12-17,58.4490,pct
hydro_generation_share,"Hydro generation share",energy_water,ons_open_data,daily,2025-12-18,57.2934,pct
hydro_generation_share,"Hydro generation share",energy_water,ons_open_data,daily,2025-12-19,54.6291,pct
hydro_generation_share,"Hydro generation share",energy_water,ons_open_data,daily,2025-12-20,52.2529,pct
hydro_generation_share,"Hydro generation share",energy_water,ons_open_data,daily,2025-12-21,53.9185,pct
hydro_generation_share,"Hydro generation share",energy_water,ons_open_data,daily,2025-12-22,58.9187,pct
hydro_generation_share,"Hydro generation share",energy_water,ons_open_data,daily,2025-12-23,57.2389,pct
hydro_generation_share,"Hydro generation share",energy_water,ons_open_data,daily,2025-12-24,52.7450,pct
hydro_generation_share,"Hydro generation share",energy_water,ons_open_data,daily,2025-12-25,55.0020,pct
hydro_generation_share,"Hydro generation share",energy_water,ons_open_data,daily,2025-12-26,56.1125,pct
hydro_generation_share,"Hydro generation share",energy_water,ons_open_data,daily,2025-12-27,56.9935,pct
hydro_generation_share,"Hydro generation share",energy_water,ons_open_data,daily,2025-12-28,58.0382,pct
hydro_generation_share,"Hydro generation share",energy_water,ons_open_data,daily,2025-12-29,62.2813,pct
hydro_generation_share,"Hydro generation share",energy_water,ons_open_data,daily,2025-12-30,62.2688,pct
hydro_generation_share,"Hydro generation share",energy_water,ons_open_data,daily,2025-12-31,60.1982,pct
hydro_generation_share,"Hydro generation share",energy_water,ons_open_data,daily,2026-01-01,61.2658,pct
hydro_generation_share,"Hydro generation share",energy_water,ons_open_data,daily,2026-01-02,64.2044,pct
hydro_generation_share,"Hydro generation share",energy_water,ons_open_data,daily,2026-01-03,63.4971,pct
hydro_generation_share,"Hydro generation share",energy_water,ons_open_data,daily,2026-01-04,63.9982,pct
hydro_generation_share,"Hydro generation share",energy_water,ons_open_data,daily,2026-01-05,62.5179,pct
hydro_generation_share,"Hydro generation share",energy_water,ons_open_data,daily,2026-01-06,60.3828,pct
hydro_generation_share,"Hydro generation share",energy_water,ons_open_data,daily,2026-01-07,56.6503,pct
hydro_generation_share,"Hydro generation share",energy_water,ons_open_data,daily,2026-01-08,57.2459,pct
hydro_generation_share,"Hydro generation share",energy_water,ons_open_data,daily,2026-01-09,57.1679,pct
hydro_generation_share,"Hydro generation share",energy_water,ons_open_data,daily,2026-01-10,55.9573,pct
hydro_generation_share,"Hydro generation share",energy_water,ons_open_data,daily,2026-01-11,55.6733,pct
hydro_generation_share,"Hydro generation share",energy_water,ons_open_data,daily,2026-01-12,59.2771,pct
hydro_generation_share,"Hydro generation share",energy_water,ons_open_data,daily,2026-01-13,59.8811,pct
hydro_generation_share,"Hydro generation share",energy_water,ons_open_data,daily,2026-01-14,59.3165,pct
hydro_generation_share,"Hydro generation share",energy_water,ons_open_data,daily,2026-01-15,59.3836,pct
hydro_generation_share,"Hydro generation share",energy_water,ons_open_data,daily,2026-01-16,59.4177,pct
hydro_generation_share,"Hydro generation share",energy_water,ons_open_data,daily,2026-01-17,59.3794,pct
hydro_generation_share,"Hydro generation share",energy_water,ons_open_data,daily,2026-01-18,60.7439,pct
hydro_generation_share,"Hydro generation share",energy_water,ons_open_data,daily,2026-01-19,65.8322,pct
hydro_generation_share,"Hydro generation share",energy_water,ons_open_data,daily,2026-01-20,66.5866,pct
hydro_generation_share,"Hydro generation share",energy_water,ons_open_data,daily,2026-01-21,61.1099,pct
hydro_generation_share,"Hydro generation share",energy_water,ons_open_data,daily,2026-01-22,58.5283,pct
hydro_generation_share,"Hydro generation share",energy_water,ons_open_data,daily,2026-01-23,58.3585,pct
hydro_generation_share,"Hydro generation share",energy_water,ons_open_data,daily,2026-01-24,56.3614,pct
hydro_generation_share,"Hydro generation share",energy_water,ons_open_data,daily,2026-01-25,55.7522,pct
hydro_generation_share,"Hydro generation share",energy_water,ons_open_data,daily,2026-01-26,58.2501,pct
hydro_generation_share,"Hydro generation share",energy_water,ons_open_data,daily,2026-01-27,60.0409,pct
hydro_generation_share,"Hydro generation share",energy_water,ons_open_data,daily,2026-01-28,61.9649,pct
hydro_generation_share,"Hydro generation share",energy_water,ons_open_data,daily,2026-01-29,61.1969,pct
hydro_generation_share,"Hydro generation share",energy_water,ons_open_data,daily,2026-01-30,64.5137,pct
hydro_generation_share,"Hydro generation share",energy_water,ons_open_data,daily,2026-01-31,63.7422,pct
hydro_generation_share,"Hydro generation share",energy_water,ons_open_data,daily,2026-02-01,62.2602,pct
hydro_generation_share,"Hydro generation share",energy_water,ons_open_data,daily,2026-02-02,66.0832,pct
hydro_generation_share,"Hydro generation share",energy_water,ons_open_data,daily,2026-02-03,71.9943,pct
hydro_generation_share,"Hydro generation share",energy_water,ons_open_data,daily,2026-02-04,70.0367,pct
hydro_generation_share,"Hydro generation share",energy_water,ons_open_data,daily,2026-02-05,69.9752,pct
hydro_generation_share,"Hydro generation share",energy_water,ons_open_data,daily,2026-02-06,67.2089,pct
hydro_generation_share,"Hydro generation share",energy_water,ons_open_data,daily,2026-02-07,65.7702,pct
hydro_generation_share,"Hydro generation share",energy_water,ons_open_data,daily,2026-02-08,68.6104,pct
hydro_generation_share,"Hydro generation share",energy_water,ons_open_data,daily,2026-02-09,67.8467,pct
hydro_generation_share,"Hydro generation share",energy_water,ons_open_data,daily,2026-02-10,63.1848,pct
hydro_generation_share,"Hydro generation share",energy_water,ons_open_data,daily,2026-02-11,65.1944,pct
hydro_generation_share,"Hydro generation share",energy_water,ons_open_data,daily,2026-02-12,64.7137,pct
hydro_generation_share,"Hydro generation share",energy_water,ons_open_data,daily,2026-02-13,64.4199,pct
hydro_generation_share,"Hydro generation share",energy_water,ons_open_data,daily,2026-02-14,60.1002,pct
hydro_generation_share,"Hydro generation share",energy_water,ons_open_data,daily,2026-02-15,57.1750,pct
hydro_generation_share,"Hydro generation share",energy_water,ons_open_data,daily,2026-02-16,59.8340,pct
hydro_generation_share,"Hydro generation share",energy_water,ons_open_data,daily,2026-02-17,60.8339,pct
hydro_generation_share,"Hydro generation share",energy_water,ons_open_data,daily,2026-02-18,67.8048,pct
hydro_generation_share,"Hydro generation share",energy_water,ons_open_data,daily,2026-02-19,69.8210,pct
hydro_generation_share,"Hydro generation share",energy_water,ons_open_data,daily,2026-02-20,72.4290,pct
hydro_generation_share,"Hydro generation share",energy_water,ons_open_data,daily,2026-02-21,71.1094,pct
hydro_generation_share,"Hydro generation share",energy_water,ons_open_data,daily,2026-02-22,67.9168,pct
hydro_generation_share,"Hydro generation share",energy_water,ons_open_data,daily,2026-02-23,72.0581,pct
hydro_generation_share,"Hydro generation share",energy_water,ons_open_data,daily,2026-02-24,71.1275,pct
hydro_generation_share,"Hydro generation share",energy_water,ons_open_data,daily,2026-02-25,72.0146,pct
hydro_generation_share,"Hydro generation share",energy_water,ons_open_data,daily,2026-02-26,73.4590,pct
hydro_generation_share,"Hydro generation share",energy_water,ons_open_data,daily,2026-02-27,73.0411,pct
hydro_generation_share,"Hydro generation share",energy_water,ons_open_data,daily,2026-02-28,70.5779,pct
hydro_generation_share,"Hydro generation share",energy_water,ons_open_data,daily,2026-03-01,69.2873,pct
hydro_generation_share,"Hydro generation share",energy_water,ons_open_data,daily,2026-03-02,70.5891,pct
hydro_generation_share,"Hydro generation share",energy_water,ons_open_data,daily,2026-03-03,71.3343,pct
hydro_generation_share,"Hydro generation share",energy_water,ons_open_data,daily,2026-03-04,68.6184,pct
hydro_generation_share,"Hydro generation share",energy_water,ons_open_data,daily,2026-03-05,65.4725,pct
hydro_generation_share,"Hydro generation share",energy_water,ons_open_data,daily,2026-03-06,65.1422,pct
hydro_generation_share,"Hydro generation share",energy_water,ons_open_data,daily,2026-03-07,65.2448,pct
hydro_generation_share,"Hydro generation share",energy_water,ons_open_data,daily,2026-03-08,63.8482,pct
hydro_generation_share,"Hydro generation share",energy_water,ons_open_data,daily,2026-03-09,70.6969,pct
hydro_generation_share,"Hydro generation share",energy_water,ons_open_data,daily,2026-03-10,66.8366,pct
hydro_generation_share,"Hydro generation share",energy_water,ons_open_data,daily,2026-03-11,64.3209,pct
hydro_generation_share,"Hydro generation share",energy_water,ons_open_data,daily,2026-03-12,65.0055,pct
hydro_generation_share,"Hydro generation share",energy_water,ons_open_data,daily,2026-03-13,67.3995,pct
hydro_generation_share,"Hydro generation share",energy_water,ons_open_data,daily,2026-03-14,69.1621,pct
hydro_generation_share,"Hydro generation share",energy_water,ons_open_data,daily,2026-03-15,69.4349,pct
hydro_generation_share,"Hydro generation share",energy_water,ons_open_data,daily,2026-03-16,68.5154,pct
hydro_generation_share,"Hydro generation share",energy_water,ons_open_data,daily,2026-03-17,66.1450,pct
hydro_generation_share,"Hydro generation share",energy_water,ons_open_data,daily,2026-03-18,65.2238,pct
hydro_generation_share,"Hydro generation share",energy_water,ons_open_data,daily,2026-03-19,66.4893,pct
hydro_generation_share,"Hydro generation share",energy_water,ons_open_data,daily,2026-03-20,64.2569,pct
hydro_generation_share,"Hydro generation share",energy_water,ons_open_data,daily,2026-03-21,67.9276,pct
hydro_generation_share,"Hydro generation share",energy_water,ons_open_data,daily,2026-03-22,67.2165,pct
hydro_generation_share,"Hydro generation share",energy_water,ons_open_data,daily,2026-03-23,64.8707,pct
hydro_generation_share,"Hydro generation share",energy_water,ons_open_data,daily,2026-03-24,63.2827,pct
hydro_generation_share,"Hydro generation share",energy_water,ons_open_data,daily,2026-03-25,65.4210,pct
hydro_generation_share,"Hydro generation share",energy_water,ons_open_data,daily,2026-03-26,61.1601,pct
hydro_generation_share,"Hydro generation share",energy_water,ons_open_data,daily,2026-03-27,60.3451,pct
hydro_generation_share,"Hydro generation share",energy_water,ons_open_data,daily,2026-03-28,59.3556,pct
hydro_generation_share,"Hydro generation share",energy_water,ons_open_data,daily,2026-03-29,63.4209,pct
hydro_generation_share,"Hydro generation share",energy_water,ons_open_data,daily,2026-03-30,65.0591,pct
hydro_generation_share,"Hydro generation share",energy_water,ons_open_data,daily,2026-03-31,68.0607,pct
hydro_generation_share,"Hydro generation share",energy_water,ons_open_data,daily,2026-04-01,67.3568,pct
hydro_generation_share,"Hydro generation share",energy_water,ons_open_data,daily,2026-04-02,64.5282,pct
hydro_generation_share,"Hydro generation share",energy_water,ons_open_data,daily,2026-04-03,64.1981,pct
hydro_generation_share,"Hydro generation share",energy_water,ons_open_data,daily,2026-04-04,60.2769,pct
hydro_generation_share,"Hydro generation share",energy_water,ons_open_data,daily,2026-04-05,61.3608,pct
hydro_generation_share,"Hydro generation share",energy_water,ons_open_data,daily,2026-04-06,63.4140,pct
hydro_generation_share,"Hydro generation share",energy_water,ons_open_data,daily,2026-04-07,64.1661,pct
hydro_generation_share,"Hydro generation share",energy_water,ons_open_data,daily,2026-04-08,64.3791,pct
hydro_generation_share,"Hydro generation share",energy_water,ons_open_data,daily,2026-04-09,69.4779,pct
hydro_generation_share,"Hydro generation share",energy_water,ons_open_data,daily,2026-04-10,67.6123,pct
hydro_generation_share,"Hydro generation share",energy_water,ons_open_data,daily,2026-04-11,61.8556,pct
hydro_generation_share,"Hydro generation share",energy_water,ons_open_data,daily,2026-04-12,62.6121,pct
hydro_generation_share,"Hydro generation share",energy_water,ons_open_data,daily,2026-04-13,64.3630,pct
hydro_generation_share,"Hydro generation share",energy_water,ons_open_data,daily,2026-04-14,64.5062,pct
hydro_generation_share,"Hydro generation share",energy_water,ons_open_data,daily,2026-04-15,62.7205,pct
hydro_generation_share,"Hydro generation share",energy_water,ons_open_data,daily,2026-04-16,63.4848,pct
hydro_generation_share,"Hydro generation share",energy_water,ons_open_data,daily,2026-04-17,62.2748,pct
hydro_generation_share,"Hydro generation share",energy_water,ons_open_data,daily,2026-04-18,59.7681,pct
hydro_generation_share,"Hydro generation share",energy_water,ons_open_data,daily,2026-04-19,69.0200,pct
hydro_generation_share,"Hydro generation share",energy_water,ons_open_data,daily,2026-04-20,66.0345,pct
hydro_generation_share,"Hydro generation share",energy_water,ons_open_data,daily,2026-04-21,65.7181,pct
hydro_generation_share,"Hydro generation share",energy_water,ons_open_data,daily,2026-04-22,65.4132,pct
hydro_generation_share,"Hydro generation share",energy_water,ons_open_data,daily,2026-04-23,65.0670,pct
hydro_generation_share,"Hydro generation share",energy_water,ons_open_data,daily,2026-04-24,66.4566,pct
hydro_generation_share,"Hydro generation share",energy_water,ons_open_data,daily,2026-04-25,65.4758,pct
hydro_generation_share,"Hydro generation share",energy_water,ons_open_data,daily,2026-04-26,63.6148,pct
hydro_generation_share,"Hydro generation share",energy_water,ons_open_data,daily,2026-04-27,64.5904,pct
hydro_generation_share,"Hydro generation share",energy_water,ons_open_data,daily,2026-04-28,66.7179,pct
hydro_generation_share,"Hydro generation share",energy_water,ons_open_data,daily,2026-04-29,64.0276,pct
hydro_generation_share,"Hydro generation share",energy_water,ons_open_data,daily,2026-04-30,62.3068,pct
hydro_generation_share,"Hydro generation share",energy_water,ons_open_data,daily,2026-05-01,64.5859,pct
hydro_generation_share,"Hydro generation share",energy_water,ons_open_data,daily,2026-05-02,61.0920,pct
hydro_generation_share,"Hydro generation share",energy_water,ons_open_data,daily,2026-05-03,61.9716,pct
hydro_generation_share,"Hydro generation share",energy_water,ons_open_data,daily,2026-05-04,62.8902,pct
hydro_generation_share,"Hydro generation share",energy_water,ons_open_data,daily,2026-05-05,61.9627,pct
hydro_generation_share,"Hydro generation share",energy_water,ons_open_data,daily,2026-05-06,63.8807,pct
hydro_generation_share,"Hydro generation share",energy_water,ons_open_data,daily,2026-05-07,61.4844,pct
hydro_generation_share,"Hydro generation share",energy_water,ons_open_data,daily,2026-05-08,63.8548,pct
hydro_generation_share,"Hydro generation share",energy_water,ons_open_data,daily,2026-05-09,60.5425,pct
hydro_generation_share,"Hydro generation share",energy_water,ons_open_data,daily,2026-05-10,58.8578,pct
hydro_generation_share,"Hydro generation share",energy_water,ons_open_data,daily,2026-05-11,61.2089,pct
hydro_generation_share,"Hydro generation share",energy_water,ons_open_data,daily,2026-05-12,59.1076,pct
hydro_generation_share,"Hydro generation share",energy_water,ons_open_data,daily,2026-05-13,59.5749,pct
hydro_generation_share,"Hydro generation share",energy_water,ons_open_data,daily,2026-05-14,61.8159,pct
hydro_generation_share,"Hydro generation share",energy_water,ons_open_data,daily,2026-05-15,62.9350,pct
hydro_generation_share,"Hydro generation share",energy_water,ons_open_data,daily,2026-05-16,62.0588,pct
hydro_generation_share,"Hydro generation share",energy_water,ons_open_data,daily,2026-05-17,59.5477,pct
hydro_generation_share,"Hydro generation share",energy_water,ons_open_data,daily,2026-05-18,63.7770,pct
hydro_generation_share,"Hydro generation share",energy_water,ons_open_data,daily,2026-05-19,60.7111,pct
hydro_generation_share,"Hydro generation share",energy_water,ons_open_data,daily,2026-05-20,59.6406,pct
hydro_generation_share,"Hydro generation share",energy_water,ons_open_data,daily,2026-05-21,60.0032,pct
hydro_generation_share,"Hydro generation share",energy_water,ons_open_data,daily,2026-05-22,58.6982,pct
hydro_generation_share,"Hydro generation share",energy_water,ons_open_data,daily,2026-05-23,57.4403,pct
hydro_generation_share,"Hydro generation share",energy_water,ons_open_data,daily,2026-05-24,57.3705,pct
hydro_generation_share,"Hydro generation share",energy_water,ons_open_data,daily,2026-05-25,59.0753,pct
hydro_generation_share,"Hydro generation share",energy_water,ons_open_data,daily,2026-05-26,56.9203,pct
hydro_generation_share,"Hydro generation share",energy_water,ons_open_data,daily,2026-05-27,57.2081,pct
hydro_generation_share,"Hydro generation share",energy_water,ons_open_data,daily,2026-05-28,57.1192,pct
hydro_generation_share,"Hydro generation share",energy_water,ons_open_data,daily,2026-05-29,57.2040,pct
hydro_generation_share,"Hydro generation share",energy_water,ons_open_data,daily,2026-05-30,55.7730,pct
hydro_generation_share,"Hydro generation share",energy_water,ons_open_data,daily,2026-05-31,56.4384,pct
