metric_id,metric_name,theme,source_id,freq,date,value,unit
stored_energy_ear,"Stored energy / EAR (national %)",energy_water,ons_open_data,daily,2015-01-01,22.6733,pct
stored_energy_ear,"Stored energy / EAR (national %)",energy_water,ons_open_data,daily,2015-01-02,22.9499,pct
stored_energy_ear,"Stored energy / EAR (national %)",energy_water,ons_open_data,daily,2015-01-03,23.1390,pct
stored_energy_ear,"Stored energy / EAR (national %)",energy_water,ons_open_data,daily,2015-01-04,23.3729,pct
stored_energy_ear,"Stored energy / EAR (national %)",energy_water,ons_open_data,daily,2015-01-05,23.4411,pct
stored_energy_ear,"Stored energy / EAR (national %)",energy_water,ons_open_data,daily,2015-01-06,23.4656,pct
stored_energy_ear,"Stored energy / EAR (national %)",energy_water,ons_open_data,daily,2015-01-07,23.4205,pct
stored_energy_ear,"Stored energy / EAR (national %)",energy_water,ons_open_data,daily,2015-01-08,23.3602,pct
stored_energy_ear,"Stored energy / EAR (national %)",energy_water,ons_open_data,daily,2015-01-09,23.3199,pct
stored_energy_ear,"Stored energy / EAR (national %)",energy_water,ons_open_data,daily,2015-01-10,23.3485,pct
stored_energy_ear,"Stored energy / EAR (national %)",energy_water,ons_open_data,daily,2015-01-11,23.4167,pct
stored_energy_ear,"Stored energy / EAR (national %)",energy_water,ons_open_data,daily,2015-01-12,23.2772,pct
stored_energy_ear,"Stored energy / EAR (national %)",energy_water,ons_open_data,daily,2015-01-13,23.1253,pct
stored_energy_ear,"Stored energy / EAR (national %)",energy_water,ons_open_data,daily,2015-01-14,23.0243,pct
stored_energy_ear,"Stored energy / EAR (national %)",energy_water,ons_open_data,daily,2015-01-15,22.8442,pct
stored_energy_ear,"Stored energy / EAR (national %)",energy_water,ons_open_data,daily,2015-01-16,22.6736,pct
stored_energy_ear,"Stored energy / EAR (national %)",energy_water,ons_open_data,daily,2015-01-17,22.5837,pct
stored_energy_ear,"Stored energy / EAR (national %)",energy_water,ons_open_data,daily,2015-01-18,22.5483,pct
stored_energy_ear,"Stored energy / EAR (national %)",energy_water,ons_open_data,daily,2015-01-19,22.2224,pct
stored_energy_ear,"Stored energy / EAR (national %)",energy_water,ons_open_data,daily,2015-01-20,21.9943,pct
stored_energy_ear,"Stored energy / EAR (national %)",energy_water,ons_open_data,daily,2015-01-21,21.7949,pct
stored_energy_ear,"Stored energy / EAR (national %)",energy_water,ons_open_data,daily,2015-01-22,21.6044,pct
stored_energy_ear,"Stored energy / EAR (national %)",energy_water,ons_open_data,daily,2015-01-23,21.4969,pct
stored_energy_ear,"Stored energy / EAR (national %)",energy_water,ons_open_data,daily,2015-01-24,21.3994,pct
stored_energy_ear,"Stored energy / EAR (national %)",energy_water,ons_open_data,daily,2015-01-25,21.4173,pct
stored_energy_ear,"Stored energy / EAR (national %)",energy_water,ons_open_data,daily,2015-01-26,21.2523,pct
stored_energy_ear,"Stored energy / EAR (national %)",energy_water,ons_open_data,daily,2015-01-27,21.0901,pct
stored_energy_ear,"Stored energy / EAR (national %)",energy_water,ons_open_data,daily,2015-01-28,20.9447,pct
stored_energy_ear,"Stored energy / EAR (national %)",energy_water,ons_open_data,daily,2015-01-29,20.8221,pct
stored_energy_ear,"Stored energy / EAR (national %)",energy_water,ons_open_data,daily,2015-01-30,20.6936,pct
stored_energy_ear,"Stored energy / EAR (national %)",energy_water,ons_open_data,daily,2015-01-31,20.6540,pct
stored_energy_ear,"Stored energy / EAR (national %)",energy_water,ons_open_data,daily,2015-02-01,20.6650,pct
stored_energy_ear,"Stored energy / EAR (national %)",energy_water,ons_open_data,daily,2015-02-02,20.5093,pct
stored_energy_ear,"Stored energy / EAR (national %)",energy_water,ons_open_data,daily,2015-02-03,20.3963,pct
stored_energy_ear,"Stored energy / EAR (national %)",energy_water,ons_open_data,daily,2015-02-04,20.2830,pct
stored_energy_ear,"Stored energy / EAR (national %)",energy_water,ons_open_data,daily,2015-02-05,20.2382,pct
stored_energy_ear,"Stored energy / EAR (national %)",energy_water,ons_open_data,daily,2015-02-06,20.2216,pct
stored_energy_ear,"Stored energy / EAR (national %)",energy_water,ons_open_data,daily,2015-02-07,20.3353,pct
stored_energy_ear,"Stored energy / EAR (national %)",energy_water,ons_open_data,daily,2015-02-08,20.5268,pct
stored_energy_ear,"Stored energy / EAR (national %)",energy_water,ons_open_data,daily,2015-02-09,20.5558,pct
stored_energy_ear,"Stored energy / EAR (national %)",energy_water,ons_open_data,daily,2015-02-10,20.6047,pct
stored_energy_ear,"Stored energy / EAR (national %)",energy_water,ons_open_data,daily,2015-02-11,20.6440,pct
stored_energy_ear,"Stored energy / EAR (national %)",energy_water,ons_open_data,daily,2015-02-12,20.6674,pct
stored_energy_ear,"Stored energy / EAR (national %)",energy_water,ons_open_data,daily,2015-02-13,20.7215,pct
stored_energy_ear,"Stored energy / EAR (national %)",energy_water,ons_open_data,daily,2015-02-14,20.9223,pct
stored_energy_ear,"Stored energy / EAR (national %)",energy_water,ons_open_data,daily,2015-02-15,21.1276,pct
stored_energy_ear,"Stored energy / EAR (national %)",energy_water,ons_open_data,daily,2015-02-16,21.1941,pct
stored_energy_ear,"Stored energy / EAR (national %)",energy_water,ons_open_data,daily,2015-02-17,21.3663,pct
stored_energy_ear,"Stored energy / EAR (national %)",energy_water,ons_open_data,daily,2015-02-18,21.4091,pct
stored_energy_ear,"Stored energy / EAR (national %)",energy_water,ons_open_data,daily,2015-02-19,21.5041,pct
stored_energy_ear,"Stored energy / EAR (national %)",energy_water,ons_open_data,daily,2015-02-20,21.6905,pct
stored_energy_ear,"Stored energy / EAR (national %)",energy_water,ons_open_data,daily,2015-02-21,22.0002,pct
stored_energy_ear,"Stored energy / EAR (national %)",energy_water,ons_open_data,daily,2015-02-22,22.3984,pct
stored_energy_ear,"Stored energy / EAR (national %)",energy_water,ons_open_data,daily,2015-02-23,22.6003,pct
stored_energy_ear,"Stored energy / EAR (national %)",energy_water,ons_open_data,daily,2015-02-24,22.8076,pct
stored_energy_ear,"Stored energy / EAR (national %)",energy_water,ons_open_data,daily,2015-02-25,22.9189,pct
stored_energy_ear,"Stored energy / EAR (national %)",energy_water,ons_open_data,daily,2015-02-26,22.9761,pct
stored_energy_ear,"Stored energy / EAR (national %)",energy_water,ons_open_data,daily,2015-02-27,23.0746,pct
stored_energy_ear,"Stored energy / EAR (national %)",energy_water,ons_open_data,daily,2015-02-28,23.3054,pct
stored_energy_ear,"Stored energy / EAR (national %)",energy_water,ons_open_data,daily,2015-03-01,23.5497,pct
stored_energy_ear,"Stored energy / EAR (national %)",energy_water,ons_open_data,daily,2015-03-02,23.6578,pct
stored_energy_ear,"Stored energy / EAR (national %)",energy_water,ons_open_data,daily,2015-03-03,23.7212,pct
stored_energy_ear,"Stored energy / EAR (national %)",energy_water,ons_open_data,daily,2015-03-04,23.7195,pct
stored_energy_ear,"Stored energy / EAR (national %)",energy_water,ons_open_data,daily,2015-03-05,23.7457,pct
stored_energy_ear,"Stored energy / EAR (national %)",energy_water,ons_open_data,daily,2015-03-06,23.8177,pct
stored_energy_ear,"Stored energy / EAR (national %)",energy_water,ons_open_data,daily,2015-03-07,23.9541,pct
stored_energy_ear,"Stored energy / EAR (national %)",energy_water,ons_open_data,daily,2015-03-08,24.1618,pct
stored_energy_ear,"Stored energy / EAR (national %)",energy_water,ons_open_data,daily,2015-03-09,24.2414,pct
stored_energy_ear,"Stored energy / EAR (national %)",energy_water,ons_open_data,daily,2015-03-10,24.3554,pct
stored_energy_ear,"Stored energy / EAR (national %)",energy_water,ons_open_data,daily,2015-03-11,24.4953,pct
stored_energy_ear,"Stored energy / EAR (national %)",energy_water,ons_open_data,daily,2015-03-12,24.6840,pct
stored_energy_ear,"Stored energy / EAR (national %)",energy_water,ons_open_data,daily,2015-03-13,24.9124,pct
stored_energy_ear,"Stored energy / EAR (national %)",energy_water,ons_open_data,daily,2015-03-14,25.2373,pct
stored_energy_ear,"Stored energy / EAR (national %)",energy_water,ons_open_data,daily,2015-03-15,25.5848,pct
stored_energy_ear,"Stored energy / EAR (national %)",energy_water,ons_open_data,daily,2015-03-16,25.7481,pct
stored_energy_ear,"Stored energy / EAR (national %)",energy_water,ons_open_data,daily,2015-03-17,25.9104,pct
stored_energy_ear,"Stored energy / EAR (national %)",energy_water,ons_open_data,daily,2015-03-18,26.1171,pct
stored_energy_ear,"Stored energy / EAR (national %)",energy_water,ons_open_data,daily,2015-03-19,26.3310,pct
stored_energy_ear,"Stored energy / EAR (national %)",energy_water,ons_open_data,daily,2015-03-20,26.5756,pct
stored_energy_ear,"Stored energy / EAR (national %)",energy_water,ons_open_data,daily,2015-03-21,27.0265,pct
stored_energy_ear,"Stored energy / EAR (national %)",energy_water,ons_open_data,daily,2015-03-22,27.4350,pct
stored_energy_ear,"Stored energy / EAR (national %)",energy_water,ons_open_data,daily,2015-03-23,27.8422,pct
stored_energy_ear,"Stored energy / EAR (national %)",energy_water,ons_open_data,daily,2015-03-24,28.1967,pct
stored_energy_ear,"Stored energy / EAR (national %)",energy_water,ons_open_data,daily,2015-03-25,28.4709,pct
stored_energy_ear,"Stored energy / EAR (national %)",energy_water,ons_open_data,daily,2015-03-26,28.6779,pct
stored_energy_ear,"Stored energy / EAR (national %)",energy_water,ons_open_data,daily,2015-03-27,28.9032,pct
stored_energy_ear,"Stored energy / EAR (national %)",energy_water,ons_open_data,daily,2015-03-28,29.2005,pct
stored_energy_ear,"Stored energy / EAR (national %)",energy_water,ons_open_data,daily,2015-03-29,29.5467,pct
stored_energy_ear,"Stored energy / EAR (national %)",energy_water,ons_open_data,daily,2015-03-30,29.7551,pct
stored_energy_ear,"Stored energy / EAR (national %)",energy_water,ons_open_data,daily,2015-03-31,29.9959,pct
stored_energy_ear,"Stored energy / EAR (national %)",energy_water,ons_open_data,daily,2015-04-01,30.2357,pct
stored_energy_ear,"Stored energy / EAR (national %)",energy_water,ons_open_data,daily,2015-04-02,30.5050,pct
stored_energy_ear,"Stored energy / EAR (national %)",energy_water,ons_open_data,daily,2015-04-03,30.8785,pct
stored_energy_ear,"Stored energy / EAR (national %)",energy_water,ons_open_data,daily,2015-04-04,31.2157,pct
stored_energy_ear,"Stored energy / EAR (national %)",energy_water,ons_open_data,daily,2015-04-05,31.6212,pct
stored_energy_ear,"Stored energy / EAR (national %)",energy_water,ons_open_data,daily,2015-04-06,31.8444,pct
stored_energy_ear,"Stored energy / EAR (national %)",energy_water,ons_open_data,daily,2015-04-07,32.0817,pct
stored_energy_ear,"Stored energy / EAR (national %)",energy_water,ons_open_data,daily,2015-04-08,32.3266,pct
stored_energy_ear,"Stored energy / EAR (national %)",energy_water,ons_open_data,daily,2015-04-09,32.5426,pct
stored_energy_ear,"Stored energy / EAR (national %)",energy_water,ons_open_data,daily,2015-04-10,32.6742,pct
stored_energy_ear,"Stored energy / EAR (national %)",energy_water,ons_open_data,daily,2015-04-11,32.8348,pct
stored_energy_ear,"Stored energy / EAR (national %)",energy_water,ons_open_data,daily,2015-04-12,33.0721,pct
stored_energy_ear,"Stored energy / EAR (national %)",energy_water,ons_open_data,daily,2015-04-13,33.1148,pct
stored_energy_ear,"Stored energy / EAR (national %)",energy_water,ons_open_data,daily,2015-04-14,33.1589,pct
stored_energy_ear,"Stored energy / EAR (national %)",energy_water,ons_open_data,daily,2015-04-15,33.1486,pct
stored_energy_ear,"Stored energy / EAR (national %)",energy_water,ons_open_data,daily,2015-04-16,33.2051,pct
stored_energy_ear,"Stored energy / EAR (national %)",energy_water,ons_open_data,daily,2015-04-17,33.1892,pct
stored_energy_ear,"Stored energy / EAR (national %)",energy_water,ons_open_data,daily,2015-04-18,33.3229,pct
stored_energy_ear,"Stored energy / EAR (national %)",energy_water,ons_open_data,daily,2015-04-19,33.5051,pct
stored_energy_ear,"Stored energy / EAR (national %)",energy_water,ons_open_data,daily,2015-04-20,33.5527,pct
stored_energy_ear,"Stored energy / EAR (national %)",energy_water,ons_open_data,daily,2015-04-21,33.7101,pct
stored_energy_ear,"Stored energy / EAR (national %)",energy_water,ons_open_data,daily,2015-04-22,33.8289,pct
stored_energy_ear,"Stored energy / EAR (national %)",energy_water,ons_open_data,daily,2015-04-23,33.9681,pct
stored_energy_ear,"Stored energy / EAR (national %)",energy_water,ons_open_data,daily,2015-04-24,34.1303,pct
stored_energy_ear,"Stored energy / EAR (national %)",energy_water,ons_open_data,daily,2015-04-25,34.3246,pct
stored_energy_ear,"Stored energy / EAR (national %)",energy_water,ons_open_data,daily,2015-04-26,34.5675,pct
stored_energy_ear,"Stored energy / EAR (national %)",energy_water,ons_open_data,daily,2015-04-27,34.6664,pct
stored_energy_ear,"Stored energy / EAR (national %)",energy_water,ons_open_data,daily,2015-04-28,34.7084,pct
stored_energy_ear,"Stored energy / EAR (national %)",energy_water,ons_open_data,daily,2015-04-29,34.7666,pct
stored_energy_ear,"Stored energy / EAR (national %)",energy_water,ons_open_data,daily,2015-04-30,34.7928,pct
stored_energy_ear,"Stored energy / EAR (national %)",energy_water,ons_open_data,daily,2015-05-01,34.9354,pct
stored_energy_ear,"Stored energy / EAR (national %)",energy_water,ons_open_data,daily,2015-05-02,35.0039,pct
stored_energy_ear,"Stored energy / EAR (national %)",energy_water,ons_open_data,daily,2015-05-03,35.1145,pct
stored_energy_ear,"Stored energy / EAR (national %)",energy_water,ons_open_data,daily,2015-05-04,35.1111,pct
stored_energy_ear,"Stored energy / EAR (national %)",energy_water,ons_open_data,daily,2015-05-05,35.1073,pct
stored_energy_ear,"Stored energy / EAR (national %)",energy_water,ons_open_data,daily,2015-05-06,35.1317,pct
stored_energy_ear,"Stored energy / EAR (national %)",energy_water,ons_open_data,daily,2015-05-07,35.1724,pct
stored_energy_ear,"Stored energy / EAR (national %)",energy_water,ons_open_data,daily,2015-05-08,35.1724,pct
stored_energy_ear,"Stored energy / EAR (national %)",energy_water,ons_open_data,daily,2015-05-09,35.2895,pct
stored_energy_ear,"Stored energy / EAR (national %)",energy_water,ons_open_data,daily,2015-05-10,35.4542,pct
stored_energy_ear,"Stored energy / EAR (national %)",energy_water,ons_open_data,daily,2015-05-11,35.5317,pct
stored_energy_ear,"Stored energy / EAR (national %)",energy_water,ons_open_data,daily,2015-05-12,35.6026,pct
stored_energy_ear,"Stored energy / EAR (national %)",energy_water,ons_open_data,daily,2015-05-13,35.7570,pct
stored_energy_ear,"Stored energy / EAR (national %)",energy_water,ons_open_data,daily,2015-05-14,35.8286,pct
stored_energy_ear,"Stored energy / EAR (national %)",energy_water,ons_open_data,daily,2015-05-15,35.9385,pct
stored_energy_ear,"Stored energy / EAR (national %)",energy_water,ons_open_data,daily,2015-05-16,36.0491,pct
stored_energy_ear,"Stored energy / EAR (national %)",energy_water,ons_open_data,daily,2015-05-17,36.1497,pct
stored_energy_ear,"Stored energy / EAR (national %)",energy_water,ons_open_data,daily,2015-05-18,36.1307,pct
stored_energy_ear,"Stored energy / EAR (national %)",energy_water,ons_open_data,daily,2015-05-19,36.1256,pct
stored_energy_ear,"Stored energy / EAR (national %)",energy_water,ons_open_data,daily,2015-05-20,36.1035,pct
stored_energy_ear,"Stored energy / EAR (national %)",energy_water,ons_open_data,daily,2015-05-21,36.0849,pct
stored_energy_ear,"Stored energy / EAR (national %)",energy_water,ons_open_data,daily,2015-05-22,36.0636,pct
stored_energy_ear,"Stored energy / EAR (national %)",energy_water,ons_open_data,daily,2015-05-23,36.1015,pct
stored_energy_ear,"Stored energy / EAR (national %)",energy_water,ons_open_data,daily,2015-05-24,36.2165,pct
stored_energy_ear,"Stored energy / EAR (national %)",energy_water,ons_open_data,daily,2015-05-25,36.1755,pct
stored_energy_ear,"Stored energy / EAR (national %)",energy_water,ons_open_data,daily,2015-05-26,36.1948,pct
stored_energy_ear,"Stored energy / EAR (national %)",energy_water,ons_open_data,daily,2015-05-27,36.3340,pct
stored_energy_ear,"Stored energy / EAR (national %)",energy_water,ons_open_data,daily,2015-05-28,36.4477,pct
stored_energy_ear,"Stored energy / EAR (national %)",energy_water,ons_open_data,daily,2015-05-29,36.5352,pct
stored_energy_ear,"Stored energy / EAR (national %)",energy_water,ons_open_data,daily,2015-05-30,36.6905,pct
stored_energy_ear,"Stored energy / EAR (national %)",energy_water,ons_open_data,daily,2015-05-31,36.8421,pct
stored_energy_ear,"Stored energy / EAR (national %)",energy_water,ons_open_data,daily,2015-06-01,36.8796,pct
stored_energy_ear,"Stored energy / EAR (national %)",energy_water,ons_open_data,daily,2015-06-02,36.8624,pct
stored_energy_ear,"Stored energy / EAR (national %)",energy_water,ons_open_data,daily,2015-06-03,36.9020,pct
stored_energy_ear,"Stored energy / EAR (national %)",energy_water,ons_open_data,daily,2015-06-04,37.0102,pct
stored_energy_ear,"Stored energy / EAR (national %)",energy_water,ons_open_data,daily,2015-06-05,37.0994,pct
stored_energy_ear,"Stored energy / EAR (national %)",energy_water,ons_open_data,daily,2015-06-06,37.1762,pct
stored_energy_ear,"Stored energy / EAR (national %)",energy_water,ons_open_data,daily,2015-06-07,37.3130,pct
stored_energy_ear,"Stored energy / EAR (national %)",energy_water,ons_open_data,daily,2015-06-08,37.2913,pct
stored_energy_ear,"Stored energy / EAR (national %)",energy_water,ons_open_data,daily,2015-06-09,37.2386,pct
stored_energy_ear,"Stored energy / EAR (national %)",energy_water,ons_open_data,daily,2015-06-10,37.1790,pct
stored_energy_ear,"Stored energy / EAR (national %)",energy_water,ons_open_data,daily,2015-06-11,37.1259,pct
stored_energy_ear,"Stored energy / EAR (national %)",energy_water,ons_open_data,daily,2015-06-12,37.0502,pct
stored_energy_ear,"Stored energy / EAR (national %)",energy_water,ons_open_data,daily,2015-06-13,37.1277,pct
stored_energy_ear,"Stored energy / EAR (national %)",energy_water,ons_open_data,daily,2015-06-14,37.3678,pct
stored_energy_ear,"Stored energy / EAR (national %)",energy_water,ons_open_data,daily,2015-06-15,37.5369,pct
stored_energy_ear,"Stored energy / EAR (national %)",energy_water,ons_open_data,daily,2015-06-16,37.6099,pct
stored_energy_ear,"Stored energy / EAR (national %)",energy_water,ons_open_data,daily,2015-06-17,37.6375,pct
stored_energy_ear,"Stored energy / EAR (national %)",energy_water,ons_open_data,daily,2015-06-18,37.7243,pct
stored_energy_ear,"Stored energy / EAR (national %)",energy_water,ons_open_data,daily,2015-06-19,37.7756,pct
stored_energy_ear,"Stored energy / EAR (national %)",energy_water,ons_open_data,daily,2015-06-20,37.9510,pct
stored_energy_ear,"Stored energy / EAR (national %)",energy_water,ons_open_data,daily,2015-06-21,38.1094,pct
stored_energy_ear,"Stored energy / EAR (national %)",energy_water,ons_open_data,daily,2015-06-22,38.1349,pct
stored_energy_ear,"Stored energy / EAR (national %)",energy_water,ons_open_data,daily,2015-06-23,38.1508,pct
stored_energy_ear,"Stored energy / EAR (national %)",energy_water,ons_open_data,daily,2015-06-24,38.1873,pct
stored_energy_ear,"Stored energy / EAR (national %)",energy_water,ons_open_data,daily,2015-06-25,38.2000,pct
stored_energy_ear,"Stored energy / EAR (national %)",energy_water,ons_open_data,daily,2015-06-26,38.2655,pct
stored_energy_ear,"Stored energy / EAR (national %)",energy_water,ons_open_data,daily,2015-06-27,38.2992,pct
stored_energy_ear,"Stored energy / EAR (national %)",energy_water,ons_open_data,daily,2015-06-28,38.3530,pct
stored_energy_ear,"Stored energy / EAR (national %)",energy_water,ons_open_data,daily,2015-06-29,38.2989,pct
stored_energy_ear,"Stored energy / EAR (national %)",energy_water,ons_open_data,daily,2015-06-30,38.2324,pct
stored_energy_ear,"Stored energy / EAR (national %)",energy_water,ons_open_data,daily,2015-07-01,38.2011,pct
stored_energy_ear,"Stored energy / EAR (national %)",energy_water,ons_open_data,daily,2015-07-02,38.1335,pct
stored_energy_ear,"Stored energy / EAR (national %)",energy_water,ons_open_data,daily,2015-07-03,38.0867,pct
stored_energy_ear,"Stored energy / EAR (national %)",energy_water,ons_open_data,daily,2015-07-04,38.1294,pct
stored_energy_ear,"Stored energy / EAR (national %)",energy_water,ons_open_data,daily,2015-07-05,38.2910,pct
stored_energy_ear,"Stored energy / EAR (national %)",energy_water,ons_open_data,daily,2015-07-06,38.3730,pct
stored_energy_ear,"Stored energy / EAR (national %)",energy_water,ons_open_data,daily,2015-07-07,38.4546,pct
stored_energy_ear,"Stored energy / EAR (national %)",energy_water,ons_open_data,daily,2015-07-08,38.6062,pct
stored_energy_ear,"Stored energy / EAR (national %)",energy_water,ons_open_data,daily,2015-07-09,38.7994,pct
stored_energy_ear,"Stored energy / EAR (national %)",energy_water,ons_open_data,daily,2015-07-10,38.9028,pct
stored_energy_ear,"Stored energy / EAR (national %)",energy_water,ons_open_data,daily,2015-07-11,39.0523,pct
stored_energy_ear,"Stored energy / EAR (national %)",energy_water,ons_open_data,daily,2015-07-12,39.2920,pct
stored_energy_ear,"Stored energy / EAR (national %)",energy_water,ons_open_data,daily,2015-07-13,39.4584,pct
stored_energy_ear,"Stored energy / EAR (national %)",energy_water,ons_open_data,daily,2015-07-14,39.8453,pct
stored_energy_ear,"Stored energy / EAR (national %)",energy_water,ons_open_data,daily,2015-07-15,40.1487,pct
stored_energy_ear,"Stored energy / EAR (national %)",energy_water,ons_open_data,daily,2015-07-16,40.3014,pct
stored_energy_ear,"Stored energy / EAR (national %)",energy_water,ons_open_data,daily,2015-07-17,40.4498,pct
stored_energy_ear,"Stored energy / EAR (national %)",energy_water,ons_open_data,daily,2015-07-18,40.6176,pct
stored_energy_ear,"Stored energy / EAR (national %)",energy_water,ons_open_data,daily,2015-07-19,40.7116,pct
stored_energy_ear,"Stored energy / EAR (national %)",energy_water,ons_open_data,daily,2015-07-20,40.7333,pct
stored_energy_ear,"Stored energy / EAR (national %)",energy_water,ons_open_data,daily,2015-07-21,40.7278,pct
stored_energy_ear,"Stored energy / EAR (national %)",energy_water,ons_open_data,daily,2015-07-22,40.7240,pct
stored_energy_ear,"Stored energy / EAR (national %)",energy_water,ons_open_data,daily,2015-07-23,40.7316,pct
stored_energy_ear,"Stored energy / EAR (national %)",energy_water,ons_open_data,daily,2015-07-24,40.7182,pct
stored_energy_ear,"Stored energy / EAR (national %)",energy_water,ons_open_data,daily,2015-07-25,40.7612,pct
stored_energy_ear,"Stored energy / EAR (national %)",energy_water,ons_open_data,daily,2015-07-26,40.7754,pct
stored_energy_ear,"Stored energy / EAR (national %)",energy_water,ons_open_data,daily,2015-07-27,40.7798,pct
stored_energy_ear,"Stored energy / EAR (national %)",energy_water,ons_open_data,daily,2015-07-28,40.7416,pct
stored_energy_ear,"Stored energy / EAR (national %)",energy_water,ons_open_data,daily,2015-07-29,40.7244,pct
stored_energy_ear,"Stored energy / EAR (national %)",energy_water,ons_open_data,daily,2015-07-30,40.7182,pct
stored_energy_ear,"Stored energy / EAR (national %)",energy_water,ons_open_data,daily,2015-07-31,40.6524,pct
stored_energy_ear,"Stored energy / EAR (national %)",energy_water,ons_open_data,daily,2015-08-01,40.6751,pct
stored_energy_ear,"Stored energy / EAR (national %)",energy_water,ons_open_data,daily,2015-08-02,40.6341,pct
stored_energy_ear,"Stored energy / EAR (national %)",energy_water,ons_open_data,daily,2015-08-03,40.5552,pct
stored_energy_ear,"Stored energy / EAR (national %)",energy_water,ons_open_data,daily,2015-08-04,40.4757,pct
stored_energy_ear,"Stored energy / EAR (national %)",energy_water,ons_open_data,daily,2015-08-05,40.3461,pct
stored_energy_ear,"Stored energy / EAR (national %)",energy_water,ons_open_data,daily,2015-08-06,40.1949,pct
stored_energy_ear,"Stored energy / EAR (national %)",energy_water,ons_open_data,daily,2015-08-07,40.0733,pct
stored_energy_ear,"Stored energy / EAR (national %)",energy_water,ons_open_data,daily,2015-08-08,39.9369,pct
stored_energy_ear,"Stored energy / EAR (national %)",energy_water,ons_open_data,daily,2015-08-09,39.8428,pct
stored_energy_ear,"Stored energy / EAR (national %)",energy_water,ons_open_data,daily,2015-08-10,39.6992,pct
stored_energy_ear,"Stored energy / EAR (national %)",energy_water,ons_open_data,daily,2015-08-11,39.5115,pct
stored_energy_ear,"Stored energy / EAR (national %)",energy_water,ons_open_data,daily,2015-08-12,39.3065,pct
stored_energy_ear,"Stored energy / EAR (national %)",energy_water,ons_open_data,daily,2015-08-13,39.1067,pct
stored_energy_ear,"Stored energy / EAR (national %)",energy_water,ons_open_data,daily,2015-08-14,38.9376,pct
stored_energy_ear,"Stored energy / EAR (national %)",energy_water,ons_open_data,daily,2015-08-15,38.7619,pct
stored_energy_ear,"Stored energy / EAR (national %)",energy_water,ons_open_data,daily,2015-08-16,38.6589,pct
stored_energy_ear,"Stored energy / EAR (national %)",energy_water,ons_open_data,daily,2015-08-17,38.4363,pct
stored_energy_ear,"Stored energy / EAR (national %)",energy_water,ons_open_data,daily,2015-08-18,38.1955,pct
stored_energy_ear,"Stored energy / EAR (national %)",energy_water,ons_open_data,daily,2015-08-19,37.9747,pct
stored_energy_ear,"Stored energy / EAR (national %)",energy_water,ons_open_data,daily,2015-08-20,37.7405,pct
stored_energy_ear,"Stored energy / EAR (national %)",energy_water,ons_open_data,daily,2015-08-21,37.4859,pct
stored_energy_ear,"Stored energy / EAR (national %)",energy_water,ons_open_data,daily,2015-08-22,37.3488,pct
stored_energy_ear,"Stored energy / EAR (national %)",energy_water,ons_open_data,daily,2015-08-23,37.2455,pct
stored_energy_ear,"Stored energy / EAR (national %)",energy_water,ons_open_data,daily,2015-08-24,36.9971,pct
stored_energy_ear,"Stored energy / EAR (national %)",energy_water,ons_open_data,daily,2015-08-25,36.7728,pct
stored_energy_ear,"Stored energy / EAR (national %)",energy_water,ons_open_data,daily,2015-08-26,36.5234,pct
stored_energy_ear,"Stored energy / EAR (national %)",energy_water,ons_open_data,daily,2015-08-27,36.2744,pct
stored_energy_ear,"Stored energy / EAR (national %)",energy_water,ons_open_data,daily,2015-08-28,36.1300,pct
stored_energy_ear,"Stored energy / EAR (national %)",energy_water,ons_open_data,daily,2015-08-29,36.0146,pct
stored_energy_ear,"Stored energy / EAR (national %)",energy_water,ons_open_data,daily,2015-08-30,35.9695,pct
stored_energy_ear,"Stored energy / EAR (national %)",energy_water,ons_open_data,daily,2015-08-31,35.7194,pct
stored_energy_ear,"Stored energy / EAR (national %)",energy_water,ons_open_data,daily,2015-09-01,35.4590,pct
stored_energy_ear,"Stored energy / EAR (national %)",energy_water,ons_open_data,daily,2015-09-02,35.1882,pct
stored_energy_ear,"Stored energy / EAR (national %)",energy_water,ons_open_data,daily,2015-09-03,34.9709,pct
stored_energy_ear,"Stored energy / EAR (national %)",energy_water,ons_open_data,daily,2015-09-04,34.6943,pct
stored_energy_ear,"Stored energy / EAR (national %)",energy_water,ons_open_data,daily,2015-09-05,34.5286,pct
stored_energy_ear,"Stored energy / EAR (national %)",energy_water,ons_open_data,daily,2015-09-06,34.4307,pct
stored_energy_ear,"Stored energy / EAR (national %)",energy_water,ons_open_data,daily,2015-09-07,34.3467,pct
stored_energy_ear,"Stored energy / EAR (national %)",energy_water,ons_open_data,daily,2015-09-08,34.1576,pct
stored_energy_ear,"Stored energy / EAR (national %)",energy_water,ons_open_data,daily,2015-09-09,34.0521,pct
stored_energy_ear,"Stored energy / EAR (national %)",energy_water,ons_open_data,daily,2015-09-10,34.0074,pct
stored_energy_ear,"Stored energy / EAR (national %)",energy_water,ons_open_data,daily,2015-09-11,33.9936,pct
stored_energy_ear,"Stored energy / EAR (national %)",energy_water,ons_open_data,daily,2015-09-12,34.0749,pct
stored_energy_ear,"Stored energy / EAR (national %)",energy_water,ons_open_data,daily,2015-09-13,34.2337,pct
stored_energy_ear,"Stored energy / EAR (national %)",energy_water,ons_open_data,daily,2015-09-14,34.2099,pct
stored_energy_ear,"Stored energy / EAR (national %)",energy_water,ons_open_data,daily,2015-09-15,34.1272,pct
stored_energy_ear,"Stored energy / EAR (national %)",energy_water,ons_open_data,daily,2015-09-16,33.9874,pct
stored_energy_ear,"Stored energy / EAR (national %)",energy_water,ons_open_data,daily,2015-09-17,33.8348,pct
stored_energy_ear,"Stored energy / EAR (national %)",energy_water,ons_open_data,daily,2015-09-18,33.7283,pct
stored_energy_ear,"Stored energy / EAR (national %)",energy_water,ons_open_data,daily,2015-09-19,33.6808,pct
stored_energy_ear,"Stored energy / EAR (national %)",energy_water,ons_open_data,daily,2015-09-20,33.7115,pct
stored_energy_ear,"Stored energy / EAR (national %)",energy_water,ons_open_data,daily,2015-09-21,33.5668,pct
stored_energy_ear,"Stored energy / EAR (national %)",energy_water,ons_open_data,daily,2015-09-22,33.3746,pct
stored_energy_ear,"Stored energy / EAR (national %)",energy_water,ons_open_data,daily,2015-09-23,33.1203,pct
stored_energy_ear,"Stored energy / EAR (national %)",energy_water,ons_open_data,daily,2015-09-24,32.7920,pct
stored_energy_ear,"Stored energy / EAR (national %)",energy_water,ons_open_data,daily,2015-09-25,32.6057,pct
stored_energy_ear,"Stored energy / EAR (national %)",energy_water,ons_open_data,daily,2015-09-26,32.4982,pct
stored_energy_ear,"Stored energy / EAR (national %)",energy_water,ons_open_data,daily,2015-09-27,32.6136,pct
stored_energy_ear,"Stored energy / EAR (national %)",energy_water,ons_open_data,daily,2015-09-28,32.5154,pct
stored_energy_ear,"Stored energy / EAR (national %)",energy_water,ons_open_data,daily,2015-09-29,32.3859,pct
stored_energy_ear,"Stored energy / EAR (national %)",energy_water,ons_open_data,daily,2015-09-30,32.2705,pct
stored_energy_ear,"Stored energy / EAR (national %)",energy_water,ons_open_data,daily,2015-10-01,32.1107,pct
stored_energy_ear,"Stored energy / EAR (national %)",energy_water,ons_open_data,daily,2015-10-02,31.9488,pct
stored_energy_ear,"Stored energy / EAR (national %)",energy_water,ons_open_data,daily,2015-10-03,31.8750,pct
stored_energy_ear,"Stored energy / EAR (national %)",energy_water,ons_open_data,daily,2015-10-04,31.8540,pct
stored_energy_ear,"Stored energy / EAR (national %)",energy_water,ons_open_data,daily,2015-10-05,31.6639,pct
stored_energy_ear,"Stored energy / EAR (national %)",energy_water,ons_open_data,daily,2015-10-06,31.4503,pct
stored_energy_ear,"Stored energy / EAR (national %)",energy_water,ons_open_data,daily,2015-10-07,31.2219,pct
stored_energy_ear,"Stored energy / EAR (national %)",energy_water,ons_open_data,daily,2015-10-08,31.0438,pct
stored_energy_ear,"Stored energy / EAR (national %)",energy_water,ons_open_data,daily,2015-10-09,30.8919,pct
stored_energy_ear,"Stored energy / EAR (national %)",energy_water,ons_open_data,daily,2015-10-10,30.9463,pct
stored_energy_ear,"Stored energy / EAR (national %)",energy_water,ons_open_data,daily,2015-10-11,31.0249,pct
stored_energy_ear,"Stored energy / EAR (national %)",energy_water,ons_open_data,daily,2015-10-12,31.1254,pct
stored_energy_ear,"Stored energy / EAR (national %)",energy_water,ons_open_data,daily,2015-10-13,30.9687,pct
stored_energy_ear,"Stored energy / EAR (national %)",energy_water,ons_open_data,daily,2015-10-14,30.8702,pct
stored_energy_ear,"Stored energy / EAR (national %)",energy_water,ons_open_data,daily,2015-10-15,30.7596,pct
stored_energy_ear,"Stored energy / EAR (national %)",energy_water,ons_open_data,daily,2015-10-16,30.6514,pct
stored_energy_ear,"Stored energy / EAR (national %)",energy_water,ons_open_data,daily,2015-10-17,30.5781,pct
stored_energy_ear,"Stored energy / EAR (national %)",energy_water,ons_open_data,daily,2015-10-18,30.6063,pct
stored_energy_ear,"Stored energy / EAR (national %)",energy_water,ons_open_data,daily,2015-10-19,30.4727,pct
stored_energy_ear,"Stored energy / EAR (national %)",energy_water,ons_open_data,daily,2015-10-20,30.3083,pct
stored_energy_ear,"Stored energy / EAR (national %)",energy_water,ons_open_data,daily,2015-10-21,30.0817,pct
stored_energy_ear,"Stored energy / EAR (national %)",energy_water,ons_open_data,daily,2015-10-22,29.8485,pct
stored_energy_ear,"Stored energy / EAR (national %)",energy_water,ons_open_data,daily,2015-10-23,29.6277,pct
stored_energy_ear,"Stored energy / EAR (national %)",energy_water,ons_open_data,daily,2015-10-24,29.5377,pct
stored_energy_ear,"Stored energy / EAR (national %)",energy_water,ons_open_data,daily,2015-10-25,29.4926,pct
stored_energy_ear,"Stored energy / EAR (national %)",energy_water,ons_open_data,daily,2015-10-26,29.3955,pct
stored_energy_ear,"Stored energy / EAR (national %)",energy_water,ons_open_data,daily,2015-10-27,29.2494,pct
stored_energy_ear,"Stored energy / EAR (national %)",energy_water,ons_open_data,daily,2015-10-28,29.1685,pct
stored_energy_ear,"Stored energy / EAR (national %)",energy_water,ons_open_data,daily,2015-10-29,29.0458,pct
stored_energy_ear,"Stored energy / EAR (national %)",energy_water,ons_open_data,daily,2015-10-30,28.9270,pct
stored_energy_ear,"Stored energy / EAR (national %)",energy_water,ons_open_data,daily,2015-10-31,28.8567,pct
stored_energy_ear,"Stored energy / EAR (national %)",energy_water,ons_open_data,daily,2015-11-01,28.7919,pct
stored_energy_ear,"Stored energy / EAR (national %)",energy_water,ons_open_data,daily,2015-11-02,28.7909,pct
stored_energy_ear,"Stored energy / EAR (national %)",energy_water,ons_open_data,daily,2015-11-03,28.6517,pct
stored_energy_ear,"Stored energy / EAR (national %)",energy_water,ons_open_data,daily,2015-11-04,28.5832,pct
stored_energy_ear,"Stored energy / EAR (national %)",energy_water,ons_open_data,daily,2015-11-05,28.5422,pct
stored_energy_ear,"Stored energy / EAR (national %)",energy_water,ons_open_data,daily,2015-11-06,28.4936,pct
stored_energy_ear,"Stored energy / EAR (national %)",energy_water,ons_open_data,daily,2015-11-07,28.5388,pct
stored_energy_ear,"Stored energy / EAR (national %)",energy_water,ons_open_data,daily,2015-11-08,28.5846,pct
stored_energy_ear,"Stored energy / EAR (national %)",energy_water,ons_open_data,daily,2015-11-09,28.4413,pct
stored_energy_ear,"Stored energy / EAR (national %)",energy_water,ons_open_data,daily,2015-11-10,28.3555,pct
stored_energy_ear,"Stored energy / EAR (national %)",energy_water,ons_open_data,daily,2015-11-11,28.2701,pct
stored_energy_ear,"Stored energy / EAR (national %)",energy_water,ons_open_data,daily,2015-11-12,28.1998,pct
stored_energy_ear,"Stored energy / EAR (national %)",energy_water,ons_open_data,daily,2015-11-13,28.0971,pct
stored_energy_ear,"Stored energy / EAR (national %)",energy_water,ons_open_data,daily,2015-11-14,28.0572,pct
stored_energy_ear,"Stored energy / EAR (national %)",energy_water,ons_open_data,daily,2015-11-15,28.0603,pct
stored_energy_ear,"Stored energy / EAR (national %)",energy_water,ons_open_data,daily,2015-11-16,27.9407,pct
stored_energy_ear,"Stored energy / EAR (national %)",energy_water,ons_open_data,daily,2015-11-17,27.8260,pct
stored_energy_ear,"Stored energy / EAR (national %)",energy_water,ons_open_data,daily,2015-11-18,27.6893,pct
stored_energy_ear,"Stored energy / EAR (national %)",energy_water,ons_open_data,daily,2015-11-19,27.5560,pct
stored_energy_ear,"Stored energy / EAR (national %)",energy_water,ons_open_data,daily,2015-11-20,27.5353,pct
stored_energy_ear,"Stored energy / EAR (national %)",energy_water,ons_open_data,daily,2015-11-21,27.6483,pct
stored_energy_ear,"Stored energy / EAR (national %)",energy_water,ons_open_data,daily,2015-11-22,27.7833,pct
stored_energy_ear,"Stored energy / EAR (national %)",energy_water,ons_open_data,daily,2015-11-23,27.7413,pct
stored_energy_ear,"Stored energy / EAR (national %)",energy_water,ons_open_data,daily,2015-11-24,27.7874,pct
stored_energy_ear,"Stored energy / EAR (national %)",energy_water,ons_open_data,daily,2015-11-25,27.8625,pct
stored_energy_ear,"Stored energy / EAR (national %)",energy_water,ons_open_data,daily,2015-11-26,27.8780,pct
stored_energy_ear,"Stored energy / EAR (national %)",energy_water,ons_open_data,daily,2015-11-27,27.8284,pct
stored_energy_ear,"Stored energy / EAR (national %)",energy_water,ons_open_data,daily,2015-11-28,27.7613,pct
stored_energy_ear,"Stored energy / EAR (national %)",energy_water,ons_open_data,daily,2015-11-29,27.7757,pct
stored_energy_ear,"Stored energy / EAR (national %)",energy_water,ons_open_data,daily,2015-11-30,27.7344,pct
stored_energy_ear,"Stored energy / EAR (national %)",energy_water,ons_open_data,daily,2015-12-01,27.8136,pct
stored_energy_ear,"Stored energy / EAR (national %)",energy_water,ons_open_data,daily,2015-12-02,27.8873,pct
stored_energy_ear,"Stored energy / EAR (national %)",energy_water,ons_open_data,daily,2015-12-03,27.8756,pct
stored_energy_ear,"Stored energy / EAR (national %)",energy_water,ons_open_data,daily,2015-12-04,27.9022,pct
stored_energy_ear,"Stored energy / EAR (national %)",energy_water,ons_open_data,daily,2015-12-05,27.9745,pct
stored_energy_ear,"Stored energy / EAR (national %)",energy_water,ons_open_data,daily,2015-12-06,28.0889,pct
stored_energy_ear,"Stored energy / EAR (national %)",energy_water,ons_open_data,daily,2015-12-07,28.1454,pct
stored_energy_ear,"Stored energy / EAR (national %)",energy_water,ons_open_data,daily,2015-12-08,28.2835,pct
stored_energy_ear,"Stored energy / EAR (national %)",energy_water,ons_open_data,daily,2015-12-09,28.3269,pct
stored_energy_ear,"Stored energy / EAR (national %)",energy_water,ons_open_data,daily,2015-12-10,28.3562,pct
stored_energy_ear,"Stored energy / EAR (national %)",energy_water,ons_open_data,daily,2015-12-11,28.3689,pct
stored_energy_ear,"Stored energy / EAR (national %)",energy_water,ons_open_data,daily,2015-12-12,28.4657,pct
stored_energy_ear,"Stored energy / EAR (national %)",energy_water,ons_open_data,daily,2015-12-13,28.5908,pct
stored_energy_ear,"Stored energy / EAR (national %)",energy_water,ons_open_data,daily,2015-12-14,28.5797,pct
stored_energy_ear,"Stored energy / EAR (national %)",energy_water,ons_open_data,daily,2015-12-15,28.6145,pct
stored_energy_ear,"Stored energy / EAR (national %)",energy_water,ons_open_data,daily,2015-12-16,28.6228,pct
stored_energy_ear,"Stored energy / EAR (national %)",energy_water,ons_open_data,daily,2015-12-17,28.6128,pct
stored_energy_ear,"Stored energy / EAR (national %)",energy_water,ons_open_data,daily,2015-12-18,28.5698,pct
stored_energy_ear,"Stored energy / EAR (national %)",energy_water,ons_open_data,daily,2015-12-19,28.6138,pct
stored_energy_ear,"Stored energy / EAR (national %)",energy_water,ons_open_data,daily,2015-12-20,28.7261,pct
stored_energy_ear,"Stored energy / EAR (national %)",energy_water,ons_open_data,daily,2015-12-21,28.7733,pct
stored_energy_ear,"Stored energy / EAR (national %)",energy_water,ons_open_data,daily,2015-12-22,28.7875,pct
stored_energy_ear,"Stored energy / EAR (national %)",energy_water,ons_open_data,daily,2015-12-23,28.8143,pct
stored_energy_ear,"Stored energy / EAR (national %)",energy_water,ons_open_data,daily,2015-12-24,28.8846,pct
stored_energy_ear,"Stored energy / EAR (national %)",energy_water,ons_open_data,daily,2015-12-25,28.9880,pct
stored_energy_ear,"Stored energy / EAR (national %)",energy_water,ons_open_data,daily,2015-12-26,29.0341,pct
stored_energy_ear,"Stored energy / EAR (national %)",energy_water,ons_open_data,daily,2015-12-27,29.1530,pct
stored_energy_ear,"Stored energy / EAR (national %)",energy_water,ons_open_data,daily,2015-12-28,29.1443,pct
stored_energy_ear,"Stored energy / EAR (national %)",energy_water,ons_open_data,daily,2015-12-29,29.1237,pct
stored_energy_ear,"Stored energy / EAR (national %)",energy_water,ons_open_data,daily,2015-12-30,29.2601,pct
stored_energy_ear,"Stored energy / EAR (national %)",energy_water,ons_open_data,daily,2015-12-31,29.3486,pct
stored_energy_ear,"Stored energy / EAR (national %)",energy_water,ons_open_data,daily,2016-01-01,29.4327,pct
stored_energy_ear,"Stored energy / EAR (national %)",energy_water,ons_open_data,daily,2016-01-02,29.5078,pct
stored_energy_ear,"Stored energy / EAR (national %)",energy_water,ons_open_data,daily,2016-01-03,29.6266,pct
stored_energy_ear,"Stored energy / EAR (national %)",energy_water,ons_open_data,daily,2016-01-04,29.7189,pct
stored_energy_ear,"Stored energy / EAR (national %)",energy_water,ons_open_data,daily,2016-01-05,29.8454,pct
stored_energy_ear,"Stored energy / EAR (national %)",energy_water,ons_open_data,daily,2016-01-06,29.9404,pct
stored_energy_ear,"Stored energy / EAR (national %)",energy_water,ons_open_data,daily,2016-01-07,30.0596,pct
stored_energy_ear,"Stored energy / EAR (national %)",energy_water,ons_open_data,daily,2016-01-08,30.1299,pct
stored_energy_ear,"Stored energy / EAR (national %)",energy_water,ons_open_data,daily,2016-01-09,30.3183,pct
stored_energy_ear,"Stored energy / EAR (national %)",energy_water,ons_open_data,daily,2016-01-10,30.5174,pct
stored_energy_ear,"Stored energy / EAR (national %)",energy_water,ons_open_data,daily,2016-01-11,30.5932,pct
stored_energy_ear,"Stored energy / EAR (national %)",energy_water,ons_open_data,daily,2016-01-12,30.7637,pct
stored_energy_ear,"Stored energy / EAR (national %)",energy_water,ons_open_data,daily,2016-01-13,31.0665,pct
stored_energy_ear,"Stored energy / EAR (national %)",energy_water,ons_open_data,daily,2016-01-14,31.6367,pct
stored_energy_ear,"Stored energy / EAR (national %)",energy_water,ons_open_data,daily,2016-01-15,32.3084,pct
stored_energy_ear,"Stored energy / EAR (national %)",energy_water,ons_open_data,daily,2016-01-16,33.0315,pct
stored_energy_ear,"Stored energy / EAR (national %)",energy_water,ons_open_data,daily,2016-01-17,33.8275,pct
stored_energy_ear,"Stored energy / EAR (national %)",energy_water,ons_open_data,daily,2016-01-18,34.5937,pct
stored_energy_ear,"Stored energy / EAR (national %)",energy_water,ons_open_data,daily,2016-01-19,35.3291,pct
stored_energy_ear,"Stored energy / EAR (national %)",energy_water,ons_open_data,daily,2016-01-20,36.0722,pct
stored_energy_ear,"Stored energy / EAR (national %)",energy_water,ons_open_data,daily,2016-01-21,36.8187,pct
stored_energy_ear,"Stored energy / EAR (national %)",energy_water,ons_open_data,daily,2016-01-22,37.5052,pct
stored_energy_ear,"Stored energy / EAR (national %)",energy_water,ons_open_data,daily,2016-01-23,38.2193,pct
stored_energy_ear,"Stored energy / EAR (national %)",energy_water,ons_open_data,daily,2016-01-24,38.8156,pct
stored_energy_ear,"Stored energy / EAR (national %)",energy_water,ons_open_data,daily,2016-01-25,39.2321,pct
stored_energy_ear,"Stored energy / EAR (national %)",energy_water,ons_open_data,daily,2016-01-26,39.6510,pct
stored_energy_ear,"Stored energy / EAR (national %)",energy_water,ons_open_data,daily,2016-01-27,40.1353,pct
stored_energy_ear,"Stored energy / EAR (national %)",energy_water,ons_open_data,daily,2016-01-28,40.6352,pct
stored_energy_ear,"Stored energy / EAR (national %)",energy_water,ons_open_data,daily,2016-01-29,41.0868,pct
stored_energy_ear,"Stored energy / EAR (national %)",energy_water,ons_open_data,daily,2016-01-30,41.6286,pct
stored_energy_ear,"Stored energy / EAR (national %)",energy_water,ons_open_data,daily,2016-01-31,42.2122,pct
stored_energy_ear,"Stored energy / EAR (national %)",energy_water,ons_open_data,daily,2016-02-01,42.7764,pct
stored_energy_ear,"Stored energy / EAR (national %)",energy_water,ons_open_data,daily,2016-02-02,43.3269,pct
stored_energy_ear,"Stored energy / EAR (national %)",energy_water,ons_open_data,daily,2016-02-03,43.7658,pct
stored_energy_ear,"Stored energy / EAR (national %)",energy_water,ons_open_data,daily,2016-02-04,44.1616,pct
stored_energy_ear,"Stored energy / EAR (national %)",energy_water,ons_open_data,daily,2016-02-05,44.5033,pct
stored_energy_ear,"Stored energy / EAR (national %)",energy_water,ons_open_data,daily,2016-02-06,44.8578,pct
stored_energy_ear,"Stored energy / EAR (national %)",energy_water,ons_open_data,daily,2016-02-07,45.2446,pct
stored_energy_ear,"Stored energy / EAR (national %)",energy_water,ons_open_data,daily,2016-02-08,45.5271,pct
stored_energy_ear,"Stored energy / EAR (national %)",energy_water,ons_open_data,daily,2016-02-09,45.8385,pct
stored_energy_ear,"Stored energy / EAR (national %)",energy_water,ons_open_data,daily,2016-02-10,46.0924,pct
stored_energy_ear,"Stored energy / EAR (national %)",energy_water,ons_open_data,daily,2016-02-11,46.3225,pct
stored_energy_ear,"Stored energy / EAR (national %)",energy_water,ons_open_data,daily,2016-02-12,46.5988,pct
stored_energy_ear,"Stored energy / EAR (national %)",energy_water,ons_open_data,daily,2016-02-13,46.8999,pct
stored_energy_ear,"Stored energy / EAR (national %)",energy_water,ons_open_data,daily,2016-02-14,47.2054,pct
stored_energy_ear,"Stored energy / EAR (national %)",energy_water,ons_open_data,daily,2016-02-15,47.4717,pct
stored_energy_ear,"Stored energy / EAR (national %)",energy_water,ons_open_data,daily,2016-02-16,47.7690,pct
stored_energy_ear,"Stored energy / EAR (national %)",energy_water,ons_open_data,daily,2016-02-17,48.0446,pct
stored_energy_ear,"Stored energy / EAR (national %)",energy_water,ons_open_data,daily,2016-02-18,48.2809,pct
stored_energy_ear,"Stored energy / EAR (national %)",energy_water,ons_open_data,daily,2016-02-19,48.4759,pct
stored_energy_ear,"Stored energy / EAR (national %)",energy_water,ons_open_data,daily,2016-02-20,48.7676,pct
stored_energy_ear,"Stored energy / EAR (national %)",energy_water,ons_open_data,daily,2016-02-21,49.0883,pct
stored_energy_ear,"Stored energy / EAR (national %)",energy_water,ons_open_data,daily,2016-02-22,49.2692,pct
stored_energy_ear,"Stored energy / EAR (national %)",energy_water,ons_open_data,daily,2016-02-23,49.4032,pct
stored_energy_ear,"Stored energy / EAR (national %)",energy_water,ons_open_data,daily,2016-02-24,49.5393,pct
stored_energy_ear,"Stored energy / EAR (national %)",energy_water,ons_open_data,daily,2016-02-25,49.6488,pct
stored_energy_ear,"Stored energy / EAR (national %)",energy_water,ons_open_data,daily,2016-02-26,49.6660,pct
stored_energy_ear,"Stored energy / EAR (national %)",energy_water,ons_open_data,daily,2016-02-27,49.7659,pct
stored_energy_ear,"Stored energy / EAR (national %)",energy_water,ons_open_data,daily,2016-02-28,49.9461,pct
stored_energy_ear,"Stored energy / EAR (national %)",energy_water,ons_open_data,daily,2016-02-29,50.0994,pct
stored_energy_ear,"Stored energy / EAR (national %)",energy_water,ons_open_data,daily,2016-03-01,50.2689,pct
stored_energy_ear,"Stored energy / EAR (national %)",energy_water,ons_open_data,daily,2016-03-02,50.4659,pct
stored_energy_ear,"Stored energy / EAR (national %)",energy_water,ons_open_data,daily,2016-03-03,50.7101,pct
stored_energy_ear,"Stored energy / EAR (national %)",energy_water,ons_open_data,daily,2016-03-04,50.9589,pct
stored_energy_ear,"Stored energy / EAR (national %)",energy_water,ons_open_data,daily,2016-03-05,51.2958,pct
stored_energy_ear,"Stored energy / EAR (national %)",energy_water,ons_open_data,daily,2016-03-06,51.6478,pct
stored_energy_ear,"Stored energy / EAR (national %)",energy_water,ons_open_data,daily,2016-03-07,51.8693,pct
stored_energy_ear,"Stored energy / EAR (national %)",energy_water,ons_open_data,daily,2016-03-08,52.1263,pct
stored_energy_ear,"Stored energy / EAR (national %)",energy_water,ons_open_data,daily,2016-03-09,52.3984,pct
stored_energy_ear,"Stored energy / EAR (national %)",energy_water,ons_open_data,daily,2016-03-10,52.6754,pct
stored_energy_ear,"Stored energy / EAR (national %)",energy_water,ons_open_data,daily,2016-03-11,52.9796,pct
stored_energy_ear,"Stored energy / EAR (national %)",energy_water,ons_open_data,daily,2016-03-12,53.3533,pct
stored_energy_ear,"Stored energy / EAR (national %)",energy_water,ons_open_data,daily,2016-03-13,53.7560,pct
stored_energy_ear,"Stored energy / EAR (national %)",energy_water,ons_open_data,daily,2016-03-14,54.0602,pct
stored_energy_ear,"Stored energy / EAR (national %)",energy_water,ons_open_data,daily,2016-03-15,54.2889,pct
stored_energy_ear,"Stored energy / EAR (national %)",energy_water,ons_open_data,daily,2016-03-16,54.4708,pct
stored_energy_ear,"Stored energy / EAR (national %)",energy_water,ons_open_data,daily,2016-03-17,54.5897,pct
stored_energy_ear,"Stored energy / EAR (national %)",energy_water,ons_open_data,daily,2016-03-18,54.6603,pct
stored_energy_ear,"Stored energy / EAR (national %)",energy_water,ons_open_data,daily,2016-03-19,54.7781,pct
stored_energy_ear,"Stored energy / EAR (national %)",energy_water,ons_open_data,daily,2016-03-20,54.9397,pct
stored_energy_ear,"Stored energy / EAR (national %)",energy_water,ons_open_data,daily,2016-03-21,54.9813,pct
stored_energy_ear,"Stored energy / EAR (national %)",energy_water,ons_open_data,daily,2016-03-22,55.0744,pct
stored_energy_ear,"Stored energy / EAR (national %)",energy_water,ons_open_data,daily,2016-03-23,55.1570,pct
stored_energy_ear,"Stored energy / EAR (national %)",energy_water,ons_open_data,daily,2016-03-24,55.2996,pct
stored_energy_ear,"Stored energy / EAR (national %)",energy_water,ons_open_data,daily,2016-03-25,55.5956,pct
stored_energy_ear,"Stored energy / EAR (national %)",energy_water,ons_open_data,daily,2016-03-26,55.8980,pct
stored_energy_ear,"Stored energy / EAR (national %)",energy_water,ons_open_data,daily,2016-03-27,56.2104,pct
stored_energy_ear,"Stored energy / EAR (national %)",energy_water,ons_open_data,daily,2016-03-28,56.3658,pct
stored_energy_ear,"Stored energy / EAR (national %)",energy_water,ons_open_data,daily,2016-03-29,56.5064,pct
stored_energy_ear,"Stored energy / EAR (national %)",energy_water,ons_open_data,daily,2016-03-30,56.6138,pct
stored_energy_ear,"Stored energy / EAR (national %)",energy_water,ons_open_data,daily,2016-03-31,56.7365,pct
stored_energy_ear,"Stored energy / EAR (national %)",energy_water,ons_open_data,daily,2016-04-01,56.8281,pct
stored_energy_ear,"Stored energy / EAR (national %)",energy_water,ons_open_data,daily,2016-04-02,56.9890,pct
stored_energy_ear,"Stored energy / EAR (national %)",energy_water,ons_open_data,daily,2016-04-03,57.1419,pct
stored_energy_ear,"Stored energy / EAR (national %)",energy_water,ons_open_data,daily,2016-04-04,57.1106,pct
stored_energy_ear,"Stored energy / EAR (national %)",energy_water,ons_open_data,daily,2016-04-05,57.0472,pct
stored_energy_ear,"Stored energy / EAR (national %)",energy_water,ons_open_data,daily,2016-04-06,56.9721,pct
stored_energy_ear,"Stored energy / EAR (national %)",energy_water,ons_open_data,daily,2016-04-07,56.8484,pct
stored_energy_ear,"Stored energy / EAR (national %)",energy_water,ons_open_data,daily,2016-04-08,56.7513,pct
stored_energy_ear,"Stored energy / EAR (national %)",energy_water,ons_open_data,daily,2016-04-09,56.8002,pct
stored_energy_ear,"Stored energy / EAR (national %)",energy_water,ons_open_data,daily,2016-04-10,56.8477,pct
stored_energy_ear,"Stored energy / EAR (national %)",energy_water,ons_open_data,daily,2016-04-11,56.7599,pct
stored_energy_ear,"Stored energy / EAR (national %)",energy_water,ons_open_data,daily,2016-04-12,56.6858,pct
stored_energy_ear,"Stored energy / EAR (national %)",energy_water,ons_open_data,daily,2016-04-13,56.6169,pct
stored_energy_ear,"Stored energy / EAR (national %)",energy_water,ons_open_data,daily,2016-04-14,56.5611,pct
stored_energy_ear,"Stored energy / EAR (national %)",energy_water,ons_open_data,daily,2016-04-15,56.4860,pct
stored_energy_ear,"Stored energy / EAR (national %)",energy_water,ons_open_data,daily,2016-04-16,56.5215,pct
stored_energy_ear,"Stored energy / EAR (national %)",energy_water,ons_open_data,daily,2016-04-17,56.5508,pct
stored_energy_ear,"Stored energy / EAR (national %)",energy_water,ons_open_data,daily,2016-04-18,56.3844,pct
stored_energy_ear,"Stored energy / EAR (national %)",energy_water,ons_open_data,daily,2016-04-19,56.2260,pct
stored_energy_ear,"Stored energy / EAR (national %)",energy_water,ons_open_data,daily,2016-04-20,56.0516,pct
stored_energy_ear,"Stored energy / EAR (national %)",energy_water,ons_open_data,daily,2016-04-21,56.0330,pct
stored_energy_ear,"Stored energy / EAR (national %)",energy_water,ons_open_data,daily,2016-04-22,55.9469,pct
stored_energy_ear,"Stored energy / EAR (national %)",energy_water,ons_open_data,daily,2016-04-23,55.9331,pct
stored_energy_ear,"Stored energy / EAR (national %)",energy_water,ons_open_data,daily,2016-04-24,55.9393,pct
stored_energy_ear,"Stored energy / EAR (national %)",energy_water,ons_open_data,daily,2016-04-25,55.7985,pct
stored_energy_ear,"Stored energy / EAR (national %)",energy_water,ons_open_data,daily,2016-04-26,55.7309,pct
stored_energy_ear,"Stored energy / EAR (national %)",energy_water,ons_open_data,daily,2016-04-27,55.7209,pct
stored_energy_ear,"Stored energy / EAR (national %)",energy_water,ons_open_data,daily,2016-04-28,55.7402,pct
stored_energy_ear,"Stored energy / EAR (national %)",energy_water,ons_open_data,daily,2016-04-29,55.7196,pct
stored_energy_ear,"Stored energy / EAR (national %)",energy_water,ons_open_data,daily,2016-04-30,55.7461,pct
stored_energy_ear,"Stored energy / EAR (national %)",energy_water,ons_open_data,daily,2016-05-01,55.8291,pct
stored_energy_ear,"Stored energy / EAR (national %)",energy_water,ons_open_data,daily,2016-05-02,55.7581,pct
stored_energy_ear,"Stored energy / EAR (national %)",energy_water,ons_open_data,daily,2016-05-03,55.6713,pct
stored_energy_ear,"Stored energy / EAR (national %)",energy_water,ons_open_data,daily,2016-05-04,55.5752,pct
stored_energy_ear,"Stored energy / EAR (national %)",energy_water,ons_open_data,daily,2016-05-05,55.4274,pct
stored_energy_ear,"Stored energy / EAR (national %)",energy_water,ons_open_data,daily,2016-05-06,55.3417,pct
stored_energy_ear,"Stored energy / EAR (national %)",energy_water,ons_open_data,daily,2016-05-07,55.2638,pct
stored_energy_ear,"Stored energy / EAR (national %)",energy_water,ons_open_data,daily,2016-05-08,55.2934,pct
stored_energy_ear,"Stored energy / EAR (national %)",energy_water,ons_open_data,daily,2016-05-09,55.1346,pct
stored_energy_ear,"Stored energy / EAR (national %)",energy_water,ons_open_data,daily,2016-05-10,54.9937,pct
stored_energy_ear,"Stored energy / EAR (national %)",energy_water,ons_open_data,daily,2016-05-11,54.8597,pct
stored_energy_ear,"Stored energy / EAR (national %)",energy_water,ons_open_data,daily,2016-05-12,54.7461,pct
stored_energy_ear,"Stored energy / EAR (national %)",energy_water,ons_open_data,daily,2016-05-13,54.5935,pct
stored_energy_ear,"Stored energy / EAR (national %)",energy_water,ons_open_data,daily,2016-05-14,54.5497,pct
stored_energy_ear,"Stored energy / EAR (national %)",energy_water,ons_open_data,daily,2016-05-15,54.6062,pct
stored_energy_ear,"Stored energy / EAR (national %)",energy_water,ons_open_data,daily,2016-05-16,54.4508,pct
stored_energy_ear,"Stored energy / EAR (national %)",energy_water,ons_open_data,daily,2016-05-17,54.3069,pct
stored_energy_ear,"Stored energy / EAR (national %)",energy_water,ons_open_data,daily,2016-05-18,54.2707,pct
stored_energy_ear,"Stored energy / EAR (national %)",energy_water,ons_open_data,daily,2016-05-19,54.2070,pct
stored_energy_ear,"Stored energy / EAR (national %)",energy_water,ons_open_data,daily,2016-05-20,54.2169,pct
stored_energy_ear,"Stored energy / EAR (national %)",energy_water,ons_open_data,daily,2016-05-21,54.4102,pct
stored_energy_ear,"Stored energy / EAR (national %)",energy_water,ons_open_data,daily,2016-05-22,54.6510,pct
stored_energy_ear,"Stored energy / EAR (national %)",energy_water,ons_open_data,daily,2016-05-23,54.7154,pct
stored_energy_ear,"Stored energy / EAR (national %)",energy_water,ons_open_data,daily,2016-05-24,54.7860,pct
stored_energy_ear,"Stored energy / EAR (national %)",energy_water,ons_open_data,daily,2016-05-25,54.8277,pct
stored_energy_ear,"Stored energy / EAR (national %)",energy_water,ons_open_data,daily,2016-05-26,54.9035,pct
stored_energy_ear,"Stored energy / EAR (national %)",energy_water,ons_open_data,daily,2016-05-27,54.9014,pct
stored_energy_ear,"Stored energy / EAR (national %)",energy_water,ons_open_data,daily,2016-05-28,54.9672,pct
stored_energy_ear,"Stored energy / EAR (national %)",energy_water,ons_open_data,daily,2016-05-29,54.9748,pct
stored_energy_ear,"Stored energy / EAR (national %)",energy_water,ons_open_data,daily,2016-05-30,54.8704,pct
stored_energy_ear,"Stored energy / EAR (national %)",energy_water,ons_open_data,daily,2016-05-31,54.7815,pct
stored_energy_ear,"Stored energy / EAR (national %)",energy_water,ons_open_data,daily,2016-06-01,54.6923,pct
stored_energy_ear,"Stored energy / EAR (national %)",energy_water,ons_open_data,daily,2016-06-02,54.6475,pct
stored_energy_ear,"Stored energy / EAR (national %)",energy_water,ons_open_data,daily,2016-06-03,54.6124,pct
stored_energy_ear,"Stored energy / EAR (national %)",energy_water,ons_open_data,daily,2016-06-04,54.6951,pct
stored_energy_ear,"Stored energy / EAR (national %)",energy_water,ons_open_data,daily,2016-06-05,54.8219,pct
stored_energy_ear,"Stored energy / EAR (national %)",energy_water,ons_open_data,daily,2016-06-06,54.7361,pct
stored_energy_ear,"Stored energy / EAR (national %)",energy_water,ons_open_data,daily,2016-06-07,54.6655,pct
stored_energy_ear,"Stored energy / EAR (national %)",energy_water,ons_open_data,daily,2016-06-08,54.6172,pct
stored_energy_ear,"Stored energy / EAR (national %)",energy_water,ons_open_data,daily,2016-06-09,54.5404,pct
stored_energy_ear,"Stored energy / EAR (national %)",energy_water,ons_open_data,daily,2016-06-10,54.5511,pct
stored_energy_ear,"Stored energy / EAR (national %)",energy_water,ons_open_data,daily,2016-06-11,54.5683,pct
stored_energy_ear,"Stored energy / EAR (national %)",energy_water,ons_open_data,daily,2016-06-12,54.6500,pct
stored_energy_ear,"Stored energy / EAR (national %)",energy_water,ons_open_data,daily,2016-06-13,54.5390,pct
stored_energy_ear,"Stored energy / EAR (national %)",energy_water,ons_open_data,daily,2016-06-14,54.4460,pct
stored_energy_ear,"Stored energy / EAR (national %)",energy_water,ons_open_data,daily,2016-06-15,54.3520,pct
stored_energy_ear,"Stored energy / EAR (national %)",energy_water,ons_open_data,daily,2016-06-16,54.2590,pct
stored_energy_ear,"Stored energy / EAR (national %)",energy_water,ons_open_data,daily,2016-06-17,54.1959,pct
stored_energy_ear,"Stored energy / EAR (national %)",energy_water,ons_open_data,daily,2016-06-18,54.1897,pct
stored_energy_ear,"Stored energy / EAR (national %)",energy_water,ons_open_data,daily,2016-06-19,54.2063,pct
stored_energy_ear,"Stored energy / EAR (national %)",energy_water,ons_open_data,daily,2016-06-20,54.1002,pct
stored_energy_ear,"Stored energy / EAR (national %)",energy_water,ons_open_data,daily,2016-06-21,54.0092,pct
stored_energy_ear,"Stored energy / EAR (national %)",energy_water,ons_open_data,daily,2016-06-22,53.9073,pct
stored_energy_ear,"Stored energy / EAR (national %)",energy_water,ons_open_data,daily,2016-06-23,53.8156,pct
stored_energy_ear,"Stored energy / EAR (national %)",energy_water,ons_open_data,daily,2016-06-24,53.7333,pct
stored_energy_ear,"Stored energy / EAR (national %)",energy_water,ons_open_data,daily,2016-06-25,53.7243,pct
stored_energy_ear,"Stored energy / EAR (national %)",energy_water,ons_open_data,daily,2016-06-26,53.7316,pct
stored_energy_ear,"Stored energy / EAR (national %)",energy_water,ons_open_data,daily,2016-06-27,53.6320,pct
stored_energy_ear,"Stored energy / EAR (national %)",energy_water,ons_open_data,daily,2016-06-28,53.5214,pct
stored_energy_ear,"Stored energy / EAR (national %)",energy_water,ons_open_data,daily,2016-06-29,53.4167,pct
stored_energy_ear,"Stored energy / EAR (national %)",energy_water,ons_open_data,daily,2016-06-30,53.2993,pct
stored_energy_ear,"Stored energy / EAR (national %)",energy_water,ons_open_data,daily,2016-07-01,53.1818,pct
stored_energy_ear,"Stored energy / EAR (national %)",energy_water,ons_open_data,daily,2016-07-02,53.1329,pct
stored_energy_ear,"Stored energy / EAR (national %)",energy_water,ons_open_data,daily,2016-07-03,53.1119,pct
stored_energy_ear,"Stored energy / EAR (national %)",energy_water,ons_open_data,daily,2016-07-04,52.9065,pct
stored_energy_ear,"Stored energy / EAR (national %)",energy_water,ons_open_data,daily,2016-07-05,52.7119,pct
stored_energy_ear,"Stored energy / EAR (national %)",energy_water,ons_open_data,daily,2016-07-06,52.5166,pct
stored_energy_ear,"Stored energy / EAR (national %)",energy_water,ons_open_data,daily,2016-07-07,52.3592,pct
stored_energy_ear,"Stored energy / EAR (national %)",energy_water,ons_open_data,daily,2016-07-08,52.1849,pct
stored_energy_ear,"Stored energy / EAR (national %)",energy_water,ons_open_data,daily,2016-07-09,52.0846,pct
stored_energy_ear,"Stored energy / EAR (national %)",energy_water,ons_open_data,daily,2016-07-10,52.0216,pct
stored_energy_ear,"Stored energy / EAR (national %)",energy_water,ons_open_data,daily,2016-07-11,51.7488,pct
stored_energy_ear,"Stored energy / EAR (national %)",energy_water,ons_open_data,daily,2016-07-12,51.5214,pct
stored_energy_ear,"Stored energy / EAR (national %)",energy_water,ons_open_data,daily,2016-07-13,51.2696,pct
stored_energy_ear,"Stored energy / EAR (national %)",energy_water,ons_open_data,daily,2016-07-14,51.2214,pct
stored_energy_ear,"Stored energy / EAR (national %)",energy_water,ons_open_data,daily,2016-07-15,51.2844,pct
stored_energy_ear,"Stored energy / EAR (national %)",energy_water,ons_open_data,daily,2016-07-16,51.3609,pct
stored_energy_ear,"Stored energy / EAR (national %)",energy_water,ons_open_data,daily,2016-07-17,51.4566,pct
stored_energy_ear,"Stored energy / EAR (national %)",energy_water,ons_open_data,daily,2016-07-18,51.3268,pct
stored_energy_ear,"Stored energy / EAR (national %)",energy_water,ons_open_data,daily,2016-07-19,51.1938,pct
stored_energy_ear,"Stored energy / EAR (national %)",energy_water,ons_open_data,daily,2016-07-20,51.0681,pct
stored_energy_ear,"Stored energy / EAR (national %)",energy_water,ons_open_data,daily,2016-07-21,50.8944,pct
stored_energy_ear,"Stored energy / EAR (national %)",energy_water,ons_open_data,daily,2016-07-22,50.6991,pct
stored_energy_ear,"Stored energy / EAR (national %)",energy_water,ons_open_data,daily,2016-07-23,50.5854,pct
stored_energy_ear,"Stored energy / EAR (national %)",energy_water,ons_open_data,daily,2016-07-24,50.5255,pct
stored_energy_ear,"Stored energy / EAR (national %)",energy_water,ons_open_data,daily,2016-07-25,50.3216,pct
stored_energy_ear,"Stored energy / EAR (national %)",energy_water,ons_open_data,daily,2016-07-26,50.1004,pct
stored_energy_ear,"Stored energy / EAR (national %)",energy_water,ons_open_data,daily,2016-07-27,49.8634,pct
stored_energy_ear,"Stored energy / EAR (national %)",energy_water,ons_open_data,daily,2016-07-28,49.6412,pct
stored_energy_ear,"Stored energy / EAR (national %)",energy_water,ons_open_data,daily,2016-07-29,49.4056,pct
stored_energy_ear,"Stored energy / EAR (national %)",energy_water,ons_open_data,daily,2016-07-30,49.2606,pct
stored_energy_ear,"Stored energy / EAR (national %)",energy_water,ons_open_data,daily,2016-07-31,49.1645,pct
stored_energy_ear,"Stored energy / EAR (national %)",energy_water,ons_open_data,daily,2016-08-01,48.9254,pct
stored_energy_ear,"Stored energy / EAR (national %)",energy_water,ons_open_data,daily,2016-08-02,48.6729,pct
stored_energy_ear,"Stored energy / EAR (national %)",energy_water,ons_open_data,daily,2016-08-03,48.4211,pct
stored_energy_ear,"Stored energy / EAR (national %)",energy_water,ons_open_data,daily,2016-08-04,48.1965,pct
stored_energy_ear,"Stored energy / EAR (national %)",energy_water,ons_open_data,daily,2016-08-05,47.9588,pct
stored_energy_ear,"Stored energy / EAR (national %)",energy_water,ons_open_data,daily,2016-08-06,47.7993,pct
stored_energy_ear,"Stored energy / EAR (national %)",energy_water,ons_open_data,daily,2016-08-07,47.6911,pct
stored_energy_ear,"Stored energy / EAR (national %)",energy_water,ons_open_data,daily,2016-08-08,47.4142,pct
stored_energy_ear,"Stored energy / EAR (national %)",energy_water,ons_open_data,daily,2016-08-09,47.1734,pct
stored_energy_ear,"Stored energy / EAR (national %)",energy_water,ons_open_data,daily,2016-08-10,46.9136,pct
stored_energy_ear,"Stored energy / EAR (national %)",energy_water,ons_open_data,daily,2016-08-11,46.6759,pct
stored_energy_ear,"Stored energy / EAR (national %)",energy_water,ons_open_data,daily,2016-08-12,46.4686,pct
stored_energy_ear,"Stored energy / EAR (national %)",energy_water,ons_open_data,daily,2016-08-13,46.3136,pct
stored_energy_ear,"Stored energy / EAR (national %)",energy_water,ons_open_data,daily,2016-08-14,46.1916,pct
stored_energy_ear,"Stored energy / EAR (national %)",energy_water,ons_open_data,daily,2016-08-15,45.8716,pct
stored_energy_ear,"Stored energy / EAR (national %)",energy_water,ons_open_data,daily,2016-08-16,45.5898,pct
stored_energy_ear,"Stored energy / EAR (national %)",energy_water,ons_open_data,daily,2016-08-17,45.3356,pct
stored_energy_ear,"Stored energy / EAR (national %)",energy_water,ons_open_data,daily,2016-08-18,45.1099,pct
stored_energy_ear,"Stored energy / EAR (national %)",energy_water,ons_open_data,daily,2016-08-19,44.9219,pct
stored_energy_ear,"Stored energy / EAR (national %)",energy_water,ons_open_data,daily,2016-08-20,45.0042,pct
stored_energy_ear,"Stored energy / EAR (national %)",energy_water,ons_open_data,daily,2016-08-21,45.2057,pct
stored_energy_ear,"Stored energy / EAR (national %)",energy_water,ons_open_data,daily,2016-08-22,45.2243,pct
stored_energy_ear,"Stored energy / EAR (national %)",energy_water,ons_open_data,daily,2016-08-23,45.2105,pct
stored_energy_ear,"Stored energy / EAR (national %)",energy_water,ons_open_data,daily,2016-08-24,45.1575,pct
stored_energy_ear,"Stored energy / EAR (national %)",energy_water,ons_open_data,daily,2016-08-25,45.0559,pct
stored_energy_ear,"Stored energy / EAR (national %)",energy_water,ons_open_data,daily,2016-08-26,44.9370,pct
stored_energy_ear,"Stored energy / EAR (national %)",energy_water,ons_open_data,daily,2016-08-27,44.8960,pct
stored_energy_ear,"Stored energy / EAR (national %)",energy_water,ons_open_data,daily,2016-08-28,44.8812,pct
stored_energy_ear,"Stored energy / EAR (national %)",energy_water,ons_open_data,daily,2016-08-29,44.6511,pct
stored_energy_ear,"Stored energy / EAR (national %)",energy_water,ons_open_data,daily,2016-08-30,44.4410,pct
stored_energy_ear,"Stored energy / EAR (national %)",energy_water,ons_open_data,daily,2016-08-31,44.2429,pct
stored_energy_ear,"Stored energy / EAR (national %)",energy_water,ons_open_data,daily,2016-09-01,44.0775,pct
stored_energy_ear,"Stored energy / EAR (national %)",energy_water,ons_open_data,daily,2016-09-02,43.9160,pct
stored_energy_ear,"Stored energy / EAR (national %)",energy_water,ons_open_data,daily,2016-09-03,43.8619,pct
stored_energy_ear,"Stored energy / EAR (national %)",energy_water,ons_open_data,daily,2016-09-04,43.8602,pct
stored_energy_ear,"Stored energy / EAR (national %)",energy_water,ons_open_data,daily,2016-09-05,43.7320,pct
stored_energy_ear,"Stored energy / EAR (national %)",energy_water,ons_open_data,daily,2016-09-06,43.6369,pct
stored_energy_ear,"Stored energy / EAR (national %)",energy_water,ons_open_data,daily,2016-09-07,43.5267,pct
stored_energy_ear,"Stored energy / EAR (national %)",energy_water,ons_open_data,daily,2016-09-08,43.4251,pct
stored_energy_ear,"Stored energy / EAR (national %)",energy_water,ons_open_data,daily,2016-09-09,43.3135,pct
stored_energy_ear,"Stored energy / EAR (national %)",energy_water,ons_open_data,daily,2016-09-10,43.2367,pct
stored_energy_ear,"Stored energy / EAR (national %)",energy_water,ons_open_data,daily,2016-09-11,43.1571,pct
stored_energy_ear,"Stored energy / EAR (national %)",energy_water,ons_open_data,daily,2016-09-12,42.8956,pct
stored_energy_ear,"Stored energy / EAR (national %)",energy_water,ons_open_data,daily,2016-09-13,42.6624,pct
stored_energy_ear,"Stored energy / EAR (national %)",energy_water,ons_open_data,daily,2016-09-14,42.4282,pct
stored_energy_ear,"Stored energy / EAR (national %)",energy_water,ons_open_data,daily,2016-09-15,42.1643,pct
stored_energy_ear,"Stored energy / EAR (national %)",energy_water,ons_open_data,daily,2016-09-16,41.9052,pct
stored_energy_ear,"Stored energy / EAR (national %)",energy_water,ons_open_data,daily,2016-09-17,41.7323,pct
stored_energy_ear,"Stored energy / EAR (national %)",energy_water,ons_open_data,daily,2016-09-18,41.5869,pct
stored_energy_ear,"Stored energy / EAR (national %)",energy_water,ons_open_data,daily,2016-09-19,41.3100,pct
stored_energy_ear,"Stored energy / EAR (national %)",energy_water,ons_open_data,daily,2016-09-20,41.0489,pct
stored_energy_ear,"Stored energy / EAR (national %)",energy_water,ons_open_data,daily,2016-09-21,40.7946,pct
stored_energy_ear,"Stored energy / EAR (national %)",energy_water,ons_open_data,daily,2016-09-22,40.5359,pct
stored_energy_ear,"Stored energy / EAR (national %)",energy_water,ons_open_data,daily,2016-09-23,40.2266,pct
stored_energy_ear,"Stored energy / EAR (national %)",energy_water,ons_open_data,daily,2016-09-24,39.9948,pct
stored_energy_ear,"Stored energy / EAR (national %)",energy_water,ons_open_data,daily,2016-09-25,39.8804,pct
stored_energy_ear,"Stored energy / EAR (national %)",energy_water,ons_open_data,daily,2016-09-26,39.5762,pct
stored_energy_ear,"Stored energy / EAR (national %)",energy_water,ons_open_data,daily,2016-09-27,39.2590,pct
stored_energy_ear,"Stored energy / EAR (national %)",energy_water,ons_open_data,daily,2016-09-28,38.9500,pct
stored_energy_ear,"Stored energy / EAR (national %)",energy_water,ons_open_data,daily,2016-09-29,38.6434,pct
stored_energy_ear,"Stored energy / EAR (national %)",energy_water,ons_open_data,daily,2016-09-30,38.3168,pct
stored_energy_ear,"Stored energy / EAR (national %)",energy_water,ons_open_data,daily,2016-10-01,38.0953,pct
stored_energy_ear,"Stored energy / EAR (national %)",energy_water,ons_open_data,daily,2016-10-02,37.9809,pct
stored_energy_ear,"Stored energy / EAR (national %)",energy_water,ons_open_data,daily,2016-10-03,37.6806,pct
stored_energy_ear,"Stored energy / EAR (national %)",energy_water,ons_open_data,daily,2016-10-04,37.3719,pct
stored_energy_ear,"Stored energy / EAR (national %)",energy_water,ons_open_data,daily,2016-10-05,37.1177,pct
stored_energy_ear,"Stored energy / EAR (national %)",energy_water,ons_open_data,daily,2016-10-06,36.9217,pct
stored_energy_ear,"Stored energy / EAR (national %)",energy_water,ons_open_data,daily,2016-10-07,36.6874,pct
stored_energy_ear,"Stored energy / EAR (national %)",energy_water,ons_open_data,daily,2016-10-08,36.5317,pct
stored_energy_ear,"Stored energy / EAR (national %)",energy_water,ons_open_data,daily,2016-10-09,36.4025,pct
stored_energy_ear,"Stored energy / EAR (national %)",energy_water,ons_open_data,daily,2016-10-10,36.1362,pct
stored_energy_ear,"Stored energy / EAR (national %)",energy_water,ons_open_data,daily,2016-10-11,35.8317,pct
stored_energy_ear,"Stored energy / EAR (national %)",energy_water,ons_open_data,daily,2016-10-12,35.6709,pct
stored_energy_ear,"Stored energy / EAR (national %)",energy_water,ons_open_data,daily,2016-10-13,35.3929,pct
stored_energy_ear,"Stored energy / EAR (national %)",energy_water,ons_open_data,daily,2016-10-14,35.1569,pct
stored_energy_ear,"Stored energy / EAR (national %)",energy_water,ons_open_data,daily,2016-10-15,35.0339,pct
stored_energy_ear,"Stored energy / EAR (national %)",energy_water,ons_open_data,daily,2016-10-16,34.9461,pct
stored_energy_ear,"Stored energy / EAR (national %)",energy_water,ons_open_data,daily,2016-10-17,34.6998,pct
stored_energy_ear,"Stored energy / EAR (national %)",energy_water,ons_open_data,daily,2016-10-18,34.5430,pct
stored_energy_ear,"Stored energy / EAR (national %)",energy_water,ons_open_data,daily,2016-10-19,34.4714,pct
stored_energy_ear,"Stored energy / EAR (national %)",energy_water,ons_open_data,daily,2016-10-20,34.4273,pct
stored_energy_ear,"Stored energy / EAR (national %)",energy_water,ons_open_data,daily,2016-10-21,34.3704,pct
stored_energy_ear,"Stored energy / EAR (national %)",energy_water,ons_open_data,daily,2016-10-22,34.3994,pct
stored_energy_ear,"Stored energy / EAR (national %)",energy_water,ons_open_data,daily,2016-10-23,34.4256,pct
stored_energy_ear,"Stored energy / EAR (national %)",energy_water,ons_open_data,daily,2016-10-24,34.2213,pct
stored_energy_ear,"Stored energy / EAR (national %)",energy_water,ons_open_data,daily,2016-10-25,34.0949,pct
stored_energy_ear,"Stored energy / EAR (national %)",energy_water,ons_open_data,daily,2016-10-26,33.9860,pct
stored_energy_ear,"Stored energy / EAR (national %)",energy_water,ons_open_data,daily,2016-10-27,33.8923,pct
stored_energy_ear,"Stored energy / EAR (national %)",energy_water,ons_open_data,daily,2016-10-28,33.8310,pct
stored_energy_ear,"Stored energy / EAR (national %)",energy_water,ons_open_data,daily,2016-10-29,33.8796,pct
stored_energy_ear,"Stored energy / EAR (national %)",energy_water,ons_open_data,daily,2016-10-30,33.9392,pct
stored_energy_ear,"Stored energy / EAR (national %)",energy_water,ons_open_data,daily,2016-10-31,33.7976,pct
stored_energy_ear,"Stored energy / EAR (national %)",energy_water,ons_open_data,daily,2016-11-01,33.6308,pct
stored_energy_ear,"Stored energy / EAR (national %)",energy_water,ons_open_data,daily,2016-11-02,33.5692,pct
stored_energy_ear,"Stored energy / EAR (national %)",energy_water,ons_open_data,daily,2016-11-03,33.3921,pct
stored_energy_ear,"Stored energy / EAR (national %)",energy_water,ons_open_data,daily,2016-11-04,33.2664,pct
stored_energy_ear,"Stored energy / EAR (national %)",energy_water,ons_open_data,daily,2016-11-05,33.2161,pct
stored_energy_ear,"Stored energy / EAR (national %)",energy_water,ons_open_data,daily,2016-11-06,33.1562,pct
stored_energy_ear,"Stored energy / EAR (national %)",energy_water,ons_open_data,daily,2016-11-07,32.8892,pct
stored_energy_ear,"Stored energy / EAR (national %)",energy_water,ons_open_data,daily,2016-11-08,32.6911,pct
stored_energy_ear,"Stored energy / EAR (national %)",energy_water,ons_open_data,daily,2016-11-09,32.5247,pct
stored_energy_ear,"Stored energy / EAR (national %)",energy_water,ons_open_data,daily,2016-11-10,32.3163,pct
stored_energy_ear,"Stored energy / EAR (national %)",energy_water,ons_open_data,daily,2016-11-11,32.1200,pct
stored_energy_ear,"Stored energy / EAR (national %)",energy_water,ons_open_data,daily,2016-11-12,32.0369,pct
stored_energy_ear,"Stored energy / EAR (national %)",energy_water,ons_open_data,daily,2016-11-13,32.1141,pct
stored_energy_ear,"Stored energy / EAR (national %)",energy_water,ons_open_data,daily,2016-11-14,32.1010,pct
stored_energy_ear,"Stored energy / EAR (national %)",energy_water,ons_open_data,daily,2016-11-15,32.1968,pct
stored_energy_ear,"Stored energy / EAR (national %)",energy_water,ons_open_data,daily,2016-11-16,32.2188,pct
stored_energy_ear,"Stored energy / EAR (national %)",energy_water,ons_open_data,daily,2016-11-17,32.2350,pct
stored_energy_ear,"Stored energy / EAR (national %)",energy_water,ons_open_data,daily,2016-11-18,32.2212,pct
stored_energy_ear,"Stored energy / EAR (national %)",energy_water,ons_open_data,daily,2016-11-19,32.2922,pct
stored_energy_ear,"Stored energy / EAR (national %)",energy_water,ons_open_data,daily,2016-11-20,32.3980,pct
stored_energy_ear,"Stored energy / EAR (national %)",energy_water,ons_open_data,daily,2016-11-21,32.2819,pct
stored_energy_ear,"Stored energy / EAR (national %)",energy_water,ons_open_data,daily,2016-11-22,32.1310,pct
stored_energy_ear,"Stored energy / EAR (national %)",energy_water,ons_open_data,daily,2016-11-23,31.9512,pct
stored_energy_ear,"Stored energy / EAR (national %)",energy_water,ons_open_data,daily,2016-11-24,31.8013,pct
stored_energy_ear,"Stored energy / EAR (national %)",energy_water,ons_open_data,daily,2016-11-25,31.6911,pct
stored_energy_ear,"Stored energy / EAR (national %)",energy_water,ons_open_data,daily,2016-11-26,31.6446,pct
stored_energy_ear,"Stored energy / EAR (national %)",energy_water,ons_open_data,daily,2016-11-27,31.5922,pct
stored_energy_ear,"Stored energy / EAR (national %)",energy_water,ons_open_data,daily,2016-11-28,31.3983,pct
stored_energy_ear,"Stored energy / EAR (national %)",energy_water,ons_open_data,daily,2016-11-29,31.2260,pct
stored_energy_ear,"Stored energy / EAR (national %)",energy_water,ons_open_data,daily,2016-11-30,31.1861,pct
stored_energy_ear,"Stored energy / EAR (national %)",energy_water,ons_open_data,daily,2016-12-01,31.1423,pct
stored_energy_ear,"Stored energy / EAR (national %)",energy_water,ons_open_data,daily,2016-12-02,31.0421,pct
stored_energy_ear,"Stored energy / EAR (national %)",energy_water,ons_open_data,daily,2016-12-03,30.9598,pct
stored_energy_ear,"Stored energy / EAR (national %)",energy_water,ons_open_data,daily,2016-12-04,30.9635,pct
stored_energy_ear,"Stored energy / EAR (national %)",energy_water,ons_open_data,daily,2016-12-05,30.8609,pct
stored_energy_ear,"Stored energy / EAR (national %)",energy_water,ons_open_data,daily,2016-12-06,30.7765,pct
stored_energy_ear,"Stored energy / EAR (national %)",energy_water,ons_open_data,daily,2016-12-07,30.6821,pct
stored_energy_ear,"Stored energy / EAR (national %)",energy_water,ons_open_data,daily,2016-12-08,30.5843,pct
stored_energy_ear,"Stored energy / EAR (national %)",energy_water,ons_open_data,daily,2016-12-09,30.5006,pct
stored_energy_ear,"Stored energy / EAR (national %)",energy_water,ons_open_data,daily,2016-12-10,30.5130,pct
stored_energy_ear,"Stored energy / EAR (national %)",energy_water,ons_open_data,daily,2016-12-11,30.6036,pct
stored_energy_ear,"Stored energy / EAR (national %)",energy_water,ons_open_data,daily,2016-12-12,30.5901,pct
stored_energy_ear,"Stored energy / EAR (national %)",energy_water,ons_open_data,daily,2016-12-13,30.5987,pct
stored_energy_ear,"Stored energy / EAR (national %)",energy_water,ons_open_data,daily,2016-12-14,30.6883,pct
stored_energy_ear,"Stored energy / EAR (national %)",energy_water,ons_open_data,daily,2016-12-15,30.8592,pct
stored_energy_ear,"Stored energy / EAR (national %)",energy_water,ons_open_data,daily,2016-12-16,31.0311,pct
stored_energy_ear,"Stored energy / EAR (national %)",energy_water,ons_open_data,daily,2016-12-17,31.2085,pct
stored_energy_ear,"Stored energy / EAR (national %)",energy_water,ons_open_data,daily,2016-12-18,31.4451,pct
stored_energy_ear,"Stored energy / EAR (national %)",energy_water,ons_open_data,daily,2016-12-19,31.5340,pct
stored_energy_ear,"Stored energy / EAR (national %)",energy_water,ons_open_data,daily,2016-12-20,31.5778,pct
stored_energy_ear,"Stored energy / EAR (national %)",energy_water,ons_open_data,daily,2016-12-21,31.5953,pct
stored_energy_ear,"Stored energy / EAR (national %)",energy_water,ons_open_data,daily,2016-12-22,31.5981,pct
stored_energy_ear,"Stored energy / EAR (national %)",energy_water,ons_open_data,daily,2016-12-23,31.6022,pct
stored_energy_ear,"Stored energy / EAR (national %)",energy_water,ons_open_data,daily,2016-12-24,31.6690,pct
stored_energy_ear,"Stored energy / EAR (national %)",energy_water,ons_open_data,daily,2016-12-25,31.7727,pct
stored_energy_ear,"Stored energy / EAR (national %)",energy_water,ons_open_data,daily,2016-12-26,31.7235,pct
stored_energy_ear,"Stored energy / EAR (national %)",energy_water,ons_open_data,daily,2016-12-27,31.6580,pct
stored_energy_ear,"Stored energy / EAR (national %)",energy_water,ons_open_data,daily,2016-12-28,31.5261,pct
stored_energy_ear,"Stored energy / EAR (national %)",energy_water,ons_open_data,daily,2016-12-29,31.5154,pct
stored_energy_ear,"Stored energy / EAR (national %)",energy_water,ons_open_data,daily,2016-12-30,31.5612,pct
stored_energy_ear,"Stored energy / EAR (national %)",energy_water,ons_open_data,daily,2016-12-31,31.6697,pct
stored_energy_ear,"Stored energy / EAR (national %)",energy_water,ons_open_data,daily,2017-01-01,31.7965,pct
stored_energy_ear,"Stored energy / EAR (national %)",energy_water,ons_open_data,daily,2017-01-02,31.7741,pct
stored_energy_ear,"Stored energy / EAR (national %)",energy_water,ons_open_data,daily,2017-01-03,31.6456,pct
stored_energy_ear,"Stored energy / EAR (national %)",energy_water,ons_open_data,daily,2017-01-04,31.6205,pct
stored_energy_ear,"Stored energy / EAR (national %)",energy_water,ons_open_data,daily,2017-01-05,31.5409,pct
stored_energy_ear,"Stored energy / EAR (national %)",energy_water,ons_open_data,daily,2017-01-06,31.5933,pct
stored_energy_ear,"Stored energy / EAR (national %)",energy_water,ons_open_data,daily,2017-01-07,31.7345,pct
stored_energy_ear,"Stored energy / EAR (national %)",energy_water,ons_open_data,daily,2017-01-08,31.8916,pct
stored_energy_ear,"Stored energy / EAR (national %)",energy_water,ons_open_data,daily,2017-01-09,31.8189,pct
stored_energy_ear,"Stored energy / EAR (national %)",energy_water,ons_open_data,daily,2017-01-10,31.8206,pct
stored_energy_ear,"Stored energy / EAR (national %)",energy_water,ons_open_data,daily,2017-01-11,31.8072,pct
stored_energy_ear,"Stored energy / EAR (national %)",energy_water,ons_open_data,daily,2017-01-12,31.8351,pct
stored_energy_ear,"Stored energy / EAR (national %)",energy_water,ons_open_data,daily,2017-01-13,31.9050,pct
stored_energy_ear,"Stored energy / EAR (national %)",energy_water,ons_open_data,daily,2017-01-14,32.0562,pct
stored_energy_ear,"Stored energy / EAR (national %)",energy_water,ons_open_data,daily,2017-01-15,32.2967,pct
stored_energy_ear,"Stored energy / EAR (national %)",energy_water,ons_open_data,daily,2017-01-16,32.3856,pct
stored_energy_ear,"Stored energy / EAR (national %)",energy_water,ons_open_data,daily,2017-01-17,32.4448,pct
stored_energy_ear,"Stored energy / EAR (national %)",energy_water,ons_open_data,daily,2017-01-18,32.5375,pct
stored_energy_ear,"Stored energy / EAR (national %)",energy_water,ons_open_data,daily,2017-01-19,32.7107,pct
stored_energy_ear,"Stored energy / EAR (national %)",energy_water,ons_open_data,daily,2017-01-20,32.9126,pct
stored_energy_ear,"Stored energy / EAR (national %)",energy_water,ons_open_data,daily,2017-01-21,33.1865,pct
stored_energy_ear,"Stored energy / EAR (national %)",energy_water,ons_open_data,daily,2017-01-22,33.5003,pct
stored_energy_ear,"Stored energy / EAR (national %)",energy_water,ons_open_data,daily,2017-01-23,33.6271,pct
stored_energy_ear,"Stored energy / EAR (national %)",energy_water,ons_open_data,daily,2017-01-24,33.6563,pct
stored_energy_ear,"Stored energy / EAR (national %)",energy_water,ons_open_data,daily,2017-01-25,33.7748,pct
stored_energy_ear,"Stored energy / EAR (national %)",energy_water,ons_open_data,daily,2017-01-26,33.9037,pct
stored_energy_ear,"Stored energy / EAR (national %)",energy_water,ons_open_data,daily,2017-01-27,34.0294,pct
stored_energy_ear,"Stored energy / EAR (national %)",energy_water,ons_open_data,daily,2017-01-28,34.2767,pct
stored_energy_ear,"Stored energy / EAR (national %)",energy_water,ons_open_data,daily,2017-01-29,34.5234,pct
stored_energy_ear,"Stored energy / EAR (national %)",energy_water,ons_open_data,daily,2017-01-30,34.6229,pct
stored_energy_ear,"Stored energy / EAR (national %)",energy_water,ons_open_data,daily,2017-01-31,34.6591,pct
stored_energy_ear,"Stored energy / EAR (national %)",energy_water,ons_open_data,daily,2017-02-01,34.7694,pct
stored_energy_ear,"Stored energy / EAR (national %)",energy_water,ons_open_data,daily,2017-02-02,34.8613,pct
stored_energy_ear,"Stored energy / EAR (national %)",energy_water,ons_open_data,daily,2017-02-03,34.8868,pct
stored_energy_ear,"Stored energy / EAR (national %)",energy_water,ons_open_data,daily,2017-02-04,35.1007,pct
stored_energy_ear,"Stored energy / EAR (national %)",energy_water,ons_open_data,daily,2017-02-05,35.3956,pct
stored_energy_ear,"Stored energy / EAR (national %)",energy_water,ons_open_data,daily,2017-02-06,35.4903,pct
stored_energy_ear,"Stored energy / EAR (national %)",energy_water,ons_open_data,daily,2017-02-07,35.6151,pct
stored_energy_ear,"Stored energy / EAR (national %)",energy_water,ons_open_data,daily,2017-02-08,35.7656,pct
stored_energy_ear,"Stored energy / EAR (national %)",energy_water,ons_open_data,daily,2017-02-09,35.9340,pct
stored_energy_ear,"Stored energy / EAR (national %)",energy_water,ons_open_data,daily,2017-02-10,36.0873,pct
stored_energy_ear,"Stored energy / EAR (national %)",energy_water,ons_open_data,daily,2017-02-11,36.2727,pct
stored_energy_ear,"Stored energy / EAR (national %)",energy_water,ons_open_data,daily,2017-02-12,36.5138,pct
stored_energy_ear,"Stored energy / EAR (national %)",energy_water,ons_open_data,daily,2017-02-13,36.7122,pct
stored_energy_ear,"Stored energy / EAR (national %)",energy_water,ons_open_data,daily,2017-02-14,36.9217,pct
stored_energy_ear,"Stored energy / EAR (national %)",energy_water,ons_open_data,daily,2017-02-15,37.1066,pct
stored_energy_ear,"Stored energy / EAR (national %)",energy_water,ons_open_data,daily,2017-02-16,37.2083,pct
stored_energy_ear,"Stored energy / EAR (national %)",energy_water,ons_open_data,daily,2017-02-17,37.2475,pct
stored_energy_ear,"Stored energy / EAR (national %)",energy_water,ons_open_data,daily,2017-02-18,37.3864,pct
stored_energy_ear,"Stored energy / EAR (national %)",energy_water,ons_open_data,daily,2017-02-19,37.5293,pct
stored_energy_ear,"Stored energy / EAR (national %)",energy_water,ons_open_data,daily,2017-02-20,37.4749,pct
stored_energy_ear,"Stored energy / EAR (national %)",energy_water,ons_open_data,daily,2017-02-21,37.4418,pct
stored_energy_ear,"Stored energy / EAR (national %)",energy_water,ons_open_data,daily,2017-02-22,37.3953,pct
stored_energy_ear,"Stored energy / EAR (national %)",energy_water,ons_open_data,daily,2017-02-23,37.3412,pct
stored_energy_ear,"Stored energy / EAR (national %)",energy_water,ons_open_data,daily,2017-02-24,37.3464,pct
stored_energy_ear,"Stored energy / EAR (national %)",energy_water,ons_open_data,daily,2017-02-25,37.4783,pct
stored_energy_ear,"Stored energy / EAR (national %)",energy_water,ons_open_data,daily,2017-02-26,37.6888,pct
stored_energy_ear,"Stored energy / EAR (national %)",energy_water,ons_open_data,daily,2017-02-27,37.8132,pct
stored_energy_ear,"Stored energy / EAR (national %)",energy_water,ons_open_data,daily,2017-02-28,37.9882,pct
stored_energy_ear,"Stored energy / EAR (national %)",energy_water,ons_open_data,daily,2017-03-01,38.0798,pct
stored_energy_ear,"Stored energy / EAR (national %)",energy_water,ons_open_data,daily,2017-03-02,38.1246,pct
stored_energy_ear,"Stored energy / EAR (national %)",energy_water,ons_open_data,daily,2017-03-03,38.1962,pct
stored_energy_ear,"Stored energy / EAR (national %)",energy_water,ons_open_data,daily,2017-03-04,38.4260,pct
stored_energy_ear,"Stored energy / EAR (national %)",energy_water,ons_open_data,daily,2017-03-05,38.7064,pct
stored_energy_ear,"Stored energy / EAR (national %)",energy_water,ons_open_data,daily,2017-03-06,38.8201,pct
stored_energy_ear,"Stored energy / EAR (national %)",energy_water,ons_open_data,daily,2017-03-07,38.9362,pct
stored_energy_ear,"Stored energy / EAR (national %)",energy_water,ons_open_data,daily,2017-03-08,39.0750,pct
stored_energy_ear,"Stored energy / EAR (national %)",energy_water,ons_open_data,daily,2017-03-09,39.1563,pct
stored_energy_ear,"Stored energy / EAR (national %)",energy_water,ons_open_data,daily,2017-03-10,39.2162,pct
stored_energy_ear,"Stored energy / EAR (national %)",energy_water,ons_open_data,daily,2017-03-11,39.3055,pct
stored_energy_ear,"Stored energy / EAR (national %)",energy_water,ons_open_data,daily,2017-03-12,39.4915,pct
stored_energy_ear,"Stored energy / EAR (national %)",energy_water,ons_open_data,daily,2017-03-13,39.4388,pct
stored_energy_ear,"Stored energy / EAR (national %)",energy_water,ons_open_data,daily,2017-03-14,39.4047,pct
stored_energy_ear,"Stored energy / EAR (national %)",energy_water,ons_open_data,daily,2017-03-15,39.3506,pct
stored_energy_ear,"Stored energy / EAR (national %)",energy_water,ons_open_data,daily,2017-03-16,39.2672,pct
stored_energy_ear,"Stored energy / EAR (national %)",energy_water,ons_open_data,daily,2017-03-17,39.1814,pct
stored_energy_ear,"Stored energy / EAR (national %)",energy_water,ons_open_data,daily,2017-03-18,39.1725,pct
stored_energy_ear,"Stored energy / EAR (national %)",energy_water,ons_open_data,daily,2017-03-19,39.3533,pct
stored_energy_ear,"Stored energy / EAR (national %)",energy_water,ons_open_data,daily,2017-03-20,39.3706,pct
stored_energy_ear,"Stored energy / EAR (national %)",energy_water,ons_open_data,daily,2017-03-21,39.4098,pct
stored_energy_ear,"Stored energy / EAR (national %)",energy_water,ons_open_data,daily,2017-03-22,39.4174,pct
stored_energy_ear,"Stored energy / EAR (national %)",energy_water,ons_open_data,daily,2017-03-23,39.3895,pct
stored_energy_ear,"Stored energy / EAR (national %)",energy_water,ons_open_data,daily,2017-03-24,39.3564,pct
stored_energy_ear,"Stored energy / EAR (national %)",energy_water,ons_open_data,daily,2017-03-25,39.3671,pct
stored_energy_ear,"Stored energy / EAR (national %)",energy_water,ons_open_data,daily,2017-03-26,39.4457,pct
stored_energy_ear,"Stored energy / EAR (national %)",energy_water,ons_open_data,daily,2017-03-27,39.3750,pct
stored_energy_ear,"Stored energy / EAR (national %)",energy_water,ons_open_data,daily,2017-03-28,39.3292,pct
stored_energy_ear,"Stored energy / EAR (national %)",energy_water,ons_open_data,daily,2017-03-29,39.2913,pct
stored_energy_ear,"Stored energy / EAR (national %)",energy_water,ons_open_data,daily,2017-03-30,39.2355,pct
stored_energy_ear,"Stored energy / EAR (national %)",energy_water,ons_open_data,daily,2017-03-31,39.1818,pct
stored_energy_ear,"Stored energy / EAR (national %)",energy_water,ons_open_data,daily,2017-04-01,39.2807,pct
stored_energy_ear,"Stored energy / EAR (national %)",energy_water,ons_open_data,daily,2017-04-02,39.3754,pct
stored_energy_ear,"Stored energy / EAR (national %)",energy_water,ons_open_data,daily,2017-04-03,39.2693,pct
stored_energy_ear,"Stored energy / EAR (national %)",energy_water,ons_open_data,daily,2017-04-04,39.2011,pct
stored_energy_ear,"Stored energy / EAR (national %)",energy_water,ons_open_data,daily,2017-04-05,39.1532,pct
stored_energy_ear,"Stored energy / EAR (national %)",energy_water,ons_open_data,daily,2017-04-06,39.1053,pct
stored_energy_ear,"Stored energy / EAR (national %)",energy_water,ons_open_data,daily,2017-04-07,39.1002,pct
stored_energy_ear,"Stored energy / EAR (national %)",energy_water,ons_open_data,daily,2017-04-08,39.1394,pct
stored_energy_ear,"Stored energy / EAR (national %)",energy_water,ons_open_data,daily,2017-04-09,39.2858,pct
stored_energy_ear,"Stored energy / EAR (national %)",energy_water,ons_open_data,daily,2017-04-10,39.2404,pct
stored_energy_ear,"Stored energy / EAR (national %)",energy_water,ons_open_data,daily,2017-04-11,39.2018,pct
stored_energy_ear,"Stored energy / EAR (national %)",energy_water,ons_open_data,daily,2017-04-12,39.1790,pct
stored_energy_ear,"Stored energy / EAR (national %)",energy_water,ons_open_data,daily,2017-04-13,39.1756,pct
stored_energy_ear,"Stored energy / EAR (national %)",energy_water,ons_open_data,daily,2017-04-14,39.2655,pct
stored_energy_ear,"Stored energy / EAR (national %)",energy_water,ons_open_data,daily,2017-04-15,39.2545,pct
stored_energy_ear,"Stored energy / EAR (national %)",energy_water,ons_open_data,daily,2017-04-16,39.2862,pct
stored_energy_ear,"Stored energy / EAR (national %)",energy_water,ons_open_data,daily,2017-04-17,39.1728,pct
stored_energy_ear,"Stored energy / EAR (national %)",energy_water,ons_open_data,daily,2017-04-18,39.1291,pct
stored_energy_ear,"Stored energy / EAR (national %)",energy_water,ons_open_data,daily,2017-04-19,39.0753,pct
stored_energy_ear,"Stored energy / EAR (national %)",energy_water,ons_open_data,daily,2017-04-20,38.9841,pct
stored_energy_ear,"Stored energy / EAR (national %)",energy_water,ons_open_data,daily,2017-04-21,38.9844,pct
stored_energy_ear,"Stored energy / EAR (national %)",energy_water,ons_open_data,daily,2017-04-22,38.9930,pct
stored_energy_ear,"Stored energy / EAR (national %)",energy_water,ons_open_data,daily,2017-04-23,39.0836,pct
stored_energy_ear,"Stored energy / EAR (national %)",energy_water,ons_open_data,daily,2017-04-24,39.0598,pct
stored_energy_ear,"Stored energy / EAR (national %)",energy_water,ons_open_data,daily,2017-04-25,39.0306,pct
stored_energy_ear,"Stored energy / EAR (national %)",energy_water,ons_open_data,daily,2017-04-26,39.0705,pct
stored_energy_ear,"Stored energy / EAR (national %)",energy_water,ons_open_data,daily,2017-04-27,39.1498,pct
stored_energy_ear,"Stored energy / EAR (national %)",energy_water,ons_open_data,daily,2017-04-28,39.2810,pct
stored_energy_ear,"Stored energy / EAR (national %)",energy_water,ons_open_data,daily,2017-04-29,39.4078,pct
stored_energy_ear,"Stored energy / EAR (national %)",energy_water,ons_open_data,daily,2017-04-30,39.5132,pct
stored_energy_ear,"Stored energy / EAR (national %)",energy_water,ons_open_data,daily,2017-05-01,39.5593,pct
stored_energy_ear,"Stored energy / EAR (national %)",energy_water,ons_open_data,daily,2017-05-02,39.5487,pct
stored_energy_ear,"Stored energy / EAR (national %)",energy_water,ons_open_data,daily,2017-05-03,39.5111,pct
stored_energy_ear,"Stored energy / EAR (national %)",energy_water,ons_open_data,daily,2017-05-04,39.4677,pct
stored_energy_ear,"Stored energy / EAR (national %)",energy_water,ons_open_data,daily,2017-05-05,39.4326,pct
stored_energy_ear,"Stored energy / EAR (national %)",energy_water,ons_open_data,daily,2017-05-06,39.4767,pct
stored_energy_ear,"Stored energy / EAR (national %)",energy_water,ons_open_data,daily,2017-05-07,39.5590,pct
stored_energy_ear,"Stored energy / EAR (national %)",energy_water,ons_open_data,daily,2017-05-08,39.5094,pct
stored_energy_ear,"Stored energy / EAR (national %)",energy_water,ons_open_data,daily,2017-05-09,39.4701,pct
stored_energy_ear,"Stored energy / EAR (national %)",energy_water,ons_open_data,daily,2017-05-10,39.4391,pct
stored_energy_ear,"Stored energy / EAR (national %)",energy_water,ons_open_data,daily,2017-05-11,39.4009,pct
stored_energy_ear,"Stored energy / EAR (national %)",energy_water,ons_open_data,daily,2017-05-12,39.3668,pct
stored_energy_ear,"Stored energy / EAR (national %)",energy_water,ons_open_data,daily,2017-05-13,39.3516,pct
stored_energy_ear,"Stored energy / EAR (national %)",energy_water,ons_open_data,daily,2017-05-14,39.3726,pct
stored_energy_ear,"Stored energy / EAR (national %)",energy_water,ons_open_data,daily,2017-05-15,39.2569,pct
stored_energy_ear,"Stored energy / EAR (national %)",energy_water,ons_open_data,daily,2017-05-16,39.1518,pct
stored_energy_ear,"Stored energy / EAR (national %)",energy_water,ons_open_data,daily,2017-05-17,39.0846,pct
stored_energy_ear,"Stored energy / EAR (national %)",energy_water,ons_open_data,daily,2017-05-18,39.0702,pct
stored_energy_ear,"Stored energy / EAR (national %)",energy_water,ons_open_data,daily,2017-05-19,39.2886,pct
stored_energy_ear,"Stored energy / EAR (national %)",energy_water,ons_open_data,daily,2017-05-20,39.5500,pct
stored_energy_ear,"Stored energy / EAR (national %)",energy_water,ons_open_data,daily,2017-05-21,39.9031,pct
stored_energy_ear,"Stored energy / EAR (national %)",energy_water,ons_open_data,daily,2017-05-22,40.1505,pct
stored_energy_ear,"Stored energy / EAR (national %)",energy_water,ons_open_data,daily,2017-05-23,40.4285,pct
stored_energy_ear,"Stored energy / EAR (national %)",energy_water,ons_open_data,daily,2017-05-24,40.7161,pct
stored_energy_ear,"Stored energy / EAR (national %)",energy_water,ons_open_data,daily,2017-05-25,40.9011,pct
stored_energy_ear,"Stored energy / EAR (national %)",energy_water,ons_open_data,daily,2017-05-26,41.0478,pct
stored_energy_ear,"Stored energy / EAR (national %)",energy_water,ons_open_data,daily,2017-05-27,41.2428,pct
stored_energy_ear,"Stored energy / EAR (national %)",energy_water,ons_open_data,daily,2017-05-28,41.6059,pct
stored_energy_ear,"Stored energy / EAR (national %)",energy_water,ons_open_data,daily,2017-05-29,41.7905,pct
stored_energy_ear,"Stored energy / EAR (national %)",energy_water,ons_open_data,daily,2017-05-30,41.9542,pct
stored_energy_ear,"Stored energy / EAR (national %)",energy_water,ons_open_data,daily,2017-05-31,42.2001,pct
stored_energy_ear,"Stored energy / EAR (national %)",energy_water,ons_open_data,daily,2017-06-01,42.4233,pct
stored_energy_ear,"Stored energy / EAR (national %)",energy_water,ons_open_data,daily,2017-06-02,42.5370,pct
stored_energy_ear,"Stored energy / EAR (national %)",energy_water,ons_open_data,daily,2017-06-03,42.6514,pct
stored_energy_ear,"Stored energy / EAR (national %)",energy_water,ons_open_data,daily,2017-06-04,42.8298,pct
stored_energy_ear,"Stored energy / EAR (national %)",energy_water,ons_open_data,daily,2017-06-05,42.8471,pct
stored_energy_ear,"Stored energy / EAR (national %)",energy_water,ons_open_data,daily,2017-06-06,42.8705,pct
stored_energy_ear,"Stored energy / EAR (national %)",energy_water,ons_open_data,daily,2017-06-07,42.8901,pct
stored_energy_ear,"Stored energy / EAR (national %)",energy_water,ons_open_data,daily,2017-06-08,42.9972,pct
stored_energy_ear,"Stored energy / EAR (national %)",energy_water,ons_open_data,daily,2017-06-09,43.1354,pct
stored_energy_ear,"Stored energy / EAR (national %)",energy_water,ons_open_data,daily,2017-06-10,43.2429,pct
stored_energy_ear,"Stored energy / EAR (national %)",energy_water,ons_open_data,daily,2017-06-11,43.3683,pct
stored_energy_ear,"Stored energy / EAR (national %)",energy_water,ons_open_data,daily,2017-06-12,43.3993,pct
stored_energy_ear,"Stored energy / EAR (national %)",energy_water,ons_open_data,daily,2017-06-13,43.3882,pct
stored_energy_ear,"Stored energy / EAR (national %)",energy_water,ons_open_data,daily,2017-06-14,43.3665,pct
stored_energy_ear,"Stored energy / EAR (national %)",energy_water,ons_open_data,daily,2017-06-15,43.3917,pct
stored_energy_ear,"Stored energy / EAR (national %)",energy_water,ons_open_data,daily,2017-06-16,43.3851,pct
stored_energy_ear,"Stored energy / EAR (national %)",energy_water,ons_open_data,daily,2017-06-17,43.4278,pct
stored_energy_ear,"Stored energy / EAR (national %)",energy_water,ons_open_data,daily,2017-06-18,43.4371,pct
stored_energy_ear,"Stored energy / EAR (national %)",energy_water,ons_open_data,daily,2017-06-19,43.3793,pct
stored_energy_ear,"Stored energy / EAR (national %)",energy_water,ons_open_data,daily,2017-06-20,43.3245,pct
stored_energy_ear,"Stored energy / EAR (national %)",energy_water,ons_open_data,daily,2017-06-21,43.2684,pct
stored_energy_ear,"Stored energy / EAR (national %)",energy_water,ons_open_data,daily,2017-06-22,43.2119,pct
stored_energy_ear,"Stored energy / EAR (national %)",energy_water,ons_open_data,daily,2017-06-23,43.1182,pct
stored_energy_ear,"Stored energy / EAR (national %)",energy_water,ons_open_data,daily,2017-06-24,43.0675,pct
stored_energy_ear,"Stored energy / EAR (national %)",energy_water,ons_open_data,daily,2017-06-25,43.0679,pct
stored_energy_ear,"Stored energy / EAR (national %)",energy_water,ons_open_data,daily,2017-06-26,42.9869,pct
stored_energy_ear,"Stored energy / EAR (national %)",energy_water,ons_open_data,daily,2017-06-27,42.8767,pct
stored_energy_ear,"Stored energy / EAR (national %)",energy_water,ons_open_data,daily,2017-06-28,42.7193,pct
stored_energy_ear,"Stored energy / EAR (national %)",energy_water,ons_open_data,daily,2017-06-29,42.5567,pct
stored_energy_ear,"Stored energy / EAR (national %)",energy_water,ons_open_data,daily,2017-06-30,42.3775,pct
stored_energy_ear,"Stored energy / EAR (national %)",energy_water,ons_open_data,daily,2017-07-01,42.2990,pct
stored_energy_ear,"Stored energy / EAR (national %)",energy_water,ons_open_data,daily,2017-07-02,42.2862,pct
stored_energy_ear,"Stored energy / EAR (national %)",energy_water,ons_open_data,daily,2017-07-03,42.1715,pct
stored_energy_ear,"Stored energy / EAR (national %)",energy_water,ons_open_data,daily,2017-07-04,42.0513,pct
stored_energy_ear,"Stored energy / EAR (national %)",energy_water,ons_open_data,daily,2017-07-05,41.8842,pct
stored_energy_ear,"Stored energy / EAR (national %)",energy_water,ons_open_data,daily,2017-07-06,41.6934,pct
stored_energy_ear,"Stored energy / EAR (national %)",energy_water,ons_open_data,daily,2017-07-07,41.5263,pct
stored_energy_ear,"Stored energy / EAR (national %)",energy_water,ons_open_data,daily,2017-07-08,41.4385,pct
stored_energy_ear,"Stored energy / EAR (national %)",energy_water,ons_open_data,daily,2017-07-09,41.3803,pct
stored_energy_ear,"Stored energy / EAR (national %)",energy_water,ons_open_data,daily,2017-07-10,41.1898,pct
stored_energy_ear,"Stored energy / EAR (national %)",energy_water,ons_open_data,daily,2017-07-11,41.0179,pct
stored_energy_ear,"Stored energy / EAR (national %)",energy_water,ons_open_data,daily,2017-07-12,40.8763,pct
stored_energy_ear,"Stored energy / EAR (national %)",energy_water,ons_open_data,daily,2017-07-13,40.7292,pct
stored_energy_ear,"Stored energy / EAR (national %)",energy_water,ons_open_data,daily,2017-07-14,40.5456,pct
stored_energy_ear,"Stored energy / EAR (national %)",energy_water,ons_open_data,daily,2017-07-15,40.4567,pct
stored_energy_ear,"Stored energy / EAR (national %)",energy_water,ons_open_data,daily,2017-07-16,40.3957,pct
stored_energy_ear,"Stored energy / EAR (national %)",energy_water,ons_open_data,daily,2017-07-17,40.2104,pct
stored_energy_ear,"Stored energy / EAR (national %)",energy_water,ons_open_data,daily,2017-07-18,39.9920,pct
stored_energy_ear,"Stored energy / EAR (national %)",energy_water,ons_open_data,daily,2017-07-19,39.7901,pct
stored_energy_ear,"Stored energy / EAR (national %)",energy_water,ons_open_data,daily,2017-07-20,39.5469,pct
stored_energy_ear,"Stored energy / EAR (national %)",energy_water,ons_open_data,daily,2017-07-21,39.2999,pct
stored_energy_ear,"Stored energy / EAR (national %)",energy_water,ons_open_data,daily,2017-07-22,39.1339,pct
stored_energy_ear,"Stored energy / EAR (national %)",energy_water,ons_open_data,daily,2017-07-23,39.0416,pct
stored_energy_ear,"Stored energy / EAR (national %)",energy_water,ons_open_data,daily,2017-07-24,38.8122,pct
stored_energy_ear,"Stored energy / EAR (national %)",energy_water,ons_open_data,daily,2017-07-25,38.5666,pct
stored_energy_ear,"Stored energy / EAR (national %)",energy_water,ons_open_data,daily,2017-07-26,38.3047,pct
stored_energy_ear,"Stored energy / EAR (national %)",energy_water,ons_open_data,daily,2017-07-27,38.0357,pct
stored_energy_ear,"Stored energy / EAR (national %)",energy_water,ons_open_data,daily,2017-07-28,37.7915,pct
stored_energy_ear,"Stored energy / EAR (national %)",energy_water,ons_open_data,daily,2017-07-29,37.6871,pct
stored_energy_ear,"Stored energy / EAR (national %)",energy_water,ons_open_data,daily,2017-07-30,37.6082,pct
stored_energy_ear,"Stored energy / EAR (national %)",energy_water,ons_open_data,daily,2017-07-31,37.3488,pct
stored_energy_ear,"Stored energy / EAR (national %)",energy_water,ons_open_data,daily,2017-08-01,37.0843,pct
stored_energy_ear,"Stored energy / EAR (national %)",energy_water,ons_open_data,daily,2017-08-02,36.8521,pct
stored_energy_ear,"Stored energy / EAR (national %)",energy_water,ons_open_data,daily,2017-08-03,36.6230,pct
stored_energy_ear,"Stored energy / EAR (national %)",energy_water,ons_open_data,daily,2017-08-04,36.3733,pct
stored_energy_ear,"Stored energy / EAR (national %)",energy_water,ons_open_data,daily,2017-08-05,36.2437,pct
stored_energy_ear,"Stored energy / EAR (national %)",energy_water,ons_open_data,daily,2017-08-06,36.1907,pct
stored_energy_ear,"Stored energy / EAR (national %)",energy_water,ons_open_data,daily,2017-08-07,35.9302,pct
stored_energy_ear,"Stored energy / EAR (national %)",energy_water,ons_open_data,daily,2017-08-08,35.6612,pct
stored_energy_ear,"Stored energy / EAR (national %)",energy_water,ons_open_data,daily,2017-08-09,35.3570,pct
stored_energy_ear,"Stored energy / EAR (national %)",energy_water,ons_open_data,daily,2017-08-10,35.0832,pct
stored_energy_ear,"Stored energy / EAR (national %)",energy_water,ons_open_data,daily,2017-08-11,34.8276,pct
stored_energy_ear,"Stored energy / EAR (national %)",energy_water,ons_open_data,daily,2017-08-12,34.7204,pct
stored_energy_ear,"Stored energy / EAR (national %)",energy_water,ons_open_data,daily,2017-08-13,34.6757,pct
stored_energy_ear,"Stored energy / EAR (national %)",energy_water,ons_open_data,daily,2017-08-14,34.4490,pct
stored_energy_ear,"Stored energy / EAR (national %)",energy_water,ons_open_data,daily,2017-08-15,34.2433,pct
stored_energy_ear,"Stored energy / EAR (national %)",energy_water,ons_open_data,daily,2017-08-16,33.9946,pct
stored_energy_ear,"Stored energy / EAR (national %)",energy_water,ons_open_data,daily,2017-08-17,33.7318,pct
stored_energy_ear,"Stored energy / EAR (national %)",energy_water,ons_open_data,daily,2017-08-18,33.4652,pct
stored_energy_ear,"Stored energy / EAR (national %)",energy_water,ons_open_data,daily,2017-08-19,33.3684,pct
stored_energy_ear,"Stored energy / EAR (national %)",energy_water,ons_open_data,daily,2017-08-20,33.4031,pct
stored_energy_ear,"Stored energy / EAR (national %)",energy_water,ons_open_data,daily,2017-08-21,33.2964,pct
stored_energy_ear,"Stored energy / EAR (national %)",energy_water,ons_open_data,daily,2017-08-22,33.2175,pct
stored_energy_ear,"Stored energy / EAR (national %)",energy_water,ons_open_data,daily,2017-08-23,33.1038,pct
stored_energy_ear,"Stored energy / EAR (national %)",energy_water,ons_open_data,daily,2017-08-24,32.9670,pct
stored_energy_ear,"Stored energy / EAR (national %)",energy_water,ons_open_data,daily,2017-08-25,32.8044,pct
stored_energy_ear,"Stored energy / EAR (national %)",energy_water,ons_open_data,daily,2017-08-26,32.6977,pct
stored_energy_ear,"Stored energy / EAR (national %)",energy_water,ons_open_data,daily,2017-08-27,32.6050,pct
stored_energy_ear,"Stored energy / EAR (national %)",energy_water,ons_open_data,daily,2017-08-28,32.3535,pct
stored_energy_ear,"Stored energy / EAR (national %)",energy_water,ons_open_data,daily,2017-08-29,32.0845,pct
stored_energy_ear,"Stored energy / EAR (national %)",energy_water,ons_open_data,daily,2017-08-30,31.8110,pct
stored_energy_ear,"Stored energy / EAR (national %)",energy_water,ons_open_data,daily,2017-08-31,31.5354,pct
stored_energy_ear,"Stored energy / EAR (national %)",energy_water,ons_open_data,daily,2017-09-01,31.2874,pct
stored_energy_ear,"Stored energy / EAR (national %)",energy_water,ons_open_data,daily,2017-09-02,31.1134,pct
stored_energy_ear,"Stored energy / EAR (national %)",energy_water,ons_open_data,daily,2017-09-03,30.9908,pct
stored_energy_ear,"Stored energy / EAR (national %)",energy_water,ons_open_data,daily,2017-09-04,30.6938,pct
stored_energy_ear,"Stored energy / EAR (national %)",energy_water,ons_open_data,daily,2017-09-05,30.3914,pct
stored_energy_ear,"Stored energy / EAR (national %)",energy_water,ons_open_data,daily,2017-09-06,30.0820,pct
stored_energy_ear,"Stored energy / EAR (national %)",energy_water,ons_open_data,daily,2017-09-07,29.9056,pct
stored_energy_ear,"Stored energy / EAR (national %)",energy_water,ons_open_data,daily,2017-09-08,29.6345,pct
stored_energy_ear,"Stored energy / EAR (national %)",energy_water,ons_open_data,daily,2017-09-09,29.4644,pct
stored_energy_ear,"Stored energy / EAR (national %)",energy_water,ons_open_data,daily,2017-09-10,29.2970,pct
stored_energy_ear,"Stored energy / EAR (national %)",energy_water,ons_open_data,daily,2017-09-11,28.9452,pct
stored_energy_ear,"Stored energy / EAR (national %)",energy_water,ons_open_data,daily,2017-09-12,28.5921,pct
stored_energy_ear,"Stored energy / EAR (national %)",energy_water,ons_open_data,daily,2017-09-13,28.2542,pct
stored_energy_ear,"Stored energy / EAR (national %)",energy_water,ons_open_data,daily,2017-09-14,27.8570,pct
stored_energy_ear,"Stored energy / EAR (national %)",energy_water,ons_open_data,daily,2017-09-15,27.4729,pct
stored_energy_ear,"Stored energy / EAR (national %)",energy_water,ons_open_data,daily,2017-09-16,27.2335,pct
stored_energy_ear,"Stored energy / EAR (national %)",energy_water,ons_open_data,daily,2017-09-17,27.0709,pct
stored_energy_ear,"Stored energy / EAR (national %)",energy_water,ons_open_data,daily,2017-09-18,26.7068,pct
stored_energy_ear,"Stored energy / EAR (national %)",energy_water,ons_open_data,daily,2017-09-19,26.3799,pct
stored_energy_ear,"Stored energy / EAR (national %)",energy_water,ons_open_data,daily,2017-09-20,26.0241,pct
stored_energy_ear,"Stored energy / EAR (national %)",energy_water,ons_open_data,daily,2017-09-21,25.6444,pct
stored_energy_ear,"Stored energy / EAR (national %)",energy_water,ons_open_data,daily,2017-09-22,25.2769,pct
stored_energy_ear,"Stored energy / EAR (national %)",energy_water,ons_open_data,daily,2017-09-23,25.0078,pct
stored_energy_ear,"Stored energy / EAR (national %)",energy_water,ons_open_data,daily,2017-09-24,24.8318,pct
stored_energy_ear,"Stored energy / EAR (national %)",energy_water,ons_open_data,daily,2017-09-25,24.4694,pct
stored_energy_ear,"Stored energy / EAR (national %)",energy_water,ons_open_data,daily,2017-09-26,24.1005,pct
stored_energy_ear,"Stored energy / EAR (national %)",energy_water,ons_open_data,daily,2017-09-27,23.7098,pct
stored_energy_ear,"Stored energy / EAR (national %)",energy_water,ons_open_data,daily,2017-09-28,23.3540,pct
stored_energy_ear,"Stored energy / EAR (national %)",energy_water,ons_open_data,daily,2017-09-29,23.0505,pct
stored_energy_ear,"Stored energy / EAR (national %)",energy_water,ons_open_data,daily,2017-09-30,22.8035,pct
stored_energy_ear,"Stored energy / EAR (national %)",energy_water,ons_open_data,daily,2017-10-01,22.6657,pct
stored_energy_ear,"Stored energy / EAR (national %)",energy_water,ons_open_data,daily,2017-10-02,22.3285,pct
stored_energy_ear,"Stored energy / EAR (national %)",energy_water,ons_open_data,daily,2017-10-03,22.0508,pct
stored_energy_ear,"Stored energy / EAR (national %)",energy_water,ons_open_data,daily,2017-10-04,21.8610,pct
stored_energy_ear,"Stored energy / EAR (national %)",energy_water,ons_open_data,daily,2017-10-05,21.6268,pct
stored_energy_ear,"Stored energy / EAR (national %)",energy_water,ons_open_data,daily,2017-10-06,21.3147,pct
stored_energy_ear,"Stored energy / EAR (national %)",energy_water,ons_open_data,daily,2017-10-07,21.1459,pct
stored_energy_ear,"Stored energy / EAR (national %)",energy_water,ons_open_data,daily,2017-10-08,21.1032,pct
stored_energy_ear,"Stored energy / EAR (national %)",energy_water,ons_open_data,daily,2017-10-09,20.8221,pct
stored_energy_ear,"Stored energy / EAR (national %)",energy_water,ons_open_data,daily,2017-10-10,20.6075,pct
stored_energy_ear,"Stored energy / EAR (national %)",energy_water,ons_open_data,daily,2017-10-11,20.4369,pct
stored_energy_ear,"Stored energy / EAR (national %)",energy_water,ons_open_data,daily,2017-10-12,20.4011,pct
stored_energy_ear,"Stored energy / EAR (national %)",energy_water,ons_open_data,daily,2017-10-13,20.2840,pct
stored_energy_ear,"Stored energy / EAR (national %)",energy_water,ons_open_data,daily,2017-10-14,20.2048,pct
stored_energy_ear,"Stored energy / EAR (national %)",energy_water,ons_open_data,daily,2017-10-15,20.1896,pct
stored_energy_ear,"Stored energy / EAR (national %)",energy_water,ons_open_data,daily,2017-10-16,19.9884,pct
stored_energy_ear,"Stored energy / EAR (national %)",energy_water,ons_open_data,daily,2017-10-17,19.7645,pct
stored_energy_ear,"Stored energy / EAR (national %)",energy_water,ons_open_data,daily,2017-10-18,19.5158,pct
stored_energy_ear,"Stored energy / EAR (national %)",energy_water,ons_open_data,daily,2017-10-19,19.2516,pct
stored_energy_ear,"Stored energy / EAR (national %)",energy_water,ons_open_data,daily,2017-10-20,18.9757,pct
stored_energy_ear,"Stored energy / EAR (national %)",energy_water,ons_open_data,daily,2017-10-21,18.8661,pct
stored_energy_ear,"Stored energy / EAR (national %)",energy_water,ons_open_data,daily,2017-10-22,18.9037,pct
stored_energy_ear,"Stored energy / EAR (national %)",energy_water,ons_open_data,daily,2017-10-23,18.6966,pct
stored_energy_ear,"Stored energy / EAR (national %)",energy_water,ons_open_data,daily,2017-10-24,18.4965,pct
stored_energy_ear,"Stored energy / EAR (national %)",energy_water,ons_open_data,daily,2017-10-25,18.2998,pct
stored_energy_ear,"Stored energy / EAR (national %)",energy_water,ons_open_data,daily,2017-10-26,18.1275,pct
stored_energy_ear,"Stored energy / EAR (national %)",energy_water,ons_open_data,daily,2017-10-27,17.9119,pct
stored_energy_ear,"Stored energy / EAR (national %)",energy_water,ons_open_data,daily,2017-10-28,17.8075,pct
stored_energy_ear,"Stored energy / EAR (national %)",energy_water,ons_open_data,daily,2017-10-29,17.8437,pct
stored_energy_ear,"Stored energy / EAR (national %)",energy_water,ons_open_data,daily,2017-10-30,17.8344,pct
stored_energy_ear,"Stored energy / EAR (national %)",energy_water,ons_open_data,daily,2017-10-31,17.8416,pct
stored_energy_ear,"Stored energy / EAR (national %)",energy_water,ons_open_data,daily,2017-11-01,17.8506,pct
stored_energy_ear,"Stored energy / EAR (national %)",energy_water,ons_open_data,daily,2017-11-02,18.0218,pct
stored_energy_ear,"Stored energy / EAR (national %)",energy_water,ons_open_data,daily,2017-11-03,18.0755,pct
stored_energy_ear,"Stored energy / EAR (national %)",energy_water,ons_open_data,daily,2017-11-04,18.1413,pct
stored_energy_ear,"Stored energy / EAR (national %)",energy_water,ons_open_data,daily,2017-11-05,18.3373,pct
stored_energy_ear,"Stored energy / EAR (national %)",energy_water,ons_open_data,daily,2017-11-06,18.3391,pct
stored_energy_ear,"Stored energy / EAR (national %)",energy_water,ons_open_data,daily,2017-11-07,18.4073,pct
stored_energy_ear,"Stored energy / EAR (national %)",energy_water,ons_open_data,daily,2017-11-08,18.4376,pct
stored_energy_ear,"Stored energy / EAR (national %)",energy_water,ons_open_data,daily,2017-11-09,18.3973,pct
stored_energy_ear,"Stored energy / EAR (national %)",energy_water,ons_open_data,daily,2017-11-10,18.3756,pct
stored_energy_ear,"Stored energy / EAR (national %)",energy_water,ons_open_data,daily,2017-11-11,18.4765,pct
stored_energy_ear,"Stored energy / EAR (national %)",energy_water,ons_open_data,daily,2017-11-12,18.6016,pct
stored_energy_ear,"Stored energy / EAR (national %)",energy_water,ons_open_data,daily,2017-11-13,18.5271,pct
stored_energy_ear,"Stored energy / EAR (national %)",energy_water,ons_open_data,daily,2017-11-14,18.4741,pct
stored_energy_ear,"Stored energy / EAR (national %)",energy_water,ons_open_data,daily,2017-11-15,18.5161,pct
stored_energy_ear,"Stored energy / EAR (national %)",energy_water,ons_open_data,daily,2017-11-16,18.3842,pct
stored_energy_ear,"Stored energy / EAR (national %)",energy_water,ons_open_data,daily,2017-11-17,18.2798,pct
stored_energy_ear,"Stored energy / EAR (national %)",energy_water,ons_open_data,daily,2017-11-18,18.3818,pct
stored_energy_ear,"Stored energy / EAR (national %)",energy_water,ons_open_data,daily,2017-11-19,18.4896,pct
stored_energy_ear,"Stored energy / EAR (national %)",energy_water,ons_open_data,daily,2017-11-20,18.4955,pct
stored_energy_ear,"Stored energy / EAR (national %)",energy_water,ons_open_data,daily,2017-11-21,18.5044,pct
stored_energy_ear,"Stored energy / EAR (national %)",energy_water,ons_open_data,daily,2017-11-22,18.5654,pct
stored_energy_ear,"Stored energy / EAR (national %)",energy_water,ons_open_data,daily,2017-11-23,18.6494,pct
stored_energy_ear,"Stored energy / EAR (national %)",energy_water,ons_open_data,daily,2017-11-24,18.7597,pct
stored_energy_ear,"Stored energy / EAR (national %)",energy_water,ons_open_data,daily,2017-11-25,18.8213,pct
stored_energy_ear,"Stored energy / EAR (national %)",energy_water,ons_open_data,daily,2017-11-26,18.9963,pct
stored_energy_ear,"Stored energy / EAR (national %)",energy_water,ons_open_data,daily,2017-11-27,18.9936,pct
stored_energy_ear,"Stored energy / EAR (national %)",energy_water,ons_open_data,daily,2017-11-28,19.0160,pct
stored_energy_ear,"Stored energy / EAR (national %)",energy_water,ons_open_data,daily,2017-11-29,19.0528,pct
stored_energy_ear,"Stored energy / EAR (national %)",energy_water,ons_open_data,daily,2017-11-30,19.0907,pct
stored_energy_ear,"Stored energy / EAR (national %)",energy_water,ons_open_data,daily,2017-12-01,19.1358,pct
stored_energy_ear,"Stored energy / EAR (national %)",energy_water,ons_open_data,daily,2017-12-02,19.3174,pct
stored_energy_ear,"Stored energy / EAR (national %)",energy_water,ons_open_data,daily,2017-12-03,19.5792,pct
stored_energy_ear,"Stored energy / EAR (national %)",energy_water,ons_open_data,daily,2017-12-04,19.6019,pct
stored_energy_ear,"Stored energy / EAR (national %)",energy_water,ons_open_data,daily,2017-12-05,19.6602,pct
stored_energy_ear,"Stored energy / EAR (national %)",energy_water,ons_open_data,daily,2017-12-06,19.7528,pct
stored_energy_ear,"Stored energy / EAR (national %)",energy_water,ons_open_data,daily,2017-12-07,19.7966,pct
stored_energy_ear,"Stored energy / EAR (national %)",energy_water,ons_open_data,daily,2017-12-08,19.8565,pct
stored_energy_ear,"Stored energy / EAR (national %)",energy_water,ons_open_data,daily,2017-12-09,19.9664,pct
stored_energy_ear,"Stored energy / EAR (national %)",energy_water,ons_open_data,daily,2017-12-10,20.1893,pct
stored_energy_ear,"Stored energy / EAR (national %)",energy_water,ons_open_data,daily,2017-12-11,20.1821,pct
stored_energy_ear,"Stored energy / EAR (national %)",energy_water,ons_open_data,daily,2017-12-12,20.2665,pct
stored_energy_ear,"Stored energy / EAR (national %)",energy_water,ons_open_data,daily,2017-12-13,20.2937,pct
stored_energy_ear,"Stored energy / EAR (national %)",energy_water,ons_open_data,daily,2017-12-14,20.2679,pct
stored_energy_ear,"Stored energy / EAR (national %)",energy_water,ons_open_data,daily,2017-12-15,20.2469,pct
stored_energy_ear,"Stored energy / EAR (national %)",energy_water,ons_open_data,daily,2017-12-16,20.3654,pct
stored_energy_ear,"Stored energy / EAR (national %)",energy_water,ons_open_data,daily,2017-12-17,20.5714,pct
stored_energy_ear,"Stored energy / EAR (national %)",energy_water,ons_open_data,daily,2017-12-18,20.6224,pct
stored_energy_ear,"Stored energy / EAR (national %)",energy_water,ons_open_data,daily,2017-12-19,20.6531,pct
stored_energy_ear,"Stored energy / EAR (national %)",energy_water,ons_open_data,daily,2017-12-20,20.6851,pct
stored_energy_ear,"Stored energy / EAR (national %)",energy_water,ons_open_data,daily,2017-12-21,20.7475,pct
stored_energy_ear,"Stored energy / EAR (national %)",energy_water,ons_open_data,daily,2017-12-22,20.8439,pct
stored_energy_ear,"Stored energy / EAR (national %)",energy_water,ons_open_data,daily,2017-12-23,21.0010,pct
stored_energy_ear,"Stored energy / EAR (national %)",energy_water,ons_open_data,daily,2017-12-24,21.2629,pct
stored_energy_ear,"Stored energy / EAR (national %)",energy_water,ons_open_data,daily,2017-12-25,21.5812,pct
stored_energy_ear,"Stored energy / EAR (national %)",energy_water,ons_open_data,daily,2017-12-26,21.8261,pct
stored_energy_ear,"Stored energy / EAR (national %)",energy_water,ons_open_data,daily,2017-12-27,22.0129,pct
stored_energy_ear,"Stored energy / EAR (national %)",energy_water,ons_open_data,daily,2017-12-28,22.2254,pct
stored_energy_ear,"Stored energy / EAR (national %)",energy_water,ons_open_data,daily,2017-12-29,22.5131,pct
stored_energy_ear,"Stored energy / EAR (national %)",energy_water,ons_open_data,daily,2017-12-30,22.8666,pct
stored_energy_ear,"Stored energy / EAR (national %)",energy_water,ons_open_data,daily,2017-12-31,23.2518,pct
stored_energy_ear,"Stored energy / EAR (national %)",energy_water,ons_open_data,daily,2018-01-01,23.5551,pct
stored_energy_ear,"Stored energy / EAR (national %)",energy_water,ons_open_data,daily,2018-01-02,23.9524,pct
stored_energy_ear,"Stored energy / EAR (national %)",energy_water,ons_open_data,daily,2018-01-03,24.2345,pct
stored_energy_ear,"Stored energy / EAR (national %)",energy_water,ons_open_data,daily,2018-01-04,24.5653,pct
stored_energy_ear,"Stored energy / EAR (national %)",energy_water,ons_open_data,daily,2018-01-05,24.8981,pct
stored_energy_ear,"Stored energy / EAR (national %)",energy_water,ons_open_data,daily,2018-01-06,25.3040,pct
stored_energy_ear,"Stored energy / EAR (national %)",energy_water,ons_open_data,daily,2018-01-07,25.7994,pct
stored_energy_ear,"Stored energy / EAR (national %)",energy_water,ons_open_data,daily,2018-01-08,26.2722,pct
stored_energy_ear,"Stored energy / EAR (national %)",energy_water,ons_open_data,daily,2018-01-09,26.7843,pct
stored_energy_ear,"Stored energy / EAR (national %)",energy_water,ons_open_data,daily,2018-01-10,27.2724,pct
stored_energy_ear,"Stored energy / EAR (national %)",energy_water,ons_open_data,daily,2018-01-11,27.6784,pct
stored_energy_ear,"Stored energy / EAR (national %)",energy_water,ons_open_data,daily,2018-01-12,28.0229,pct
stored_energy_ear,"Stored energy / EAR (national %)",energy_water,ons_open_data,daily,2018-01-13,28.3429,pct
stored_energy_ear,"Stored energy / EAR (national %)",energy_water,ons_open_data,daily,2018-01-14,28.7363,pct
stored_energy_ear,"Stored energy / EAR (national %)",energy_water,ons_open_data,daily,2018-01-15,28.9929,pct
stored_energy_ear,"Stored energy / EAR (national %)",energy_water,ons_open_data,daily,2018-01-16,29.2439,pct
stored_energy_ear,"Stored energy / EAR (national %)",energy_water,ons_open_data,daily,2018-01-17,29.4826,pct
stored_energy_ear,"Stored energy / EAR (national %)",energy_water,ons_open_data,daily,2018-01-18,29.6816,pct
stored_energy_ear,"Stored energy / EAR (national %)",energy_water,ons_open_data,daily,2018-01-19,29.8136,pct
stored_energy_ear,"Stored energy / EAR (national %)",energy_water,ons_open_data,daily,2018-01-20,30.0216,pct
stored_energy_ear,"Stored energy / EAR (national %)",energy_water,ons_open_data,daily,2018-01-21,30.2890,pct
stored_energy_ear,"Stored energy / EAR (national %)",energy_water,ons_open_data,daily,2018-01-22,30.3903,pct
stored_energy_ear,"Stored energy / EAR (national %)",energy_water,ons_open_data,daily,2018-01-23,30.5243,pct
stored_energy_ear,"Stored energy / EAR (national %)",energy_water,ons_open_data,daily,2018-01-24,30.6360,pct
stored_energy_ear,"Stored energy / EAR (national %)",energy_water,ons_open_data,daily,2018-01-25,30.8033,pct
stored_energy_ear,"Stored energy / EAR (national %)",energy_water,ons_open_data,daily,2018-01-26,30.9796,pct
stored_energy_ear,"Stored energy / EAR (national %)",energy_water,ons_open_data,daily,2018-01-27,31.3284,pct
stored_energy_ear,"Stored energy / EAR (national %)",energy_water,ons_open_data,daily,2018-01-28,31.6141,pct
stored_energy_ear,"Stored energy / EAR (national %)",energy_water,ons_open_data,daily,2018-01-29,31.7436,pct
stored_energy_ear,"Stored energy / EAR (national %)",energy_water,ons_open_data,daily,2018-01-30,31.9449,pct
stored_energy_ear,"Stored energy / EAR (national %)",energy_water,ons_open_data,daily,2018-01-31,32.1702,pct
stored_energy_ear,"Stored energy / EAR (national %)",energy_water,ons_open_data,daily,2018-02-01,32.3980,pct
stored_energy_ear,"Stored energy / EAR (national %)",energy_water,ons_open_data,daily,2018-02-02,32.6263,pct
stored_energy_ear,"Stored energy / EAR (national %)",energy_water,ons_open_data,daily,2018-02-03,32.9201,pct
stored_energy_ear,"Stored energy / EAR (national %)",energy_water,ons_open_data,daily,2018-02-04,33.3506,pct
stored_energy_ear,"Stored energy / EAR (national %)",energy_water,ons_open_data,daily,2018-02-05,33.7288,pct
stored_energy_ear,"Stored energy / EAR (national %)",energy_water,ons_open_data,daily,2018-02-06,34.0275,pct
stored_energy_ear,"Stored energy / EAR (national %)",energy_water,ons_open_data,daily,2018-02-07,34.2787,pct
stored_energy_ear,"Stored energy / EAR (national %)",energy_water,ons_open_data,daily,2018-02-08,34.5018,pct
stored_energy_ear,"Stored energy / EAR (national %)",energy_water,ons_open_data,daily,2018-02-09,34.6784,pct
stored_energy_ear,"Stored energy / EAR (national %)",energy_water,ons_open_data,daily,2018-02-10,35.0026,pct
stored_energy_ear,"Stored energy / EAR (national %)",energy_water,ons_open_data,daily,2018-02-11,35.3881,pct
stored_energy_ear,"Stored energy / EAR (national %)",energy_water,ons_open_data,daily,2018-02-12,35.7132,pct
stored_energy_ear,"Stored energy / EAR (national %)",energy_water,ons_open_data,daily,2018-02-13,36.0214,pct
stored_energy_ear,"Stored energy / EAR (national %)",energy_water,ons_open_data,daily,2018-02-14,36.3133,pct
stored_energy_ear,"Stored energy / EAR (national %)",energy_water,ons_open_data,daily,2018-02-15,36.5358,pct
stored_energy_ear,"Stored energy / EAR (national %)",energy_water,ons_open_data,daily,2018-02-16,36.6571,pct
stored_energy_ear,"Stored energy / EAR (national %)",energy_water,ons_open_data,daily,2018-02-17,36.8144,pct
stored_energy_ear,"Stored energy / EAR (national %)",energy_water,ons_open_data,daily,2018-02-18,37.0175,pct
stored_energy_ear,"Stored energy / EAR (national %)",energy_water,ons_open_data,daily,2018-02-19,37.1047,pct
stored_energy_ear,"Stored energy / EAR (national %)",energy_water,ons_open_data,daily,2018-02-20,37.2063,pct
stored_energy_ear,"Stored energy / EAR (national %)",energy_water,ons_open_data,daily,2018-02-21,37.3490,pct
stored_energy_ear,"Stored energy / EAR (national %)",energy_water,ons_open_data,daily,2018-02-22,37.5156,pct
stored_energy_ear,"Stored energy / EAR (national %)",energy_water,ons_open_data,daily,2018-02-23,37.6715,pct
stored_energy_ear,"Stored energy / EAR (national %)",energy_water,ons_open_data,daily,2018-02-24,37.9519,pct
stored_energy_ear,"Stored energy / EAR (national %)",energy_water,ons_open_data,daily,2018-02-25,38.2877,pct
stored_energy_ear,"Stored energy / EAR (national %)",energy_water,ons_open_data,daily,2018-02-26,38.4048,pct
stored_energy_ear,"Stored energy / EAR (national %)",energy_water,ons_open_data,daily,2018-02-27,38.5638,pct
stored_energy_ear,"Stored energy / EAR (national %)",energy_water,ons_open_data,daily,2018-02-28,38.7003,pct
stored_energy_ear,"Stored energy / EAR (national %)",energy_water,ons_open_data,daily,2018-03-01,38.8101,pct
stored_energy_ear,"Stored energy / EAR (national %)",energy_water,ons_open_data,daily,2018-03-02,38.9083,pct
stored_energy_ear,"Stored energy / EAR (national %)",energy_water,ons_open_data,daily,2018-03-03,39.1308,pct
stored_energy_ear,"Stored energy / EAR (national %)",energy_water,ons_open_data,daily,2018-03-04,39.4349,pct
stored_energy_ear,"Stored energy / EAR (national %)",energy_water,ons_open_data,daily,2018-03-05,39.4752,pct
stored_energy_ear,"Stored energy / EAR (national %)",energy_water,ons_open_data,daily,2018-03-06,39.5218,pct
stored_energy_ear,"Stored energy / EAR (national %)",energy_water,ons_open_data,daily,2018-03-07,39.6284,pct
stored_energy_ear,"Stored energy / EAR (national %)",energy_water,ons_open_data,daily,2018-03-08,39.8281,pct
stored_energy_ear,"Stored energy / EAR (national %)",energy_water,ons_open_data,daily,2018-03-09,40.0210,pct
stored_energy_ear,"Stored energy / EAR (national %)",energy_water,ons_open_data,daily,2018-03-10,40.3258,pct
stored_energy_ear,"Stored energy / EAR (national %)",energy_water,ons_open_data,daily,2018-03-11,40.6754,pct
stored_energy_ear,"Stored energy / EAR (national %)",energy_water,ons_open_data,daily,2018-03-12,40.8703,pct
stored_energy_ear,"Stored energy / EAR (national %)",energy_water,ons_open_data,daily,2018-03-13,41.0209,pct
stored_energy_ear,"Stored energy / EAR (national %)",energy_water,ons_open_data,daily,2018-03-14,41.1164,pct
stored_energy_ear,"Stored energy / EAR (national %)",energy_water,ons_open_data,daily,2018-03-15,41.2117,pct
stored_energy_ear,"Stored energy / EAR (national %)",energy_water,ons_open_data,daily,2018-03-16,41.2838,pct
stored_energy_ear,"Stored energy / EAR (national %)",energy_water,ons_open_data,daily,2018-03-17,41.5206,pct
stored_energy_ear,"Stored energy / EAR (national %)",energy_water,ons_open_data,daily,2018-03-18,41.7898,pct
stored_energy_ear,"Stored energy / EAR (national %)",energy_water,ons_open_data,daily,2018-03-19,41.8174,pct
stored_energy_ear,"Stored energy / EAR (national %)",energy_water,ons_open_data,daily,2018-03-20,41.9082,pct
stored_energy_ear,"Stored energy / EAR (national %)",energy_water,ons_open_data,daily,2018-03-21,42.0606,pct
stored_energy_ear,"Stored energy / EAR (national %)",energy_water,ons_open_data,daily,2018-03-22,42.1716,pct
stored_energy_ear,"Stored energy / EAR (national %)",energy_water,ons_open_data,daily,2018-03-23,42.3032,pct
stored_energy_ear,"Stored energy / EAR (national %)",energy_water,ons_open_data,daily,2018-03-24,42.5402,pct
stored_energy_ear,"Stored energy / EAR (national %)",energy_water,ons_open_data,daily,2018-03-25,42.9086,pct
stored_energy_ear,"Stored energy / EAR (national %)",energy_water,ons_open_data,daily,2018-03-26,43.1356,pct
stored_energy_ear,"Stored energy / EAR (national %)",energy_water,ons_open_data,daily,2018-03-27,43.3558,pct
stored_energy_ear,"Stored energy / EAR (national %)",energy_water,ons_open_data,daily,2018-03-28,43.5603,pct
stored_energy_ear,"Stored energy / EAR (national %)",energy_water,ons_open_data,daily,2018-03-29,43.7550,pct
stored_energy_ear,"Stored energy / EAR (national %)",energy_water,ons_open_data,daily,2018-03-30,44.0332,pct
stored_energy_ear,"Stored energy / EAR (national %)",energy_water,ons_open_data,daily,2018-03-31,44.2122,pct
stored_energy_ear,"Stored energy / EAR (national %)",energy_water,ons_open_data,daily,2018-04-01,44.5062,pct
stored_energy_ear,"Stored energy / EAR (national %)",energy_water,ons_open_data,daily,2018-04-02,44.6211,pct
stored_energy_ear,"Stored energy / EAR (national %)",energy_water,ons_open_data,daily,2018-04-03,44.7575,pct
stored_energy_ear,"Stored energy / EAR (national %)",energy_water,ons_open_data,daily,2018-04-04,44.8433,pct
stored_energy_ear,"Stored energy / EAR (national %)",energy_water,ons_open_data,daily,2018-04-05,44.9793,pct
stored_energy_ear,"Stored energy / EAR (national %)",energy_water,ons_open_data,daily,2018-04-06,45.1163,pct
stored_energy_ear,"Stored energy / EAR (national %)",energy_water,ons_open_data,daily,2018-04-07,45.3673,pct
stored_energy_ear,"Stored energy / EAR (national %)",energy_water,ons_open_data,daily,2018-04-08,45.6111,pct
stored_energy_ear,"Stored energy / EAR (national %)",energy_water,ons_open_data,daily,2018-04-09,45.7272,pct
stored_energy_ear,"Stored energy / EAR (national %)",energy_water,ons_open_data,daily,2018-04-10,45.7909,pct
stored_energy_ear,"Stored energy / EAR (national %)",energy_water,ons_open_data,daily,2018-04-11,45.8385,pct
stored_energy_ear,"Stored energy / EAR (national %)",energy_water,ons_open_data,daily,2018-04-12,45.8705,pct
stored_energy_ear,"Stored energy / EAR (national %)",energy_water,ons_open_data,daily,2018-04-13,45.8877,pct
stored_energy_ear,"Stored energy / EAR (national %)",energy_water,ons_open_data,daily,2018-04-14,46.0056,pct
stored_energy_ear,"Stored energy / EAR (national %)",energy_water,ons_open_data,daily,2018-04-15,46.1681,pct
stored_energy_ear,"Stored energy / EAR (national %)",energy_water,ons_open_data,daily,2018-04-16,46.2319,pct
stored_energy_ear,"Stored energy / EAR (national %)",energy_water,ons_open_data,daily,2018-04-17,46.3253,pct
stored_energy_ear,"Stored energy / EAR (national %)",energy_water,ons_open_data,daily,2018-04-18,46.3842,pct
stored_energy_ear,"Stored energy / EAR (national %)",energy_water,ons_open_data,daily,2018-04-19,46.4221,pct
stored_energy_ear,"Stored energy / EAR (national %)",energy_water,ons_open_data,daily,2018-04-20,46.4215,pct
stored_energy_ear,"Stored energy / EAR (national %)",energy_water,ons_open_data,daily,2018-04-21,46.5059,pct
stored_energy_ear,"Stored energy / EAR (national %)",energy_water,ons_open_data,daily,2018-04-22,46.5421,pct
stored_energy_ear,"Stored energy / EAR (national %)",energy_water,ons_open_data,daily,2018-04-23,46.4958,pct
stored_energy_ear,"Stored energy / EAR (national %)",energy_water,ons_open_data,daily,2018-04-24,46.4196,pct
stored_energy_ear,"Stored energy / EAR (national %)",energy_water,ons_open_data,daily,2018-04-25,46.2920,pct
stored_energy_ear,"Stored energy / EAR (national %)",energy_water,ons_open_data,daily,2018-04-26,46.1904,pct
stored_energy_ear,"Stored energy / EAR (national %)",energy_water,ons_open_data,daily,2018-04-27,46.0665,pct
stored_energy_ear,"Stored energy / EAR (national %)",energy_water,ons_open_data,daily,2018-04-28,46.0474,pct
stored_energy_ear,"Stored energy / EAR (national %)",energy_water,ons_open_data,daily,2018-04-29,46.1101,pct
stored_energy_ear,"Stored energy / EAR (national %)",energy_water,ons_open_data,daily,2018-04-30,45.9759,pct
stored_energy_ear,"Stored energy / EAR (national %)",energy_water,ons_open_data,daily,2018-05-01,45.9797,pct
stored_energy_ear,"Stored energy / EAR (national %)",energy_water,ons_open_data,daily,2018-05-02,45.8910,pct
stored_energy_ear,"Stored energy / EAR (national %)",energy_water,ons_open_data,daily,2018-05-03,45.7995,pct
stored_energy_ear,"Stored energy / EAR (national %)",energy_water,ons_open_data,daily,2018-05-04,45.6794,pct
stored_energy_ear,"Stored energy / EAR (national %)",energy_water,ons_open_data,daily,2018-05-05,45.6325,pct
stored_energy_ear,"Stored energy / EAR (national %)",energy_water,ons_open_data,daily,2018-05-06,45.6129,pct
stored_energy_ear,"Stored energy / EAR (national %)",energy_water,ons_open_data,daily,2018-05-07,45.4817,pct
stored_energy_ear,"Stored energy / EAR (national %)",energy_water,ons_open_data,daily,2018-05-08,45.3948,pct
stored_energy_ear,"Stored energy / EAR (national %)",energy_water,ons_open_data,daily,2018-05-09,45.2303,pct
stored_energy_ear,"Stored energy / EAR (national %)",energy_water,ons_open_data,daily,2018-05-10,45.1114,pct
stored_energy_ear,"Stored energy / EAR (national %)",energy_water,ons_open_data,daily,2018-05-11,44.9956,pct
stored_energy_ear,"Stored energy / EAR (national %)",energy_water,ons_open_data,daily,2018-05-12,44.9092,pct
stored_energy_ear,"Stored energy / EAR (national %)",energy_water,ons_open_data,daily,2018-05-13,44.9072,pct
stored_energy_ear,"Stored energy / EAR (national %)",energy_water,ons_open_data,daily,2018-05-14,44.7732,pct
stored_energy_ear,"Stored energy / EAR (national %)",energy_water,ons_open_data,daily,2018-05-15,44.6729,pct
stored_energy_ear,"Stored energy / EAR (national %)",energy_water,ons_open_data,daily,2018-05-16,44.5941,pct
stored_energy_ear,"Stored energy / EAR (national %)",energy_water,ons_open_data,daily,2018-05-17,44.4977,pct
stored_energy_ear,"Stored energy / EAR (national %)",energy_water,ons_open_data,daily,2018-05-18,44.4040,pct
stored_energy_ear,"Stored energy / EAR (national %)",energy_water,ons_open_data,daily,2018-05-19,44.4062,pct
stored_energy_ear,"Stored energy / EAR (national %)",energy_water,ons_open_data,daily,2018-05-20,44.5024,pct
stored_energy_ear,"Stored energy / EAR (national %)",energy_water,ons_open_data,daily,2018-05-21,44.4818,pct
stored_energy_ear,"Stored energy / EAR (national %)",energy_water,ons_open_data,daily,2018-05-22,44.4527,pct
stored_energy_ear,"Stored energy / EAR (national %)",energy_water,ons_open_data,daily,2018-05-23,44.4077,pct
stored_energy_ear,"Stored energy / EAR (national %)",energy_water,ons_open_data,daily,2018-05-24,44.3594,pct
stored_energy_ear,"Stored energy / EAR (national %)",energy_water,ons_open_data,daily,2018-05-25,44.3193,pct
stored_energy_ear,"Stored energy / EAR (national %)",energy_water,ons_open_data,daily,2018-05-26,44.2618,pct
stored_energy_ear,"Stored energy / EAR (national %)",energy_water,ons_open_data,daily,2018-05-27,44.2663,pct
stored_energy_ear,"Stored energy / EAR (national %)",energy_water,ons_open_data,daily,2018-05-28,44.2149,pct
stored_energy_ear,"Stored energy / EAR (national %)",energy_water,ons_open_data,daily,2018-05-29,44.1770,pct
stored_energy_ear,"Stored energy / EAR (national %)",energy_water,ons_open_data,daily,2018-05-30,44.0987,pct
stored_energy_ear,"Stored energy / EAR (national %)",energy_water,ons_open_data,daily,2018-05-31,44.0255,pct
stored_energy_ear,"Stored energy / EAR (national %)",energy_water,ons_open_data,daily,2018-06-01,43.9247,pct
stored_energy_ear,"Stored energy / EAR (national %)",energy_water,ons_open_data,daily,2018-06-02,43.8677,pct
stored_energy_ear,"Stored energy / EAR (national %)",energy_water,ons_open_data,daily,2018-06-03,43.8215,pct
stored_energy_ear,"Stored energy / EAR (national %)",energy_water,ons_open_data,daily,2018-06-04,43.7063,pct
stored_energy_ear,"Stored energy / EAR (national %)",energy_water,ons_open_data,daily,2018-06-05,43.6330,pct
stored_energy_ear,"Stored energy / EAR (national %)",energy_water,ons_open_data,daily,2018-06-06,43.5423,pct
stored_energy_ear,"Stored energy / EAR (national %)",energy_water,ons_open_data,daily,2018-06-07,43.4555,pct
stored_energy_ear,"Stored energy / EAR (national %)",energy_water,ons_open_data,daily,2018-06-08,43.3677,pct
stored_energy_ear,"Stored energy / EAR (national %)",energy_water,ons_open_data,daily,2018-06-09,43.3150,pct
stored_energy_ear,"Stored energy / EAR (national %)",energy_water,ons_open_data,daily,2018-06-10,43.2893,pct
stored_energy_ear,"Stored energy / EAR (national %)",energy_water,ons_open_data,daily,2018-06-11,43.1912,pct
stored_energy_ear,"Stored energy / EAR (national %)",energy_water,ons_open_data,daily,2018-06-12,43.1562,pct
stored_energy_ear,"Stored energy / EAR (national %)",energy_water,ons_open_data,daily,2018-06-13,43.1159,pct
stored_energy_ear,"Stored energy / EAR (national %)",energy_water,ons_open_data,daily,2018-06-14,43.0308,pct
stored_energy_ear,"Stored energy / EAR (national %)",energy_water,ons_open_data,daily,2018-06-15,42.9706,pct
stored_energy_ear,"Stored energy / EAR (national %)",energy_water,ons_open_data,daily,2018-06-16,42.9515,pct
stored_energy_ear,"Stored energy / EAR (national %)",energy_water,ons_open_data,daily,2018-06-17,42.9004,pct
stored_energy_ear,"Stored energy / EAR (national %)",energy_water,ons_open_data,daily,2018-06-18,42.8255,pct
stored_energy_ear,"Stored energy / EAR (national %)",energy_water,ons_open_data,daily,2018-06-19,42.7557,pct
stored_energy_ear,"Stored energy / EAR (national %)",energy_water,ons_open_data,daily,2018-06-20,42.6655,pct
stored_energy_ear,"Stored energy / EAR (national %)",energy_water,ons_open_data,daily,2018-06-21,42.5544,pct
stored_energy_ear,"Stored energy / EAR (national %)",energy_water,ons_open_data,daily,2018-06-22,42.4424,pct
stored_energy_ear,"Stored energy / EAR (national %)",energy_water,ons_open_data,daily,2018-06-23,42.3543,pct
stored_energy_ear,"Stored energy / EAR (national %)",energy_water,ons_open_data,daily,2018-06-24,42.2826,pct
stored_energy_ear,"Stored energy / EAR (national %)",energy_water,ons_open_data,daily,2018-06-25,42.1500,pct
stored_energy_ear,"Stored energy / EAR (national %)",energy_water,ons_open_data,daily,2018-06-26,42.0105,pct
stored_energy_ear,"Stored energy / EAR (national %)",energy_water,ons_open_data,daily,2018-06-27,41.9357,pct
stored_energy_ear,"Stored energy / EAR (national %)",energy_water,ons_open_data,daily,2018-06-28,41.8011,pct
stored_energy_ear,"Stored energy / EAR (national %)",energy_water,ons_open_data,daily,2018-06-29,41.7101,pct
stored_energy_ear,"Stored energy / EAR (national %)",energy_water,ons_open_data,daily,2018-06-30,41.6460,pct
stored_energy_ear,"Stored energy / EAR (national %)",energy_water,ons_open_data,daily,2018-07-01,41.6736,pct
stored_energy_ear,"Stored energy / EAR (national %)",energy_water,ons_open_data,daily,2018-07-02,41.5405,pct
stored_energy_ear,"Stored energy / EAR (national %)",energy_water,ons_open_data,daily,2018-07-03,41.4260,pct
stored_energy_ear,"Stored energy / EAR (national %)",energy_water,ons_open_data,daily,2018-07-04,41.3327,pct
stored_energy_ear,"Stored energy / EAR (national %)",energy_water,ons_open_data,daily,2018-07-05,41.2338,pct
stored_energy_ear,"Stored energy / EAR (national %)",energy_water,ons_open_data,daily,2018-07-06,41.1325,pct
stored_energy_ear,"Stored energy / EAR (national %)",energy_water,ons_open_data,daily,2018-07-07,41.0468,pct
stored_energy_ear,"Stored energy / EAR (national %)",energy_water,ons_open_data,daily,2018-07-08,41.0396,pct
stored_energy_ear,"Stored energy / EAR (national %)",energy_water,ons_open_data,daily,2018-07-09,40.9070,pct
stored_energy_ear,"Stored energy / EAR (national %)",energy_water,ons_open_data,daily,2018-07-10,40.7342,pct
stored_energy_ear,"Stored energy / EAR (national %)",energy_water,ons_open_data,daily,2018-07-11,40.5497,pct
stored_energy_ear,"Stored energy / EAR (national %)",energy_water,ons_open_data,daily,2018-07-12,40.3878,pct
stored_energy_ear,"Stored energy / EAR (national %)",energy_water,ons_open_data,daily,2018-07-13,40.2564,pct
stored_energy_ear,"Stored energy / EAR (national %)",energy_water,ons_open_data,daily,2018-07-14,40.1460,pct
stored_energy_ear,"Stored energy / EAR (national %)",energy_water,ons_open_data,daily,2018-07-15,40.0612,pct
stored_energy_ear,"Stored energy / EAR (national %)",energy_water,ons_open_data,daily,2018-07-16,39.8355,pct
stored_energy_ear,"Stored energy / EAR (national %)",energy_water,ons_open_data,daily,2018-07-17,39.6613,pct
stored_energy_ear,"Stored energy / EAR (national %)",energy_water,ons_open_data,daily,2018-07-18,39.4630,pct
stored_energy_ear,"Stored energy / EAR (national %)",energy_water,ons_open_data,daily,2018-07-19,39.2628,pct
stored_energy_ear,"Stored energy / EAR (national %)",energy_water,ons_open_data,daily,2018-07-20,39.0543,pct
stored_energy_ear,"Stored energy / EAR (national %)",energy_water,ons_open_data,daily,2018-07-21,38.9199,pct
stored_energy_ear,"Stored energy / EAR (national %)",energy_water,ons_open_data,daily,2018-07-22,38.8666,pct
stored_energy_ear,"Stored energy / EAR (national %)",energy_water,ons_open_data,daily,2018-07-23,38.6551,pct
stored_energy_ear,"Stored energy / EAR (national %)",energy_water,ons_open_data,daily,2018-07-24,38.3920,pct
stored_energy_ear,"Stored energy / EAR (national %)",energy_water,ons_open_data,daily,2018-07-25,38.1861,pct
stored_energy_ear,"Stored energy / EAR (national %)",energy_water,ons_open_data,daily,2018-07-26,37.9656,pct
stored_energy_ear,"Stored energy / EAR (national %)",energy_water,ons_open_data,daily,2018-07-27,37.7447,pct
stored_energy_ear,"Stored energy / EAR (national %)",energy_water,ons_open_data,daily,2018-07-28,37.6200,pct
stored_energy_ear,"Stored energy / EAR (national %)",energy_water,ons_open_data,daily,2018-07-29,37.5163,pct
stored_energy_ear,"Stored energy / EAR (national %)",energy_water,ons_open_data,daily,2018-07-30,37.2589,pct
stored_energy_ear,"Stored energy / EAR (national %)",energy_water,ons_open_data,daily,2018-07-31,37.0327,pct
stored_energy_ear,"Stored energy / EAR (national %)",energy_water,ons_open_data,daily,2018-08-01,36.8306,pct
stored_energy_ear,"Stored energy / EAR (national %)",energy_water,ons_open_data,daily,2018-08-02,36.6292,pct
stored_energy_ear,"Stored energy / EAR (national %)",energy_water,ons_open_data,daily,2018-08-03,36.4229,pct
stored_energy_ear,"Stored energy / EAR (national %)",energy_water,ons_open_data,daily,2018-08-04,36.2541,pct
stored_energy_ear,"Stored energy / EAR (national %)",energy_water,ons_open_data,daily,2018-08-05,36.1902,pct
stored_energy_ear,"Stored energy / EAR (national %)",energy_water,ons_open_data,daily,2018-08-06,36.0082,pct
stored_energy_ear,"Stored energy / EAR (national %)",energy_water,ons_open_data,daily,2018-08-07,35.8286,pct
stored_energy_ear,"Stored energy / EAR (national %)",energy_water,ons_open_data,daily,2018-08-08,35.6207,pct
stored_energy_ear,"Stored energy / EAR (national %)",energy_water,ons_open_data,daily,2018-08-09,35.4195,pct
stored_energy_ear,"Stored energy / EAR (national %)",energy_water,ons_open_data,daily,2018-08-10,35.1934,pct
stored_energy_ear,"Stored energy / EAR (national %)",energy_water,ons_open_data,daily,2018-08-11,35.0235,pct
stored_energy_ear,"Stored energy / EAR (national %)",energy_water,ons_open_data,daily,2018-08-12,34.8938,pct
stored_energy_ear,"Stored energy / EAR (national %)",energy_water,ons_open_data,daily,2018-08-13,34.6440,pct
stored_energy_ear,"Stored energy / EAR (national %)",energy_water,ons_open_data,daily,2018-08-14,34.3741,pct
stored_energy_ear,"Stored energy / EAR (national %)",energy_water,ons_open_data,daily,2018-08-15,34.1464,pct
stored_energy_ear,"Stored energy / EAR (national %)",energy_water,ons_open_data,daily,2018-08-16,33.9159,pct
stored_energy_ear,"Stored energy / EAR (national %)",energy_water,ons_open_data,daily,2018-08-17,33.6721,pct
stored_energy_ear,"Stored energy / EAR (national %)",energy_water,ons_open_data,daily,2018-08-18,33.4878,pct
stored_energy_ear,"Stored energy / EAR (national %)",energy_water,ons_open_data,daily,2018-08-19,33.3977,pct
stored_energy_ear,"Stored energy / EAR (national %)",energy_water,ons_open_data,daily,2018-08-20,33.1399,pct
stored_energy_ear,"Stored energy / EAR (national %)",energy_water,ons_open_data,daily,2018-08-21,32.8703,pct
stored_energy_ear,"Stored energy / EAR (national %)",energy_water,ons_open_data,daily,2018-08-22,32.6313,pct
stored_energy_ear,"Stored energy / EAR (national %)",energy_water,ons_open_data,daily,2018-08-23,32.3819,pct
stored_energy_ear,"Stored energy / EAR (national %)",energy_water,ons_open_data,daily,2018-08-24,32.1277,pct
stored_energy_ear,"Stored energy / EAR (national %)",energy_water,ons_open_data,daily,2018-08-25,31.9712,pct
stored_energy_ear,"Stored energy / EAR (national %)",energy_water,ons_open_data,daily,2018-08-26,31.9257,pct
stored_energy_ear,"Stored energy / EAR (national %)",energy_water,ons_open_data,daily,2018-08-27,31.7315,pct
stored_energy_ear,"Stored energy / EAR (national %)",energy_water,ons_open_data,daily,2018-08-28,31.5089,pct
stored_energy_ear,"Stored energy / EAR (national %)",energy_water,ons_open_data,daily,2018-08-29,31.2951,pct
stored_energy_ear,"Stored energy / EAR (national %)",energy_water,ons_open_data,daily,2018-08-30,31.0812,pct
stored_energy_ear,"Stored energy / EAR (national %)",energy_water,ons_open_data,daily,2018-08-31,30.8720,pct
stored_energy_ear,"Stored energy / EAR (national %)",energy_water,ons_open_data,daily,2018-09-01,30.8228,pct
stored_energy_ear,"Stored energy / EAR (national %)",energy_water,ons_open_data,daily,2018-09-02,30.9314,pct
stored_energy_ear,"Stored energy / EAR (national %)",energy_water,ons_open_data,daily,2018-09-03,30.9205,pct
stored_energy_ear,"Stored energy / EAR (national %)",energy_water,ons_open_data,daily,2018-09-04,30.8941,pct
stored_energy_ear,"Stored energy / EAR (national %)",energy_water,ons_open_data,daily,2018-09-05,30.7882,pct
stored_energy_ear,"Stored energy / EAR (national %)",energy_water,ons_open_data,daily,2018-09-06,30.6701,pct
stored_energy_ear,"Stored energy / EAR (national %)",energy_water,ons_open_data,daily,2018-09-07,30.6127,pct
stored_energy_ear,"Stored energy / EAR (national %)",energy_water,ons_open_data,daily,2018-09-08,30.5090,pct
stored_energy_ear,"Stored energy / EAR (national %)",energy_water,ons_open_data,daily,2018-09-09,30.4546,pct
stored_energy_ear,"Stored energy / EAR (national %)",energy_water,ons_open_data,daily,2018-09-10,30.2273,pct
stored_energy_ear,"Stored energy / EAR (national %)",energy_water,ons_open_data,daily,2018-09-11,30.0088,pct
stored_energy_ear,"Stored energy / EAR (national %)",energy_water,ons_open_data,daily,2018-09-12,29.8021,pct
stored_energy_ear,"Stored energy / EAR (national %)",energy_water,ons_open_data,daily,2018-09-13,29.5916,pct
stored_energy_ear,"Stored energy / EAR (national %)",energy_water,ons_open_data,daily,2018-09-14,29.3714,pct
stored_energy_ear,"Stored energy / EAR (national %)",energy_water,ons_open_data,daily,2018-09-15,29.2281,pct
stored_energy_ear,"Stored energy / EAR (national %)",energy_water,ons_open_data,daily,2018-09-16,29.1629,pct
stored_energy_ear,"Stored energy / EAR (national %)",energy_water,ons_open_data,daily,2018-09-17,28.9763,pct
stored_energy_ear,"Stored energy / EAR (national %)",energy_water,ons_open_data,daily,2018-09-18,28.7589,pct
stored_energy_ear,"Stored energy / EAR (national %)",energy_water,ons_open_data,daily,2018-09-19,28.5573,pct
stored_energy_ear,"Stored energy / EAR (national %)",energy_water,ons_open_data,daily,2018-09-20,28.4032,pct
stored_energy_ear,"Stored energy / EAR (national %)",energy_water,ons_open_data,daily,2018-09-21,28.2069,pct
stored_energy_ear,"Stored energy / EAR (national %)",energy_water,ons_open_data,daily,2018-09-22,28.1055,pct
stored_energy_ear,"Stored energy / EAR (national %)",energy_water,ons_open_data,daily,2018-09-23,28.0496,pct
stored_energy_ear,"Stored energy / EAR (national %)",energy_water,ons_open_data,daily,2018-09-24,27.7845,pct
stored_energy_ear,"Stored energy / EAR (national %)",energy_water,ons_open_data,daily,2018-09-25,27.5751,pct
stored_energy_ear,"Stored energy / EAR (national %)",energy_water,ons_open_data,daily,2018-09-26,27.3191,pct
stored_energy_ear,"Stored energy / EAR (national %)",energy_water,ons_open_data,daily,2018-09-27,27.0724,pct
stored_energy_ear,"Stored energy / EAR (national %)",energy_water,ons_open_data,daily,2018-09-28,26.8310,pct
stored_energy_ear,"Stored energy / EAR (national %)",energy_water,ons_open_data,daily,2018-09-29,26.6437,pct
stored_energy_ear,"Stored energy / EAR (national %)",energy_water,ons_open_data,daily,2018-09-30,26.5397,pct
stored_energy_ear,"Stored energy / EAR (national %)",energy_water,ons_open_data,daily,2018-10-01,26.2799,pct
stored_energy_ear,"Stored energy / EAR (national %)",energy_water,ons_open_data,daily,2018-10-02,26.0764,pct
stored_energy_ear,"Stored energy / EAR (national %)",energy_water,ons_open_data,daily,2018-10-03,25.8773,pct
stored_energy_ear,"Stored energy / EAR (national %)",energy_water,ons_open_data,daily,2018-10-04,25.6940,pct
stored_energy_ear,"Stored energy / EAR (national %)",energy_water,ons_open_data,daily,2018-10-05,25.5347,pct
stored_energy_ear,"Stored energy / EAR (national %)",energy_water,ons_open_data,daily,2018-10-06,25.4594,pct
stored_energy_ear,"Stored energy / EAR (national %)",energy_water,ons_open_data,daily,2018-10-07,25.4709,pct
stored_energy_ear,"Stored energy / EAR (national %)",energy_water,ons_open_data,daily,2018-10-08,25.3701,pct
stored_energy_ear,"Stored energy / EAR (national %)",energy_water,ons_open_data,daily,2018-10-09,25.2428,pct
stored_energy_ear,"Stored energy / EAR (national %)",energy_water,ons_open_data,daily,2018-10-10,25.1345,pct
stored_energy_ear,"Stored energy / EAR (national %)",energy_water,ons_open_data,daily,2018-10-11,25.0609,pct
stored_energy_ear,"Stored energy / EAR (national %)",energy_water,ons_open_data,daily,2018-10-12,25.1380,pct
stored_energy_ear,"Stored energy / EAR (national %)",energy_water,ons_open_data,daily,2018-10-13,25.1809,pct
stored_energy_ear,"Stored energy / EAR (national %)",energy_water,ons_open_data,daily,2018-10-14,25.2430,pct
stored_energy_ear,"Stored energy / EAR (national %)",energy_water,ons_open_data,daily,2018-10-15,25.1481,pct
stored_energy_ear,"Stored energy / EAR (national %)",energy_water,ons_open_data,daily,2018-10-16,25.1203,pct
stored_energy_ear,"Stored energy / EAR (national %)",energy_water,ons_open_data,daily,2018-10-17,25.0713,pct
stored_energy_ear,"Stored energy / EAR (national %)",energy_water,ons_open_data,daily,2018-10-18,25.0566,pct
stored_energy_ear,"Stored energy / EAR (national %)",energy_water,ons_open_data,daily,2018-10-19,25.0734,pct
stored_energy_ear,"Stored energy / EAR (national %)",energy_water,ons_open_data,daily,2018-10-20,25.2196,pct
stored_energy_ear,"Stored energy / EAR (national %)",energy_water,ons_open_data,daily,2018-10-21,25.3997,pct
stored_energy_ear,"Stored energy / EAR (national %)",energy_water,ons_open_data,daily,2018-10-22,25.3382,pct
stored_energy_ear,"Stored energy / EAR (national %)",energy_water,ons_open_data,daily,2018-10-23,25.2605,pct
stored_energy_ear,"Stored energy / EAR (national %)",energy_water,ons_open_data,daily,2018-10-24,25.1757,pct
stored_energy_ear,"Stored energy / EAR (national %)",energy_water,ons_open_data,daily,2018-10-25,25.1350,pct
stored_energy_ear,"Stored energy / EAR (national %)",energy_water,ons_open_data,daily,2018-10-26,25.1067,pct
stored_energy_ear,"Stored energy / EAR (national %)",energy_water,ons_open_data,daily,2018-10-27,25.1424,pct
stored_energy_ear,"Stored energy / EAR (national %)",energy_water,ons_open_data,daily,2018-10-28,25.2319,pct
stored_energy_ear,"Stored energy / EAR (national %)",energy_water,ons_open_data,daily,2018-10-29,25.1872,pct
stored_energy_ear,"Stored energy / EAR (national %)",energy_water,ons_open_data,daily,2018-10-30,25.1413,pct
stored_energy_ear,"Stored energy / EAR (national %)",energy_water,ons_open_data,daily,2018-10-31,25.1106,pct
stored_energy_ear,"Stored energy / EAR (national %)",energy_water,ons_open_data,daily,2018-11-01,25.1029,pct
stored_energy_ear,"Stored energy / EAR (national %)",energy_water,ons_open_data,daily,2018-11-02,25.1717,pct
stored_energy_ear,"Stored energy / EAR (national %)",energy_water,ons_open_data,daily,2018-11-03,25.1985,pct
stored_energy_ear,"Stored energy / EAR (national %)",energy_water,ons_open_data,daily,2018-11-04,25.3345,pct
stored_energy_ear,"Stored energy / EAR (national %)",energy_water,ons_open_data,daily,2018-11-05,25.2487,pct
stored_energy_ear,"Stored energy / EAR (national %)",energy_water,ons_open_data,daily,2018-11-06,25.2193,pct
stored_energy_ear,"Stored energy / EAR (national %)",energy_water,ons_open_data,daily,2018-11-07,25.1757,pct
stored_energy_ear,"Stored energy / EAR (national %)",energy_water,ons_open_data,daily,2018-11-08,25.1672,pct
stored_energy_ear,"Stored energy / EAR (national %)",energy_water,ons_open_data,daily,2018-11-09,25.1917,pct
stored_energy_ear,"Stored energy / EAR (national %)",energy_water,ons_open_data,daily,2018-11-10,25.3289,pct
stored_energy_ear,"Stored energy / EAR (national %)",energy_water,ons_open_data,daily,2018-11-11,25.5344,pct
stored_energy_ear,"Stored energy / EAR (national %)",energy_water,ons_open_data,daily,2018-11-12,25.5097,pct
stored_energy_ear,"Stored energy / EAR (national %)",energy_water,ons_open_data,daily,2018-11-13,25.4871,pct
stored_energy_ear,"Stored energy / EAR (national %)",energy_water,ons_open_data,daily,2018-11-14,25.4836,pct
stored_energy_ear,"Stored energy / EAR (national %)",energy_water,ons_open_data,daily,2018-11-15,25.5376,pct
stored_energy_ear,"Stored energy / EAR (national %)",energy_water,ons_open_data,daily,2018-11-16,25.5069,pct
stored_energy_ear,"Stored energy / EAR (national %)",energy_water,ons_open_data,daily,2018-11-17,25.6017,pct
stored_energy_ear,"Stored energy / EAR (national %)",energy_water,ons_open_data,daily,2018-11-18,25.7463,pct
stored_energy_ear,"Stored energy / EAR (national %)",energy_water,ons_open_data,daily,2018-11-19,25.7395,pct
stored_energy_ear,"Stored energy / EAR (national %)",energy_water,ons_open_data,daily,2018-11-20,25.8150,pct
stored_energy_ear,"Stored energy / EAR (national %)",energy_water,ons_open_data,daily,2018-11-21,25.9320,pct
stored_energy_ear,"Stored energy / EAR (national %)",energy_water,ons_open_data,daily,2018-11-22,26.0860,pct
stored_energy_ear,"Stored energy / EAR (national %)",energy_water,ons_open_data,daily,2018-11-23,26.2332,pct
stored_energy_ear,"Stored energy / EAR (national %)",energy_water,ons_open_data,daily,2018-11-24,26.4939,pct
stored_energy_ear,"Stored energy / EAR (national %)",energy_water,ons_open_data,daily,2018-11-25,26.8996,pct
stored_energy_ear,"Stored energy / EAR (national %)",energy_water,ons_open_data,daily,2018-11-26,27.2047,pct
stored_energy_ear,"Stored energy / EAR (national %)",energy_water,ons_open_data,daily,2018-11-27,27.5544,pct
stored_energy_ear,"Stored energy / EAR (national %)",energy_water,ons_open_data,daily,2018-11-28,27.7806,pct
stored_energy_ear,"Stored energy / EAR (national %)",energy_water,ons_open_data,daily,2018-11-29,27.9254,pct
stored_energy_ear,"Stored energy / EAR (national %)",energy_water,ons_open_data,daily,2018-11-30,28.0155,pct
stored_energy_ear,"Stored energy / EAR (national %)",energy_water,ons_open_data,daily,2018-12-01,28.1996,pct
stored_energy_ear,"Stored energy / EAR (national %)",energy_water,ons_open_data,daily,2018-12-02,28.5958,pct
stored_energy_ear,"Stored energy / EAR (national %)",energy_water,ons_open_data,daily,2018-12-03,28.8762,pct
stored_energy_ear,"Stored energy / EAR (national %)",energy_water,ons_open_data,daily,2018-12-04,29.1465,pct
stored_energy_ear,"Stored energy / EAR (national %)",energy_water,ons_open_data,daily,2018-12-05,29.3753,pct
stored_energy_ear,"Stored energy / EAR (national %)",energy_water,ons_open_data,daily,2018-12-06,29.5898,pct
stored_energy_ear,"Stored energy / EAR (national %)",energy_water,ons_open_data,daily,2018-12-07,29.7895,pct
stored_energy_ear,"Stored energy / EAR (national %)",energy_water,ons_open_data,daily,2018-12-08,30.0412,pct
stored_energy_ear,"Stored energy / EAR (national %)",energy_water,ons_open_data,daily,2018-12-09,30.3674,pct
stored_energy_ear,"Stored energy / EAR (national %)",energy_water,ons_open_data,daily,2018-12-10,30.4650,pct
stored_energy_ear,"Stored energy / EAR (national %)",energy_water,ons_open_data,daily,2018-12-11,30.4961,pct
stored_energy_ear,"Stored energy / EAR (national %)",energy_water,ons_open_data,daily,2018-12-12,30.4787,pct
stored_energy_ear,"Stored energy / EAR (national %)",energy_water,ons_open_data,daily,2018-12-13,30.4847,pct
stored_energy_ear,"Stored energy / EAR (national %)",energy_water,ons_open_data,daily,2018-12-14,30.4221,pct
stored_energy_ear,"Stored energy / EAR (national %)",energy_water,ons_open_data,daily,2018-12-15,30.4785,pct
stored_energy_ear,"Stored energy / EAR (national %)",energy_water,ons_open_data,daily,2018-12-16,30.6020,pct
stored_energy_ear,"Stored energy / EAR (national %)",energy_water,ons_open_data,daily,2018-12-17,30.5021,pct
stored_energy_ear,"Stored energy / EAR (national %)",energy_water,ons_open_data,daily,2018-12-18,30.4845,pct
stored_energy_ear,"Stored energy / EAR (national %)",energy_water,ons_open_data,daily,2018-12-19,30.4799,pct
stored_energy_ear,"Stored energy / EAR (national %)",energy_water,ons_open_data,daily,2018-12-20,30.4591,pct
stored_energy_ear,"Stored energy / EAR (national %)",energy_water,ons_open_data,daily,2018-12-21,30.4418,pct
stored_energy_ear,"Stored energy / EAR (national %)",energy_water,ons_open_data,daily,2018-12-22,30.5162,pct
stored_energy_ear,"Stored energy / EAR (national %)",energy_water,ons_open_data,daily,2018-12-23,30.6084,pct
stored_energy_ear,"Stored energy / EAR (national %)",energy_water,ons_open_data,daily,2018-12-24,30.6928,pct
stored_energy_ear,"Stored energy / EAR (national %)",energy_water,ons_open_data,daily,2018-12-25,30.9371,pct
stored_energy_ear,"Stored energy / EAR (national %)",energy_water,ons_open_data,daily,2018-12-26,31.0267,pct
stored_energy_ear,"Stored energy / EAR (national %)",energy_water,ons_open_data,daily,2018-12-27,31.1445,pct
stored_energy_ear,"Stored energy / EAR (national %)",energy_water,ons_open_data,daily,2018-12-28,31.1788,pct
stored_energy_ear,"Stored energy / EAR (national %)",energy_water,ons_open_data,daily,2018-12-29,31.3773,pct
stored_energy_ear,"Stored energy / EAR (national %)",energy_water,ons_open_data,daily,2018-12-30,31.5767,pct
stored_energy_ear,"Stored energy / EAR (national %)",energy_water,ons_open_data,daily,2018-12-31,31.7589,pct
stored_energy_ear,"Stored energy / EAR (national %)",energy_water,ons_open_data,daily,2019-01-01,31.9531,pct
stored_energy_ear,"Stored energy / EAR (national %)",energy_water,ons_open_data,daily,2019-01-02,32.0587,pct
stored_energy_ear,"Stored energy / EAR (national %)",energy_water,ons_open_data,daily,2019-01-03,32.0489,pct
stored_energy_ear,"Stored energy / EAR (national %)",energy_water,ons_open_data,daily,2019-01-04,32.0416,pct
stored_energy_ear,"Stored energy / EAR (national %)",energy_water,ons_open_data,daily,2019-01-05,32.2318,pct
stored_energy_ear,"Stored energy / EAR (national %)",energy_water,ons_open_data,daily,2019-01-06,32.4261,pct
stored_energy_ear,"Stored energy / EAR (national %)",energy_water,ons_open_data,daily,2019-01-07,32.4384,pct
stored_energy_ear,"Stored energy / EAR (national %)",energy_water,ons_open_data,daily,2019-01-08,32.4253,pct
stored_energy_ear,"Stored energy / EAR (national %)",energy_water,ons_open_data,daily,2019-01-09,32.4195,pct
stored_energy_ear,"Stored energy / EAR (national %)",energy_water,ons_open_data,daily,2019-01-10,32.4239,pct
stored_energy_ear,"Stored energy / EAR (national %)",energy_water,ons_open_data,daily,2019-01-11,32.3913,pct
stored_energy_ear,"Stored energy / EAR (national %)",energy_water,ons_open_data,daily,2019-01-12,32.4517,pct
stored_energy_ear,"Stored energy / EAR (national %)",energy_water,ons_open_data,daily,2019-01-13,32.4712,pct
stored_energy_ear,"Stored energy / EAR (national %)",energy_water,ons_open_data,daily,2019-01-14,32.3397,pct
stored_energy_ear,"Stored energy / EAR (national %)",energy_water,ons_open_data,daily,2019-01-15,32.2155,pct
stored_energy_ear,"Stored energy / EAR (national %)",energy_water,ons_open_data,daily,2019-01-16,32.1396,pct
stored_energy_ear,"Stored energy / EAR (national %)",energy_water,ons_open_data,daily,2019-01-17,32.0549,pct
stored_energy_ear,"Stored energy / EAR (national %)",energy_water,ons_open_data,daily,2019-01-18,32.0289,pct
stored_energy_ear,"Stored energy / EAR (national %)",energy_water,ons_open_data,daily,2019-01-19,31.9847,pct
stored_energy_ear,"Stored energy / EAR (national %)",energy_water,ons_open_data,daily,2019-01-20,32.0903,pct
stored_energy_ear,"Stored energy / EAR (national %)",energy_water,ons_open_data,daily,2019-01-21,31.9996,pct
stored_energy_ear,"Stored energy / EAR (national %)",energy_water,ons_open_data,daily,2019-01-22,31.8785,pct
stored_energy_ear,"Stored energy / EAR (national %)",energy_water,ons_open_data,daily,2019-01-23,31.7247,pct
stored_energy_ear,"Stored energy / EAR (national %)",energy_water,ons_open_data,daily,2019-01-24,31.6279,pct
stored_energy_ear,"Stored energy / EAR (national %)",energy_water,ons_open_data,daily,2019-01-25,31.5402,pct
stored_energy_ear,"Stored energy / EAR (national %)",energy_water,ons_open_data,daily,2019-01-26,31.5283,pct
stored_energy_ear,"Stored energy / EAR (national %)",energy_water,ons_open_data,daily,2019-01-27,31.5802,pct
stored_energy_ear,"Stored energy / EAR (national %)",energy_water,ons_open_data,daily,2019-01-28,31.4384,pct
stored_energy_ear,"Stored energy / EAR (national %)",energy_water,ons_open_data,daily,2019-01-29,31.2913,pct
stored_energy_ear,"Stored energy / EAR (national %)",energy_water,ons_open_data,daily,2019-01-30,31.1349,pct
stored_energy_ear,"Stored energy / EAR (national %)",energy_water,ons_open_data,daily,2019-01-31,30.9406,pct
stored_energy_ear,"Stored energy / EAR (national %)",energy_water,ons_open_data,daily,2019-02-01,30.7478,pct
stored_energy_ear,"Stored energy / EAR (national %)",energy_water,ons_open_data,daily,2019-02-02,30.6672,pct
stored_energy_ear,"Stored energy / EAR (national %)",energy_water,ons_open_data,daily,2019-02-03,30.6706,pct
stored_energy_ear,"Stored energy / EAR (national %)",energy_water,ons_open_data,daily,2019-02-04,30.5640,pct
stored_energy_ear,"Stored energy / EAR (national %)",energy_water,ons_open_data,daily,2019-02-05,30.4614,pct
stored_energy_ear,"Stored energy / EAR (national %)",energy_water,ons_open_data,daily,2019-02-06,30.4344,pct
stored_energy_ear,"Stored energy / EAR (national %)",energy_water,ons_open_data,daily,2019-02-07,30.4040,pct
stored_energy_ear,"Stored energy / EAR (national %)",energy_water,ons_open_data,daily,2019-02-08,30.3846,pct
stored_energy_ear,"Stored energy / EAR (national %)",energy_water,ons_open_data,daily,2019-02-09,30.4467,pct
stored_energy_ear,"Stored energy / EAR (national %)",energy_water,ons_open_data,daily,2019-02-10,30.5422,pct
stored_energy_ear,"Stored energy / EAR (national %)",energy_water,ons_open_data,daily,2019-02-11,30.4299,pct
stored_energy_ear,"Stored energy / EAR (national %)",energy_water,ons_open_data,daily,2019-02-12,30.3823,pct
stored_energy_ear,"Stored energy / EAR (national %)",energy_water,ons_open_data,daily,2019-02-13,30.3718,pct
stored_energy_ear,"Stored energy / EAR (national %)",energy_water,ons_open_data,daily,2019-02-14,30.4987,pct
stored_energy_ear,"Stored energy / EAR (national %)",energy_water,ons_open_data,daily,2019-02-15,30.5447,pct
stored_energy_ear,"Stored energy / EAR (national %)",energy_water,ons_open_data,daily,2019-02-16,30.7904,pct
stored_energy_ear,"Stored energy / EAR (national %)",energy_water,ons_open_data,daily,2019-02-17,31.1303,pct
stored_energy_ear,"Stored energy / EAR (national %)",energy_water,ons_open_data,daily,2019-02-18,31.4058,pct
stored_energy_ear,"Stored energy / EAR (national %)",energy_water,ons_open_data,daily,2019-02-19,31.6450,pct
stored_energy_ear,"Stored energy / EAR (national %)",energy_water,ons_open_data,daily,2019-02-20,31.8694,pct
stored_energy_ear,"Stored energy / EAR (national %)",energy_water,ons_open_data,daily,2019-02-21,32.0682,pct
stored_energy_ear,"Stored energy / EAR (national %)",energy_water,ons_open_data,daily,2019-02-22,32.2818,pct
stored_energy_ear,"Stored energy / EAR (national %)",energy_water,ons_open_data,daily,2019-02-23,32.5223,pct
stored_energy_ear,"Stored energy / EAR (national %)",energy_water,ons_open_data,daily,2019-02-24,32.7989,pct
stored_energy_ear,"Stored energy / EAR (national %)",energy_water,ons_open_data,daily,2019-02-25,32.9366,pct
stored_energy_ear,"Stored energy / EAR (national %)",energy_water,ons_open_data,daily,2019-02-26,33.1700,pct
stored_energy_ear,"Stored energy / EAR (national %)",energy_water,ons_open_data,daily,2019-02-27,33.4267,pct
stored_energy_ear,"Stored energy / EAR (national %)",energy_water,ons_open_data,daily,2019-02-28,33.7313,pct
stored_energy_ear,"Stored energy / EAR (national %)",energy_water,ons_open_data,daily,2019-03-01,34.0672,pct
stored_energy_ear,"Stored energy / EAR (national %)",energy_water,ons_open_data,daily,2019-03-02,34.4975,pct
stored_energy_ear,"Stored energy / EAR (national %)",energy_water,ons_open_data,daily,2019-03-03,35.0238,pct
stored_energy_ear,"Stored energy / EAR (national %)",energy_water,ons_open_data,daily,2019-03-04,35.5019,pct
stored_energy_ear,"Stored energy / EAR (national %)",energy_water,ons_open_data,daily,2019-03-05,36.0124,pct
stored_energy_ear,"Stored energy / EAR (national %)",energy_water,ons_open_data,daily,2019-03-06,36.4208,pct
stored_energy_ear,"Stored energy / EAR (national %)",energy_water,ons_open_data,daily,2019-03-07,36.8057,pct
stored_energy_ear,"Stored energy / EAR (national %)",energy_water,ons_open_data,daily,2019-03-08,37.1591,pct
stored_energy_ear,"Stored energy / EAR (national %)",energy_water,ons_open_data,daily,2019-03-09,37.5959,pct
stored_energy_ear,"Stored energy / EAR (national %)",energy_water,ons_open_data,daily,2019-03-10,38.0755,pct
stored_energy_ear,"Stored energy / EAR (national %)",energy_water,ons_open_data,daily,2019-03-11,38.4418,pct
stored_energy_ear,"Stored energy / EAR (national %)",energy_water,ons_open_data,daily,2019-03-12,38.7795,pct
stored_energy_ear,"Stored energy / EAR (national %)",energy_water,ons_open_data,daily,2019-03-13,39.0914,pct
stored_energy_ear,"Stored energy / EAR (national %)",energy_water,ons_open_data,daily,2019-03-14,39.3899,pct
stored_energy_ear,"Stored energy / EAR (national %)",energy_water,ons_open_data,daily,2019-03-15,39.7025,pct
stored_energy_ear,"Stored energy / EAR (national %)",energy_water,ons_open_data,daily,2019-03-16,40.1072,pct
stored_energy_ear,"Stored energy / EAR (national %)",energy_water,ons_open_data,daily,2019-03-17,40.5400,pct
stored_energy_ear,"Stored energy / EAR (national %)",energy_water,ons_open_data,daily,2019-03-18,40.7722,pct
stored_energy_ear,"Stored energy / EAR (national %)",energy_water,ons_open_data,daily,2019-03-19,41.0438,pct
stored_energy_ear,"Stored energy / EAR (national %)",energy_water,ons_open_data,daily,2019-03-20,41.3977,pct
stored_energy_ear,"Stored energy / EAR (national %)",energy_water,ons_open_data,daily,2019-03-21,41.7529,pct
stored_energy_ear,"Stored energy / EAR (national %)",energy_water,ons_open_data,daily,2019-03-22,42.0893,pct
stored_energy_ear,"Stored energy / EAR (national %)",energy_water,ons_open_data,daily,2019-03-23,42.4478,pct
stored_energy_ear,"Stored energy / EAR (national %)",energy_water,ons_open_data,daily,2019-03-24,42.8497,pct
stored_energy_ear,"Stored energy / EAR (national %)",energy_water,ons_open_data,daily,2019-03-25,43.0944,pct
stored_energy_ear,"Stored energy / EAR (national %)",energy_water,ons_open_data,daily,2019-03-26,43.2857,pct
stored_energy_ear,"Stored energy / EAR (national %)",energy_water,ons_open_data,daily,2019-03-27,43.4515,pct
stored_energy_ear,"Stored energy / EAR (national %)",energy_water,ons_open_data,daily,2019-03-28,43.6425,pct
stored_energy_ear,"Stored energy / EAR (national %)",energy_water,ons_open_data,daily,2019-03-29,43.7948,pct
stored_energy_ear,"Stored energy / EAR (national %)",energy_water,ons_open_data,daily,2019-03-30,43.9416,pct
stored_energy_ear,"Stored energy / EAR (national %)",energy_water,ons_open_data,daily,2019-03-31,44.1218,pct
stored_energy_ear,"Stored energy / EAR (national %)",energy_water,ons_open_data,daily,2019-04-01,44.1467,pct
stored_energy_ear,"Stored energy / EAR (national %)",energy_water,ons_open_data,daily,2019-04-02,44.1595,pct
stored_energy_ear,"Stored energy / EAR (national %)",energy_water,ons_open_data,daily,2019-04-03,44.1849,pct
stored_energy_ear,"Stored energy / EAR (national %)",energy_water,ons_open_data,daily,2019-04-04,44.1968,pct
stored_energy_ear,"Stored energy / EAR (national %)",energy_water,ons_open_data,daily,2019-04-05,44.1980,pct
stored_energy_ear,"Stored energy / EAR (national %)",energy_water,ons_open_data,daily,2019-04-06,44.3130,pct
stored_energy_ear,"Stored energy / EAR (national %)",energy_water,ons_open_data,daily,2019-04-07,44.5223,pct
stored_energy_ear,"Stored energy / EAR (national %)",energy_water,ons_open_data,daily,2019-04-08,44.7049,pct
stored_energy_ear,"Stored energy / EAR (national %)",energy_water,ons_open_data,daily,2019-04-09,44.9509,pct
stored_energy_ear,"Stored energy / EAR (national %)",energy_water,ons_open_data,daily,2019-04-10,45.2604,pct
stored_energy_ear,"Stored energy / EAR (national %)",energy_water,ons_open_data,daily,2019-04-11,45.4822,pct
stored_energy_ear,"Stored energy / EAR (national %)",energy_water,ons_open_data,daily,2019-04-12,45.6590,pct
stored_energy_ear,"Stored energy / EAR (national %)",energy_water,ons_open_data,daily,2019-04-13,45.9192,pct
stored_energy_ear,"Stored energy / EAR (national %)",energy_water,ons_open_data,daily,2019-04-14,46.1946,pct
stored_energy_ear,"Stored energy / EAR (national %)",energy_water,ons_open_data,daily,2019-04-15,46.3275,pct
stored_energy_ear,"Stored energy / EAR (national %)",energy_water,ons_open_data,daily,2019-04-16,46.5361,pct
stored_energy_ear,"Stored energy / EAR (national %)",energy_water,ons_open_data,daily,2019-04-17,46.7652,pct
stored_energy_ear,"Stored energy / EAR (national %)",energy_water,ons_open_data,daily,2019-04-18,47.0059,pct
stored_energy_ear,"Stored energy / EAR (national %)",energy_water,ons_open_data,daily,2019-04-19,47.3775,pct
stored_energy_ear,"Stored energy / EAR (national %)",energy_water,ons_open_data,daily,2019-04-20,47.6038,pct
stored_energy_ear,"Stored energy / EAR (national %)",energy_water,ons_open_data,daily,2019-04-21,47.8593,pct
stored_energy_ear,"Stored energy / EAR (national %)",energy_water,ons_open_data,daily,2019-04-22,47.9024,pct
stored_energy_ear,"Stored energy / EAR (national %)",energy_water,ons_open_data,daily,2019-04-23,47.9557,pct
stored_energy_ear,"Stored energy / EAR (national %)",energy_water,ons_open_data,daily,2019-04-24,48.0105,pct
stored_energy_ear,"Stored energy / EAR (national %)",energy_water,ons_open_data,daily,2019-04-25,48.0803,pct
stored_energy_ear,"Stored energy / EAR (national %)",energy_water,ons_open_data,daily,2019-04-26,48.1510,pct
stored_energy_ear,"Stored energy / EAR (national %)",energy_water,ons_open_data,daily,2019-04-27,48.2991,pct
stored_energy_ear,"Stored energy / EAR (national %)",energy_water,ons_open_data,daily,2019-04-28,48.5130,pct
stored_energy_ear,"Stored energy / EAR (national %)",energy_water,ons_open_data,daily,2019-04-29,48.5724,pct
stored_energy_ear,"Stored energy / EAR (national %)",energy_water,ons_open_data,daily,2019-04-30,48.6744,pct
stored_energy_ear,"Stored energy / EAR (national %)",energy_water,ons_open_data,daily,2019-05-01,48.8086,pct
stored_energy_ear,"Stored energy / EAR (national %)",energy_water,ons_open_data,daily,2019-05-02,48.9529,pct
stored_energy_ear,"Stored energy / EAR (national %)",energy_water,ons_open_data,daily,2019-05-03,48.9579,pct
stored_energy_ear,"Stored energy / EAR (national %)",energy_water,ons_open_data,daily,2019-05-04,49.0708,pct
stored_energy_ear,"Stored energy / EAR (national %)",energy_water,ons_open_data,daily,2019-05-05,49.2177,pct
stored_energy_ear,"Stored energy / EAR (national %)",energy_water,ons_open_data,daily,2019-05-06,49.2581,pct
stored_energy_ear,"Stored energy / EAR (national %)",energy_water,ons_open_data,daily,2019-05-07,49.3422,pct
stored_energy_ear,"Stored energy / EAR (national %)",energy_water,ons_open_data,daily,2019-05-08,49.4403,pct
stored_energy_ear,"Stored energy / EAR (national %)",energy_water,ons_open_data,daily,2019-05-09,49.4899,pct
stored_energy_ear,"Stored energy / EAR (national %)",energy_water,ons_open_data,daily,2019-05-10,49.5063,pct
stored_energy_ear,"Stored energy / EAR (national %)",energy_water,ons_open_data,daily,2019-05-11,49.6492,pct
stored_energy_ear,"Stored energy / EAR (national %)",energy_water,ons_open_data,daily,2019-05-12,49.8435,pct
stored_energy_ear,"Stored energy / EAR (national %)",energy_water,ons_open_data,daily,2019-05-13,49.8506,pct
stored_energy_ear,"Stored energy / EAR (national %)",energy_water,ons_open_data,daily,2019-05-14,49.9142,pct
stored_energy_ear,"Stored energy / EAR (national %)",energy_water,ons_open_data,daily,2019-05-15,50.0566,pct
stored_energy_ear,"Stored energy / EAR (national %)",energy_water,ons_open_data,daily,2019-05-16,50.2074,pct
stored_energy_ear,"Stored energy / EAR (national %)",energy_water,ons_open_data,daily,2019-05-17,50.3055,pct
stored_energy_ear,"Stored energy / EAR (national %)",energy_water,ons_open_data,daily,2019-05-18,50.4168,pct
stored_energy_ear,"Stored energy / EAR (national %)",energy_water,ons_open_data,daily,2019-05-19,50.5565,pct
stored_energy_ear,"Stored energy / EAR (national %)",energy_water,ons_open_data,daily,2019-05-20,50.6284,pct
stored_energy_ear,"Stored energy / EAR (national %)",energy_water,ons_open_data,daily,2019-05-21,50.6991,pct
stored_energy_ear,"Stored energy / EAR (national %)",energy_water,ons_open_data,daily,2019-05-22,50.7558,pct
stored_energy_ear,"Stored energy / EAR (national %)",energy_water,ons_open_data,daily,2019-05-23,50.8017,pct
stored_energy_ear,"Stored energy / EAR (national %)",energy_water,ons_open_data,daily,2019-05-24,50.8968,pct
stored_energy_ear,"Stored energy / EAR (national %)",energy_water,ons_open_data,daily,2019-05-25,51.1097,pct
stored_energy_ear,"Stored energy / EAR (national %)",energy_water,ons_open_data,daily,2019-05-26,51.3178,pct
stored_energy_ear,"Stored energy / EAR (national %)",energy_water,ons_open_data,daily,2019-05-27,51.3912,pct
stored_energy_ear,"Stored energy / EAR (national %)",energy_water,ons_open_data,daily,2019-05-28,51.5101,pct
stored_energy_ear,"Stored energy / EAR (national %)",energy_water,ons_open_data,daily,2019-05-29,51.6644,pct
stored_energy_ear,"Stored energy / EAR (national %)",energy_water,ons_open_data,daily,2019-05-30,51.8869,pct
stored_energy_ear,"Stored energy / EAR (national %)",energy_water,ons_open_data,daily,2019-05-31,52.1983,pct
stored_energy_ear,"Stored energy / EAR (national %)",energy_water,ons_open_data,daily,2019-06-01,52.5194,pct
stored_energy_ear,"Stored energy / EAR (national %)",energy_water,ons_open_data,daily,2019-06-02,52.8001,pct
stored_energy_ear,"Stored energy / EAR (national %)",energy_water,ons_open_data,daily,2019-06-03,52.9197,pct
stored_energy_ear,"Stored energy / EAR (national %)",energy_water,ons_open_data,daily,2019-06-04,53.0393,pct
stored_energy_ear,"Stored energy / EAR (national %)",energy_water,ons_open_data,daily,2019-06-05,53.2300,pct
stored_energy_ear,"Stored energy / EAR (national %)",energy_water,ons_open_data,daily,2019-06-06,53.3718,pct
stored_energy_ear,"Stored energy / EAR (national %)",energy_water,ons_open_data,daily,2019-06-07,53.4117,pct
stored_energy_ear,"Stored energy / EAR (national %)",energy_water,ons_open_data,daily,2019-06-08,53.4802,pct
stored_energy_ear,"Stored energy / EAR (national %)",energy_water,ons_open_data,daily,2019-06-09,53.5400,pct
stored_energy_ear,"Stored energy / EAR (national %)",energy_water,ons_open_data,daily,2019-06-10,53.5258,pct
stored_energy_ear,"Stored energy / EAR (national %)",energy_water,ons_open_data,daily,2019-06-11,53.5000,pct
stored_energy_ear,"Stored energy / EAR (national %)",energy_water,ons_open_data,daily,2019-06-12,53.4763,pct
stored_energy_ear,"Stored energy / EAR (national %)",energy_water,ons_open_data,daily,2019-06-13,53.4752,pct
stored_energy_ear,"Stored energy / EAR (national %)",energy_water,ons_open_data,daily,2019-06-14,53.4779,pct
stored_energy_ear,"Stored energy / EAR (national %)",energy_water,ons_open_data,daily,2019-06-15,53.5674,pct
stored_energy_ear,"Stored energy / EAR (national %)",energy_water,ons_open_data,daily,2019-06-16,53.6407,pct
stored_energy_ear,"Stored energy / EAR (national %)",energy_water,ons_open_data,daily,2019-06-17,53.6178,pct
stored_energy_ear,"Stored energy / EAR (national %)",energy_water,ons_open_data,daily,2019-06-18,53.6049,pct
stored_energy_ear,"Stored energy / EAR (national %)",energy_water,ons_open_data,daily,2019-06-19,53.5808,pct
stored_energy_ear,"Stored energy / EAR (national %)",energy_water,ons_open_data,daily,2019-06-20,53.6182,pct
stored_energy_ear,"Stored energy / EAR (national %)",energy_water,ons_open_data,daily,2019-06-21,53.6090,pct
stored_energy_ear,"Stored energy / EAR (national %)",energy_water,ons_open_data,daily,2019-06-22,53.5820,pct
stored_energy_ear,"Stored energy / EAR (national %)",energy_water,ons_open_data,daily,2019-06-23,53.5599,pct
stored_energy_ear,"Stored energy / EAR (national %)",energy_water,ons_open_data,daily,2019-06-24,53.4588,pct
stored_energy_ear,"Stored energy / EAR (national %)",energy_water,ons_open_data,daily,2019-06-25,53.3518,pct
stored_energy_ear,"Stored energy / EAR (national %)",energy_water,ons_open_data,daily,2019-06-26,53.2160,pct
stored_energy_ear,"Stored energy / EAR (national %)",energy_water,ons_open_data,daily,2019-06-27,53.0900,pct
stored_energy_ear,"Stored energy / EAR (national %)",energy_water,ons_open_data,daily,2019-06-28,52.9805,pct
stored_energy_ear,"Stored energy / EAR (national %)",energy_water,ons_open_data,daily,2019-06-29,52.9168,pct
stored_energy_ear,"Stored energy / EAR (national %)",energy_water,ons_open_data,daily,2019-06-30,52.9573,pct
stored_energy_ear,"Stored energy / EAR (national %)",energy_water,ons_open_data,daily,2019-07-01,52.8657,pct
stored_energy_ear,"Stored energy / EAR (national %)",energy_water,ons_open_data,daily,2019-07-02,52.7920,pct
stored_energy_ear,"Stored energy / EAR (national %)",energy_water,ons_open_data,daily,2019-07-03,52.7788,pct
stored_energy_ear,"Stored energy / EAR (national %)",energy_water,ons_open_data,daily,2019-07-04,52.6752,pct
stored_energy_ear,"Stored energy / EAR (national %)",energy_water,ons_open_data,daily,2019-07-05,52.6365,pct
stored_energy_ear,"Stored energy / EAR (national %)",energy_water,ons_open_data,daily,2019-07-06,52.6189,pct
stored_energy_ear,"Stored energy / EAR (national %)",energy_water,ons_open_data,daily,2019-07-07,52.7086,pct
stored_energy_ear,"Stored energy / EAR (national %)",energy_water,ons_open_data,daily,2019-07-08,52.7050,pct
stored_energy_ear,"Stored energy / EAR (national %)",energy_water,ons_open_data,daily,2019-07-09,52.6398,pct
stored_energy_ear,"Stored energy / EAR (national %)",energy_water,ons_open_data,daily,2019-07-10,52.5434,pct
stored_energy_ear,"Stored energy / EAR (national %)",energy_water,ons_open_data,daily,2019-07-11,52.4328,pct
stored_energy_ear,"Stored energy / EAR (national %)",energy_water,ons_open_data,daily,2019-07-12,52.2961,pct
stored_energy_ear,"Stored energy / EAR (national %)",energy_water,ons_open_data,daily,2019-07-13,52.2025,pct
stored_energy_ear,"Stored energy / EAR (national %)",energy_water,ons_open_data,daily,2019-07-14,52.1736,pct
stored_energy_ear,"Stored energy / EAR (national %)",energy_water,ons_open_data,daily,2019-07-15,52.0372,pct
stored_energy_ear,"Stored energy / EAR (national %)",energy_water,ons_open_data,daily,2019-07-16,51.8869,pct
stored_energy_ear,"Stored energy / EAR (national %)",energy_water,ons_open_data,daily,2019-07-17,51.7438,pct
stored_energy_ear,"Stored energy / EAR (national %)",energy_water,ons_open_data,daily,2019-07-18,51.6396,pct
stored_energy_ear,"Stored energy / EAR (national %)",energy_water,ons_open_data,daily,2019-07-19,51.4921,pct
stored_energy_ear,"Stored energy / EAR (national %)",energy_water,ons_open_data,daily,2019-07-20,51.3632,pct
stored_energy_ear,"Stored energy / EAR (national %)",energy_water,ons_open_data,daily,2019-07-21,51.3397,pct
stored_energy_ear,"Stored energy / EAR (national %)",energy_water,ons_open_data,daily,2019-07-22,51.1460,pct
stored_energy_ear,"Stored energy / EAR (national %)",energy_water,ons_open_data,daily,2019-07-23,50.9882,pct
stored_energy_ear,"Stored energy / EAR (national %)",energy_water,ons_open_data,daily,2019-07-24,50.8462,pct
stored_energy_ear,"Stored energy / EAR (national %)",energy_water,ons_open_data,daily,2019-07-25,50.7040,pct
stored_energy_ear,"Stored energy / EAR (national %)",energy_water,ons_open_data,daily,2019-07-26,50.5642,pct
stored_energy_ear,"Stored energy / EAR (national %)",energy_water,ons_open_data,daily,2019-07-27,50.4153,pct
stored_energy_ear,"Stored energy / EAR (national %)",energy_water,ons_open_data,daily,2019-07-28,50.3736,pct
stored_energy_ear,"Stored energy / EAR (national %)",energy_water,ons_open_data,daily,2019-07-29,50.1823,pct
stored_energy_ear,"Stored energy / EAR (national %)",energy_water,ons_open_data,daily,2019-07-30,49.9813,pct
stored_energy_ear,"Stored energy / EAR (national %)",energy_water,ons_open_data,daily,2019-07-31,49.7719,pct
stored_energy_ear,"Stored energy / EAR (national %)",energy_water,ons_open_data,daily,2019-08-01,49.5894,pct
stored_energy_ear,"Stored energy / EAR (national %)",energy_water,ons_open_data,daily,2019-08-02,49.3970,pct
stored_energy_ear,"Stored energy / EAR (national %)",energy_water,ons_open_data,daily,2019-08-03,49.2772,pct
stored_energy_ear,"Stored energy / EAR (national %)",energy_water,ons_open_data,daily,2019-08-04,49.2096,pct
stored_energy_ear,"Stored energy / EAR (national %)",energy_water,ons_open_data,daily,2019-08-05,49.0242,pct
stored_energy_ear,"Stored energy / EAR (national %)",energy_water,ons_open_data,daily,2019-08-06,48.8464,pct
stored_energy_ear,"Stored energy / EAR (national %)",energy_water,ons_open_data,daily,2019-08-07,48.6622,pct
stored_energy_ear,"Stored energy / EAR (national %)",energy_water,ons_open_data,daily,2019-08-08,48.4846,pct
stored_energy_ear,"Stored energy / EAR (national %)",energy_water,ons_open_data,daily,2019-08-09,48.2720,pct
stored_energy_ear,"Stored energy / EAR (national %)",energy_water,ons_open_data,daily,2019-08-10,48.1367,pct
stored_energy_ear,"Stored energy / EAR (national %)",energy_water,ons_open_data,daily,2019-08-11,48.0463,pct
stored_energy_ear,"Stored energy / EAR (national %)",energy_water,ons_open_data,daily,2019-08-12,47.7658,pct
stored_energy_ear,"Stored energy / EAR (national %)",energy_water,ons_open_data,daily,2019-08-13,47.5188,pct
stored_energy_ear,"Stored energy / EAR (national %)",energy_water,ons_open_data,daily,2019-08-14,47.2655,pct
stored_energy_ear,"Stored energy / EAR (national %)",energy_water,ons_open_data,daily,2019-08-15,47.0453,pct
stored_energy_ear,"Stored energy / EAR (national %)",energy_water,ons_open_data,daily,2019-08-16,46.8054,pct
stored_energy_ear,"Stored energy / EAR (national %)",energy_water,ons_open_data,daily,2019-08-17,46.6713,pct
stored_energy_ear,"Stored energy / EAR (national %)",energy_water,ons_open_data,daily,2019-08-18,46.5538,pct
stored_energy_ear,"Stored energy / EAR (national %)",energy_water,ons_open_data,daily,2019-08-19,46.2309,pct
stored_energy_ear,"Stored energy / EAR (national %)",energy_water,ons_open_data,daily,2019-08-20,45.9786,pct
stored_energy_ear,"Stored energy / EAR (national %)",energy_water,ons_open_data,daily,2019-08-21,45.6865,pct
stored_energy_ear,"Stored energy / EAR (national %)",energy_water,ons_open_data,daily,2019-08-22,45.4274,pct
stored_energy_ear,"Stored energy / EAR (national %)",energy_water,ons_open_data,daily,2019-08-23,45.1670,pct
stored_energy_ear,"Stored energy / EAR (national %)",energy_water,ons_open_data,daily,2019-08-24,44.9873,pct
stored_energy_ear,"Stored energy / EAR (national %)",energy_water,ons_open_data,daily,2019-08-25,44.8886,pct
stored_energy_ear,"Stored energy / EAR (national %)",energy_water,ons_open_data,daily,2019-08-26,44.6338,pct
stored_energy_ear,"Stored energy / EAR (national %)",energy_water,ons_open_data,daily,2019-08-27,44.3434,pct
stored_energy_ear,"Stored energy / EAR (national %)",energy_water,ons_open_data,daily,2019-08-28,44.0883,pct
stored_energy_ear,"Stored energy / EAR (national %)",energy_water,ons_open_data,daily,2019-08-29,43.8281,pct
stored_energy_ear,"Stored energy / EAR (national %)",energy_water,ons_open_data,daily,2019-08-30,43.5494,pct
stored_energy_ear,"Stored energy / EAR (national %)",energy_water,ons_open_data,daily,2019-08-31,43.3190,pct
stored_energy_ear,"Stored energy / EAR (national %)",energy_water,ons_open_data,daily,2019-09-01,43.1823,pct
stored_energy_ear,"Stored energy / EAR (national %)",energy_water,ons_open_data,daily,2019-09-02,42.8616,pct
stored_energy_ear,"Stored energy / EAR (national %)",energy_water,ons_open_data,daily,2019-09-03,42.5498,pct
stored_energy_ear,"Stored energy / EAR (national %)",energy_water,ons_open_data,daily,2019-09-04,42.2625,pct
stored_energy_ear,"Stored energy / EAR (national %)",energy_water,ons_open_data,daily,2019-09-05,42.0008,pct
stored_energy_ear,"Stored energy / EAR (national %)",energy_water,ons_open_data,daily,2019-09-06,41.8194,pct
stored_energy_ear,"Stored energy / EAR (national %)",energy_water,ons_open_data,daily,2019-09-07,41.7182,pct
stored_energy_ear,"Stored energy / EAR (national %)",energy_water,ons_open_data,daily,2019-09-08,41.5854,pct
stored_energy_ear,"Stored energy / EAR (national %)",energy_water,ons_open_data,daily,2019-09-09,41.2202,pct
stored_energy_ear,"Stored energy / EAR (national %)",energy_water,ons_open_data,daily,2019-09-10,40.8576,pct
stored_energy_ear,"Stored energy / EAR (national %)",energy_water,ons_open_data,daily,2019-09-11,40.4788,pct
stored_energy_ear,"Stored energy / EAR (national %)",energy_water,ons_open_data,daily,2019-09-12,40.1095,pct
stored_energy_ear,"Stored energy / EAR (national %)",energy_water,ons_open_data,daily,2019-09-13,39.7524,pct
stored_energy_ear,"Stored energy / EAR (national %)",energy_water,ons_open_data,daily,2019-09-14,39.5289,pct
stored_energy_ear,"Stored energy / EAR (national %)",energy_water,ons_open_data,daily,2019-09-15,39.3703,pct
stored_energy_ear,"Stored energy / EAR (national %)",energy_water,ons_open_data,daily,2019-09-16,38.9735,pct
stored_energy_ear,"Stored energy / EAR (national %)",energy_water,ons_open_data,daily,2019-09-17,38.5900,pct
stored_energy_ear,"Stored energy / EAR (national %)",energy_water,ons_open_data,daily,2019-09-18,38.1784,pct
stored_energy_ear,"Stored energy / EAR (national %)",energy_water,ons_open_data,daily,2019-09-19,37.8350,pct
stored_energy_ear,"Stored energy / EAR (national %)",energy_water,ons_open_data,daily,2019-09-20,37.4860,pct
stored_energy_ear,"Stored energy / EAR (national %)",energy_water,ons_open_data,daily,2019-09-21,37.1998,pct
stored_energy_ear,"Stored energy / EAR (national %)",energy_water,ons_open_data,daily,2019-09-22,37.0771,pct
stored_energy_ear,"Stored energy / EAR (national %)",energy_water,ons_open_data,daily,2019-09-23,36.7572,pct
stored_energy_ear,"Stored energy / EAR (national %)",energy_water,ons_open_data,daily,2019-09-24,36.4300,pct
stored_energy_ear,"Stored energy / EAR (national %)",energy_water,ons_open_data,daily,2019-09-25,36.0921,pct
stored_energy_ear,"Stored energy / EAR (national %)",energy_water,ons_open_data,daily,2019-09-26,35.8254,pct
stored_energy_ear,"Stored energy / EAR (national %)",energy_water,ons_open_data,daily,2019-09-27,35.5175,pct
stored_energy_ear,"Stored energy / EAR (national %)",energy_water,ons_open_data,daily,2019-09-28,35.3679,pct
stored_energy_ear,"Stored energy / EAR (national %)",energy_water,ons_open_data,daily,2019-09-29,35.2880,pct
stored_energy_ear,"Stored energy / EAR (national %)",energy_water,ons_open_data,daily,2019-09-30,34.9760,pct
stored_energy_ear,"Stored energy / EAR (national %)",energy_water,ons_open_data,daily,2019-10-01,34.6623,pct
stored_energy_ear,"Stored energy / EAR (national %)",energy_water,ons_open_data,daily,2019-10-02,34.3125,pct
stored_energy_ear,"Stored energy / EAR (national %)",energy_water,ons_open_data,daily,2019-10-03,34.0231,pct
stored_energy_ear,"Stored energy / EAR (national %)",energy_water,ons_open_data,daily,2019-10-04,33.7412,pct
stored_energy_ear,"Stored energy / EAR (national %)",energy_water,ons_open_data,daily,2019-10-05,33.5501,pct
stored_energy_ear,"Stored energy / EAR (national %)",energy_water,ons_open_data,daily,2019-10-06,33.4550,pct
stored_energy_ear,"Stored energy / EAR (national %)",energy_water,ons_open_data,daily,2019-10-07,33.1888,pct
stored_energy_ear,"Stored energy / EAR (national %)",energy_water,ons_open_data,daily,2019-10-08,32.9229,pct
stored_energy_ear,"Stored energy / EAR (national %)",energy_water,ons_open_data,daily,2019-10-09,32.6944,pct
stored_energy_ear,"Stored energy / EAR (national %)",energy_water,ons_open_data,daily,2019-10-10,32.4029,pct
stored_energy_ear,"Stored energy / EAR (national %)",energy_water,ons_open_data,daily,2019-10-11,32.0702,pct
stored_energy_ear,"Stored energy / EAR (national %)",energy_water,ons_open_data,daily,2019-10-12,31.8639,pct
stored_energy_ear,"Stored energy / EAR (national %)",energy_water,ons_open_data,daily,2019-10-13,31.6668,pct
stored_energy_ear,"Stored energy / EAR (national %)",energy_water,ons_open_data,daily,2019-10-14,31.3035,pct
stored_energy_ear,"Stored energy / EAR (national %)",energy_water,ons_open_data,daily,2019-10-15,31.0067,pct
stored_energy_ear,"Stored energy / EAR (national %)",energy_water,ons_open_data,daily,2019-10-16,30.7335,pct
stored_energy_ear,"Stored energy / EAR (national %)",energy_water,ons_open_data,daily,2019-10-17,30.4325,pct
stored_energy_ear,"Stored energy / EAR (national %)",energy_water,ons_open_data,daily,2019-10-18,30.1119,pct
stored_energy_ear,"Stored energy / EAR (national %)",energy_water,ons_open_data,daily,2019-10-19,29.8716,pct
stored_energy_ear,"Stored energy / EAR (national %)",energy_water,ons_open_data,daily,2019-10-20,29.7484,pct
stored_energy_ear,"Stored energy / EAR (national %)",energy_water,ons_open_data,daily,2019-10-21,29.4260,pct
stored_energy_ear,"Stored energy / EAR (national %)",energy_water,ons_open_data,daily,2019-10-22,29.0840,pct
stored_energy_ear,"Stored energy / EAR (national %)",energy_water,ons_open_data,daily,2019-10-23,28.7761,pct
stored_energy_ear,"Stored energy / EAR (national %)",energy_water,ons_open_data,daily,2019-10-24,28.5155,pct
stored_energy_ear,"Stored energy / EAR (national %)",energy_water,ons_open_data,daily,2019-10-25,28.2389,pct
stored_energy_ear,"Stored energy / EAR (national %)",energy_water,ons_open_data,daily,2019-10-26,28.0967,pct
stored_energy_ear,"Stored energy / EAR (national %)",energy_water,ons_open_data,daily,2019-10-27,27.9476,pct
stored_energy_ear,"Stored energy / EAR (national %)",energy_water,ons_open_data,daily,2019-10-28,27.6662,pct
stored_energy_ear,"Stored energy / EAR (national %)",energy_water,ons_open_data,daily,2019-10-29,27.3601,pct
stored_energy_ear,"Stored energy / EAR (national %)",energy_water,ons_open_data,daily,2019-10-30,27.0554,pct
stored_energy_ear,"Stored energy / EAR (national %)",energy_water,ons_open_data,daily,2019-10-31,26.7866,pct
stored_energy_ear,"Stored energy / EAR (national %)",energy_water,ons_open_data,daily,2019-11-01,26.6165,pct
stored_energy_ear,"Stored energy / EAR (national %)",energy_water,ons_open_data,daily,2019-11-02,26.5820,pct
stored_energy_ear,"Stored energy / EAR (national %)",energy_water,ons_open_data,daily,2019-11-03,26.4697,pct
stored_energy_ear,"Stored energy / EAR (national %)",energy_water,ons_open_data,daily,2019-11-04,26.1303,pct
stored_energy_ear,"Stored energy / EAR (national %)",energy_water,ons_open_data,daily,2019-11-05,25.9089,pct
stored_energy_ear,"Stored energy / EAR (national %)",energy_water,ons_open_data,daily,2019-11-06,25.8643,pct
stored_energy_ear,"Stored energy / EAR (national %)",energy_water,ons_open_data,daily,2019-11-07,25.7467,pct
stored_energy_ear,"Stored energy / EAR (national %)",energy_water,ons_open_data,daily,2019-11-08,25.5916,pct
stored_energy_ear,"Stored energy / EAR (national %)",energy_water,ons_open_data,daily,2019-11-09,25.4689,pct
stored_energy_ear,"Stored energy / EAR (national %)",energy_water,ons_open_data,daily,2019-11-10,25.4203,pct
stored_energy_ear,"Stored energy / EAR (national %)",energy_water,ons_open_data,daily,2019-11-11,25.2474,pct
stored_energy_ear,"Stored energy / EAR (national %)",energy_water,ons_open_data,daily,2019-11-12,25.1394,pct
stored_energy_ear,"Stored energy / EAR (national %)",energy_water,ons_open_data,daily,2019-11-13,24.9978,pct
stored_energy_ear,"Stored energy / EAR (national %)",energy_water,ons_open_data,daily,2019-11-14,24.8379,pct
stored_energy_ear,"Stored energy / EAR (national %)",energy_water,ons_open_data,daily,2019-11-15,24.7767,pct
stored_energy_ear,"Stored energy / EAR (national %)",energy_water,ons_open_data,daily,2019-11-16,24.7264,pct
stored_energy_ear,"Stored energy / EAR (national %)",energy_water,ons_open_data,daily,2019-11-17,24.7477,pct
stored_energy_ear,"Stored energy / EAR (national %)",energy_water,ons_open_data,daily,2019-11-18,24.5765,pct
stored_energy_ear,"Stored energy / EAR (national %)",energy_water,ons_open_data,daily,2019-11-19,24.4290,pct
stored_energy_ear,"Stored energy / EAR (national %)",energy_water,ons_open_data,daily,2019-11-20,24.3015,pct
stored_energy_ear,"Stored energy / EAR (national %)",energy_water,ons_open_data,daily,2019-11-21,24.1510,pct
stored_energy_ear,"Stored energy / EAR (national %)",energy_water,ons_open_data,daily,2019-11-22,23.9199,pct
stored_energy_ear,"Stored energy / EAR (national %)",energy_water,ons_open_data,daily,2019-11-23,23.7625,pct
stored_energy_ear,"Stored energy / EAR (national %)",energy_water,ons_open_data,daily,2019-11-24,23.7091,pct
stored_energy_ear,"Stored energy / EAR (national %)",energy_water,ons_open_data,daily,2019-11-25,23.5101,pct
stored_energy_ear,"Stored energy / EAR (national %)",energy_water,ons_open_data,daily,2019-11-26,23.3395,pct
stored_energy_ear,"Stored energy / EAR (national %)",energy_water,ons_open_data,daily,2019-11-27,23.1546,pct
stored_energy_ear,"Stored energy / EAR (national %)",energy_water,ons_open_data,daily,2019-11-28,23.0070,pct
stored_energy_ear,"Stored energy / EAR (national %)",energy_water,ons_open_data,daily,2019-11-29,22.8720,pct
stored_energy_ear,"Stored energy / EAR (national %)",energy_water,ons_open_data,daily,2019-11-30,22.7676,pct
stored_energy_ear,"Stored energy / EAR (national %)",energy_water,ons_open_data,daily,2019-12-01,22.7771,pct
stored_energy_ear,"Stored energy / EAR (national %)",energy_water,ons_open_data,daily,2019-12-02,22.6459,pct
stored_energy_ear,"Stored energy / EAR (national %)",energy_water,ons_open_data,daily,2019-12-03,22.5666,pct
stored_energy_ear,"Stored energy / EAR (national %)",energy_water,ons_open_data,daily,2019-12-04,22.5193,pct
stored_energy_ear,"Stored energy / EAR (national %)",energy_water,ons_open_data,daily,2019-12-05,22.4216,pct
stored_energy_ear,"Stored energy / EAR (national %)",energy_water,ons_open_data,daily,2019-12-06,22.3390,pct
stored_energy_ear,"Stored energy / EAR (national %)",energy_water,ons_open_data,daily,2019-12-07,22.3635,pct
stored_energy_ear,"Stored energy / EAR (national %)",energy_water,ons_open_data,daily,2019-12-08,22.4678,pct
stored_energy_ear,"Stored energy / EAR (national %)",energy_water,ons_open_data,daily,2019-12-09,22.3986,pct
stored_energy_ear,"Stored energy / EAR (national %)",energy_water,ons_open_data,daily,2019-12-10,22.3110,pct
stored_energy_ear,"Stored energy / EAR (national %)",energy_water,ons_open_data,daily,2019-12-11,22.2798,pct
stored_energy_ear,"Stored energy / EAR (national %)",energy_water,ons_open_data,daily,2019-12-12,22.3036,pct
stored_energy_ear,"Stored energy / EAR (national %)",energy_water,ons_open_data,daily,2019-12-13,22.3692,pct
stored_energy_ear,"Stored energy / EAR (national %)",energy_water,ons_open_data,daily,2019-12-14,22.5571,pct
stored_energy_ear,"Stored energy / EAR (national %)",energy_water,ons_open_data,daily,2019-12-15,22.7821,pct
stored_energy_ear,"Stored energy / EAR (national %)",energy_water,ons_open_data,daily,2019-12-16,22.7940,pct
stored_energy_ear,"Stored energy / EAR (national %)",energy_water,ons_open_data,daily,2019-12-17,22.8238,pct
stored_energy_ear,"Stored energy / EAR (national %)",energy_water,ons_open_data,daily,2019-12-18,22.8889,pct
stored_energy_ear,"Stored energy / EAR (national %)",energy_water,ons_open_data,daily,2019-12-19,22.9767,pct
stored_energy_ear,"Stored energy / EAR (national %)",energy_water,ons_open_data,daily,2019-12-20,23.0031,pct
stored_energy_ear,"Stored energy / EAR (national %)",energy_water,ons_open_data,daily,2019-12-21,23.1225,pct
stored_energy_ear,"Stored energy / EAR (national %)",energy_water,ons_open_data,daily,2019-12-22,23.2785,pct
stored_energy_ear,"Stored energy / EAR (national %)",energy_water,ons_open_data,daily,2019-12-23,23.3388,pct
stored_energy_ear,"Stored energy / EAR (national %)",energy_water,ons_open_data,daily,2019-12-24,23.4953,pct
stored_energy_ear,"Stored energy / EAR (national %)",energy_water,ons_open_data,daily,2019-12-25,23.7094,pct
stored_energy_ear,"Stored energy / EAR (national %)",energy_water,ons_open_data,daily,2019-12-26,23.7237,pct
stored_energy_ear,"Stored energy / EAR (national %)",energy_water,ons_open_data,daily,2019-12-27,23.7414,pct
stored_energy_ear,"Stored energy / EAR (national %)",energy_water,ons_open_data,daily,2019-12-28,23.8030,pct
stored_energy_ear,"Stored energy / EAR (national %)",energy_water,ons_open_data,daily,2019-12-29,23.8961,pct
stored_energy_ear,"Stored energy / EAR (national %)",energy_water,ons_open_data,daily,2019-12-30,23.8040,pct
stored_energy_ear,"Stored energy / EAR (national %)",energy_water,ons_open_data,daily,2019-12-31,23.7423,pct
stored_energy_ear,"Stored energy / EAR (national %)",energy_water,ons_open_data,daily,2020-01-01,23.7712,pct
stored_energy_ear,"Stored energy / EAR (national %)",energy_water,ons_open_data,daily,2020-01-02,23.6874,pct
stored_energy_ear,"Stored energy / EAR (national %)",energy_water,ons_open_data,daily,2020-01-03,23.6485,pct
stored_energy_ear,"Stored energy / EAR (national %)",energy_water,ons_open_data,daily,2020-01-04,23.6806,pct
stored_energy_ear,"Stored energy / EAR (national %)",energy_water,ons_open_data,daily,2020-01-05,23.8267,pct
stored_energy_ear,"Stored energy / EAR (national %)",energy_water,ons_open_data,daily,2020-01-06,23.8457,pct
stored_energy_ear,"Stored energy / EAR (national %)",energy_water,ons_open_data,daily,2020-01-07,23.8959,pct
stored_energy_ear,"Stored energy / EAR (national %)",energy_water,ons_open_data,daily,2020-01-08,23.9973,pct
stored_energy_ear,"Stored energy / EAR (national %)",energy_water,ons_open_data,daily,2020-01-09,24.0212,pct
stored_energy_ear,"Stored energy / EAR (national %)",energy_water,ons_open_data,daily,2020-01-10,24.1082,pct
stored_energy_ear,"Stored energy / EAR (national %)",energy_water,ons_open_data,daily,2020-01-11,24.2633,pct
stored_energy_ear,"Stored energy / EAR (national %)",energy_water,ons_open_data,daily,2020-01-12,24.5236,pct
stored_energy_ear,"Stored energy / EAR (national %)",energy_water,ons_open_data,daily,2020-01-13,24.5473,pct
stored_energy_ear,"Stored energy / EAR (national %)",energy_water,ons_open_data,daily,2020-01-14,24.6376,pct
stored_energy_ear,"Stored energy / EAR (national %)",energy_water,ons_open_data,daily,2020-01-15,24.6643,pct
stored_energy_ear,"Stored energy / EAR (national %)",energy_water,ons_open_data,daily,2020-01-16,24.7229,pct
stored_energy_ear,"Stored energy / EAR (national %)",energy_water,ons_open_data,daily,2020-01-17,24.8081,pct
stored_energy_ear,"Stored energy / EAR (national %)",energy_water,ons_open_data,daily,2020-01-18,25.0378,pct
stored_energy_ear,"Stored energy / EAR (national %)",energy_water,ons_open_data,daily,2020-01-19,25.2393,pct
stored_energy_ear,"Stored energy / EAR (national %)",energy_water,ons_open_data,daily,2020-01-20,25.2029,pct
stored_energy_ear,"Stored energy / EAR (national %)",energy_water,ons_open_data,daily,2020-01-21,25.2001,pct
stored_energy_ear,"Stored energy / EAR (national %)",energy_water,ons_open_data,daily,2020-01-22,25.2769,pct
stored_energy_ear,"Stored energy / EAR (national %)",energy_water,ons_open_data,daily,2020-01-23,25.4306,pct
stored_energy_ear,"Stored energy / EAR (national %)",energy_water,ons_open_data,daily,2020-01-24,25.6532,pct
stored_energy_ear,"Stored energy / EAR (national %)",energy_water,ons_open_data,daily,2020-01-25,25.9721,pct
stored_energy_ear,"Stored energy / EAR (national %)",energy_water,ons_open_data,daily,2020-01-26,26.4657,pct
stored_energy_ear,"Stored energy / EAR (national %)",energy_water,ons_open_data,daily,2020-01-27,26.7961,pct
stored_energy_ear,"Stored energy / EAR (national %)",energy_water,ons_open_data,daily,2020-01-28,27.1532,pct
stored_energy_ear,"Stored energy / EAR (national %)",energy_water,ons_open_data,daily,2020-01-29,27.5390,pct
stored_energy_ear,"Stored energy / EAR (national %)",energy_water,ons_open_data,daily,2020-01-30,27.9209,pct
stored_energy_ear,"Stored energy / EAR (national %)",energy_water,ons_open_data,daily,2020-01-31,28.1642,pct
stored_energy_ear,"Stored energy / EAR (national %)",energy_water,ons_open_data,daily,2020-02-01,28.3719,pct
stored_energy_ear,"Stored energy / EAR (national %)",energy_water,ons_open_data,daily,2020-02-02,28.7296,pct
stored_energy_ear,"Stored energy / EAR (national %)",energy_water,ons_open_data,daily,2020-02-03,28.8930,pct
stored_energy_ear,"Stored energy / EAR (national %)",energy_water,ons_open_data,daily,2020-02-04,29.1559,pct
stored_energy_ear,"Stored energy / EAR (national %)",energy_water,ons_open_data,daily,2020-02-05,29.4407,pct
stored_energy_ear,"Stored energy / EAR (national %)",energy_water,ons_open_data,daily,2020-02-06,29.8150,pct
stored_energy_ear,"Stored energy / EAR (national %)",energy_water,ons_open_data,daily,2020-02-07,30.2822,pct
stored_energy_ear,"Stored energy / EAR (national %)",energy_water,ons_open_data,daily,2020-02-08,30.9435,pct
stored_energy_ear,"Stored energy / EAR (national %)",energy_water,ons_open_data,daily,2020-02-09,31.6274,pct
stored_energy_ear,"Stored energy / EAR (national %)",energy_water,ons_open_data,daily,2020-02-10,32.1411,pct
stored_energy_ear,"Stored energy / EAR (national %)",energy_water,ons_open_data,daily,2020-02-11,32.7811,pct
stored_energy_ear,"Stored energy / EAR (national %)",energy_water,ons_open_data,daily,2020-02-12,33.4287,pct
stored_energy_ear,"Stored energy / EAR (national %)",energy_water,ons_open_data,daily,2020-02-13,34.0429,pct
stored_energy_ear,"Stored energy / EAR (national %)",energy_water,ons_open_data,daily,2020-02-14,34.7205,pct
stored_energy_ear,"Stored energy / EAR (national %)",energy_water,ons_open_data,daily,2020-02-15,35.4252,pct
stored_energy_ear,"Stored energy / EAR (national %)",energy_water,ons_open_data,daily,2020-02-16,36.0851,pct
stored_energy_ear,"Stored energy / EAR (national %)",energy_water,ons_open_data,daily,2020-02-17,36.5801,pct
stored_energy_ear,"Stored energy / EAR (national %)",energy_water,ons_open_data,daily,2020-02-18,37.0294,pct
stored_energy_ear,"Stored energy / EAR (national %)",energy_water,ons_open_data,daily,2020-02-19,37.4812,pct
stored_energy_ear,"Stored energy / EAR (national %)",energy_water,ons_open_data,daily,2020-02-20,37.9006,pct
stored_energy_ear,"Stored energy / EAR (national %)",energy_water,ons_open_data,daily,2020-02-21,38.3229,pct
stored_energy_ear,"Stored energy / EAR (national %)",energy_water,ons_open_data,daily,2020-02-22,38.8850,pct
stored_energy_ear,"Stored energy / EAR (national %)",energy_water,ons_open_data,daily,2020-02-23,39.4613,pct
stored_energy_ear,"Stored energy / EAR (national %)",energy_water,ons_open_data,daily,2020-02-24,39.9141,pct
stored_energy_ear,"Stored energy / EAR (national %)",energy_water,ons_open_data,daily,2020-02-25,40.4869,pct
stored_energy_ear,"Stored energy / EAR (national %)",energy_water,ons_open_data,daily,2020-02-26,40.9014,pct
stored_energy_ear,"Stored energy / EAR (national %)",energy_water,ons_open_data,daily,2020-02-27,41.4498,pct
stored_energy_ear,"Stored energy / EAR (national %)",energy_water,ons_open_data,daily,2020-02-28,42.0204,pct
stored_energy_ear,"Stored energy / EAR (national %)",energy_water,ons_open_data,daily,2020-02-29,42.6667,pct
stored_energy_ear,"Stored energy / EAR (national %)",energy_water,ons_open_data,daily,2020-03-01,43.4592,pct
stored_energy_ear,"Stored energy / EAR (national %)",energy_water,ons_open_data,daily,2020-03-02,44.0721,pct
stored_energy_ear,"Stored energy / EAR (national %)",energy_water,ons_open_data,daily,2020-03-03,44.5943,pct
stored_energy_ear,"Stored energy / EAR (national %)",energy_water,ons_open_data,daily,2020-03-04,45.2641,pct
stored_energy_ear,"Stored energy / EAR (national %)",energy_water,ons_open_data,daily,2020-03-05,45.7631,pct
stored_energy_ear,"Stored energy / EAR (national %)",energy_water,ons_open_data,daily,2020-03-06,46.3402,pct
stored_energy_ear,"Stored energy / EAR (national %)",energy_water,ons_open_data,daily,2020-03-07,46.9486,pct
stored_energy_ear,"Stored energy / EAR (national %)",energy_water,ons_open_data,daily,2020-03-08,47.6114,pct
stored_energy_ear,"Stored energy / EAR (national %)",energy_water,ons_open_data,daily,2020-03-09,47.9620,pct
stored_energy_ear,"Stored energy / EAR (national %)",energy_water,ons_open_data,daily,2020-03-10,48.3872,pct
stored_energy_ear,"Stored energy / EAR (national %)",energy_water,ons_open_data,daily,2020-03-11,48.7242,pct
stored_energy_ear,"Stored energy / EAR (national %)",energy_water,ons_open_data,daily,2020-03-12,49.0265,pct
stored_energy_ear,"Stored energy / EAR (national %)",energy_water,ons_open_data,daily,2020-03-13,49.3410,pct
stored_energy_ear,"Stored energy / EAR (national %)",energy_water,ons_open_data,daily,2020-03-14,49.7084,pct
stored_energy_ear,"Stored energy / EAR (national %)",energy_water,ons_open_data,daily,2020-03-15,50.0999,pct
stored_energy_ear,"Stored energy / EAR (national %)",energy_water,ons_open_data,daily,2020-03-16,50.2669,pct
stored_energy_ear,"Stored energy / EAR (national %)",energy_water,ons_open_data,daily,2020-03-17,50.4548,pct
stored_energy_ear,"Stored energy / EAR (national %)",energy_water,ons_open_data,daily,2020-03-18,50.6333,pct
stored_energy_ear,"Stored energy / EAR (national %)",energy_water,ons_open_data,daily,2020-03-19,50.9055,pct
stored_energy_ear,"Stored energy / EAR (national %)",energy_water,ons_open_data,daily,2020-03-20,51.1546,pct
stored_energy_ear,"Stored energy / EAR (national %)",energy_water,ons_open_data,daily,2020-03-21,51.5799,pct
stored_energy_ear,"Stored energy / EAR (national %)",energy_water,ons_open_data,daily,2020-03-22,52.0382,pct
stored_energy_ear,"Stored energy / EAR (national %)",energy_water,ons_open_data,daily,2020-03-23,52.3691,pct
stored_energy_ear,"Stored energy / EAR (national %)",energy_water,ons_open_data,daily,2020-03-24,52.7277,pct
stored_energy_ear,"Stored energy / EAR (national %)",energy_water,ons_open_data,daily,2020-03-25,53.1109,pct
stored_energy_ear,"Stored energy / EAR (national %)",energy_water,ons_open_data,daily,2020-03-26,53.4903,pct
stored_energy_ear,"Stored energy / EAR (national %)",energy_water,ons_open_data,daily,2020-03-27,53.9191,pct
stored_energy_ear,"Stored energy / EAR (national %)",energy_water,ons_open_data,daily,2020-03-28,54.3581,pct
stored_energy_ear,"Stored energy / EAR (national %)",energy_water,ons_open_data,daily,2020-03-29,54.7073,pct
stored_energy_ear,"Stored energy / EAR (national %)",energy_water,ons_open_data,daily,2020-03-30,54.8837,pct
stored_energy_ear,"Stored energy / EAR (national %)",energy_water,ons_open_data,daily,2020-03-31,55.1067,pct
stored_energy_ear,"Stored energy / EAR (national %)",energy_water,ons_open_data,daily,2020-04-01,55.3524,pct
stored_energy_ear,"Stored energy / EAR (national %)",energy_water,ons_open_data,daily,2020-04-02,55.5242,pct
stored_energy_ear,"Stored energy / EAR (national %)",energy_water,ons_open_data,daily,2020-04-03,55.8235,pct
stored_energy_ear,"Stored energy / EAR (national %)",energy_water,ons_open_data,daily,2020-04-04,56.0132,pct
stored_energy_ear,"Stored energy / EAR (national %)",energy_water,ons_open_data,daily,2020-04-05,56.2571,pct
stored_energy_ear,"Stored energy / EAR (national %)",energy_water,ons_open_data,daily,2020-04-06,56.3614,pct
stored_energy_ear,"Stored energy / EAR (national %)",energy_water,ons_open_data,daily,2020-04-07,56.5269,pct
stored_energy_ear,"Stored energy / EAR (national %)",energy_water,ons_open_data,daily,2020-04-08,56.6663,pct
stored_energy_ear,"Stored energy / EAR (national %)",energy_water,ons_open_data,daily,2020-04-09,56.8092,pct
stored_energy_ear,"Stored energy / EAR (national %)",energy_water,ons_open_data,daily,2020-04-10,57.0730,pct
stored_energy_ear,"Stored energy / EAR (national %)",energy_water,ons_open_data,daily,2020-04-11,57.2812,pct
stored_energy_ear,"Stored energy / EAR (national %)",energy_water,ons_open_data,daily,2020-04-12,57.4973,pct
stored_energy_ear,"Stored energy / EAR (national %)",energy_water,ons_open_data,daily,2020-04-13,57.6440,pct
stored_energy_ear,"Stored energy / EAR (national %)",energy_water,ons_open_data,daily,2020-04-14,57.7911,pct
stored_energy_ear,"Stored energy / EAR (national %)",energy_water,ons_open_data,daily,2020-04-15,57.9327,pct
stored_energy_ear,"Stored energy / EAR (national %)",energy_water,ons_open_data,daily,2020-04-16,58.0646,pct
stored_energy_ear,"Stored energy / EAR (national %)",energy_water,ons_open_data,daily,2020-04-17,58.2106,pct
stored_energy_ear,"Stored energy / EAR (national %)",energy_water,ons_open_data,daily,2020-04-18,58.3895,pct
stored_energy_ear,"Stored energy / EAR (national %)",energy_water,ons_open_data,daily,2020-04-19,58.5908,pct
stored_energy_ear,"Stored energy / EAR (national %)",energy_water,ons_open_data,daily,2020-04-20,58.7127,pct
stored_energy_ear,"Stored energy / EAR (national %)",energy_water,ons_open_data,daily,2020-04-21,58.9126,pct
stored_energy_ear,"Stored energy / EAR (national %)",energy_water,ons_open_data,daily,2020-04-22,59.0062,pct
stored_energy_ear,"Stored energy / EAR (national %)",energy_water,ons_open_data,daily,2020-04-23,59.1647,pct
stored_energy_ear,"Stored energy / EAR (national %)",energy_water,ons_open_data,daily,2020-04-24,59.3164,pct
stored_energy_ear,"Stored energy / EAR (national %)",energy_water,ons_open_data,daily,2020-04-25,59.4537,pct
stored_energy_ear,"Stored energy / EAR (national %)",energy_water,ons_open_data,daily,2020-04-26,59.5733,pct
stored_energy_ear,"Stored energy / EAR (national %)",energy_water,ons_open_data,daily,2020-04-27,59.5573,pct
stored_energy_ear,"Stored energy / EAR (national %)",energy_water,ons_open_data,daily,2020-04-28,59.6246,pct
stored_energy_ear,"Stored energy / EAR (national %)",energy_water,ons_open_data,daily,2020-04-29,59.6220,pct
stored_energy_ear,"Stored energy / EAR (national %)",energy_water,ons_open_data,daily,2020-04-30,59.6358,pct
stored_energy_ear,"Stored energy / EAR (national %)",energy_water,ons_open_data,daily,2020-05-01,59.7525,pct
stored_energy_ear,"Stored energy / EAR (national %)",energy_water,ons_open_data,daily,2020-05-02,59.8565,pct
stored_energy_ear,"Stored energy / EAR (national %)",energy_water,ons_open_data,daily,2020-05-03,59.9336,pct
stored_energy_ear,"Stored energy / EAR (national %)",energy_water,ons_open_data,daily,2020-05-04,59.9724,pct
stored_energy_ear,"Stored energy / EAR (national %)",energy_water,ons_open_data,daily,2020-05-05,60.0103,pct
stored_energy_ear,"Stored energy / EAR (national %)",energy_water,ons_open_data,daily,2020-05-06,60.0138,pct
stored_energy_ear,"Stored energy / EAR (national %)",energy_water,ons_open_data,daily,2020-05-07,59.9709,pct
stored_energy_ear,"Stored energy / EAR (national %)",energy_water,ons_open_data,daily,2020-05-08,59.9699,pct
stored_energy_ear,"Stored energy / EAR (national %)",energy_water,ons_open_data,daily,2020-05-09,60.0950,pct
stored_energy_ear,"Stored energy / EAR (national %)",energy_water,ons_open_data,daily,2020-05-10,60.2465,pct
stored_energy_ear,"Stored energy / EAR (national %)",energy_water,ons_open_data,daily,2020-05-11,60.2064,pct
stored_energy_ear,"Stored energy / EAR (national %)",energy_water,ons_open_data,daily,2020-05-12,60.1837,pct
stored_energy_ear,"Stored energy / EAR (national %)",energy_water,ons_open_data,daily,2020-05-13,60.1087,pct
stored_energy_ear,"Stored energy / EAR (national %)",energy_water,ons_open_data,daily,2020-05-14,60.1173,pct
stored_energy_ear,"Stored energy / EAR (national %)",energy_water,ons_open_data,daily,2020-05-15,60.1237,pct
stored_energy_ear,"Stored energy / EAR (national %)",energy_water,ons_open_data,daily,2020-05-16,60.1864,pct
stored_energy_ear,"Stored energy / EAR (national %)",energy_water,ons_open_data,daily,2020-05-17,60.2430,pct
stored_energy_ear,"Stored energy / EAR (national %)",energy_water,ons_open_data,daily,2020-05-18,60.2067,pct
stored_energy_ear,"Stored energy / EAR (national %)",energy_water,ons_open_data,daily,2020-05-19,60.2042,pct
stored_energy_ear,"Stored energy / EAR (national %)",energy_water,ons_open_data,daily,2020-05-20,60.1936,pct
stored_energy_ear,"Stored energy / EAR (national %)",energy_water,ons_open_data,daily,2020-05-21,60.2444,pct
stored_energy_ear,"Stored energy / EAR (national %)",energy_water,ons_open_data,daily,2020-05-22,60.2398,pct
stored_energy_ear,"Stored energy / EAR (national %)",energy_water,ons_open_data,daily,2020-05-23,60.3055,pct
stored_energy_ear,"Stored energy / EAR (national %)",energy_water,ons_open_data,daily,2020-05-24,60.4024,pct
stored_energy_ear,"Stored energy / EAR (national %)",energy_water,ons_open_data,daily,2020-05-25,60.4537,pct
stored_energy_ear,"Stored energy / EAR (national %)",energy_water,ons_open_data,daily,2020-05-26,60.4815,pct
stored_energy_ear,"Stored energy / EAR (national %)",energy_water,ons_open_data,daily,2020-05-27,60.4917,pct
stored_energy_ear,"Stored energy / EAR (national %)",energy_water,ons_open_data,daily,2020-05-28,60.5140,pct
stored_energy_ear,"Stored energy / EAR (national %)",energy_water,ons_open_data,daily,2020-05-29,60.5157,pct
stored_energy_ear,"Stored energy / EAR (national %)",energy_water,ons_open_data,daily,2020-05-30,60.5788,pct
stored_energy_ear,"Stored energy / EAR (national %)",energy_water,ons_open_data,daily,2020-05-31,60.6299,pct
stored_energy_ear,"Stored energy / EAR (national %)",energy_water,ons_open_data,daily,2020-06-01,60.5235,pct
stored_energy_ear,"Stored energy / EAR (national %)",energy_water,ons_open_data,daily,2020-06-02,60.4246,pct
stored_energy_ear,"Stored energy / EAR (national %)",energy_water,ons_open_data,daily,2020-06-03,60.3804,pct
stored_energy_ear,"Stored energy / EAR (national %)",energy_water,ons_open_data,daily,2020-06-04,60.2979,pct
stored_energy_ear,"Stored energy / EAR (national %)",energy_water,ons_open_data,daily,2020-06-05,60.2457,pct
stored_energy_ear,"Stored energy / EAR (national %)",energy_water,ons_open_data,daily,2020-06-06,60.2663,pct
stored_energy_ear,"Stored energy / EAR (national %)",energy_water,ons_open_data,daily,2020-06-07,60.2948,pct
stored_energy_ear,"Stored energy / EAR (national %)",energy_water,ons_open_data,daily,2020-06-08,60.2002,pct
stored_energy_ear,"Stored energy / EAR (national %)",energy_water,ons_open_data,daily,2020-06-09,60.1662,pct
stored_energy_ear,"Stored energy / EAR (national %)",energy_water,ons_open_data,daily,2020-06-10,60.2288,pct
stored_energy_ear,"Stored energy / EAR (national %)",energy_water,ons_open_data,daily,2020-06-11,60.4255,pct
stored_energy_ear,"Stored energy / EAR (national %)",energy_water,ons_open_data,daily,2020-06-12,60.5531,pct
stored_energy_ear,"Stored energy / EAR (national %)",energy_water,ons_open_data,daily,2020-06-13,60.6766,pct
stored_energy_ear,"Stored energy / EAR (national %)",energy_water,ons_open_data,daily,2020-06-14,60.7716,pct
stored_energy_ear,"Stored energy / EAR (national %)",energy_water,ons_open_data,daily,2020-06-15,60.7755,pct
stored_energy_ear,"Stored energy / EAR (national %)",energy_water,ons_open_data,daily,2020-06-16,60.7872,pct
stored_energy_ear,"Stored energy / EAR (national %)",energy_water,ons_open_data,daily,2020-06-17,60.7896,pct
stored_energy_ear,"Stored energy / EAR (national %)",energy_water,ons_open_data,daily,2020-06-18,60.7438,pct
stored_energy_ear,"Stored energy / EAR (national %)",energy_water,ons_open_data,daily,2020-06-19,60.6792,pct
stored_energy_ear,"Stored energy / EAR (national %)",energy_water,ons_open_data,daily,2020-06-20,60.6837,pct
stored_energy_ear,"Stored energy / EAR (national %)",energy_water,ons_open_data,daily,2020-06-21,60.6911,pct
stored_energy_ear,"Stored energy / EAR (national %)",energy_water,ons_open_data,daily,2020-06-22,60.5154,pct
stored_energy_ear,"Stored energy / EAR (national %)",energy_water,ons_open_data,daily,2020-06-23,60.3997,pct
stored_energy_ear,"Stored energy / EAR (national %)",energy_water,ons_open_data,daily,2020-06-24,60.2687,pct
stored_energy_ear,"Stored energy / EAR (national %)",energy_water,ons_open_data,daily,2020-06-25,60.1165,pct
stored_energy_ear,"Stored energy / EAR (national %)",energy_water,ons_open_data,daily,2020-06-26,59.9661,pct
stored_energy_ear,"Stored energy / EAR (national %)",energy_water,ons_open_data,daily,2020-06-27,59.9212,pct
stored_energy_ear,"Stored energy / EAR (national %)",energy_water,ons_open_data,daily,2020-06-28,59.9413,pct
stored_energy_ear,"Stored energy / EAR (national %)",energy_water,ons_open_data,daily,2020-06-29,59.8684,pct
stored_energy_ear,"Stored energy / EAR (national %)",energy_water,ons_open_data,daily,2020-06-30,59.8331,pct
stored_energy_ear,"Stored energy / EAR (national %)",energy_water,ons_open_data,daily,2020-07-01,59.7784,pct
stored_energy_ear,"Stored energy / EAR (national %)",energy_water,ons_open_data,daily,2020-07-02,59.6829,pct
stored_energy_ear,"Stored energy / EAR (national %)",energy_water,ons_open_data,daily,2020-07-03,59.6174,pct
stored_energy_ear,"Stored energy / EAR (national %)",energy_water,ons_open_data,daily,2020-07-04,59.6528,pct
stored_energy_ear,"Stored energy / EAR (national %)",energy_water,ons_open_data,daily,2020-07-05,59.6756,pct
stored_energy_ear,"Stored energy / EAR (national %)",energy_water,ons_open_data,daily,2020-07-06,59.4997,pct
stored_energy_ear,"Stored energy / EAR (national %)",energy_water,ons_open_data,daily,2020-07-07,59.4656,pct
stored_energy_ear,"Stored energy / EAR (national %)",energy_water,ons_open_data,daily,2020-07-08,59.5657,pct
stored_energy_ear,"Stored energy / EAR (national %)",energy_water,ons_open_data,daily,2020-07-09,59.6387,pct
stored_energy_ear,"Stored energy / EAR (national %)",energy_water,ons_open_data,daily,2020-07-10,59.6396,pct
stored_energy_ear,"Stored energy / EAR (national %)",energy_water,ons_open_data,daily,2020-07-11,59.6456,pct
stored_energy_ear,"Stored energy / EAR (national %)",energy_water,ons_open_data,daily,2020-07-12,59.6667,pct
stored_energy_ear,"Stored energy / EAR (national %)",energy_water,ons_open_data,daily,2020-07-13,59.5551,pct
stored_energy_ear,"Stored energy / EAR (national %)",energy_water,ons_open_data,daily,2020-07-14,59.4404,pct
stored_energy_ear,"Stored energy / EAR (national %)",energy_water,ons_open_data,daily,2020-07-15,59.3073,pct
stored_energy_ear,"Stored energy / EAR (national %)",energy_water,ons_open_data,daily,2020-07-16,59.1955,pct
stored_energy_ear,"Stored energy / EAR (national %)",energy_water,ons_open_data,daily,2020-07-17,59.0822,pct
stored_energy_ear,"Stored energy / EAR (national %)",energy_water,ons_open_data,daily,2020-07-18,59.0632,pct
stored_energy_ear,"Stored energy / EAR (national %)",energy_water,ons_open_data,daily,2020-07-19,59.0631,pct
stored_energy_ear,"Stored energy / EAR (national %)",energy_water,ons_open_data,daily,2020-07-20,58.8565,pct
stored_energy_ear,"Stored energy / EAR (national %)",energy_water,ons_open_data,daily,2020-07-21,58.6694,pct
stored_energy_ear,"Stored energy / EAR (national %)",energy_water,ons_open_data,daily,2020-07-22,58.4882,pct
stored_energy_ear,"Stored energy / EAR (national %)",energy_water,ons_open_data,daily,2020-07-23,58.2840,pct
stored_energy_ear,"Stored energy / EAR (national %)",energy_water,ons_open_data,daily,2020-07-24,58.0608,pct
stored_energy_ear,"Stored energy / EAR (national %)",energy_water,ons_open_data,daily,2020-07-25,57.8429,pct
stored_energy_ear,"Stored energy / EAR (national %)",energy_water,ons_open_data,daily,2020-07-26,57.7202,pct
stored_energy_ear,"Stored energy / EAR (national %)",energy_water,ons_open_data,daily,2020-07-27,57.4529,pct
stored_energy_ear,"Stored energy / EAR (national %)",energy_water,ons_open_data,daily,2020-07-28,57.1968,pct
stored_energy_ear,"Stored energy / EAR (national %)",energy_water,ons_open_data,daily,2020-07-29,56.9145,pct
stored_energy_ear,"Stored energy / EAR (national %)",energy_water,ons_open_data,daily,2020-07-30,56.6898,pct
stored_energy_ear,"Stored energy / EAR (national %)",energy_water,ons_open_data,daily,2020-07-31,56.4938,pct
stored_energy_ear,"Stored energy / EAR (national %)",energy_water,ons_open_data,daily,2020-08-01,56.4101,pct
stored_energy_ear,"Stored energy / EAR (national %)",energy_water,ons_open_data,daily,2020-08-02,56.3844,pct
stored_energy_ear,"Stored energy / EAR (national %)",energy_water,ons_open_data,daily,2020-08-03,56.1274,pct
stored_energy_ear,"Stored energy / EAR (national %)",energy_water,ons_open_data,daily,2020-08-04,55.8545,pct
stored_energy_ear,"Stored energy / EAR (national %)",energy_water,ons_open_data,daily,2020-08-05,55.6008,pct
stored_energy_ear,"Stored energy / EAR (national %)",energy_water,ons_open_data,daily,2020-08-06,55.3276,pct
stored_energy_ear,"Stored energy / EAR (national %)",energy_water,ons_open_data,daily,2020-08-07,55.0348,pct
stored_energy_ear,"Stored energy / EAR (national %)",energy_water,ons_open_data,daily,2020-08-08,54.8333,pct
stored_energy_ear,"Stored energy / EAR (national %)",energy_water,ons_open_data,daily,2020-08-09,54.7247,pct
stored_energy_ear,"Stored energy / EAR (national %)",energy_water,ons_open_data,daily,2020-08-10,54.4073,pct
stored_energy_ear,"Stored energy / EAR (national %)",energy_water,ons_open_data,daily,2020-08-11,54.0816,pct
stored_energy_ear,"Stored energy / EAR (national %)",energy_water,ons_open_data,daily,2020-08-12,53.7814,pct
stored_energy_ear,"Stored energy / EAR (national %)",energy_water,ons_open_data,daily,2020-08-13,53.4982,pct
stored_energy_ear,"Stored energy / EAR (national %)",energy_water,ons_open_data,daily,2020-08-14,53.2611,pct
stored_energy_ear,"Stored energy / EAR (national %)",energy_water,ons_open_data,daily,2020-08-15,53.1319,pct
stored_energy_ear,"Stored energy / EAR (national %)",energy_water,ons_open_data,daily,2020-08-16,53.1839,pct
stored_energy_ear,"Stored energy / EAR (national %)",energy_water,ons_open_data,daily,2020-08-17,53.0188,pct
stored_energy_ear,"Stored energy / EAR (national %)",energy_water,ons_open_data,daily,2020-08-18,52.8841,pct
stored_energy_ear,"Stored energy / EAR (national %)",energy_water,ons_open_data,daily,2020-08-19,52.7466,pct
stored_energy_ear,"Stored energy / EAR (national %)",energy_water,ons_open_data,daily,2020-08-20,52.6405,pct
stored_energy_ear,"Stored energy / EAR (national %)",energy_water,ons_open_data,daily,2020-08-21,52.5644,pct
stored_energy_ear,"Stored energy / EAR (national %)",energy_water,ons_open_data,daily,2020-08-22,52.5616,pct
stored_energy_ear,"Stored energy / EAR (national %)",energy_water,ons_open_data,daily,2020-08-23,52.6180,pct
stored_energy_ear,"Stored energy / EAR (national %)",energy_water,ons_open_data,daily,2020-08-24,52.4286,pct
stored_energy_ear,"Stored energy / EAR (national %)",energy_water,ons_open_data,daily,2020-08-25,52.2693,pct
stored_energy_ear,"Stored energy / EAR (national %)",energy_water,ons_open_data,daily,2020-08-26,52.1044,pct
stored_energy_ear,"Stored energy / EAR (national %)",energy_water,ons_open_data,daily,2020-08-27,51.9078,pct
stored_energy_ear,"Stored energy / EAR (national %)",energy_water,ons_open_data,daily,2020-08-28,51.6756,pct
stored_energy_ear,"Stored energy / EAR (national %)",energy_water,ons_open_data,daily,2020-08-29,51.4863,pct
stored_energy_ear,"Stored energy / EAR (national %)",energy_water,ons_open_data,daily,2020-08-30,51.3500,pct
stored_energy_ear,"Stored energy / EAR (national %)",energy_water,ons_open_data,daily,2020-08-31,51.0393,pct
stored_energy_ear,"Stored energy / EAR (national %)",energy_water,ons_open_data,daily,2020-09-01,50.7279,pct
stored_energy_ear,"Stored energy / EAR (national %)",energy_water,ons_open_data,daily,2020-09-02,50.4527,pct
stored_energy_ear,"Stored energy / EAR (national %)",energy_water,ons_open_data,daily,2020-09-03,50.1709,pct
stored_energy_ear,"Stored energy / EAR (national %)",energy_water,ons_open_data,daily,2020-09-04,49.8584,pct
stored_energy_ear,"Stored energy / EAR (national %)",energy_water,ons_open_data,daily,2020-09-05,49.5923,pct
stored_energy_ear,"Stored energy / EAR (national %)",energy_water,ons_open_data,daily,2020-09-06,49.3413,pct
stored_energy_ear,"Stored energy / EAR (national %)",energy_water,ons_open_data,daily,2020-09-07,49.0370,pct
stored_energy_ear,"Stored energy / EAR (national %)",energy_water,ons_open_data,daily,2020-09-08,48.7159,pct
stored_energy_ear,"Stored energy / EAR (national %)",energy_water,ons_open_data,daily,2020-09-09,48.3877,pct
stored_energy_ear,"Stored energy / EAR (national %)",energy_water,ons_open_data,daily,2020-09-10,48.0125,pct
stored_energy_ear,"Stored energy / EAR (national %)",energy_water,ons_open_data,daily,2020-09-11,47.6461,pct
stored_energy_ear,"Stored energy / EAR (national %)",energy_water,ons_open_data,daily,2020-09-12,47.3427,pct
stored_energy_ear,"Stored energy / EAR (national %)",energy_water,ons_open_data,daily,2020-09-13,47.0798,pct
stored_energy_ear,"Stored energy / EAR (national %)",energy_water,ons_open_data,daily,2020-09-14,46.6095,pct
stored_energy_ear,"Stored energy / EAR (national %)",energy_water,ons_open_data,daily,2020-09-15,46.2477,pct
stored_energy_ear,"Stored energy / EAR (national %)",energy_water,ons_open_data,daily,2020-09-16,45.8662,pct
stored_energy_ear,"Stored energy / EAR (national %)",energy_water,ons_open_data,daily,2020-09-17,45.4345,pct
stored_energy_ear,"Stored energy / EAR (national %)",energy_water,ons_open_data,daily,2020-09-18,44.9900,pct
stored_energy_ear,"Stored energy / EAR (national %)",energy_water,ons_open_data,daily,2020-09-19,44.6230,pct
stored_energy_ear,"Stored energy / EAR (national %)",energy_water,ons_open_data,daily,2020-09-20,44.3236,pct
stored_energy_ear,"Stored energy / EAR (national %)",energy_water,ons_open_data,daily,2020-09-21,43.8457,pct
stored_energy_ear,"Stored energy / EAR (national %)",energy_water,ons_open_data,daily,2020-09-22,43.4564,pct
stored_energy_ear,"Stored energy / EAR (national %)",energy_water,ons_open_data,daily,2020-09-23,43.0320,pct
stored_energy_ear,"Stored energy / EAR (national %)",energy_water,ons_open_data,daily,2020-09-24,42.6522,pct
stored_energy_ear,"Stored energy / EAR (national %)",energy_water,ons_open_data,daily,2020-09-25,42.2060,pct
stored_energy_ear,"Stored energy / EAR (national %)",energy_water,ons_open_data,daily,2020-09-26,41.8695,pct
stored_energy_ear,"Stored energy / EAR (national %)",energy_water,ons_open_data,daily,2020-09-27,41.5573,pct
stored_energy_ear,"Stored energy / EAR (national %)",energy_water,ons_open_data,daily,2020-09-28,41.1138,pct
stored_energy_ear,"Stored energy / EAR (national %)",energy_water,ons_open_data,daily,2020-09-29,40.6643,pct
stored_energy_ear,"Stored energy / EAR (national %)",energy_water,ons_open_data,daily,2020-09-30,40.2210,pct
stored_energy_ear,"Stored energy / EAR (national %)",energy_water,ons_open_data,daily,2020-10-01,39.7900,pct
stored_energy_ear,"Stored energy / EAR (national %)",energy_water,ons_open_data,daily,2020-10-02,39.3608,pct
stored_energy_ear,"Stored energy / EAR (national %)",energy_water,ons_open_data,daily,2020-10-03,38.9471,pct
stored_energy_ear,"Stored energy / EAR (national %)",energy_water,ons_open_data,daily,2020-10-04,38.6402,pct
stored_energy_ear,"Stored energy / EAR (national %)",energy_water,ons_open_data,daily,2020-10-05,38.1588,pct
stored_energy_ear,"Stored energy / EAR (national %)",energy_water,ons_open_data,daily,2020-10-06,37.7187,pct
stored_energy_ear,"Stored energy / EAR (national %)",energy_water,ons_open_data,daily,2020-10-07,37.2933,pct
stored_energy_ear,"Stored energy / EAR (national %)",energy_water,ons_open_data,daily,2020-10-08,36.8721,pct
stored_energy_ear,"Stored energy / EAR (national %)",energy_water,ons_open_data,daily,2020-10-09,36.4227,pct
stored_energy_ear,"Stored energy / EAR (national %)",energy_water,ons_open_data,daily,2020-10-10,36.0513,pct
stored_energy_ear,"Stored energy / EAR (national %)",energy_water,ons_open_data,daily,2020-10-11,35.7870,pct
stored_energy_ear,"Stored energy / EAR (national %)",energy_water,ons_open_data,daily,2020-10-12,35.4981,pct
stored_energy_ear,"Stored energy / EAR (national %)",energy_water,ons_open_data,daily,2020-10-13,35.0405,pct
stored_energy_ear,"Stored energy / EAR (national %)",energy_water,ons_open_data,daily,2020-10-14,34.6582,pct
stored_energy_ear,"Stored energy / EAR (national %)",energy_water,ons_open_data,daily,2020-10-15,34.2983,pct
stored_energy_ear,"Stored energy / EAR (national %)",energy_water,ons_open_data,daily,2020-10-16,33.9446,pct
stored_energy_ear,"Stored energy / EAR (national %)",energy_water,ons_open_data,daily,2020-10-17,33.6755,pct
stored_energy_ear,"Stored energy / EAR (national %)",energy_water,ons_open_data,daily,2020-10-18,33.4908,pct
stored_energy_ear,"Stored energy / EAR (national %)",energy_water,ons_open_data,daily,2020-10-19,33.1369,pct
stored_energy_ear,"Stored energy / EAR (national %)",energy_water,ons_open_data,daily,2020-10-20,32.7774,pct
stored_energy_ear,"Stored energy / EAR (national %)",energy_water,ons_open_data,daily,2020-10-21,32.4682,pct
stored_energy_ear,"Stored energy / EAR (national %)",energy_water,ons_open_data,daily,2020-10-22,32.1452,pct
stored_energy_ear,"Stored energy / EAR (national %)",energy_water,ons_open_data,daily,2020-10-23,31.8235,pct
stored_energy_ear,"Stored energy / EAR (national %)",energy_water,ons_open_data,daily,2020-10-24,31.5666,pct
stored_energy_ear,"Stored energy / EAR (national %)",energy_water,ons_open_data,daily,2020-10-25,31.4079,pct
stored_energy_ear,"Stored energy / EAR (national %)",energy_water,ons_open_data,daily,2020-10-26,31.0849,pct
stored_energy_ear,"Stored energy / EAR (national %)",energy_water,ons_open_data,daily,2020-10-27,30.8227,pct
stored_energy_ear,"Stored energy / EAR (national %)",energy_water,ons_open_data,daily,2020-10-28,30.5237,pct
stored_energy_ear,"Stored energy / EAR (national %)",energy_water,ons_open_data,daily,2020-10-29,30.2658,pct
stored_energy_ear,"Stored energy / EAR (national %)",energy_water,ons_open_data,daily,2020-10-30,29.9880,pct
stored_energy_ear,"Stored energy / EAR (national %)",energy_water,ons_open_data,daily,2020-10-31,29.8215,pct
stored_energy_ear,"Stored energy / EAR (national %)",energy_water,ons_open_data,daily,2020-11-01,29.7100,pct
stored_energy_ear,"Stored energy / EAR (national %)",energy_water,ons_open_data,daily,2020-11-02,29.5462,pct
stored_energy_ear,"Stored energy / EAR (national %)",energy_water,ons_open_data,daily,2020-11-03,29.3295,pct
stored_energy_ear,"Stored energy / EAR (national %)",energy_water,ons_open_data,daily,2020-11-04,29.1173,pct
stored_energy_ear,"Stored energy / EAR (national %)",energy_water,ons_open_data,daily,2020-11-05,28.9972,pct
stored_energy_ear,"Stored energy / EAR (national %)",energy_water,ons_open_data,daily,2020-11-06,28.8182,pct
stored_energy_ear,"Stored energy / EAR (national %)",energy_water,ons_open_data,daily,2020-11-07,28.6529,pct
stored_energy_ear,"Stored energy / EAR (national %)",energy_water,ons_open_data,daily,2020-11-08,28.5060,pct
stored_energy_ear,"Stored energy / EAR (national %)",energy_water,ons_open_data,daily,2020-11-09,28.1243,pct
stored_energy_ear,"Stored energy / EAR (national %)",energy_water,ons_open_data,daily,2020-11-10,27.8650,pct
stored_energy_ear,"Stored energy / EAR (national %)",energy_water,ons_open_data,daily,2020-11-11,27.6216,pct
stored_energy_ear,"Stored energy / EAR (national %)",energy_water,ons_open_data,daily,2020-11-12,27.3956,pct
stored_energy_ear,"Stored energy / EAR (national %)",energy_water,ons_open_data,daily,2020-11-13,27.1602,pct
stored_energy_ear,"Stored energy / EAR (national %)",energy_water,ons_open_data,daily,2020-11-14,26.9875,pct
stored_energy_ear,"Stored energy / EAR (national %)",energy_water,ons_open_data,daily,2020-11-15,26.8981,pct
stored_energy_ear,"Stored energy / EAR (national %)",energy_water,ons_open_data,daily,2020-11-16,26.6547,pct
stored_energy_ear,"Stored energy / EAR (national %)",energy_water,ons_open_data,daily,2020-11-17,26.4783,pct
stored_energy_ear,"Stored energy / EAR (national %)",energy_water,ons_open_data,daily,2020-11-18,26.3626,pct
stored_energy_ear,"Stored energy / EAR (national %)",energy_water,ons_open_data,daily,2020-11-19,26.2893,pct
stored_energy_ear,"Stored energy / EAR (national %)",energy_water,ons_open_data,daily,2020-11-20,26.2850,pct
stored_energy_ear,"Stored energy / EAR (national %)",energy_water,ons_open_data,daily,2020-11-21,26.2663,pct
stored_energy_ear,"Stored energy / EAR (national %)",energy_water,ons_open_data,daily,2020-11-22,26.2778,pct
stored_energy_ear,"Stored energy / EAR (national %)",energy_water,ons_open_data,daily,2020-11-23,26.1650,pct
stored_energy_ear,"Stored energy / EAR (national %)",energy_water,ons_open_data,daily,2020-11-24,25.9095,pct
stored_energy_ear,"Stored energy / EAR (national %)",energy_water,ons_open_data,daily,2020-11-25,25.5950,pct
stored_energy_ear,"Stored energy / EAR (national %)",energy_water,ons_open_data,daily,2020-11-26,25.3726,pct
stored_energy_ear,"Stored energy / EAR (national %)",energy_water,ons_open_data,daily,2020-11-27,25.1267,pct
stored_energy_ear,"Stored energy / EAR (national %)",energy_water,ons_open_data,daily,2020-11-28,24.9473,pct
stored_energy_ear,"Stored energy / EAR (national %)",energy_water,ons_open_data,daily,2020-11-29,24.8430,pct
stored_energy_ear,"Stored energy / EAR (national %)",energy_water,ons_open_data,daily,2020-11-30,24.5425,pct
stored_energy_ear,"Stored energy / EAR (national %)",energy_water,ons_open_data,daily,2020-12-01,24.3646,pct
stored_energy_ear,"Stored energy / EAR (national %)",energy_water,ons_open_data,daily,2020-12-02,24.1194,pct
stored_energy_ear,"Stored energy / EAR (national %)",energy_water,ons_open_data,daily,2020-12-03,23.9035,pct
stored_energy_ear,"Stored energy / EAR (national %)",energy_water,ons_open_data,daily,2020-12-04,23.6832,pct
stored_energy_ear,"Stored energy / EAR (national %)",energy_water,ons_open_data,daily,2020-12-05,23.5852,pct
stored_energy_ear,"Stored energy / EAR (national %)",energy_water,ons_open_data,daily,2020-12-06,23.6515,pct
stored_energy_ear,"Stored energy / EAR (national %)",energy_water,ons_open_data,daily,2020-12-07,23.5657,pct
stored_energy_ear,"Stored energy / EAR (national %)",energy_water,ons_open_data,daily,2020-12-08,23.5073,pct
stored_energy_ear,"Stored energy / EAR (national %)",energy_water,ons_open_data,daily,2020-12-09,23.4535,pct
stored_energy_ear,"Stored energy / EAR (national %)",energy_water,ons_open_data,daily,2020-12-10,23.4832,pct
stored_energy_ear,"Stored energy / EAR (national %)",energy_water,ons_open_data,daily,2020-12-11,23.4730,pct
stored_energy_ear,"Stored energy / EAR (national %)",energy_water,ons_open_data,daily,2020-12-12,23.5253,pct
stored_energy_ear,"Stored energy / EAR (national %)",energy_water,ons_open_data,daily,2020-12-13,23.6623,pct
stored_energy_ear,"Stored energy / EAR (national %)",energy_water,ons_open_data,daily,2020-12-14,23.5143,pct
stored_energy_ear,"Stored energy / EAR (national %)",energy_water,ons_open_data,daily,2020-12-15,23.3774,pct
stored_energy_ear,"Stored energy / EAR (national %)",energy_water,ons_open_data,daily,2020-12-16,23.2633,pct
stored_energy_ear,"Stored energy / EAR (national %)",energy_water,ons_open_data,daily,2020-12-17,23.1656,pct
stored_energy_ear,"Stored energy / EAR (national %)",energy_water,ons_open_data,daily,2020-12-18,23.0714,pct
stored_energy_ear,"Stored energy / EAR (national %)",energy_water,ons_open_data,daily,2020-12-19,23.0648,pct
stored_energy_ear,"Stored energy / EAR (national %)",energy_water,ons_open_data,daily,2020-12-20,23.1259,pct
stored_energy_ear,"Stored energy / EAR (national %)",energy_water,ons_open_data,daily,2020-12-21,23.1064,pct
stored_energy_ear,"Stored energy / EAR (national %)",energy_water,ons_open_data,daily,2020-12-22,23.1546,pct
stored_energy_ear,"Stored energy / EAR (national %)",energy_water,ons_open_data,daily,2020-12-23,23.2057,pct
stored_energy_ear,"Stored energy / EAR (national %)",energy_water,ons_open_data,daily,2020-12-24,23.3256,pct
stored_energy_ear,"Stored energy / EAR (national %)",energy_water,ons_open_data,daily,2020-12-25,23.5739,pct
stored_energy_ear,"Stored energy / EAR (national %)",energy_water,ons_open_data,daily,2020-12-26,23.7546,pct
stored_energy_ear,"Stored energy / EAR (national %)",energy_water,ons_open_data,daily,2020-12-27,23.9700,pct
stored_energy_ear,"Stored energy / EAR (national %)",energy_water,ons_open_data,daily,2020-12-28,24.1550,pct
stored_energy_ear,"Stored energy / EAR (national %)",energy_water,ons_open_data,daily,2020-12-29,24.3073,pct
stored_energy_ear,"Stored energy / EAR (national %)",energy_water,ons_open_data,daily,2020-12-30,24.4398,pct
stored_energy_ear,"Stored energy / EAR (national %)",energy_water,ons_open_data,daily,2020-12-31,24.6561,pct
stored_energy_ear,"Stored energy / EAR (national %)",energy_water,ons_open_data,daily,2021-01-01,24.9141,pct
stored_energy_ear,"Stored energy / EAR (national %)",energy_water,ons_open_data,daily,2021-01-02,25.1110,pct
stored_energy_ear,"Stored energy / EAR (national %)",energy_water,ons_open_data,daily,2021-01-03,25.2880,pct
stored_energy_ear,"Stored energy / EAR (national %)",energy_water,ons_open_data,daily,2021-01-04,25.5699,pct
stored_energy_ear,"Stored energy / EAR (national %)",energy_water,ons_open_data,daily,2021-01-05,25.7164,pct
stored_energy_ear,"Stored energy / EAR (national %)",energy_water,ons_open_data,daily,2021-01-06,25.7796,pct
stored_energy_ear,"Stored energy / EAR (national %)",energy_water,ons_open_data,daily,2021-01-07,25.8933,pct
stored_energy_ear,"Stored energy / EAR (national %)",energy_water,ons_open_data,daily,2021-01-08,25.9893,pct
stored_energy_ear,"Stored energy / EAR (national %)",energy_water,ons_open_data,daily,2021-01-09,26.1003,pct
stored_energy_ear,"Stored energy / EAR (national %)",energy_water,ons_open_data,daily,2021-01-10,26.2221,pct
stored_energy_ear,"Stored energy / EAR (national %)",energy_water,ons_open_data,daily,2021-01-11,26.2540,pct
stored_energy_ear,"Stored energy / EAR (national %)",energy_water,ons_open_data,daily,2021-01-12,26.3642,pct
stored_energy_ear,"Stored energy / EAR (national %)",energy_water,ons_open_data,daily,2021-01-13,26.5407,pct
stored_energy_ear,"Stored energy / EAR (national %)",energy_water,ons_open_data,daily,2021-01-14,26.7626,pct
stored_energy_ear,"Stored energy / EAR (national %)",energy_water,ons_open_data,daily,2021-01-15,26.9558,pct
stored_energy_ear,"Stored energy / EAR (national %)",energy_water,ons_open_data,daily,2021-01-16,27.1566,pct
stored_energy_ear,"Stored energy / EAR (national %)",energy_water,ons_open_data,daily,2021-01-17,27.4602,pct
stored_energy_ear,"Stored energy / EAR (national %)",energy_water,ons_open_data,daily,2021-01-18,27.6720,pct
stored_energy_ear,"Stored energy / EAR (national %)",energy_water,ons_open_data,daily,2021-01-19,27.8908,pct
stored_energy_ear,"Stored energy / EAR (national %)",energy_water,ons_open_data,daily,2021-01-20,28.1344,pct
stored_energy_ear,"Stored energy / EAR (national %)",energy_water,ons_open_data,daily,2021-01-21,28.4704,pct
stored_energy_ear,"Stored energy / EAR (national %)",energy_water,ons_open_data,daily,2021-01-22,28.7751,pct
stored_energy_ear,"Stored energy / EAR (national %)",energy_water,ons_open_data,daily,2021-01-23,29.0794,pct
stored_energy_ear,"Stored energy / EAR (national %)",energy_water,ons_open_data,daily,2021-01-24,29.3506,pct
stored_energy_ear,"Stored energy / EAR (national %)",energy_water,ons_open_data,daily,2021-01-25,29.5390,pct
stored_energy_ear,"Stored energy / EAR (national %)",energy_water,ons_open_data,daily,2021-01-26,29.7563,pct
stored_energy_ear,"Stored energy / EAR (national %)",energy_water,ons_open_data,daily,2021-01-27,29.9407,pct
stored_energy_ear,"Stored energy / EAR (national %)",energy_water,ons_open_data,daily,2021-01-28,30.1244,pct
stored_energy_ear,"Stored energy / EAR (national %)",energy_water,ons_open_data,daily,2021-01-29,30.3704,pct
stored_energy_ear,"Stored energy / EAR (national %)",energy_water,ons_open_data,daily,2021-01-30,30.6701,pct
stored_energy_ear,"Stored energy / EAR (national %)",energy_water,ons_open_data,daily,2021-01-31,30.9585,pct
stored_energy_ear,"Stored energy / EAR (national %)",energy_water,ons_open_data,daily,2021-02-01,31.1444,pct
stored_energy_ear,"Stored energy / EAR (national %)",energy_water,ons_open_data,daily,2021-02-02,31.3146,pct
stored_energy_ear,"Stored energy / EAR (national %)",energy_water,ons_open_data,daily,2021-02-03,31.4326,pct
stored_energy_ear,"Stored energy / EAR (national %)",energy_water,ons_open_data,daily,2021-02-04,31.5479,pct
stored_energy_ear,"Stored energy / EAR (national %)",energy_water,ons_open_data,daily,2021-02-05,31.7008,pct
stored_energy_ear,"Stored energy / EAR (national %)",energy_water,ons_open_data,daily,2021-02-06,31.8897,pct
stored_energy_ear,"Stored energy / EAR (national %)",energy_water,ons_open_data,daily,2021-02-07,32.2235,pct
stored_energy_ear,"Stored energy / EAR (national %)",energy_water,ons_open_data,daily,2021-02-08,32.4424,pct
stored_energy_ear,"Stored energy / EAR (national %)",energy_water,ons_open_data,daily,2021-02-09,32.7038,pct
stored_energy_ear,"Stored energy / EAR (national %)",energy_water,ons_open_data,daily,2021-02-10,32.9352,pct
stored_energy_ear,"Stored energy / EAR (national %)",energy_water,ons_open_data,daily,2021-02-11,33.1130,pct
stored_energy_ear,"Stored energy / EAR (national %)",energy_water,ons_open_data,daily,2021-02-12,33.3006,pct
stored_energy_ear,"Stored energy / EAR (national %)",energy_water,ons_open_data,daily,2021-02-13,33.5551,pct
stored_energy_ear,"Stored energy / EAR (national %)",energy_water,ons_open_data,daily,2021-02-14,33.8669,pct
stored_energy_ear,"Stored energy / EAR (national %)",energy_water,ons_open_data,daily,2021-02-15,34.0692,pct
stored_energy_ear,"Stored energy / EAR (national %)",energy_water,ons_open_data,daily,2021-02-16,34.3183,pct
stored_energy_ear,"Stored energy / EAR (national %)",energy_water,ons_open_data,daily,2021-02-17,34.6185,pct
stored_energy_ear,"Stored energy / EAR (national %)",energy_water,ons_open_data,daily,2021-02-18,34.8714,pct
stored_energy_ear,"Stored energy / EAR (national %)",energy_water,ons_open_data,daily,2021-02-19,35.1828,pct
stored_energy_ear,"Stored energy / EAR (national %)",energy_water,ons_open_data,daily,2021-02-20,35.4786,pct
stored_energy_ear,"Stored energy / EAR (national %)",energy_water,ons_open_data,daily,2021-02-21,35.8693,pct
stored_energy_ear,"Stored energy / EAR (national %)",energy_water,ons_open_data,daily,2021-02-22,36.1883,pct
stored_energy_ear,"Stored energy / EAR (national %)",energy_water,ons_open_data,daily,2021-02-23,36.4711,pct
stored_energy_ear,"Stored energy / EAR (national %)",energy_water,ons_open_data,daily,2021-02-24,36.8282,pct
stored_energy_ear,"Stored energy / EAR (national %)",energy_water,ons_open_data,daily,2021-02-25,37.1375,pct
stored_energy_ear,"Stored energy / EAR (national %)",energy_water,ons_open_data,daily,2021-02-26,37.4619,pct
stored_energy_ear,"Stored energy / EAR (national %)",energy_water,ons_open_data,daily,2021-02-27,37.9008,pct
stored_energy_ear,"Stored energy / EAR (national %)",energy_water,ons_open_data,daily,2021-02-28,38.3762,pct
stored_energy_ear,"Stored energy / EAR (national %)",energy_water,ons_open_data,daily,2021-03-01,38.7596,pct
stored_energy_ear,"Stored energy / EAR (national %)",energy_water,ons_open_data,daily,2021-03-02,39.1493,pct
stored_energy_ear,"Stored energy / EAR (national %)",energy_water,ons_open_data,daily,2021-03-03,39.5253,pct
stored_energy_ear,"Stored energy / EAR (national %)",energy_water,ons_open_data,daily,2021-03-04,39.8295,pct
stored_energy_ear,"Stored energy / EAR (national %)",energy_water,ons_open_data,daily,2021-03-05,40.1535,pct
stored_energy_ear,"Stored energy / EAR (national %)",energy_water,ons_open_data,daily,2021-03-06,40.4969,pct
stored_energy_ear,"Stored energy / EAR (national %)",energy_water,ons_open_data,daily,2021-03-07,40.8808,pct
stored_energy_ear,"Stored energy / EAR (national %)",energy_water,ons_open_data,daily,2021-03-08,41.2705,pct
stored_energy_ear,"Stored energy / EAR (national %)",energy_water,ons_open_data,daily,2021-03-09,41.6351,pct
stored_energy_ear,"Stored energy / EAR (national %)",energy_water,ons_open_data,daily,2021-03-10,41.9858,pct
stored_energy_ear,"Stored energy / EAR (national %)",energy_water,ons_open_data,daily,2021-03-11,42.3310,pct
stored_energy_ear,"Stored energy / EAR (national %)",energy_water,ons_open_data,daily,2021-03-12,42.5470,pct
stored_energy_ear,"Stored energy / EAR (national %)",energy_water,ons_open_data,daily,2021-03-13,42.8595,pct
stored_energy_ear,"Stored energy / EAR (national %)",energy_water,ons_open_data,daily,2021-03-14,43.1017,pct
stored_energy_ear,"Stored energy / EAR (national %)",energy_water,ons_open_data,daily,2021-03-15,43.2861,pct
stored_energy_ear,"Stored energy / EAR (national %)",energy_water,ons_open_data,daily,2021-03-16,43.5406,pct
stored_energy_ear,"Stored energy / EAR (national %)",energy_water,ons_open_data,daily,2021-03-17,43.7435,pct
stored_energy_ear,"Stored energy / EAR (national %)",energy_water,ons_open_data,daily,2021-03-18,43.9612,pct
stored_energy_ear,"Stored energy / EAR (national %)",energy_water,ons_open_data,daily,2021-03-19,44.2359,pct
stored_energy_ear,"Stored energy / EAR (national %)",energy_water,ons_open_data,daily,2021-03-20,44.5137,pct
stored_energy_ear,"Stored energy / EAR (national %)",energy_water,ons_open_data,daily,2021-03-21,44.7896,pct
stored_energy_ear,"Stored energy / EAR (national %)",energy_water,ons_open_data,daily,2021-03-22,44.8750,pct
stored_energy_ear,"Stored energy / EAR (national %)",energy_water,ons_open_data,daily,2021-03-23,44.9669,pct
stored_energy_ear,"Stored energy / EAR (national %)",energy_water,ons_open_data,daily,2021-03-24,45.0332,pct
stored_energy_ear,"Stored energy / EAR (national %)",energy_water,ons_open_data,daily,2021-03-25,45.0833,pct
stored_energy_ear,"Stored energy / EAR (national %)",energy_water,ons_open_data,daily,2021-03-26,45.1226,pct
stored_energy_ear,"Stored energy / EAR (national %)",energy_water,ons_open_data,daily,2021-03-27,45.1553,pct
stored_energy_ear,"Stored energy / EAR (national %)",energy_water,ons_open_data,daily,2021-03-28,45.2310,pct
stored_energy_ear,"Stored energy / EAR (national %)",energy_water,ons_open_data,daily,2021-03-29,45.2215,pct
stored_energy_ear,"Stored energy / EAR (national %)",energy_water,ons_open_data,daily,2021-03-30,45.2134,pct
stored_energy_ear,"Stored energy / EAR (national %)",energy_water,ons_open_data,daily,2021-03-31,45.2585,pct
stored_energy_ear,"Stored energy / EAR (national %)",energy_water,ons_open_data,daily,2021-04-01,45.3133,pct
stored_energy_ear,"Stored energy / EAR (national %)",energy_water,ons_open_data,daily,2021-04-02,45.4034,pct
stored_energy_ear,"Stored energy / EAR (national %)",energy_water,ons_open_data,daily,2021-04-03,45.4557,pct
stored_energy_ear,"Stored energy / EAR (national %)",energy_water,ons_open_data,daily,2021-04-04,45.5305,pct
stored_energy_ear,"Stored energy / EAR (national %)",energy_water,ons_open_data,daily,2021-04-05,45.5315,pct
stored_energy_ear,"Stored energy / EAR (national %)",energy_water,ons_open_data,daily,2021-04-06,45.5234,pct
stored_energy_ear,"Stored energy / EAR (national %)",energy_water,ons_open_data,daily,2021-04-07,45.5256,pct
stored_energy_ear,"Stored energy / EAR (national %)",energy_water,ons_open_data,daily,2021-04-08,45.5299,pct
stored_energy_ear,"Stored energy / EAR (national %)",energy_water,ons_open_data,daily,2021-04-09,45.4699,pct
stored_energy_ear,"Stored energy / EAR (national %)",energy_water,ons_open_data,daily,2021-04-10,45.4806,pct
stored_energy_ear,"Stored energy / EAR (national %)",energy_water,ons_open_data,daily,2021-04-11,45.5241,pct
stored_energy_ear,"Stored energy / EAR (national %)",energy_water,ons_open_data,daily,2021-04-12,45.3987,pct
stored_energy_ear,"Stored energy / EAR (national %)",energy_water,ons_open_data,daily,2021-04-13,45.3118,pct
stored_energy_ear,"Stored energy / EAR (national %)",energy_water,ons_open_data,daily,2021-04-14,45.2565,pct
stored_energy_ear,"Stored energy / EAR (national %)",energy_water,ons_open_data,daily,2021-04-15,45.2172,pct
stored_energy_ear,"Stored energy / EAR (national %)",energy_water,ons_open_data,daily,2021-04-16,45.1182,pct
stored_energy_ear,"Stored energy / EAR (national %)",energy_water,ons_open_data,daily,2021-04-17,45.0727,pct
stored_energy_ear,"Stored energy / EAR (national %)",energy_water,ons_open_data,daily,2021-04-18,45.1141,pct
stored_energy_ear,"Stored energy / EAR (national %)",energy_water,ons_open_data,daily,2021-04-19,45.0086,pct
stored_energy_ear,"Stored energy / EAR (national %)",energy_water,ons_open_data,daily,2021-04-20,44.9547,pct
stored_energy_ear,"Stored energy / EAR (national %)",energy_water,ons_open_data,daily,2021-04-21,44.9527,pct
stored_energy_ear,"Stored energy / EAR (national %)",energy_water,ons_open_data,daily,2021-04-22,44.8934,pct
stored_energy_ear,"Stored energy / EAR (national %)",energy_water,ons_open_data,daily,2021-04-23,44.9210,pct
stored_energy_ear,"Stored energy / EAR (national %)",energy_water,ons_open_data,daily,2021-04-24,44.9546,pct
stored_energy_ear,"Stored energy / EAR (national %)",energy_water,ons_open_data,daily,2021-04-25,44.9423,pct
stored_energy_ear,"Stored energy / EAR (national %)",energy_water,ons_open_data,daily,2021-04-26,44.8273,pct
stored_energy_ear,"Stored energy / EAR (national %)",energy_water,ons_open_data,daily,2021-04-27,44.7207,pct
stored_energy_ear,"Stored energy / EAR (national %)",energy_water,ons_open_data,daily,2021-04-28,44.6314,pct
stored_energy_ear,"Stored energy / EAR (national %)",energy_water,ons_open_data,daily,2021-04-29,44.5688,pct
stored_energy_ear,"Stored energy / EAR (national %)",energy_water,ons_open_data,daily,2021-04-30,44.5236,pct
stored_energy_ear,"Stored energy / EAR (national %)",energy_water,ons_open_data,daily,2021-05-01,44.4953,pct
stored_energy_ear,"Stored energy / EAR (national %)",energy_water,ons_open_data,daily,2021-05-02,44.4536,pct
stored_energy_ear,"Stored energy / EAR (national %)",energy_water,ons_open_data,daily,2021-05-03,44.3362,pct
stored_energy_ear,"Stored energy / EAR (national %)",energy_water,ons_open_data,daily,2021-05-04,44.2246,pct
stored_energy_ear,"Stored energy / EAR (national %)",energy_water,ons_open_data,daily,2021-05-05,44.1029,pct
stored_energy_ear,"Stored energy / EAR (national %)",energy_water,ons_open_data,daily,2021-05-06,43.9632,pct
stored_energy_ear,"Stored energy / EAR (national %)",energy_water,ons_open_data,daily,2021-05-07,43.8659,pct
stored_energy_ear,"Stored energy / EAR (national %)",energy_water,ons_open_data,daily,2021-05-08,43.7893,pct
stored_energy_ear,"Stored energy / EAR (national %)",energy_water,ons_open_data,daily,2021-05-09,43.7470,pct
stored_energy_ear,"Stored energy / EAR (national %)",energy_water,ons_open_data,daily,2021-05-10,43.6364,pct
stored_energy_ear,"Stored energy / EAR (national %)",energy_water,ons_open_data,daily,2021-05-11,43.5328,pct
stored_energy_ear,"Stored energy / EAR (national %)",energy_water,ons_open_data,daily,2021-05-12,43.4220,pct
stored_energy_ear,"Stored energy / EAR (national %)",energy_water,ons_open_data,daily,2021-05-13,43.3141,pct
stored_energy_ear,"Stored energy / EAR (national %)",energy_water,ons_open_data,daily,2021-05-14,43.2701,pct
stored_energy_ear,"Stored energy / EAR (national %)",energy_water,ons_open_data,daily,2021-05-15,43.2319,pct
stored_energy_ear,"Stored energy / EAR (national %)",energy_water,ons_open_data,daily,2021-05-16,43.1862,pct
stored_energy_ear,"Stored energy / EAR (national %)",energy_water,ons_open_data,daily,2021-05-17,43.0776,pct
stored_energy_ear,"Stored energy / EAR (national %)",energy_water,ons_open_data,daily,2021-05-18,42.9733,pct
stored_energy_ear,"Stored energy / EAR (national %)",energy_water,ons_open_data,daily,2021-05-19,42.8789,pct
stored_energy_ear,"Stored energy / EAR (national %)",energy_water,ons_open_data,daily,2021-05-20,42.7946,pct
stored_energy_ear,"Stored energy / EAR (national %)",energy_water,ons_open_data,daily,2021-05-21,42.6816,pct
stored_energy_ear,"Stored energy / EAR (national %)",energy_water,ons_open_data,daily,2021-05-22,42.6580,pct
stored_energy_ear,"Stored energy / EAR (national %)",energy_water,ons_open_data,daily,2021-05-23,42.6791,pct
stored_energy_ear,"Stored energy / EAR (national %)",energy_water,ons_open_data,daily,2021-05-24,42.6264,pct
stored_energy_ear,"Stored energy / EAR (national %)",energy_water,ons_open_data,daily,2021-05-25,42.5677,pct
stored_energy_ear,"Stored energy / EAR (national %)",energy_water,ons_open_data,daily,2021-05-26,42.4798,pct
stored_energy_ear,"Stored energy / EAR (national %)",energy_water,ons_open_data,daily,2021-05-27,42.4092,pct
stored_energy_ear,"Stored energy / EAR (national %)",energy_water,ons_open_data,daily,2021-05-28,42.3260,pct
stored_energy_ear,"Stored energy / EAR (national %)",energy_water,ons_open_data,daily,2021-05-29,42.3103,pct
stored_energy_ear,"Stored energy / EAR (national %)",energy_water,ons_open_data,daily,2021-05-30,42.3388,pct
stored_energy_ear,"Stored energy / EAR (national %)",energy_water,ons_open_data,daily,2021-05-31,42.2646,pct
stored_energy_ear,"Stored energy / EAR (national %)",energy_water,ons_open_data,daily,2021-06-01,42.1671,pct
stored_energy_ear,"Stored energy / EAR (national %)",energy_water,ons_open_data,daily,2021-06-02,42.0952,pct
stored_energy_ear,"Stored energy / EAR (national %)",energy_water,ons_open_data,daily,2021-06-03,42.0553,pct
stored_energy_ear,"Stored energy / EAR (national %)",energy_water,ons_open_data,daily,2021-06-04,41.9751,pct
stored_energy_ear,"Stored energy / EAR (national %)",energy_water,ons_open_data,daily,2021-06-05,41.9069,pct
stored_energy_ear,"Stored energy / EAR (national %)",energy_water,ons_open_data,daily,2021-06-06,41.8173,pct
stored_energy_ear,"Stored energy / EAR (national %)",energy_water,ons_open_data,daily,2021-06-07,41.6871,pct
stored_energy_ear,"Stored energy / EAR (national %)",energy_water,ons_open_data,daily,2021-06-08,41.5439,pct
stored_energy_ear,"Stored energy / EAR (national %)",energy_water,ons_open_data,daily,2021-06-09,41.4721,pct
stored_energy_ear,"Stored energy / EAR (national %)",energy_water,ons_open_data,daily,2021-06-10,41.3878,pct
stored_energy_ear,"Stored energy / EAR (national %)",energy_water,ons_open_data,daily,2021-06-11,41.3008,pct
stored_energy_ear,"Stored energy / EAR (national %)",energy_water,ons_open_data,daily,2021-06-12,41.2469,pct
stored_energy_ear,"Stored energy / EAR (national %)",energy_water,ons_open_data,daily,2021-06-13,41.2240,pct
stored_energy_ear,"Stored energy / EAR (national %)",energy_water,ons_open_data,daily,2021-06-14,41.0871,pct
stored_energy_ear,"Stored energy / EAR (national %)",energy_water,ons_open_data,daily,2021-06-15,40.9796,pct
stored_energy_ear,"Stored energy / EAR (national %)",energy_water,ons_open_data,daily,2021-06-16,40.8632,pct
stored_energy_ear,"Stored energy / EAR (national %)",energy_water,ons_open_data,daily,2021-06-17,40.7365,pct
stored_energy_ear,"Stored energy / EAR (national %)",energy_water,ons_open_data,daily,2021-06-18,40.6188,pct
stored_energy_ear,"Stored energy / EAR (national %)",energy_water,ons_open_data,daily,2021-06-19,40.5549,pct
stored_energy_ear,"Stored energy / EAR (national %)",energy_water,ons_open_data,daily,2021-06-20,40.5271,pct
stored_energy_ear,"Stored energy / EAR (national %)",energy_water,ons_open_data,daily,2021-06-21,40.4042,pct
stored_energy_ear,"Stored energy / EAR (national %)",energy_water,ons_open_data,daily,2021-06-22,40.3170,pct
stored_energy_ear,"Stored energy / EAR (national %)",energy_water,ons_open_data,daily,2021-06-23,40.2399,pct
stored_energy_ear,"Stored energy / EAR (national %)",energy_water,ons_open_data,daily,2021-06-24,40.1262,pct
stored_energy_ear,"Stored energy / EAR (national %)",energy_water,ons_open_data,daily,2021-06-25,39.9975,pct
stored_energy_ear,"Stored energy / EAR (national %)",energy_water,ons_open_data,daily,2021-06-26,39.9512,pct
stored_energy_ear,"Stored energy / EAR (national %)",energy_water,ons_open_data,daily,2021-06-27,39.9398,pct
stored_energy_ear,"Stored energy / EAR (national %)",energy_water,ons_open_data,daily,2021-06-28,39.8666,pct
stored_energy_ear,"Stored energy / EAR (national %)",energy_water,ons_open_data,daily,2021-06-29,39.8345,pct
stored_energy_ear,"Stored energy / EAR (national %)",energy_water,ons_open_data,daily,2021-06-30,39.7769,pct
stored_energy_ear,"Stored energy / EAR (national %)",energy_water,ons_open_data,daily,2021-07-01,39.7324,pct
stored_energy_ear,"Stored energy / EAR (national %)",energy_water,ons_open_data,daily,2021-07-02,39.6715,pct
stored_energy_ear,"Stored energy / EAR (national %)",energy_water,ons_open_data,daily,2021-07-03,39.6656,pct
stored_energy_ear,"Stored energy / EAR (national %)",energy_water,ons_open_data,daily,2021-07-04,39.6476,pct
stored_energy_ear,"Stored energy / EAR (national %)",energy_water,ons_open_data,daily,2021-07-05,39.5323,pct
stored_energy_ear,"Stored energy / EAR (national %)",energy_water,ons_open_data,daily,2021-07-06,39.4232,pct
stored_energy_ear,"Stored energy / EAR (national %)",energy_water,ons_open_data,daily,2021-07-07,39.2983,pct
stored_energy_ear,"Stored energy / EAR (national %)",energy_water,ons_open_data,daily,2021-07-08,39.1544,pct
stored_energy_ear,"Stored energy / EAR (national %)",energy_water,ons_open_data,daily,2021-07-09,39.0424,pct
stored_energy_ear,"Stored energy / EAR (national %)",energy_water,ons_open_data,daily,2021-07-10,39.0006,pct
stored_energy_ear,"Stored energy / EAR (national %)",energy_water,ons_open_data,daily,2021-07-11,38.9447,pct
stored_energy_ear,"Stored energy / EAR (national %)",energy_water,ons_open_data,daily,2021-07-12,38.7679,pct
stored_energy_ear,"Stored energy / EAR (national %)",energy_water,ons_open_data,daily,2021-07-13,38.6019,pct
stored_energy_ear,"Stored energy / EAR (national %)",energy_water,ons_open_data,daily,2021-07-14,38.4377,pct
stored_energy_ear,"Stored energy / EAR (national %)",energy_water,ons_open_data,daily,2021-07-15,38.2451,pct
stored_energy_ear,"Stored energy / EAR (national %)",energy_water,ons_open_data,daily,2021-07-16,38.0223,pct
stored_energy_ear,"Stored energy / EAR (national %)",energy_water,ons_open_data,daily,2021-07-17,37.8794,pct
stored_energy_ear,"Stored energy / EAR (national %)",energy_water,ons_open_data,daily,2021-07-18,37.8125,pct
stored_energy_ear,"Stored energy / EAR (national %)",energy_water,ons_open_data,daily,2021-07-19,37.6247,pct
stored_energy_ear,"Stored energy / EAR (national %)",energy_water,ons_open_data,daily,2021-07-20,37.4530,pct
stored_energy_ear,"Stored energy / EAR (national %)",energy_water,ons_open_data,daily,2021-07-21,37.2883,pct
stored_energy_ear,"Stored energy / EAR (national %)",energy_water,ons_open_data,daily,2021-07-22,37.0871,pct
stored_energy_ear,"Stored energy / EAR (national %)",energy_water,ons_open_data,daily,2021-07-23,36.9169,pct
stored_energy_ear,"Stored energy / EAR (national %)",energy_water,ons_open_data,daily,2021-07-24,36.7970,pct
stored_energy_ear,"Stored energy / EAR (national %)",energy_water,ons_open_data,daily,2021-07-25,36.7134,pct
stored_energy_ear,"Stored energy / EAR (national %)",energy_water,ons_open_data,daily,2021-07-26,36.4999,pct
stored_energy_ear,"Stored energy / EAR (national %)",energy_water,ons_open_data,daily,2021-07-27,36.2638,pct
stored_energy_ear,"Stored energy / EAR (national %)",energy_water,ons_open_data,daily,2021-07-28,36.0372,pct
stored_energy_ear,"Stored energy / EAR (national %)",energy_water,ons_open_data,daily,2021-07-29,35.8296,pct
stored_energy_ear,"Stored energy / EAR (national %)",energy_water,ons_open_data,daily,2021-07-30,35.6499,pct
stored_energy_ear,"Stored energy / EAR (national %)",energy_water,ons_open_data,daily,2021-07-31,35.5494,pct
stored_energy_ear,"Stored energy / EAR (national %)",energy_water,ons_open_data,daily,2021-08-01,35.4961,pct
stored_energy_ear,"Stored energy / EAR (national %)",energy_water,ons_open_data,daily,2021-08-02,35.2641,pct
stored_energy_ear,"Stored energy / EAR (national %)",energy_water,ons_open_data,daily,2021-08-03,35.0356,pct
stored_energy_ear,"Stored energy / EAR (national %)",energy_water,ons_open_data,daily,2021-08-04,34.8082,pct
stored_energy_ear,"Stored energy / EAR (national %)",energy_water,ons_open_data,daily,2021-08-05,34.6160,pct
stored_energy_ear,"Stored energy / EAR (national %)",energy_water,ons_open_data,daily,2021-08-06,34.4506,pct
stored_energy_ear,"Stored energy / EAR (national %)",energy_water,ons_open_data,daily,2021-08-07,34.3454,pct
stored_energy_ear,"Stored energy / EAR (national %)",energy_water,ons_open_data,daily,2021-08-08,34.2713,pct
stored_energy_ear,"Stored energy / EAR (national %)",energy_water,ons_open_data,daily,2021-08-09,34.0199,pct
stored_energy_ear,"Stored energy / EAR (national %)",energy_water,ons_open_data,daily,2021-08-10,33.7898,pct
stored_energy_ear,"Stored energy / EAR (national %)",energy_water,ons_open_data,daily,2021-08-11,33.5536,pct
stored_energy_ear,"Stored energy / EAR (national %)",energy_water,ons_open_data,daily,2021-08-12,33.3562,pct
stored_energy_ear,"Stored energy / EAR (national %)",energy_water,ons_open_data,daily,2021-08-13,33.1652,pct
stored_energy_ear,"Stored energy / EAR (national %)",energy_water,ons_open_data,daily,2021-08-14,33.0040,pct
stored_energy_ear,"Stored energy / EAR (national %)",energy_water,ons_open_data,daily,2021-08-15,32.9345,pct
stored_energy_ear,"Stored energy / EAR (national %)",energy_water,ons_open_data,daily,2021-08-16,32.6968,pct
stored_energy_ear,"Stored energy / EAR (national %)",energy_water,ons_open_data,daily,2021-08-17,32.4856,pct
stored_energy_ear,"Stored energy / EAR (national %)",energy_water,ons_open_data,daily,2021-08-18,32.2517,pct
stored_energy_ear,"Stored energy / EAR (national %)",energy_water,ons_open_data,daily,2021-08-19,32.0481,pct
stored_energy_ear,"Stored energy / EAR (national %)",energy_water,ons_open_data,daily,2021-08-20,31.8263,pct
stored_energy_ear,"Stored energy / EAR (national %)",energy_water,ons_open_data,daily,2021-08-21,31.6901,pct
stored_energy_ear,"Stored energy / EAR (national %)",energy_water,ons_open_data,daily,2021-08-22,31.6031,pct
stored_energy_ear,"Stored energy / EAR (national %)",energy_water,ons_open_data,daily,2021-08-23,31.2850,pct
stored_energy_ear,"Stored energy / EAR (national %)",energy_water,ons_open_data,daily,2021-08-24,30.9752,pct
stored_energy_ear,"Stored energy / EAR (national %)",energy_water,ons_open_data,daily,2021-08-25,30.6832,pct
stored_energy_ear,"Stored energy / EAR (national %)",energy_water,ons_open_data,daily,2021-08-26,30.4345,pct
stored_energy_ear,"Stored energy / EAR (national %)",energy_water,ons_open_data,daily,2021-08-27,30.1946,pct
stored_energy_ear,"Stored energy / EAR (national %)",energy_water,ons_open_data,daily,2021-08-28,30.0342,pct
stored_energy_ear,"Stored energy / EAR (national %)",energy_water,ons_open_data,daily,2021-08-29,29.9185,pct
stored_energy_ear,"Stored energy / EAR (national %)",energy_water,ons_open_data,daily,2021-08-30,29.6197,pct
stored_energy_ear,"Stored energy / EAR (national %)",energy_water,ons_open_data,daily,2021-08-31,29.3841,pct
stored_energy_ear,"Stored energy / EAR (national %)",energy_water,ons_open_data,daily,2021-09-01,29.1886,pct
stored_energy_ear,"Stored energy / EAR (national %)",energy_water,ons_open_data,daily,2021-09-02,28.9669,pct
stored_energy_ear,"Stored energy / EAR (national %)",energy_water,ons_open_data,daily,2021-09-03,28.6968,pct
stored_energy_ear,"Stored energy / EAR (national %)",energy_water,ons_open_data,daily,2021-09-04,28.5170,pct
stored_energy_ear,"Stored energy / EAR (national %)",energy_water,ons_open_data,daily,2021-09-05,28.3861,pct
stored_energy_ear,"Stored energy / EAR (national %)",energy_water,ons_open_data,daily,2021-09-06,28.1202,pct
stored_energy_ear,"Stored energy / EAR (national %)",energy_water,ons_open_data,daily,2021-09-07,27.9576,pct
stored_energy_ear,"Stored energy / EAR (national %)",energy_water,ons_open_data,daily,2021-09-08,27.6289,pct
stored_energy_ear,"Stored energy / EAR (national %)",energy_water,ons_open_data,daily,2021-09-09,27.3416,pct
stored_energy_ear,"Stored energy / EAR (national %)",energy_water,ons_open_data,daily,2021-09-10,27.0570,pct
stored_energy_ear,"Stored energy / EAR (national %)",energy_water,ons_open_data,daily,2021-09-11,26.8997,pct
stored_energy_ear,"Stored energy / EAR (national %)",energy_water,ons_open_data,daily,2021-09-12,26.7901,pct
stored_energy_ear,"Stored energy / EAR (national %)",energy_water,ons_open_data,daily,2021-09-13,26.5247,pct
stored_energy_ear,"Stored energy / EAR (national %)",energy_water,ons_open_data,daily,2021-09-14,26.3193,pct
stored_energy_ear,"Stored energy / EAR (national %)",energy_water,ons_open_data,daily,2021-09-15,26.1769,pct
stored_energy_ear,"Stored energy / EAR (national %)",energy_water,ons_open_data,daily,2021-09-16,26.0686,pct
stored_energy_ear,"Stored energy / EAR (national %)",energy_water,ons_open_data,daily,2021-09-17,26.0029,pct
stored_energy_ear,"Stored energy / EAR (national %)",energy_water,ons_open_data,daily,2021-09-18,26.0077,pct
stored_energy_ear,"Stored energy / EAR (national %)",energy_water,ons_open_data,daily,2021-09-19,26.0429,pct
stored_energy_ear,"Stored energy / EAR (national %)",energy_water,ons_open_data,daily,2021-09-20,25.8896,pct
stored_energy_ear,"Stored energy / EAR (national %)",energy_water,ons_open_data,daily,2021-09-21,25.7093,pct
stored_energy_ear,"Stored energy / EAR (national %)",energy_water,ons_open_data,daily,2021-09-22,25.5683,pct
stored_energy_ear,"Stored energy / EAR (national %)",energy_water,ons_open_data,daily,2021-09-23,25.4089,pct
stored_energy_ear,"Stored energy / EAR (national %)",energy_water,ons_open_data,daily,2021-09-24,25.2308,pct
stored_energy_ear,"Stored energy / EAR (national %)",energy_water,ons_open_data,daily,2021-09-25,25.1318,pct
stored_energy_ear,"Stored energy / EAR (national %)",energy_water,ons_open_data,daily,2021-09-26,25.0571,pct
stored_energy_ear,"Stored energy / EAR (national %)",energy_water,ons_open_data,daily,2021-09-27,24.8559,pct
stored_energy_ear,"Stored energy / EAR (national %)",energy_water,ons_open_data,daily,2021-09-28,24.6599,pct
stored_energy_ear,"Stored energy / EAR (national %)",energy_water,ons_open_data,daily,2021-09-29,24.4271,pct
stored_energy_ear,"Stored energy / EAR (national %)",energy_water,ons_open_data,daily,2021-09-30,24.2159,pct
stored_energy_ear,"Stored energy / EAR (national %)",energy_water,ons_open_data,daily,2021-10-01,24.0201,pct
stored_energy_ear,"Stored energy / EAR (national %)",energy_water,ons_open_data,daily,2021-10-02,23.9571,pct
stored_energy_ear,"Stored energy / EAR (national %)",energy_water,ons_open_data,daily,2021-10-03,23.9388,pct
stored_energy_ear,"Stored energy / EAR (national %)",energy_water,ons_open_data,daily,2021-10-04,23.8327,pct
stored_energy_ear,"Stored energy / EAR (national %)",energy_water,ons_open_data,daily,2021-10-05,23.7489,pct
stored_energy_ear,"Stored energy / EAR (national %)",energy_water,ons_open_data,daily,2021-10-06,23.6835,pct
stored_energy_ear,"Stored energy / EAR (national %)",energy_water,ons_open_data,daily,2021-10-07,23.6353,pct
stored_energy_ear,"Stored energy / EAR (national %)",energy_water,ons_open_data,daily,2021-10-08,23.6165,pct
stored_energy_ear,"Stored energy / EAR (national %)",energy_water,ons_open_data,daily,2021-10-09,23.6823,pct
stored_energy_ear,"Stored energy / EAR (national %)",energy_water,ons_open_data,daily,2021-10-10,23.7535,pct
stored_energy_ear,"Stored energy / EAR (national %)",energy_water,ons_open_data,daily,2021-10-11,23.7927,pct
stored_energy_ear,"Stored energy / EAR (national %)",energy_water,ons_open_data,daily,2021-10-12,23.8310,pct
stored_energy_ear,"Stored energy / EAR (national %)",energy_water,ons_open_data,daily,2021-10-13,23.8071,pct
stored_energy_ear,"Stored energy / EAR (national %)",energy_water,ons_open_data,daily,2021-10-14,23.7640,pct
stored_energy_ear,"Stored energy / EAR (national %)",energy_water,ons_open_data,daily,2021-10-15,23.7525,pct
stored_energy_ear,"Stored energy / EAR (national %)",energy_water,ons_open_data,daily,2021-10-16,23.8935,pct
stored_energy_ear,"Stored energy / EAR (national %)",energy_water,ons_open_data,daily,2021-10-17,24.1272,pct
stored_energy_ear,"Stored energy / EAR (national %)",energy_water,ons_open_data,daily,2021-10-18,24.2667,pct
stored_energy_ear,"Stored energy / EAR (national %)",energy_water,ons_open_data,daily,2021-10-19,24.3570,pct
stored_energy_ear,"Stored energy / EAR (national %)",energy_water,ons_open_data,daily,2021-10-20,24.4564,pct
stored_energy_ear,"Stored energy / EAR (national %)",energy_water,ons_open_data,daily,2021-10-21,24.5360,pct
stored_energy_ear,"Stored energy / EAR (national %)",energy_water,ons_open_data,daily,2021-10-22,24.5939,pct
stored_energy_ear,"Stored energy / EAR (national %)",energy_water,ons_open_data,daily,2021-10-23,24.6980,pct
stored_energy_ear,"Stored energy / EAR (national %)",energy_water,ons_open_data,daily,2021-10-24,24.8637,pct
stored_energy_ear,"Stored energy / EAR (national %)",energy_water,ons_open_data,daily,2021-10-25,24.9518,pct
stored_energy_ear,"Stored energy / EAR (national %)",energy_water,ons_open_data,daily,2021-10-26,24.9920,pct
stored_energy_ear,"Stored energy / EAR (national %)",energy_water,ons_open_data,daily,2021-10-27,25.0539,pct
stored_energy_ear,"Stored energy / EAR (national %)",energy_water,ons_open_data,daily,2021-10-28,25.0674,pct
stored_energy_ear,"Stored energy / EAR (national %)",energy_water,ons_open_data,daily,2021-10-29,25.0982,pct
stored_energy_ear,"Stored energy / EAR (national %)",energy_water,ons_open_data,daily,2021-10-30,25.2207,pct
stored_energy_ear,"Stored energy / EAR (national %)",energy_water,ons_open_data,daily,2021-10-31,25.3803,pct
stored_energy_ear,"Stored energy / EAR (national %)",energy_water,ons_open_data,daily,2021-11-01,25.4559,pct
stored_energy_ear,"Stored energy / EAR (national %)",energy_water,ons_open_data,daily,2021-11-02,25.5668,pct
stored_energy_ear,"Stored energy / EAR (national %)",energy_water,ons_open_data,daily,2021-11-03,25.5417,pct
stored_energy_ear,"Stored energy / EAR (national %)",energy_water,ons_open_data,daily,2021-11-04,25.4876,pct
stored_energy_ear,"Stored energy / EAR (national %)",energy_water,ons_open_data,daily,2021-11-05,25.4114,pct
stored_energy_ear,"Stored energy / EAR (national %)",energy_water,ons_open_data,daily,2021-11-06,25.4438,pct
stored_energy_ear,"Stored energy / EAR (national %)",energy_water,ons_open_data,daily,2021-11-07,25.5347,pct
stored_energy_ear,"Stored energy / EAR (national %)",energy_water,ons_open_data,daily,2021-11-08,25.4456,pct
stored_energy_ear,"Stored energy / EAR (national %)",energy_water,ons_open_data,daily,2021-11-09,25.4127,pct
stored_energy_ear,"Stored energy / EAR (national %)",energy_water,ons_open_data,daily,2021-11-10,25.3553,pct
stored_energy_ear,"Stored energy / EAR (national %)",energy_water,ons_open_data,daily,2021-11-11,25.3577,pct
stored_energy_ear,"Stored energy / EAR (national %)",energy_water,ons_open_data,daily,2021-11-12,25.3485,pct
stored_energy_ear,"Stored energy / EAR (national %)",energy_water,ons_open_data,daily,2021-11-13,25.4012,pct
stored_energy_ear,"Stored energy / EAR (national %)",energy_water,ons_open_data,daily,2021-11-14,25.5202,pct
stored_energy_ear,"Stored energy / EAR (national %)",energy_water,ons_open_data,daily,2021-11-15,25.4706,pct
stored_energy_ear,"Stored energy / EAR (national %)",energy_water,ons_open_data,daily,2021-11-16,25.4056,pct
stored_energy_ear,"Stored energy / EAR (national %)",energy_water,ons_open_data,daily,2021-11-17,25.3508,pct
stored_energy_ear,"Stored energy / EAR (national %)",energy_water,ons_open_data,daily,2021-11-18,25.3093,pct
stored_energy_ear,"Stored energy / EAR (national %)",energy_water,ons_open_data,daily,2021-11-19,25.3322,pct
stored_energy_ear,"Stored energy / EAR (national %)",energy_water,ons_open_data,daily,2021-11-20,25.5138,pct
stored_energy_ear,"Stored energy / EAR (national %)",energy_water,ons_open_data,daily,2021-11-21,25.7212,pct
stored_energy_ear,"Stored energy / EAR (national %)",energy_water,ons_open_data,daily,2021-11-22,25.7519,pct
stored_energy_ear,"Stored energy / EAR (national %)",energy_water,ons_open_data,daily,2021-11-23,25.7643,pct
stored_energy_ear,"Stored energy / EAR (national %)",energy_water,ons_open_data,daily,2021-11-24,25.7891,pct
stored_energy_ear,"Stored energy / EAR (national %)",energy_water,ons_open_data,daily,2021-11-25,25.8138,pct
stored_energy_ear,"Stored energy / EAR (national %)",energy_water,ons_open_data,daily,2021-11-26,25.8087,pct
stored_energy_ear,"Stored energy / EAR (national %)",energy_water,ons_open_data,daily,2021-11-27,25.8696,pct
stored_energy_ear,"Stored energy / EAR (national %)",energy_water,ons_open_data,daily,2021-11-28,25.9511,pct
stored_energy_ear,"Stored energy / EAR (national %)",energy_water,ons_open_data,daily,2021-11-29,25.9147,pct
stored_energy_ear,"Stored energy / EAR (national %)",energy_water,ons_open_data,daily,2021-11-30,25.9192,pct
stored_energy_ear,"Stored energy / EAR (national %)",energy_water,ons_open_data,daily,2021-12-01,25.9523,pct
stored_energy_ear,"Stored energy / EAR (national %)",energy_water,ons_open_data,daily,2021-12-02,25.9891,pct
stored_energy_ear,"Stored energy / EAR (national %)",energy_water,ons_open_data,daily,2021-12-03,26.0672,pct
stored_energy_ear,"Stored energy / EAR (national %)",energy_water,ons_open_data,daily,2021-12-04,26.2060,pct
stored_energy_ear,"Stored energy / EAR (national %)",energy_water,ons_open_data,daily,2021-12-05,26.3819,pct
stored_energy_ear,"Stored energy / EAR (national %)",energy_water,ons_open_data,daily,2021-12-06,26.4641,pct
stored_energy_ear,"Stored energy / EAR (national %)",energy_water,ons_open_data,daily,2021-12-07,26.5709,pct
stored_energy_ear,"Stored energy / EAR (national %)",energy_water,ons_open_data,daily,2021-12-08,26.7339,pct
stored_energy_ear,"Stored energy / EAR (national %)",energy_water,ons_open_data,daily,2021-12-09,26.8380,pct
stored_energy_ear,"Stored energy / EAR (national %)",energy_water,ons_open_data,daily,2021-12-10,26.9070,pct
stored_energy_ear,"Stored energy / EAR (national %)",energy_water,ons_open_data,daily,2021-12-11,27.0606,pct
stored_energy_ear,"Stored energy / EAR (national %)",energy_water,ons_open_data,daily,2021-12-12,27.2663,pct
stored_energy_ear,"Stored energy / EAR (national %)",energy_water,ons_open_data,daily,2021-12-13,27.3257,pct
stored_energy_ear,"Stored energy / EAR (national %)",energy_water,ons_open_data,daily,2021-12-14,27.4611,pct
stored_energy_ear,"Stored energy / EAR (national %)",energy_water,ons_open_data,daily,2021-12-15,27.6314,pct
stored_energy_ear,"Stored energy / EAR (national %)",energy_water,ons_open_data,daily,2021-12-16,27.8517,pct
stored_energy_ear,"Stored energy / EAR (national %)",energy_water,ons_open_data,daily,2021-12-17,28.1173,pct
stored_energy_ear,"Stored energy / EAR (national %)",energy_water,ons_open_data,daily,2021-12-18,28.4594,pct
stored_energy_ear,"Stored energy / EAR (national %)",energy_water,ons_open_data,daily,2021-12-19,28.9106,pct
stored_energy_ear,"Stored energy / EAR (national %)",energy_water,ons_open_data,daily,2021-12-20,29.2426,pct
stored_energy_ear,"Stored energy / EAR (national %)",energy_water,ons_open_data,daily,2021-12-21,29.5570,pct
stored_energy_ear,"Stored energy / EAR (national %)",energy_water,ons_open_data,daily,2021-12-22,29.8411,pct
stored_energy_ear,"Stored energy / EAR (national %)",energy_water,ons_open_data,daily,2021-12-23,30.1571,pct
stored_energy_ear,"Stored energy / EAR (national %)",energy_water,ons_open_data,daily,2021-12-24,30.4674,pct
stored_energy_ear,"Stored energy / EAR (national %)",energy_water,ons_open_data,daily,2021-12-25,30.8546,pct
stored_energy_ear,"Stored energy / EAR (national %)",energy_water,ons_open_data,daily,2021-12-26,31.1772,pct
stored_energy_ear,"Stored energy / EAR (national %)",energy_water,ons_open_data,daily,2021-12-27,31.4215,pct
stored_energy_ear,"Stored energy / EAR (national %)",energy_water,ons_open_data,daily,2021-12-28,31.7530,pct
stored_energy_ear,"Stored energy / EAR (national %)",energy_water,ons_open_data,daily,2021-12-29,32.0648,pct
stored_energy_ear,"Stored energy / EAR (national %)",energy_water,ons_open_data,daily,2021-12-30,32.5068,pct
stored_energy_ear,"Stored energy / EAR (national %)",energy_water,ons_open_data,daily,2021-12-31,33.0875,pct
stored_energy_ear,"Stored energy / EAR (national %)",energy_water,ons_open_data,daily,2022-01-01,33.8025,pct
stored_energy_ear,"Stored energy / EAR (national %)",energy_water,ons_open_data,daily,2022-01-02,34.5530,pct
stored_energy_ear,"Stored energy / EAR (national %)",energy_water,ons_open_data,daily,2022-01-03,35.2137,pct
stored_energy_ear,"Stored energy / EAR (national %)",energy_water,ons_open_data,daily,2022-01-04,35.8858,pct
stored_energy_ear,"Stored energy / EAR (national %)",energy_water,ons_open_data,daily,2022-01-05,36.5970,pct
stored_energy_ear,"Stored energy / EAR (national %)",energy_water,ons_open_data,daily,2022-01-06,37.2638,pct
stored_energy_ear,"Stored energy / EAR (national %)",energy_water,ons_open_data,daily,2022-01-07,38.1424,pct
stored_energy_ear,"Stored energy / EAR (national %)",energy_water,ons_open_data,daily,2022-01-08,39.0478,pct
stored_energy_ear,"Stored energy / EAR (national %)",energy_water,ons_open_data,daily,2022-01-09,40.0203,pct
stored_energy_ear,"Stored energy / EAR (national %)",energy_water,ons_open_data,daily,2022-01-10,41.0209,pct
stored_energy_ear,"Stored energy / EAR (national %)",energy_water,ons_open_data,daily,2022-01-11,42.1516,pct
stored_energy_ear,"Stored energy / EAR (national %)",energy_water,ons_open_data,daily,2022-01-12,43.1930,pct
stored_energy_ear,"Stored energy / EAR (national %)",energy_water,ons_open_data,daily,2022-01-13,44.0997,pct
stored_energy_ear,"Stored energy / EAR (national %)",energy_water,ons_open_data,daily,2022-01-14,44.8158,pct
stored_energy_ear,"Stored energy / EAR (national %)",energy_water,ons_open_data,daily,2022-01-15,45.4280,pct
stored_energy_ear,"Stored energy / EAR (national %)",energy_water,ons_open_data,daily,2022-01-16,45.9492,pct
stored_energy_ear,"Stored energy / EAR (national %)",energy_water,ons_open_data,daily,2022-01-17,46.2910,pct
stored_energy_ear,"Stored energy / EAR (national %)",energy_water,ons_open_data,daily,2022-01-18,46.6358,pct
stored_energy_ear,"Stored energy / EAR (national %)",energy_water,ons_open_data,daily,2022-01-19,46.9614,pct
stored_energy_ear,"Stored energy / EAR (national %)",energy_water,ons_open_data,daily,2022-01-20,47.1949,pct
stored_energy_ear,"Stored energy / EAR (national %)",energy_water,ons_open_data,daily,2022-01-21,47.3822,pct
stored_energy_ear,"Stored energy / EAR (national %)",energy_water,ons_open_data,daily,2022-01-22,47.5786,pct
stored_energy_ear,"Stored energy / EAR (national %)",energy_water,ons_open_data,daily,2022-01-23,47.7964,pct
stored_energy_ear,"Stored energy / EAR (national %)",energy_water,ons_open_data,daily,2022-01-24,47.8366,pct
stored_energy_ear,"Stored energy / EAR (national %)",energy_water,ons_open_data,daily,2022-01-25,47.8539,pct
stored_energy_ear,"Stored energy / EAR (national %)",energy_water,ons_open_data,daily,2022-01-26,47.9213,pct
stored_energy_ear,"Stored energy / EAR (national %)",energy_water,ons_open_data,daily,2022-01-27,48.0032,pct
stored_energy_ear,"Stored energy / EAR (national %)",energy_water,ons_open_data,daily,2022-01-28,48.1617,pct
stored_energy_ear,"Stored energy / EAR (national %)",energy_water,ons_open_data,daily,2022-01-29,48.4687,pct
stored_energy_ear,"Stored energy / EAR (national %)",energy_water,ons_open_data,daily,2022-01-30,48.9877,pct
stored_energy_ear,"Stored energy / EAR (national %)",energy_water,ons_open_data,daily,2022-01-31,49.3949,pct
stored_energy_ear,"Stored energy / EAR (national %)",energy_water,ons_open_data,daily,2022-02-01,49.7791,pct
stored_energy_ear,"Stored energy / EAR (national %)",energy_water,ons_open_data,daily,2022-02-02,50.1760,pct
stored_energy_ear,"Stored energy / EAR (national %)",energy_water,ons_open_data,daily,2022-02-03,50.6106,pct
stored_energy_ear,"Stored energy / EAR (national %)",energy_water,ons_open_data,daily,2022-02-04,51.0621,pct
stored_energy_ear,"Stored energy / EAR (national %)",energy_water,ons_open_data,daily,2022-02-05,51.6260,pct
stored_energy_ear,"Stored energy / EAR (national %)",energy_water,ons_open_data,daily,2022-02-06,52.2544,pct
stored_energy_ear,"Stored energy / EAR (national %)",energy_water,ons_open_data,daily,2022-02-07,52.7901,pct
stored_energy_ear,"Stored energy / EAR (national %)",energy_water,ons_open_data,daily,2022-02-08,53.4412,pct
stored_energy_ear,"Stored energy / EAR (national %)",energy_water,ons_open_data,daily,2022-02-09,54.0681,pct
stored_energy_ear,"Stored energy / EAR (national %)",energy_water,ons_open_data,daily,2022-02-10,54.7727,pct
stored_energy_ear,"Stored energy / EAR (national %)",energy_water,ons_open_data,daily,2022-02-11,55.3830,pct
stored_energy_ear,"Stored energy / EAR (national %)",energy_water,ons_open_data,daily,2022-02-12,56.0861,pct
stored_energy_ear,"Stored energy / EAR (national %)",energy_water,ons_open_data,daily,2022-02-13,56.7994,pct
stored_energy_ear,"Stored energy / EAR (national %)",energy_water,ons_open_data,daily,2022-02-14,57.3435,pct
stored_energy_ear,"Stored energy / EAR (national %)",energy_water,ons_open_data,daily,2022-02-15,57.8935,pct
stored_energy_ear,"Stored energy / EAR (national %)",energy_water,ons_open_data,daily,2022-02-16,58.2675,pct
stored_energy_ear,"Stored energy / EAR (national %)",energy_water,ons_open_data,daily,2022-02-17,58.6505,pct
stored_energy_ear,"Stored energy / EAR (national %)",energy_water,ons_open_data,daily,2022-02-18,59.1312,pct
stored_energy_ear,"Stored energy / EAR (national %)",energy_water,ons_open_data,daily,2022-02-19,59.6626,pct
stored_energy_ear,"Stored energy / EAR (national %)",energy_water,ons_open_data,daily,2022-02-20,60.1901,pct
stored_energy_ear,"Stored energy / EAR (national %)",energy_water,ons_open_data,daily,2022-02-21,60.5583,pct
stored_energy_ear,"Stored energy / EAR (national %)",energy_water,ons_open_data,daily,2022-02-22,60.9100,pct
stored_energy_ear,"Stored energy / EAR (national %)",energy_water,ons_open_data,daily,2022-02-23,61.1474,pct
stored_energy_ear,"Stored energy / EAR (national %)",energy_water,ons_open_data,daily,2022-02-24,61.4038,pct
stored_energy_ear,"Stored energy / EAR (national %)",energy_water,ons_open_data,daily,2022-02-25,61.6730,pct
stored_energy_ear,"Stored energy / EAR (national %)",energy_water,ons_open_data,daily,2022-02-26,61.9492,pct
stored_energy_ear,"Stored energy / EAR (national %)",energy_water,ons_open_data,daily,2022-02-27,62.2504,pct
stored_energy_ear,"Stored energy / EAR (national %)",energy_water,ons_open_data,daily,2022-02-28,62.3955,pct
stored_energy_ear,"Stored energy / EAR (national %)",energy_water,ons_open_data,daily,2022-03-01,62.5371,pct
stored_energy_ear,"Stored energy / EAR (national %)",energy_water,ons_open_data,daily,2022-03-02,62.6559,pct
stored_energy_ear,"Stored energy / EAR (national %)",energy_water,ons_open_data,daily,2022-03-03,62.7800,pct
stored_energy_ear,"Stored energy / EAR (national %)",energy_water,ons_open_data,daily,2022-03-04,62.9654,pct
stored_energy_ear,"Stored energy / EAR (national %)",energy_water,ons_open_data,daily,2022-03-05,63.1862,pct
stored_energy_ear,"Stored energy / EAR (national %)",energy_water,ons_open_data,daily,2022-03-06,63.4538,pct
stored_energy_ear,"Stored energy / EAR (national %)",energy_water,ons_open_data,daily,2022-03-07,63.5133,pct
stored_energy_ear,"Stored energy / EAR (national %)",energy_water,ons_open_data,daily,2022-03-08,63.6130,pct
stored_energy_ear,"Stored energy / EAR (national %)",energy_water,ons_open_data,daily,2022-03-09,63.7059,pct
stored_energy_ear,"Stored energy / EAR (national %)",energy_water,ons_open_data,daily,2022-03-10,63.8296,pct
stored_energy_ear,"Stored energy / EAR (national %)",energy_water,ons_open_data,daily,2022-03-11,63.9667,pct
stored_energy_ear,"Stored energy / EAR (national %)",energy_water,ons_open_data,daily,2022-03-12,64.2590,pct
stored_energy_ear,"Stored energy / EAR (national %)",energy_water,ons_open_data,daily,2022-03-13,64.6004,pct
stored_energy_ear,"Stored energy / EAR (national %)",energy_water,ons_open_data,daily,2022-03-14,64.8853,pct
stored_energy_ear,"Stored energy / EAR (national %)",energy_water,ons_open_data,daily,2022-03-15,65.2530,pct
stored_energy_ear,"Stored energy / EAR (national %)",energy_water,ons_open_data,daily,2022-03-16,65.6088,pct
stored_energy_ear,"Stored energy / EAR (national %)",energy_water,ons_open_data,daily,2022-03-17,65.9411,pct
stored_energy_ear,"Stored energy / EAR (national %)",energy_water,ons_open_data,daily,2022-03-18,66.2042,pct
stored_energy_ear,"Stored energy / EAR (national %)",energy_water,ons_open_data,daily,2022-03-19,66.5411,pct
stored_energy_ear,"Stored energy / EAR (national %)",energy_water,ons_open_data,daily,2022-03-20,66.9398,pct
stored_energy_ear,"Stored energy / EAR (national %)",energy_water,ons_open_data,daily,2022-03-21,67.1967,pct
stored_energy_ear,"Stored energy / EAR (national %)",energy_water,ons_open_data,daily,2022-03-22,67.4241,pct
stored_energy_ear,"Stored energy / EAR (national %)",energy_water,ons_open_data,daily,2022-03-23,67.6341,pct
stored_energy_ear,"Stored energy / EAR (national %)",energy_water,ons_open_data,daily,2022-03-24,67.9030,pct
stored_energy_ear,"Stored energy / EAR (national %)",energy_water,ons_open_data,daily,2022-03-25,68.2258,pct
stored_energy_ear,"Stored energy / EAR (national %)",energy_water,ons_open_data,daily,2022-03-26,68.6085,pct
stored_energy_ear,"Stored energy / EAR (national %)",energy_water,ons_open_data,daily,2022-03-27,68.9894,pct
stored_energy_ear,"Stored energy / EAR (national %)",energy_water,ons_open_data,daily,2022-03-28,69.2738,pct
stored_energy_ear,"Stored energy / EAR (national %)",energy_water,ons_open_data,daily,2022-03-29,69.4953,pct
stored_energy_ear,"Stored energy / EAR (national %)",energy_water,ons_open_data,daily,2022-03-30,69.7127,pct
stored_energy_ear,"Stored energy / EAR (national %)",energy_water,ons_open_data,daily,2022-03-31,69.9098,pct
stored_energy_ear,"Stored energy / EAR (national %)",energy_water,ons_open_data,daily,2022-04-01,70.0471,pct
stored_energy_ear,"Stored energy / EAR (national %)",energy_water,ons_open_data,daily,2022-04-02,70.3052,pct
stored_energy_ear,"Stored energy / EAR (national %)",energy_water,ons_open_data,daily,2022-04-03,70.5514,pct
stored_energy_ear,"Stored energy / EAR (national %)",energy_water,ons_open_data,daily,2022-04-04,70.7087,pct
stored_energy_ear,"Stored energy / EAR (national %)",energy_water,ons_open_data,daily,2022-04-05,70.8741,pct
stored_energy_ear,"Stored energy / EAR (national %)",energy_water,ons_open_data,daily,2022-04-06,71.0313,pct
stored_energy_ear,"Stored energy / EAR (national %)",energy_water,ons_open_data,daily,2022-04-07,71.1455,pct
stored_energy_ear,"Stored energy / EAR (national %)",energy_water,ons_open_data,daily,2022-04-08,71.2664,pct
stored_energy_ear,"Stored energy / EAR (national %)",energy_water,ons_open_data,daily,2022-04-09,71.4836,pct
stored_energy_ear,"Stored energy / EAR (national %)",energy_water,ons_open_data,daily,2022-04-10,71.6655,pct
stored_energy_ear,"Stored energy / EAR (national %)",energy_water,ons_open_data,daily,2022-04-11,71.7198,pct
stored_energy_ear,"Stored energy / EAR (national %)",energy_water,ons_open_data,daily,2022-04-12,71.8214,pct
stored_energy_ear,"Stored energy / EAR (national %)",energy_water,ons_open_data,daily,2022-04-13,71.9340,pct
stored_energy_ear,"Stored energy / EAR (national %)",energy_water,ons_open_data,daily,2022-04-14,72.0458,pct
stored_energy_ear,"Stored energy / EAR (national %)",energy_water,ons_open_data,daily,2022-04-15,72.2678,pct
stored_energy_ear,"Stored energy / EAR (national %)",energy_water,ons_open_data,daily,2022-04-16,72.4359,pct
stored_energy_ear,"Stored energy / EAR (national %)",energy_water,ons_open_data,daily,2022-04-17,72.5962,pct
stored_energy_ear,"Stored energy / EAR (national %)",energy_water,ons_open_data,daily,2022-04-18,72.7032,pct
stored_energy_ear,"Stored energy / EAR (national %)",energy_water,ons_open_data,daily,2022-04-19,72.8049,pct
stored_energy_ear,"Stored energy / EAR (national %)",energy_water,ons_open_data,daily,2022-04-20,72.8880,pct
stored_energy_ear,"Stored energy / EAR (national %)",energy_water,ons_open_data,daily,2022-04-21,72.9813,pct
stored_energy_ear,"Stored energy / EAR (national %)",energy_water,ons_open_data,daily,2022-04-22,73.0665,pct
stored_energy_ear,"Stored energy / EAR (national %)",energy_water,ons_open_data,daily,2022-04-23,73.2168,pct
stored_energy_ear,"Stored energy / EAR (national %)",energy_water,ons_open_data,daily,2022-04-24,73.3694,pct
stored_energy_ear,"Stored energy / EAR (national %)",energy_water,ons_open_data,daily,2022-04-25,73.4280,pct
stored_energy_ear,"Stored energy / EAR (national %)",energy_water,ons_open_data,daily,2022-04-26,73.4646,pct
stored_energy_ear,"Stored energy / EAR (national %)",energy_water,ons_open_data,daily,2022-04-27,73.4876,pct
stored_energy_ear,"Stored energy / EAR (national %)",energy_water,ons_open_data,daily,2022-04-28,73.4624,pct
stored_energy_ear,"Stored energy / EAR (national %)",energy_water,ons_open_data,daily,2022-04-29,73.4526,pct
stored_energy_ear,"Stored energy / EAR (national %)",energy_water,ons_open_data,daily,2022-04-30,73.5384,pct
stored_energy_ear,"Stored energy / EAR (national %)",energy_water,ons_open_data,daily,2022-05-01,73.6121,pct
stored_energy_ear,"Stored energy / EAR (national %)",energy_water,ons_open_data,daily,2022-05-02,73.7313,pct
stored_energy_ear,"Stored energy / EAR (national %)",energy_water,ons_open_data,daily,2022-05-03,74.0771,pct
stored_energy_ear,"Stored energy / EAR (national %)",energy_water,ons_open_data,daily,2022-05-04,74.3604,pct
stored_energy_ear,"Stored energy / EAR (national %)",energy_water,ons_open_data,daily,2022-05-05,74.5191,pct
stored_energy_ear,"Stored energy / EAR (national %)",energy_water,ons_open_data,daily,2022-05-06,74.6525,pct
stored_energy_ear,"Stored energy / EAR (national %)",energy_water,ons_open_data,daily,2022-05-07,74.7975,pct
stored_energy_ear,"Stored energy / EAR (national %)",energy_water,ons_open_data,daily,2022-05-08,74.9530,pct
stored_energy_ear,"Stored energy / EAR (national %)",energy_water,ons_open_data,daily,2022-05-09,74.9906,pct
stored_energy_ear,"Stored energy / EAR (national %)",energy_water,ons_open_data,daily,2022-05-10,75.0029,pct
stored_energy_ear,"Stored energy / EAR (national %)",energy_water,ons_open_data,daily,2022-05-11,75.0154,pct
stored_energy_ear,"Stored energy / EAR (national %)",energy_water,ons_open_data,daily,2022-05-12,75.0118,pct
stored_energy_ear,"Stored energy / EAR (national %)",energy_water,ons_open_data,daily,2022-05-13,75.0121,pct
stored_energy_ear,"Stored energy / EAR (national %)",energy_water,ons_open_data,daily,2022-05-14,75.0586,pct
stored_energy_ear,"Stored energy / EAR (national %)",energy_water,ons_open_data,daily,2022-05-15,75.1402,pct
stored_energy_ear,"Stored energy / EAR (national %)",energy_water,ons_open_data,daily,2022-05-16,75.1086,pct
stored_energy_ear,"Stored energy / EAR (national %)",energy_water,ons_open_data,daily,2022-05-17,75.0797,pct
stored_energy_ear,"Stored energy / EAR (national %)",energy_water,ons_open_data,daily,2022-05-18,75.0423,pct
stored_energy_ear,"Stored energy / EAR (national %)",energy_water,ons_open_data,daily,2022-05-19,75.0230,pct
stored_energy_ear,"Stored energy / EAR (national %)",energy_water,ons_open_data,daily,2022-05-20,74.9715,pct
stored_energy_ear,"Stored energy / EAR (national %)",energy_water,ons_open_data,daily,2022-05-21,74.9780,pct
stored_energy_ear,"Stored energy / EAR (national %)",energy_water,ons_open_data,daily,2022-05-22,75.0165,pct
stored_energy_ear,"Stored energy / EAR (national %)",energy_water,ons_open_data,daily,2022-05-23,74.9640,pct
stored_energy_ear,"Stored energy / EAR (national %)",energy_water,ons_open_data,daily,2022-05-24,74.8871,pct
stored_energy_ear,"Stored energy / EAR (national %)",energy_water,ons_open_data,daily,2022-05-25,74.8068,pct
stored_energy_ear,"Stored energy / EAR (national %)",energy_water,ons_open_data,daily,2022-05-26,74.7787,pct
stored_energy_ear,"Stored energy / EAR (national %)",energy_water,ons_open_data,daily,2022-05-27,74.7249,pct
stored_energy_ear,"Stored energy / EAR (national %)",energy_water,ons_open_data,daily,2022-05-28,74.6795,pct
stored_energy_ear,"Stored energy / EAR (national %)",energy_water,ons_open_data,daily,2022-05-29,74.7886,pct
stored_energy_ear,"Stored energy / EAR (national %)",energy_water,ons_open_data,daily,2022-05-30,74.7331,pct
stored_energy_ear,"Stored energy / EAR (national %)",energy_water,ons_open_data,daily,2022-05-31,74.6747,pct
stored_energy_ear,"Stored energy / EAR (national %)",energy_water,ons_open_data,daily,2022-06-01,74.6727,pct
stored_energy_ear,"Stored energy / EAR (national %)",energy_water,ons_open_data,daily,2022-06-02,74.6472,pct
stored_energy_ear,"Stored energy / EAR (national %)",energy_water,ons_open_data,daily,2022-06-03,74.5790,pct
stored_energy_ear,"Stored energy / EAR (national %)",energy_water,ons_open_data,daily,2022-06-04,74.6823,pct
stored_energy_ear,"Stored energy / EAR (national %)",energy_water,ons_open_data,daily,2022-06-05,74.7523,pct
stored_energy_ear,"Stored energy / EAR (national %)",energy_water,ons_open_data,daily,2022-06-06,74.7603,pct
stored_energy_ear,"Stored energy / EAR (national %)",energy_water,ons_open_data,daily,2022-06-07,74.7093,pct
stored_energy_ear,"Stored energy / EAR (national %)",energy_water,ons_open_data,daily,2022-06-08,74.6454,pct
stored_energy_ear,"Stored energy / EAR (national %)",energy_water,ons_open_data,daily,2022-06-09,74.5984,pct
stored_energy_ear,"Stored energy / EAR (national %)",energy_water,ons_open_data,daily,2022-06-10,74.5833,pct
stored_energy_ear,"Stored energy / EAR (national %)",energy_water,ons_open_data,daily,2022-06-11,74.6330,pct
stored_energy_ear,"Stored energy / EAR (national %)",energy_water,ons_open_data,daily,2022-06-12,74.6521,pct
stored_energy_ear,"Stored energy / EAR (national %)",energy_water,ons_open_data,daily,2022-06-13,74.6554,pct
stored_energy_ear,"Stored energy / EAR (national %)",energy_water,ons_open_data,daily,2022-06-14,74.6453,pct
stored_energy_ear,"Stored energy / EAR (national %)",energy_water,ons_open_data,daily,2022-06-15,74.5962,pct
stored_energy_ear,"Stored energy / EAR (national %)",energy_water,ons_open_data,daily,2022-06-16,74.5867,pct
stored_energy_ear,"Stored energy / EAR (national %)",energy_water,ons_open_data,daily,2022-06-17,74.5607,pct
stored_energy_ear,"Stored energy / EAR (national %)",energy_water,ons_open_data,daily,2022-06-18,74.5055,pct
stored_energy_ear,"Stored energy / EAR (national %)",energy_water,ons_open_data,daily,2022-06-19,74.5141,pct
stored_energy_ear,"Stored energy / EAR (national %)",energy_water,ons_open_data,daily,2022-06-20,74.4203,pct
stored_energy_ear,"Stored energy / EAR (national %)",energy_water,ons_open_data,daily,2022-06-21,74.4114,pct
stored_energy_ear,"Stored energy / EAR (national %)",energy_water,ons_open_data,daily,2022-06-22,74.3805,pct
stored_energy_ear,"Stored energy / EAR (national %)",energy_water,ons_open_data,daily,2022-06-23,74.3224,pct
stored_energy_ear,"Stored energy / EAR (national %)",energy_water,ons_open_data,daily,2022-06-24,74.2417,pct
stored_energy_ear,"Stored energy / EAR (national %)",energy_water,ons_open_data,daily,2022-06-25,74.1991,pct
stored_energy_ear,"Stored energy / EAR (national %)",energy_water,ons_open_data,daily,2022-06-26,74.2172,pct
stored_energy_ear,"Stored energy / EAR (national %)",energy_water,ons_open_data,daily,2022-06-27,74.1017,pct
stored_energy_ear,"Stored energy / EAR (national %)",energy_water,ons_open_data,daily,2022-06-28,73.9830,pct
stored_energy_ear,"Stored energy / EAR (national %)",energy_water,ons_open_data,daily,2022-06-29,73.8351,pct
stored_energy_ear,"Stored energy / EAR (national %)",energy_water,ons_open_data,daily,2022-06-30,73.6961,pct
stored_energy_ear,"Stored energy / EAR (national %)",energy_water,ons_open_data,daily,2022-07-01,73.5583,pct
stored_energy_ear,"Stored energy / EAR (national %)",energy_water,ons_open_data,daily,2022-07-02,73.5087,pct
stored_energy_ear,"Stored energy / EAR (national %)",energy_water,ons_open_data,daily,2022-07-03,73.4824,pct
stored_energy_ear,"Stored energy / EAR (national %)",energy_water,ons_open_data,daily,2022-07-04,73.3166,pct
stored_energy_ear,"Stored energy / EAR (national %)",energy_water,ons_open_data,daily,2022-07-05,73.1745,pct
stored_energy_ear,"Stored energy / EAR (national %)",energy_water,ons_open_data,daily,2022-07-06,73.0125,pct
stored_energy_ear,"Stored energy / EAR (national %)",energy_water,ons_open_data,daily,2022-07-07,72.8113,pct
stored_energy_ear,"Stored energy / EAR (national %)",energy_water,ons_open_data,daily,2022-07-08,72.6179,pct
stored_energy_ear,"Stored energy / EAR (national %)",energy_water,ons_open_data,daily,2022-07-09,72.5278,pct
stored_energy_ear,"Stored energy / EAR (national %)",energy_water,ons_open_data,daily,2022-07-10,72.4441,pct
stored_energy_ear,"Stored energy / EAR (national %)",energy_water,ons_open_data,daily,2022-07-11,72.1941,pct
stored_energy_ear,"Stored energy / EAR (national %)",energy_water,ons_open_data,daily,2022-07-12,71.9621,pct
stored_energy_ear,"Stored energy / EAR (national %)",energy_water,ons_open_data,daily,2022-07-13,71.7233,pct
stored_energy_ear,"Stored energy / EAR (national %)",energy_water,ons_open_data,daily,2022-07-14,71.4996,pct
stored_energy_ear,"Stored energy / EAR (national %)",energy_water,ons_open_data,daily,2022-07-15,71.2481,pct
stored_energy_ear,"Stored energy / EAR (national %)",energy_water,ons_open_data,daily,2022-07-16,71.0994,pct
stored_energy_ear,"Stored energy / EAR (national %)",energy_water,ons_open_data,daily,2022-07-17,71.0123,pct
stored_energy_ear,"Stored energy / EAR (national %)",energy_water,ons_open_data,daily,2022-07-18,70.7695,pct
stored_energy_ear,"Stored energy / EAR (national %)",energy_water,ons_open_data,daily,2022-07-19,70.5556,pct
stored_energy_ear,"Stored energy / EAR (national %)",energy_water,ons_open_data,daily,2022-07-20,70.3343,pct
stored_energy_ear,"Stored energy / EAR (national %)",energy_water,ons_open_data,daily,2022-07-21,70.0336,pct
stored_energy_ear,"Stored energy / EAR (national %)",energy_water,ons_open_data,daily,2022-07-22,69.7461,pct
stored_energy_ear,"Stored energy / EAR (national %)",energy_water,ons_open_data,daily,2022-07-23,69.5952,pct
stored_energy_ear,"Stored energy / EAR (national %)",energy_water,ons_open_data,daily,2022-07-24,69.4925,pct
stored_energy_ear,"Stored energy / EAR (national %)",energy_water,ons_open_data,daily,2022-07-25,69.2195,pct
stored_energy_ear,"Stored energy / EAR (national %)",energy_water,ons_open_data,daily,2022-07-26,68.9407,pct
stored_energy_ear,"Stored energy / EAR (national %)",energy_water,ons_open_data,daily,2022-07-27,68.6638,pct
stored_energy_ear,"Stored energy / EAR (national %)",energy_water,ons_open_data,daily,2022-07-28,68.3855,pct
stored_energy_ear,"Stored energy / EAR (national %)",energy_water,ons_open_data,daily,2022-07-29,68.0794,pct
stored_energy_ear,"Stored energy / EAR (national %)",energy_water,ons_open_data,daily,2022-07-30,67.8330,pct
stored_energy_ear,"Stored energy / EAR (national %)",energy_water,ons_open_data,daily,2022-07-31,67.6710,pct
stored_energy_ear,"Stored energy / EAR (national %)",energy_water,ons_open_data,daily,2022-08-01,67.3715,pct
stored_energy_ear,"Stored energy / EAR (national %)",energy_water,ons_open_data,daily,2022-08-02,67.0273,pct
stored_energy_ear,"Stored energy / EAR (national %)",energy_water,ons_open_data,daily,2022-08-03,66.6995,pct
stored_energy_ear,"Stored energy / EAR (national %)",energy_water,ons_open_data,daily,2022-08-04,66.3843,pct
stored_energy_ear,"Stored energy / EAR (national %)",energy_water,ons_open_data,daily,2022-08-05,66.0691,pct
stored_energy_ear,"Stored energy / EAR (national %)",energy_water,ons_open_data,daily,2022-08-06,65.8439,pct
stored_energy_ear,"Stored energy / EAR (national %)",energy_water,ons_open_data,daily,2022-08-07,65.7195,pct
stored_energy_ear,"Stored energy / EAR (national %)",energy_water,ons_open_data,daily,2022-08-08,65.4712,pct
stored_energy_ear,"Stored energy / EAR (national %)",energy_water,ons_open_data,daily,2022-08-09,65.2135,pct
stored_energy_ear,"Stored energy / EAR (national %)",energy_water,ons_open_data,daily,2022-08-10,65.0291,pct
stored_energy_ear,"Stored energy / EAR (national %)",energy_water,ons_open_data,daily,2022-08-11,64.8945,pct
stored_energy_ear,"Stored energy / EAR (national %)",energy_water,ons_open_data,daily,2022-08-12,64.8274,pct
stored_energy_ear,"Stored energy / EAR (national %)",energy_water,ons_open_data,daily,2022-08-13,64.7631,pct
stored_energy_ear,"Stored energy / EAR (national %)",energy_water,ons_open_data,daily,2022-08-14,64.7610,pct
stored_energy_ear,"Stored energy / EAR (national %)",energy_water,ons_open_data,daily,2022-08-15,64.5968,pct
stored_energy_ear,"Stored energy / EAR (national %)",energy_water,ons_open_data,daily,2022-08-16,64.4321,pct
stored_energy_ear,"Stored energy / EAR (national %)",energy_water,ons_open_data,daily,2022-08-17,64.3210,pct
stored_energy_ear,"Stored energy / EAR (national %)",energy_water,ons_open_data,daily,2022-08-18,64.3134,pct
stored_energy_ear,"Stored energy / EAR (national %)",energy_water,ons_open_data,daily,2022-08-19,64.2813,pct
stored_energy_ear,"Stored energy / EAR (national %)",energy_water,ons_open_data,daily,2022-08-20,64.3177,pct
stored_energy_ear,"Stored energy / EAR (national %)",energy_water,ons_open_data,daily,2022-08-21,64.3602,pct
stored_energy_ear,"Stored energy / EAR (national %)",energy_water,ons_open_data,daily,2022-08-22,64.1841,pct
stored_energy_ear,"Stored energy / EAR (national %)",energy_water,ons_open_data,daily,2022-08-23,64.0289,pct
stored_energy_ear,"Stored energy / EAR (national %)",energy_water,ons_open_data,daily,2022-08-24,63.8706,pct
stored_energy_ear,"Stored energy / EAR (national %)",energy_water,ons_open_data,daily,2022-08-25,63.7014,pct
stored_energy_ear,"Stored energy / EAR (national %)",energy_water,ons_open_data,daily,2022-08-26,63.5100,pct
stored_energy_ear,"Stored energy / EAR (national %)",energy_water,ons_open_data,daily,2022-08-27,63.4723,pct
stored_energy_ear,"Stored energy / EAR (national %)",energy_water,ons_open_data,daily,2022-08-28,63.3601,pct
stored_energy_ear,"Stored energy / EAR (national %)",energy_water,ons_open_data,daily,2022-08-29,63.0980,pct
stored_energy_ear,"Stored energy / EAR (national %)",energy_water,ons_open_data,daily,2022-08-30,62.8871,pct
stored_energy_ear,"Stored energy / EAR (national %)",energy_water,ons_open_data,daily,2022-08-31,62.6699,pct
stored_energy_ear,"Stored energy / EAR (national %)",energy_water,ons_open_data,daily,2022-09-01,62.4300,pct
stored_energy_ear,"Stored energy / EAR (national %)",energy_water,ons_open_data,daily,2022-09-02,62.1713,pct
stored_energy_ear,"Stored energy / EAR (national %)",energy_water,ons_open_data,daily,2022-09-03,62.0006,pct
stored_energy_ear,"Stored energy / EAR (national %)",energy_water,ons_open_data,daily,2022-09-04,61.9028,pct
stored_energy_ear,"Stored energy / EAR (national %)",energy_water,ons_open_data,daily,2022-09-05,61.6129,pct
stored_energy_ear,"Stored energy / EAR (national %)",energy_water,ons_open_data,daily,2022-09-06,61.3643,pct
stored_energy_ear,"Stored energy / EAR (national %)",energy_water,ons_open_data,daily,2022-09-07,61.2546,pct
stored_energy_ear,"Stored energy / EAR (national %)",energy_water,ons_open_data,daily,2022-09-08,61.0156,pct
stored_energy_ear,"Stored energy / EAR (national %)",energy_water,ons_open_data,daily,2022-09-09,60.7289,pct
stored_energy_ear,"Stored energy / EAR (national %)",energy_water,ons_open_data,daily,2022-09-10,60.5499,pct
stored_energy_ear,"Stored energy / EAR (national %)",energy_water,ons_open_data,daily,2022-09-11,60.4480,pct
stored_energy_ear,"Stored energy / EAR (national %)",energy_water,ons_open_data,daily,2022-09-12,60.1552,pct
stored_energy_ear,"Stored energy / EAR (national %)",energy_water,ons_open_data,daily,2022-09-13,59.9291,pct
stored_energy_ear,"Stored energy / EAR (national %)",energy_water,ons_open_data,daily,2022-09-14,59.6487,pct
stored_energy_ear,"Stored energy / EAR (national %)",energy_water,ons_open_data,daily,2022-09-15,59.4065,pct
stored_energy_ear,"Stored energy / EAR (national %)",energy_water,ons_open_data,daily,2022-09-16,59.1969,pct
stored_energy_ear,"Stored energy / EAR (national %)",energy_water,ons_open_data,daily,2022-09-17,59.0979,pct
stored_energy_ear,"Stored energy / EAR (national %)",energy_water,ons_open_data,daily,2022-09-18,59.0651,pct
stored_energy_ear,"Stored energy / EAR (national %)",energy_water,ons_open_data,daily,2022-09-19,58.7771,pct
stored_energy_ear,"Stored energy / EAR (national %)",energy_water,ons_open_data,daily,2022-09-20,58.5251,pct
stored_energy_ear,"Stored energy / EAR (national %)",energy_water,ons_open_data,daily,2022-09-21,58.2746,pct
stored_energy_ear,"Stored energy / EAR (national %)",energy_water,ons_open_data,daily,2022-09-22,58.0137,pct
stored_energy_ear,"Stored energy / EAR (national %)",energy_water,ons_open_data,daily,2022-09-23,57.8228,pct
stored_energy_ear,"Stored energy / EAR (national %)",energy_water,ons_open_data,daily,2022-09-24,57.7325,pct
stored_energy_ear,"Stored energy / EAR (national %)",energy_water,ons_open_data,daily,2022-09-25,57.7809,pct
stored_energy_ear,"Stored energy / EAR (national %)",energy_water,ons_open_data,daily,2022-09-26,57.6025,pct
stored_energy_ear,"Stored energy / EAR (national %)",energy_water,ons_open_data,daily,2022-09-27,57.4936,pct
stored_energy_ear,"Stored energy / EAR (national %)",energy_water,ons_open_data,daily,2022-09-28,57.4377,pct
stored_energy_ear,"Stored energy / EAR (national %)",energy_water,ons_open_data,daily,2022-09-29,57.3667,pct
stored_energy_ear,"Stored energy / EAR (national %)",energy_water,ons_open_data,daily,2022-09-30,57.3153,pct
stored_energy_ear,"Stored energy / EAR (national %)",energy_water,ons_open_data,daily,2022-10-01,57.3420,pct
stored_energy_ear,"Stored energy / EAR (national %)",energy_water,ons_open_data,daily,2022-10-02,57.3672,pct
stored_energy_ear,"Stored energy / EAR (national %)",energy_water,ons_open_data,daily,2022-10-03,57.2256,pct
stored_energy_ear,"Stored energy / EAR (national %)",energy_water,ons_open_data,daily,2022-10-04,57.0877,pct
stored_energy_ear,"Stored energy / EAR (national %)",energy_water,ons_open_data,daily,2022-10-05,56.9756,pct
stored_energy_ear,"Stored energy / EAR (national %)",energy_water,ons_open_data,daily,2022-10-06,56.8175,pct
stored_energy_ear,"Stored energy / EAR (national %)",energy_water,ons_open_data,daily,2022-10-07,56.7256,pct
stored_energy_ear,"Stored energy / EAR (national %)",energy_water,ons_open_data,daily,2022-10-08,56.7400,pct
stored_energy_ear,"Stored energy / EAR (national %)",energy_water,ons_open_data,daily,2022-10-09,56.7687,pct
stored_energy_ear,"Stored energy / EAR (national %)",energy_water,ons_open_data,daily,2022-10-10,56.7474,pct
stored_energy_ear,"Stored energy / EAR (national %)",energy_water,ons_open_data,daily,2022-10-11,56.9328,pct
stored_energy_ear,"Stored energy / EAR (national %)",energy_water,ons_open_data,daily,2022-10-12,57.0833,pct
stored_energy_ear,"Stored energy / EAR (national %)",energy_water,ons_open_data,daily,2022-10-13,56.9899,pct
stored_energy_ear,"Stored energy / EAR (national %)",energy_water,ons_open_data,daily,2022-10-14,56.9059,pct
stored_energy_ear,"Stored energy / EAR (national %)",energy_water,ons_open_data,daily,2022-10-15,56.9196,pct
stored_energy_ear,"Stored energy / EAR (national %)",energy_water,ons_open_data,daily,2022-10-16,56.8907,pct
stored_energy_ear,"Stored energy / EAR (national %)",energy_water,ons_open_data,daily,2022-10-17,56.7579,pct
stored_energy_ear,"Stored energy / EAR (national %)",energy_water,ons_open_data,daily,2022-10-18,56.6180,pct
stored_energy_ear,"Stored energy / EAR (national %)",energy_water,ons_open_data,daily,2022-10-19,56.4758,pct
stored_energy_ear,"Stored energy / EAR (national %)",energy_water,ons_open_data,daily,2022-10-20,56.2972,pct
stored_energy_ear,"Stored energy / EAR (national %)",energy_water,ons_open_data,daily,2022-10-21,56.1535,pct
stored_energy_ear,"Stored energy / EAR (national %)",energy_water,ons_open_data,daily,2022-10-22,56.1410,pct
stored_energy_ear,"Stored energy / EAR (national %)",energy_water,ons_open_data,daily,2022-10-23,56.1119,pct
stored_energy_ear,"Stored energy / EAR (national %)",energy_water,ons_open_data,daily,2022-10-24,55.9860,pct
stored_energy_ear,"Stored energy / EAR (national %)",energy_water,ons_open_data,daily,2022-10-25,55.8469,pct
stored_energy_ear,"Stored energy / EAR (national %)",energy_water,ons_open_data,daily,2022-10-26,55.6212,pct
stored_energy_ear,"Stored energy / EAR (national %)",energy_water,ons_open_data,daily,2022-10-27,55.4354,pct
stored_energy_ear,"Stored energy / EAR (national %)",energy_water,ons_open_data,daily,2022-10-28,55.2374,pct
stored_energy_ear,"Stored energy / EAR (national %)",energy_water,ons_open_data,daily,2022-10-29,55.1377,pct
stored_energy_ear,"Stored energy / EAR (national %)",energy_water,ons_open_data,daily,2022-10-30,55.0844,pct
stored_energy_ear,"Stored energy / EAR (national %)",energy_water,ons_open_data,daily,2022-10-31,54.8849,pct
stored_energy_ear,"Stored energy / EAR (national %)",energy_water,ons_open_data,daily,2022-11-01,54.7995,pct
stored_energy_ear,"Stored energy / EAR (national %)",energy_water,ons_open_data,daily,2022-11-02,54.9095,pct
stored_energy_ear,"Stored energy / EAR (national %)",energy_water,ons_open_data,daily,2022-11-03,54.8647,pct
stored_energy_ear,"Stored energy / EAR (national %)",energy_water,ons_open_data,daily,2022-11-04,54.8199,pct
stored_energy_ear,"Stored energy / EAR (national %)",energy_water,ons_open_data,daily,2022-11-05,54.8446,pct
stored_energy_ear,"Stored energy / EAR (national %)",energy_water,ons_open_data,daily,2022-11-06,54.8602,pct
stored_energy_ear,"Stored energy / EAR (national %)",energy_water,ons_open_data,daily,2022-11-07,54.7723,pct
stored_energy_ear,"Stored energy / EAR (national %)",energy_water,ons_open_data,daily,2022-11-08,54.6340,pct
stored_energy_ear,"Stored energy / EAR (national %)",energy_water,ons_open_data,daily,2022-11-09,54.4628,pct
stored_energy_ear,"Stored energy / EAR (national %)",energy_water,ons_open_data,daily,2022-11-10,54.2388,pct
stored_energy_ear,"Stored energy / EAR (national %)",energy_water,ons_open_data,daily,2022-11-11,54.0226,pct
stored_energy_ear,"Stored energy / EAR (national %)",energy_water,ons_open_data,daily,2022-11-12,53.9127,pct
stored_energy_ear,"Stored energy / EAR (national %)",energy_water,ons_open_data,daily,2022-11-13,53.9452,pct
stored_energy_ear,"Stored energy / EAR (national %)",energy_water,ons_open_data,daily,2022-11-14,53.8215,pct
stored_energy_ear,"Stored energy / EAR (national %)",energy_water,ons_open_data,daily,2022-11-15,53.8177,pct
stored_energy_ear,"Stored energy / EAR (national %)",energy_water,ons_open_data,daily,2022-11-16,53.6874,pct
stored_energy_ear,"Stored energy / EAR (national %)",energy_water,ons_open_data,daily,2022-11-17,53.5102,pct
stored_energy_ear,"Stored energy / EAR (national %)",energy_water,ons_open_data,daily,2022-11-18,53.2393,pct
stored_energy_ear,"Stored energy / EAR (national %)",energy_water,ons_open_data,daily,2022-11-19,53.1635,pct
stored_energy_ear,"Stored energy / EAR (national %)",energy_water,ons_open_data,daily,2022-11-20,53.0994,pct
stored_energy_ear,"Stored energy / EAR (national %)",energy_water,ons_open_data,daily,2022-11-21,52.7998,pct
stored_energy_ear,"Stored energy / EAR (national %)",energy_water,ons_open_data,daily,2022-11-22,52.5461,pct
stored_energy_ear,"Stored energy / EAR (national %)",energy_water,ons_open_data,daily,2022-11-23,52.2661,pct
stored_energy_ear,"Stored energy / EAR (national %)",energy_water,ons_open_data,daily,2022-11-24,52.0572,pct
stored_energy_ear,"Stored energy / EAR (national %)",energy_water,ons_open_data,daily,2022-11-25,51.8522,pct
stored_energy_ear,"Stored energy / EAR (national %)",energy_water,ons_open_data,daily,2022-11-26,51.7094,pct
stored_energy_ear,"Stored energy / EAR (national %)",energy_water,ons_open_data,daily,2022-11-27,51.6834,pct
stored_energy_ear,"Stored energy / EAR (national %)",energy_water,ons_open_data,daily,2022-11-28,51.4744,pct
stored_energy_ear,"Stored energy / EAR (national %)",energy_water,ons_open_data,daily,2022-11-29,51.2860,pct
stored_energy_ear,"Stored energy / EAR (national %)",energy_water,ons_open_data,daily,2022-11-30,51.1029,pct
stored_energy_ear,"Stored energy / EAR (national %)",energy_water,ons_open_data,daily,2022-12-01,51.0296,pct
stored_energy_ear,"Stored energy / EAR (national %)",energy_water,ons_open_data,daily,2022-12-02,50.9863,pct
stored_energy_ear,"Stored energy / EAR (national %)",energy_water,ons_open_data,daily,2022-12-03,51.0762,pct
stored_energy_ear,"Stored energy / EAR (national %)",energy_water,ons_open_data,daily,2022-12-04,51.2743,pct
stored_energy_ear,"Stored energy / EAR (national %)",energy_water,ons_open_data,daily,2022-12-05,51.4091,pct
stored_energy_ear,"Stored energy / EAR (national %)",energy_water,ons_open_data,daily,2022-12-06,51.5897,pct
stored_energy_ear,"Stored energy / EAR (national %)",energy_water,ons_open_data,daily,2022-12-07,51.8129,pct
stored_energy_ear,"Stored energy / EAR (national %)",energy_water,ons_open_data,daily,2022-12-08,51.9313,pct
stored_energy_ear,"Stored energy / EAR (national %)",energy_water,ons_open_data,daily,2022-12-09,52.0459,pct
stored_energy_ear,"Stored energy / EAR (national %)",energy_water,ons_open_data,daily,2022-12-10,52.2607,pct
stored_energy_ear,"Stored energy / EAR (national %)",energy_water,ons_open_data,daily,2022-12-11,52.4940,pct
stored_energy_ear,"Stored energy / EAR (national %)",energy_water,ons_open_data,daily,2022-12-12,52.4921,pct
stored_energy_ear,"Stored energy / EAR (national %)",energy_water,ons_open_data,daily,2022-12-13,52.6441,pct
stored_energy_ear,"Stored energy / EAR (national %)",energy_water,ons_open_data,daily,2022-12-14,52.7670,pct
stored_energy_ear,"Stored energy / EAR (national %)",energy_water,ons_open_data,daily,2022-12-15,52.8456,pct
stored_energy_ear,"Stored energy / EAR (national %)",energy_water,ons_open_data,daily,2022-12-16,52.9163,pct
stored_energy_ear,"Stored energy / EAR (national %)",energy_water,ons_open_data,daily,2022-12-17,53.1036,pct
stored_energy_ear,"Stored energy / EAR (national %)",energy_water,ons_open_data,daily,2022-12-18,53.4174,pct
stored_energy_ear,"Stored energy / EAR (national %)",energy_water,ons_open_data,daily,2022-12-19,53.6115,pct
stored_energy_ear,"Stored energy / EAR (national %)",energy_water,ons_open_data,daily,2022-12-20,53.8639,pct
stored_energy_ear,"Stored energy / EAR (national %)",energy_water,ons_open_data,daily,2022-12-21,54.1076,pct
stored_energy_ear,"Stored energy / EAR (national %)",energy_water,ons_open_data,daily,2022-12-22,54.3780,pct
stored_energy_ear,"Stored energy / EAR (national %)",energy_water,ons_open_data,daily,2022-12-23,54.5480,pct
stored_energy_ear,"Stored energy / EAR (national %)",energy_water,ons_open_data,daily,2022-12-24,54.7832,pct
stored_energy_ear,"Stored energy / EAR (national %)",energy_water,ons_open_data,daily,2022-12-25,55.0994,pct
stored_energy_ear,"Stored energy / EAR (national %)",energy_water,ons_open_data,daily,2022-12-26,55.4367,pct
stored_energy_ear,"Stored energy / EAR (national %)",energy_water,ons_open_data,daily,2022-12-27,55.8464,pct
stored_energy_ear,"Stored energy / EAR (national %)",energy_water,ons_open_data,daily,2022-12-28,56.3095,pct
stored_energy_ear,"Stored energy / EAR (national %)",energy_water,ons_open_data,daily,2022-12-29,56.8220,pct
stored_energy_ear,"Stored energy / EAR (national %)",energy_water,ons_open_data,daily,2022-12-30,57.4153,pct
stored_energy_ear,"Stored energy / EAR (national %)",energy_water,ons_open_data,daily,2022-12-31,58.0225,pct
stored_energy_ear,"Stored energy / EAR (national %)",energy_water,ons_open_data,daily,2023-01-01,58.6516,pct
stored_energy_ear,"Stored energy / EAR (national %)",energy_water,ons_open_data,daily,2023-01-02,59.1894,pct
stored_energy_ear,"Stored energy / EAR (national %)",energy_water,ons_open_data,daily,2023-01-03,59.7196,pct
stored_energy_ear,"Stored energy / EAR (national %)",energy_water,ons_open_data,daily,2023-01-04,60.2990,pct
stored_energy_ear,"Stored energy / EAR (national %)",energy_water,ons_open_data,daily,2023-01-05,60.8919,pct
stored_energy_ear,"Stored energy / EAR (national %)",energy_water,ons_open_data,daily,2023-01-06,61.6911,pct
stored_energy_ear,"Stored energy / EAR (national %)",energy_water,ons_open_data,daily,2023-01-07,62.5598,pct
stored_energy_ear,"Stored energy / EAR (national %)",energy_water,ons_open_data,daily,2023-01-08,63.5024,pct
stored_energy_ear,"Stored energy / EAR (national %)",energy_water,ons_open_data,daily,2023-01-09,64.3100,pct
stored_energy_ear,"Stored energy / EAR (national %)",energy_water,ons_open_data,daily,2023-01-10,65.0760,pct
stored_energy_ear,"Stored energy / EAR (national %)",energy_water,ons_open_data,daily,2023-01-11,65.7163,pct
stored_energy_ear,"Stored energy / EAR (national %)",energy_water,ons_open_data,daily,2023-01-12,66.3844,pct
stored_energy_ear,"Stored energy / EAR (national %)",energy_water,ons_open_data,daily,2023-01-13,67.0130,pct
stored_energy_ear,"Stored energy / EAR (national %)",energy_water,ons_open_data,daily,2023-01-14,67.6250,pct
stored_energy_ear,"Stored energy / EAR (national %)",energy_water,ons_open_data,daily,2023-01-15,68.1901,pct
stored_energy_ear,"Stored energy / EAR (national %)",energy_water,ons_open_data,daily,2023-01-16,68.6001,pct
stored_energy_ear,"Stored energy / EAR (national %)",energy_water,ons_open_data,daily,2023-01-17,68.9053,pct
stored_energy_ear,"Stored energy / EAR (national %)",energy_water,ons_open_data,daily,2023-01-18,69.1460,pct
stored_energy_ear,"Stored energy / EAR (national %)",energy_water,ons_open_data,daily,2023-01-19,69.3333,pct
stored_energy_ear,"Stored energy / EAR (national %)",energy_water,ons_open_data,daily,2023-01-20,69.6440,pct
stored_energy_ear,"Stored energy / EAR (national %)",energy_water,ons_open_data,daily,2023-01-21,69.9538,pct
stored_energy_ear,"Stored energy / EAR (national %)",energy_water,ons_open_data,daily,2023-01-22,70.3073,pct
stored_energy_ear,"Stored energy / EAR (national %)",energy_water,ons_open_data,daily,2023-01-23,70.5983,pct
stored_energy_ear,"Stored energy / EAR (national %)",energy_water,ons_open_data,daily,2023-01-24,70.9454,pct
stored_energy_ear,"Stored energy / EAR (national %)",energy_water,ons_open_data,daily,2023-01-25,71.2753,pct
stored_energy_ear,"Stored energy / EAR (national %)",energy_water,ons_open_data,daily,2023-01-26,71.4879,pct
stored_energy_ear,"Stored energy / EAR (national %)",energy_water,ons_open_data,daily,2023-01-27,71.7234,pct
stored_energy_ear,"Stored energy / EAR (national %)",energy_water,ons_open_data,daily,2023-01-28,72.0410,pct
stored_energy_ear,"Stored energy / EAR (national %)",energy_water,ons_open_data,daily,2023-01-29,72.4032,pct
stored_energy_ear,"Stored energy / EAR (national %)",energy_water,ons_open_data,daily,2023-01-30,72.7141,pct
stored_energy_ear,"Stored energy / EAR (national %)",energy_water,ons_open_data,daily,2023-01-31,73.0597,pct
stored_energy_ear,"Stored energy / EAR (national %)",energy_water,ons_open_data,daily,2023-02-01,73.3720,pct
stored_energy_ear,"Stored energy / EAR (national %)",energy_water,ons_open_data,daily,2023-02-02,73.6276,pct
stored_energy_ear,"Stored energy / EAR (national %)",energy_water,ons_open_data,daily,2023-02-03,73.9115,pct
stored_energy_ear,"Stored energy / EAR (national %)",energy_water,ons_open_data,daily,2023-02-04,74.2792,pct
stored_energy_ear,"Stored energy / EAR (national %)",energy_water,ons_open_data,daily,2023-02-05,74.6122,pct
stored_energy_ear,"Stored energy / EAR (national %)",energy_water,ons_open_data,daily,2023-02-06,74.8323,pct
stored_energy_ear,"Stored energy / EAR (national %)",energy_water,ons_open_data,daily,2023-02-07,75.0913,pct
stored_energy_ear,"Stored energy / EAR (national %)",energy_water,ons_open_data,daily,2023-02-08,75.3148,pct
stored_energy_ear,"Stored energy / EAR (national %)",energy_water,ons_open_data,daily,2023-02-09,75.5665,pct
stored_energy_ear,"Stored energy / EAR (national %)",energy_water,ons_open_data,daily,2023-02-10,75.7843,pct
stored_energy_ear,"Stored energy / EAR (national %)",energy_water,ons_open_data,daily,2023-02-11,76.1431,pct
stored_energy_ear,"Stored energy / EAR (national %)",energy_water,ons_open_data,daily,2023-02-12,76.4860,pct
stored_energy_ear,"Stored energy / EAR (national %)",energy_water,ons_open_data,daily,2023-02-13,76.7227,pct
stored_energy_ear,"Stored energy / EAR (national %)",energy_water,ons_open_data,daily,2023-02-14,76.9827,pct
stored_energy_ear,"Stored energy / EAR (national %)",energy_water,ons_open_data,daily,2023-02-15,77.1864,pct
stored_energy_ear,"Stored energy / EAR (national %)",energy_water,ons_open_data,daily,2023-02-16,77.3218,pct
stored_energy_ear,"Stored energy / EAR (national %)",energy_water,ons_open_data,daily,2023-02-17,77.5520,pct
stored_energy_ear,"Stored energy / EAR (national %)",energy_water,ons_open_data,daily,2023-02-18,77.8835,pct
stored_energy_ear,"Stored energy / EAR (national %)",energy_water,ons_open_data,daily,2023-02-19,78.2398,pct
stored_energy_ear,"Stored energy / EAR (national %)",energy_water,ons_open_data,daily,2023-02-20,78.4839,pct
stored_energy_ear,"Stored energy / EAR (national %)",energy_water,ons_open_data,daily,2023-02-21,78.7573,pct
stored_energy_ear,"Stored energy / EAR (national %)",energy_water,ons_open_data,daily,2023-02-22,78.9725,pct
stored_energy_ear,"Stored energy / EAR (national %)",energy_water,ons_open_data,daily,2023-02-23,79.2716,pct
stored_energy_ear,"Stored energy / EAR (national %)",energy_water,ons_open_data,daily,2023-02-24,79.5914,pct
stored_energy_ear,"Stored energy / EAR (national %)",energy_water,ons_open_data,daily,2023-02-25,79.7925,pct
stored_energy_ear,"Stored energy / EAR (national %)",energy_water,ons_open_data,daily,2023-02-26,79.9285,pct
stored_energy_ear,"Stored energy / EAR (national %)",energy_water,ons_open_data,daily,2023-02-27,79.9906,pct
stored_energy_ear,"Stored energy / EAR (national %)",energy_water,ons_open_data,daily,2023-02-28,80.1033,pct
stored_energy_ear,"Stored energy / EAR (national %)",energy_water,ons_open_data,daily,2023-03-01,80.2546,pct
stored_energy_ear,"Stored energy / EAR (national %)",energy_water,ons_open_data,daily,2023-03-02,80.4727,pct
stored_energy_ear,"Stored energy / EAR (national %)",energy_water,ons_open_data,daily,2023-03-03,80.6575,pct
stored_energy_ear,"Stored energy / EAR (national %)",energy_water,ons_open_data,daily,2023-03-04,80.9631,pct
stored_energy_ear,"Stored energy / EAR (national %)",energy_water,ons_open_data,daily,2023-03-05,81.3677,pct
stored_energy_ear,"Stored energy / EAR (national %)",energy_water,ons_open_data,daily,2023-03-06,81.6505,pct
stored_energy_ear,"Stored energy / EAR (national %)",energy_water,ons_open_data,daily,2023-03-07,81.9416,pct
stored_energy_ear,"Stored energy / EAR (national %)",energy_water,ons_open_data,daily,2023-03-08,82.2066,pct
stored_energy_ear,"Stored energy / EAR (national %)",energy_water,ons_open_data,daily,2023-03-09,82.4980,pct
stored_energy_ear,"Stored energy / EAR (national %)",energy_water,ons_open_data,daily,2023-03-10,82.7480,pct
stored_energy_ear,"Stored energy / EAR (national %)",energy_water,ons_open_data,daily,2023-03-11,83.0930,pct
stored_energy_ear,"Stored energy / EAR (national %)",energy_water,ons_open_data,daily,2023-03-12,83.4524,pct
stored_energy_ear,"Stored energy / EAR (national %)",energy_water,ons_open_data,daily,2023-03-13,83.6383,pct
stored_energy_ear,"Stored energy / EAR (national %)",energy_water,ons_open_data,daily,2023-03-14,83.6943,pct
stored_energy_ear,"Stored energy / EAR (national %)",energy_water,ons_open_data,daily,2023-03-15,83.6662,pct
stored_energy_ear,"Stored energy / EAR (national %)",energy_water,ons_open_data,daily,2023-03-16,83.7422,pct
stored_energy_ear,"Stored energy / EAR (national %)",energy_water,ons_open_data,daily,2023-03-17,83.8528,pct
stored_energy_ear,"Stored energy / EAR (national %)",energy_water,ons_open_data,daily,2023-03-18,83.9632,pct
stored_energy_ear,"Stored energy / EAR (national %)",energy_water,ons_open_data,daily,2023-03-19,84.1623,pct
stored_energy_ear,"Stored energy / EAR (national %)",energy_water,ons_open_data,daily,2023-03-20,84.1970,pct
stored_energy_ear,"Stored energy / EAR (national %)",energy_water,ons_open_data,daily,2023-03-21,84.2646,pct
stored_energy_ear,"Stored energy / EAR (national %)",energy_water,ons_open_data,daily,2023-03-22,84.4159,pct
stored_energy_ear,"Stored energy / EAR (national %)",energy_water,ons_open_data,daily,2023-03-23,84.5508,pct
stored_energy_ear,"Stored energy / EAR (national %)",energy_water,ons_open_data,daily,2023-03-24,84.6079,pct
stored_energy_ear,"Stored energy / EAR (national %)",energy_water,ons_open_data,daily,2023-03-25,84.7085,pct
stored_energy_ear,"Stored energy / EAR (national %)",energy_water,ons_open_data,daily,2023-03-26,84.8905,pct
stored_energy_ear,"Stored energy / EAR (national %)",energy_water,ons_open_data,daily,2023-03-27,84.9286,pct
stored_energy_ear,"Stored energy / EAR (national %)",energy_water,ons_open_data,daily,2023-03-28,84.9975,pct
stored_energy_ear,"Stored energy / EAR (national %)",energy_water,ons_open_data,daily,2023-03-29,85.0620,pct
stored_energy_ear,"Stored energy / EAR (national %)",energy_water,ons_open_data,daily,2023-03-30,85.2032,pct
stored_energy_ear,"Stored energy / EAR (national %)",energy_water,ons_open_data,daily,2023-03-31,85.3231,pct
stored_energy_ear,"Stored energy / EAR (national %)",energy_water,ons_open_data,daily,2023-04-01,85.4808,pct
stored_energy_ear,"Stored energy / EAR (national %)",energy_water,ons_open_data,daily,2023-04-02,85.6159,pct
stored_energy_ear,"Stored energy / EAR (national %)",energy_water,ons_open_data,daily,2023-04-03,85.6252,pct
stored_energy_ear,"Stored energy / EAR (national %)",energy_water,ons_open_data,daily,2023-04-04,85.7130,pct
stored_energy_ear,"Stored energy / EAR (national %)",energy_water,ons_open_data,daily,2023-04-05,85.8290,pct
stored_energy_ear,"Stored energy / EAR (national %)",energy_water,ons_open_data,daily,2023-04-06,85.9420,pct
stored_energy_ear,"Stored energy / EAR (national %)",energy_water,ons_open_data,daily,2023-04-07,86.2319,pct
stored_energy_ear,"Stored energy / EAR (national %)",energy_water,ons_open_data,daily,2023-04-08,86.4411,pct
stored_energy_ear,"Stored energy / EAR (national %)",energy_water,ons_open_data,daily,2023-04-09,86.6924,pct
stored_energy_ear,"Stored energy / EAR (national %)",energy_water,ons_open_data,daily,2023-04-10,86.7721,pct
stored_energy_ear,"Stored energy / EAR (national %)",energy_water,ons_open_data,daily,2023-04-11,86.8978,pct
stored_energy_ear,"Stored energy / EAR (national %)",energy_water,ons_open_data,daily,2023-04-12,86.9561,pct
stored_energy_ear,"Stored energy / EAR (national %)",energy_water,ons_open_data,daily,2023-04-13,87.0192,pct
stored_energy_ear,"Stored energy / EAR (national %)",energy_water,ons_open_data,daily,2023-04-14,87.0403,pct
stored_energy_ear,"Stored energy / EAR (national %)",energy_water,ons_open_data,daily,2023-04-15,87.1680,pct
stored_energy_ear,"Stored energy / EAR (national %)",energy_water,ons_open_data,daily,2023-04-16,87.2821,pct
stored_energy_ear,"Stored energy / EAR (national %)",energy_water,ons_open_data,daily,2023-04-17,87.3493,pct
stored_energy_ear,"Stored energy / EAR (national %)",energy_water,ons_open_data,daily,2023-04-18,87.3310,pct
stored_energy_ear,"Stored energy / EAR (national %)",energy_water,ons_open_data,daily,2023-04-19,87.2400,pct
stored_energy_ear,"Stored energy / EAR (national %)",energy_water,ons_open_data,daily,2023-04-20,87.1831,pct
stored_energy_ear,"Stored energy / EAR (national %)",energy_water,ons_open_data,daily,2023-04-21,87.3423,pct
stored_energy_ear,"Stored energy / EAR (national %)",energy_water,ons_open_data,daily,2023-04-22,87.4161,pct
stored_energy_ear,"Stored energy / EAR (national %)",energy_water,ons_open_data,daily,2023-04-23,87.5173,pct
stored_energy_ear,"Stored energy / EAR (national %)",energy_water,ons_open_data,daily,2023-04-24,87.5319,pct
stored_energy_ear,"Stored energy / EAR (national %)",energy_water,ons_open_data,daily,2023-04-25,87.5956,pct
stored_energy_ear,"Stored energy / EAR (national %)",energy_water,ons_open_data,daily,2023-04-26,87.6345,pct
stored_energy_ear,"Stored energy / EAR (national %)",energy_water,ons_open_data,daily,2023-04-27,87.6360,pct
stored_energy_ear,"Stored energy / EAR (national %)",energy_water,ons_open_data,daily,2023-04-28,87.5421,pct
stored_energy_ear,"Stored energy / EAR (national %)",energy_water,ons_open_data,daily,2023-04-29,87.5081,pct
stored_energy_ear,"Stored energy / EAR (national %)",energy_water,ons_open_data,daily,2023-04-30,87.5446,pct
stored_energy_ear,"Stored energy / EAR (national %)",energy_water,ons_open_data,daily,2023-05-01,87.5530,pct
stored_energy_ear,"Stored energy / EAR (national %)",energy_water,ons_open_data,daily,2023-05-02,87.4454,pct
stored_energy_ear,"Stored energy / EAR (national %)",energy_water,ons_open_data,daily,2023-05-03,87.4106,pct
stored_energy_ear,"Stored energy / EAR (national %)",energy_water,ons_open_data,daily,2023-05-04,87.4637,pct
stored_energy_ear,"Stored energy / EAR (national %)",energy_water,ons_open_data,daily,2023-05-05,87.5253,pct
stored_energy_ear,"Stored energy / EAR (national %)",energy_water,ons_open_data,daily,2023-05-06,87.6320,pct
stored_energy_ear,"Stored energy / EAR (national %)",energy_water,ons_open_data,daily,2023-05-07,87.7066,pct
stored_energy_ear,"Stored energy / EAR (national %)",energy_water,ons_open_data,daily,2023-05-08,87.6984,pct
stored_energy_ear,"Stored energy / EAR (national %)",energy_water,ons_open_data,daily,2023-05-09,87.6752,pct
stored_energy_ear,"Stored energy / EAR (national %)",energy_water,ons_open_data,daily,2023-05-10,87.6726,pct
stored_energy_ear,"Stored energy / EAR (national %)",energy_water,ons_open_data,daily,2023-05-11,87.6111,pct
stored_energy_ear,"Stored energy / EAR (national %)",energy_water,ons_open_data,daily,2023-05-12,87.5417,pct
stored_energy_ear,"Stored energy / EAR (national %)",energy_water,ons_open_data,daily,2023-05-13,87.5221,pct
stored_energy_ear,"Stored energy / EAR (national %)",energy_water,ons_open_data,daily,2023-05-14,87.5731,pct
stored_energy_ear,"Stored energy / EAR (national %)",energy_water,ons_open_data,daily,2023-05-15,87.5131,pct
stored_energy_ear,"Stored energy / EAR (national %)",energy_water,ons_open_data,daily,2023-05-16,87.4832,pct
stored_energy_ear,"Stored energy / EAR (national %)",energy_water,ons_open_data,daily,2023-05-17,87.4178,pct
stored_energy_ear,"Stored energy / EAR (national %)",energy_water,ons_open_data,daily,2023-05-18,87.3651,pct
stored_energy_ear,"Stored energy / EAR (national %)",energy_water,ons_open_data,daily,2023-05-19,87.2939,pct
stored_energy_ear,"Stored energy / EAR (national %)",energy_water,ons_open_data,daily,2023-05-20,87.2802,pct
stored_energy_ear,"Stored energy / EAR (national %)",energy_water,ons_open_data,daily,2023-05-21,87.2935,pct
stored_energy_ear,"Stored energy / EAR (national %)",energy_water,ons_open_data,daily,2023-05-22,87.1932,pct
stored_energy_ear,"Stored energy / EAR (national %)",energy_water,ons_open_data,daily,2023-05-23,87.1546,pct
stored_energy_ear,"Stored energy / EAR (national %)",energy_water,ons_open_data,daily,2023-05-24,87.1043,pct
stored_energy_ear,"Stored energy / EAR (national %)",energy_water,ons_open_data,daily,2023-05-25,87.0908,pct
stored_energy_ear,"Stored energy / EAR (national %)",energy_water,ons_open_data,daily,2023-05-26,87.0899,pct
stored_energy_ear,"Stored energy / EAR (national %)",energy_water,ons_open_data,daily,2023-05-27,87.1151,pct
stored_energy_ear,"Stored energy / EAR (national %)",energy_water,ons_open_data,daily,2023-05-28,87.1650,pct
stored_energy_ear,"Stored energy / EAR (national %)",energy_water,ons_open_data,daily,2023-05-29,87.1351,pct
stored_energy_ear,"Stored energy / EAR (national %)",energy_water,ons_open_data,daily,2023-05-30,87.1203,pct
stored_energy_ear,"Stored energy / EAR (national %)",energy_water,ons_open_data,daily,2023-05-31,87.0541,pct
stored_energy_ear,"Stored energy / EAR (national %)",energy_water,ons_open_data,daily,2023-06-01,87.0072,pct
stored_energy_ear,"Stored energy / EAR (national %)",energy_water,ons_open_data,daily,2023-06-02,87.0311,pct
stored_energy_ear,"Stored energy / EAR (national %)",energy_water,ons_open_data,daily,2023-06-03,87.1133,pct
stored_energy_ear,"Stored energy / EAR (national %)",energy_water,ons_open_data,daily,2023-06-04,87.1756,pct
stored_energy_ear,"Stored energy / EAR (national %)",energy_water,ons_open_data,daily,2023-06-05,87.1094,pct
stored_energy_ear,"Stored energy / EAR (national %)",energy_water,ons_open_data,daily,2023-06-06,87.0148,pct
stored_energy_ear,"Stored energy / EAR (national %)",energy_water,ons_open_data,daily,2023-06-07,86.9328,pct
stored_energy_ear,"Stored energy / EAR (national %)",energy_water,ons_open_data,daily,2023-06-08,86.9464,pct
stored_energy_ear,"Stored energy / EAR (national %)",energy_water,ons_open_data,daily,2023-06-09,86.8838,pct
stored_energy_ear,"Stored energy / EAR (national %)",energy_water,ons_open_data,daily,2023-06-10,86.8448,pct
stored_energy_ear,"Stored energy / EAR (national %)",energy_water,ons_open_data,daily,2023-06-11,86.8290,pct
stored_energy_ear,"Stored energy / EAR (national %)",energy_water,ons_open_data,daily,2023-06-12,86.7727,pct
stored_energy_ear,"Stored energy / EAR (national %)",energy_water,ons_open_data,daily,2023-06-13,86.7302,pct
stored_energy_ear,"Stored energy / EAR (national %)",energy_water,ons_open_data,daily,2023-06-14,86.7127,pct
stored_energy_ear,"Stored energy / EAR (national %)",energy_water,ons_open_data,daily,2023-06-15,86.7735,pct
stored_energy_ear,"Stored energy / EAR (national %)",energy_water,ons_open_data,daily,2023-06-16,86.9118,pct
stored_energy_ear,"Stored energy / EAR (national %)",energy_water,ons_open_data,daily,2023-06-17,87.0559,pct
stored_energy_ear,"Stored energy / EAR (national %)",energy_water,ons_open_data,daily,2023-06-18,87.1800,pct
stored_energy_ear,"Stored energy / EAR (national %)",energy_water,ons_open_data,daily,2023-06-19,87.1880,pct
stored_energy_ear,"Stored energy / EAR (national %)",energy_water,ons_open_data,daily,2023-06-20,87.2018,pct
stored_energy_ear,"Stored energy / EAR (national %)",energy_water,ons_open_data,daily,2023-06-21,87.1746,pct
stored_energy_ear,"Stored energy / EAR (national %)",energy_water,ons_open_data,daily,2023-06-22,87.1350,pct
stored_energy_ear,"Stored energy / EAR (national %)",energy_water,ons_open_data,daily,2023-06-23,87.2021,pct
stored_energy_ear,"Stored energy / EAR (national %)",energy_water,ons_open_data,daily,2023-06-24,87.2747,pct
stored_energy_ear,"Stored energy / EAR (national %)",energy_water,ons_open_data,daily,2023-06-25,87.2797,pct
stored_energy_ear,"Stored energy / EAR (national %)",energy_water,ons_open_data,daily,2023-06-26,87.1389,pct
stored_energy_ear,"Stored energy / EAR (national %)",energy_water,ons_open_data,daily,2023-06-27,87.0520,pct
stored_energy_ear,"Stored energy / EAR (national %)",energy_water,ons_open_data,daily,2023-06-28,86.9850,pct
stored_energy_ear,"Stored energy / EAR (national %)",energy_water,ons_open_data,daily,2023-06-29,86.8913,pct
stored_energy_ear,"Stored energy / EAR (national %)",energy_water,ons_open_data,daily,2023-06-30,86.8038,pct
stored_energy_ear,"Stored energy / EAR (national %)",energy_water,ons_open_data,daily,2023-07-01,86.7422,pct
stored_energy_ear,"Stored energy / EAR (national %)",energy_water,ons_open_data,daily,2023-07-02,86.6859,pct
stored_energy_ear,"Stored energy / EAR (national %)",energy_water,ons_open_data,daily,2023-07-03,86.5491,pct
stored_energy_ear,"Stored energy / EAR (national %)",energy_water,ons_open_data,daily,2023-07-04,86.5000,pct
stored_energy_ear,"Stored energy / EAR (national %)",energy_water,ons_open_data,daily,2023-07-05,86.4155,pct
stored_energy_ear,"Stored energy / EAR (national %)",energy_water,ons_open_data,daily,2023-07-06,86.2707,pct
stored_energy_ear,"Stored energy / EAR (national %)",energy_water,ons_open_data,daily,2023-07-07,86.0664,pct
stored_energy_ear,"Stored energy / EAR (national %)",energy_water,ons_open_data,daily,2023-07-08,86.0454,pct
stored_energy_ear,"Stored energy / EAR (national %)",energy_water,ons_open_data,daily,2023-07-09,86.0586,pct
stored_energy_ear,"Stored energy / EAR (national %)",energy_water,ons_open_data,daily,2023-07-10,85.9893,pct
stored_energy_ear,"Stored energy / EAR (national %)",energy_water,ons_open_data,daily,2023-07-11,85.9779,pct
stored_energy_ear,"Stored energy / EAR (national %)",energy_water,ons_open_data,daily,2023-07-12,85.9528,pct
stored_energy_ear,"Stored energy / EAR (national %)",energy_water,ons_open_data,daily,2023-07-13,85.8550,pct
stored_energy_ear,"Stored energy / EAR (national %)",energy_water,ons_open_data,daily,2023-07-14,85.8055,pct
stored_energy_ear,"Stored energy / EAR (national %)",energy_water,ons_open_data,daily,2023-07-15,85.7833,pct
stored_energy_ear,"Stored energy / EAR (national %)",energy_water,ons_open_data,daily,2023-07-16,85.7662,pct
stored_energy_ear,"Stored energy / EAR (national %)",energy_water,ons_open_data,daily,2023-07-17,85.6628,pct
stored_energy_ear,"Stored energy / EAR (national %)",energy_water,ons_open_data,daily,2023-07-18,85.5597,pct
stored_energy_ear,"Stored energy / EAR (national %)",energy_water,ons_open_data,daily,2023-07-19,85.5002,pct
stored_energy_ear,"Stored energy / EAR (national %)",energy_water,ons_open_data,daily,2023-07-20,85.4679,pct
stored_energy_ear,"Stored energy / EAR (national %)",energy_water,ons_open_data,daily,2023-07-21,85.3988,pct
stored_energy_ear,"Stored energy / EAR (national %)",energy_water,ons_open_data,daily,2023-07-22,85.4106,pct
stored_energy_ear,"Stored energy / EAR (national %)",energy_water,ons_open_data,daily,2023-07-23,85.3864,pct
stored_energy_ear,"Stored energy / EAR (national %)",energy_water,ons_open_data,daily,2023-07-24,85.2644,pct
stored_energy_ear,"Stored energy / EAR (national %)",energy_water,ons_open_data,daily,2023-07-25,85.1627,pct
stored_energy_ear,"Stored energy / EAR (national %)",energy_water,ons_open_data,daily,2023-07-26,85.0162,pct
stored_energy_ear,"Stored energy / EAR (national %)",energy_water,ons_open_data,daily,2023-07-27,84.8850,pct
stored_energy_ear,"Stored energy / EAR (national %)",energy_water,ons_open_data,daily,2023-07-28,84.7321,pct
stored_energy_ear,"Stored energy / EAR (national %)",energy_water,ons_open_data,daily,2023-07-29,84.6340,pct
stored_energy_ear,"Stored energy / EAR (national %)",energy_water,ons_open_data,daily,2023-07-30,84.6135,pct
stored_energy_ear,"Stored energy / EAR (national %)",energy_water,ons_open_data,daily,2023-07-31,84.4509,pct
stored_energy_ear,"Stored energy / EAR (national %)",energy_water,ons_open_data,daily,2023-08-01,84.2868,pct
stored_energy_ear,"Stored energy / EAR (national %)",energy_water,ons_open_data,daily,2023-08-02,84.1177,pct
stored_energy_ear,"Stored energy / EAR (national %)",energy_water,ons_open_data,daily,2023-08-03,83.9355,pct
stored_energy_ear,"Stored energy / EAR (national %)",energy_water,ons_open_data,daily,2023-08-04,83.7041,pct
stored_energy_ear,"Stored energy / EAR (national %)",energy_water,ons_open_data,daily,2023-08-05,83.5892,pct
stored_energy_ear,"Stored energy / EAR (national %)",energy_water,ons_open_data,daily,2023-08-06,83.5351,pct
stored_energy_ear,"Stored energy / EAR (national %)",energy_water,ons_open_data,daily,2023-08-07,83.3032,pct
stored_energy_ear,"Stored energy / EAR (national %)",energy_water,ons_open_data,daily,2023-08-08,83.0553,pct
stored_energy_ear,"Stored energy / EAR (national %)",energy_water,ons_open_data,daily,2023-08-09,82.8150,pct
stored_energy_ear,"Stored energy / EAR (national %)",energy_water,ons_open_data,daily,2023-08-10,82.5774,pct
stored_energy_ear,"Stored energy / EAR (national %)",energy_water,ons_open_data,daily,2023-08-11,82.4033,pct
stored_energy_ear,"Stored energy / EAR (national %)",energy_water,ons_open_data,daily,2023-08-12,82.4676,pct
stored_energy_ear,"Stored energy / EAR (national %)",energy_water,ons_open_data,daily,2023-08-13,82.5008,pct
stored_energy_ear,"Stored energy / EAR (national %)",energy_water,ons_open_data,daily,2023-08-14,82.3905,pct
stored_energy_ear,"Stored energy / EAR (national %)",energy_water,ons_open_data,daily,2023-08-15,82.1920,pct
stored_energy_ear,"Stored energy / EAR (national %)",energy_water,ons_open_data,daily,2023-08-16,81.9720,pct
stored_energy_ear,"Stored energy / EAR (national %)",energy_water,ons_open_data,daily,2023-08-17,81.7493,pct
stored_energy_ear,"Stored energy / EAR (national %)",energy_water,ons_open_data,daily,2023-08-18,81.5210,pct
stored_energy_ear,"Stored energy / EAR (national %)",energy_water,ons_open_data,daily,2023-08-19,81.3591,pct
stored_energy_ear,"Stored energy / EAR (national %)",energy_water,ons_open_data,daily,2023-08-20,81.2686,pct
stored_energy_ear,"Stored energy / EAR (national %)",energy_water,ons_open_data,daily,2023-08-21,81.0312,pct
stored_energy_ear,"Stored energy / EAR (national %)",energy_water,ons_open_data,daily,2023-08-22,80.7916,pct
stored_energy_ear,"Stored energy / EAR (national %)",energy_water,ons_open_data,daily,2023-08-23,80.4768,pct
stored_energy_ear,"Stored energy / EAR (national %)",energy_water,ons_open_data,daily,2023-08-24,80.1513,pct
stored_energy_ear,"Stored energy / EAR (national %)",energy_water,ons_open_data,daily,2023-08-25,79.8402,pct
stored_energy_ear,"Stored energy / EAR (national %)",energy_water,ons_open_data,daily,2023-08-26,79.5618,pct
stored_energy_ear,"Stored energy / EAR (national %)",energy_water,ons_open_data,daily,2023-08-27,79.4109,pct
stored_energy_ear,"Stored energy / EAR (national %)",energy_water,ons_open_data,daily,2023-08-28,79.1294,pct
stored_energy_ear,"Stored energy / EAR (national %)",energy_water,ons_open_data,daily,2023-08-29,78.8539,pct
stored_energy_ear,"Stored energy / EAR (national %)",energy_water,ons_open_data,daily,2023-08-30,78.5935,pct
stored_energy_ear,"Stored energy / EAR (national %)",energy_water,ons_open_data,daily,2023-08-31,78.3336,pct
stored_energy_ear,"Stored energy / EAR (national %)",energy_water,ons_open_data,daily,2023-09-01,78.1135,pct
stored_energy_ear,"Stored energy / EAR (national %)",energy_water,ons_open_data,daily,2023-09-02,78.0191,pct
stored_energy_ear,"Stored energy / EAR (national %)",energy_water,ons_open_data,daily,2023-09-03,77.9744,pct
stored_energy_ear,"Stored energy / EAR (national %)",energy_water,ons_open_data,daily,2023-09-04,78.0077,pct
stored_energy_ear,"Stored energy / EAR (national %)",energy_water,ons_open_data,daily,2023-09-05,77.9134,pct
stored_energy_ear,"Stored energy / EAR (national %)",energy_water,ons_open_data,daily,2023-09-06,77.8391,pct
stored_energy_ear,"Stored energy / EAR (national %)",energy_water,ons_open_data,daily,2023-09-07,77.8029,pct
stored_energy_ear,"Stored energy / EAR (national %)",energy_water,ons_open_data,daily,2023-09-08,77.6919,pct
stored_energy_ear,"Stored energy / EAR (national %)",energy_water,ons_open_data,daily,2023-09-09,77.5939,pct
stored_energy_ear,"Stored energy / EAR (national %)",energy_water,ons_open_data,daily,2023-09-10,77.5747,pct
stored_energy_ear,"Stored energy / EAR (national %)",energy_water,ons_open_data,daily,2023-09-11,77.3741,pct
stored_energy_ear,"Stored energy / EAR (national %)",energy_water,ons_open_data,daily,2023-09-12,77.1098,pct
stored_energy_ear,"Stored energy / EAR (national %)",energy_water,ons_open_data,daily,2023-09-13,76.8544,pct
stored_energy_ear,"Stored energy / EAR (national %)",energy_water,ons_open_data,daily,2023-09-14,76.6151,pct
stored_energy_ear,"Stored energy / EAR (national %)",energy_water,ons_open_data,daily,2023-09-15,76.4299,pct
stored_energy_ear,"Stored energy / EAR (national %)",energy_water,ons_open_data,daily,2023-09-16,76.2954,pct
stored_energy_ear,"Stored energy / EAR (national %)",energy_water,ons_open_data,daily,2023-09-17,76.1735,pct
stored_energy_ear,"Stored energy / EAR (national %)",energy_water,ons_open_data,daily,2023-09-18,75.8411,pct
stored_energy_ear,"Stored energy / EAR (national %)",energy_water,ons_open_data,daily,2023-09-19,75.5658,pct
stored_energy_ear,"Stored energy / EAR (national %)",energy_water,ons_open_data,daily,2023-09-20,75.3555,pct
stored_energy_ear,"Stored energy / EAR (national %)",energy_water,ons_open_data,daily,2023-09-21,75.0820,pct
stored_energy_ear,"Stored energy / EAR (national %)",energy_water,ons_open_data,daily,2023-09-22,74.7734,pct
stored_energy_ear,"Stored energy / EAR (national %)",energy_water,ons_open_data,daily,2023-09-23,74.5308,pct
stored_energy_ear,"Stored energy / EAR (national %)",energy_water,ons_open_data,daily,2023-09-24,74.2940,pct
stored_energy_ear,"Stored energy / EAR (national %)",energy_water,ons_open_data,daily,2023-09-25,73.9063,pct
stored_energy_ear,"Stored energy / EAR (national %)",energy_water,ons_open_data,daily,2023-09-26,73.5260,pct
stored_energy_ear,"Stored energy / EAR (national %)",energy_water,ons_open_data,daily,2023-09-27,73.1888,pct
stored_energy_ear,"Stored energy / EAR (national %)",energy_water,ons_open_data,daily,2023-09-28,72.9523,pct
stored_energy_ear,"Stored energy / EAR (national %)",energy_water,ons_open_data,daily,2023-09-29,72.7280,pct
stored_energy_ear,"Stored energy / EAR (national %)",energy_water,ons_open_data,daily,2023-09-30,72.6433,pct
stored_energy_ear,"Stored energy / EAR (national %)",energy_water,ons_open_data,daily,2023-10-01,72.5630,pct
stored_energy_ear,"Stored energy / EAR (national %)",energy_water,ons_open_data,daily,2023-10-02,72.2638,pct
stored_energy_ear,"Stored energy / EAR (national %)",energy_water,ons_open_data,daily,2023-10-03,71.9794,pct
stored_energy_ear,"Stored energy / EAR (national %)",energy_water,ons_open_data,daily,2023-10-04,71.8987,pct
stored_energy_ear,"Stored energy / EAR (national %)",energy_water,ons_open_data,daily,2023-10-05,71.7180,pct
stored_energy_ear,"Stored energy / EAR (national %)",energy_water,ons_open_data,daily,2023-10-06,71.4745,pct
stored_energy_ear,"Stored energy / EAR (national %)",energy_water,ons_open_data,daily,2023-10-07,71.4494,pct
stored_energy_ear,"Stored energy / EAR (national %)",energy_water,ons_open_data,daily,2023-10-08,71.4401,pct
stored_energy_ear,"Stored energy / EAR (national %)",energy_water,ons_open_data,daily,2023-10-09,71.3172,pct
stored_energy_ear,"Stored energy / EAR (national %)",energy_water,ons_open_data,daily,2023-10-10,71.1645,pct
stored_energy_ear,"Stored energy / EAR (national %)",energy_water,ons_open_data,daily,2023-10-11,70.9331,pct
stored_energy_ear,"Stored energy / EAR (national %)",energy_water,ons_open_data,daily,2023-10-12,70.9903,pct
stored_energy_ear,"Stored energy / EAR (national %)",energy_water,ons_open_data,daily,2023-10-13,70.9091,pct
stored_energy_ear,"Stored energy / EAR (national %)",energy_water,ons_open_data,daily,2023-10-14,70.8770,pct
stored_energy_ear,"Stored energy / EAR (national %)",energy_water,ons_open_data,daily,2023-10-15,70.8145,pct
stored_energy_ear,"Stored energy / EAR (national %)",energy_water,ons_open_data,daily,2023-10-16,70.5678,pct
stored_energy_ear,"Stored energy / EAR (national %)",energy_water,ons_open_data,daily,2023-10-17,70.4571,pct
stored_energy_ear,"Stored energy / EAR (national %)",energy_water,ons_open_data,daily,2023-10-18,70.2619,pct
stored_energy_ear,"Stored energy / EAR (national %)",energy_water,ons_open_data,daily,2023-10-19,70.0669,pct
stored_energy_ear,"Stored energy / EAR (national %)",energy_water,ons_open_data,daily,2023-10-20,69.9630,pct
stored_energy_ear,"Stored energy / EAR (national %)",energy_water,ons_open_data,daily,2023-10-21,69.8443,pct
stored_energy_ear,"Stored energy / EAR (national %)",energy_water,ons_open_data,daily,2023-10-22,69.7486,pct
stored_energy_ear,"Stored energy / EAR (national %)",energy_water,ons_open_data,daily,2023-10-23,69.5209,pct
stored_energy_ear,"Stored energy / EAR (national %)",energy_water,ons_open_data,daily,2023-10-24,69.1763,pct
stored_energy_ear,"Stored energy / EAR (national %)",energy_water,ons_open_data,daily,2023-10-25,68.7758,pct
stored_energy_ear,"Stored energy / EAR (national %)",energy_water,ons_open_data,daily,2023-10-26,68.4367,pct
stored_energy_ear,"Stored energy / EAR (national %)",energy_water,ons_open_data,daily,2023-10-27,68.1421,pct
stored_energy_ear,"Stored energy / EAR (national %)",energy_water,ons_open_data,daily,2023-10-28,68.1513,pct
stored_energy_ear,"Stored energy / EAR (national %)",energy_water,ons_open_data,daily,2023-10-29,68.2682,pct
stored_energy_ear,"Stored energy / EAR (national %)",energy_water,ons_open_data,daily,2023-10-30,68.1405,pct
stored_energy_ear,"Stored energy / EAR (national %)",energy_water,ons_open_data,daily,2023-10-31,67.9666,pct
stored_energy_ear,"Stored energy / EAR (national %)",energy_water,ons_open_data,daily,2023-11-01,67.7582,pct
stored_energy_ear,"Stored energy / EAR (national %)",energy_water,ons_open_data,daily,2023-11-02,67.6956,pct
stored_energy_ear,"Stored energy / EAR (national %)",energy_water,ons_open_data,daily,2023-11-03,67.6704,pct
stored_energy_ear,"Stored energy / EAR (national %)",energy_water,ons_open_data,daily,2023-11-04,67.7070,pct
stored_energy_ear,"Stored energy / EAR (national %)",energy_water,ons_open_data,daily,2023-11-05,67.6989,pct
stored_energy_ear,"Stored energy / EAR (national %)",energy_water,ons_open_data,daily,2023-11-06,67.5826,pct
stored_energy_ear,"Stored energy / EAR (national %)",energy_water,ons_open_data,daily,2023-11-07,67.4750,pct
stored_energy_ear,"Stored energy / EAR (national %)",energy_water,ons_open_data,daily,2023-11-08,67.3025,pct
stored_energy_ear,"Stored energy / EAR (national %)",energy_water,ons_open_data,daily,2023-11-09,67.0158,pct
stored_energy_ear,"Stored energy / EAR (national %)",energy_water,ons_open_data,daily,2023-11-10,66.7434,pct
stored_energy_ear,"Stored energy / EAR (national %)",energy_water,ons_open_data,daily,2023-11-11,66.5442,pct
stored_energy_ear,"Stored energy / EAR (national %)",energy_water,ons_open_data,daily,2023-11-12,66.3319,pct
stored_energy_ear,"Stored energy / EAR (national %)",energy_water,ons_open_data,daily,2023-11-13,65.9295,pct
stored_energy_ear,"Stored energy / EAR (national %)",energy_water,ons_open_data,daily,2023-11-14,65.6529,pct
stored_energy_ear,"Stored energy / EAR (national %)",energy_water,ons_open_data,daily,2023-11-15,65.4660,pct
stored_energy_ear,"Stored energy / EAR (national %)",energy_water,ons_open_data,daily,2023-11-16,65.2865,pct
stored_energy_ear,"Stored energy / EAR (national %)",energy_water,ons_open_data,daily,2023-11-17,65.1312,pct
stored_energy_ear,"Stored energy / EAR (national %)",energy_water,ons_open_data,daily,2023-11-18,64.9720,pct
stored_energy_ear,"Stored energy / EAR (national %)",energy_water,ons_open_data,daily,2023-11-19,64.8672,pct
stored_energy_ear,"Stored energy / EAR (national %)",energy_water,ons_open_data,daily,2023-11-20,64.6877,pct
stored_energy_ear,"Stored energy / EAR (national %)",energy_water,ons_open_data,daily,2023-11-21,64.5465,pct
stored_energy_ear,"Stored energy / EAR (national %)",energy_water,ons_open_data,daily,2023-11-22,64.4249,pct
stored_energy_ear,"Stored energy / EAR (national %)",energy_water,ons_open_data,daily,2023-11-23,64.3105,pct
stored_energy_ear,"Stored energy / EAR (national %)",energy_water,ons_open_data,daily,2023-11-24,64.1241,pct
stored_energy_ear,"Stored energy / EAR (national %)",energy_water,ons_open_data,daily,2023-11-25,64.0693,pct
stored_energy_ear,"Stored energy / EAR (national %)",energy_water,ons_open_data,daily,2023-11-26,64.0769,pct
stored_energy_ear,"Stored energy / EAR (national %)",energy_water,ons_open_data,daily,2023-11-27,63.8967,pct
stored_energy_ear,"Stored energy / EAR (national %)",energy_water,ons_open_data,daily,2023-11-28,63.8230,pct
stored_energy_ear,"Stored energy / EAR (national %)",energy_water,ons_open_data,daily,2023-11-29,63.7957,pct
stored_energy_ear,"Stored energy / EAR (national %)",energy_water,ons_open_data,daily,2023-11-30,63.7298,pct
stored_energy_ear,"Stored energy / EAR (national %)",energy_water,ons_open_data,daily,2023-12-01,63.6096,pct
stored_energy_ear,"Stored energy / EAR (national %)",energy_water,ons_open_data,daily,2023-12-02,63.5561,pct
stored_energy_ear,"Stored energy / EAR (national %)",energy_water,ons_open_data,daily,2023-12-03,63.5421,pct
stored_energy_ear,"Stored energy / EAR (national %)",energy_water,ons_open_data,daily,2023-12-04,63.2584,pct
stored_energy_ear,"Stored energy / EAR (national %)",energy_water,ons_open_data,daily,2023-12-05,63.1726,pct
stored_energy_ear,"Stored energy / EAR (national %)",energy_water,ons_open_data,daily,2023-12-06,63.1154,pct
stored_energy_ear,"Stored energy / EAR (national %)",energy_water,ons_open_data,daily,2023-12-07,62.9518,pct
stored_energy_ear,"Stored energy / EAR (national %)",energy_water,ons_open_data,daily,2023-12-08,62.8517,pct
stored_energy_ear,"Stored energy / EAR (national %)",energy_water,ons_open_data,daily,2023-12-09,62.8602,pct
stored_energy_ear,"Stored energy / EAR (national %)",energy_water,ons_open_data,daily,2023-12-10,62.8649,pct
stored_energy_ear,"Stored energy / EAR (national %)",energy_water,ons_open_data,daily,2023-12-11,62.6652,pct
stored_energy_ear,"Stored energy / EAR (national %)",energy_water,ons_open_data,daily,2023-12-12,62.5151,pct
stored_energy_ear,"Stored energy / EAR (national %)",energy_water,ons_open_data,daily,2023-12-13,62.4449,pct
stored_energy_ear,"Stored energy / EAR (national %)",energy_water,ons_open_data,daily,2023-12-14,62.2823,pct
stored_energy_ear,"Stored energy / EAR (national %)",energy_water,ons_open_data,daily,2023-12-15,62.0883,pct
stored_energy_ear,"Stored energy / EAR (national %)",energy_water,ons_open_data,daily,2023-12-16,61.9152,pct
stored_energy_ear,"Stored energy / EAR (national %)",energy_water,ons_open_data,daily,2023-12-17,61.8160,pct
stored_energy_ear,"Stored energy / EAR (national %)",energy_water,ons_open_data,daily,2023-12-18,61.5146,pct
stored_energy_ear,"Stored energy / EAR (national %)",energy_water,ons_open_data,daily,2023-12-19,61.2375,pct
stored_energy_ear,"Stored energy / EAR (national %)",energy_water,ons_open_data,daily,2023-12-20,61.0284,pct
stored_energy_ear,"Stored energy / EAR (national %)",energy_water,ons_open_data,daily,2023-12-21,60.8292,pct
stored_energy_ear,"Stored energy / EAR (national %)",energy_water,ons_open_data,daily,2023-12-22,60.6582,pct
stored_energy_ear,"Stored energy / EAR (national %)",energy_water,ons_open_data,daily,2023-12-23,60.7022,pct
stored_energy_ear,"Stored energy / EAR (national %)",energy_water,ons_open_data,daily,2023-12-24,60.8279,pct
stored_energy_ear,"Stored energy / EAR (national %)",energy_water,ons_open_data,daily,2023-12-25,60.8865,pct
stored_energy_ear,"Stored energy / EAR (national %)",energy_water,ons_open_data,daily,2023-12-26,60.7039,pct
stored_energy_ear,"Stored energy / EAR (national %)",energy_water,ons_open_data,daily,2023-12-27,60.5900,pct
stored_energy_ear,"Stored energy / EAR (national %)",energy_water,ons_open_data,daily,2023-12-28,60.4350,pct
stored_energy_ear,"Stored energy / EAR (national %)",energy_water,ons_open_data,daily,2023-12-29,60.2265,pct
stored_energy_ear,"Stored energy / EAR (national %)",energy_water,ons_open_data,daily,2023-12-30,60.0855,pct
stored_energy_ear,"Stored energy / EAR (national %)",energy_water,ons_open_data,daily,2023-12-31,59.9896,pct
stored_energy_ear,"Stored energy / EAR (national %)",energy_water,ons_open_data,daily,2024-01-01,59.9658,pct
stored_energy_ear,"Stored energy / EAR (national %)",energy_water,ons_open_data,daily,2024-01-02,59.8358,pct
stored_energy_ear,"Stored energy / EAR (national %)",energy_water,ons_open_data,daily,2024-01-03,59.7026,pct
stored_energy_ear,"Stored energy / EAR (national %)",energy_water,ons_open_data,daily,2024-01-04,59.7582,pct
stored_energy_ear,"Stored energy / EAR (national %)",energy_water,ons_open_data,daily,2024-01-05,59.8037,pct
stored_energy_ear,"Stored energy / EAR (national %)",energy_water,ons_open_data,daily,2024-01-06,59.9050,pct
stored_energy_ear,"Stored energy / EAR (national %)",energy_water,ons_open_data,daily,2024-01-07,59.9378,pct
stored_energy_ear,"Stored energy / EAR (national %)",energy_water,ons_open_data,daily,2024-01-08,59.7306,pct
stored_energy_ear,"Stored energy / EAR (national %)",energy_water,ons_open_data,daily,2024-01-09,59.5936,pct
stored_energy_ear,"Stored energy / EAR (national %)",energy_water,ons_open_data,daily,2024-01-10,59.5287,pct
stored_energy_ear,"Stored energy / EAR (national %)",energy_water,ons_open_data,daily,2024-01-11,59.4386,pct
stored_energy_ear,"Stored energy / EAR (national %)",energy_water,ons_open_data,daily,2024-01-12,59.3405,pct
stored_energy_ear,"Stored energy / EAR (national %)",energy_water,ons_open_data,daily,2024-01-13,59.4114,pct
stored_energy_ear,"Stored energy / EAR (national %)",energy_water,ons_open_data,daily,2024-01-14,59.5761,pct
stored_energy_ear,"Stored energy / EAR (national %)",energy_water,ons_open_data,daily,2024-01-15,59.5369,pct
stored_energy_ear,"Stored energy / EAR (national %)",energy_water,ons_open_data,daily,2024-01-16,59.5239,pct
stored_energy_ear,"Stored energy / EAR (national %)",energy_water,ons_open_data,daily,2024-01-17,59.4911,pct
stored_energy_ear,"Stored energy / EAR (national %)",energy_water,ons_open_data,daily,2024-01-18,59.6241,pct
stored_energy_ear,"Stored energy / EAR (national %)",energy_water,ons_open_data,daily,2024-01-19,59.7297,pct
stored_energy_ear,"Stored energy / EAR (national %)",energy_water,ons_open_data,daily,2024-01-20,59.8310,pct
stored_energy_ear,"Stored energy / EAR (national %)",energy_water,ons_open_data,daily,2024-01-21,59.9966,pct
stored_energy_ear,"Stored energy / EAR (national %)",energy_water,ons_open_data,daily,2024-01-22,60.0315,pct
stored_energy_ear,"Stored energy / EAR (national %)",energy_water,ons_open_data,daily,2024-01-23,60.1724,pct
stored_energy_ear,"Stored energy / EAR (national %)",energy_water,ons_open_data,daily,2024-01-24,60.3465,pct
stored_energy_ear,"Stored energy / EAR (national %)",energy_water,ons_open_data,daily,2024-01-25,60.4686,pct
stored_energy_ear,"Stored energy / EAR (national %)",energy_water,ons_open_data,daily,2024-01-26,60.6568,pct
stored_energy_ear,"Stored energy / EAR (national %)",energy_water,ons_open_data,daily,2024-01-27,60.8889,pct
stored_energy_ear,"Stored energy / EAR (national %)",energy_water,ons_open_data,daily,2024-01-28,61.1193,pct
stored_energy_ear,"Stored energy / EAR (national %)",energy_water,ons_open_data,daily,2024-01-29,61.1430,pct
stored_energy_ear,"Stored energy / EAR (national %)",energy_water,ons_open_data,daily,2024-01-30,61.0940,pct
stored_energy_ear,"Stored energy / EAR (national %)",energy_water,ons_open_data,daily,2024-01-31,61.0849,pct
stored_energy_ear,"Stored energy / EAR (national %)",energy_water,ons_open_data,daily,2024-02-01,61.1946,pct
stored_energy_ear,"Stored energy / EAR (national %)",energy_water,ons_open_data,daily,2024-02-02,61.3160,pct
stored_energy_ear,"Stored energy / EAR (national %)",energy_water,ons_open_data,daily,2024-02-03,61.4842,pct
stored_energy_ear,"Stored energy / EAR (national %)",energy_water,ons_open_data,daily,2024-02-04,61.7122,pct
stored_energy_ear,"Stored energy / EAR (national %)",energy_water,ons_open_data,daily,2024-02-05,61.7826,pct
stored_energy_ear,"Stored energy / EAR (national %)",energy_water,ons_open_data,daily,2024-02-06,61.8178,pct
stored_energy_ear,"Stored energy / EAR (national %)",energy_water,ons_open_data,daily,2024-02-07,61.8192,pct
stored_energy_ear,"Stored energy / EAR (national %)",energy_water,ons_open_data,daily,2024-02-08,61.7897,pct
stored_energy_ear,"Stored energy / EAR (national %)",energy_water,ons_open_data,daily,2024-02-09,61.8351,pct
stored_energy_ear,"Stored energy / EAR (national %)",energy_water,ons_open_data,daily,2024-02-10,62.0287,pct
stored_energy_ear,"Stored energy / EAR (national %)",energy_water,ons_open_data,daily,2024-02-11,62.2394,pct
stored_energy_ear,"Stored energy / EAR (national %)",energy_water,ons_open_data,daily,2024-02-12,62.3862,pct
stored_energy_ear,"Stored energy / EAR (national %)",energy_water,ons_open_data,daily,2024-02-13,62.4590,pct
stored_energy_ear,"Stored energy / EAR (national %)",energy_water,ons_open_data,daily,2024-02-14,62.4610,pct
stored_energy_ear,"Stored energy / EAR (national %)",energy_water,ons_open_data,daily,2024-02-15,62.5329,pct
stored_energy_ear,"Stored energy / EAR (national %)",energy_water,ons_open_data,daily,2024-02-16,62.6149,pct
stored_energy_ear,"Stored energy / EAR (national %)",energy_water,ons_open_data,daily,2024-02-17,62.7391,pct
stored_energy_ear,"Stored energy / EAR (national %)",energy_water,ons_open_data,daily,2024-02-18,62.9274,pct
stored_energy_ear,"Stored energy / EAR (national %)",energy_water,ons_open_data,daily,2024-02-19,63.0439,pct
stored_energy_ear,"Stored energy / EAR (national %)",energy_water,ons_open_data,daily,2024-02-20,63.2731,pct
stored_energy_ear,"Stored energy / EAR (national %)",energy_water,ons_open_data,daily,2024-02-21,63.6514,pct
stored_energy_ear,"Stored energy / EAR (national %)",energy_water,ons_open_data,daily,2024-02-22,63.9761,pct
stored_energy_ear,"Stored energy / EAR (national %)",energy_water,ons_open_data,daily,2024-02-23,64.2310,pct
stored_energy_ear,"Stored energy / EAR (national %)",energy_water,ons_open_data,daily,2024-02-24,64.6624,pct
stored_energy_ear,"Stored energy / EAR (national %)",energy_water,ons_open_data,daily,2024-02-25,65.0635,pct
stored_energy_ear,"Stored energy / EAR (national %)",energy_water,ons_open_data,daily,2024-02-26,65.3284,pct
stored_energy_ear,"Stored energy / EAR (national %)",energy_water,ons_open_data,daily,2024-02-27,65.5209,pct
stored_energy_ear,"Stored energy / EAR (national %)",energy_water,ons_open_data,daily,2024-02-28,65.5961,pct
stored_energy_ear,"Stored energy / EAR (national %)",energy_water,ons_open_data,daily,2024-02-29,65.6138,pct
stored_energy_ear,"Stored energy / EAR (national %)",energy_water,ons_open_data,daily,2024-03-01,65.6516,pct
stored_energy_ear,"Stored energy / EAR (national %)",energy_water,ons_open_data,daily,2024-03-02,65.7805,pct
stored_energy_ear,"Stored energy / EAR (national %)",energy_water,ons_open_data,daily,2024-03-03,65.9837,pct
stored_energy_ear,"Stored energy / EAR (national %)",energy_water,ons_open_data,daily,2024-03-04,66.0537,pct
stored_energy_ear,"Stored energy / EAR (national %)",energy_water,ons_open_data,daily,2024-03-05,66.1811,pct
stored_energy_ear,"Stored energy / EAR (national %)",energy_water,ons_open_data,daily,2024-03-06,66.3813,pct
stored_energy_ear,"Stored energy / EAR (national %)",energy_water,ons_open_data,daily,2024-03-07,66.5827,pct
stored_energy_ear,"Stored energy / EAR (national %)",energy_water,ons_open_data,daily,2024-03-08,66.8436,pct
stored_energy_ear,"Stored energy / EAR (national %)",energy_water,ons_open_data,daily,2024-03-09,67.1777,pct
stored_energy_ear,"Stored energy / EAR (national %)",energy_water,ons_open_data,daily,2024-03-10,67.5304,pct
stored_energy_ear,"Stored energy / EAR (national %)",energy_water,ons_open_data,daily,2024-03-11,67.7294,pct
stored_energy_ear,"Stored energy / EAR (national %)",energy_water,ons_open_data,daily,2024-03-12,67.8347,pct
stored_energy_ear,"Stored energy / EAR (national %)",energy_water,ons_open_data,daily,2024-03-13,67.9127,pct
stored_energy_ear,"Stored energy / EAR (national %)",energy_water,ons_open_data,daily,2024-03-14,67.9573,pct
stored_energy_ear,"Stored energy / EAR (national %)",energy_water,ons_open_data,daily,2024-03-15,67.9694,pct
stored_energy_ear,"Stored energy / EAR (national %)",energy_water,ons_open_data,daily,2024-03-16,68.0133,pct
stored_energy_ear,"Stored energy / EAR (national %)",energy_water,ons_open_data,daily,2024-03-17,68.0837,pct
stored_energy_ear,"Stored energy / EAR (national %)",energy_water,ons_open_data,daily,2024-03-18,68.0467,pct
stored_energy_ear,"Stored energy / EAR (national %)",energy_water,ons_open_data,daily,2024-03-19,68.0638,pct
stored_energy_ear,"Stored energy / EAR (national %)",energy_water,ons_open_data,daily,2024-03-20,68.0972,pct
stored_energy_ear,"Stored energy / EAR (national %)",energy_water,ons_open_data,daily,2024-03-21,68.1288,pct
stored_energy_ear,"Stored energy / EAR (national %)",energy_water,ons_open_data,daily,2024-03-22,68.2281,pct
stored_energy_ear,"Stored energy / EAR (national %)",energy_water,ons_open_data,daily,2024-03-23,68.4885,pct
stored_energy_ear,"Stored energy / EAR (national %)",energy_water,ons_open_data,daily,2024-03-24,68.7680,pct
stored_energy_ear,"Stored energy / EAR (national %)",energy_water,ons_open_data,daily,2024-03-25,68.9893,pct
stored_energy_ear,"Stored energy / EAR (national %)",energy_water,ons_open_data,daily,2024-03-26,69.2034,pct
stored_energy_ear,"Stored energy / EAR (national %)",energy_water,ons_open_data,daily,2024-03-27,69.5286,pct
stored_energy_ear,"Stored energy / EAR (national %)",energy_water,ons_open_data,daily,2024-03-28,69.9276,pct
stored_energy_ear,"Stored energy / EAR (national %)",energy_water,ons_open_data,daily,2024-03-29,70.4301,pct
stored_energy_ear,"Stored energy / EAR (national %)",energy_water,ons_open_data,daily,2024-03-30,70.8609,pct
stored_energy_ear,"Stored energy / EAR (national %)",energy_water,ons_open_data,daily,2024-03-31,71.2117,pct
stored_energy_ear,"Stored energy / EAR (national %)",energy_water,ons_open_data,daily,2024-04-01,71.3951,pct
stored_energy_ear,"Stored energy / EAR (national %)",energy_water,ons_open_data,daily,2024-04-02,71.5627,pct
stored_energy_ear,"Stored energy / EAR (national %)",energy_water,ons_open_data,daily,2024-04-03,71.7107,pct
stored_energy_ear,"Stored energy / EAR (national %)",energy_water,ons_open_data,daily,2024-04-04,71.7896,pct
stored_energy_ear,"Stored energy / EAR (national %)",energy_water,ons_open_data,daily,2024-04-05,71.9083,pct
stored_energy_ear,"Stored energy / EAR (national %)",energy_water,ons_open_data,daily,2024-04-06,72.1409,pct
stored_energy_ear,"Stored energy / EAR (national %)",energy_water,ons_open_data,daily,2024-04-07,72.4004,pct
stored_energy_ear,"Stored energy / EAR (national %)",energy_water,ons_open_data,daily,2024-04-08,72.5415,pct
stored_energy_ear,"Stored energy / EAR (national %)",energy_water,ons_open_data,daily,2024-04-09,72.5867,pct
stored_energy_ear,"Stored energy / EAR (national %)",energy_water,ons_open_data,daily,2024-04-10,72.5889,pct
stored_energy_ear,"Stored energy / EAR (national %)",energy_water,ons_open_data,daily,2024-04-11,72.5773,pct
stored_energy_ear,"Stored energy / EAR (national %)",energy_water,ons_open_data,daily,2024-04-12,72.6470,pct
stored_energy_ear,"Stored energy / EAR (national %)",energy_water,ons_open_data,daily,2024-04-13,72.8465,pct
stored_energy_ear,"Stored energy / EAR (national %)",energy_water,ons_open_data,daily,2024-04-14,73.0908,pct
stored_energy_ear,"Stored energy / EAR (national %)",energy_water,ons_open_data,daily,2024-04-15,73.2517,pct
stored_energy_ear,"Stored energy / EAR (national %)",energy_water,ons_open_data,daily,2024-04-16,73.3940,pct
stored_energy_ear,"Stored energy / EAR (national %)",energy_water,ons_open_data,daily,2024-04-17,73.6317,pct
stored_energy_ear,"Stored energy / EAR (national %)",energy_water,ons_open_data,daily,2024-04-18,73.8604,pct
stored_energy_ear,"Stored energy / EAR (national %)",energy_water,ons_open_data,daily,2024-04-19,74.0424,pct
stored_energy_ear,"Stored energy / EAR (national %)",energy_water,ons_open_data,daily,2024-04-20,74.2576,pct
stored_energy_ear,"Stored energy / EAR (national %)",energy_water,ons_open_data,daily,2024-04-21,74.4734,pct
stored_energy_ear,"Stored energy / EAR (national %)",energy_water,ons_open_data,daily,2024-04-22,74.5870,pct
stored_energy_ear,"Stored energy / EAR (national %)",energy_water,ons_open_data,daily,2024-04-23,74.6116,pct
stored_energy_ear,"Stored energy / EAR (national %)",energy_water,ons_open_data,daily,2024-04-24,74.6587,pct
stored_energy_ear,"Stored energy / EAR (national %)",energy_water,ons_open_data,daily,2024-04-25,74.7034,pct
stored_energy_ear,"Stored energy / EAR (national %)",energy_water,ons_open_data,daily,2024-04-26,74.7228,pct
stored_energy_ear,"Stored energy / EAR (national %)",energy_water,ons_open_data,daily,2024-04-27,74.7598,pct
stored_energy_ear,"Stored energy / EAR (national %)",energy_water,ons_open_data,daily,2024-04-28,74.8373,pct
stored_energy_ear,"Stored energy / EAR (national %)",energy_water,ons_open_data,daily,2024-04-29,74.9118,pct
stored_energy_ear,"Stored energy / EAR (national %)",energy_water,ons_open_data,daily,2024-04-30,74.9800,pct
stored_energy_ear,"Stored energy / EAR (national %)",energy_water,ons_open_data,daily,2024-05-01,75.1573,pct
stored_energy_ear,"Stored energy / EAR (national %)",energy_water,ons_open_data,daily,2024-05-02,75.4275,pct
stored_energy_ear,"Stored energy / EAR (national %)",energy_water,ons_open_data,daily,2024-05-03,75.6400,pct
stored_energy_ear,"Stored energy / EAR (national %)",energy_water,ons_open_data,daily,2024-05-04,75.7995,pct
stored_energy_ear,"Stored energy / EAR (national %)",energy_water,ons_open_data,daily,2024-05-05,75.8392,pct
stored_energy_ear,"Stored energy / EAR (national %)",energy_water,ons_open_data,daily,2024-05-06,75.8357,pct
stored_energy_ear,"Stored energy / EAR (national %)",energy_water,ons_open_data,daily,2024-05-07,75.8013,pct
stored_energy_ear,"Stored energy / EAR (national %)",energy_water,ons_open_data,daily,2024-05-08,75.7407,pct
stored_energy_ear,"Stored energy / EAR (national %)",energy_water,ons_open_data,daily,2024-05-09,75.6542,pct
stored_energy_ear,"Stored energy / EAR (national %)",energy_water,ons_open_data,daily,2024-05-10,75.5993,pct
stored_energy_ear,"Stored energy / EAR (national %)",energy_water,ons_open_data,daily,2024-05-11,75.5850,pct
stored_energy_ear,"Stored energy / EAR (national %)",energy_water,ons_open_data,daily,2024-05-12,75.5597,pct
stored_energy_ear,"Stored energy / EAR (national %)",energy_water,ons_open_data,daily,2024-05-13,75.4211,pct
stored_energy_ear,"Stored energy / EAR (national %)",energy_water,ons_open_data,daily,2024-05-14,75.3448,pct
stored_energy_ear,"Stored energy / EAR (national %)",energy_water,ons_open_data,daily,2024-05-15,75.3235,pct
stored_energy_ear,"Stored energy / EAR (national %)",energy_water,ons_open_data,daily,2024-05-16,75.2561,pct
stored_energy_ear,"Stored energy / EAR (national %)",energy_water,ons_open_data,daily,2024-05-17,75.1450,pct
stored_energy_ear,"Stored energy / EAR (national %)",energy_water,ons_open_data,daily,2024-05-18,75.0859,pct
stored_energy_ear,"Stored energy / EAR (national %)",energy_water,ons_open_data,daily,2024-05-19,75.1509,pct
stored_energy_ear,"Stored energy / EAR (national %)",energy_water,ons_open_data,daily,2024-05-20,75.0994,pct
stored_energy_ear,"Stored energy / EAR (national %)",energy_water,ons_open_data,daily,2024-05-21,75.1136,pct
stored_energy_ear,"Stored energy / EAR (national %)",energy_water,ons_open_data,daily,2024-05-22,75.0265,pct
stored_energy_ear,"Stored energy / EAR (national %)",energy_water,ons_open_data,daily,2024-05-23,74.9793,pct
stored_energy_ear,"Stored energy / EAR (national %)",energy_water,ons_open_data,daily,2024-05-24,75.0226,pct
stored_energy_ear,"Stored energy / EAR (national %)",energy_water,ons_open_data,daily,2024-05-25,75.0342,pct
stored_energy_ear,"Stored energy / EAR (national %)",energy_water,ons_open_data,daily,2024-05-26,75.0863,pct
stored_energy_ear,"Stored energy / EAR (national %)",energy_water,ons_open_data,daily,2024-05-27,75.0349,pct
stored_energy_ear,"Stored energy / EAR (national %)",energy_water,ons_open_data,daily,2024-05-28,74.9733,pct
stored_energy_ear,"Stored energy / EAR (national %)",energy_water,ons_open_data,daily,2024-05-29,74.8814,pct
stored_energy_ear,"Stored energy / EAR (national %)",energy_water,ons_open_data,daily,2024-05-30,74.8889,pct
stored_energy_ear,"Stored energy / EAR (national %)",energy_water,ons_open_data,daily,2024-05-31,74.8751,pct
stored_energy_ear,"Stored energy / EAR (national %)",energy_water,ons_open_data,daily,2024-06-01,74.8274,pct
stored_energy_ear,"Stored energy / EAR (national %)",energy_water,ons_open_data,daily,2024-06-02,74.7757,pct
stored_energy_ear,"Stored energy / EAR (national %)",energy_water,ons_open_data,daily,2024-06-03,74.6158,pct
stored_energy_ear,"Stored energy / EAR (national %)",energy_water,ons_open_data,daily,2024-06-04,74.5026,pct
stored_energy_ear,"Stored energy / EAR (national %)",energy_water,ons_open_data,daily,2024-06-05,74.3852,pct
stored_energy_ear,"Stored energy / EAR (national %)",energy_water,ons_open_data,daily,2024-06-06,74.2907,pct
stored_energy_ear,"Stored energy / EAR (national %)",energy_water,ons_open_data,daily,2024-06-07,74.1672,pct
stored_energy_ear,"Stored energy / EAR (national %)",energy_water,ons_open_data,daily,2024-06-08,74.0891,pct
stored_energy_ear,"Stored energy / EAR (national %)",energy_water,ons_open_data,daily,2024-06-09,73.9958,pct
stored_energy_ear,"Stored energy / EAR (national %)",energy_water,ons_open_data,daily,2024-06-10,73.7858,pct
stored_energy_ear,"Stored energy / EAR (national %)",energy_water,ons_open_data,daily,2024-06-11,73.6066,pct
stored_energy_ear,"Stored energy / EAR (national %)",energy_water,ons_open_data,daily,2024-06-12,73.4199,pct
stored_energy_ear,"Stored energy / EAR (national %)",energy_water,ons_open_data,daily,2024-06-13,73.2439,pct
stored_energy_ear,"Stored energy / EAR (national %)",energy_water,ons_open_data,daily,2024-06-14,73.0445,pct
stored_energy_ear,"Stored energy / EAR (national %)",energy_water,ons_open_data,daily,2024-06-15,72.9015,pct
stored_energy_ear,"Stored energy / EAR (national %)",energy_water,ons_open_data,daily,2024-06-16,72.8173,pct
stored_energy_ear,"Stored energy / EAR (national %)",energy_water,ons_open_data,daily,2024-06-17,72.6147,pct
stored_energy_ear,"Stored energy / EAR (national %)",energy_water,ons_open_data,daily,2024-06-18,72.4666,pct
stored_energy_ear,"Stored energy / EAR (national %)",energy_water,ons_open_data,daily,2024-06-19,72.3163,pct
stored_energy_ear,"Stored energy / EAR (national %)",energy_water,ons_open_data,daily,2024-06-20,72.1803,pct
stored_energy_ear,"Stored energy / EAR (national %)",energy_water,ons_open_data,daily,2024-06-21,72.0385,pct
stored_energy_ear,"Stored energy / EAR (national %)",energy_water,ons_open_data,daily,2024-06-22,71.8740,pct
stored_energy_ear,"Stored energy / EAR (national %)",energy_water,ons_open_data,daily,2024-06-23,71.7336,pct
stored_energy_ear,"Stored energy / EAR (national %)",energy_water,ons_open_data,daily,2024-06-24,71.5043,pct
stored_energy_ear,"Stored energy / EAR (national %)",energy_water,ons_open_data,daily,2024-06-25,71.3192,pct
stored_energy_ear,"Stored energy / EAR (national %)",energy_water,ons_open_data,daily,2024-06-26,71.1560,pct
stored_energy_ear,"Stored energy / EAR (national %)",energy_water,ons_open_data,daily,2024-06-27,70.9646,pct
stored_energy_ear,"Stored energy / EAR (national %)",energy_water,ons_open_data,daily,2024-06-28,70.7533,pct
stored_energy_ear,"Stored energy / EAR (national %)",energy_water,ons_open_data,daily,2024-06-29,70.6371,pct
stored_energy_ear,"Stored energy / EAR (national %)",energy_water,ons_open_data,daily,2024-06-30,70.5899,pct
stored_energy_ear,"Stored energy / EAR (national %)",energy_water,ons_open_data,daily,2024-07-01,70.3904,pct
stored_energy_ear,"Stored energy / EAR (national %)",energy_water,ons_open_data,daily,2024-07-02,70.2232,pct
stored_energy_ear,"Stored energy / EAR (national %)",energy_water,ons_open_data,daily,2024-07-03,70.0035,pct
stored_energy_ear,"Stored energy / EAR (national %)",energy_water,ons_open_data,daily,2024-07-04,69.7825,pct
stored_energy_ear,"Stored energy / EAR (national %)",energy_water,ons_open_data,daily,2024-07-05,69.4640,pct
stored_energy_ear,"Stored energy / EAR (national %)",energy_water,ons_open_data,daily,2024-07-06,69.2402,pct
stored_energy_ear,"Stored energy / EAR (national %)",energy_water,ons_open_data,daily,2024-07-07,69.2050,pct
stored_energy_ear,"Stored energy / EAR (national %)",energy_water,ons_open_data,daily,2024-07-08,68.9905,pct
stored_energy_ear,"Stored energy / EAR (national %)",energy_water,ons_open_data,daily,2024-07-09,68.7699,pct
stored_energy_ear,"Stored energy / EAR (national %)",energy_water,ons_open_data,daily,2024-07-10,68.5409,pct
stored_energy_ear,"Stored energy / EAR (national %)",energy_water,ons_open_data,daily,2024-07-11,68.3913,pct
stored_energy_ear,"Stored energy / EAR (national %)",energy_water,ons_open_data,daily,2024-07-12,68.2418,pct
stored_energy_ear,"Stored energy / EAR (national %)",energy_water,ons_open_data,daily,2024-07-13,68.1821,pct
stored_energy_ear,"Stored energy / EAR (national %)",energy_water,ons_open_data,daily,2024-07-14,68.2192,pct
stored_energy_ear,"Stored energy / EAR (national %)",energy_water,ons_open_data,daily,2024-07-15,68.1275,pct
stored_energy_ear,"Stored energy / EAR (national %)",energy_water,ons_open_data,daily,2024-07-16,68.0261,pct
stored_energy_ear,"Stored energy / EAR (national %)",energy_water,ons_open_data,daily,2024-07-17,67.8835,pct
stored_energy_ear,"Stored energy / EAR (national %)",energy_water,ons_open_data,daily,2024-07-18,67.7264,pct
stored_energy_ear,"Stored energy / EAR (national %)",energy_water,ons_open_data,daily,2024-07-19,67.5819,pct
stored_energy_ear,"Stored energy / EAR (national %)",energy_water,ons_open_data,daily,2024-07-20,67.4867,pct
stored_energy_ear,"Stored energy / EAR (national %)",energy_water,ons_open_data,daily,2024-07-21,67.4418,pct
stored_energy_ear,"Stored energy / EAR (national %)",energy_water,ons_open_data,daily,2024-07-22,67.2907,pct
stored_energy_ear,"Stored energy / EAR (national %)",energy_water,ons_open_data,daily,2024-07-23,67.1465,pct
stored_energy_ear,"Stored energy / EAR (national %)",energy_water,ons_open_data,daily,2024-07-24,67.0046,pct
stored_energy_ear,"Stored energy / EAR (national %)",energy_water,ons_open_data,daily,2024-07-25,66.8256,pct
stored_energy_ear,"Stored energy / EAR (national %)",energy_water,ons_open_data,daily,2024-07-26,66.6859,pct
stored_energy_ear,"Stored energy / EAR (national %)",energy_water,ons_open_data,daily,2024-07-27,66.5150,pct
stored_energy_ear,"Stored energy / EAR (national %)",energy_water,ons_open_data,daily,2024-07-28,66.4184,pct
stored_energy_ear,"Stored energy / EAR (national %)",energy_water,ons_open_data,daily,2024-07-29,66.1993,pct
stored_energy_ear,"Stored energy / EAR (national %)",energy_water,ons_open_data,daily,2024-07-30,65.9514,pct
stored_energy_ear,"Stored energy / EAR (national %)",energy_water,ons_open_data,daily,2024-07-31,65.7384,pct
stored_energy_ear,"Stored energy / EAR (national %)",energy_water,ons_open_data,daily,2024-08-01,65.5133,pct
stored_energy_ear,"Stored energy / EAR (national %)",energy_water,ons_open_data,daily,2024-08-02,65.2863,pct
stored_energy_ear,"Stored energy / EAR (national %)",energy_water,ons_open_data,daily,2024-08-03,65.0952,pct
stored_energy_ear,"Stored energy / EAR (national %)",energy_water,ons_open_data,daily,2024-08-04,64.9633,pct
stored_energy_ear,"Stored energy / EAR (national %)",energy_water,ons_open_data,daily,2024-08-05,64.7251,pct
stored_energy_ear,"Stored energy / EAR (national %)",energy_water,ons_open_data,daily,2024-08-06,64.4862,pct
stored_energy_ear,"Stored energy / EAR (national %)",energy_water,ons_open_data,daily,2024-08-07,64.2334,pct
stored_energy_ear,"Stored energy / EAR (national %)",energy_water,ons_open_data,daily,2024-08-08,63.9730,pct
stored_energy_ear,"Stored energy / EAR (national %)",energy_water,ons_open_data,daily,2024-08-09,63.7150,pct
stored_energy_ear,"Stored energy / EAR (national %)",energy_water,ons_open_data,daily,2024-08-10,63.4966,pct
stored_energy_ear,"Stored energy / EAR (national %)",energy_water,ons_open_data,daily,2024-08-11,63.3199,pct
stored_energy_ear,"Stored energy / EAR (national %)",energy_water,ons_open_data,daily,2024-08-12,63.0363,pct
stored_energy_ear,"Stored energy / EAR (national %)",energy_water,ons_open_data,daily,2024-08-13,62.7404,pct
stored_energy_ear,"Stored energy / EAR (national %)",energy_water,ons_open_data,daily,2024-08-14,62.4994,pct
stored_energy_ear,"Stored energy / EAR (national %)",energy_water,ons_open_data,daily,2024-08-15,62.2130,pct
stored_energy_ear,"Stored energy / EAR (national %)",energy_water,ons_open_data,daily,2024-08-16,61.9279,pct
stored_energy_ear,"Stored energy / EAR (national %)",energy_water,ons_open_data,daily,2024-08-17,61.6781,pct
stored_energy_ear,"Stored energy / EAR (national %)",energy_water,ons_open_data,daily,2024-08-18,61.4576,pct
stored_energy_ear,"Stored energy / EAR (national %)",energy_water,ons_open_data,daily,2024-08-19,61.1543,pct
stored_energy_ear,"Stored energy / EAR (national %)",energy_water,ons_open_data,daily,2024-08-20,60.8478,pct
stored_energy_ear,"Stored energy / EAR (national %)",energy_water,ons_open_data,daily,2024-08-21,60.5678,pct
stored_energy_ear,"Stored energy / EAR (national %)",energy_water,ons_open_data,daily,2024-08-22,60.2437,pct
stored_energy_ear,"Stored energy / EAR (national %)",energy_water,ons_open_data,daily,2024-08-23,59.9034,pct
stored_energy_ear,"Stored energy / EAR (national %)",energy_water,ons_open_data,daily,2024-08-24,59.6026,pct
stored_energy_ear,"Stored energy / EAR (national %)",energy_water,ons_open_data,daily,2024-08-25,59.4179,pct
stored_energy_ear,"Stored energy / EAR (national %)",energy_water,ons_open_data,daily,2024-08-26,59.1218,pct
stored_energy_ear,"Stored energy / EAR (national %)",energy_water,ons_open_data,daily,2024-08-27,58.8434,pct
stored_energy_ear,"Stored energy / EAR (national %)",energy_water,ons_open_data,daily,2024-08-28,58.5535,pct
stored_energy_ear,"Stored energy / EAR (national %)",energy_water,ons_open_data,daily,2024-08-29,58.2661,pct
stored_energy_ear,"Stored energy / EAR (national %)",energy_water,ons_open_data,daily,2024-08-30,57.9707,pct
stored_energy_ear,"Stored energy / EAR (national %)",energy_water,ons_open_data,daily,2024-08-31,57.7206,pct
stored_energy_ear,"Stored energy / EAR (national %)",energy_water,ons_open_data,daily,2024-09-01,57.5041,pct
stored_energy_ear,"Stored energy / EAR (national %)",energy_water,ons_open_data,daily,2024-09-02,57.1724,pct
stored_energy_ear,"Stored energy / EAR (national %)",energy_water,ons_open_data,daily,2024-09-03,56.7982,pct
stored_energy_ear,"Stored energy / EAR (national %)",energy_water,ons_open_data,daily,2024-09-04,56.4362,pct
stored_energy_ear,"Stored energy / EAR (national %)",energy_water,ons_open_data,daily,2024-09-05,56.1205,pct
stored_energy_ear,"Stored energy / EAR (national %)",energy_water,ons_open_data,daily,2024-09-06,55.8374,pct
stored_energy_ear,"Stored energy / EAR (national %)",energy_water,ons_open_data,daily,2024-09-07,55.6108,pct
stored_energy_ear,"Stored energy / EAR (national %)",energy_water,ons_open_data,daily,2024-09-08,55.3279,pct
stored_energy_ear,"Stored energy / EAR (national %)",energy_water,ons_open_data,daily,2024-09-09,54.9148,pct
stored_energy_ear,"Stored energy / EAR (national %)",energy_water,ons_open_data,daily,2024-09-10,54.5492,pct
stored_energy_ear,"Stored energy / EAR (national %)",energy_water,ons_open_data,daily,2024-09-11,54.1878,pct
stored_energy_ear,"Stored energy / EAR (national %)",energy_water,ons_open_data,daily,2024-09-12,53.8062,pct
stored_energy_ear,"Stored energy / EAR (national %)",energy_water,ons_open_data,daily,2024-09-13,53.4084,pct
stored_energy_ear,"Stored energy / EAR (national %)",energy_water,ons_open_data,daily,2024-09-14,53.1969,pct
stored_energy_ear,"Stored energy / EAR (national %)",energy_water,ons_open_data,daily,2024-09-15,53.0128,pct
stored_energy_ear,"Stored energy / EAR (national %)",energy_water,ons_open_data,daily,2024-09-16,52.7168,pct
stored_energy_ear,"Stored energy / EAR (national %)",energy_water,ons_open_data,daily,2024-09-17,52.4803,pct
stored_energy_ear,"Stored energy / EAR (national %)",energy_water,ons_open_data,daily,2024-09-18,52.1577,pct
stored_energy_ear,"Stored energy / EAR (national %)",energy_water,ons_open_data,daily,2024-09-19,51.8718,pct
stored_energy_ear,"Stored energy / EAR (national %)",energy_water,ons_open_data,daily,2024-09-20,51.5745,pct
stored_energy_ear,"Stored energy / EAR (national %)",energy_water,ons_open_data,daily,2024-09-21,51.4741,pct
stored_energy_ear,"Stored energy / EAR (national %)",energy_water,ons_open_data,daily,2024-09-22,51.3435,pct
stored_energy_ear,"Stored energy / EAR (national %)",energy_water,ons_open_data,daily,2024-09-23,51.0333,pct
stored_energy_ear,"Stored energy / EAR (national %)",energy_water,ons_open_data,daily,2024-09-24,50.7160,pct
stored_energy_ear,"Stored energy / EAR (national %)",energy_water,ons_open_data,daily,2024-09-25,50.4071,pct
stored_energy_ear,"Stored energy / EAR (national %)",energy_water,ons_open_data,daily,2024-09-26,50.0676,pct
stored_energy_ear,"Stored energy / EAR (national %)",energy_water,ons_open_data,daily,2024-09-27,49.7602,pct
stored_energy_ear,"Stored energy / EAR (national %)",energy_water,ons_open_data,daily,2024-09-28,49.5794,pct
stored_energy_ear,"Stored energy / EAR (national %)",energy_water,ons_open_data,daily,2024-09-29,49.4323,pct
stored_energy_ear,"Stored energy / EAR (national %)",energy_water,ons_open_data,daily,2024-09-30,49.1150,pct
stored_energy_ear,"Stored energy / EAR (national %)",energy_water,ons_open_data,daily,2024-10-01,48.7199,pct
stored_energy_ear,"Stored energy / EAR (national %)",energy_water,ons_open_data,daily,2024-10-02,48.3796,pct
stored_energy_ear,"Stored energy / EAR (national %)",energy_water,ons_open_data,daily,2024-10-03,48.1686,pct
stored_energy_ear,"Stored energy / EAR (national %)",energy_water,ons_open_data,daily,2024-10-04,47.9597,pct
stored_energy_ear,"Stored energy / EAR (national %)",energy_water,ons_open_data,daily,2024-10-05,47.7837,pct
stored_energy_ear,"Stored energy / EAR (national %)",energy_water,ons_open_data,daily,2024-10-06,47.6438,pct
stored_energy_ear,"Stored energy / EAR (national %)",energy_water,ons_open_data,daily,2024-10-07,47.3574,pct
stored_energy_ear,"Stored energy / EAR (national %)",energy_water,ons_open_data,daily,2024-10-08,46.9580,pct
stored_energy_ear,"Stored energy / EAR (national %)",energy_water,ons_open_data,daily,2024-10-09,46.5720,pct
stored_energy_ear,"Stored energy / EAR (national %)",energy_water,ons_open_data,daily,2024-10-10,46.3112,pct
stored_energy_ear,"Stored energy / EAR (national %)",energy_water,ons_open_data,daily,2024-10-11,46.2745,pct
stored_energy_ear,"Stored energy / EAR (national %)",energy_water,ons_open_data,daily,2024-10-12,46.2790,pct
stored_energy_ear,"Stored energy / EAR (national %)",energy_water,ons_open_data,daily,2024-10-13,46.3063,pct
stored_energy_ear,"Stored energy / EAR (national %)",energy_water,ons_open_data,daily,2024-10-14,46.1814,pct
stored_energy_ear,"Stored energy / EAR (national %)",energy_water,ons_open_data,daily,2024-10-15,45.9612,pct
stored_energy_ear,"Stored energy / EAR (national %)",energy_water,ons_open_data,daily,2024-10-16,45.7370,pct
stored_energy_ear,"Stored energy / EAR (national %)",energy_water,ons_open_data,daily,2024-10-17,45.4344,pct
stored_energy_ear,"Stored energy / EAR (national %)",energy_water,ons_open_data,daily,2024-10-18,45.1309,pct
stored_energy_ear,"Stored energy / EAR (national %)",energy_water,ons_open_data,daily,2024-10-19,45.0456,pct
stored_energy_ear,"Stored energy / EAR (national %)",energy_water,ons_open_data,daily,2024-10-20,45.0250,pct
stored_energy_ear,"Stored energy / EAR (national %)",energy_water,ons_open_data,daily,2024-10-21,44.9049,pct
stored_energy_ear,"Stored energy / EAR (national %)",energy_water,ons_open_data,daily,2024-10-22,44.7307,pct
stored_energy_ear,"Stored energy / EAR (national %)",energy_water,ons_open_data,daily,2024-10-23,44.5554,pct
stored_energy_ear,"Stored energy / EAR (national %)",energy_water,ons_open_data,daily,2024-10-24,44.4830,pct
stored_energy_ear,"Stored energy / EAR (national %)",energy_water,ons_open_data,daily,2024-10-25,44.4629,pct
stored_energy_ear,"Stored energy / EAR (national %)",energy_water,ons_open_data,daily,2024-10-26,44.4520,pct
stored_energy_ear,"Stored energy / EAR (national %)",energy_water,ons_open_data,daily,2024-10-27,44.4761,pct
stored_energy_ear,"Stored energy / EAR (national %)",energy_water,ons_open_data,daily,2024-10-28,44.4336,pct
stored_energy_ear,"Stored energy / EAR (national %)",energy_water,ons_open_data,daily,2024-10-29,44.3168,pct
stored_energy_ear,"Stored energy / EAR (national %)",energy_water,ons_open_data,daily,2024-10-30,44.2006,pct
stored_energy_ear,"Stored energy / EAR (national %)",energy_water,ons_open_data,daily,2024-10-31,44.0560,pct
stored_energy_ear,"Stored energy / EAR (national %)",energy_water,ons_open_data,daily,2024-11-01,43.8843,pct
stored_energy_ear,"Stored energy / EAR (national %)",energy_water,ons_open_data,daily,2024-11-02,43.8447,pct
stored_energy_ear,"Stored energy / EAR (national %)",energy_water,ons_open_data,daily,2024-11-03,43.8685,pct
stored_energy_ear,"Stored energy / EAR (national %)",energy_water,ons_open_data,daily,2024-11-04,43.7754,pct
stored_energy_ear,"Stored energy / EAR (national %)",energy_water,ons_open_data,daily,2024-11-05,43.7354,pct
stored_energy_ear,"Stored energy / EAR (national %)",energy_water,ons_open_data,daily,2024-11-06,43.6867,pct
stored_energy_ear,"Stored energy / EAR (national %)",energy_water,ons_open_data,daily,2024-11-07,43.7622,pct
stored_energy_ear,"Stored energy / EAR (national %)",energy_water,ons_open_data,daily,2024-11-08,43.9279,pct
stored_energy_ear,"Stored energy / EAR (national %)",energy_water,ons_open_data,daily,2024-11-09,44.2398,pct
stored_energy_ear,"Stored energy / EAR (national %)",energy_water,ons_open_data,daily,2024-11-10,44.5452,pct
stored_energy_ear,"Stored energy / EAR (national %)",energy_water,ons_open_data,daily,2024-11-11,44.6037,pct
stored_energy_ear,"Stored energy / EAR (national %)",energy_water,ons_open_data,daily,2024-11-12,44.5463,pct
stored_energy_ear,"Stored energy / EAR (national %)",energy_water,ons_open_data,daily,2024-11-13,44.6613,pct
stored_energy_ear,"Stored energy / EAR (national %)",energy_water,ons_open_data,daily,2024-11-14,44.7135,pct
stored_energy_ear,"Stored energy / EAR (national %)",energy_water,ons_open_data,daily,2024-11-15,44.8749,pct
stored_energy_ear,"Stored energy / EAR (national %)",energy_water,ons_open_data,daily,2024-11-16,45.0641,pct
stored_energy_ear,"Stored energy / EAR (national %)",energy_water,ons_open_data,daily,2024-11-17,45.2584,pct
stored_energy_ear,"Stored energy / EAR (national %)",energy_water,ons_open_data,daily,2024-11-18,45.3464,pct
stored_energy_ear,"Stored energy / EAR (national %)",energy_water,ons_open_data,daily,2024-11-19,45.3685,pct
stored_energy_ear,"Stored energy / EAR (national %)",energy_water,ons_open_data,daily,2024-11-20,45.3913,pct
stored_energy_ear,"Stored energy / EAR (national %)",energy_water,ons_open_data,daily,2024-11-21,45.3308,pct
stored_energy_ear,"Stored energy / EAR (national %)",energy_water,ons_open_data,daily,2024-11-22,45.2029,pct
stored_energy_ear,"Stored energy / EAR (national %)",energy_water,ons_open_data,daily,2024-11-23,45.1898,pct
stored_energy_ear,"Stored energy / EAR (national %)",energy_water,ons_open_data,daily,2024-11-24,45.2371,pct
stored_energy_ear,"Stored energy / EAR (national %)",energy_water,ons_open_data,daily,2024-11-25,45.0952,pct
stored_energy_ear,"Stored energy / EAR (national %)",energy_water,ons_open_data,daily,2024-11-26,44.9788,pct
stored_energy_ear,"Stored energy / EAR (national %)",energy_water,ons_open_data,daily,2024-11-27,44.7966,pct
stored_energy_ear,"Stored energy / EAR (national %)",energy_water,ons_open_data,daily,2024-11-28,44.6803,pct
stored_energy_ear,"Stored energy / EAR (national %)",energy_water,ons_open_data,daily,2024-11-29,44.5806,pct
stored_energy_ear,"Stored energy / EAR (national %)",energy_water,ons_open_data,daily,2024-11-30,44.6265,pct
stored_energy_ear,"Stored energy / EAR (national %)",energy_water,ons_open_data,daily,2024-12-01,44.6497,pct
stored_energy_ear,"Stored energy / EAR (national %)",energy_water,ons_open_data,daily,2024-12-02,44.5035,pct
stored_energy_ear,"Stored energy / EAR (national %)",energy_water,ons_open_data,daily,2024-12-03,44.4515,pct
stored_energy_ear,"Stored energy / EAR (national %)",energy_water,ons_open_data,daily,2024-12-04,44.5377,pct
stored_energy_ear,"Stored energy / EAR (national %)",energy_water,ons_open_data,daily,2024-12-05,44.7052,pct
stored_energy_ear,"Stored energy / EAR (national %)",energy_water,ons_open_data,daily,2024-12-06,44.7382,pct
stored_energy_ear,"Stored energy / EAR (national %)",energy_water,ons_open_data,daily,2024-12-07,44.9350,pct
stored_energy_ear,"Stored energy / EAR (national %)",energy_water,ons_open_data,daily,2024-12-08,45.2387,pct
stored_energy_ear,"Stored energy / EAR (national %)",energy_water,ons_open_data,daily,2024-12-09,45.4916,pct
stored_energy_ear,"Stored energy / EAR (national %)",energy_water,ons_open_data,daily,2024-12-10,45.7752,pct
stored_energy_ear,"Stored energy / EAR (national %)",energy_water,ons_open_data,daily,2024-12-11,46.0075,pct
stored_energy_ear,"Stored energy / EAR (national %)",energy_water,ons_open_data,daily,2024-12-12,46.2445,pct
stored_energy_ear,"Stored energy / EAR (national %)",energy_water,ons_open_data,daily,2024-12-13,46.4346,pct
stored_energy_ear,"Stored energy / EAR (national %)",energy_water,ons_open_data,daily,2024-12-14,46.6538,pct
stored_energy_ear,"Stored energy / EAR (national %)",energy_water,ons_open_data,daily,2024-12-15,46.9423,pct
stored_energy_ear,"Stored energy / EAR (national %)",energy_water,ons_open_data,daily,2024-12-16,47.1977,pct
stored_energy_ear,"Stored energy / EAR (national %)",energy_water,ons_open_data,daily,2024-12-17,47.4349,pct
stored_energy_ear,"Stored energy / EAR (national %)",energy_water,ons_open_data,daily,2024-12-18,47.6302,pct
stored_energy_ear,"Stored energy / EAR (national %)",energy_water,ons_open_data,daily,2024-12-19,47.7854,pct
stored_energy_ear,"Stored energy / EAR (national %)",energy_water,ons_open_data,daily,2024-12-20,47.9795,pct
stored_energy_ear,"Stored energy / EAR (national %)",energy_water,ons_open_data,daily,2024-12-21,48.2380,pct
stored_energy_ear,"Stored energy / EAR (national %)",energy_water,ons_open_data,daily,2024-12-22,48.5483,pct
stored_energy_ear,"Stored energy / EAR (national %)",energy_water,ons_open_data,daily,2024-12-23,48.8715,pct
stored_energy_ear,"Stored energy / EAR (national %)",energy_water,ons_open_data,daily,2024-12-24,49.1771,pct
stored_energy_ear,"Stored energy / EAR (national %)",energy_water,ons_open_data,daily,2024-12-25,49.6106,pct
stored_energy_ear,"Stored energy / EAR (national %)",energy_water,ons_open_data,daily,2024-12-26,50.0211,pct
stored_energy_ear,"Stored energy / EAR (national %)",energy_water,ons_open_data,daily,2024-12-27,50.6216,pct
stored_energy_ear,"Stored energy / EAR (national %)",energy_water,ons_open_data,daily,2024-12-28,51.1825,pct
stored_energy_ear,"Stored energy / EAR (national %)",energy_water,ons_open_data,daily,2024-12-29,51.7874,pct
stored_energy_ear,"Stored energy / EAR (national %)",energy_water,ons_open_data,daily,2024-12-30,52.3140,pct
stored_energy_ear,"Stored energy / EAR (national %)",energy_water,ons_open_data,daily,2024-12-31,52.8647,pct
stored_energy_ear,"Stored energy / EAR (national %)",energy_water,ons_open_data,daily,2025-01-01,53.4570,pct
stored_energy_ear,"Stored energy / EAR (national %)",energy_water,ons_open_data,daily,2025-01-02,53.9612,pct
stored_energy_ear,"Stored energy / EAR (national %)",energy_water,ons_open_data,daily,2025-01-03,54.4023,pct
stored_energy_ear,"Stored energy / EAR (national %)",energy_water,ons_open_data,daily,2025-01-04,54.8462,pct
stored_energy_ear,"Stored energy / EAR (national %)",energy_water,ons_open_data,daily,2025-01-05,55.2426,pct
stored_energy_ear,"Stored energy / EAR (national %)",energy_water,ons_open_data,daily,2025-01-06,55.5013,pct
stored_energy_ear,"Stored energy / EAR (national %)",energy_water,ons_open_data,daily,2025-01-07,55.7968,pct
stored_energy_ear,"Stored energy / EAR (national %)",energy_water,ons_open_data,daily,2025-01-08,56.0444,pct
stored_energy_ear,"Stored energy / EAR (national %)",energy_water,ons_open_data,daily,2025-01-09,56.3765,pct
stored_energy_ear,"Stored energy / EAR (national %)",energy_water,ons_open_data,daily,2025-01-10,56.6546,pct
stored_energy_ear,"Stored energy / EAR (national %)",energy_water,ons_open_data,daily,2025-01-11,56.9293,pct
stored_energy_ear,"Stored energy / EAR (national %)",energy_water,ons_open_data,daily,2025-01-12,57.3459,pct
stored_energy_ear,"Stored energy / EAR (national %)",energy_water,ons_open_data,daily,2025-01-13,57.6793,pct
stored_energy_ear,"Stored energy / EAR (national %)",energy_water,ons_open_data,daily,2025-01-14,58.1315,pct
stored_energy_ear,"Stored energy / EAR (national %)",energy_water,ons_open_data,daily,2025-01-15,58.6740,pct
stored_energy_ear,"Stored energy / EAR (national %)",energy_water,ons_open_data,daily,2025-01-16,59.1669,pct
stored_energy_ear,"Stored energy / EAR (national %)",energy_water,ons_open_data,daily,2025-01-17,59.6379,pct
stored_energy_ear,"Stored energy / EAR (national %)",energy_water,ons_open_data,daily,2025-01-18,60.1211,pct
stored_energy_ear,"Stored energy / EAR (national %)",energy_water,ons_open_data,daily,2025-01-19,60.5671,pct
stored_energy_ear,"Stored energy / EAR (national %)",energy_water,ons_open_data,daily,2025-01-20,60.8526,pct
stored_energy_ear,"Stored energy / EAR (national %)",energy_water,ons_open_data,daily,2025-01-21,61.1008,pct
stored_energy_ear,"Stored energy / EAR (national %)",energy_water,ons_open_data,daily,2025-01-22,61.3133,pct
stored_energy_ear,"Stored energy / EAR (national %)",energy_water,ons_open_data,daily,2025-01-23,61.5648,pct
stored_energy_ear,"Stored energy / EAR (national %)",energy_water,ons_open_data,daily,2025-01-24,61.7800,pct
stored_energy_ear,"Stored energy / EAR (national %)",energy_water,ons_open_data,daily,2025-01-25,62.0898,pct
stored_energy_ear,"Stored energy / EAR (national %)",energy_water,ons_open_data,daily,2025-01-26,62.4644,pct
stored_energy_ear,"Stored energy / EAR (national %)",energy_water,ons_open_data,daily,2025-01-27,62.7094,pct
stored_energy_ear,"Stored energy / EAR (national %)",energy_water,ons_open_data,daily,2025-01-28,62.9327,pct
stored_energy_ear,"Stored energy / EAR (national %)",energy_water,ons_open_data,daily,2025-01-29,63.2670,pct
stored_energy_ear,"Stored energy / EAR (national %)",energy_water,ons_open_data,daily,2025-01-30,63.7312,pct
stored_energy_ear,"Stored energy / EAR (national %)",energy_water,ons_open_data,daily,2025-01-31,64.2779,pct
stored_energy_ear,"Stored energy / EAR (national %)",energy_water,ons_open_data,daily,2025-02-01,64.9652,pct
stored_energy_ear,"Stored energy / EAR (national %)",energy_water,ons_open_data,daily,2025-02-02,65.8020,pct
stored_energy_ear,"Stored energy / EAR (national %)",energy_water,ons_open_data,daily,2025-02-03,66.5500,pct
stored_energy_ear,"Stored energy / EAR (national %)",energy_water,ons_open_data,daily,2025-02-04,67.2001,pct
stored_energy_ear,"Stored energy / EAR (national %)",energy_water,ons_open_data,daily,2025-02-05,67.7916,pct
stored_energy_ear,"Stored energy / EAR (national %)",energy_water,ons_open_data,daily,2025-02-06,68.3006,pct
stored_energy_ear,"Stored energy / EAR (national %)",energy_water,ons_open_data,daily,2025-02-07,68.6784,pct
stored_energy_ear,"Stored energy / EAR (national %)",energy_water,ons_open_data,daily,2025-02-08,69.1163,pct
stored_energy_ear,"Stored energy / EAR (national %)",energy_water,ons_open_data,daily,2025-02-09,69.4610,pct
stored_energy_ear,"Stored energy / EAR (national %)",energy_water,ons_open_data,daily,2025-02-10,69.6335,pct
stored_energy_ear,"Stored energy / EAR (national %)",energy_water,ons_open_data,daily,2025-02-11,69.7812,pct
stored_energy_ear,"Stored energy / EAR (national %)",energy_water,ons_open_data,daily,2025-02-12,69.8226,pct
stored_energy_ear,"Stored energy / EAR (national %)",energy_water,ons_open_data,daily,2025-02-13,69.8725,pct
stored_energy_ear,"Stored energy / EAR (national %)",energy_water,ons_open_data,daily,2025-02-14,70.0368,pct
stored_energy_ear,"Stored energy / EAR (national %)",energy_water,ons_open_data,daily,2025-02-15,70.2741,pct
stored_energy_ear,"Stored energy / EAR (national %)",energy_water,ons_open_data,daily,2025-02-16,70.5076,pct
stored_energy_ear,"Stored energy / EAR (national %)",energy_water,ons_open_data,daily,2025-02-17,70.6220,pct
stored_energy_ear,"Stored energy / EAR (national %)",energy_water,ons_open_data,daily,2025-02-18,70.7245,pct
stored_energy_ear,"Stored energy / EAR (national %)",energy_water,ons_open_data,daily,2025-02-19,70.8463,pct
stored_energy_ear,"Stored energy / EAR (national %)",energy_water,ons_open_data,daily,2025-02-20,70.8828,pct
stored_energy_ear,"Stored energy / EAR (national %)",energy_water,ons_open_data,daily,2025-02-21,70.9052,pct
stored_energy_ear,"Stored energy / EAR (national %)",energy_water,ons_open_data,daily,2025-02-22,71.0601,pct
stored_energy_ear,"Stored energy / EAR (national %)",energy_water,ons_open_data,daily,2025-02-23,71.2341,pct
stored_energy_ear,"Stored energy / EAR (national %)",energy_water,ons_open_data,daily,2025-02-24,71.1761,pct
stored_energy_ear,"Stored energy / EAR (national %)",energy_water,ons_open_data,daily,2025-02-25,71.1089,pct
stored_energy_ear,"Stored energy / EAR (national %)",energy_water,ons_open_data,daily,2025-02-26,71.0469,pct
stored_energy_ear,"Stored energy / EAR (national %)",energy_water,ons_open_data,daily,2025-02-27,71.0382,pct
stored_energy_ear,"Stored energy / EAR (national %)",energy_water,ons_open_data,daily,2025-02-28,70.9457,pct
stored_energy_ear,"Stored energy / EAR (national %)",energy_water,ons_open_data,daily,2025-03-01,70.9822,pct
stored_energy_ear,"Stored energy / EAR (national %)",energy_water,ons_open_data,daily,2025-03-02,71.0214,pct
stored_energy_ear,"Stored energy / EAR (national %)",energy_water,ons_open_data,daily,2025-03-03,71.0024,pct
stored_energy_ear,"Stored energy / EAR (national %)",energy_water,ons_open_data,daily,2025-03-04,70.9616,pct
stored_energy_ear,"Stored energy / EAR (national %)",energy_water,ons_open_data,daily,2025-03-05,70.8340,pct
stored_energy_ear,"Stored energy / EAR (national %)",energy_water,ons_open_data,daily,2025-03-06,70.7093,pct
stored_energy_ear,"Stored energy / EAR (national %)",energy_water,ons_open_data,daily,2025-03-07,70.4983,pct
stored_energy_ear,"Stored energy / EAR (national %)",energy_water,ons_open_data,daily,2025-03-08,70.4013,pct
stored_energy_ear,"Stored energy / EAR (national %)",energy_water,ons_open_data,daily,2025-03-09,70.3148,pct
stored_energy_ear,"Stored energy / EAR (national %)",energy_water,ons_open_data,daily,2025-03-10,70.0886,pct
stored_energy_ear,"Stored energy / EAR (national %)",energy_water,ons_open_data,daily,2025-03-11,69.9110,pct
stored_energy_ear,"Stored energy / EAR (national %)",energy_water,ons_open_data,daily,2025-03-12,69.7838,pct
stored_energy_ear,"Stored energy / EAR (national %)",energy_water,ons_open_data,daily,2025-03-13,69.6452,pct
stored_energy_ear,"Stored energy / EAR (national %)",energy_water,ons_open_data,daily,2025-03-14,69.4638,pct
stored_energy_ear,"Stored energy / EAR (national %)",energy_water,ons_open_data,daily,2025-03-15,69.4351,pct
stored_energy_ear,"Stored energy / EAR (national %)",energy_water,ons_open_data,daily,2025-03-16,69.4506,pct
stored_energy_ear,"Stored energy / EAR (national %)",energy_water,ons_open_data,daily,2025-03-17,69.3705,pct
stored_energy_ear,"Stored energy / EAR (national %)",energy_water,ons_open_data,daily,2025-03-18,69.2784,pct
stored_energy_ear,"Stored energy / EAR (national %)",energy_water,ons_open_data,daily,2025-03-19,69.2757,pct
stored_energy_ear,"Stored energy / EAR (national %)",energy_water,ons_open_data,daily,2025-03-20,69.2187,pct
stored_energy_ear,"Stored energy / EAR (national %)",energy_water,ons_open_data,daily,2025-03-21,69.1596,pct
stored_energy_ear,"Stored energy / EAR (national %)",energy_water,ons_open_data,daily,2025-03-22,69.1915,pct
stored_energy_ear,"Stored energy / EAR (national %)",energy_water,ons_open_data,daily,2025-03-23,69.2437,pct
stored_energy_ear,"Stored energy / EAR (national %)",energy_water,ons_open_data,daily,2025-03-24,69.2229,pct
stored_energy_ear,"Stored energy / EAR (national %)",energy_water,ons_open_data,daily,2025-03-25,69.2395,pct
stored_energy_ear,"Stored energy / EAR (national %)",energy_water,ons_open_data,daily,2025-03-26,69.2894,pct
stored_energy_ear,"Stored energy / EAR (national %)",energy_water,ons_open_data,daily,2025-03-27,69.3189,pct
stored_energy_ear,"Stored energy / EAR (national %)",energy_water,ons_open_data,daily,2025-03-28,69.3188,pct
stored_energy_ear,"Stored energy / EAR (national %)",energy_water,ons_open_data,daily,2025-03-29,69.3851,pct
stored_energy_ear,"Stored energy / EAR (national %)",energy_water,ons_open_data,daily,2025-03-30,69.4922,pct
stored_energy_ear,"Stored energy / EAR (national %)",energy_water,ons_open_data,daily,2025-03-31,69.5013,pct
stored_energy_ear,"Stored energy / EAR (national %)",energy_water,ons_open_data,daily,2025-04-01,69.5248,pct
stored_energy_ear,"Stored energy / EAR (national %)",energy_water,ons_open_data,daily,2025-04-02,69.4097,pct
stored_energy_ear,"Stored energy / EAR (national %)",energy_water,ons_open_data,daily,2025-04-03,69.3275,pct
stored_energy_ear,"Stored energy / EAR (national %)",energy_water,ons_open_data,daily,2025-04-04,69.3259,pct
stored_energy_ear,"Stored energy / EAR (national %)",energy_water,ons_open_data,daily,2025-04-05,69.4486,pct
stored_energy_ear,"Stored energy / EAR (national %)",energy_water,ons_open_data,daily,2025-04-06,69.5463,pct
stored_energy_ear,"Stored energy / EAR (national %)",energy_water,ons_open_data,daily,2025-04-07,69.5182,pct
stored_energy_ear,"Stored energy / EAR (national %)",energy_water,ons_open_data,daily,2025-04-08,69.4615,pct
stored_energy_ear,"Stored energy / EAR (national %)",energy_water,ons_open_data,daily,2025-04-09,69.4554,pct
stored_energy_ear,"Stored energy / EAR (national %)",energy_water,ons_open_data,daily,2025-04-10,69.4272,pct
stored_energy_ear,"Stored energy / EAR (national %)",energy_water,ons_open_data,daily,2025-04-11,69.3777,pct
stored_energy_ear,"Stored energy / EAR (national %)",energy_water,ons_open_data,daily,2025-04-12,69.4045,pct
stored_energy_ear,"Stored energy / EAR (national %)",energy_water,ons_open_data,daily,2025-04-13,69.5381,pct
stored_energy_ear,"Stored energy / EAR (national %)",energy_water,ons_open_data,daily,2025-04-14,69.5706,pct
stored_energy_ear,"Stored energy / EAR (national %)",energy_water,ons_open_data,daily,2025-04-15,69.5738,pct
stored_energy_ear,"Stored energy / EAR (national %)",energy_water,ons_open_data,daily,2025-04-16,69.6739,pct
stored_energy_ear,"Stored energy / EAR (national %)",energy_water,ons_open_data,daily,2025-04-17,69.7634,pct
stored_energy_ear,"Stored energy / EAR (national %)",energy_water,ons_open_data,daily,2025-04-18,69.9641,pct
stored_energy_ear,"Stored energy / EAR (national %)",energy_water,ons_open_data,daily,2025-04-19,70.1061,pct
stored_energy_ear,"Stored energy / EAR (national %)",energy_water,ons_open_data,daily,2025-04-20,70.1947,pct
stored_energy_ear,"Stored energy / EAR (national %)",energy_water,ons_open_data,daily,2025-04-21,70.2604,pct
stored_energy_ear,"Stored energy / EAR (national %)",energy_water,ons_open_data,daily,2025-04-22,70.2578,pct
stored_energy_ear,"Stored energy / EAR (national %)",energy_water,ons_open_data,daily,2025-04-23,70.2416,pct
stored_energy_ear,"Stored energy / EAR (national %)",energy_water,ons_open_data,daily,2025-04-24,70.2866,pct
stored_energy_ear,"Stored energy / EAR (national %)",energy_water,ons_open_data,daily,2025-04-25,70.3660,pct
stored_energy_ear,"Stored energy / EAR (national %)",energy_water,ons_open_data,daily,2025-04-26,70.4482,pct
stored_energy_ear,"Stored energy / EAR (national %)",energy_water,ons_open_data,daily,2025-04-27,70.5862,pct
stored_energy_ear,"Stored energy / EAR (national %)",energy_water,ons_open_data,daily,2025-04-28,70.6078,pct
stored_energy_ear,"Stored energy / EAR (national %)",energy_water,ons_open_data,daily,2025-04-29,70.5741,pct
stored_energy_ear,"Stored energy / EAR (national %)",energy_water,ons_open_data,daily,2025-04-30,70.6160,pct
stored_energy_ear,"Stored energy / EAR (national %)",energy_water,ons_open_data,daily,2025-05-01,70.7296,pct
stored_energy_ear,"Stored energy / EAR (national %)",energy_water,ons_open_data,daily,2025-05-02,70.7286,pct
stored_energy_ear,"Stored energy / EAR (national %)",energy_water,ons_open_data,daily,2025-05-03,70.7490,pct
stored_energy_ear,"Stored energy / EAR (national %)",energy_water,ons_open_data,daily,2025-05-04,70.7932,pct
stored_energy_ear,"Stored energy / EAR (national %)",energy_water,ons_open_data,daily,2025-05-05,70.7243,pct
stored_energy_ear,"Stored energy / EAR (national %)",energy_water,ons_open_data,daily,2025-05-06,70.6901,pct
stored_energy_ear,"Stored energy / EAR (national %)",energy_water,ons_open_data,daily,2025-05-07,70.5970,pct
stored_energy_ear,"Stored energy / EAR (national %)",energy_water,ons_open_data,daily,2025-05-08,70.5245,pct
stored_energy_ear,"Stored energy / EAR (national %)",energy_water,ons_open_data,daily,2025-05-09,70.4016,pct
stored_energy_ear,"Stored energy / EAR (national %)",energy_water,ons_open_data,daily,2025-05-10,70.3686,pct
stored_energy_ear,"Stored energy / EAR (national %)",energy_water,ons_open_data,daily,2025-05-11,70.3713,pct
stored_energy_ear,"Stored energy / EAR (national %)",energy_water,ons_open_data,daily,2025-05-12,70.3009,pct
stored_energy_ear,"Stored energy / EAR (national %)",energy_water,ons_open_data,daily,2025-05-13,70.1776,pct
stored_energy_ear,"Stored energy / EAR (national %)",energy_water,ons_open_data,daily,2025-05-14,70.0527,pct
stored_energy_ear,"Stored energy / EAR (national %)",energy_water,ons_open_data,daily,2025-05-15,69.9284,pct
stored_energy_ear,"Stored energy / EAR (national %)",energy_water,ons_open_data,daily,2025-05-16,69.8166,pct
stored_energy_ear,"Stored energy / EAR (national %)",energy_water,ons_open_data,daily,2025-05-17,69.7763,pct
stored_energy_ear,"Stored energy / EAR (national %)",energy_water,ons_open_data,daily,2025-05-18,69.7307,pct
stored_energy_ear,"Stored energy / EAR (national %)",energy_water,ons_open_data,daily,2025-05-19,69.6085,pct
stored_energy_ear,"Stored energy / EAR (national %)",energy_water,ons_open_data,daily,2025-05-20,69.4591,pct
stored_energy_ear,"Stored energy / EAR (national %)",energy_water,ons_open_data,daily,2025-05-21,69.3259,pct
stored_energy_ear,"Stored energy / EAR (national %)",energy_water,ons_open_data,daily,2025-05-22,69.2326,pct
stored_energy_ear,"Stored energy / EAR (national %)",energy_water,ons_open_data,daily,2025-05-23,69.1566,pct
stored_energy_ear,"Stored energy / EAR (national %)",energy_water,ons_open_data,daily,2025-05-24,69.1199,pct
stored_energy_ear,"Stored energy / EAR (national %)",energy_water,ons_open_data,daily,2025-05-25,69.0848,pct
stored_energy_ear,"Stored energy / EAR (national %)",energy_water,ons_open_data,daily,2025-05-26,68.9875,pct
stored_energy_ear,"Stored energy / EAR (national %)",energy_water,ons_open_data,daily,2025-05-27,68.8972,pct
stored_energy_ear,"Stored energy / EAR (national %)",energy_water,ons_open_data,daily,2025-05-28,68.7839,pct
stored_energy_ear,"Stored energy / EAR (national %)",energy_water,ons_open_data,daily,2025-05-29,68.7069,pct
stored_energy_ear,"Stored energy / EAR (national %)",energy_water,ons_open_data,daily,2025-05-30,68.6276,pct
stored_energy_ear,"Stored energy / EAR (national %)",energy_water,ons_open_data,daily,2025-05-31,68.5858,pct
stored_energy_ear,"Stored energy / EAR (national %)",energy_water,ons_open_data,daily,2025-06-01,68.5810,pct
stored_energy_ear,"Stored energy / EAR (national %)",energy_water,ons_open_data,daily,2025-06-02,68.4744,pct
stored_energy_ear,"Stored energy / EAR (national %)",energy_water,ons_open_data,daily,2025-06-03,68.3729,pct
stored_energy_ear,"Stored energy / EAR (national %)",energy_water,ons_open_data,daily,2025-06-04,68.2681,pct
stored_energy_ear,"Stored energy / EAR (national %)",energy_water,ons_open_data,daily,2025-06-05,68.2581,pct
stored_energy_ear,"Stored energy / EAR (national %)",energy_water,ons_open_data,daily,2025-06-06,68.2549,pct
stored_energy_ear,"Stored energy / EAR (national %)",energy_water,ons_open_data,daily,2025-06-07,68.2708,pct
stored_energy_ear,"Stored energy / EAR (national %)",energy_water,ons_open_data,daily,2025-06-08,68.3549,pct
stored_energy_ear,"Stored energy / EAR (national %)",energy_water,ons_open_data,daily,2025-06-09,68.3147,pct
stored_energy_ear,"Stored energy / EAR (national %)",energy_water,ons_open_data,daily,2025-06-10,68.2947,pct
stored_energy_ear,"Stored energy / EAR (national %)",energy_water,ons_open_data,daily,2025-06-11,68.2597,pct
stored_energy_ear,"Stored energy / EAR (national %)",energy_water,ons_open_data,daily,2025-06-12,68.2227,pct
stored_energy_ear,"Stored energy / EAR (national %)",energy_water,ons_open_data,daily,2025-06-13,68.2067,pct
stored_energy_ear,"Stored energy / EAR (national %)",energy_water,ons_open_data,daily,2025-06-14,68.1806,pct
stored_energy_ear,"Stored energy / EAR (national %)",energy_water,ons_open_data,daily,2025-06-15,68.1929,pct
stored_energy_ear,"Stored energy / EAR (national %)",energy_water,ons_open_data,daily,2025-06-16,68.1255,pct
stored_energy_ear,"Stored energy / EAR (national %)",energy_water,ons_open_data,daily,2025-06-17,68.0580,pct
stored_energy_ear,"Stored energy / EAR (national %)",energy_water,ons_open_data,daily,2025-06-18,68.0211,pct
stored_energy_ear,"Stored energy / EAR (national %)",energy_water,ons_open_data,daily,2025-06-19,68.0675,pct
stored_energy_ear,"Stored energy / EAR (national %)",energy_water,ons_open_data,daily,2025-06-20,68.1975,pct
stored_energy_ear,"Stored energy / EAR (national %)",energy_water,ons_open_data,daily,2025-06-21,68.2906,pct
stored_energy_ear,"Stored energy / EAR (national %)",energy_water,ons_open_data,daily,2025-06-22,68.3706,pct
stored_energy_ear,"Stored energy / EAR (national %)",energy_water,ons_open_data,daily,2025-06-23,68.5743,pct
stored_energy_ear,"Stored energy / EAR (national %)",energy_water,ons_open_data,daily,2025-06-24,68.6876,pct
stored_energy_ear,"Stored energy / EAR (national %)",energy_water,ons_open_data,daily,2025-06-25,68.7488,pct
stored_energy_ear,"Stored energy / EAR (national %)",energy_water,ons_open_data,daily,2025-06-26,68.8672,pct
stored_energy_ear,"Stored energy / EAR (national %)",energy_water,ons_open_data,daily,2025-06-27,68.9714,pct
stored_energy_ear,"Stored energy / EAR (national %)",energy_water,ons_open_data,daily,2025-06-28,69.1554,pct
stored_energy_ear,"Stored energy / EAR (national %)",energy_water,ons_open_data,daily,2025-06-29,69.5927,pct
stored_energy_ear,"Stored energy / EAR (national %)",energy_water,ons_open_data,daily,2025-06-30,69.7066,pct
stored_energy_ear,"Stored energy / EAR (national %)",energy_water,ons_open_data,daily,2025-07-01,69.7945,pct
stored_energy_ear,"Stored energy / EAR (national %)",energy_water,ons_open_data,daily,2025-07-02,69.8176,pct
stored_energy_ear,"Stored energy / EAR (national %)",energy_water,ons_open_data,daily,2025-07-03,69.8294,pct
stored_energy_ear,"Stored energy / EAR (national %)",energy_water,ons_open_data,daily,2025-07-04,69.8459,pct
stored_energy_ear,"Stored energy / EAR (national %)",energy_water,ons_open_data,daily,2025-07-05,69.8489,pct
stored_energy_ear,"Stored energy / EAR (national %)",energy_water,ons_open_data,daily,2025-07-06,69.8561,pct
stored_energy_ear,"Stored energy / EAR (national %)",energy_water,ons_open_data,daily,2025-07-07,69.7903,pct
stored_energy_ear,"Stored energy / EAR (national %)",energy_water,ons_open_data,daily,2025-07-08,69.7047,pct
stored_energy_ear,"Stored energy / EAR (national %)",energy_water,ons_open_data,daily,2025-07-09,69.6449,pct
stored_energy_ear,"Stored energy / EAR (national %)",energy_water,ons_open_data,daily,2025-07-10,69.5568,pct
stored_energy_ear,"Stored energy / EAR (national %)",energy_water,ons_open_data,daily,2025-07-11,69.4759,pct
stored_energy_ear,"Stored energy / EAR (national %)",energy_water,ons_open_data,daily,2025-07-12,69.3959,pct
stored_energy_ear,"Stored energy / EAR (national %)",energy_water,ons_open_data,daily,2025-07-13,69.3308,pct
stored_energy_ear,"Stored energy / EAR (national %)",energy_water,ons_open_data,daily,2025-07-14,69.2145,pct
stored_energy_ear,"Stored energy / EAR (national %)",energy_water,ons_open_data,daily,2025-07-15,69.0823,pct
stored_energy_ear,"Stored energy / EAR (national %)",energy_water,ons_open_data,daily,2025-07-16,68.9215,pct
stored_energy_ear,"Stored energy / EAR (national %)",energy_water,ons_open_data,daily,2025-07-17,68.7537,pct
stored_energy_ear,"Stored energy / EAR (national %)",energy_water,ons_open_data,daily,2025-07-18,68.5978,pct
stored_energy_ear,"Stored energy / EAR (national %)",energy_water,ons_open_data,daily,2025-07-19,68.4742,pct
stored_energy_ear,"Stored energy / EAR (national %)",energy_water,ons_open_data,daily,2025-07-20,68.3834,pct
stored_energy_ear,"Stored energy / EAR (national %)",energy_water,ons_open_data,daily,2025-07-21,68.2039,pct
stored_energy_ear,"Stored energy / EAR (national %)",energy_water,ons_open_data,daily,2025-07-22,68.0254,pct
stored_energy_ear,"Stored energy / EAR (national %)",energy_water,ons_open_data,daily,2025-07-23,67.8117,pct
stored_energy_ear,"Stored energy / EAR (national %)",energy_water,ons_open_data,daily,2025-07-24,67.6207,pct
stored_energy_ear,"Stored energy / EAR (national %)",energy_water,ons_open_data,daily,2025-07-25,67.4102,pct
stored_energy_ear,"Stored energy / EAR (national %)",energy_water,ons_open_data,daily,2025-07-26,67.2246,pct
stored_energy_ear,"Stored energy / EAR (national %)",energy_water,ons_open_data,daily,2025-07-27,67.1169,pct
stored_energy_ear,"Stored energy / EAR (national %)",energy_water,ons_open_data,daily,2025-07-28,66.9023,pct
stored_energy_ear,"Stored energy / EAR (national %)",energy_water,ons_open_data,daily,2025-07-29,66.7069,pct
stored_energy_ear,"Stored energy / EAR (national %)",energy_water,ons_open_data,daily,2025-07-30,66.5582,pct
stored_energy_ear,"Stored energy / EAR (national %)",energy_water,ons_open_data,daily,2025-07-31,66.4248,pct
stored_energy_ear,"Stored energy / EAR (national %)",energy_water,ons_open_data,daily,2025-08-01,66.2565,pct
stored_energy_ear,"Stored energy / EAR (national %)",energy_water,ons_open_data,daily,2025-08-02,66.1115,pct
stored_energy_ear,"Stored energy / EAR (national %)",energy_water,ons_open_data,daily,2025-08-03,65.9889,pct
stored_energy_ear,"Stored energy / EAR (national %)",energy_water,ons_open_data,daily,2025-08-04,65.8310,pct
stored_energy_ear,"Stored energy / EAR (national %)",energy_water,ons_open_data,daily,2025-08-05,65.6650,pct
stored_energy_ear,"Stored energy / EAR (national %)",energy_water,ons_open_data,daily,2025-08-06,65.5591,pct
stored_energy_ear,"Stored energy / EAR (national %)",energy_water,ons_open_data,daily,2025-08-07,65.3694,pct
stored_energy_ear,"Stored energy / EAR (national %)",energy_water,ons_open_data,daily,2025-08-08,65.1918,pct
stored_energy_ear,"Stored energy / EAR (national %)",energy_water,ons_open_data,daily,2025-08-09,65.0417,pct
stored_energy_ear,"Stored energy / EAR (national %)",energy_water,ons_open_data,daily,2025-08-10,64.9629,pct
stored_energy_ear,"Stored energy / EAR (national %)",energy_water,ons_open_data,daily,2025-08-11,64.7754,pct
stored_energy_ear,"Stored energy / EAR (national %)",energy_water,ons_open_data,daily,2025-08-12,64.6104,pct
stored_energy_ear,"Stored energy / EAR (national %)",energy_water,ons_open_data,daily,2025-08-13,64.4163,pct
stored_energy_ear,"Stored energy / EAR (national %)",energy_water,ons_open_data,daily,2025-08-14,64.2064,pct
stored_energy_ear,"Stored energy / EAR (national %)",energy_water,ons_open_data,daily,2025-08-15,63.9800,pct
stored_energy_ear,"Stored energy / EAR (national %)",energy_water,ons_open_data,daily,2025-08-16,63.8403,pct
stored_energy_ear,"Stored energy / EAR (national %)",energy_water,ons_open_data,daily,2025-08-17,63.7157,pct
stored_energy_ear,"Stored energy / EAR (national %)",energy_water,ons_open_data,daily,2025-08-18,63.5047,pct
stored_energy_ear,"Stored energy / EAR (national %)",energy_water,ons_open_data,daily,2025-08-19,63.2622,pct
stored_energy_ear,"Stored energy / EAR (national %)",energy_water,ons_open_data,daily,2025-08-20,63.0246,pct
stored_energy_ear,"Stored energy / EAR (national %)",energy_water,ons_open_data,daily,2025-08-21,62.7738,pct
stored_energy_ear,"Stored energy / EAR (national %)",energy_water,ons_open_data,daily,2025-08-22,62.5683,pct
stored_energy_ear,"Stored energy / EAR (national %)",energy_water,ons_open_data,daily,2025-08-23,62.3935,pct
stored_energy_ear,"Stored energy / EAR (national %)",energy_water,ons_open_data,daily,2025-08-24,62.4812,pct
stored_energy_ear,"Stored energy / EAR (national %)",energy_water,ons_open_data,daily,2025-08-25,62.4935,pct
stored_energy_ear,"Stored energy / EAR (national %)",energy_water,ons_open_data,daily,2025-08-26,62.4645,pct
stored_energy_ear,"Stored energy / EAR (national %)",energy_water,ons_open_data,daily,2025-08-27,62.3720,pct
stored_energy_ear,"Stored energy / EAR (national %)",energy_water,ons_open_data,daily,2025-08-28,62.2364,pct
stored_energy_ear,"Stored energy / EAR (national %)",energy_water,ons_open_data,daily,2025-08-29,62.0822,pct
stored_energy_ear,"Stored energy / EAR (national %)",energy_water,ons_open_data,daily,2025-08-30,61.9545,pct
stored_energy_ear,"Stored energy / EAR (national %)",energy_water,ons_open_data,daily,2025-08-31,61.8597,pct
stored_energy_ear,"Stored energy / EAR (national %)",energy_water,ons_open_data,daily,2025-09-01,61.6408,pct
stored_energy_ear,"Stored energy / EAR (national %)",energy_water,ons_open_data,daily,2025-09-02,61.4147,pct
stored_energy_ear,"Stored energy / EAR (national %)",energy_water,ons_open_data,daily,2025-09-03,61.1906,pct
stored_energy_ear,"Stored energy / EAR (national %)",energy_water,ons_open_data,daily,2025-09-04,60.9568,pct
stored_energy_ear,"Stored energy / EAR (national %)",energy_water,ons_open_data,daily,2025-09-05,60.7299,pct
stored_energy_ear,"Stored energy / EAR (national %)",energy_water,ons_open_data,daily,2025-09-06,60.6188,pct
stored_energy_ear,"Stored energy / EAR (national %)",energy_water,ons_open_data,daily,2025-09-07,60.5346,pct
stored_energy_ear,"Stored energy / EAR (national %)",energy_water,ons_open_data,daily,2025-09-08,60.2991,pct
stored_energy_ear,"Stored energy / EAR (national %)",energy_water,ons_open_data,daily,2025-09-09,60.1324,pct
stored_energy_ear,"Stored energy / EAR (national %)",energy_water,ons_open_data,daily,2025-09-10,59.8982,pct
stored_energy_ear,"Stored energy / EAR (national %)",energy_water,ons_open_data,daily,2025-09-11,59.6411,pct
stored_energy_ear,"Stored energy / EAR (national %)",energy_water,ons_open_data,daily,2025-09-12,59.3625,pct
stored_energy_ear,"Stored energy / EAR (national %)",energy_water,ons_open_data,daily,2025-09-13,59.1464,pct
stored_energy_ear,"Stored energy / EAR (national %)",energy_water,ons_open_data,daily,2025-09-14,58.9956,pct
stored_energy_ear,"Stored energy / EAR (national %)",energy_water,ons_open_data,daily,2025-09-15,58.6974,pct
stored_energy_ear,"Stored energy / EAR (national %)",energy_water,ons_open_data,daily,2025-09-16,58.3943,pct
stored_energy_ear,"Stored energy / EAR (national %)",energy_water,ons_open_data,daily,2025-09-17,58.1319,pct
stored_energy_ear,"Stored energy / EAR (national %)",energy_water,ons_open_data,daily,2025-09-18,57.8758,pct
stored_energy_ear,"Stored energy / EAR (national %)",energy_water,ons_open_data,daily,2025-09-19,57.5720,pct
stored_energy_ear,"Stored energy / EAR (national %)",energy_water,ons_open_data,daily,2025-09-20,57.3348,pct
stored_energy_ear,"Stored energy / EAR (national %)",energy_water,ons_open_data,daily,2025-09-21,57.1800,pct
stored_energy_ear,"Stored energy / EAR (national %)",energy_water,ons_open_data,daily,2025-09-22,57.0293,pct
stored_energy_ear,"Stored energy / EAR (national %)",energy_water,ons_open_data,daily,2025-09-23,56.8921,pct
stored_energy_ear,"Stored energy / EAR (national %)",energy_water,ons_open_data,daily,2025-09-24,56.7427,pct
stored_energy_ear,"Stored energy / EAR (national %)",energy_water,ons_open_data,daily,2025-09-25,56.5817,pct
stored_energy_ear,"Stored energy / EAR (national %)",energy_water,ons_open_data,daily,2025-09-26,56.3872,pct
stored_energy_ear,"Stored energy / EAR (national %)",energy_water,ons_open_data,daily,2025-09-27,56.2367,pct
stored_energy_ear,"Stored energy / EAR (national %)",energy_water,ons_open_data,daily,2025-09-28,56.0936,pct
stored_energy_ear,"Stored energy / EAR (national %)",energy_water,ons_open_data,daily,2025-09-29,55.8116,pct
stored_energy_ear,"Stored energy / EAR (national %)",energy_water,ons_open_data,daily,2025-09-30,55.5432,pct
stored_energy_ear,"Stored energy / EAR (national %)",energy_water,ons_open_data,daily,2025-10-01,55.3351,pct
stored_energy_ear,"Stored energy / EAR (national %)",energy_water,ons_open_data,daily,2025-10-02,55.0846,pct
stored_energy_ear,"Stored energy / EAR (national %)",energy_water,ons_open_data,daily,2025-10-03,54.8373,pct
stored_energy_ear,"Stored energy / EAR (national %)",energy_water,ons_open_data,daily,2025-10-04,54.7019,pct
stored_energy_ear,"Stored energy / EAR (national %)",energy_water,ons_open_data,daily,2025-10-05,54.5676,pct
stored_energy_ear,"Stored energy / EAR (national %)",energy_water,ons_open_data,daily,2025-10-06,54.2678,pct
stored_energy_ear,"Stored energy / EAR (national %)",energy_water,ons_open_data,daily,2025-10-07,54.0376,pct
stored_energy_ear,"Stored energy / EAR (national %)",energy_water,ons_open_data,daily,2025-10-08,53.8511,pct
stored_energy_ear,"Stored energy / EAR (national %)",energy_water,ons_open_data,daily,2025-10-09,53.6382,pct
stored_energy_ear,"Stored energy / EAR (national %)",energy_water,ons_open_data,daily,2025-10-10,53.3355,pct
stored_energy_ear,"Stored energy / EAR (national %)",energy_water,ons_open_data,daily,2025-10-11,53.1202,pct
stored_energy_ear,"Stored energy / EAR (national %)",energy_water,ons_open_data,daily,2025-10-12,53.0207,pct
stored_energy_ear,"Stored energy / EAR (national %)",energy_water,ons_open_data,daily,2025-10-13,52.8237,pct
stored_energy_ear,"Stored energy / EAR (national %)",energy_water,ons_open_data,daily,2025-10-14,52.6070,pct
stored_energy_ear,"Stored energy / EAR (national %)",energy_water,ons_open_data,daily,2025-10-15,52.4244,pct
stored_energy_ear,"Stored energy / EAR (national %)",energy_water,ons_open_data,daily,2025-10-16,52.2432,pct
stored_energy_ear,"Stored energy / EAR (national %)",energy_water,ons_open_data,daily,2025-10-17,52.0410,pct
stored_energy_ear,"Stored energy / EAR (national %)",energy_water,ons_open_data,daily,2025-10-18,51.9697,pct
stored_energy_ear,"Stored energy / EAR (national %)",energy_water,ons_open_data,daily,2025-10-19,51.9238,pct
stored_energy_ear,"Stored energy / EAR (national %)",energy_water,ons_open_data,daily,2025-10-20,51.7788,pct
stored_energy_ear,"Stored energy / EAR (national %)",energy_water,ons_open_data,daily,2025-10-21,51.6730,pct
stored_energy_ear,"Stored energy / EAR (national %)",energy_water,ons_open_data,daily,2025-10-22,51.5348,pct
stored_energy_ear,"Stored energy / EAR (national %)",energy_water,ons_open_data,daily,2025-10-23,51.3624,pct
stored_energy_ear,"Stored energy / EAR (national %)",energy_water,ons_open_data,daily,2025-10-24,51.1368,pct
stored_energy_ear,"Stored energy / EAR (national %)",energy_water,ons_open_data,daily,2025-10-25,51.0103,pct
stored_energy_ear,"Stored energy / EAR (national %)",energy_water,ons_open_data,daily,2025-10-26,50.9004,pct
stored_energy_ear,"Stored energy / EAR (national %)",energy_water,ons_open_data,daily,2025-10-27,50.6444,pct
stored_energy_ear,"Stored energy / EAR (national %)",energy_water,ons_open_data,daily,2025-10-28,50.4339,pct
stored_energy_ear,"Stored energy / EAR (national %)",energy_water,ons_open_data,daily,2025-10-29,50.2688,pct
stored_energy_ear,"Stored energy / EAR (national %)",energy_water,ons_open_data,daily,2025-10-30,50.1092,pct
stored_energy_ear,"Stored energy / EAR (national %)",energy_water,ons_open_data,daily,2025-10-31,49.9759,pct
stored_energy_ear,"Stored energy / EAR (national %)",energy_water,ons_open_data,daily,2025-11-01,49.8808,pct
stored_energy_ear,"Stored energy / EAR (national %)",energy_water,ons_open_data,daily,2025-11-02,49.9366,pct
stored_energy_ear,"Stored energy / EAR (national %)",energy_water,ons_open_data,daily,2025-11-03,49.8354,pct
stored_energy_ear,"Stored energy / EAR (national %)",energy_water,ons_open_data,daily,2025-11-04,49.7314,pct
stored_energy_ear,"Stored energy / EAR (national %)",energy_water,ons_open_data,daily,2025-11-05,49.6309,pct
stored_energy_ear,"Stored energy / EAR (national %)",energy_water,ons_open_data,daily,2025-11-06,49.4635,pct
stored_energy_ear,"Stored energy / EAR (national %)",energy_water,ons_open_data,daily,2025-11-07,49.3024,pct
stored_energy_ear,"Stored energy / EAR (national %)",energy_water,ons_open_data,daily,2025-11-08,49.3134,pct
stored_energy_ear,"Stored energy / EAR (national %)",energy_water,ons_open_data,daily,2025-11-09,49.3776,pct
stored_energy_ear,"Stored energy / EAR (national %)",energy_water,ons_open_data,daily,2025-11-10,49.3377,pct
stored_energy_ear,"Stored energy / EAR (national %)",energy_water,ons_open_data,daily,2025-11-11,49.2745,pct
stored_energy_ear,"Stored energy / EAR (national %)",energy_water,ons_open_data,daily,2025-11-12,49.1468,pct
stored_energy_ear,"Stored energy / EAR (national %)",energy_water,ons_open_data,daily,2025-11-13,49.0198,pct
stored_energy_ear,"Stored energy / EAR (national %)",energy_water,ons_open_data,daily,2025-11-14,48.8927,pct
stored_energy_ear,"Stored energy / EAR (national %)",energy_water,ons_open_data,daily,2025-11-15,48.7739,pct
stored_energy_ear,"Stored energy / EAR (national %)",energy_water,ons_open_data,daily,2025-11-16,48.6786,pct
stored_energy_ear,"Stored energy / EAR (national %)",energy_water,ons_open_data,daily,2025-11-17,48.4938,pct
stored_energy_ear,"Stored energy / EAR (national %)",energy_water,ons_open_data,daily,2025-11-18,48.3019,pct
stored_energy_ear,"Stored energy / EAR (national %)",energy_water,ons_open_data,daily,2025-11-19,48.1175,pct
stored_energy_ear,"Stored energy / EAR (national %)",energy_water,ons_open_data,daily,2025-11-20,47.9269,pct
stored_energy_ear,"Stored energy / EAR (national %)",energy_water,ons_open_data,daily,2025-11-21,47.7352,pct
stored_energy_ear,"Stored energy / EAR (national %)",energy_water,ons_open_data,daily,2025-11-22,47.5990,pct
stored_energy_ear,"Stored energy / EAR (national %)",energy_water,ons_open_data,daily,2025-11-23,47.5155,pct
stored_energy_ear,"Stored energy / EAR (national %)",energy_water,ons_open_data,daily,2025-11-24,47.3462,pct
stored_energy_ear,"Stored energy / EAR (national %)",energy_water,ons_open_data,daily,2025-11-25,47.1848,pct
stored_energy_ear,"Stored energy / EAR (national %)",energy_water,ons_open_data,daily,2025-11-26,47.0139,pct
stored_energy_ear,"Stored energy / EAR (national %)",energy_water,ons_open_data,daily,2025-11-27,46.8815,pct
stored_energy_ear,"Stored energy / EAR (national %)",energy_water,ons_open_data,daily,2025-11-28,46.6785,pct
stored_energy_ear,"Stored energy / EAR (national %)",energy_water,ons_open_data,daily,2025-11-29,46.5508,pct
stored_energy_ear,"Stored energy / EAR (national %)",energy_water,ons_open_data,daily,2025-11-30,46.3957,pct
stored_energy_ear,"Stored energy / EAR (national %)",energy_water,ons_open_data,daily,2025-12-01,46.0941,pct
stored_energy_ear,"Stored energy / EAR (national %)",energy_water,ons_open_data,daily,2025-12-02,45.7928,pct
stored_energy_ear,"Stored energy / EAR (national %)",energy_water,ons_open_data,daily,2025-12-03,45.4954,pct
stored_energy_ear,"Stored energy / EAR (national %)",energy_water,ons_open_data,daily,2025-12-04,45.2502,pct
stored_energy_ear,"Stored energy / EAR (national %)",energy_water,ons_open_data,daily,2025-12-05,44.9545,pct
stored_energy_ear,"Stored energy / EAR (national %)",energy_water,ons_open_data,daily,2025-12-06,44.8040,pct
stored_energy_ear,"Stored energy / EAR (national %)",energy_water,ons_open_data,daily,2025-12-07,44.6803,pct
stored_energy_ear,"Stored energy / EAR (national %)",energy_water,ons_open_data,daily,2025-12-08,44.5007,pct
stored_energy_ear,"Stored energy / EAR (national %)",energy_water,ons_open_data,daily,2025-12-09,44.4692,pct
stored_energy_ear,"Stored energy / EAR (national %)",energy_water,ons_open_data,daily,2025-12-10,44.4691,pct
stored_energy_ear,"Stored energy / EAR (national %)",energy_water,ons_open_data,daily,2025-12-11,44.4127,pct
stored_energy_ear,"Stored energy / EAR (national %)",energy_water,ons_open_data,daily,2025-12-12,44.3262,pct
stored_energy_ear,"Stored energy / EAR (national %)",energy_water,ons_open_data,daily,2025-12-13,44.4507,pct
stored_energy_ear,"Stored energy / EAR (national %)",energy_water,ons_open_data,daily,2025-12-14,44.6862,pct
stored_energy_ear,"Stored energy / EAR (national %)",energy_water,ons_open_data,daily,2025-12-15,44.7485,pct
stored_energy_ear,"Stored energy / EAR (national %)",energy_water,ons_open_data,daily,2025-12-16,44.8862,pct
stored_energy_ear,"Stored energy / EAR (national %)",energy_water,ons_open_data,daily,2025-12-17,45.1435,pct
stored_energy_ear,"Stored energy / EAR (national %)",energy_water,ons_open_data,daily,2025-12-18,45.3199,pct
stored_energy_ear,"Stored energy / EAR (national %)",energy_water,ons_open_data,daily,2025-12-19,45.4833,pct
stored_energy_ear,"Stored energy / EAR (national %)",energy_water,ons_open_data,daily,2025-12-20,45.6439,pct
stored_energy_ear,"Stored energy / EAR (national %)",energy_water,ons_open_data,daily,2025-12-21,45.7348,pct
stored_energy_ear,"Stored energy / EAR (national %)",energy_water,ons_open_data,daily,2025-12-22,45.7213,pct
stored_energy_ear,"Stored energy / EAR (national %)",energy_water,ons_open_data,daily,2025-12-23,45.7163,pct
stored_energy_ear,"Stored energy / EAR (national %)",energy_water,ons_open_data,daily,2025-12-24,45.7274,pct
stored_energy_ear,"Stored energy / EAR (national %)",energy_water,ons_open_data,daily,2025-12-25,45.7316,pct
stored_energy_ear,"Stored energy / EAR (national %)",energy_water,ons_open_data,daily,2025-12-26,45.7287,pct
stored_energy_ear,"Stored energy / EAR (national %)",energy_water,ons_open_data,daily,2025-12-27,45.6347,pct
stored_energy_ear,"Stored energy / EAR (national %)",energy_water,ons_open_data,daily,2025-12-28,45.5876,pct
stored_energy_ear,"Stored energy / EAR (national %)",energy_water,ons_open_data,daily,2025-12-29,45.5045,pct
stored_energy_ear,"Stored energy / EAR (national %)",energy_water,ons_open_data,daily,2025-12-30,45.4711,pct
stored_energy_ear,"Stored energy / EAR (national %)",energy_water,ons_open_data,daily,2025-12-31,45.5034,pct
stored_energy_ear,"Stored energy / EAR (national %)",energy_water,ons_open_data,daily,2026-01-01,45.5719,pct
stored_energy_ear,"Stored energy / EAR (national %)",energy_water,ons_open_data,daily,2026-01-02,45.6287,pct
stored_energy_ear,"Stored energy / EAR (national %)",energy_water,ons_open_data,daily,2026-01-03,45.6621,pct
stored_energy_ear,"Stored energy / EAR (national %)",energy_water,ons_open_data,daily,2026-01-04,45.8365,pct
stored_energy_ear,"Stored energy / EAR (national %)",energy_water,ons_open_data,daily,2026-01-05,46.0017,pct
stored_energy_ear,"Stored energy / EAR (national %)",energy_water,ons_open_data,daily,2026-01-06,46.0941,pct
stored_energy_ear,"Stored energy / EAR (national %)",energy_water,ons_open_data,daily,2026-01-07,46.1413,pct
stored_energy_ear,"Stored energy / EAR (national %)",energy_water,ons_open_data,daily,2026-01-08,46.1527,pct
stored_energy_ear,"Stored energy / EAR (national %)",energy_water,ons_open_data,daily,2026-01-09,46.1199,pct
stored_energy_ear,"Stored energy / EAR (national %)",energy_water,ons_open_data,daily,2026-01-10,46.1876,pct
stored_energy_ear,"Stored energy / EAR (national %)",energy_water,ons_open_data,daily,2026-01-11,46.2333,pct
stored_energy_ear,"Stored energy / EAR (national %)",energy_water,ons_open_data,daily,2026-01-12,46.1427,pct
stored_energy_ear,"Stored energy / EAR (national %)",energy_water,ons_open_data,daily,2026-01-13,46.0988,pct
stored_energy_ear,"Stored energy / EAR (national %)",energy_water,ons_open_data,daily,2026-01-14,46.0918,pct
stored_energy_ear,"Stored energy / EAR (national %)",energy_water,ons_open_data,daily,2026-01-15,46.0810,pct
stored_energy_ear,"Stored energy / EAR (national %)",energy_water,ons_open_data,daily,2026-01-16,46.0725,pct
stored_energy_ear,"Stored energy / EAR (national %)",energy_water,ons_open_data,daily,2026-01-17,46.1283,pct
stored_energy_ear,"Stored energy / EAR (national %)",energy_water,ons_open_data,daily,2026-01-18,46.2499,pct
stored_energy_ear,"Stored energy / EAR (national %)",energy_water,ons_open_data,daily,2026-01-19,46.3175,pct
stored_energy_ear,"Stored energy / EAR (national %)",energy_water,ons_open_data,daily,2026-01-20,46.4859,pct
stored_energy_ear,"Stored energy / EAR (national %)",energy_water,ons_open_data,daily,2026-01-21,46.7154,pct
stored_energy_ear,"Stored energy / EAR (national %)",energy_water,ons_open_data,daily,2026-01-22,47.0950,pct
stored_energy_ear,"Stored energy / EAR (national %)",energy_water,ons_open_data,daily,2026-01-23,47.5207,pct
stored_energy_ear,"Stored energy / EAR (national %)",energy_water,ons_open_data,daily,2026-01-24,47.9580,pct
stored_energy_ear,"Stored energy / EAR (national %)",energy_water,ons_open_data,daily,2026-01-25,48.4489,pct
stored_energy_ear,"Stored energy / EAR (national %)",energy_water,ons_open_data,daily,2026-01-26,48.7685,pct
stored_energy_ear,"Stored energy / EAR (national %)",energy_water,ons_open_data,daily,2026-01-27,49.0283,pct
stored_energy_ear,"Stored energy / EAR (national %)",energy_water,ons_open_data,daily,2026-01-28,49.1967,pct
stored_energy_ear,"Stored energy / EAR (national %)",energy_water,ons_open_data,daily,2026-01-29,49.3696,pct
stored_energy_ear,"Stored energy / EAR (national %)",energy_water,ons_open_data,daily,2026-01-30,49.5613,pct
stored_energy_ear,"Stored energy / EAR (national %)",energy_water,ons_open_data,daily,2026-01-31,49.8615,pct
stored_energy_ear,"Stored energy / EAR (national %)",energy_water,ons_open_data,daily,2026-02-01,50.2464,pct
stored_energy_ear,"Stored energy / EAR (national %)",energy_water,ons_open_data,daily,2026-02-02,50.5023,pct
stored_energy_ear,"Stored energy / EAR (national %)",energy_water,ons_open_data,daily,2026-02-03,50.7317,pct
stored_energy_ear,"Stored energy / EAR (national %)",energy_water,ons_open_data,daily,2026-02-04,51.0265,pct
stored_energy_ear,"Stored energy / EAR (national %)",energy_water,ons_open_data,daily,2026-02-05,51.2813,pct
stored_energy_ear,"Stored energy / EAR (national %)",energy_water,ons_open_data,daily,2026-02-06,51.5589,pct
stored_energy_ear,"Stored energy / EAR (national %)",energy_water,ons_open_data,daily,2026-02-07,51.9902,pct
stored_energy_ear,"Stored energy / EAR (national %)",energy_water,ons_open_data,daily,2026-02-08,52.4714,pct
stored_energy_ear,"Stored energy / EAR (national %)",energy_water,ons_open_data,daily,2026-02-09,52.9205,pct
stored_energy_ear,"Stored energy / EAR (national %)",energy_water,ons_open_data,daily,2026-02-10,53.4965,pct
stored_energy_ear,"Stored energy / EAR (national %)",energy_water,ons_open_data,daily,2026-02-11,53.9715,pct
stored_energy_ear,"Stored energy / EAR (national %)",energy_water,ons_open_data,daily,2026-02-12,54.3667,pct
stored_energy_ear,"Stored energy / EAR (national %)",energy_water,ons_open_data,daily,2026-02-13,54.6583,pct
stored_energy_ear,"Stored energy / EAR (national %)",energy_water,ons_open_data,daily,2026-02-14,55.0936,pct
stored_energy_ear,"Stored energy / EAR (national %)",energy_water,ons_open_data,daily,2026-02-15,55.5440,pct
stored_energy_ear,"Stored energy / EAR (national %)",energy_water,ons_open_data,daily,2026-02-16,55.8719,pct
stored_energy_ear,"Stored energy / EAR (national %)",energy_water,ons_open_data,daily,2026-02-17,56.0971,pct
stored_energy_ear,"Stored energy / EAR (national %)",energy_water,ons_open_data,daily,2026-02-18,56.2265,pct
stored_energy_ear,"Stored energy / EAR (national %)",energy_water,ons_open_data,daily,2026-02-19,56.3686,pct
stored_energy_ear,"Stored energy / EAR (national %)",energy_water,ons_open_data,daily,2026-02-20,56.4856,pct
stored_energy_ear,"Stored energy / EAR (national %)",energy_water,ons_open_data,daily,2026-02-21,56.7958,pct
stored_energy_ear,"Stored energy / EAR (national %)",energy_water,ons_open_data,daily,2026-02-22,57.1445,pct
stored_energy_ear,"Stored energy / EAR (national %)",energy_water,ons_open_data,daily,2026-02-23,57.3643,pct
stored_energy_ear,"Stored energy / EAR (national %)",energy_water,ons_open_data,daily,2026-02-24,57.7070,pct
stored_energy_ear,"Stored energy / EAR (national %)",energy_water,ons_open_data,daily,2026-02-25,58.0389,pct
stored_energy_ear,"Stored energy / EAR (national %)",energy_water,ons_open_data,daily,2026-02-26,58.4243,pct
stored_energy_ear,"Stored energy / EAR (national %)",energy_water,ons_open_data,daily,2026-02-27,58.8191,pct
stored_energy_ear,"Stored energy / EAR (national %)",energy_water,ons_open_data,daily,2026-02-28,59.2920,pct
stored_energy_ear,"Stored energy / EAR (national %)",energy_water,ons_open_data,daily,2026-03-01,59.7664,pct
stored_energy_ear,"Stored energy / EAR (national %)",energy_water,ons_open_data,daily,2026-03-02,60.0153,pct
stored_energy_ear,"Stored energy / EAR (national %)",energy_water,ons_open_data,daily,2026-03-03,60.2325,pct
stored_energy_ear,"Stored energy / EAR (national %)",energy_water,ons_open_data,daily,2026-03-04,60.4641,pct
stored_energy_ear,"Stored energy / EAR (national %)",energy_water,ons_open_data,daily,2026-03-05,60.7277,pct
stored_energy_ear,"Stored energy / EAR (national %)",energy_water,ons_open_data,daily,2026-03-06,61.0592,pct
stored_energy_ear,"Stored energy / EAR (national %)",energy_water,ons_open_data,daily,2026-03-07,61.4969,pct
stored_energy_ear,"Stored energy / EAR (national %)",energy_water,ons_open_data,daily,2026-03-08,61.9071,pct
stored_energy_ear,"Stored energy / EAR (national %)",energy_water,ons_open_data,daily,2026-03-09,62.2152,pct
stored_energy_ear,"Stored energy / EAR (national %)",energy_water,ons_open_data,daily,2026-03-10,62.6229,pct
stored_energy_ear,"Stored energy / EAR (national %)",energy_water,ons_open_data,daily,2026-03-11,62.9965,pct
stored_energy_ear,"Stored energy / EAR (national %)",energy_water,ons_open_data,daily,2026-03-12,63.4361,pct
stored_energy_ear,"Stored energy / EAR (national %)",energy_water,ons_open_data,daily,2026-03-13,63.8781,pct
stored_energy_ear,"Stored energy / EAR (national %)",energy_water,ons_open_data,daily,2026-03-14,64.2376,pct
stored_energy_ear,"Stored energy / EAR (national %)",energy_water,ons_open_data,daily,2026-03-15,64.5923,pct
stored_energy_ear,"Stored energy / EAR (national %)",energy_water,ons_open_data,daily,2026-03-16,64.8481,pct
stored_energy_ear,"Stored energy / EAR (national %)",energy_water,ons_open_data,daily,2026-03-17,65.1396,pct
stored_energy_ear,"Stored energy / EAR (national %)",energy_water,ons_open_data,daily,2026-03-18,65.4190,pct
stored_energy_ear,"Stored energy / EAR (national %)",energy_water,ons_open_data,daily,2026-03-19,65.6479,pct
stored_energy_ear,"Stored energy / EAR (national %)",energy_water,ons_open_data,daily,2026-03-20,66.0178,pct
stored_energy_ear,"Stored energy / EAR (national %)",energy_water,ons_open_data,daily,2026-03-21,66.3534,pct
stored_energy_ear,"Stored energy / EAR (national %)",energy_water,ons_open_data,daily,2026-03-22,66.6992,pct
stored_energy_ear,"Stored energy / EAR (national %)",energy_water,ons_open_data,daily,2026-03-23,67.0167,pct
stored_energy_ear,"Stored energy / EAR (national %)",energy_water,ons_open_data,daily,2026-03-24,67.3813,pct
stored_energy_ear,"Stored energy / EAR (national %)",energy_water,ons_open_data,daily,2026-03-25,67.6836,pct
stored_energy_ear,"Stored energy / EAR (national %)",energy_water,ons_open_data,daily,2026-03-26,68.0071,pct
stored_energy_ear,"Stored energy / EAR (national %)",energy_water,ons_open_data,daily,2026-03-27,68.2304,pct
stored_energy_ear,"Stored energy / EAR (national %)",energy_water,ons_open_data,daily,2026-03-28,68.4505,pct
stored_energy_ear,"Stored energy / EAR (national %)",energy_water,ons_open_data,daily,2026-03-29,68.6375,pct
stored_energy_ear,"Stored energy / EAR (national %)",energy_water,ons_open_data,daily,2026-03-30,68.6717,pct
stored_energy_ear,"Stored energy / EAR (national %)",energy_water,ons_open_data,daily,2026-03-31,68.7361,pct
stored_energy_ear,"Stored energy / EAR (national %)",energy_water,ons_open_data,daily,2026-04-01,68.8539,pct
stored_energy_ear,"Stored energy / EAR (national %)",energy_water,ons_open_data,daily,2026-04-02,68.9991,pct
stored_energy_ear,"Stored energy / EAR (national %)",energy_water,ons_open_data,daily,2026-04-03,69.2499,pct
stored_energy_ear,"Stored energy / EAR (national %)",energy_water,ons_open_data,daily,2026-04-04,69.4758,pct
stored_energy_ear,"Stored energy / EAR (national %)",energy_water,ons_open_data,daily,2026-04-05,69.7095,pct
stored_energy_ear,"Stored energy / EAR (national %)",energy_water,ons_open_data,daily,2026-04-06,69.8540,pct
stored_energy_ear,"Stored energy / EAR (national %)",energy_water,ons_open_data,daily,2026-04-07,70.0016,pct
stored_energy_ear,"Stored energy / EAR (national %)",energy_water,ons_open_data,daily,2026-04-08,70.1687,pct
stored_energy_ear,"Stored energy / EAR (national %)",energy_water,ons_open_data,daily,2026-04-09,70.2986,pct
stored_energy_ear,"Stored energy / EAR (national %)",energy_water,ons_open_data,daily,2026-04-10,70.4569,pct
stored_energy_ear,"Stored energy / EAR (national %)",energy_water,ons_open_data,daily,2026-04-11,70.6777,pct
stored_energy_ear,"Stored energy / EAR (national %)",energy_water,ons_open_data,daily,2026-04-12,70.8970,pct
stored_energy_ear,"Stored energy / EAR (national %)",energy_water,ons_open_data,daily,2026-04-13,70.9242,pct
stored_energy_ear,"Stored energy / EAR (national %)",energy_water,ons_open_data,daily,2026-04-14,70.9674,pct
stored_energy_ear,"Stored energy / EAR (national %)",energy_water,ons_open_data,daily,2026-04-15,71.0430,pct
stored_energy_ear,"Stored energy / EAR (national %)",energy_water,ons_open_data,daily,2026-04-16,71.1033,pct
stored_energy_ear,"Stored energy / EAR (national %)",energy_water,ons_open_data,daily,2026-04-17,71.1121,pct
stored_energy_ear,"Stored energy / EAR (national %)",energy_water,ons_open_data,daily,2026-04-18,71.1758,pct
stored_energy_ear,"Stored energy / EAR (national %)",energy_water,ons_open_data,daily,2026-04-19,71.1430,pct
stored_energy_ear,"Stored energy / EAR (national %)",energy_water,ons_open_data,daily,2026-04-20,71.1229,pct
stored_energy_ear,"Stored energy / EAR (national %)",energy_water,ons_open_data,daily,2026-04-21,71.1348,pct
stored_energy_ear,"Stored energy / EAR (national %)",energy_water,ons_open_data,daily,2026-04-22,71.0956,pct
stored_energy_ear,"Stored energy / EAR (national %)",energy_water,ons_open_data,daily,2026-04-23,71.0475,pct
stored_energy_ear,"Stored energy / EAR (national %)",energy_water,ons_open_data,daily,2026-04-24,70.9459,pct
stored_energy_ear,"Stored energy / EAR (national %)",energy_water,ons_open_data,daily,2026-04-25,70.8915,pct
stored_energy_ear,"Stored energy / EAR (national %)",energy_water,ons_open_data,daily,2026-04-26,70.9040,pct
stored_energy_ear,"Stored energy / EAR (national %)",energy_water,ons_open_data,daily,2026-04-27,70.8272,pct
stored_energy_ear,"Stored energy / EAR (national %)",energy_water,ons_open_data,daily,2026-04-28,70.6878,pct
stored_energy_ear,"Stored energy / EAR (national %)",energy_water,ons_open_data,daily,2026-04-29,70.6286,pct
stored_energy_ear,"Stored energy / EAR (national %)",energy_water,ons_open_data,daily,2026-04-30,70.6713,pct
stored_energy_ear,"Stored energy / EAR (national %)",energy_water,ons_open_data,daily,2026-05-01,70.7202,pct
stored_energy_ear,"Stored energy / EAR (national %)",energy_water,ons_open_data,daily,2026-05-02,70.8345,pct
stored_energy_ear,"Stored energy / EAR (national %)",energy_water,ons_open_data,daily,2026-05-03,70.9264,pct
stored_energy_ear,"Stored energy / EAR (national %)",energy_water,ons_open_data,daily,2026-05-04,70.9321,pct
stored_energy_ear,"Stored energy / EAR (national %)",energy_water,ons_open_data,daily,2026-05-05,70.9333,pct
stored_energy_ear,"Stored energy / EAR (national %)",energy_water,ons_open_data,daily,2026-05-06,70.8689,pct
stored_energy_ear,"Stored energy / EAR (national %)",energy_water,ons_open_data,daily,2026-05-07,70.8164,pct
stored_energy_ear,"Stored energy / EAR (national %)",energy_water,ons_open_data,daily,2026-05-08,70.7564,pct
stored_energy_ear,"Stored energy / EAR (national %)",energy_water,ons_open_data,daily,2026-05-09,70.8169,pct
stored_energy_ear,"Stored energy / EAR (national %)",energy_water,ons_open_data,daily,2026-05-10,70.9689,pct
stored_energy_ear,"Stored energy / EAR (national %)",energy_water,ons_open_data,daily,2026-05-11,71.0177,pct
stored_energy_ear,"Stored energy / EAR (national %)",energy_water,ons_open_data,daily,2026-05-12,71.1091,pct
stored_energy_ear,"Stored energy / EAR (national %)",energy_water,ons_open_data,daily,2026-05-13,71.1569,pct
stored_energy_ear,"Stored energy / EAR (national %)",energy_water,ons_open_data,daily,2026-05-14,71.1303,pct
stored_energy_ear,"Stored energy / EAR (national %)",energy_water,ons_open_data,daily,2026-05-15,71.0977,pct
stored_energy_ear,"Stored energy / EAR (national %)",energy_water,ons_open_data,daily,2026-05-16,71.1323,pct
stored_energy_ear,"Stored energy / EAR (national %)",energy_water,ons_open_data,daily,2026-05-17,71.2636,pct
stored_energy_ear,"Stored energy / EAR (national %)",energy_water,ons_open_data,daily,2026-05-18,71.3211,pct
stored_energy_ear,"Stored energy / EAR (national %)",energy_water,ons_open_data,daily,2026-05-19,71.3890,pct
stored_energy_ear,"Stored energy / EAR (national %)",energy_water,ons_open_data,daily,2026-05-20,71.4511,pct
stored_energy_ear,"Stored energy / EAR (national %)",energy_water,ons_open_data,daily,2026-05-21,71.5421,pct
stored_energy_ear,"Stored energy / EAR (national %)",energy_water,ons_open_data,daily,2026-05-22,71.6144,pct
stored_energy_ear,"Stored energy / EAR (national %)",energy_water,ons_open_data,daily,2026-05-23,71.6606,pct
stored_energy_ear,"Stored energy / EAR (national %)",energy_water,ons_open_data,daily,2026-05-24,71.8018,pct
stored_energy_ear,"Stored energy / EAR (national %)",energy_water,ons_open_data,daily,2026-05-25,71.8140,pct
stored_energy_ear,"Stored energy / EAR (national %)",energy_water,ons_open_data,daily,2026-05-26,71.8567,pct
stored_energy_ear,"Stored energy / EAR (national %)",energy_water,ons_open_data,daily,2026-05-27,71.9318,pct
stored_energy_ear,"Stored energy / EAR (national %)",energy_water,ons_open_data,daily,2026-05-28,71.9722,pct
stored_energy_ear,"Stored energy / EAR (national %)",energy_water,ons_open_data,daily,2026-05-29,71.9718,pct
stored_energy_ear,"Stored energy / EAR (national %)",energy_water,ons_open_data,daily,2026-05-30,72.0138,pct
stored_energy_ear,"Stored energy / EAR (national %)",energy_water,ons_open_data,daily,2026-05-31,72.0306,pct
stored_energy_ear,"Stored energy / EAR (national %)",energy_water,ons_open_data,daily,2026-06-01,72.0245,pct
