metric_id,metric_name,theme,source_id,freq,date,value,unit
thermal_dispatch_mwh,"Thermal dispatch (generation)",energy_water,ons_open_data,daily,2015-01-01,16116.3376,mwmed
thermal_dispatch_mwh,"Thermal dispatch (generation)",energy_water,ons_open_data,daily,2015-01-02,17421.9441,mwmed
thermal_dispatch_mwh,"Thermal dispatch (generation)",energy_water,ons_open_data,daily,2015-01-03,17558.7960,mwmed
thermal_dispatch_mwh,"Thermal dispatch (generation)",energy_water,ons_open_data,daily,2015-01-04,16557.1075,mwmed
thermal_dispatch_mwh,"Thermal dispatch (generation)",energy_water,ons_open_data,daily,2015-01-05,16868.9104,mwmed
thermal_dispatch_mwh,"Thermal dispatch (generation)",energy_water,ons_open_data,daily,2015-01-06,17267.8398,mwmed
thermal_dispatch_mwh,"Thermal dispatch (generation)",energy_water,ons_open_data,daily,2015-01-07,17117.1222,mwmed
thermal_dispatch_mwh,"Thermal dispatch (generation)",energy_water,ons_open_data,daily,2015-01-08,17162.1886,mwmed
thermal_dispatch_mwh,"Thermal dispatch (generation)",energy_water,ons_open_data,daily,2015-01-09,17260.5981,mwmed
thermal_dispatch_mwh,"Thermal dispatch (generation)",energy_water,ons_open_data,daily,2015-01-10,17174.6165,mwmed
thermal_dispatch_mwh,"Thermal dispatch (generation)",energy_water,ons_open_data,daily,2015-01-11,16850.2520,mwmed
thermal_dispatch_mwh,"Thermal dispatch (generation)",energy_water,ons_open_data,daily,2015-01-12,16779.7527,mwmed
thermal_dispatch_mwh,"Thermal dispatch (generation)",energy_water,ons_open_data,daily,2015-01-13,16864.1417,mwmed
thermal_dispatch_mwh,"Thermal dispatch (generation)",energy_water,ons_open_data,daily,2015-01-14,16949.3631,mwmed
thermal_dispatch_mwh,"Thermal dispatch (generation)",energy_water,ons_open_data,daily,2015-01-15,16409.1871,mwmed
thermal_dispatch_mwh,"Thermal dispatch (generation)",energy_water,ons_open_data,daily,2015-01-16,16524.9180,mwmed
thermal_dispatch_mwh,"Thermal dispatch (generation)",energy_water,ons_open_data,daily,2015-01-17,16706.5583,mwmed
thermal_dispatch_mwh,"Thermal dispatch (generation)",energy_water,ons_open_data,daily,2015-01-18,16548.7012,mwmed
thermal_dispatch_mwh,"Thermal dispatch (generation)",energy_water,ons_open_data,daily,2015-01-19,16416.6442,mwmed
thermal_dispatch_mwh,"Thermal dispatch (generation)",energy_water,ons_open_data,daily,2015-01-20,16036.9034,mwmed
thermal_dispatch_mwh,"Thermal dispatch (generation)",energy_water,ons_open_data,daily,2015-01-21,16746.4029,mwmed
thermal_dispatch_mwh,"Thermal dispatch (generation)",energy_water,ons_open_data,daily,2015-01-22,16965.2473,mwmed
thermal_dispatch_mwh,"Thermal dispatch (generation)",energy_water,ons_open_data,daily,2015-01-23,17045.3259,mwmed
thermal_dispatch_mwh,"Thermal dispatch (generation)",energy_water,ons_open_data,daily,2015-01-24,16919.3248,mwmed
thermal_dispatch_mwh,"Thermal dispatch (generation)",energy_water,ons_open_data,daily,2015-01-25,17053.1820,mwmed
thermal_dispatch_mwh,"Thermal dispatch (generation)",energy_water,ons_open_data,daily,2015-01-26,16949.5164,mwmed
thermal_dispatch_mwh,"Thermal dispatch (generation)",energy_water,ons_open_data,daily,2015-01-27,17057.3144,mwmed
thermal_dispatch_mwh,"Thermal dispatch (generation)",energy_water,ons_open_data,daily,2015-01-28,16734.7533,mwmed
thermal_dispatch_mwh,"Thermal dispatch (generation)",energy_water,ons_open_data,daily,2015-01-29,16227.2063,mwmed
thermal_dispatch_mwh,"Thermal dispatch (generation)",energy_water,ons_open_data,daily,2015-01-30,15991.3878,mwmed
thermal_dispatch_mwh,"Thermal dispatch (generation)",energy_water,ons_open_data,daily,2015-01-31,15943.5820,mwmed
thermal_dispatch_mwh,"Thermal dispatch (generation)",energy_water,ons_open_data,daily,2015-02-01,16192.6775,mwmed
thermal_dispatch_mwh,"Thermal dispatch (generation)",energy_water,ons_open_data,daily,2015-02-02,16958.9463,mwmed
thermal_dispatch_mwh,"Thermal dispatch (generation)",energy_water,ons_open_data,daily,2015-02-03,16905.9663,mwmed
thermal_dispatch_mwh,"Thermal dispatch (generation)",energy_water,ons_open_data,daily,2015-02-04,17186.4759,mwmed
thermal_dispatch_mwh,"Thermal dispatch (generation)",energy_water,ons_open_data,daily,2015-02-05,17219.6931,mwmed
thermal_dispatch_mwh,"Thermal dispatch (generation)",energy_water,ons_open_data,daily,2015-02-06,17018.4254,mwmed
thermal_dispatch_mwh,"Thermal dispatch (generation)",energy_water,ons_open_data,daily,2015-02-07,16046.0970,mwmed
thermal_dispatch_mwh,"Thermal dispatch (generation)",energy_water,ons_open_data,daily,2015-02-08,15164.0335,mwmed
thermal_dispatch_mwh,"Thermal dispatch (generation)",energy_water,ons_open_data,daily,2015-02-09,16438.1083,mwmed
thermal_dispatch_mwh,"Thermal dispatch (generation)",energy_water,ons_open_data,daily,2015-02-10,16725.5705,mwmed
thermal_dispatch_mwh,"Thermal dispatch (generation)",energy_water,ons_open_data,daily,2015-02-11,16874.4098,mwmed
thermal_dispatch_mwh,"Thermal dispatch (generation)",energy_water,ons_open_data,daily,2015-02-12,16923.8980,mwmed
thermal_dispatch_mwh,"Thermal dispatch (generation)",energy_water,ons_open_data,daily,2015-02-13,16897.6774,mwmed
thermal_dispatch_mwh,"Thermal dispatch (generation)",energy_water,ons_open_data,daily,2015-02-14,17227.6028,mwmed
thermal_dispatch_mwh,"Thermal dispatch (generation)",energy_water,ons_open_data,daily,2015-02-15,16735.7994,mwmed
thermal_dispatch_mwh,"Thermal dispatch (generation)",energy_water,ons_open_data,daily,2015-02-16,17457.7596,mwmed
thermal_dispatch_mwh,"Thermal dispatch (generation)",energy_water,ons_open_data,daily,2015-02-17,17446.3460,mwmed
thermal_dispatch_mwh,"Thermal dispatch (generation)",energy_water,ons_open_data,daily,2015-02-18,17826.4770,mwmed
thermal_dispatch_mwh,"Thermal dispatch (generation)",energy_water,ons_open_data,daily,2015-02-19,16982.9654,mwmed
thermal_dispatch_mwh,"Thermal dispatch (generation)",energy_water,ons_open_data,daily,2015-02-20,16864.3106,mwmed
thermal_dispatch_mwh,"Thermal dispatch (generation)",energy_water,ons_open_data,daily,2015-02-21,17072.7049,mwmed
thermal_dispatch_mwh,"Thermal dispatch (generation)",energy_water,ons_open_data,daily,2015-02-22,17133.9980,mwmed
thermal_dispatch_mwh,"Thermal dispatch (generation)",energy_water,ons_open_data,daily,2015-02-23,17038.2265,mwmed
thermal_dispatch_mwh,"Thermal dispatch (generation)",energy_water,ons_open_data,daily,2015-02-24,16878.5627,mwmed
thermal_dispatch_mwh,"Thermal dispatch (generation)",energy_water,ons_open_data,daily,2015-02-25,17145.0046,mwmed
thermal_dispatch_mwh,"Thermal dispatch (generation)",energy_water,ons_open_data,daily,2015-02-26,16725.4490,mwmed
thermal_dispatch_mwh,"Thermal dispatch (generation)",energy_water,ons_open_data,daily,2015-02-27,16955.3368,mwmed
thermal_dispatch_mwh,"Thermal dispatch (generation)",energy_water,ons_open_data,daily,2015-02-28,17032.4392,mwmed
thermal_dispatch_mwh,"Thermal dispatch (generation)",energy_water,ons_open_data,daily,2015-03-01,17024.8450,mwmed
thermal_dispatch_mwh,"Thermal dispatch (generation)",energy_water,ons_open_data,daily,2015-03-02,17335.5738,mwmed
thermal_dispatch_mwh,"Thermal dispatch (generation)",energy_water,ons_open_data,daily,2015-03-03,17380.5313,mwmed
thermal_dispatch_mwh,"Thermal dispatch (generation)",energy_water,ons_open_data,daily,2015-03-04,17006.3790,mwmed
thermal_dispatch_mwh,"Thermal dispatch (generation)",energy_water,ons_open_data,daily,2015-03-05,17396.9622,mwmed
thermal_dispatch_mwh,"Thermal dispatch (generation)",energy_water,ons_open_data,daily,2015-03-06,17237.4879,mwmed
thermal_dispatch_mwh,"Thermal dispatch (generation)",energy_water,ons_open_data,daily,2015-03-07,16948.0511,mwmed
thermal_dispatch_mwh,"Thermal dispatch (generation)",energy_water,ons_open_data,daily,2015-03-08,16380.9213,mwmed
thermal_dispatch_mwh,"Thermal dispatch (generation)",energy_water,ons_open_data,daily,2015-03-09,16666.1435,mwmed
thermal_dispatch_mwh,"Thermal dispatch (generation)",energy_water,ons_open_data,daily,2015-03-10,17018.8754,mwmed
thermal_dispatch_mwh,"Thermal dispatch (generation)",energy_water,ons_open_data,daily,2015-03-11,16642.0775,mwmed
thermal_dispatch_mwh,"Thermal dispatch (generation)",energy_water,ons_open_data,daily,2015-03-12,17039.3020,mwmed
thermal_dispatch_mwh,"Thermal dispatch (generation)",energy_water,ons_open_data,daily,2015-03-13,17345.8947,mwmed
thermal_dispatch_mwh,"Thermal dispatch (generation)",energy_water,ons_open_data,daily,2015-03-14,17224.7084,mwmed
thermal_dispatch_mwh,"Thermal dispatch (generation)",energy_water,ons_open_data,daily,2015-03-15,16947.5114,mwmed
thermal_dispatch_mwh,"Thermal dispatch (generation)",energy_water,ons_open_data,daily,2015-03-16,16709.7627,mwmed
thermal_dispatch_mwh,"Thermal dispatch (generation)",energy_water,ons_open_data,daily,2015-03-17,16661.2016,mwmed
thermal_dispatch_mwh,"Thermal dispatch (generation)",energy_water,ons_open_data,daily,2015-03-18,17101.9592,mwmed
thermal_dispatch_mwh,"Thermal dispatch (generation)",energy_water,ons_open_data,daily,2015-03-19,16947.8909,mwmed
thermal_dispatch_mwh,"Thermal dispatch (generation)",energy_water,ons_open_data,daily,2015-03-20,17564.0575,mwmed
thermal_dispatch_mwh,"Thermal dispatch (generation)",energy_water,ons_open_data,daily,2015-03-21,17852.8419,mwmed
thermal_dispatch_mwh,"Thermal dispatch (generation)",energy_water,ons_open_data,daily,2015-03-22,17265.4998,mwmed
thermal_dispatch_mwh,"Thermal dispatch (generation)",energy_water,ons_open_data,daily,2015-03-23,17212.1776,mwmed
thermal_dispatch_mwh,"Thermal dispatch (generation)",energy_water,ons_open_data,daily,2015-03-24,17370.7875,mwmed
thermal_dispatch_mwh,"Thermal dispatch (generation)",energy_water,ons_open_data,daily,2015-03-25,16860.7676,mwmed
thermal_dispatch_mwh,"Thermal dispatch (generation)",energy_water,ons_open_data,daily,2015-03-26,16597.2765,mwmed
thermal_dispatch_mwh,"Thermal dispatch (generation)",energy_water,ons_open_data,daily,2015-03-27,16735.4721,mwmed
thermal_dispatch_mwh,"Thermal dispatch (generation)",energy_water,ons_open_data,daily,2015-03-28,16825.4059,mwmed
thermal_dispatch_mwh,"Thermal dispatch (generation)",energy_water,ons_open_data,daily,2015-03-29,17339.9178,mwmed
thermal_dispatch_mwh,"Thermal dispatch (generation)",energy_water,ons_open_data,daily,2015-03-30,17233.2248,mwmed
thermal_dispatch_mwh,"Thermal dispatch (generation)",energy_water,ons_open_data,daily,2015-03-31,16903.3617,mwmed
thermal_dispatch_mwh,"Thermal dispatch (generation)",energy_water,ons_open_data,daily,2015-04-01,17230.1360,mwmed
thermal_dispatch_mwh,"Thermal dispatch (generation)",energy_water,ons_open_data,daily,2015-04-02,16810.4689,mwmed
thermal_dispatch_mwh,"Thermal dispatch (generation)",energy_water,ons_open_data,daily,2015-04-03,15736.2205,mwmed
thermal_dispatch_mwh,"Thermal dispatch (generation)",energy_water,ons_open_data,daily,2015-04-04,16720.3546,mwmed
thermal_dispatch_mwh,"Thermal dispatch (generation)",energy_water,ons_open_data,daily,2015-04-05,16723.0010,mwmed
thermal_dispatch_mwh,"Thermal dispatch (generation)",energy_water,ons_open_data,daily,2015-04-06,17457.2370,mwmed
thermal_dispatch_mwh,"Thermal dispatch (generation)",energy_water,ons_open_data,daily,2015-04-07,17977.2444,mwmed
thermal_dispatch_mwh,"Thermal dispatch (generation)",energy_water,ons_open_data,daily,2015-04-08,17922.6497,mwmed
thermal_dispatch_mwh,"Thermal dispatch (generation)",energy_water,ons_open_data,daily,2015-04-10,17251.2368,mwmed
thermal_dispatch_mwh,"Thermal dispatch (generation)",energy_water,ons_open_data,daily,2015-04-11,16319.7458,mwmed
thermal_dispatch_mwh,"Thermal dispatch (generation)",energy_water,ons_open_data,daily,2015-04-12,15623.1587,mwmed
thermal_dispatch_mwh,"Thermal dispatch (generation)",energy_water,ons_open_data,daily,2015-04-13,17211.7679,mwmed
thermal_dispatch_mwh,"Thermal dispatch (generation)",energy_water,ons_open_data,daily,2015-04-14,16926.5065,mwmed
thermal_dispatch_mwh,"Thermal dispatch (generation)",energy_water,ons_open_data,daily,2015-04-15,16412.9084,mwmed
thermal_dispatch_mwh,"Thermal dispatch (generation)",energy_water,ons_open_data,daily,2015-04-16,16844.7117,mwmed
thermal_dispatch_mwh,"Thermal dispatch (generation)",energy_water,ons_open_data,daily,2015-04-17,16858.6093,mwmed
thermal_dispatch_mwh,"Thermal dispatch (generation)",energy_water,ons_open_data,daily,2015-04-18,15927.6550,mwmed
thermal_dispatch_mwh,"Thermal dispatch (generation)",energy_water,ons_open_data,daily,2015-04-19,15005.8433,mwmed
thermal_dispatch_mwh,"Thermal dispatch (generation)",energy_water,ons_open_data,daily,2015-04-20,15853.6480,mwmed
thermal_dispatch_mwh,"Thermal dispatch (generation)",energy_water,ons_open_data,daily,2015-04-21,15171.4632,mwmed
thermal_dispatch_mwh,"Thermal dispatch (generation)",energy_water,ons_open_data,daily,2015-04-22,16696.2115,mwmed
thermal_dispatch_mwh,"Thermal dispatch (generation)",energy_water,ons_open_data,daily,2015-04-23,16964.2537,mwmed
thermal_dispatch_mwh,"Thermal dispatch (generation)",energy_water,ons_open_data,daily,2015-04-24,16970.8597,mwmed
thermal_dispatch_mwh,"Thermal dispatch (generation)",energy_water,ons_open_data,daily,2015-04-25,16238.1507,mwmed
thermal_dispatch_mwh,"Thermal dispatch (generation)",energy_water,ons_open_data,daily,2015-04-26,14047.4925,mwmed
thermal_dispatch_mwh,"Thermal dispatch (generation)",energy_water,ons_open_data,daily,2015-04-27,15562.3203,mwmed
thermal_dispatch_mwh,"Thermal dispatch (generation)",energy_water,ons_open_data,daily,2015-04-28,15791.4250,mwmed
thermal_dispatch_mwh,"Thermal dispatch (generation)",energy_water,ons_open_data,daily,2015-04-29,15329.5549,mwmed
thermal_dispatch_mwh,"Thermal dispatch (generation)",energy_water,ons_open_data,daily,2015-04-30,15637.3549,mwmed
thermal_dispatch_mwh,"Thermal dispatch (generation)",energy_water,ons_open_data,daily,2015-05-01,13497.7233,mwmed
thermal_dispatch_mwh,"Thermal dispatch (generation)",energy_water,ons_open_data,daily,2015-05-02,13286.7393,mwmed
thermal_dispatch_mwh,"Thermal dispatch (generation)",energy_water,ons_open_data,daily,2015-05-03,13151.0872,mwmed
thermal_dispatch_mwh,"Thermal dispatch (generation)",energy_water,ons_open_data,daily,2015-05-04,14272.6843,mwmed
thermal_dispatch_mwh,"Thermal dispatch (generation)",energy_water,ons_open_data,daily,2015-05-05,15591.1717,mwmed
thermal_dispatch_mwh,"Thermal dispatch (generation)",energy_water,ons_open_data,daily,2015-05-06,15602.0482,mwmed
thermal_dispatch_mwh,"Thermal dispatch (generation)",energy_water,ons_open_data,daily,2015-05-07,14935.1611,mwmed
thermal_dispatch_mwh,"Thermal dispatch (generation)",energy_water,ons_open_data,daily,2015-05-08,14766.7351,mwmed
thermal_dispatch_mwh,"Thermal dispatch (generation)",energy_water,ons_open_data,daily,2015-05-09,14299.0287,mwmed
thermal_dispatch_mwh,"Thermal dispatch (generation)",energy_water,ons_open_data,daily,2015-05-10,12242.0857,mwmed
thermal_dispatch_mwh,"Thermal dispatch (generation)",energy_water,ons_open_data,daily,2015-05-11,14316.8625,mwmed
thermal_dispatch_mwh,"Thermal dispatch (generation)",energy_water,ons_open_data,daily,2015-05-12,15058.8210,mwmed
thermal_dispatch_mwh,"Thermal dispatch (generation)",energy_water,ons_open_data,daily,2015-05-13,15445.9167,mwmed
thermal_dispatch_mwh,"Thermal dispatch (generation)",energy_water,ons_open_data,daily,2015-05-14,15197.1794,mwmed
thermal_dispatch_mwh,"Thermal dispatch (generation)",energy_water,ons_open_data,daily,2015-05-15,15306.0970,mwmed
thermal_dispatch_mwh,"Thermal dispatch (generation)",energy_water,ons_open_data,daily,2015-05-16,15415.2825,mwmed
thermal_dispatch_mwh,"Thermal dispatch (generation)",energy_water,ons_open_data,daily,2015-05-17,13509.0409,mwmed
thermal_dispatch_mwh,"Thermal dispatch (generation)",energy_water,ons_open_data,daily,2015-05-18,15802.7818,mwmed
thermal_dispatch_mwh,"Thermal dispatch (generation)",energy_water,ons_open_data,daily,2015-05-19,15639.2933,mwmed
thermal_dispatch_mwh,"Thermal dispatch (generation)",energy_water,ons_open_data,daily,2015-05-20,16263.6133,mwmed
thermal_dispatch_mwh,"Thermal dispatch (generation)",energy_water,ons_open_data,daily,2015-05-21,16314.0515,mwmed
thermal_dispatch_mwh,"Thermal dispatch (generation)",energy_water,ons_open_data,daily,2015-05-22,16141.5816,mwmed
thermal_dispatch_mwh,"Thermal dispatch (generation)",energy_water,ons_open_data,daily,2015-05-23,15538.3731,mwmed
thermal_dispatch_mwh,"Thermal dispatch (generation)",energy_water,ons_open_data,daily,2015-05-24,13121.0630,mwmed
thermal_dispatch_mwh,"Thermal dispatch (generation)",energy_water,ons_open_data,daily,2015-05-25,15424.1500,mwmed
thermal_dispatch_mwh,"Thermal dispatch (generation)",energy_water,ons_open_data,daily,2015-05-26,16023.1510,mwmed
thermal_dispatch_mwh,"Thermal dispatch (generation)",energy_water,ons_open_data,daily,2015-05-27,16171.7995,mwmed
thermal_dispatch_mwh,"Thermal dispatch (generation)",energy_water,ons_open_data,daily,2015-05-28,16021.4018,mwmed
thermal_dispatch_mwh,"Thermal dispatch (generation)",energy_water,ons_open_data,daily,2015-05-29,15463.4533,mwmed
thermal_dispatch_mwh,"Thermal dispatch (generation)",energy_water,ons_open_data,daily,2015-05-30,14784.2763,mwmed
thermal_dispatch_mwh,"Thermal dispatch (generation)",energy_water,ons_open_data,daily,2015-05-31,12069.0541,mwmed
thermal_dispatch_mwh,"Thermal dispatch (generation)",energy_water,ons_open_data,daily,2015-06-01,14659.0548,mwmed
thermal_dispatch_mwh,"Thermal dispatch (generation)",energy_water,ons_open_data,daily,2015-06-02,15222.6880,mwmed
thermal_dispatch_mwh,"Thermal dispatch (generation)",energy_water,ons_open_data,daily,2015-06-03,15547.0542,mwmed
thermal_dispatch_mwh,"Thermal dispatch (generation)",energy_water,ons_open_data,daily,2015-06-04,14597.6509,mwmed
thermal_dispatch_mwh,"Thermal dispatch (generation)",energy_water,ons_open_data,daily,2015-06-05,16293.4357,mwmed
thermal_dispatch_mwh,"Thermal dispatch (generation)",energy_water,ons_open_data,daily,2015-06-06,16141.9858,mwmed
thermal_dispatch_mwh,"Thermal dispatch (generation)",energy_water,ons_open_data,daily,2015-06-07,15031.4628,mwmed
thermal_dispatch_mwh,"Thermal dispatch (generation)",energy_water,ons_open_data,daily,2015-06-08,15003.2685,mwmed
thermal_dispatch_mwh,"Thermal dispatch (generation)",energy_water,ons_open_data,daily,2015-06-09,16605.6263,mwmed
thermal_dispatch_mwh,"Thermal dispatch (generation)",energy_water,ons_open_data,daily,2015-06-10,16789.2877,mwmed
thermal_dispatch_mwh,"Thermal dispatch (generation)",energy_water,ons_open_data,daily,2015-06-11,16729.8296,mwmed
thermal_dispatch_mwh,"Thermal dispatch (generation)",energy_water,ons_open_data,daily,2015-06-12,17068.0597,mwmed
thermal_dispatch_mwh,"Thermal dispatch (generation)",energy_water,ons_open_data,daily,2015-06-13,17073.9407,mwmed
thermal_dispatch_mwh,"Thermal dispatch (generation)",energy_water,ons_open_data,daily,2015-06-14,15713.1205,mwmed
thermal_dispatch_mwh,"Thermal dispatch (generation)",energy_water,ons_open_data,daily,2015-06-15,15968.2034,mwmed
thermal_dispatch_mwh,"Thermal dispatch (generation)",energy_water,ons_open_data,daily,2015-06-16,15757.6295,mwmed
thermal_dispatch_mwh,"Thermal dispatch (generation)",energy_water,ons_open_data,daily,2015-06-17,15405.2094,mwmed
thermal_dispatch_mwh,"Thermal dispatch (generation)",energy_water,ons_open_data,daily,2015-06-18,15633.8626,mwmed
thermal_dispatch_mwh,"Thermal dispatch (generation)",energy_water,ons_open_data,daily,2015-06-19,15899.8580,mwmed
thermal_dispatch_mwh,"Thermal dispatch (generation)",energy_water,ons_open_data,daily,2015-06-20,15435.6290,mwmed
thermal_dispatch_mwh,"Thermal dispatch (generation)",energy_water,ons_open_data,daily,2015-06-21,13690.7980,mwmed
thermal_dispatch_mwh,"Thermal dispatch (generation)",energy_water,ons_open_data,daily,2015-06-22,16028.8367,mwmed
thermal_dispatch_mwh,"Thermal dispatch (generation)",energy_water,ons_open_data,daily,2015-06-23,16610.9952,mwmed
thermal_dispatch_mwh,"Thermal dispatch (generation)",energy_water,ons_open_data,daily,2015-06-24,16860.6450,mwmed
thermal_dispatch_mwh,"Thermal dispatch (generation)",energy_water,ons_open_data,daily,2015-06-25,16450.3035,mwmed
thermal_dispatch_mwh,"Thermal dispatch (generation)",energy_water,ons_open_data,daily,2015-06-26,16506.1913,mwmed
thermal_dispatch_mwh,"Thermal dispatch (generation)",energy_water,ons_open_data,daily,2015-06-27,16274.2434,mwmed
thermal_dispatch_mwh,"Thermal dispatch (generation)",energy_water,ons_open_data,daily,2015-06-28,12767.6832,mwmed
thermal_dispatch_mwh,"Thermal dispatch (generation)",energy_water,ons_open_data,daily,2015-06-29,15161.8577,mwmed
thermal_dispatch_mwh,"Thermal dispatch (generation)",energy_water,ons_open_data,daily,2015-06-30,16736.1947,mwmed
thermal_dispatch_mwh,"Thermal dispatch (generation)",energy_water,ons_open_data,daily,2015-07-01,16331.9802,mwmed
thermal_dispatch_mwh,"Thermal dispatch (generation)",energy_water,ons_open_data,daily,2015-07-02,16590.0006,mwmed
thermal_dispatch_mwh,"Thermal dispatch (generation)",energy_water,ons_open_data,daily,2015-07-03,16590.4602,mwmed
thermal_dispatch_mwh,"Thermal dispatch (generation)",energy_water,ons_open_data,daily,2015-07-04,17013.9179,mwmed
thermal_dispatch_mwh,"Thermal dispatch (generation)",energy_water,ons_open_data,daily,2015-07-05,14560.6698,mwmed
thermal_dispatch_mwh,"Thermal dispatch (generation)",energy_water,ons_open_data,daily,2015-07-06,16142.1993,mwmed
thermal_dispatch_mwh,"Thermal dispatch (generation)",energy_water,ons_open_data,daily,2015-07-07,16178.3651,mwmed
thermal_dispatch_mwh,"Thermal dispatch (generation)",energy_water,ons_open_data,daily,2015-07-08,16100.2023,mwmed
thermal_dispatch_mwh,"Thermal dispatch (generation)",energy_water,ons_open_data,daily,2015-07-09,15834.1681,mwmed
thermal_dispatch_mwh,"Thermal dispatch (generation)",energy_water,ons_open_data,daily,2015-07-10,15874.5418,mwmed
thermal_dispatch_mwh,"Thermal dispatch (generation)",energy_water,ons_open_data,daily,2015-07-11,11728.6884,mwmed
thermal_dispatch_mwh,"Thermal dispatch (generation)",energy_water,ons_open_data,daily,2015-07-12,10797.4184,mwmed
thermal_dispatch_mwh,"Thermal dispatch (generation)",energy_water,ons_open_data,daily,2015-07-13,13893.2216,mwmed
thermal_dispatch_mwh,"Thermal dispatch (generation)",energy_water,ons_open_data,daily,2015-07-14,15106.1190,mwmed
thermal_dispatch_mwh,"Thermal dispatch (generation)",energy_water,ons_open_data,daily,2015-07-15,15358.3202,mwmed
thermal_dispatch_mwh,"Thermal dispatch (generation)",energy_water,ons_open_data,daily,2015-07-16,15043.5760,mwmed
thermal_dispatch_mwh,"Thermal dispatch (generation)",energy_water,ons_open_data,daily,2015-07-17,14913.0002,mwmed
thermal_dispatch_mwh,"Thermal dispatch (generation)",energy_water,ons_open_data,daily,2015-07-18,10760.2988,mwmed
thermal_dispatch_mwh,"Thermal dispatch (generation)",energy_water,ons_open_data,daily,2015-07-19,10115.6972,mwmed
thermal_dispatch_mwh,"Thermal dispatch (generation)",energy_water,ons_open_data,daily,2015-07-20,13432.2668,mwmed
thermal_dispatch_mwh,"Thermal dispatch (generation)",energy_water,ons_open_data,daily,2015-07-21,14632.6117,mwmed
thermal_dispatch_mwh,"Thermal dispatch (generation)",energy_water,ons_open_data,daily,2015-07-22,14467.1942,mwmed
thermal_dispatch_mwh,"Thermal dispatch (generation)",energy_water,ons_open_data,daily,2015-07-23,14850.8408,mwmed
thermal_dispatch_mwh,"Thermal dispatch (generation)",energy_water,ons_open_data,daily,2015-07-24,14678.0150,mwmed
thermal_dispatch_mwh,"Thermal dispatch (generation)",energy_water,ons_open_data,daily,2015-07-25,11550.5961,mwmed
thermal_dispatch_mwh,"Thermal dispatch (generation)",energy_water,ons_open_data,daily,2015-07-26,10403.5601,mwmed
thermal_dispatch_mwh,"Thermal dispatch (generation)",energy_water,ons_open_data,daily,2015-07-27,13832.0131,mwmed
thermal_dispatch_mwh,"Thermal dispatch (generation)",energy_water,ons_open_data,daily,2015-07-28,14557.7116,mwmed
thermal_dispatch_mwh,"Thermal dispatch (generation)",energy_water,ons_open_data,daily,2015-07-29,15022.7915,mwmed
thermal_dispatch_mwh,"Thermal dispatch (generation)",energy_water,ons_open_data,daily,2015-07-30,14400.7147,mwmed
thermal_dispatch_mwh,"Thermal dispatch (generation)",energy_water,ons_open_data,daily,2015-07-31,15374.5743,mwmed
thermal_dispatch_mwh,"Thermal dispatch (generation)",energy_water,ons_open_data,daily,2015-08-01,10956.3631,mwmed
thermal_dispatch_mwh,"Thermal dispatch (generation)",energy_water,ons_open_data,daily,2015-08-02,9278.0554,mwmed
thermal_dispatch_mwh,"Thermal dispatch (generation)",energy_water,ons_open_data,daily,2015-08-03,14727.4885,mwmed
thermal_dispatch_mwh,"Thermal dispatch (generation)",energy_water,ons_open_data,daily,2015-08-04,15871.6963,mwmed
thermal_dispatch_mwh,"Thermal dispatch (generation)",energy_water,ons_open_data,daily,2015-08-05,14972.3990,mwmed
thermal_dispatch_mwh,"Thermal dispatch (generation)",energy_water,ons_open_data,daily,2015-08-06,16024.6095,mwmed
thermal_dispatch_mwh,"Thermal dispatch (generation)",energy_water,ons_open_data,daily,2015-08-07,16027.5958,mwmed
thermal_dispatch_mwh,"Thermal dispatch (generation)",energy_water,ons_open_data,daily,2015-08-08,11946.3767,mwmed
thermal_dispatch_mwh,"Thermal dispatch (generation)",energy_water,ons_open_data,daily,2015-08-09,10389.4324,mwmed
thermal_dispatch_mwh,"Thermal dispatch (generation)",energy_water,ons_open_data,daily,2015-08-10,14455.5895,mwmed
thermal_dispatch_mwh,"Thermal dispatch (generation)",energy_water,ons_open_data,daily,2015-08-11,15796.5970,mwmed
thermal_dispatch_mwh,"Thermal dispatch (generation)",energy_water,ons_open_data,daily,2015-08-12,15121.7168,mwmed
thermal_dispatch_mwh,"Thermal dispatch (generation)",energy_water,ons_open_data,daily,2015-08-13,15201.2133,mwmed
thermal_dispatch_mwh,"Thermal dispatch (generation)",energy_water,ons_open_data,daily,2015-08-14,15576.6514,mwmed
thermal_dispatch_mwh,"Thermal dispatch (generation)",energy_water,ons_open_data,daily,2015-08-15,12878.4431,mwmed
thermal_dispatch_mwh,"Thermal dispatch (generation)",energy_water,ons_open_data,daily,2015-08-16,11038.8085,mwmed
thermal_dispatch_mwh,"Thermal dispatch (generation)",energy_water,ons_open_data,daily,2015-08-17,14795.4845,mwmed
thermal_dispatch_mwh,"Thermal dispatch (generation)",energy_water,ons_open_data,daily,2015-08-18,16141.1459,mwmed
thermal_dispatch_mwh,"Thermal dispatch (generation)",energy_water,ons_open_data,daily,2015-08-19,15863.2007,mwmed
thermal_dispatch_mwh,"Thermal dispatch (generation)",energy_water,ons_open_data,daily,2015-08-20,16134.9945,mwmed
thermal_dispatch_mwh,"Thermal dispatch (generation)",energy_water,ons_open_data,daily,2015-08-21,15877.2820,mwmed
thermal_dispatch_mwh,"Thermal dispatch (generation)",energy_water,ons_open_data,daily,2015-08-22,15659.4651,mwmed
thermal_dispatch_mwh,"Thermal dispatch (generation)",energy_water,ons_open_data,daily,2015-08-23,13708.8163,mwmed
thermal_dispatch_mwh,"Thermal dispatch (generation)",energy_water,ons_open_data,daily,2015-08-24,15990.5356,mwmed
thermal_dispatch_mwh,"Thermal dispatch (generation)",energy_water,ons_open_data,daily,2015-08-25,16638.7091,mwmed
thermal_dispatch_mwh,"Thermal dispatch (generation)",energy_water,ons_open_data,daily,2015-08-26,16093.5867,mwmed
thermal_dispatch_mwh,"Thermal dispatch (generation)",energy_water,ons_open_data,daily,2015-08-27,15707.3565,mwmed
thermal_dispatch_mwh,"Thermal dispatch (generation)",energy_water,ons_open_data,daily,2015-08-28,15548.6130,mwmed
thermal_dispatch_mwh,"Thermal dispatch (generation)",energy_water,ons_open_data,daily,2015-08-29,16097.0278,mwmed
thermal_dispatch_mwh,"Thermal dispatch (generation)",energy_water,ons_open_data,daily,2015-08-30,15067.9161,mwmed
thermal_dispatch_mwh,"Thermal dispatch (generation)",energy_water,ons_open_data,daily,2015-08-31,15882.6976,mwmed
thermal_dispatch_mwh,"Thermal dispatch (generation)",energy_water,ons_open_data,daily,2015-09-01,15587.0980,mwmed
thermal_dispatch_mwh,"Thermal dispatch (generation)",energy_water,ons_open_data,daily,2015-09-02,15911.1555,mwmed
thermal_dispatch_mwh,"Thermal dispatch (generation)",energy_water,ons_open_data,daily,2015-09-03,15414.5380,mwmed
thermal_dispatch_mwh,"Thermal dispatch (generation)",energy_water,ons_open_data,daily,2015-09-04,15459.5692,mwmed
thermal_dispatch_mwh,"Thermal dispatch (generation)",energy_water,ons_open_data,daily,2015-09-05,15449.0698,mwmed
thermal_dispatch_mwh,"Thermal dispatch (generation)",energy_water,ons_open_data,daily,2015-09-06,15393.7890,mwmed
thermal_dispatch_mwh,"Thermal dispatch (generation)",energy_water,ons_open_data,daily,2015-09-07,15271.7095,mwmed
thermal_dispatch_mwh,"Thermal dispatch (generation)",energy_water,ons_open_data,daily,2015-09-08,15848.5844,mwmed
thermal_dispatch_mwh,"Thermal dispatch (generation)",energy_water,ons_open_data,daily,2015-09-09,15998.9469,mwmed
thermal_dispatch_mwh,"Thermal dispatch (generation)",energy_water,ons_open_data,daily,2015-09-10,15823.0096,mwmed
thermal_dispatch_mwh,"Thermal dispatch (generation)",energy_water,ons_open_data,daily,2015-09-11,15087.2485,mwmed
thermal_dispatch_mwh,"Thermal dispatch (generation)",energy_water,ons_open_data,daily,2015-09-12,15379.1627,mwmed
thermal_dispatch_mwh,"Thermal dispatch (generation)",energy_water,ons_open_data,daily,2015-09-13,15548.4472,mwmed
thermal_dispatch_mwh,"Thermal dispatch (generation)",energy_water,ons_open_data,daily,2015-09-14,16316.4036,mwmed
thermal_dispatch_mwh,"Thermal dispatch (generation)",energy_water,ons_open_data,daily,2015-09-15,16084.4180,mwmed
thermal_dispatch_mwh,"Thermal dispatch (generation)",energy_water,ons_open_data,daily,2015-09-16,16093.6430,mwmed
thermal_dispatch_mwh,"Thermal dispatch (generation)",energy_water,ons_open_data,daily,2015-09-17,15647.7354,mwmed
thermal_dispatch_mwh,"Thermal dispatch (generation)",energy_water,ons_open_data,daily,2015-09-18,15753.6149,mwmed
thermal_dispatch_mwh,"Thermal dispatch (generation)",energy_water,ons_open_data,daily,2015-09-19,15781.3500,mwmed
thermal_dispatch_mwh,"Thermal dispatch (generation)",energy_water,ons_open_data,daily,2015-09-20,16136.8605,mwmed
thermal_dispatch_mwh,"Thermal dispatch (generation)",energy_water,ons_open_data,daily,2015-09-21,16025.0857,mwmed
thermal_dispatch_mwh,"Thermal dispatch (generation)",energy_water,ons_open_data,daily,2015-09-22,15472.5162,mwmed
thermal_dispatch_mwh,"Thermal dispatch (generation)",energy_water,ons_open_data,daily,2015-09-23,15368.0905,mwmed
thermal_dispatch_mwh,"Thermal dispatch (generation)",energy_water,ons_open_data,daily,2015-09-24,15902.9750,mwmed
thermal_dispatch_mwh,"Thermal dispatch (generation)",energy_water,ons_open_data,daily,2015-09-25,15641.8626,mwmed
thermal_dispatch_mwh,"Thermal dispatch (generation)",energy_water,ons_open_data,daily,2015-09-26,14504.1530,mwmed
thermal_dispatch_mwh,"Thermal dispatch (generation)",energy_water,ons_open_data,daily,2015-09-27,14355.9832,mwmed
thermal_dispatch_mwh,"Thermal dispatch (generation)",energy_water,ons_open_data,daily,2015-09-28,14744.5524,mwmed
thermal_dispatch_mwh,"Thermal dispatch (generation)",energy_water,ons_open_data,daily,2015-09-29,15621.6399,mwmed
thermal_dispatch_mwh,"Thermal dispatch (generation)",energy_water,ons_open_data,daily,2015-09-30,15528.7444,mwmed
thermal_dispatch_mwh,"Thermal dispatch (generation)",energy_water,ons_open_data,daily,2015-10-01,15217.4781,mwmed
thermal_dispatch_mwh,"Thermal dispatch (generation)",energy_water,ons_open_data,daily,2015-10-02,15589.9718,mwmed
thermal_dispatch_mwh,"Thermal dispatch (generation)",energy_water,ons_open_data,daily,2015-10-03,15466.8254,mwmed
thermal_dispatch_mwh,"Thermal dispatch (generation)",energy_water,ons_open_data,daily,2015-10-04,14271.6409,mwmed
thermal_dispatch_mwh,"Thermal dispatch (generation)",energy_water,ons_open_data,daily,2015-10-05,14936.0736,mwmed
thermal_dispatch_mwh,"Thermal dispatch (generation)",energy_water,ons_open_data,daily,2015-10-06,14709.2433,mwmed
thermal_dispatch_mwh,"Thermal dispatch (generation)",energy_water,ons_open_data,daily,2015-10-07,14398.2025,mwmed
thermal_dispatch_mwh,"Thermal dispatch (generation)",energy_water,ons_open_data,daily,2015-10-08,13970.8742,mwmed
thermal_dispatch_mwh,"Thermal dispatch (generation)",energy_water,ons_open_data,daily,2015-10-09,14102.9588,mwmed
thermal_dispatch_mwh,"Thermal dispatch (generation)",energy_water,ons_open_data,daily,2015-10-10,14031.9125,mwmed
thermal_dispatch_mwh,"Thermal dispatch (generation)",energy_water,ons_open_data,daily,2015-10-11,13038.4000,mwmed
thermal_dispatch_mwh,"Thermal dispatch (generation)",energy_water,ons_open_data,daily,2015-10-12,13580.4930,mwmed
thermal_dispatch_mwh,"Thermal dispatch (generation)",energy_water,ons_open_data,daily,2015-10-13,13870.6816,mwmed
thermal_dispatch_mwh,"Thermal dispatch (generation)",energy_water,ons_open_data,daily,2015-10-14,14221.7471,mwmed
thermal_dispatch_mwh,"Thermal dispatch (generation)",energy_water,ons_open_data,daily,2015-10-15,14030.8138,mwmed
thermal_dispatch_mwh,"Thermal dispatch (generation)",energy_water,ons_open_data,daily,2015-10-16,14741.6826,mwmed
thermal_dispatch_mwh,"Thermal dispatch (generation)",energy_water,ons_open_data,daily,2015-10-17,14355.2343,mwmed
thermal_dispatch_mwh,"Thermal dispatch (generation)",energy_water,ons_open_data,daily,2015-10-18,13640.0172,mwmed
thermal_dispatch_mwh,"Thermal dispatch (generation)",energy_water,ons_open_data,daily,2015-10-19,13792.8174,mwmed
thermal_dispatch_mwh,"Thermal dispatch (generation)",energy_water,ons_open_data,daily,2015-10-20,14381.1464,mwmed
thermal_dispatch_mwh,"Thermal dispatch (generation)",energy_water,ons_open_data,daily,2015-10-21,14504.2594,mwmed
thermal_dispatch_mwh,"Thermal dispatch (generation)",energy_water,ons_open_data,daily,2015-10-22,14808.6061,mwmed
thermal_dispatch_mwh,"Thermal dispatch (generation)",energy_water,ons_open_data,daily,2015-10-23,14934.8188,mwmed
thermal_dispatch_mwh,"Thermal dispatch (generation)",energy_water,ons_open_data,daily,2015-10-24,14192.2648,mwmed
thermal_dispatch_mwh,"Thermal dispatch (generation)",energy_water,ons_open_data,daily,2015-10-25,13351.0816,mwmed
thermal_dispatch_mwh,"Thermal dispatch (generation)",energy_water,ons_open_data,daily,2015-10-26,13648.1239,mwmed
thermal_dispatch_mwh,"Thermal dispatch (generation)",energy_water,ons_open_data,daily,2015-10-27,14132.7219,mwmed
thermal_dispatch_mwh,"Thermal dispatch (generation)",energy_water,ons_open_data,daily,2015-10-28,15265.9170,mwmed
thermal_dispatch_mwh,"Thermal dispatch (generation)",energy_water,ons_open_data,daily,2015-10-29,15271.4359,mwmed
thermal_dispatch_mwh,"Thermal dispatch (generation)",energy_water,ons_open_data,daily,2015-10-30,15358.5219,mwmed
thermal_dispatch_mwh,"Thermal dispatch (generation)",energy_water,ons_open_data,daily,2015-10-31,15337.8363,mwmed
thermal_dispatch_mwh,"Thermal dispatch (generation)",energy_water,ons_open_data,daily,2015-11-01,13666.6079,mwmed
thermal_dispatch_mwh,"Thermal dispatch (generation)",energy_water,ons_open_data,daily,2015-11-02,13563.3930,mwmed
thermal_dispatch_mwh,"Thermal dispatch (generation)",energy_water,ons_open_data,daily,2015-11-03,14842.2250,mwmed
thermal_dispatch_mwh,"Thermal dispatch (generation)",energy_water,ons_open_data,daily,2015-11-04,15549.4438,mwmed
thermal_dispatch_mwh,"Thermal dispatch (generation)",energy_water,ons_open_data,daily,2015-11-05,15454.3372,mwmed
thermal_dispatch_mwh,"Thermal dispatch (generation)",energy_water,ons_open_data,daily,2015-11-06,15517.0379,mwmed
thermal_dispatch_mwh,"Thermal dispatch (generation)",energy_water,ons_open_data,daily,2015-11-07,15195.1800,mwmed
thermal_dispatch_mwh,"Thermal dispatch (generation)",energy_water,ons_open_data,daily,2015-11-08,13814.3210,mwmed
thermal_dispatch_mwh,"Thermal dispatch (generation)",energy_water,ons_open_data,daily,2015-11-09,14225.2987,mwmed
thermal_dispatch_mwh,"Thermal dispatch (generation)",energy_water,ons_open_data,daily,2015-11-10,14433.9494,mwmed
thermal_dispatch_mwh,"Thermal dispatch (generation)",energy_water,ons_open_data,daily,2015-11-11,15357.8356,mwmed
thermal_dispatch_mwh,"Thermal dispatch (generation)",energy_water,ons_open_data,daily,2015-11-12,15860.7493,mwmed
thermal_dispatch_mwh,"Thermal dispatch (generation)",energy_water,ons_open_data,daily,2015-11-13,15653.4808,mwmed
thermal_dispatch_mwh,"Thermal dispatch (generation)",energy_water,ons_open_data,daily,2015-11-14,15249.9264,mwmed
thermal_dispatch_mwh,"Thermal dispatch (generation)",energy_water,ons_open_data,daily,2015-11-15,13532.9293,mwmed
thermal_dispatch_mwh,"Thermal dispatch (generation)",energy_water,ons_open_data,daily,2015-11-16,14596.6480,mwmed
thermal_dispatch_mwh,"Thermal dispatch (generation)",energy_water,ons_open_data,daily,2015-11-17,16007.6253,mwmed
thermal_dispatch_mwh,"Thermal dispatch (generation)",energy_water,ons_open_data,daily,2015-11-18,15530.3040,mwmed
thermal_dispatch_mwh,"Thermal dispatch (generation)",energy_water,ons_open_data,daily,2015-11-19,15736.1748,mwmed
thermal_dispatch_mwh,"Thermal dispatch (generation)",energy_water,ons_open_data,daily,2015-11-20,15751.1558,mwmed
thermal_dispatch_mwh,"Thermal dispatch (generation)",energy_water,ons_open_data,daily,2015-11-21,15087.1182,mwmed
thermal_dispatch_mwh,"Thermal dispatch (generation)",energy_water,ons_open_data,daily,2015-11-22,13602.5996,mwmed
thermal_dispatch_mwh,"Thermal dispatch (generation)",energy_water,ons_open_data,daily,2015-11-23,15865.0927,mwmed
thermal_dispatch_mwh,"Thermal dispatch (generation)",energy_water,ons_open_data,daily,2015-11-24,16217.0088,mwmed
thermal_dispatch_mwh,"Thermal dispatch (generation)",energy_water,ons_open_data,daily,2015-11-25,16419.9537,mwmed
thermal_dispatch_mwh,"Thermal dispatch (generation)",energy_water,ons_open_data,daily,2015-11-26,16375.8907,mwmed
thermal_dispatch_mwh,"Thermal dispatch (generation)",energy_water,ons_open_data,daily,2015-11-27,16835.0987,mwmed
thermal_dispatch_mwh,"Thermal dispatch (generation)",energy_water,ons_open_data,daily,2015-11-28,15493.8517,mwmed
thermal_dispatch_mwh,"Thermal dispatch (generation)",energy_water,ons_open_data,daily,2015-11-29,14802.5887,mwmed
thermal_dispatch_mwh,"Thermal dispatch (generation)",energy_water,ons_open_data,daily,2015-11-30,16246.7849,mwmed
thermal_dispatch_mwh,"Thermal dispatch (generation)",energy_water,ons_open_data,daily,2015-12-01,16551.5544,mwmed
thermal_dispatch_mwh,"Thermal dispatch (generation)",energy_water,ons_open_data,daily,2015-12-02,15983.7721,mwmed
thermal_dispatch_mwh,"Thermal dispatch (generation)",energy_water,ons_open_data,daily,2015-12-03,15960.6785,mwmed
thermal_dispatch_mwh,"Thermal dispatch (generation)",energy_water,ons_open_data,daily,2015-12-04,16525.2063,mwmed
thermal_dispatch_mwh,"Thermal dispatch (generation)",energy_water,ons_open_data,daily,2015-12-05,15516.3174,mwmed
thermal_dispatch_mwh,"Thermal dispatch (generation)",energy_water,ons_open_data,daily,2015-12-06,14858.1070,mwmed
thermal_dispatch_mwh,"Thermal dispatch (generation)",energy_water,ons_open_data,daily,2015-12-07,15439.6631,mwmed
thermal_dispatch_mwh,"Thermal dispatch (generation)",energy_water,ons_open_data,daily,2015-12-08,14701.3151,mwmed
thermal_dispatch_mwh,"Thermal dispatch (generation)",energy_water,ons_open_data,daily,2015-12-09,14854.2462,mwmed
thermal_dispatch_mwh,"Thermal dispatch (generation)",energy_water,ons_open_data,daily,2015-12-10,15584.1063,mwmed
thermal_dispatch_mwh,"Thermal dispatch (generation)",energy_water,ons_open_data,daily,2015-12-11,15127.1177,mwmed
thermal_dispatch_mwh,"Thermal dispatch (generation)",energy_water,ons_open_data,daily,2015-12-12,14806.5888,mwmed
thermal_dispatch_mwh,"Thermal dispatch (generation)",energy_water,ons_open_data,daily,2015-12-13,12962.9000,mwmed
thermal_dispatch_mwh,"Thermal dispatch (generation)",energy_water,ons_open_data,daily,2015-12-14,14576.2615,mwmed
thermal_dispatch_mwh,"Thermal dispatch (generation)",energy_water,ons_open_data,daily,2015-12-15,15232.2985,mwmed
thermal_dispatch_mwh,"Thermal dispatch (generation)",energy_water,ons_open_data,daily,2015-12-16,15102.0613,mwmed
thermal_dispatch_mwh,"Thermal dispatch (generation)",energy_water,ons_open_data,daily,2015-12-17,15225.1477,mwmed
thermal_dispatch_mwh,"Thermal dispatch (generation)",energy_water,ons_open_data,daily,2015-12-18,15073.4258,mwmed
thermal_dispatch_mwh,"Thermal dispatch (generation)",energy_water,ons_open_data,daily,2015-12-19,14591.6434,mwmed
thermal_dispatch_mwh,"Thermal dispatch (generation)",energy_water,ons_open_data,daily,2015-12-20,13202.1094,mwmed
thermal_dispatch_mwh,"Thermal dispatch (generation)",energy_water,ons_open_data,daily,2015-12-21,14520.3955,mwmed
thermal_dispatch_mwh,"Thermal dispatch (generation)",energy_water,ons_open_data,daily,2015-12-22,15130.2454,mwmed
thermal_dispatch_mwh,"Thermal dispatch (generation)",energy_water,ons_open_data,daily,2015-12-23,15241.8449,mwmed
thermal_dispatch_mwh,"Thermal dispatch (generation)",energy_water,ons_open_data,daily,2015-12-24,13316.9005,mwmed
thermal_dispatch_mwh,"Thermal dispatch (generation)",energy_water,ons_open_data,daily,2015-12-25,11562.9342,mwmed
thermal_dispatch_mwh,"Thermal dispatch (generation)",energy_water,ons_open_data,daily,2015-12-26,12432.4715,mwmed
thermal_dispatch_mwh,"Thermal dispatch (generation)",energy_water,ons_open_data,daily,2015-12-27,12004.5499,mwmed
thermal_dispatch_mwh,"Thermal dispatch (generation)",energy_water,ons_open_data,daily,2015-12-28,14006.6216,mwmed
thermal_dispatch_mwh,"Thermal dispatch (generation)",energy_water,ons_open_data,daily,2015-12-29,13889.6748,mwmed
thermal_dispatch_mwh,"Thermal dispatch (generation)",energy_water,ons_open_data,daily,2015-12-30,13082.6886,mwmed
thermal_dispatch_mwh,"Thermal dispatch (generation)",energy_water,ons_open_data,daily,2015-12-31,11536.7060,mwmed
thermal_dispatch_mwh,"Thermal dispatch (generation)",energy_water,ons_open_data,daily,2016-01-01,11111.6983,mwmed
thermal_dispatch_mwh,"Thermal dispatch (generation)",energy_water,ons_open_data,daily,2016-01-02,12280.8597,mwmed
thermal_dispatch_mwh,"Thermal dispatch (generation)",energy_water,ons_open_data,daily,2016-01-03,11315.8652,mwmed
thermal_dispatch_mwh,"Thermal dispatch (generation)",energy_water,ons_open_data,daily,2016-01-04,13383.6712,mwmed
thermal_dispatch_mwh,"Thermal dispatch (generation)",energy_water,ons_open_data,daily,2016-01-05,14664.6252,mwmed
thermal_dispatch_mwh,"Thermal dispatch (generation)",energy_water,ons_open_data,daily,2016-01-06,14466.5204,mwmed
thermal_dispatch_mwh,"Thermal dispatch (generation)",energy_water,ons_open_data,daily,2016-01-07,14834.9320,mwmed
thermal_dispatch_mwh,"Thermal dispatch (generation)",energy_water,ons_open_data,daily,2016-01-08,14352.8957,mwmed
thermal_dispatch_mwh,"Thermal dispatch (generation)",energy_water,ons_open_data,daily,2016-01-09,14046.0017,mwmed
thermal_dispatch_mwh,"Thermal dispatch (generation)",energy_water,ons_open_data,daily,2016-01-10,12127.6164,mwmed
thermal_dispatch_mwh,"Thermal dispatch (generation)",energy_water,ons_open_data,daily,2016-01-11,14088.9357,mwmed
thermal_dispatch_mwh,"Thermal dispatch (generation)",energy_water,ons_open_data,daily,2016-01-12,14843.5199,mwmed
thermal_dispatch_mwh,"Thermal dispatch (generation)",energy_water,ons_open_data,daily,2016-01-13,15171.6299,mwmed
thermal_dispatch_mwh,"Thermal dispatch (generation)",energy_water,ons_open_data,daily,2016-01-14,15442.9590,mwmed
thermal_dispatch_mwh,"Thermal dispatch (generation)",energy_water,ons_open_data,daily,2016-01-15,15697.4920,mwmed
thermal_dispatch_mwh,"Thermal dispatch (generation)",energy_water,ons_open_data,daily,2016-01-16,12873.4216,mwmed
thermal_dispatch_mwh,"Thermal dispatch (generation)",energy_water,ons_open_data,daily,2016-01-17,12098.8735,mwmed
thermal_dispatch_mwh,"Thermal dispatch (generation)",energy_water,ons_open_data,daily,2016-01-18,13931.1687,mwmed
thermal_dispatch_mwh,"Thermal dispatch (generation)",energy_water,ons_open_data,daily,2016-01-19,13989.7080,mwmed
thermal_dispatch_mwh,"Thermal dispatch (generation)",energy_water,ons_open_data,daily,2016-01-20,13972.1250,mwmed
thermal_dispatch_mwh,"Thermal dispatch (generation)",energy_water,ons_open_data,daily,2016-01-21,13958.8635,mwmed
thermal_dispatch_mwh,"Thermal dispatch (generation)",energy_water,ons_open_data,daily,2016-01-22,13587.3484,mwmed
thermal_dispatch_mwh,"Thermal dispatch (generation)",energy_water,ons_open_data,daily,2016-01-23,11949.4114,mwmed
thermal_dispatch_mwh,"Thermal dispatch (generation)",energy_water,ons_open_data,daily,2016-01-24,10716.2616,mwmed
thermal_dispatch_mwh,"Thermal dispatch (generation)",energy_water,ons_open_data,daily,2016-01-25,12617.0143,mwmed
thermal_dispatch_mwh,"Thermal dispatch (generation)",energy_water,ons_open_data,daily,2016-01-26,14405.1522,mwmed
thermal_dispatch_mwh,"Thermal dispatch (generation)",energy_water,ons_open_data,daily,2016-01-27,13882.3511,mwmed
thermal_dispatch_mwh,"Thermal dispatch (generation)",energy_water,ons_open_data,daily,2016-01-28,14009.1650,mwmed
thermal_dispatch_mwh,"Thermal dispatch (generation)",energy_water,ons_open_data,daily,2016-01-29,12122.1665,mwmed
thermal_dispatch_mwh,"Thermal dispatch (generation)",energy_water,ons_open_data,daily,2016-01-30,9038.6400,mwmed
thermal_dispatch_mwh,"Thermal dispatch (generation)",energy_water,ons_open_data,daily,2016-01-31,9017.9303,mwmed
thermal_dispatch_mwh,"Thermal dispatch (generation)",energy_water,ons_open_data,daily,2016-02-01,12603.1116,mwmed
thermal_dispatch_mwh,"Thermal dispatch (generation)",energy_water,ons_open_data,daily,2016-02-02,13243.7584,mwmed
thermal_dispatch_mwh,"Thermal dispatch (generation)",energy_water,ons_open_data,daily,2016-02-03,13529.3127,mwmed
thermal_dispatch_mwh,"Thermal dispatch (generation)",energy_water,ons_open_data,daily,2016-02-04,13020.0858,mwmed
thermal_dispatch_mwh,"Thermal dispatch (generation)",energy_water,ons_open_data,daily,2016-02-05,12765.2691,mwmed
thermal_dispatch_mwh,"Thermal dispatch (generation)",energy_water,ons_open_data,daily,2016-02-06,9649.3522,mwmed
thermal_dispatch_mwh,"Thermal dispatch (generation)",energy_water,ons_open_data,daily,2016-02-07,9740.4572,mwmed
thermal_dispatch_mwh,"Thermal dispatch (generation)",energy_water,ons_open_data,daily,2016-02-08,9700.6982,mwmed
thermal_dispatch_mwh,"Thermal dispatch (generation)",energy_water,ons_open_data,daily,2016-02-09,9772.3215,mwmed
thermal_dispatch_mwh,"Thermal dispatch (generation)",energy_water,ons_open_data,daily,2016-02-10,11334.5918,mwmed
thermal_dispatch_mwh,"Thermal dispatch (generation)",energy_water,ons_open_data,daily,2016-02-11,13567.6013,mwmed
thermal_dispatch_mwh,"Thermal dispatch (generation)",energy_water,ons_open_data,daily,2016-02-12,14285.1933,mwmed
thermal_dispatch_mwh,"Thermal dispatch (generation)",energy_water,ons_open_data,daily,2016-02-13,11396.3269,mwmed
thermal_dispatch_mwh,"Thermal dispatch (generation)",energy_water,ons_open_data,daily,2016-02-14,10590.0413,mwmed
thermal_dispatch_mwh,"Thermal dispatch (generation)",energy_water,ons_open_data,daily,2016-02-15,13238.7263,mwmed
thermal_dispatch_mwh,"Thermal dispatch (generation)",energy_water,ons_open_data,daily,2016-02-16,14518.3135,mwmed
thermal_dispatch_mwh,"Thermal dispatch (generation)",energy_water,ons_open_data,daily,2016-02-17,13385.5468,mwmed
thermal_dispatch_mwh,"Thermal dispatch (generation)",energy_water,ons_open_data,daily,2016-02-18,13571.8880,mwmed
thermal_dispatch_mwh,"Thermal dispatch (generation)",energy_water,ons_open_data,daily,2016-02-19,13994.8213,mwmed
thermal_dispatch_mwh,"Thermal dispatch (generation)",energy_water,ons_open_data,daily,2016-02-20,10789.3375,mwmed
thermal_dispatch_mwh,"Thermal dispatch (generation)",energy_water,ons_open_data,daily,2016-02-21,9599.0215,mwmed
thermal_dispatch_mwh,"Thermal dispatch (generation)",energy_water,ons_open_data,daily,2016-02-22,12044.9833,mwmed
thermal_dispatch_mwh,"Thermal dispatch (generation)",energy_water,ons_open_data,daily,2016-02-23,12665.8601,mwmed
thermal_dispatch_mwh,"Thermal dispatch (generation)",energy_water,ons_open_data,daily,2016-02-24,12962.4730,mwmed
thermal_dispatch_mwh,"Thermal dispatch (generation)",energy_water,ons_open_data,daily,2016-02-25,12464.9500,mwmed
thermal_dispatch_mwh,"Thermal dispatch (generation)",energy_water,ons_open_data,daily,2016-02-26,12612.9967,mwmed
thermal_dispatch_mwh,"Thermal dispatch (generation)",energy_water,ons_open_data,daily,2016-02-27,8820.4527,mwmed
thermal_dispatch_mwh,"Thermal dispatch (generation)",energy_water,ons_open_data,daily,2016-02-28,8296.1751,mwmed
thermal_dispatch_mwh,"Thermal dispatch (generation)",energy_water,ons_open_data,daily,2016-02-29,11589.3672,mwmed
thermal_dispatch_mwh,"Thermal dispatch (generation)",energy_water,ons_open_data,daily,2016-03-01,11353.8749,mwmed
thermal_dispatch_mwh,"Thermal dispatch (generation)",energy_water,ons_open_data,daily,2016-03-02,10948.3225,mwmed
thermal_dispatch_mwh,"Thermal dispatch (generation)",energy_water,ons_open_data,daily,2016-03-03,11282.0775,mwmed
thermal_dispatch_mwh,"Thermal dispatch (generation)",energy_water,ons_open_data,daily,2016-03-04,11298.8311,mwmed
thermal_dispatch_mwh,"Thermal dispatch (generation)",energy_water,ons_open_data,daily,2016-03-05,9388.8474,mwmed
thermal_dispatch_mwh,"Thermal dispatch (generation)",energy_water,ons_open_data,daily,2016-03-06,9092.9243,mwmed
thermal_dispatch_mwh,"Thermal dispatch (generation)",energy_water,ons_open_data,daily,2016-03-07,10790.5993,mwmed
thermal_dispatch_mwh,"Thermal dispatch (generation)",energy_water,ons_open_data,daily,2016-03-08,11730.7348,mwmed
thermal_dispatch_mwh,"Thermal dispatch (generation)",energy_water,ons_open_data,daily,2016-03-09,12198.2944,mwmed
thermal_dispatch_mwh,"Thermal dispatch (generation)",energy_water,ons_open_data,daily,2016-03-10,11981.0247,mwmed
thermal_dispatch_mwh,"Thermal dispatch (generation)",energy_water,ons_open_data,daily,2016-03-11,11599.0623,mwmed
thermal_dispatch_mwh,"Thermal dispatch (generation)",energy_water,ons_open_data,daily,2016-03-12,9925.7403,mwmed
thermal_dispatch_mwh,"Thermal dispatch (generation)",energy_water,ons_open_data,daily,2016-03-13,8708.8668,mwmed
thermal_dispatch_mwh,"Thermal dispatch (generation)",energy_water,ons_open_data,daily,2016-03-14,10044.3069,mwmed
thermal_dispatch_mwh,"Thermal dispatch (generation)",energy_water,ons_open_data,daily,2016-03-15,10476.7356,mwmed
thermal_dispatch_mwh,"Thermal dispatch (generation)",energy_water,ons_open_data,daily,2016-03-16,10333.2531,mwmed
thermal_dispatch_mwh,"Thermal dispatch (generation)",energy_water,ons_open_data,daily,2016-03-17,10194.3748,mwmed
thermal_dispatch_mwh,"Thermal dispatch (generation)",energy_water,ons_open_data,daily,2016-03-18,10176.3787,mwmed
thermal_dispatch_mwh,"Thermal dispatch (generation)",energy_water,ons_open_data,daily,2016-03-19,8936.6613,mwmed
thermal_dispatch_mwh,"Thermal dispatch (generation)",energy_water,ons_open_data,daily,2016-03-20,9184.9275,mwmed
thermal_dispatch_mwh,"Thermal dispatch (generation)",energy_water,ons_open_data,daily,2016-03-21,11033.5034,mwmed
thermal_dispatch_mwh,"Thermal dispatch (generation)",energy_water,ons_open_data,daily,2016-03-22,11598.9736,mwmed
thermal_dispatch_mwh,"Thermal dispatch (generation)",energy_water,ons_open_data,daily,2016-03-23,11515.7538,mwmed
thermal_dispatch_mwh,"Thermal dispatch (generation)",energy_water,ons_open_data,daily,2016-03-24,11354.5742,mwmed
thermal_dispatch_mwh,"Thermal dispatch (generation)",energy_water,ons_open_data,daily,2016-03-25,8514.3470,mwmed
thermal_dispatch_mwh,"Thermal dispatch (generation)",energy_water,ons_open_data,daily,2016-03-26,8260.6690,mwmed
thermal_dispatch_mwh,"Thermal dispatch (generation)",energy_water,ons_open_data,daily,2016-03-27,8479.5633,mwmed
thermal_dispatch_mwh,"Thermal dispatch (generation)",energy_water,ons_open_data,daily,2016-03-28,10595.3927,mwmed
thermal_dispatch_mwh,"Thermal dispatch (generation)",energy_water,ons_open_data,daily,2016-03-29,10947.2401,mwmed
thermal_dispatch_mwh,"Thermal dispatch (generation)",energy_water,ons_open_data,daily,2016-03-30,11202.3687,mwmed
thermal_dispatch_mwh,"Thermal dispatch (generation)",energy_water,ons_open_data,daily,2016-03-31,11978.9538,mwmed
thermal_dispatch_mwh,"Thermal dispatch (generation)",energy_water,ons_open_data,daily,2016-04-01,11585.9357,mwmed
thermal_dispatch_mwh,"Thermal dispatch (generation)",energy_water,ons_open_data,daily,2016-04-02,9978.1642,mwmed
thermal_dispatch_mwh,"Thermal dispatch (generation)",energy_water,ons_open_data,daily,2016-04-03,9137.8840,mwmed
thermal_dispatch_mwh,"Thermal dispatch (generation)",energy_water,ons_open_data,daily,2016-04-04,11404.9532,mwmed
thermal_dispatch_mwh,"Thermal dispatch (generation)",energy_water,ons_open_data,daily,2016-04-05,9854.6467,mwmed
thermal_dispatch_mwh,"Thermal dispatch (generation)",energy_water,ons_open_data,daily,2016-04-06,9884.3400,mwmed
thermal_dispatch_mwh,"Thermal dispatch (generation)",energy_water,ons_open_data,daily,2016-04-07,9895.5647,mwmed
thermal_dispatch_mwh,"Thermal dispatch (generation)",energy_water,ons_open_data,daily,2016-04-08,10556.1665,mwmed
thermal_dispatch_mwh,"Thermal dispatch (generation)",energy_water,ons_open_data,daily,2016-04-09,8894.8802,mwmed
thermal_dispatch_mwh,"Thermal dispatch (generation)",energy_water,ons_open_data,daily,2016-04-10,8302.9112,mwmed
thermal_dispatch_mwh,"Thermal dispatch (generation)",energy_water,ons_open_data,daily,2016-04-11,10108.0239,mwmed
thermal_dispatch_mwh,"Thermal dispatch (generation)",energy_water,ons_open_data,daily,2016-04-12,10407.7840,mwmed
thermal_dispatch_mwh,"Thermal dispatch (generation)",energy_water,ons_open_data,daily,2016-04-13,10307.4841,mwmed
thermal_dispatch_mwh,"Thermal dispatch (generation)",energy_water,ons_open_data,daily,2016-04-14,12260.6716,mwmed
thermal_dispatch_mwh,"Thermal dispatch (generation)",energy_water,ons_open_data,daily,2016-04-15,12369.0914,mwmed
thermal_dispatch_mwh,"Thermal dispatch (generation)",energy_water,ons_open_data,daily,2016-04-16,12117.5575,mwmed
thermal_dispatch_mwh,"Thermal dispatch (generation)",energy_water,ons_open_data,daily,2016-04-17,11689.6730,mwmed
thermal_dispatch_mwh,"Thermal dispatch (generation)",energy_water,ons_open_data,daily,2016-04-18,11535.4084,mwmed
thermal_dispatch_mwh,"Thermal dispatch (generation)",energy_water,ons_open_data,daily,2016-04-19,11927.2815,mwmed
thermal_dispatch_mwh,"Thermal dispatch (generation)",energy_water,ons_open_data,daily,2016-04-20,11771.1010,mwmed
thermal_dispatch_mwh,"Thermal dispatch (generation)",energy_water,ons_open_data,daily,2016-04-21,12599.9407,mwmed
thermal_dispatch_mwh,"Thermal dispatch (generation)",energy_water,ons_open_data,daily,2016-04-22,12755.0215,mwmed
thermal_dispatch_mwh,"Thermal dispatch (generation)",energy_water,ons_open_data,daily,2016-04-23,12649.1615,mwmed
thermal_dispatch_mwh,"Thermal dispatch (generation)",energy_water,ons_open_data,daily,2016-04-24,11822.6300,mwmed
thermal_dispatch_mwh,"Thermal dispatch (generation)",energy_water,ons_open_data,daily,2016-04-25,12114.6605,mwmed
thermal_dispatch_mwh,"Thermal dispatch (generation)",energy_water,ons_open_data,daily,2016-04-26,11712.7170,mwmed
thermal_dispatch_mwh,"Thermal dispatch (generation)",energy_water,ons_open_data,daily,2016-04-27,11085.9597,mwmed
thermal_dispatch_mwh,"Thermal dispatch (generation)",energy_water,ons_open_data,daily,2016-04-28,11378.3734,mwmed
thermal_dispatch_mwh,"Thermal dispatch (generation)",energy_water,ons_open_data,daily,2016-04-29,12001.4711,mwmed
thermal_dispatch_mwh,"Thermal dispatch (generation)",energy_water,ons_open_data,daily,2016-04-30,11327.5251,mwmed
thermal_dispatch_mwh,"Thermal dispatch (generation)",energy_water,ons_open_data,daily,2016-05-01,11186.6254,mwmed
thermal_dispatch_mwh,"Thermal dispatch (generation)",energy_water,ons_open_data,daily,2016-05-02,10955.5243,mwmed
thermal_dispatch_mwh,"Thermal dispatch (generation)",energy_water,ons_open_data,daily,2016-05-03,10647.2501,mwmed
thermal_dispatch_mwh,"Thermal dispatch (generation)",energy_water,ons_open_data,daily,2016-05-04,10300.5775,mwmed
thermal_dispatch_mwh,"Thermal dispatch (generation)",energy_water,ons_open_data,daily,2016-05-05,10663.5043,mwmed
thermal_dispatch_mwh,"Thermal dispatch (generation)",energy_water,ons_open_data,daily,2016-05-06,11131.7214,mwmed
thermal_dispatch_mwh,"Thermal dispatch (generation)",energy_water,ons_open_data,daily,2016-05-07,9567.2522,mwmed
thermal_dispatch_mwh,"Thermal dispatch (generation)",energy_water,ons_open_data,daily,2016-05-08,9959.8112,mwmed
thermal_dispatch_mwh,"Thermal dispatch (generation)",energy_water,ons_open_data,daily,2016-05-09,10016.3394,mwmed
thermal_dispatch_mwh,"Thermal dispatch (generation)",energy_water,ons_open_data,daily,2016-05-10,9710.9683,mwmed
thermal_dispatch_mwh,"Thermal dispatch (generation)",energy_water,ons_open_data,daily,2016-05-11,10581.7547,mwmed
thermal_dispatch_mwh,"Thermal dispatch (generation)",energy_water,ons_open_data,daily,2016-05-12,10325.2687,mwmed
thermal_dispatch_mwh,"Thermal dispatch (generation)",energy_water,ons_open_data,daily,2016-05-13,10600.7010,mwmed
thermal_dispatch_mwh,"Thermal dispatch (generation)",energy_water,ons_open_data,daily,2016-05-14,10782.7089,mwmed
thermal_dispatch_mwh,"Thermal dispatch (generation)",energy_water,ons_open_data,daily,2016-05-15,9986.7230,mwmed
thermal_dispatch_mwh,"Thermal dispatch (generation)",energy_water,ons_open_data,daily,2016-05-16,10038.5133,mwmed
thermal_dispatch_mwh,"Thermal dispatch (generation)",energy_water,ons_open_data,daily,2016-05-17,10101.0535,mwmed
thermal_dispatch_mwh,"Thermal dispatch (generation)",energy_water,ons_open_data,daily,2016-05-18,10239.4970,mwmed
thermal_dispatch_mwh,"Thermal dispatch (generation)",energy_water,ons_open_data,daily,2016-05-19,9455.3369,mwmed
thermal_dispatch_mwh,"Thermal dispatch (generation)",energy_water,ons_open_data,daily,2016-05-20,9644.7372,mwmed
thermal_dispatch_mwh,"Thermal dispatch (generation)",energy_water,ons_open_data,daily,2016-05-21,10504.2192,mwmed
thermal_dispatch_mwh,"Thermal dispatch (generation)",energy_water,ons_open_data,daily,2016-05-22,9933.4969,mwmed
thermal_dispatch_mwh,"Thermal dispatch (generation)",energy_water,ons_open_data,daily,2016-05-23,10493.2347,mwmed
thermal_dispatch_mwh,"Thermal dispatch (generation)",energy_water,ons_open_data,daily,2016-05-24,10675.1500,mwmed
thermal_dispatch_mwh,"Thermal dispatch (generation)",energy_water,ons_open_data,daily,2016-05-25,10038.9905,mwmed
thermal_dispatch_mwh,"Thermal dispatch (generation)",energy_water,ons_open_data,daily,2016-05-26,8866.2977,mwmed
thermal_dispatch_mwh,"Thermal dispatch (generation)",energy_water,ons_open_data,daily,2016-05-27,9620.9091,mwmed
thermal_dispatch_mwh,"Thermal dispatch (generation)",energy_water,ons_open_data,daily,2016-05-28,8918.4845,mwmed
thermal_dispatch_mwh,"Thermal dispatch (generation)",energy_water,ons_open_data,daily,2016-05-29,8873.1830,mwmed
thermal_dispatch_mwh,"Thermal dispatch (generation)",energy_water,ons_open_data,daily,2016-05-30,10025.3412,mwmed
thermal_dispatch_mwh,"Thermal dispatch (generation)",energy_water,ons_open_data,daily,2016-05-31,10926.2865,mwmed
thermal_dispatch_mwh,"Thermal dispatch (generation)",energy_water,ons_open_data,daily,2016-06-01,10424.3972,mwmed
thermal_dispatch_mwh,"Thermal dispatch (generation)",energy_water,ons_open_data,daily,2016-06-02,10809.0637,mwmed
thermal_dispatch_mwh,"Thermal dispatch (generation)",energy_water,ons_open_data,daily,2016-06-03,11345.9806,mwmed
thermal_dispatch_mwh,"Thermal dispatch (generation)",energy_water,ons_open_data,daily,2016-06-04,11045.9688,mwmed
thermal_dispatch_mwh,"Thermal dispatch (generation)",energy_water,ons_open_data,daily,2016-06-05,10167.1355,mwmed
thermal_dispatch_mwh,"Thermal dispatch (generation)",energy_water,ons_open_data,daily,2016-06-06,12573.0787,mwmed
thermal_dispatch_mwh,"Thermal dispatch (generation)",energy_water,ons_open_data,daily,2016-06-07,13196.4590,mwmed
thermal_dispatch_mwh,"Thermal dispatch (generation)",energy_water,ons_open_data,daily,2016-06-08,13668.1310,mwmed
thermal_dispatch_mwh,"Thermal dispatch (generation)",energy_water,ons_open_data,daily,2016-06-09,13202.9733,mwmed
thermal_dispatch_mwh,"Thermal dispatch (generation)",energy_water,ons_open_data,daily,2016-06-10,13463.6591,mwmed
thermal_dispatch_mwh,"Thermal dispatch (generation)",energy_water,ons_open_data,daily,2016-06-11,11848.7028,mwmed
thermal_dispatch_mwh,"Thermal dispatch (generation)",energy_water,ons_open_data,daily,2016-06-12,10600.8679,mwmed
thermal_dispatch_mwh,"Thermal dispatch (generation)",energy_water,ons_open_data,daily,2016-06-13,10599.8933,mwmed
thermal_dispatch_mwh,"Thermal dispatch (generation)",energy_water,ons_open_data,daily,2016-06-14,9796.2571,mwmed
thermal_dispatch_mwh,"Thermal dispatch (generation)",energy_water,ons_open_data,daily,2016-06-15,10340.3776,mwmed
thermal_dispatch_mwh,"Thermal dispatch (generation)",energy_water,ons_open_data,daily,2016-06-16,10389.9893,mwmed
thermal_dispatch_mwh,"Thermal dispatch (generation)",energy_water,ons_open_data,daily,2016-06-17,10766.4283,mwmed
thermal_dispatch_mwh,"Thermal dispatch (generation)",energy_water,ons_open_data,daily,2016-06-18,10136.8137,mwmed
thermal_dispatch_mwh,"Thermal dispatch (generation)",energy_water,ons_open_data,daily,2016-06-19,9509.2534,mwmed
thermal_dispatch_mwh,"Thermal dispatch (generation)",energy_water,ons_open_data,daily,2016-06-20,9765.6123,mwmed
thermal_dispatch_mwh,"Thermal dispatch (generation)",energy_water,ons_open_data,daily,2016-06-21,9829.4685,mwmed
thermal_dispatch_mwh,"Thermal dispatch (generation)",energy_water,ons_open_data,daily,2016-06-22,9386.4012,mwmed
thermal_dispatch_mwh,"Thermal dispatch (generation)",energy_water,ons_open_data,daily,2016-06-23,9530.3448,mwmed
thermal_dispatch_mwh,"Thermal dispatch (generation)",energy_water,ons_open_data,daily,2016-06-24,9887.4662,mwmed
thermal_dispatch_mwh,"Thermal dispatch (generation)",energy_water,ons_open_data,daily,2016-06-25,9401.7686,mwmed
thermal_dispatch_mwh,"Thermal dispatch (generation)",energy_water,ons_open_data,daily,2016-06-26,9378.5507,mwmed
thermal_dispatch_mwh,"Thermal dispatch (generation)",energy_water,ons_open_data,daily,2016-06-27,10275.1687,mwmed
thermal_dispatch_mwh,"Thermal dispatch (generation)",energy_water,ons_open_data,daily,2016-06-28,10111.8892,mwmed
thermal_dispatch_mwh,"Thermal dispatch (generation)",energy_water,ons_open_data,daily,2016-06-29,10092.2195,mwmed
thermal_dispatch_mwh,"Thermal dispatch (generation)",energy_water,ons_open_data,daily,2016-06-30,9965.5128,mwmed
thermal_dispatch_mwh,"Thermal dispatch (generation)",energy_water,ons_open_data,daily,2016-07-01,9812.6194,mwmed
thermal_dispatch_mwh,"Thermal dispatch (generation)",energy_water,ons_open_data,daily,2016-07-02,9513.2134,mwmed
thermal_dispatch_mwh,"Thermal dispatch (generation)",energy_water,ons_open_data,daily,2016-07-03,9042.2350,mwmed
thermal_dispatch_mwh,"Thermal dispatch (generation)",energy_water,ons_open_data,daily,2016-07-04,9272.2732,mwmed
thermal_dispatch_mwh,"Thermal dispatch (generation)",energy_water,ons_open_data,daily,2016-07-05,9358.5343,mwmed
thermal_dispatch_mwh,"Thermal dispatch (generation)",energy_water,ons_open_data,daily,2016-07-06,9374.7669,mwmed
thermal_dispatch_mwh,"Thermal dispatch (generation)",energy_water,ons_open_data,daily,2016-07-07,10103.7598,mwmed
thermal_dispatch_mwh,"Thermal dispatch (generation)",energy_water,ons_open_data,daily,2016-07-08,10657.2831,mwmed
thermal_dispatch_mwh,"Thermal dispatch (generation)",energy_water,ons_open_data,daily,2016-07-09,9328.8996,mwmed
thermal_dispatch_mwh,"Thermal dispatch (generation)",energy_water,ons_open_data,daily,2016-07-10,9343.8802,mwmed
thermal_dispatch_mwh,"Thermal dispatch (generation)",energy_water,ons_open_data,daily,2016-07-11,9275.4017,mwmed
thermal_dispatch_mwh,"Thermal dispatch (generation)",energy_water,ons_open_data,daily,2016-07-12,10151.0775,mwmed
thermal_dispatch_mwh,"Thermal dispatch (generation)",energy_water,ons_open_data,daily,2016-07-13,10805.2108,mwmed
thermal_dispatch_mwh,"Thermal dispatch (generation)",energy_water,ons_open_data,daily,2016-07-14,10643.7291,mwmed
thermal_dispatch_mwh,"Thermal dispatch (generation)",energy_water,ons_open_data,daily,2016-07-15,10560.4067,mwmed
thermal_dispatch_mwh,"Thermal dispatch (generation)",energy_water,ons_open_data,daily,2016-07-16,10907.7094,mwmed
thermal_dispatch_mwh,"Thermal dispatch (generation)",energy_water,ons_open_data,daily,2016-07-17,10417.1682,mwmed
thermal_dispatch_mwh,"Thermal dispatch (generation)",energy_water,ons_open_data,daily,2016-07-18,10853.5815,mwmed
thermal_dispatch_mwh,"Thermal dispatch (generation)",energy_water,ons_open_data,daily,2016-07-19,10245.7922,mwmed
thermal_dispatch_mwh,"Thermal dispatch (generation)",energy_water,ons_open_data,daily,2016-07-20,10144.6532,mwmed
thermal_dispatch_mwh,"Thermal dispatch (generation)",energy_water,ons_open_data,daily,2016-07-21,10180.7325,mwmed
thermal_dispatch_mwh,"Thermal dispatch (generation)",energy_water,ons_open_data,daily,2016-07-22,10235.3905,mwmed
thermal_dispatch_mwh,"Thermal dispatch (generation)",energy_water,ons_open_data,daily,2016-07-23,9742.8360,mwmed
thermal_dispatch_mwh,"Thermal dispatch (generation)",energy_water,ons_open_data,daily,2016-07-24,9694.4392,mwmed
thermal_dispatch_mwh,"Thermal dispatch (generation)",energy_water,ons_open_data,daily,2016-07-25,10233.3261,mwmed
thermal_dispatch_mwh,"Thermal dispatch (generation)",energy_water,ons_open_data,daily,2016-07-26,10236.5948,mwmed
thermal_dispatch_mwh,"Thermal dispatch (generation)",energy_water,ons_open_data,daily,2016-07-27,10350.9844,mwmed
thermal_dispatch_mwh,"Thermal dispatch (generation)",energy_water,ons_open_data,daily,2016-07-28,10512.3928,mwmed
thermal_dispatch_mwh,"Thermal dispatch (generation)",energy_water,ons_open_data,daily,2016-07-29,10455.3533,mwmed
thermal_dispatch_mwh,"Thermal dispatch (generation)",energy_water,ons_open_data,daily,2016-07-30,9471.5367,mwmed
thermal_dispatch_mwh,"Thermal dispatch (generation)",energy_water,ons_open_data,daily,2016-07-31,9433.5807,mwmed
thermal_dispatch_mwh,"Thermal dispatch (generation)",energy_water,ons_open_data,daily,2016-08-01,10983.0266,mwmed
thermal_dispatch_mwh,"Thermal dispatch (generation)",energy_water,ons_open_data,daily,2016-08-02,11846.8876,mwmed
thermal_dispatch_mwh,"Thermal dispatch (generation)",energy_water,ons_open_data,daily,2016-08-03,11990.0457,mwmed
thermal_dispatch_mwh,"Thermal dispatch (generation)",energy_water,ons_open_data,daily,2016-08-04,12112.4327,mwmed
thermal_dispatch_mwh,"Thermal dispatch (generation)",energy_water,ons_open_data,daily,2016-08-05,12613.0027,mwmed
thermal_dispatch_mwh,"Thermal dispatch (generation)",energy_water,ons_open_data,daily,2016-08-06,11872.6517,mwmed
thermal_dispatch_mwh,"Thermal dispatch (generation)",energy_water,ons_open_data,daily,2016-08-07,11521.9673,mwmed
thermal_dispatch_mwh,"Thermal dispatch (generation)",energy_water,ons_open_data,daily,2016-08-08,12404.7205,mwmed
thermal_dispatch_mwh,"Thermal dispatch (generation)",energy_water,ons_open_data,daily,2016-08-09,12629.9062,mwmed
thermal_dispatch_mwh,"Thermal dispatch (generation)",energy_water,ons_open_data,daily,2016-08-10,12281.6082,mwmed
thermal_dispatch_mwh,"Thermal dispatch (generation)",energy_water,ons_open_data,daily,2016-08-11,12453.0094,mwmed
thermal_dispatch_mwh,"Thermal dispatch (generation)",energy_water,ons_open_data,daily,2016-08-12,12628.0878,mwmed
thermal_dispatch_mwh,"Thermal dispatch (generation)",energy_water,ons_open_data,daily,2016-08-13,11932.4637,mwmed
thermal_dispatch_mwh,"Thermal dispatch (generation)",energy_water,ons_open_data,daily,2016-08-14,10868.0095,mwmed
thermal_dispatch_mwh,"Thermal dispatch (generation)",energy_water,ons_open_data,daily,2016-08-15,12173.1176,mwmed
thermal_dispatch_mwh,"Thermal dispatch (generation)",energy_water,ons_open_data,daily,2016-08-16,12284.9200,mwmed
thermal_dispatch_mwh,"Thermal dispatch (generation)",energy_water,ons_open_data,daily,2016-08-17,12256.7047,mwmed
thermal_dispatch_mwh,"Thermal dispatch (generation)",energy_water,ons_open_data,daily,2016-08-18,12416.8271,mwmed
thermal_dispatch_mwh,"Thermal dispatch (generation)",energy_water,ons_open_data,daily,2016-08-19,12502.1761,mwmed
thermal_dispatch_mwh,"Thermal dispatch (generation)",energy_water,ons_open_data,daily,2016-08-20,11438.4708,mwmed
thermal_dispatch_mwh,"Thermal dispatch (generation)",energy_water,ons_open_data,daily,2016-08-21,10366.4948,mwmed
thermal_dispatch_mwh,"Thermal dispatch (generation)",energy_water,ons_open_data,daily,2016-08-22,12040.8095,mwmed
thermal_dispatch_mwh,"Thermal dispatch (generation)",energy_water,ons_open_data,daily,2016-08-23,10677.4404,mwmed
thermal_dispatch_mwh,"Thermal dispatch (generation)",energy_water,ons_open_data,daily,2016-08-24,10865.3190,mwmed
thermal_dispatch_mwh,"Thermal dispatch (generation)",energy_water,ons_open_data,daily,2016-08-25,10667.1469,mwmed
thermal_dispatch_mwh,"Thermal dispatch (generation)",energy_water,ons_open_data,daily,2016-08-26,10714.6774,mwmed
thermal_dispatch_mwh,"Thermal dispatch (generation)",energy_water,ons_open_data,daily,2016-08-27,10798.2229,mwmed
thermal_dispatch_mwh,"Thermal dispatch (generation)",energy_water,ons_open_data,daily,2016-08-28,10987.5299,mwmed
thermal_dispatch_mwh,"Thermal dispatch (generation)",energy_water,ons_open_data,daily,2016-08-29,11353.0881,mwmed
thermal_dispatch_mwh,"Thermal dispatch (generation)",energy_water,ons_open_data,daily,2016-08-30,11918.3541,mwmed
thermal_dispatch_mwh,"Thermal dispatch (generation)",energy_water,ons_open_data,daily,2016-08-31,11866.0374,mwmed
thermal_dispatch_mwh,"Thermal dispatch (generation)",energy_water,ons_open_data,daily,2016-09-01,11739.7794,mwmed
thermal_dispatch_mwh,"Thermal dispatch (generation)",energy_water,ons_open_data,daily,2016-09-02,11269.6935,mwmed
thermal_dispatch_mwh,"Thermal dispatch (generation)",energy_water,ons_open_data,daily,2016-09-03,10922.1525,mwmed
thermal_dispatch_mwh,"Thermal dispatch (generation)",energy_water,ons_open_data,daily,2016-09-04,10841.8197,mwmed
thermal_dispatch_mwh,"Thermal dispatch (generation)",energy_water,ons_open_data,daily,2016-09-05,12574.1811,mwmed
thermal_dispatch_mwh,"Thermal dispatch (generation)",energy_water,ons_open_data,daily,2016-09-06,12754.7405,mwmed
thermal_dispatch_mwh,"Thermal dispatch (generation)",energy_water,ons_open_data,daily,2016-09-07,11922.8762,mwmed
thermal_dispatch_mwh,"Thermal dispatch (generation)",energy_water,ons_open_data,daily,2016-09-08,13098.6174,mwmed
thermal_dispatch_mwh,"Thermal dispatch (generation)",energy_water,ons_open_data,daily,2016-09-09,13200.3468,mwmed
thermal_dispatch_mwh,"Thermal dispatch (generation)",energy_water,ons_open_data,daily,2016-09-10,11919.3705,mwmed
thermal_dispatch_mwh,"Thermal dispatch (generation)",energy_water,ons_open_data,daily,2016-09-11,11682.0623,mwmed
thermal_dispatch_mwh,"Thermal dispatch (generation)",energy_water,ons_open_data,daily,2016-09-12,12924.5950,mwmed
thermal_dispatch_mwh,"Thermal dispatch (generation)",energy_water,ons_open_data,daily,2016-09-13,12951.2702,mwmed
thermal_dispatch_mwh,"Thermal dispatch (generation)",energy_water,ons_open_data,daily,2016-09-14,13200.3971,mwmed
thermal_dispatch_mwh,"Thermal dispatch (generation)",energy_water,ons_open_data,daily,2016-09-15,13401.1235,mwmed
thermal_dispatch_mwh,"Thermal dispatch (generation)",energy_water,ons_open_data,daily,2016-09-16,13720.5643,mwmed
thermal_dispatch_mwh,"Thermal dispatch (generation)",energy_water,ons_open_data,daily,2016-09-17,12441.9493,mwmed
thermal_dispatch_mwh,"Thermal dispatch (generation)",energy_water,ons_open_data,daily,2016-09-18,11878.4677,mwmed
thermal_dispatch_mwh,"Thermal dispatch (generation)",energy_water,ons_open_data,daily,2016-09-19,13724.5442,mwmed
thermal_dispatch_mwh,"Thermal dispatch (generation)",energy_water,ons_open_data,daily,2016-09-20,12640.5373,mwmed
thermal_dispatch_mwh,"Thermal dispatch (generation)",energy_water,ons_open_data,daily,2016-09-21,13051.0835,mwmed
thermal_dispatch_mwh,"Thermal dispatch (generation)",energy_water,ons_open_data,daily,2016-09-22,12990.4101,mwmed
thermal_dispatch_mwh,"Thermal dispatch (generation)",energy_water,ons_open_data,daily,2016-09-23,12745.2863,mwmed
thermal_dispatch_mwh,"Thermal dispatch (generation)",energy_water,ons_open_data,daily,2016-09-24,12107.0932,mwmed
thermal_dispatch_mwh,"Thermal dispatch (generation)",energy_water,ons_open_data,daily,2016-09-25,12693.7645,mwmed
thermal_dispatch_mwh,"Thermal dispatch (generation)",energy_water,ons_open_data,daily,2016-09-26,12528.8161,mwmed
thermal_dispatch_mwh,"Thermal dispatch (generation)",energy_water,ons_open_data,daily,2016-09-27,13265.2401,mwmed
thermal_dispatch_mwh,"Thermal dispatch (generation)",energy_water,ons_open_data,daily,2016-09-28,13632.6440,mwmed
thermal_dispatch_mwh,"Thermal dispatch (generation)",energy_water,ons_open_data,daily,2016-09-29,13341.9538,mwmed
thermal_dispatch_mwh,"Thermal dispatch (generation)",energy_water,ons_open_data,daily,2016-09-30,13017.5048,mwmed
thermal_dispatch_mwh,"Thermal dispatch (generation)",energy_water,ons_open_data,daily,2016-10-01,12093.4867,mwmed
thermal_dispatch_mwh,"Thermal dispatch (generation)",energy_water,ons_open_data,daily,2016-10-02,12381.3484,mwmed
thermal_dispatch_mwh,"Thermal dispatch (generation)",energy_water,ons_open_data,daily,2016-10-03,12478.8040,mwmed
thermal_dispatch_mwh,"Thermal dispatch (generation)",energy_water,ons_open_data,daily,2016-10-04,12625.9647,mwmed
thermal_dispatch_mwh,"Thermal dispatch (generation)",energy_water,ons_open_data,daily,2016-10-05,13054.2916,mwmed
thermal_dispatch_mwh,"Thermal dispatch (generation)",energy_water,ons_open_data,daily,2016-10-06,13286.3280,mwmed
thermal_dispatch_mwh,"Thermal dispatch (generation)",energy_water,ons_open_data,daily,2016-10-07,13470.9993,mwmed
thermal_dispatch_mwh,"Thermal dispatch (generation)",energy_water,ons_open_data,daily,2016-10-08,13299.4882,mwmed
thermal_dispatch_mwh,"Thermal dispatch (generation)",energy_water,ons_open_data,daily,2016-10-09,12600.5966,mwmed
thermal_dispatch_mwh,"Thermal dispatch (generation)",energy_water,ons_open_data,daily,2016-10-10,12913.1839,mwmed
thermal_dispatch_mwh,"Thermal dispatch (generation)",energy_water,ons_open_data,daily,2016-10-11,12825.2300,mwmed
thermal_dispatch_mwh,"Thermal dispatch (generation)",energy_water,ons_open_data,daily,2016-10-12,12357.2140,mwmed
thermal_dispatch_mwh,"Thermal dispatch (generation)",energy_water,ons_open_data,daily,2016-10-13,12620.3348,mwmed
thermal_dispatch_mwh,"Thermal dispatch (generation)",energy_water,ons_open_data,daily,2016-10-14,12153.1990,mwmed
thermal_dispatch_mwh,"Thermal dispatch (generation)",energy_water,ons_open_data,daily,2016-10-15,11329.3227,mwmed
thermal_dispatch_mwh,"Thermal dispatch (generation)",energy_water,ons_open_data,daily,2016-10-16,11330.5596,mwmed
thermal_dispatch_mwh,"Thermal dispatch (generation)",energy_water,ons_open_data,daily,2016-10-17,12754.1877,mwmed
thermal_dispatch_mwh,"Thermal dispatch (generation)",energy_water,ons_open_data,daily,2016-10-18,14051.2726,mwmed
thermal_dispatch_mwh,"Thermal dispatch (generation)",energy_water,ons_open_data,daily,2016-10-19,14216.4580,mwmed
thermal_dispatch_mwh,"Thermal dispatch (generation)",energy_water,ons_open_data,daily,2016-10-20,14008.7305,mwmed
thermal_dispatch_mwh,"Thermal dispatch (generation)",energy_water,ons_open_data,daily,2016-10-21,13947.1254,mwmed
thermal_dispatch_mwh,"Thermal dispatch (generation)",energy_water,ons_open_data,daily,2016-10-22,13026.8592,mwmed
thermal_dispatch_mwh,"Thermal dispatch (generation)",energy_water,ons_open_data,daily,2016-10-23,11432.4441,mwmed
thermal_dispatch_mwh,"Thermal dispatch (generation)",energy_water,ons_open_data,daily,2016-10-24,13114.7869,mwmed
thermal_dispatch_mwh,"Thermal dispatch (generation)",energy_water,ons_open_data,daily,2016-10-25,12930.2708,mwmed
thermal_dispatch_mwh,"Thermal dispatch (generation)",energy_water,ons_open_data,daily,2016-10-26,12712.5738,mwmed
thermal_dispatch_mwh,"Thermal dispatch (generation)",energy_water,ons_open_data,daily,2016-10-27,12613.0440,mwmed
thermal_dispatch_mwh,"Thermal dispatch (generation)",energy_water,ons_open_data,daily,2016-10-28,12869.0902,mwmed
thermal_dispatch_mwh,"Thermal dispatch (generation)",energy_water,ons_open_data,daily,2016-10-29,12467.3446,mwmed
thermal_dispatch_mwh,"Thermal dispatch (generation)",energy_water,ons_open_data,daily,2016-10-30,12696.1010,mwmed
thermal_dispatch_mwh,"Thermal dispatch (generation)",energy_water,ons_open_data,daily,2016-10-31,13240.4760,mwmed
thermal_dispatch_mwh,"Thermal dispatch (generation)",energy_water,ons_open_data,daily,2016-11-01,13207.3544,mwmed
thermal_dispatch_mwh,"Thermal dispatch (generation)",energy_water,ons_open_data,daily,2016-11-02,12321.5177,mwmed
thermal_dispatch_mwh,"Thermal dispatch (generation)",energy_water,ons_open_data,daily,2016-11-03,13462.8324,mwmed
thermal_dispatch_mwh,"Thermal dispatch (generation)",energy_water,ons_open_data,daily,2016-11-04,13253.8408,mwmed
thermal_dispatch_mwh,"Thermal dispatch (generation)",energy_water,ons_open_data,daily,2016-11-05,12078.8103,mwmed
thermal_dispatch_mwh,"Thermal dispatch (generation)",energy_water,ons_open_data,daily,2016-11-06,12272.3762,mwmed
thermal_dispatch_mwh,"Thermal dispatch (generation)",energy_water,ons_open_data,daily,2016-11-07,13459.1862,mwmed
thermal_dispatch_mwh,"Thermal dispatch (generation)",energy_water,ons_open_data,daily,2016-11-08,14174.1130,mwmed
thermal_dispatch_mwh,"Thermal dispatch (generation)",energy_water,ons_open_data,daily,2016-11-09,14318.9522,mwmed
thermal_dispatch_mwh,"Thermal dispatch (generation)",energy_water,ons_open_data,daily,2016-11-10,14518.1572,mwmed
thermal_dispatch_mwh,"Thermal dispatch (generation)",energy_water,ons_open_data,daily,2016-11-11,14549.9296,mwmed
thermal_dispatch_mwh,"Thermal dispatch (generation)",energy_water,ons_open_data,daily,2016-11-12,13410.5776,mwmed
thermal_dispatch_mwh,"Thermal dispatch (generation)",energy_water,ons_open_data,daily,2016-11-13,13246.4881,mwmed
thermal_dispatch_mwh,"Thermal dispatch (generation)",energy_water,ons_open_data,daily,2016-11-14,12848.4853,mwmed
thermal_dispatch_mwh,"Thermal dispatch (generation)",energy_water,ons_open_data,daily,2016-11-15,12416.2874,mwmed
thermal_dispatch_mwh,"Thermal dispatch (generation)",energy_water,ons_open_data,daily,2016-11-16,13438.5527,mwmed
thermal_dispatch_mwh,"Thermal dispatch (generation)",energy_water,ons_open_data,daily,2016-11-17,13100.3401,mwmed
thermal_dispatch_mwh,"Thermal dispatch (generation)",energy_water,ons_open_data,daily,2016-11-18,13031.4945,mwmed
thermal_dispatch_mwh,"Thermal dispatch (generation)",energy_water,ons_open_data,daily,2016-11-19,12169.0835,mwmed
thermal_dispatch_mwh,"Thermal dispatch (generation)",energy_water,ons_open_data,daily,2016-11-20,11122.6759,mwmed
thermal_dispatch_mwh,"Thermal dispatch (generation)",energy_water,ons_open_data,daily,2016-11-21,11870.0921,mwmed
thermal_dispatch_mwh,"Thermal dispatch (generation)",energy_water,ons_open_data,daily,2016-11-22,11721.2686,mwmed
thermal_dispatch_mwh,"Thermal dispatch (generation)",energy_water,ons_open_data,daily,2016-11-23,10694.4394,mwmed
thermal_dispatch_mwh,"Thermal dispatch (generation)",energy_water,ons_open_data,daily,2016-11-24,10938.6350,mwmed
thermal_dispatch_mwh,"Thermal dispatch (generation)",energy_water,ons_open_data,daily,2016-11-25,10858.9523,mwmed
thermal_dispatch_mwh,"Thermal dispatch (generation)",energy_water,ons_open_data,daily,2016-11-26,11281.0541,mwmed
thermal_dispatch_mwh,"Thermal dispatch (generation)",energy_water,ons_open_data,daily,2016-11-27,10231.7796,mwmed
thermal_dispatch_mwh,"Thermal dispatch (generation)",energy_water,ons_open_data,daily,2016-11-28,11660.0178,mwmed
thermal_dispatch_mwh,"Thermal dispatch (generation)",energy_water,ons_open_data,daily,2016-11-29,11518.3165,mwmed
thermal_dispatch_mwh,"Thermal dispatch (generation)",energy_water,ons_open_data,daily,2016-11-30,11628.9460,mwmed
thermal_dispatch_mwh,"Thermal dispatch (generation)",energy_water,ons_open_data,daily,2016-12-01,11869.4542,mwmed
thermal_dispatch_mwh,"Thermal dispatch (generation)",energy_water,ons_open_data,daily,2016-12-02,12194.6310,mwmed
thermal_dispatch_mwh,"Thermal dispatch (generation)",energy_water,ons_open_data,daily,2016-12-03,8962.0208,mwmed
thermal_dispatch_mwh,"Thermal dispatch (generation)",energy_water,ons_open_data,daily,2016-12-04,8304.8555,mwmed
thermal_dispatch_mwh,"Thermal dispatch (generation)",energy_water,ons_open_data,daily,2016-12-05,9976.7575,mwmed
thermal_dispatch_mwh,"Thermal dispatch (generation)",energy_water,ons_open_data,daily,2016-12-06,10308.8485,mwmed
thermal_dispatch_mwh,"Thermal dispatch (generation)",energy_water,ons_open_data,daily,2016-12-07,10878.7197,mwmed
thermal_dispatch_mwh,"Thermal dispatch (generation)",energy_water,ons_open_data,daily,2016-12-08,10868.5538,mwmed
thermal_dispatch_mwh,"Thermal dispatch (generation)",energy_water,ons_open_data,daily,2016-12-09,10893.6651,mwmed
thermal_dispatch_mwh,"Thermal dispatch (generation)",energy_water,ons_open_data,daily,2016-12-10,9971.8669,mwmed
thermal_dispatch_mwh,"Thermal dispatch (generation)",energy_water,ons_open_data,daily,2016-12-11,10133.4600,mwmed
thermal_dispatch_mwh,"Thermal dispatch (generation)",energy_water,ons_open_data,daily,2016-12-12,10936.1028,mwmed
thermal_dispatch_mwh,"Thermal dispatch (generation)",energy_water,ons_open_data,daily,2016-12-13,11121.0947,mwmed
thermal_dispatch_mwh,"Thermal dispatch (generation)",energy_water,ons_open_data,daily,2016-12-14,11222.3703,mwmed
thermal_dispatch_mwh,"Thermal dispatch (generation)",energy_water,ons_open_data,daily,2016-12-15,10342.5742,mwmed
thermal_dispatch_mwh,"Thermal dispatch (generation)",energy_water,ons_open_data,daily,2016-12-16,9132.1352,mwmed
thermal_dispatch_mwh,"Thermal dispatch (generation)",energy_water,ons_open_data,daily,2016-12-17,7930.2425,mwmed
thermal_dispatch_mwh,"Thermal dispatch (generation)",energy_water,ons_open_data,daily,2016-12-18,7268.2111,mwmed
thermal_dispatch_mwh,"Thermal dispatch (generation)",energy_water,ons_open_data,daily,2016-12-19,9259.5180,mwmed
thermal_dispatch_mwh,"Thermal dispatch (generation)",energy_water,ons_open_data,daily,2016-12-20,9299.0878,mwmed
thermal_dispatch_mwh,"Thermal dispatch (generation)",energy_water,ons_open_data,daily,2016-12-21,8631.3949,mwmed
thermal_dispatch_mwh,"Thermal dispatch (generation)",energy_water,ons_open_data,daily,2016-12-22,8628.8475,mwmed
thermal_dispatch_mwh,"Thermal dispatch (generation)",energy_water,ons_open_data,daily,2016-12-23,8775.6168,mwmed
thermal_dispatch_mwh,"Thermal dispatch (generation)",energy_water,ons_open_data,daily,2016-12-24,8957.7532,mwmed
thermal_dispatch_mwh,"Thermal dispatch (generation)",energy_water,ons_open_data,daily,2016-12-25,8693.2233,mwmed
thermal_dispatch_mwh,"Thermal dispatch (generation)",energy_water,ons_open_data,daily,2016-12-26,9063.0576,mwmed
thermal_dispatch_mwh,"Thermal dispatch (generation)",energy_water,ons_open_data,daily,2016-12-27,9470.2208,mwmed
thermal_dispatch_mwh,"Thermal dispatch (generation)",energy_water,ons_open_data,daily,2016-12-28,8976.5170,mwmed
thermal_dispatch_mwh,"Thermal dispatch (generation)",energy_water,ons_open_data,daily,2016-12-29,8752.4705,mwmed
thermal_dispatch_mwh,"Thermal dispatch (generation)",energy_water,ons_open_data,daily,2016-12-30,8876.4312,mwmed
thermal_dispatch_mwh,"Thermal dispatch (generation)",energy_water,ons_open_data,daily,2016-12-31,9956.4337,mwmed
thermal_dispatch_mwh,"Thermal dispatch (generation)",energy_water,ons_open_data,daily,2017-01-01,9852.4467,mwmed
thermal_dispatch_mwh,"Thermal dispatch (generation)",energy_water,ons_open_data,daily,2017-01-02,10481.2110,mwmed
thermal_dispatch_mwh,"Thermal dispatch (generation)",energy_water,ons_open_data,daily,2017-01-03,10351.1619,mwmed
thermal_dispatch_mwh,"Thermal dispatch (generation)",energy_water,ons_open_data,daily,2017-01-04,11204.2135,mwmed
thermal_dispatch_mwh,"Thermal dispatch (generation)",energy_water,ons_open_data,daily,2017-01-05,10477.7137,mwmed
thermal_dispatch_mwh,"Thermal dispatch (generation)",energy_water,ons_open_data,daily,2017-01-06,9967.9618,mwmed
thermal_dispatch_mwh,"Thermal dispatch (generation)",energy_water,ons_open_data,daily,2017-01-07,8902.1653,mwmed
thermal_dispatch_mwh,"Thermal dispatch (generation)",energy_water,ons_open_data,daily,2017-01-08,9206.3481,mwmed
thermal_dispatch_mwh,"Thermal dispatch (generation)",energy_water,ons_open_data,daily,2017-01-09,9749.1769,mwmed
thermal_dispatch_mwh,"Thermal dispatch (generation)",energy_water,ons_open_data,daily,2017-01-10,10641.9870,mwmed
thermal_dispatch_mwh,"Thermal dispatch (generation)",energy_water,ons_open_data,daily,2017-01-11,11338.1406,mwmed
thermal_dispatch_mwh,"Thermal dispatch (generation)",energy_water,ons_open_data,daily,2017-01-12,10424.9419,mwmed
thermal_dispatch_mwh,"Thermal dispatch (generation)",energy_water,ons_open_data,daily,2017-01-13,10170.5888,mwmed
thermal_dispatch_mwh,"Thermal dispatch (generation)",energy_water,ons_open_data,daily,2017-01-14,9965.2126,mwmed
thermal_dispatch_mwh,"Thermal dispatch (generation)",energy_water,ons_open_data,daily,2017-01-15,9780.9431,mwmed
thermal_dispatch_mwh,"Thermal dispatch (generation)",energy_water,ons_open_data,daily,2017-01-16,10084.0962,mwmed
thermal_dispatch_mwh,"Thermal dispatch (generation)",energy_water,ons_open_data,daily,2017-01-17,9581.8794,mwmed
thermal_dispatch_mwh,"Thermal dispatch (generation)",energy_water,ons_open_data,daily,2017-01-18,9611.4568,mwmed
thermal_dispatch_mwh,"Thermal dispatch (generation)",energy_water,ons_open_data,daily,2017-01-19,9614.4913,mwmed
thermal_dispatch_mwh,"Thermal dispatch (generation)",energy_water,ons_open_data,daily,2017-01-20,9694.9892,mwmed
thermal_dispatch_mwh,"Thermal dispatch (generation)",energy_water,ons_open_data,daily,2017-01-21,10087.4072,mwmed
thermal_dispatch_mwh,"Thermal dispatch (generation)",energy_water,ons_open_data,daily,2017-01-22,10153.3189,mwmed
thermal_dispatch_mwh,"Thermal dispatch (generation)",energy_water,ons_open_data,daily,2017-01-23,9948.3430,mwmed
thermal_dispatch_mwh,"Thermal dispatch (generation)",energy_water,ons_open_data,daily,2017-01-24,8511.2553,mwmed
thermal_dispatch_mwh,"Thermal dispatch (generation)",energy_water,ons_open_data,daily,2017-01-25,8961.8832,mwmed
thermal_dispatch_mwh,"Thermal dispatch (generation)",energy_water,ons_open_data,daily,2017-01-26,9029.3297,mwmed
thermal_dispatch_mwh,"Thermal dispatch (generation)",energy_water,ons_open_data,daily,2017-01-27,8619.9136,mwmed
thermal_dispatch_mwh,"Thermal dispatch (generation)",energy_water,ons_open_data,daily,2017-01-28,8054.0989,mwmed
thermal_dispatch_mwh,"Thermal dispatch (generation)",energy_water,ons_open_data,daily,2017-01-29,7934.7587,mwmed
thermal_dispatch_mwh,"Thermal dispatch (generation)",energy_water,ons_open_data,daily,2017-01-30,8521.6185,mwmed
thermal_dispatch_mwh,"Thermal dispatch (generation)",energy_water,ons_open_data,daily,2017-01-31,9233.2452,mwmed
thermal_dispatch_mwh,"Thermal dispatch (generation)",energy_water,ons_open_data,daily,2017-02-01,9645.9910,mwmed
thermal_dispatch_mwh,"Thermal dispatch (generation)",energy_water,ons_open_data,daily,2017-02-02,9091.0070,mwmed
thermal_dispatch_mwh,"Thermal dispatch (generation)",energy_water,ons_open_data,daily,2017-02-03,9090.3946,mwmed
thermal_dispatch_mwh,"Thermal dispatch (generation)",energy_water,ons_open_data,daily,2017-02-04,8694.0518,mwmed
thermal_dispatch_mwh,"Thermal dispatch (generation)",energy_water,ons_open_data,daily,2017-02-05,8920.2690,mwmed
thermal_dispatch_mwh,"Thermal dispatch (generation)",energy_water,ons_open_data,daily,2017-02-06,9058.2991,mwmed
thermal_dispatch_mwh,"Thermal dispatch (generation)",energy_water,ons_open_data,daily,2017-02-07,9176.3446,mwmed
thermal_dispatch_mwh,"Thermal dispatch (generation)",energy_water,ons_open_data,daily,2017-02-08,8987.1995,mwmed
thermal_dispatch_mwh,"Thermal dispatch (generation)",energy_water,ons_open_data,daily,2017-02-09,9668.0242,mwmed
thermal_dispatch_mwh,"Thermal dispatch (generation)",energy_water,ons_open_data,daily,2017-02-10,9574.8222,mwmed
thermal_dispatch_mwh,"Thermal dispatch (generation)",energy_water,ons_open_data,daily,2017-02-11,8421.5280,mwmed
thermal_dispatch_mwh,"Thermal dispatch (generation)",energy_water,ons_open_data,daily,2017-02-12,7680.7698,mwmed
thermal_dispatch_mwh,"Thermal dispatch (generation)",energy_water,ons_open_data,daily,2017-02-13,7778.7848,mwmed
thermal_dispatch_mwh,"Thermal dispatch (generation)",energy_water,ons_open_data,daily,2017-02-14,7980.0889,mwmed
thermal_dispatch_mwh,"Thermal dispatch (generation)",energy_water,ons_open_data,daily,2017-02-15,8479.5566,mwmed
thermal_dispatch_mwh,"Thermal dispatch (generation)",energy_water,ons_open_data,daily,2017-02-16,8807.6066,mwmed
thermal_dispatch_mwh,"Thermal dispatch (generation)",energy_water,ons_open_data,daily,2017-02-17,9446.6347,mwmed
thermal_dispatch_mwh,"Thermal dispatch (generation)",energy_water,ons_open_data,daily,2017-02-18,8376.2831,mwmed
thermal_dispatch_mwh,"Thermal dispatch (generation)",energy_water,ons_open_data,daily,2017-02-19,7987.3875,mwmed
thermal_dispatch_mwh,"Thermal dispatch (generation)",energy_water,ons_open_data,daily,2017-02-20,8557.6452,mwmed
thermal_dispatch_mwh,"Thermal dispatch (generation)",energy_water,ons_open_data,daily,2017-02-21,9344.2385,mwmed
thermal_dispatch_mwh,"Thermal dispatch (generation)",energy_water,ons_open_data,daily,2017-02-22,9045.8778,mwmed
thermal_dispatch_mwh,"Thermal dispatch (generation)",energy_water,ons_open_data,daily,2017-02-23,9426.4577,mwmed
thermal_dispatch_mwh,"Thermal dispatch (generation)",energy_water,ons_open_data,daily,2017-02-24,10906.9365,mwmed
thermal_dispatch_mwh,"Thermal dispatch (generation)",energy_water,ons_open_data,daily,2017-02-25,10691.4353,mwmed
thermal_dispatch_mwh,"Thermal dispatch (generation)",energy_water,ons_open_data,daily,2017-02-26,10665.9907,mwmed
thermal_dispatch_mwh,"Thermal dispatch (generation)",energy_water,ons_open_data,daily,2017-02-27,11031.9326,mwmed
thermal_dispatch_mwh,"Thermal dispatch (generation)",energy_water,ons_open_data,daily,2017-02-28,11198.9644,mwmed
thermal_dispatch_mwh,"Thermal dispatch (generation)",energy_water,ons_open_data,daily,2017-03-01,11349.8705,mwmed
thermal_dispatch_mwh,"Thermal dispatch (generation)",energy_water,ons_open_data,daily,2017-03-02,11356.2195,mwmed
thermal_dispatch_mwh,"Thermal dispatch (generation)",energy_water,ons_open_data,daily,2017-03-03,11010.6666,mwmed
thermal_dispatch_mwh,"Thermal dispatch (generation)",energy_water,ons_open_data,daily,2017-03-04,10156.6399,mwmed
thermal_dispatch_mwh,"Thermal dispatch (generation)",energy_water,ons_open_data,daily,2017-03-05,9714.8090,mwmed
thermal_dispatch_mwh,"Thermal dispatch (generation)",energy_water,ons_open_data,daily,2017-03-06,10789.1130,mwmed
thermal_dispatch_mwh,"Thermal dispatch (generation)",energy_water,ons_open_data,daily,2017-03-07,10991.7920,mwmed
thermal_dispatch_mwh,"Thermal dispatch (generation)",energy_water,ons_open_data,daily,2017-03-08,10761.9672,mwmed
thermal_dispatch_mwh,"Thermal dispatch (generation)",energy_water,ons_open_data,daily,2017-03-09,10755.1611,mwmed
thermal_dispatch_mwh,"Thermal dispatch (generation)",energy_water,ons_open_data,daily,2017-03-10,10558.1112,mwmed
thermal_dispatch_mwh,"Thermal dispatch (generation)",energy_water,ons_open_data,daily,2017-03-11,10935.0494,mwmed
thermal_dispatch_mwh,"Thermal dispatch (generation)",energy_water,ons_open_data,daily,2017-03-12,10882.7355,mwmed
thermal_dispatch_mwh,"Thermal dispatch (generation)",energy_water,ons_open_data,daily,2017-03-13,11346.9165,mwmed
thermal_dispatch_mwh,"Thermal dispatch (generation)",energy_water,ons_open_data,daily,2017-03-14,11278.1318,mwmed
thermal_dispatch_mwh,"Thermal dispatch (generation)",energy_water,ons_open_data,daily,2017-03-15,11291.2547,mwmed
thermal_dispatch_mwh,"Thermal dispatch (generation)",energy_water,ons_open_data,daily,2017-03-16,11641.5914,mwmed
thermal_dispatch_mwh,"Thermal dispatch (generation)",energy_water,ons_open_data,daily,2017-03-17,11775.3834,mwmed
thermal_dispatch_mwh,"Thermal dispatch (generation)",energy_water,ons_open_data,daily,2017-03-18,11624.2750,mwmed
thermal_dispatch_mwh,"Thermal dispatch (generation)",energy_water,ons_open_data,daily,2017-03-19,9959.1794,mwmed
thermal_dispatch_mwh,"Thermal dispatch (generation)",energy_water,ons_open_data,daily,2017-03-20,9774.1442,mwmed
thermal_dispatch_mwh,"Thermal dispatch (generation)",energy_water,ons_open_data,daily,2017-03-21,10070.1228,mwmed
thermal_dispatch_mwh,"Thermal dispatch (generation)",energy_water,ons_open_data,daily,2017-03-22,10285.3087,mwmed
thermal_dispatch_mwh,"Thermal dispatch (generation)",energy_water,ons_open_data,daily,2017-03-23,10138.6136,mwmed
thermal_dispatch_mwh,"Thermal dispatch (generation)",energy_water,ons_open_data,daily,2017-03-24,11306.9589,mwmed
thermal_dispatch_mwh,"Thermal dispatch (generation)",energy_water,ons_open_data,daily,2017-03-25,11444.6875,mwmed
thermal_dispatch_mwh,"Thermal dispatch (generation)",energy_water,ons_open_data,daily,2017-03-26,10529.5077,mwmed
thermal_dispatch_mwh,"Thermal dispatch (generation)",energy_water,ons_open_data,daily,2017-03-27,11332.5864,mwmed
thermal_dispatch_mwh,"Thermal dispatch (generation)",energy_water,ons_open_data,daily,2017-03-28,10959.8484,mwmed
thermal_dispatch_mwh,"Thermal dispatch (generation)",energy_water,ons_open_data,daily,2017-03-29,10830.3275,mwmed
thermal_dispatch_mwh,"Thermal dispatch (generation)",energy_water,ons_open_data,daily,2017-03-30,11028.4738,mwmed
thermal_dispatch_mwh,"Thermal dispatch (generation)",energy_water,ons_open_data,daily,2017-03-31,10693.9292,mwmed
thermal_dispatch_mwh,"Thermal dispatch (generation)",energy_water,ons_open_data,daily,2017-04-01,11501.7489,mwmed
thermal_dispatch_mwh,"Thermal dispatch (generation)",energy_water,ons_open_data,daily,2017-04-02,10759.5570,mwmed
thermal_dispatch_mwh,"Thermal dispatch (generation)",energy_water,ons_open_data,daily,2017-04-03,12028.5968,mwmed
thermal_dispatch_mwh,"Thermal dispatch (generation)",energy_water,ons_open_data,daily,2017-04-04,12882.2770,mwmed
thermal_dispatch_mwh,"Thermal dispatch (generation)",energy_water,ons_open_data,daily,2017-04-05,12543.6501,mwmed
thermal_dispatch_mwh,"Thermal dispatch (generation)",energy_water,ons_open_data,daily,2017-04-06,12291.3589,mwmed
thermal_dispatch_mwh,"Thermal dispatch (generation)",energy_water,ons_open_data,daily,2017-04-07,12227.8220,mwmed
thermal_dispatch_mwh,"Thermal dispatch (generation)",energy_water,ons_open_data,daily,2017-04-08,11776.8828,mwmed
thermal_dispatch_mwh,"Thermal dispatch (generation)",energy_water,ons_open_data,daily,2017-04-09,10863.9777,mwmed
thermal_dispatch_mwh,"Thermal dispatch (generation)",energy_water,ons_open_data,daily,2017-04-10,12364.2323,mwmed
thermal_dispatch_mwh,"Thermal dispatch (generation)",energy_water,ons_open_data,daily,2017-04-11,14018.6869,mwmed
thermal_dispatch_mwh,"Thermal dispatch (generation)",energy_water,ons_open_data,daily,2017-04-12,13732.1160,mwmed
thermal_dispatch_mwh,"Thermal dispatch (generation)",energy_water,ons_open_data,daily,2017-04-13,12629.1591,mwmed
thermal_dispatch_mwh,"Thermal dispatch (generation)",energy_water,ons_open_data,daily,2017-04-14,10238.3961,mwmed
thermal_dispatch_mwh,"Thermal dispatch (generation)",energy_water,ons_open_data,daily,2017-04-15,10931.5537,mwmed
thermal_dispatch_mwh,"Thermal dispatch (generation)",energy_water,ons_open_data,daily,2017-04-16,10674.7041,mwmed
thermal_dispatch_mwh,"Thermal dispatch (generation)",energy_water,ons_open_data,daily,2017-04-17,12636.5539,mwmed
thermal_dispatch_mwh,"Thermal dispatch (generation)",energy_water,ons_open_data,daily,2017-04-18,13079.2970,mwmed
thermal_dispatch_mwh,"Thermal dispatch (generation)",energy_water,ons_open_data,daily,2017-04-19,12644.1696,mwmed
thermal_dispatch_mwh,"Thermal dispatch (generation)",energy_water,ons_open_data,daily,2017-04-20,12653.1656,mwmed
thermal_dispatch_mwh,"Thermal dispatch (generation)",energy_water,ons_open_data,daily,2017-04-21,11417.1248,mwmed
thermal_dispatch_mwh,"Thermal dispatch (generation)",energy_water,ons_open_data,daily,2017-04-22,12525.8827,mwmed
thermal_dispatch_mwh,"Thermal dispatch (generation)",energy_water,ons_open_data,daily,2017-04-23,12233.2230,mwmed
thermal_dispatch_mwh,"Thermal dispatch (generation)",energy_water,ons_open_data,daily,2017-04-24,12468.6893,mwmed
thermal_dispatch_mwh,"Thermal dispatch (generation)",energy_water,ons_open_data,daily,2017-04-25,12740.8798,mwmed
thermal_dispatch_mwh,"Thermal dispatch (generation)",energy_water,ons_open_data,daily,2017-04-26,12878.0550,mwmed
thermal_dispatch_mwh,"Thermal dispatch (generation)",energy_water,ons_open_data,daily,2017-04-27,12302.1883,mwmed
thermal_dispatch_mwh,"Thermal dispatch (generation)",energy_water,ons_open_data,daily,2017-04-28,12619.2964,mwmed
thermal_dispatch_mwh,"Thermal dispatch (generation)",energy_water,ons_open_data,daily,2017-04-29,12584.1126,mwmed
thermal_dispatch_mwh,"Thermal dispatch (generation)",energy_water,ons_open_data,daily,2017-04-30,11511.3659,mwmed
thermal_dispatch_mwh,"Thermal dispatch (generation)",energy_water,ons_open_data,daily,2017-05-01,10507.0117,mwmed
thermal_dispatch_mwh,"Thermal dispatch (generation)",energy_water,ons_open_data,daily,2017-05-02,12445.3402,mwmed
thermal_dispatch_mwh,"Thermal dispatch (generation)",energy_water,ons_open_data,daily,2017-05-03,13016.7333,mwmed
thermal_dispatch_mwh,"Thermal dispatch (generation)",energy_water,ons_open_data,daily,2017-05-04,12730.4864,mwmed
thermal_dispatch_mwh,"Thermal dispatch (generation)",energy_water,ons_open_data,daily,2017-05-05,12734.6673,mwmed
thermal_dispatch_mwh,"Thermal dispatch (generation)",energy_water,ons_open_data,daily,2017-05-06,11828.9547,mwmed
thermal_dispatch_mwh,"Thermal dispatch (generation)",energy_water,ons_open_data,daily,2017-05-07,10576.3932,mwmed
thermal_dispatch_mwh,"Thermal dispatch (generation)",energy_water,ons_open_data,daily,2017-05-08,12524.2205,mwmed
thermal_dispatch_mwh,"Thermal dispatch (generation)",energy_water,ons_open_data,daily,2017-05-09,13498.8650,mwmed
thermal_dispatch_mwh,"Thermal dispatch (generation)",energy_water,ons_open_data,daily,2017-05-10,13480.3547,mwmed
thermal_dispatch_mwh,"Thermal dispatch (generation)",energy_water,ons_open_data,daily,2017-05-11,13623.2828,mwmed
thermal_dispatch_mwh,"Thermal dispatch (generation)",energy_water,ons_open_data,daily,2017-05-12,13243.3938,mwmed
thermal_dispatch_mwh,"Thermal dispatch (generation)",energy_water,ons_open_data,daily,2017-05-13,12000.7510,mwmed
thermal_dispatch_mwh,"Thermal dispatch (generation)",energy_water,ons_open_data,daily,2017-05-14,10795.7071,mwmed
thermal_dispatch_mwh,"Thermal dispatch (generation)",energy_water,ons_open_data,daily,2017-05-15,13687.5838,mwmed
thermal_dispatch_mwh,"Thermal dispatch (generation)",energy_water,ons_open_data,daily,2017-05-16,14702.3878,mwmed
thermal_dispatch_mwh,"Thermal dispatch (generation)",energy_water,ons_open_data,daily,2017-05-17,14298.7620,mwmed
thermal_dispatch_mwh,"Thermal dispatch (generation)",energy_water,ons_open_data,daily,2017-05-18,14188.6270,mwmed
thermal_dispatch_mwh,"Thermal dispatch (generation)",energy_water,ons_open_data,daily,2017-05-19,13691.5752,mwmed
thermal_dispatch_mwh,"Thermal dispatch (generation)",energy_water,ons_open_data,daily,2017-05-20,9652.4060,mwmed
thermal_dispatch_mwh,"Thermal dispatch (generation)",energy_water,ons_open_data,daily,2017-05-21,9314.4704,mwmed
thermal_dispatch_mwh,"Thermal dispatch (generation)",energy_water,ons_open_data,daily,2017-05-22,10854.7892,mwmed
thermal_dispatch_mwh,"Thermal dispatch (generation)",energy_water,ons_open_data,daily,2017-05-23,12775.3551,mwmed
thermal_dispatch_mwh,"Thermal dispatch (generation)",energy_water,ons_open_data,daily,2017-05-24,12754.3746,mwmed
thermal_dispatch_mwh,"Thermal dispatch (generation)",energy_water,ons_open_data,daily,2017-05-25,12461.6848,mwmed
thermal_dispatch_mwh,"Thermal dispatch (generation)",energy_water,ons_open_data,daily,2017-05-26,12559.6670,mwmed
thermal_dispatch_mwh,"Thermal dispatch (generation)",energy_water,ons_open_data,daily,2017-05-27,9715.0457,mwmed
thermal_dispatch_mwh,"Thermal dispatch (generation)",energy_water,ons_open_data,daily,2017-05-28,8741.2025,mwmed
thermal_dispatch_mwh,"Thermal dispatch (generation)",energy_water,ons_open_data,daily,2017-05-29,11672.1320,mwmed
thermal_dispatch_mwh,"Thermal dispatch (generation)",energy_water,ons_open_data,daily,2017-05-30,12157.4206,mwmed
thermal_dispatch_mwh,"Thermal dispatch (generation)",energy_water,ons_open_data,daily,2017-05-31,12389.8949,mwmed
thermal_dispatch_mwh,"Thermal dispatch (generation)",energy_water,ons_open_data,daily,2017-06-01,12206.0280,mwmed
thermal_dispatch_mwh,"Thermal dispatch (generation)",energy_water,ons_open_data,daily,2017-06-02,12177.3353,mwmed
thermal_dispatch_mwh,"Thermal dispatch (generation)",energy_water,ons_open_data,daily,2017-06-03,9609.6172,mwmed
thermal_dispatch_mwh,"Thermal dispatch (generation)",energy_water,ons_open_data,daily,2017-06-04,9199.2588,mwmed
thermal_dispatch_mwh,"Thermal dispatch (generation)",energy_water,ons_open_data,daily,2017-06-05,9404.6978,mwmed
thermal_dispatch_mwh,"Thermal dispatch (generation)",energy_water,ons_open_data,daily,2017-06-06,8965.9348,mwmed
thermal_dispatch_mwh,"Thermal dispatch (generation)",energy_water,ons_open_data,daily,2017-06-07,9806.2768,mwmed
thermal_dispatch_mwh,"Thermal dispatch (generation)",energy_water,ons_open_data,daily,2017-06-08,10188.9023,mwmed
thermal_dispatch_mwh,"Thermal dispatch (generation)",energy_water,ons_open_data,daily,2017-06-09,10368.6010,mwmed
thermal_dispatch_mwh,"Thermal dispatch (generation)",energy_water,ons_open_data,daily,2017-06-10,10322.2230,mwmed
thermal_dispatch_mwh,"Thermal dispatch (generation)",energy_water,ons_open_data,daily,2017-06-11,9755.4486,mwmed
thermal_dispatch_mwh,"Thermal dispatch (generation)",energy_water,ons_open_data,daily,2017-06-12,11156.3207,mwmed
thermal_dispatch_mwh,"Thermal dispatch (generation)",energy_water,ons_open_data,daily,2017-06-13,10305.9882,mwmed
thermal_dispatch_mwh,"Thermal dispatch (generation)",energy_water,ons_open_data,daily,2017-06-14,10576.2426,mwmed
thermal_dispatch_mwh,"Thermal dispatch (generation)",energy_water,ons_open_data,daily,2017-06-15,9782.7460,mwmed
thermal_dispatch_mwh,"Thermal dispatch (generation)",energy_water,ons_open_data,daily,2017-06-16,10510.5441,mwmed
thermal_dispatch_mwh,"Thermal dispatch (generation)",energy_water,ons_open_data,daily,2017-06-17,9702.7476,mwmed
thermal_dispatch_mwh,"Thermal dispatch (generation)",energy_water,ons_open_data,daily,2017-06-18,9635.1827,mwmed
thermal_dispatch_mwh,"Thermal dispatch (generation)",energy_water,ons_open_data,daily,2017-06-19,11285.8688,mwmed
thermal_dispatch_mwh,"Thermal dispatch (generation)",energy_water,ons_open_data,daily,2017-06-20,11399.2246,mwmed
thermal_dispatch_mwh,"Thermal dispatch (generation)",energy_water,ons_open_data,daily,2017-06-21,11032.7883,mwmed
thermal_dispatch_mwh,"Thermal dispatch (generation)",energy_water,ons_open_data,daily,2017-06-22,11670.9877,mwmed
thermal_dispatch_mwh,"Thermal dispatch (generation)",energy_water,ons_open_data,daily,2017-06-23,10734.4193,mwmed
thermal_dispatch_mwh,"Thermal dispatch (generation)",energy_water,ons_open_data,daily,2017-06-24,9653.6011,mwmed
thermal_dispatch_mwh,"Thermal dispatch (generation)",energy_water,ons_open_data,daily,2017-06-25,8896.4000,mwmed
thermal_dispatch_mwh,"Thermal dispatch (generation)",energy_water,ons_open_data,daily,2017-06-26,11263.2141,mwmed
thermal_dispatch_mwh,"Thermal dispatch (generation)",energy_water,ons_open_data,daily,2017-06-27,12166.8425,mwmed
thermal_dispatch_mwh,"Thermal dispatch (generation)",energy_water,ons_open_data,daily,2017-06-28,11234.8595,mwmed
thermal_dispatch_mwh,"Thermal dispatch (generation)",energy_water,ons_open_data,daily,2017-06-29,11513.1292,mwmed
thermal_dispatch_mwh,"Thermal dispatch (generation)",energy_water,ons_open_data,daily,2017-06-30,11764.4661,mwmed
thermal_dispatch_mwh,"Thermal dispatch (generation)",energy_water,ons_open_data,daily,2017-07-01,12851.6280,mwmed
thermal_dispatch_mwh,"Thermal dispatch (generation)",energy_water,ons_open_data,daily,2017-07-02,12082.7032,mwmed
thermal_dispatch_mwh,"Thermal dispatch (generation)",energy_water,ons_open_data,daily,2017-07-03,12420.8824,mwmed
thermal_dispatch_mwh,"Thermal dispatch (generation)",energy_water,ons_open_data,daily,2017-07-04,12614.7029,mwmed
thermal_dispatch_mwh,"Thermal dispatch (generation)",energy_water,ons_open_data,daily,2017-07-05,12535.0178,mwmed
thermal_dispatch_mwh,"Thermal dispatch (generation)",energy_water,ons_open_data,daily,2017-07-06,12539.2505,mwmed
thermal_dispatch_mwh,"Thermal dispatch (generation)",energy_water,ons_open_data,daily,2017-07-07,12645.3001,mwmed
thermal_dispatch_mwh,"Thermal dispatch (generation)",energy_water,ons_open_data,daily,2017-07-08,13064.2783,mwmed
thermal_dispatch_mwh,"Thermal dispatch (generation)",energy_water,ons_open_data,daily,2017-07-09,11924.9963,mwmed
thermal_dispatch_mwh,"Thermal dispatch (generation)",energy_water,ons_open_data,daily,2017-07-10,13028.1681,mwmed
thermal_dispatch_mwh,"Thermal dispatch (generation)",energy_water,ons_open_data,daily,2017-07-11,13229.8938,mwmed
thermal_dispatch_mwh,"Thermal dispatch (generation)",energy_water,ons_open_data,daily,2017-07-12,13023.4142,mwmed
thermal_dispatch_mwh,"Thermal dispatch (generation)",energy_water,ons_open_data,daily,2017-07-13,13125.5403,mwmed
thermal_dispatch_mwh,"Thermal dispatch (generation)",energy_water,ons_open_data,daily,2017-07-14,13021.6885,mwmed
thermal_dispatch_mwh,"Thermal dispatch (generation)",energy_water,ons_open_data,daily,2017-07-15,13412.4544,mwmed
thermal_dispatch_mwh,"Thermal dispatch (generation)",energy_water,ons_open_data,daily,2017-07-16,12419.7463,mwmed
thermal_dispatch_mwh,"Thermal dispatch (generation)",energy_water,ons_open_data,daily,2017-07-17,13423.5584,mwmed
thermal_dispatch_mwh,"Thermal dispatch (generation)",energy_water,ons_open_data,daily,2017-07-18,13740.7788,mwmed
thermal_dispatch_mwh,"Thermal dispatch (generation)",energy_water,ons_open_data,daily,2017-07-19,13383.8799,mwmed
thermal_dispatch_mwh,"Thermal dispatch (generation)",energy_water,ons_open_data,daily,2017-07-20,13345.3375,mwmed
thermal_dispatch_mwh,"Thermal dispatch (generation)",energy_water,ons_open_data,daily,2017-07-21,13562.1252,mwmed
thermal_dispatch_mwh,"Thermal dispatch (generation)",energy_water,ons_open_data,daily,2017-07-22,13203.7128,mwmed
thermal_dispatch_mwh,"Thermal dispatch (generation)",energy_water,ons_open_data,daily,2017-07-23,12859.3695,mwmed
thermal_dispatch_mwh,"Thermal dispatch (generation)",energy_water,ons_open_data,daily,2017-07-24,13457.8930,mwmed
thermal_dispatch_mwh,"Thermal dispatch (generation)",energy_water,ons_open_data,daily,2017-07-25,13023.5983,mwmed
thermal_dispatch_mwh,"Thermal dispatch (generation)",energy_water,ons_open_data,daily,2017-07-26,13125.6709,mwmed
thermal_dispatch_mwh,"Thermal dispatch (generation)",energy_water,ons_open_data,daily,2017-07-27,13188.7043,mwmed
thermal_dispatch_mwh,"Thermal dispatch (generation)",energy_water,ons_open_data,daily,2017-07-28,13304.5390,mwmed
thermal_dispatch_mwh,"Thermal dispatch (generation)",energy_water,ons_open_data,daily,2017-07-29,16156.9624,mwmed
thermal_dispatch_mwh,"Thermal dispatch (generation)",energy_water,ons_open_data,daily,2017-07-30,15157.9185,mwmed
thermal_dispatch_mwh,"Thermal dispatch (generation)",energy_water,ons_open_data,daily,2017-07-31,16682.1028,mwmed
thermal_dispatch_mwh,"Thermal dispatch (generation)",energy_water,ons_open_data,daily,2017-08-01,16900.6747,mwmed
thermal_dispatch_mwh,"Thermal dispatch (generation)",energy_water,ons_open_data,daily,2017-08-02,16824.6565,mwmed
thermal_dispatch_mwh,"Thermal dispatch (generation)",energy_water,ons_open_data,daily,2017-08-03,16678.2198,mwmed
thermal_dispatch_mwh,"Thermal dispatch (generation)",energy_water,ons_open_data,daily,2017-08-04,16662.4356,mwmed
thermal_dispatch_mwh,"Thermal dispatch (generation)",energy_water,ons_open_data,daily,2017-08-05,16139.2000,mwmed
thermal_dispatch_mwh,"Thermal dispatch (generation)",energy_water,ons_open_data,daily,2017-08-06,15577.2264,mwmed
thermal_dispatch_mwh,"Thermal dispatch (generation)",energy_water,ons_open_data,daily,2017-08-07,16621.1888,mwmed
thermal_dispatch_mwh,"Thermal dispatch (generation)",energy_water,ons_open_data,daily,2017-08-08,16648.1513,mwmed
thermal_dispatch_mwh,"Thermal dispatch (generation)",energy_water,ons_open_data,daily,2017-08-09,16278.8089,mwmed
thermal_dispatch_mwh,"Thermal dispatch (generation)",energy_water,ons_open_data,daily,2017-08-10,16255.4425,mwmed
thermal_dispatch_mwh,"Thermal dispatch (generation)",energy_water,ons_open_data,daily,2017-08-11,16981.3013,mwmed
thermal_dispatch_mwh,"Thermal dispatch (generation)",energy_water,ons_open_data,daily,2017-08-12,16676.5692,mwmed
thermal_dispatch_mwh,"Thermal dispatch (generation)",energy_water,ons_open_data,daily,2017-08-13,15934.7840,mwmed
thermal_dispatch_mwh,"Thermal dispatch (generation)",energy_water,ons_open_data,daily,2017-08-14,16616.9685,mwmed
thermal_dispatch_mwh,"Thermal dispatch (generation)",energy_water,ons_open_data,daily,2017-08-15,16304.8245,mwmed
thermal_dispatch_mwh,"Thermal dispatch (generation)",energy_water,ons_open_data,daily,2017-08-16,16071.8165,mwmed
thermal_dispatch_mwh,"Thermal dispatch (generation)",energy_water,ons_open_data,daily,2017-08-17,16554.8633,mwmed
thermal_dispatch_mwh,"Thermal dispatch (generation)",energy_water,ons_open_data,daily,2017-08-18,16583.3656,mwmed
thermal_dispatch_mwh,"Thermal dispatch (generation)",energy_water,ons_open_data,daily,2017-08-19,16365.4956,mwmed
thermal_dispatch_mwh,"Thermal dispatch (generation)",energy_water,ons_open_data,daily,2017-08-20,15908.6634,mwmed
thermal_dispatch_mwh,"Thermal dispatch (generation)",energy_water,ons_open_data,daily,2017-08-21,15971.9470,mwmed
thermal_dispatch_mwh,"Thermal dispatch (generation)",energy_water,ons_open_data,daily,2017-08-22,15987.3684,mwmed
thermal_dispatch_mwh,"Thermal dispatch (generation)",energy_water,ons_open_data,daily,2017-08-23,15756.2146,mwmed
thermal_dispatch_mwh,"Thermal dispatch (generation)",energy_water,ons_open_data,daily,2017-08-24,15983.9899,mwmed
thermal_dispatch_mwh,"Thermal dispatch (generation)",energy_water,ons_open_data,daily,2017-08-25,16209.5494,mwmed
thermal_dispatch_mwh,"Thermal dispatch (generation)",energy_water,ons_open_data,daily,2017-08-26,16131.6697,mwmed
thermal_dispatch_mwh,"Thermal dispatch (generation)",energy_water,ons_open_data,daily,2017-08-27,13940.0520,mwmed
thermal_dispatch_mwh,"Thermal dispatch (generation)",energy_water,ons_open_data,daily,2017-08-28,14734.8370,mwmed
thermal_dispatch_mwh,"Thermal dispatch (generation)",energy_water,ons_open_data,daily,2017-08-29,15280.7017,mwmed
thermal_dispatch_mwh,"Thermal dispatch (generation)",energy_water,ons_open_data,daily,2017-08-30,15249.4340,mwmed
thermal_dispatch_mwh,"Thermal dispatch (generation)",energy_water,ons_open_data,daily,2017-08-31,15326.0615,mwmed
thermal_dispatch_mwh,"Thermal dispatch (generation)",energy_water,ons_open_data,daily,2017-09-01,15615.8099,mwmed
thermal_dispatch_mwh,"Thermal dispatch (generation)",energy_water,ons_open_data,daily,2017-09-02,15661.4335,mwmed
thermal_dispatch_mwh,"Thermal dispatch (generation)",energy_water,ons_open_data,daily,2017-09-03,14688.4800,mwmed
thermal_dispatch_mwh,"Thermal dispatch (generation)",energy_water,ons_open_data,daily,2017-09-04,15770.9583,mwmed
thermal_dispatch_mwh,"Thermal dispatch (generation)",energy_water,ons_open_data,daily,2017-09-05,15594.1814,mwmed
thermal_dispatch_mwh,"Thermal dispatch (generation)",energy_water,ons_open_data,daily,2017-09-06,15862.1043,mwmed
thermal_dispatch_mwh,"Thermal dispatch (generation)",energy_water,ons_open_data,daily,2017-09-07,16033.0090,mwmed
thermal_dispatch_mwh,"Thermal dispatch (generation)",energy_water,ons_open_data,daily,2017-09-08,16274.0871,mwmed
thermal_dispatch_mwh,"Thermal dispatch (generation)",energy_water,ons_open_data,daily,2017-09-09,16176.1913,mwmed
thermal_dispatch_mwh,"Thermal dispatch (generation)",energy_water,ons_open_data,daily,2017-09-10,15320.7085,mwmed
thermal_dispatch_mwh,"Thermal dispatch (generation)",energy_water,ons_open_data,daily,2017-09-11,16486.7829,mwmed
thermal_dispatch_mwh,"Thermal dispatch (generation)",energy_water,ons_open_data,daily,2017-09-12,16409.5135,mwmed
thermal_dispatch_mwh,"Thermal dispatch (generation)",energy_water,ons_open_data,daily,2017-09-13,16419.0905,mwmed
thermal_dispatch_mwh,"Thermal dispatch (generation)",energy_water,ons_open_data,daily,2017-09-14,15906.7850,mwmed
thermal_dispatch_mwh,"Thermal dispatch (generation)",energy_water,ons_open_data,daily,2017-09-15,15474.1095,mwmed
thermal_dispatch_mwh,"Thermal dispatch (generation)",energy_water,ons_open_data,daily,2017-09-16,15856.4261,mwmed
thermal_dispatch_mwh,"Thermal dispatch (generation)",energy_water,ons_open_data,daily,2017-09-17,15728.9755,mwmed
thermal_dispatch_mwh,"Thermal dispatch (generation)",energy_water,ons_open_data,daily,2017-09-18,15724.9827,mwmed
thermal_dispatch_mwh,"Thermal dispatch (generation)",energy_water,ons_open_data,daily,2017-09-19,15793.8095,mwmed
thermal_dispatch_mwh,"Thermal dispatch (generation)",energy_water,ons_open_data,daily,2017-09-20,15699.5254,mwmed
thermal_dispatch_mwh,"Thermal dispatch (generation)",energy_water,ons_open_data,daily,2017-09-21,15373.1612,mwmed
thermal_dispatch_mwh,"Thermal dispatch (generation)",energy_water,ons_open_data,daily,2017-09-22,15501.7203,mwmed
thermal_dispatch_mwh,"Thermal dispatch (generation)",energy_water,ons_open_data,daily,2017-09-23,15997.0833,mwmed
thermal_dispatch_mwh,"Thermal dispatch (generation)",energy_water,ons_open_data,daily,2017-09-24,15808.1882,mwmed
thermal_dispatch_mwh,"Thermal dispatch (generation)",energy_water,ons_open_data,daily,2017-09-25,16116.5492,mwmed
thermal_dispatch_mwh,"Thermal dispatch (generation)",energy_water,ons_open_data,daily,2017-09-26,15872.3055,mwmed
thermal_dispatch_mwh,"Thermal dispatch (generation)",energy_water,ons_open_data,daily,2017-09-27,15884.4015,mwmed
thermal_dispatch_mwh,"Thermal dispatch (generation)",energy_water,ons_open_data,daily,2017-09-28,16069.0566,mwmed
thermal_dispatch_mwh,"Thermal dispatch (generation)",energy_water,ons_open_data,daily,2017-09-29,16011.5936,mwmed
thermal_dispatch_mwh,"Thermal dispatch (generation)",energy_water,ons_open_data,daily,2017-09-30,15932.0945,mwmed
thermal_dispatch_mwh,"Thermal dispatch (generation)",energy_water,ons_open_data,daily,2017-10-01,15578.8252,mwmed
thermal_dispatch_mwh,"Thermal dispatch (generation)",energy_water,ons_open_data,daily,2017-10-02,15678.7500,mwmed
thermal_dispatch_mwh,"Thermal dispatch (generation)",energy_water,ons_open_data,daily,2017-10-03,15257.9377,mwmed
thermal_dispatch_mwh,"Thermal dispatch (generation)",energy_water,ons_open_data,daily,2017-10-04,15669.8120,mwmed
thermal_dispatch_mwh,"Thermal dispatch (generation)",energy_water,ons_open_data,daily,2017-10-05,15801.6713,mwmed
thermal_dispatch_mwh,"Thermal dispatch (generation)",energy_water,ons_open_data,daily,2017-10-06,15749.8943,mwmed
thermal_dispatch_mwh,"Thermal dispatch (generation)",energy_water,ons_open_data,daily,2017-10-07,15932.9272,mwmed
thermal_dispatch_mwh,"Thermal dispatch (generation)",energy_water,ons_open_data,daily,2017-10-08,15703.8975,mwmed
thermal_dispatch_mwh,"Thermal dispatch (generation)",energy_water,ons_open_data,daily,2017-10-09,15879.5663,mwmed
thermal_dispatch_mwh,"Thermal dispatch (generation)",energy_water,ons_open_data,daily,2017-10-10,16180.3290,mwmed
thermal_dispatch_mwh,"Thermal dispatch (generation)",energy_water,ons_open_data,daily,2017-10-11,16626.8630,mwmed
thermal_dispatch_mwh,"Thermal dispatch (generation)",energy_water,ons_open_data,daily,2017-10-12,16648.9022,mwmed
thermal_dispatch_mwh,"Thermal dispatch (generation)",energy_water,ons_open_data,daily,2017-10-13,16653.6593,mwmed
thermal_dispatch_mwh,"Thermal dispatch (generation)",energy_water,ons_open_data,daily,2017-10-14,17169.6231,mwmed
thermal_dispatch_mwh,"Thermal dispatch (generation)",energy_water,ons_open_data,daily,2017-10-15,16998.8062,mwmed
thermal_dispatch_mwh,"Thermal dispatch (generation)",energy_water,ons_open_data,daily,2017-10-16,17488.9566,mwmed
thermal_dispatch_mwh,"Thermal dispatch (generation)",energy_water,ons_open_data,daily,2017-10-17,17865.9183,mwmed
thermal_dispatch_mwh,"Thermal dispatch (generation)",energy_water,ons_open_data,daily,2017-10-18,17829.3507,mwmed
thermal_dispatch_mwh,"Thermal dispatch (generation)",energy_water,ons_open_data,daily,2017-10-19,17866.7040,mwmed
thermal_dispatch_mwh,"Thermal dispatch (generation)",energy_water,ons_open_data,daily,2017-10-20,17799.9805,mwmed
thermal_dispatch_mwh,"Thermal dispatch (generation)",energy_water,ons_open_data,daily,2017-10-21,17932.2558,mwmed
thermal_dispatch_mwh,"Thermal dispatch (generation)",energy_water,ons_open_data,daily,2017-10-22,17117.2090,mwmed
thermal_dispatch_mwh,"Thermal dispatch (generation)",energy_water,ons_open_data,daily,2017-10-23,17259.8875,mwmed
thermal_dispatch_mwh,"Thermal dispatch (generation)",energy_water,ons_open_data,daily,2017-10-24,17093.5914,mwmed
thermal_dispatch_mwh,"Thermal dispatch (generation)",energy_water,ons_open_data,daily,2017-10-25,17254.2686,mwmed
thermal_dispatch_mwh,"Thermal dispatch (generation)",energy_water,ons_open_data,daily,2017-10-26,17719.6208,mwmed
thermal_dispatch_mwh,"Thermal dispatch (generation)",energy_water,ons_open_data,daily,2017-10-27,17541.8960,mwmed
thermal_dispatch_mwh,"Thermal dispatch (generation)",energy_water,ons_open_data,daily,2017-10-28,16637.9962,mwmed
thermal_dispatch_mwh,"Thermal dispatch (generation)",energy_water,ons_open_data,daily,2017-10-29,16592.7048,mwmed
thermal_dispatch_mwh,"Thermal dispatch (generation)",energy_water,ons_open_data,daily,2017-10-30,16961.6715,mwmed
thermal_dispatch_mwh,"Thermal dispatch (generation)",energy_water,ons_open_data,daily,2017-10-31,17191.4507,mwmed
thermal_dispatch_mwh,"Thermal dispatch (generation)",energy_water,ons_open_data,daily,2017-11-01,17321.1138,mwmed
thermal_dispatch_mwh,"Thermal dispatch (generation)",energy_water,ons_open_data,daily,2017-11-02,17449.0985,mwmed
thermal_dispatch_mwh,"Thermal dispatch (generation)",energy_water,ons_open_data,daily,2017-11-03,17584.1737,mwmed
thermal_dispatch_mwh,"Thermal dispatch (generation)",energy_water,ons_open_data,daily,2017-11-04,16287.9721,mwmed
thermal_dispatch_mwh,"Thermal dispatch (generation)",energy_water,ons_open_data,daily,2017-11-05,15466.7262,mwmed
thermal_dispatch_mwh,"Thermal dispatch (generation)",energy_water,ons_open_data,daily,2017-11-06,16057.2730,mwmed
thermal_dispatch_mwh,"Thermal dispatch (generation)",energy_water,ons_open_data,daily,2017-11-07,16222.3352,mwmed
thermal_dispatch_mwh,"Thermal dispatch (generation)",energy_water,ons_open_data,daily,2017-11-08,16334.8655,mwmed
thermal_dispatch_mwh,"Thermal dispatch (generation)",energy_water,ons_open_data,daily,2017-11-09,16232.7207,mwmed
thermal_dispatch_mwh,"Thermal dispatch (generation)",energy_water,ons_open_data,daily,2017-11-10,16853.7412,mwmed
thermal_dispatch_mwh,"Thermal dispatch (generation)",energy_water,ons_open_data,daily,2017-11-11,16079.4082,mwmed
thermal_dispatch_mwh,"Thermal dispatch (generation)",energy_water,ons_open_data,daily,2017-11-12,16103.7086,mwmed
thermal_dispatch_mwh,"Thermal dispatch (generation)",energy_water,ons_open_data,daily,2017-11-13,16628.7961,mwmed
thermal_dispatch_mwh,"Thermal dispatch (generation)",energy_water,ons_open_data,daily,2017-11-14,16650.9767,mwmed
thermal_dispatch_mwh,"Thermal dispatch (generation)",energy_water,ons_open_data,daily,2017-11-15,16508.3735,mwmed
thermal_dispatch_mwh,"Thermal dispatch (generation)",energy_water,ons_open_data,daily,2017-11-16,16484.6645,mwmed
thermal_dispatch_mwh,"Thermal dispatch (generation)",energy_water,ons_open_data,daily,2017-11-17,16488.4406,mwmed
thermal_dispatch_mwh,"Thermal dispatch (generation)",energy_water,ons_open_data,daily,2017-11-18,16346.3271,mwmed
thermal_dispatch_mwh,"Thermal dispatch (generation)",energy_water,ons_open_data,daily,2017-11-19,15560.4618,mwmed
thermal_dispatch_mwh,"Thermal dispatch (generation)",energy_water,ons_open_data,daily,2017-11-20,15798.4923,mwmed
thermal_dispatch_mwh,"Thermal dispatch (generation)",energy_water,ons_open_data,daily,2017-11-21,16062.6778,mwmed
thermal_dispatch_mwh,"Thermal dispatch (generation)",energy_water,ons_open_data,daily,2017-11-22,15912.0814,mwmed
thermal_dispatch_mwh,"Thermal dispatch (generation)",energy_water,ons_open_data,daily,2017-11-23,16492.4612,mwmed
thermal_dispatch_mwh,"Thermal dispatch (generation)",energy_water,ons_open_data,daily,2017-11-24,16465.7689,mwmed
thermal_dispatch_mwh,"Thermal dispatch (generation)",energy_water,ons_open_data,daily,2017-11-25,13131.2109,mwmed
thermal_dispatch_mwh,"Thermal dispatch (generation)",energy_water,ons_open_data,daily,2017-11-26,13179.1502,mwmed
thermal_dispatch_mwh,"Thermal dispatch (generation)",energy_water,ons_open_data,daily,2017-11-27,13402.5603,mwmed
thermal_dispatch_mwh,"Thermal dispatch (generation)",energy_water,ons_open_data,daily,2017-11-28,13068.2155,mwmed
thermal_dispatch_mwh,"Thermal dispatch (generation)",energy_water,ons_open_data,daily,2017-11-29,12911.1469,mwmed
thermal_dispatch_mwh,"Thermal dispatch (generation)",energy_water,ons_open_data,daily,2017-11-30,12790.8729,mwmed
thermal_dispatch_mwh,"Thermal dispatch (generation)",energy_water,ons_open_data,daily,2017-12-01,12256.3698,mwmed
thermal_dispatch_mwh,"Thermal dispatch (generation)",energy_water,ons_open_data,daily,2017-12-02,12693.0853,mwmed
thermal_dispatch_mwh,"Thermal dispatch (generation)",energy_water,ons_open_data,daily,2017-12-03,12381.1336,mwmed
thermal_dispatch_mwh,"Thermal dispatch (generation)",energy_water,ons_open_data,daily,2017-12-04,12153.3864,mwmed
thermal_dispatch_mwh,"Thermal dispatch (generation)",energy_water,ons_open_data,daily,2017-12-05,12587.9085,mwmed
thermal_dispatch_mwh,"Thermal dispatch (generation)",energy_water,ons_open_data,daily,2017-12-06,12458.0508,mwmed
thermal_dispatch_mwh,"Thermal dispatch (generation)",energy_water,ons_open_data,daily,2017-12-07,12270.7262,mwmed
thermal_dispatch_mwh,"Thermal dispatch (generation)",energy_water,ons_open_data,daily,2017-12-08,12740.1968,mwmed
thermal_dispatch_mwh,"Thermal dispatch (generation)",energy_water,ons_open_data,daily,2017-12-09,12784.6225,mwmed
thermal_dispatch_mwh,"Thermal dispatch (generation)",energy_water,ons_open_data,daily,2017-12-10,12396.1529,mwmed
thermal_dispatch_mwh,"Thermal dispatch (generation)",energy_water,ons_open_data,daily,2017-12-11,12709.1114,mwmed
thermal_dispatch_mwh,"Thermal dispatch (generation)",energy_water,ons_open_data,daily,2017-12-12,14284.5244,mwmed
thermal_dispatch_mwh,"Thermal dispatch (generation)",energy_water,ons_open_data,daily,2017-12-13,13910.4285,mwmed
thermal_dispatch_mwh,"Thermal dispatch (generation)",energy_water,ons_open_data,daily,2017-12-14,14067.7965,mwmed
thermal_dispatch_mwh,"Thermal dispatch (generation)",energy_water,ons_open_data,daily,2017-12-15,14131.4070,mwmed
thermal_dispatch_mwh,"Thermal dispatch (generation)",energy_water,ons_open_data,daily,2017-12-16,13401.8244,mwmed
thermal_dispatch_mwh,"Thermal dispatch (generation)",energy_water,ons_open_data,daily,2017-12-17,13303.8649,mwmed
thermal_dispatch_mwh,"Thermal dispatch (generation)",energy_water,ons_open_data,daily,2017-12-18,13254.7848,mwmed
thermal_dispatch_mwh,"Thermal dispatch (generation)",energy_water,ons_open_data,daily,2017-12-19,13059.9670,mwmed
thermal_dispatch_mwh,"Thermal dispatch (generation)",energy_water,ons_open_data,daily,2017-12-20,13293.9148,mwmed
thermal_dispatch_mwh,"Thermal dispatch (generation)",energy_water,ons_open_data,daily,2017-12-21,13390.0003,mwmed
thermal_dispatch_mwh,"Thermal dispatch (generation)",energy_water,ons_open_data,daily,2017-12-22,13336.6267,mwmed
thermal_dispatch_mwh,"Thermal dispatch (generation)",energy_water,ons_open_data,daily,2017-12-23,13103.6835,mwmed
thermal_dispatch_mwh,"Thermal dispatch (generation)",energy_water,ons_open_data,daily,2017-12-24,13180.1458,mwmed
thermal_dispatch_mwh,"Thermal dispatch (generation)",energy_water,ons_open_data,daily,2017-12-25,12926.6775,mwmed
thermal_dispatch_mwh,"Thermal dispatch (generation)",energy_water,ons_open_data,daily,2017-12-26,12700.3475,mwmed
thermal_dispatch_mwh,"Thermal dispatch (generation)",energy_water,ons_open_data,daily,2017-12-27,13456.8319,mwmed
thermal_dispatch_mwh,"Thermal dispatch (generation)",energy_water,ons_open_data,daily,2017-12-28,13564.2807,mwmed
thermal_dispatch_mwh,"Thermal dispatch (generation)",energy_water,ons_open_data,daily,2017-12-29,13436.4567,mwmed
thermal_dispatch_mwh,"Thermal dispatch (generation)",energy_water,ons_open_data,daily,2017-12-30,11004.2369,mwmed
thermal_dispatch_mwh,"Thermal dispatch (generation)",energy_water,ons_open_data,daily,2017-12-31,11181.1112,mwmed
thermal_dispatch_mwh,"Thermal dispatch (generation)",energy_water,ons_open_data,daily,2018-01-01,10452.8653,mwmed
thermal_dispatch_mwh,"Thermal dispatch (generation)",energy_water,ons_open_data,daily,2018-01-02,11548.1293,mwmed
thermal_dispatch_mwh,"Thermal dispatch (generation)",energy_water,ons_open_data,daily,2018-01-03,12207.6997,mwmed
thermal_dispatch_mwh,"Thermal dispatch (generation)",energy_water,ons_open_data,daily,2018-01-04,12309.5975,mwmed
thermal_dispatch_mwh,"Thermal dispatch (generation)",energy_water,ons_open_data,daily,2018-01-05,11198.9202,mwmed
thermal_dispatch_mwh,"Thermal dispatch (generation)",energy_water,ons_open_data,daily,2018-01-06,10378.4465,mwmed
thermal_dispatch_mwh,"Thermal dispatch (generation)",energy_water,ons_open_data,daily,2018-01-07,10196.6064,mwmed
thermal_dispatch_mwh,"Thermal dispatch (generation)",energy_water,ons_open_data,daily,2018-01-08,11147.6717,mwmed
thermal_dispatch_mwh,"Thermal dispatch (generation)",energy_water,ons_open_data,daily,2018-01-09,10781.9191,mwmed
thermal_dispatch_mwh,"Thermal dispatch (generation)",energy_water,ons_open_data,daily,2018-01-10,10608.6645,mwmed
thermal_dispatch_mwh,"Thermal dispatch (generation)",energy_water,ons_open_data,daily,2018-01-11,10950.0706,mwmed
thermal_dispatch_mwh,"Thermal dispatch (generation)",energy_water,ons_open_data,daily,2018-01-12,11198.0735,mwmed
thermal_dispatch_mwh,"Thermal dispatch (generation)",energy_water,ons_open_data,daily,2018-01-13,10160.8528,mwmed
thermal_dispatch_mwh,"Thermal dispatch (generation)",energy_water,ons_open_data,daily,2018-01-14,10155.6854,mwmed
thermal_dispatch_mwh,"Thermal dispatch (generation)",energy_water,ons_open_data,daily,2018-01-15,10395.9982,mwmed
thermal_dispatch_mwh,"Thermal dispatch (generation)",energy_water,ons_open_data,daily,2018-01-16,9420.4374,mwmed
thermal_dispatch_mwh,"Thermal dispatch (generation)",energy_water,ons_open_data,daily,2018-01-17,9996.3592,mwmed
thermal_dispatch_mwh,"Thermal dispatch (generation)",energy_water,ons_open_data,daily,2018-01-18,10129.7215,mwmed
thermal_dispatch_mwh,"Thermal dispatch (generation)",energy_water,ons_open_data,daily,2018-01-19,10311.4495,mwmed
thermal_dispatch_mwh,"Thermal dispatch (generation)",energy_water,ons_open_data,daily,2018-01-20,10368.5565,mwmed
thermal_dispatch_mwh,"Thermal dispatch (generation)",energy_water,ons_open_data,daily,2018-01-21,9732.3905,mwmed
thermal_dispatch_mwh,"Thermal dispatch (generation)",energy_water,ons_open_data,daily,2018-01-22,10075.2288,mwmed
thermal_dispatch_mwh,"Thermal dispatch (generation)",energy_water,ons_open_data,daily,2018-01-23,10176.4135,mwmed
thermal_dispatch_mwh,"Thermal dispatch (generation)",energy_water,ons_open_data,daily,2018-01-24,9968.9336,mwmed
thermal_dispatch_mwh,"Thermal dispatch (generation)",energy_water,ons_open_data,daily,2018-01-25,10529.9918,mwmed
thermal_dispatch_mwh,"Thermal dispatch (generation)",energy_water,ons_open_data,daily,2018-01-26,10790.7065,mwmed
thermal_dispatch_mwh,"Thermal dispatch (generation)",energy_water,ons_open_data,daily,2018-01-27,9836.7756,mwmed
thermal_dispatch_mwh,"Thermal dispatch (generation)",energy_water,ons_open_data,daily,2018-01-28,9062.8111,mwmed
thermal_dispatch_mwh,"Thermal dispatch (generation)",energy_water,ons_open_data,daily,2018-01-29,9957.5857,mwmed
thermal_dispatch_mwh,"Thermal dispatch (generation)",energy_water,ons_open_data,daily,2018-01-30,9279.0513,mwmed
thermal_dispatch_mwh,"Thermal dispatch (generation)",energy_water,ons_open_data,daily,2018-01-31,8861.8845,mwmed
thermal_dispatch_mwh,"Thermal dispatch (generation)",energy_water,ons_open_data,daily,2018-02-01,9180.2758,mwmed
thermal_dispatch_mwh,"Thermal dispatch (generation)",energy_water,ons_open_data,daily,2018-02-02,9635.0037,mwmed
thermal_dispatch_mwh,"Thermal dispatch (generation)",energy_water,ons_open_data,daily,2018-02-03,8883.6936,mwmed
thermal_dispatch_mwh,"Thermal dispatch (generation)",energy_water,ons_open_data,daily,2018-02-04,8831.7439,mwmed
thermal_dispatch_mwh,"Thermal dispatch (generation)",energy_water,ons_open_data,daily,2018-02-05,8983.5950,mwmed
thermal_dispatch_mwh,"Thermal dispatch (generation)",energy_water,ons_open_data,daily,2018-02-06,8841.8123,mwmed
thermal_dispatch_mwh,"Thermal dispatch (generation)",energy_water,ons_open_data,daily,2018-02-07,9163.2236,mwmed
thermal_dispatch_mwh,"Thermal dispatch (generation)",energy_water,ons_open_data,daily,2018-02-08,8930.4122,mwmed
thermal_dispatch_mwh,"Thermal dispatch (generation)",energy_water,ons_open_data,daily,2018-02-09,9433.8156,mwmed
thermal_dispatch_mwh,"Thermal dispatch (generation)",energy_water,ons_open_data,daily,2018-02-10,10803.9183,mwmed
thermal_dispatch_mwh,"Thermal dispatch (generation)",energy_water,ons_open_data,daily,2018-02-11,10501.4232,mwmed
thermal_dispatch_mwh,"Thermal dispatch (generation)",energy_water,ons_open_data,daily,2018-02-12,10409.0995,mwmed
thermal_dispatch_mwh,"Thermal dispatch (generation)",energy_water,ons_open_data,daily,2018-02-13,10508.1192,mwmed
thermal_dispatch_mwh,"Thermal dispatch (generation)",energy_water,ons_open_data,daily,2018-02-14,9835.3214,mwmed
thermal_dispatch_mwh,"Thermal dispatch (generation)",energy_water,ons_open_data,daily,2018-02-15,9809.9287,mwmed
thermal_dispatch_mwh,"Thermal dispatch (generation)",energy_water,ons_open_data,daily,2018-02-16,9249.3833,mwmed
thermal_dispatch_mwh,"Thermal dispatch (generation)",energy_water,ons_open_data,daily,2018-02-17,8131.2419,mwmed
thermal_dispatch_mwh,"Thermal dispatch (generation)",energy_water,ons_open_data,daily,2018-02-18,8150.9557,mwmed
thermal_dispatch_mwh,"Thermal dispatch (generation)",energy_water,ons_open_data,daily,2018-02-19,8751.3464,mwmed
thermal_dispatch_mwh,"Thermal dispatch (generation)",energy_water,ons_open_data,daily,2018-02-20,9294.4008,mwmed
thermal_dispatch_mwh,"Thermal dispatch (generation)",energy_water,ons_open_data,daily,2018-02-21,9453.3782,mwmed
thermal_dispatch_mwh,"Thermal dispatch (generation)",energy_water,ons_open_data,daily,2018-02-22,10357.2165,mwmed
thermal_dispatch_mwh,"Thermal dispatch (generation)",energy_water,ons_open_data,daily,2018-02-23,10368.0847,mwmed
thermal_dispatch_mwh,"Thermal dispatch (generation)",energy_water,ons_open_data,daily,2018-02-24,10113.7112,mwmed
thermal_dispatch_mwh,"Thermal dispatch (generation)",energy_water,ons_open_data,daily,2018-02-25,8902.1500,mwmed
thermal_dispatch_mwh,"Thermal dispatch (generation)",energy_water,ons_open_data,daily,2018-02-26,8572.7565,mwmed
thermal_dispatch_mwh,"Thermal dispatch (generation)",energy_water,ons_open_data,daily,2018-02-27,8546.7611,mwmed
thermal_dispatch_mwh,"Thermal dispatch (generation)",energy_water,ons_open_data,daily,2018-02-28,8255.4855,mwmed
thermal_dispatch_mwh,"Thermal dispatch (generation)",energy_water,ons_open_data,daily,2018-03-01,8536.2621,mwmed
thermal_dispatch_mwh,"Thermal dispatch (generation)",energy_water,ons_open_data,daily,2018-03-02,9193.6720,mwmed
thermal_dispatch_mwh,"Thermal dispatch (generation)",energy_water,ons_open_data,daily,2018-03-03,9437.1991,mwmed
thermal_dispatch_mwh,"Thermal dispatch (generation)",energy_water,ons_open_data,daily,2018-03-04,9054.7885,mwmed
thermal_dispatch_mwh,"Thermal dispatch (generation)",energy_water,ons_open_data,daily,2018-03-05,9354.9843,mwmed
thermal_dispatch_mwh,"Thermal dispatch (generation)",energy_water,ons_open_data,daily,2018-03-06,9393.3706,mwmed
thermal_dispatch_mwh,"Thermal dispatch (generation)",energy_water,ons_open_data,daily,2018-03-07,9608.1547,mwmed
thermal_dispatch_mwh,"Thermal dispatch (generation)",energy_water,ons_open_data,daily,2018-03-08,9570.3710,mwmed
thermal_dispatch_mwh,"Thermal dispatch (generation)",energy_water,ons_open_data,daily,2018-03-09,9516.4335,mwmed
thermal_dispatch_mwh,"Thermal dispatch (generation)",energy_water,ons_open_data,daily,2018-03-10,9310.8855,mwmed
thermal_dispatch_mwh,"Thermal dispatch (generation)",energy_water,ons_open_data,daily,2018-03-11,8925.8806,mwmed
thermal_dispatch_mwh,"Thermal dispatch (generation)",energy_water,ons_open_data,daily,2018-03-12,9602.2637,mwmed
thermal_dispatch_mwh,"Thermal dispatch (generation)",energy_water,ons_open_data,daily,2018-03-13,9848.7624,mwmed
thermal_dispatch_mwh,"Thermal dispatch (generation)",energy_water,ons_open_data,daily,2018-03-14,9170.0236,mwmed
thermal_dispatch_mwh,"Thermal dispatch (generation)",energy_water,ons_open_data,daily,2018-03-15,8833.2285,mwmed
thermal_dispatch_mwh,"Thermal dispatch (generation)",energy_water,ons_open_data,daily,2018-03-16,9620.2043,mwmed
thermal_dispatch_mwh,"Thermal dispatch (generation)",energy_water,ons_open_data,daily,2018-03-17,9375.3006,mwmed
thermal_dispatch_mwh,"Thermal dispatch (generation)",energy_water,ons_open_data,daily,2018-03-18,9203.9905,mwmed
thermal_dispatch_mwh,"Thermal dispatch (generation)",energy_water,ons_open_data,daily,2018-03-19,9444.0223,mwmed
thermal_dispatch_mwh,"Thermal dispatch (generation)",energy_water,ons_open_data,daily,2018-03-20,10381.7638,mwmed
thermal_dispatch_mwh,"Thermal dispatch (generation)",energy_water,ons_open_data,daily,2018-03-21,10024.2802,mwmed
thermal_dispatch_mwh,"Thermal dispatch (generation)",energy_water,ons_open_data,daily,2018-03-22,10101.0342,mwmed
thermal_dispatch_mwh,"Thermal dispatch (generation)",energy_water,ons_open_data,daily,2018-03-23,11193.3023,mwmed
thermal_dispatch_mwh,"Thermal dispatch (generation)",energy_water,ons_open_data,daily,2018-03-24,10766.9443,mwmed
thermal_dispatch_mwh,"Thermal dispatch (generation)",energy_water,ons_open_data,daily,2018-03-25,10363.6138,mwmed
thermal_dispatch_mwh,"Thermal dispatch (generation)",energy_water,ons_open_data,daily,2018-03-26,10964.6028,mwmed
thermal_dispatch_mwh,"Thermal dispatch (generation)",energy_water,ons_open_data,daily,2018-03-27,10759.9000,mwmed
thermal_dispatch_mwh,"Thermal dispatch (generation)",energy_water,ons_open_data,daily,2018-03-28,10679.1689,mwmed
thermal_dispatch_mwh,"Thermal dispatch (generation)",energy_water,ons_open_data,daily,2018-03-29,10174.8088,mwmed
thermal_dispatch_mwh,"Thermal dispatch (generation)",energy_water,ons_open_data,daily,2018-03-30,10042.4534,mwmed
thermal_dispatch_mwh,"Thermal dispatch (generation)",energy_water,ons_open_data,daily,2018-03-31,6913.4268,mwmed
thermal_dispatch_mwh,"Thermal dispatch (generation)",energy_water,ons_open_data,daily,2018-04-01,6949.8870,mwmed
thermal_dispatch_mwh,"Thermal dispatch (generation)",energy_water,ons_open_data,daily,2018-04-02,8649.6100,mwmed
thermal_dispatch_mwh,"Thermal dispatch (generation)",energy_water,ons_open_data,daily,2018-04-03,8814.9169,mwmed
thermal_dispatch_mwh,"Thermal dispatch (generation)",energy_water,ons_open_data,daily,2018-04-04,8550.8237,mwmed
thermal_dispatch_mwh,"Thermal dispatch (generation)",energy_water,ons_open_data,daily,2018-04-05,8798.3505,mwmed
thermal_dispatch_mwh,"Thermal dispatch (generation)",energy_water,ons_open_data,daily,2018-04-06,8803.3407,mwmed
thermal_dispatch_mwh,"Thermal dispatch (generation)",energy_water,ons_open_data,daily,2018-04-07,9994.1729,mwmed
thermal_dispatch_mwh,"Thermal dispatch (generation)",energy_water,ons_open_data,daily,2018-04-08,10205.4385,mwmed
thermal_dispatch_mwh,"Thermal dispatch (generation)",energy_water,ons_open_data,daily,2018-04-09,10337.8092,mwmed
thermal_dispatch_mwh,"Thermal dispatch (generation)",energy_water,ons_open_data,daily,2018-04-10,9717.4156,mwmed
thermal_dispatch_mwh,"Thermal dispatch (generation)",energy_water,ons_open_data,daily,2018-04-11,9631.9526,mwmed
thermal_dispatch_mwh,"Thermal dispatch (generation)",energy_water,ons_open_data,daily,2018-04-12,9778.2796,mwmed
thermal_dispatch_mwh,"Thermal dispatch (generation)",energy_water,ons_open_data,daily,2018-04-13,10102.6942,mwmed
thermal_dispatch_mwh,"Thermal dispatch (generation)",energy_water,ons_open_data,daily,2018-04-14,10117.2150,mwmed
thermal_dispatch_mwh,"Thermal dispatch (generation)",energy_water,ons_open_data,daily,2018-04-15,9868.1201,mwmed
thermal_dispatch_mwh,"Thermal dispatch (generation)",energy_water,ons_open_data,daily,2018-04-16,10030.7820,mwmed
thermal_dispatch_mwh,"Thermal dispatch (generation)",energy_water,ons_open_data,daily,2018-04-17,9671.9085,mwmed
thermal_dispatch_mwh,"Thermal dispatch (generation)",energy_water,ons_open_data,daily,2018-04-18,9628.4459,mwmed
thermal_dispatch_mwh,"Thermal dispatch (generation)",energy_water,ons_open_data,daily,2018-04-19,10065.5022,mwmed
thermal_dispatch_mwh,"Thermal dispatch (generation)",energy_water,ons_open_data,daily,2018-04-20,9986.2132,mwmed
thermal_dispatch_mwh,"Thermal dispatch (generation)",energy_water,ons_open_data,daily,2018-04-21,9816.3697,mwmed
thermal_dispatch_mwh,"Thermal dispatch (generation)",energy_water,ons_open_data,daily,2018-04-22,8892.0623,mwmed
thermal_dispatch_mwh,"Thermal dispatch (generation)",energy_water,ons_open_data,daily,2018-04-23,8380.9520,mwmed
thermal_dispatch_mwh,"Thermal dispatch (generation)",energy_water,ons_open_data,daily,2018-04-24,8464.7270,mwmed
thermal_dispatch_mwh,"Thermal dispatch (generation)",energy_water,ons_open_data,daily,2018-04-25,8683.1090,mwmed
thermal_dispatch_mwh,"Thermal dispatch (generation)",energy_water,ons_open_data,daily,2018-04-26,8914.6671,mwmed
thermal_dispatch_mwh,"Thermal dispatch (generation)",energy_water,ons_open_data,daily,2018-04-27,8851.4465,mwmed
thermal_dispatch_mwh,"Thermal dispatch (generation)",energy_water,ons_open_data,daily,2018-04-28,9861.7591,mwmed
thermal_dispatch_mwh,"Thermal dispatch (generation)",energy_water,ons_open_data,daily,2018-04-29,9816.1286,mwmed
thermal_dispatch_mwh,"Thermal dispatch (generation)",energy_water,ons_open_data,daily,2018-04-30,9816.8607,mwmed
thermal_dispatch_mwh,"Thermal dispatch (generation)",energy_water,ons_open_data,daily,2018-05-01,9614.4891,mwmed
thermal_dispatch_mwh,"Thermal dispatch (generation)",energy_water,ons_open_data,daily,2018-05-02,9616.6111,mwmed
thermal_dispatch_mwh,"Thermal dispatch (generation)",energy_water,ons_open_data,daily,2018-05-03,9732.5754,mwmed
thermal_dispatch_mwh,"Thermal dispatch (generation)",energy_water,ons_open_data,daily,2018-05-04,10112.3020,mwmed
thermal_dispatch_mwh,"Thermal dispatch (generation)",energy_water,ons_open_data,daily,2018-05-05,10159.9798,mwmed
thermal_dispatch_mwh,"Thermal dispatch (generation)",energy_water,ons_open_data,daily,2018-05-06,10187.4148,mwmed
thermal_dispatch_mwh,"Thermal dispatch (generation)",energy_water,ons_open_data,daily,2018-05-07,10224.0225,mwmed
thermal_dispatch_mwh,"Thermal dispatch (generation)",energy_water,ons_open_data,daily,2018-05-08,9828.1440,mwmed
thermal_dispatch_mwh,"Thermal dispatch (generation)",energy_water,ons_open_data,daily,2018-05-09,9661.4009,mwmed
thermal_dispatch_mwh,"Thermal dispatch (generation)",energy_water,ons_open_data,daily,2018-05-10,9627.2176,mwmed
thermal_dispatch_mwh,"Thermal dispatch (generation)",energy_water,ons_open_data,daily,2018-05-11,10001.3192,mwmed
thermal_dispatch_mwh,"Thermal dispatch (generation)",energy_water,ons_open_data,daily,2018-05-12,9905.6624,mwmed
thermal_dispatch_mwh,"Thermal dispatch (generation)",energy_water,ons_open_data,daily,2018-05-13,10234.2645,mwmed
thermal_dispatch_mwh,"Thermal dispatch (generation)",energy_water,ons_open_data,daily,2018-05-14,10303.2847,mwmed
thermal_dispatch_mwh,"Thermal dispatch (generation)",energy_water,ons_open_data,daily,2018-05-15,10248.4731,mwmed
thermal_dispatch_mwh,"Thermal dispatch (generation)",energy_water,ons_open_data,daily,2018-05-16,9875.9048,mwmed
thermal_dispatch_mwh,"Thermal dispatch (generation)",energy_water,ons_open_data,daily,2018-05-17,9719.7689,mwmed
thermal_dispatch_mwh,"Thermal dispatch (generation)",energy_water,ons_open_data,daily,2018-05-18,9840.0917,mwmed
thermal_dispatch_mwh,"Thermal dispatch (generation)",energy_water,ons_open_data,daily,2018-05-19,9975.4392,mwmed
thermal_dispatch_mwh,"Thermal dispatch (generation)",energy_water,ons_open_data,daily,2018-05-20,10747.6637,mwmed
thermal_dispatch_mwh,"Thermal dispatch (generation)",energy_water,ons_open_data,daily,2018-05-21,10983.3030,mwmed
thermal_dispatch_mwh,"Thermal dispatch (generation)",energy_water,ons_open_data,daily,2018-05-22,10141.5483,mwmed
thermal_dispatch_mwh,"Thermal dispatch (generation)",energy_water,ons_open_data,daily,2018-05-23,10331.0292,mwmed
thermal_dispatch_mwh,"Thermal dispatch (generation)",energy_water,ons_open_data,daily,2018-05-24,10235.1977,mwmed
thermal_dispatch_mwh,"Thermal dispatch (generation)",energy_water,ons_open_data,daily,2018-05-25,10040.5729,mwmed
thermal_dispatch_mwh,"Thermal dispatch (generation)",energy_water,ons_open_data,daily,2018-05-26,9392.8567,mwmed
thermal_dispatch_mwh,"Thermal dispatch (generation)",energy_water,ons_open_data,daily,2018-05-27,9030.2234,mwmed
thermal_dispatch_mwh,"Thermal dispatch (generation)",energy_water,ons_open_data,daily,2018-05-28,9564.4807,mwmed
thermal_dispatch_mwh,"Thermal dispatch (generation)",energy_water,ons_open_data,daily,2018-05-29,9690.3492,mwmed
thermal_dispatch_mwh,"Thermal dispatch (generation)",energy_water,ons_open_data,daily,2018-05-30,9077.3147,mwmed
thermal_dispatch_mwh,"Thermal dispatch (generation)",energy_water,ons_open_data,daily,2018-05-31,8168.9423,mwmed
thermal_dispatch_mwh,"Thermal dispatch (generation)",energy_water,ons_open_data,daily,2018-06-01,9340.4677,mwmed
thermal_dispatch_mwh,"Thermal dispatch (generation)",energy_water,ons_open_data,daily,2018-06-02,9551.0645,mwmed
thermal_dispatch_mwh,"Thermal dispatch (generation)",energy_water,ons_open_data,daily,2018-06-03,9335.4329,mwmed
thermal_dispatch_mwh,"Thermal dispatch (generation)",energy_water,ons_open_data,daily,2018-06-04,10595.1339,mwmed
thermal_dispatch_mwh,"Thermal dispatch (generation)",energy_water,ons_open_data,daily,2018-06-05,12725.1795,mwmed
thermal_dispatch_mwh,"Thermal dispatch (generation)",energy_water,ons_open_data,daily,2018-06-06,13785.2371,mwmed
thermal_dispatch_mwh,"Thermal dispatch (generation)",energy_water,ons_open_data,daily,2018-06-07,14029.5019,mwmed
thermal_dispatch_mwh,"Thermal dispatch (generation)",energy_water,ons_open_data,daily,2018-06-08,13420.9913,mwmed
thermal_dispatch_mwh,"Thermal dispatch (generation)",energy_water,ons_open_data,daily,2018-06-09,12284.6347,mwmed
thermal_dispatch_mwh,"Thermal dispatch (generation)",energy_water,ons_open_data,daily,2018-06-10,10862.5164,mwmed
thermal_dispatch_mwh,"Thermal dispatch (generation)",energy_water,ons_open_data,daily,2018-06-11,12948.9207,mwmed
thermal_dispatch_mwh,"Thermal dispatch (generation)",energy_water,ons_open_data,daily,2018-06-12,13986.7641,mwmed
thermal_dispatch_mwh,"Thermal dispatch (generation)",energy_water,ons_open_data,daily,2018-06-13,12985.8642,mwmed
thermal_dispatch_mwh,"Thermal dispatch (generation)",energy_water,ons_open_data,daily,2018-06-14,13341.5135,mwmed
thermal_dispatch_mwh,"Thermal dispatch (generation)",energy_water,ons_open_data,daily,2018-06-15,13644.1117,mwmed
thermal_dispatch_mwh,"Thermal dispatch (generation)",energy_water,ons_open_data,daily,2018-06-16,13235.0165,mwmed
thermal_dispatch_mwh,"Thermal dispatch (generation)",energy_water,ons_open_data,daily,2018-06-17,10416.8376,mwmed
thermal_dispatch_mwh,"Thermal dispatch (generation)",energy_water,ons_open_data,daily,2018-06-18,13288.0811,mwmed
thermal_dispatch_mwh,"Thermal dispatch (generation)",energy_water,ons_open_data,daily,2018-06-19,14638.2521,mwmed
thermal_dispatch_mwh,"Thermal dispatch (generation)",energy_water,ons_open_data,daily,2018-06-20,14878.1670,mwmed
thermal_dispatch_mwh,"Thermal dispatch (generation)",energy_water,ons_open_data,daily,2018-06-21,13949.2515,mwmed
thermal_dispatch_mwh,"Thermal dispatch (generation)",energy_water,ons_open_data,daily,2018-06-22,13987.7970,mwmed
thermal_dispatch_mwh,"Thermal dispatch (generation)",energy_water,ons_open_data,daily,2018-06-23,13188.7376,mwmed
thermal_dispatch_mwh,"Thermal dispatch (generation)",energy_water,ons_open_data,daily,2018-06-24,10799.6517,mwmed
thermal_dispatch_mwh,"Thermal dispatch (generation)",energy_water,ons_open_data,daily,2018-06-25,13813.1690,mwmed
thermal_dispatch_mwh,"Thermal dispatch (generation)",energy_water,ons_open_data,daily,2018-06-26,14150.0677,mwmed
thermal_dispatch_mwh,"Thermal dispatch (generation)",energy_water,ons_open_data,daily,2018-06-27,14119.4450,mwmed
thermal_dispatch_mwh,"Thermal dispatch (generation)",energy_water,ons_open_data,daily,2018-06-28,14044.9510,mwmed
thermal_dispatch_mwh,"Thermal dispatch (generation)",energy_water,ons_open_data,daily,2018-06-29,14542.3111,mwmed
thermal_dispatch_mwh,"Thermal dispatch (generation)",energy_water,ons_open_data,daily,2018-06-30,14518.2289,mwmed
thermal_dispatch_mwh,"Thermal dispatch (generation)",energy_water,ons_open_data,daily,2018-07-01,13537.8352,mwmed
thermal_dispatch_mwh,"Thermal dispatch (generation)",energy_water,ons_open_data,daily,2018-07-02,13848.9121,mwmed
thermal_dispatch_mwh,"Thermal dispatch (generation)",energy_water,ons_open_data,daily,2018-07-03,14501.2710,mwmed
thermal_dispatch_mwh,"Thermal dispatch (generation)",energy_water,ons_open_data,daily,2018-07-04,14421.4572,mwmed
thermal_dispatch_mwh,"Thermal dispatch (generation)",energy_water,ons_open_data,daily,2018-07-05,13691.8962,mwmed
thermal_dispatch_mwh,"Thermal dispatch (generation)",energy_water,ons_open_data,daily,2018-07-06,13702.9567,mwmed
thermal_dispatch_mwh,"Thermal dispatch (generation)",energy_water,ons_open_data,daily,2018-07-07,14258.0798,mwmed
thermal_dispatch_mwh,"Thermal dispatch (generation)",energy_water,ons_open_data,daily,2018-07-08,13943.5978,mwmed
thermal_dispatch_mwh,"Thermal dispatch (generation)",energy_water,ons_open_data,daily,2018-07-09,13589.0962,mwmed
thermal_dispatch_mwh,"Thermal dispatch (generation)",energy_water,ons_open_data,daily,2018-07-10,13946.9570,mwmed
thermal_dispatch_mwh,"Thermal dispatch (generation)",energy_water,ons_open_data,daily,2018-07-11,14122.1299,mwmed
thermal_dispatch_mwh,"Thermal dispatch (generation)",energy_water,ons_open_data,daily,2018-07-12,14254.3460,mwmed
thermal_dispatch_mwh,"Thermal dispatch (generation)",energy_water,ons_open_data,daily,2018-07-13,14377.4932,mwmed
thermal_dispatch_mwh,"Thermal dispatch (generation)",energy_water,ons_open_data,daily,2018-07-14,14483.3505,mwmed
thermal_dispatch_mwh,"Thermal dispatch (generation)",energy_water,ons_open_data,daily,2018-07-15,13768.5580,mwmed
thermal_dispatch_mwh,"Thermal dispatch (generation)",energy_water,ons_open_data,daily,2018-07-16,14189.5338,mwmed
thermal_dispatch_mwh,"Thermal dispatch (generation)",energy_water,ons_open_data,daily,2018-07-17,13784.4687,mwmed
thermal_dispatch_mwh,"Thermal dispatch (generation)",energy_water,ons_open_data,daily,2018-07-18,14054.8020,mwmed
thermal_dispatch_mwh,"Thermal dispatch (generation)",energy_water,ons_open_data,daily,2018-07-19,13864.6825,mwmed
thermal_dispatch_mwh,"Thermal dispatch (generation)",energy_water,ons_open_data,daily,2018-07-20,14082.4215,mwmed
thermal_dispatch_mwh,"Thermal dispatch (generation)",energy_water,ons_open_data,daily,2018-07-21,14118.7145,mwmed
thermal_dispatch_mwh,"Thermal dispatch (generation)",energy_water,ons_open_data,daily,2018-07-22,13786.2780,mwmed
thermal_dispatch_mwh,"Thermal dispatch (generation)",energy_water,ons_open_data,daily,2018-07-23,14327.2481,mwmed
thermal_dispatch_mwh,"Thermal dispatch (generation)",energy_water,ons_open_data,daily,2018-07-24,13645.1027,mwmed
thermal_dispatch_mwh,"Thermal dispatch (generation)",energy_water,ons_open_data,daily,2018-07-25,13343.3277,mwmed
thermal_dispatch_mwh,"Thermal dispatch (generation)",energy_water,ons_open_data,daily,2018-07-26,13027.0746,mwmed
thermal_dispatch_mwh,"Thermal dispatch (generation)",energy_water,ons_open_data,daily,2018-07-27,13233.6149,mwmed
thermal_dispatch_mwh,"Thermal dispatch (generation)",energy_water,ons_open_data,daily,2018-07-28,15014.8999,mwmed
thermal_dispatch_mwh,"Thermal dispatch (generation)",energy_water,ons_open_data,daily,2018-07-29,13914.6063,mwmed
thermal_dispatch_mwh,"Thermal dispatch (generation)",energy_water,ons_open_data,daily,2018-07-30,14479.9364,mwmed
thermal_dispatch_mwh,"Thermal dispatch (generation)",energy_water,ons_open_data,daily,2018-07-31,14906.3780,mwmed
thermal_dispatch_mwh,"Thermal dispatch (generation)",energy_water,ons_open_data,daily,2018-08-01,14718.4262,mwmed
thermal_dispatch_mwh,"Thermal dispatch (generation)",energy_water,ons_open_data,daily,2018-08-02,14579.9132,mwmed
thermal_dispatch_mwh,"Thermal dispatch (generation)",energy_water,ons_open_data,daily,2018-08-03,14371.1911,mwmed
thermal_dispatch_mwh,"Thermal dispatch (generation)",energy_water,ons_open_data,daily,2018-08-04,14023.2348,mwmed
thermal_dispatch_mwh,"Thermal dispatch (generation)",energy_water,ons_open_data,daily,2018-08-05,13537.6733,mwmed
thermal_dispatch_mwh,"Thermal dispatch (generation)",energy_water,ons_open_data,daily,2018-08-06,14153.5853,mwmed
thermal_dispatch_mwh,"Thermal dispatch (generation)",energy_water,ons_open_data,daily,2018-08-07,14677.8456,mwmed
thermal_dispatch_mwh,"Thermal dispatch (generation)",energy_water,ons_open_data,daily,2018-08-08,14406.6398,mwmed
thermal_dispatch_mwh,"Thermal dispatch (generation)",energy_water,ons_open_data,daily,2018-08-09,14646.4029,mwmed
thermal_dispatch_mwh,"Thermal dispatch (generation)",energy_water,ons_open_data,daily,2018-08-10,14590.0716,mwmed
thermal_dispatch_mwh,"Thermal dispatch (generation)",energy_water,ons_open_data,daily,2018-08-11,13685.2775,mwmed
thermal_dispatch_mwh,"Thermal dispatch (generation)",energy_water,ons_open_data,daily,2018-08-12,13875.8563,mwmed
thermal_dispatch_mwh,"Thermal dispatch (generation)",energy_water,ons_open_data,daily,2018-08-13,13906.6096,mwmed
thermal_dispatch_mwh,"Thermal dispatch (generation)",energy_water,ons_open_data,daily,2018-08-14,13792.4034,mwmed
thermal_dispatch_mwh,"Thermal dispatch (generation)",energy_water,ons_open_data,daily,2018-08-15,14122.3970,mwmed
thermal_dispatch_mwh,"Thermal dispatch (generation)",energy_water,ons_open_data,daily,2018-08-16,14435.8142,mwmed
thermal_dispatch_mwh,"Thermal dispatch (generation)",energy_water,ons_open_data,daily,2018-08-17,14550.1986,mwmed
thermal_dispatch_mwh,"Thermal dispatch (generation)",energy_water,ons_open_data,daily,2018-08-18,14146.5125,mwmed
thermal_dispatch_mwh,"Thermal dispatch (generation)",energy_water,ons_open_data,daily,2018-08-19,13812.1775,mwmed
thermal_dispatch_mwh,"Thermal dispatch (generation)",energy_water,ons_open_data,daily,2018-08-20,14370.2954,mwmed
thermal_dispatch_mwh,"Thermal dispatch (generation)",energy_water,ons_open_data,daily,2018-08-21,14478.7236,mwmed
thermal_dispatch_mwh,"Thermal dispatch (generation)",energy_water,ons_open_data,daily,2018-08-22,14688.2138,mwmed
thermal_dispatch_mwh,"Thermal dispatch (generation)",energy_water,ons_open_data,daily,2018-08-23,14448.1924,mwmed
thermal_dispatch_mwh,"Thermal dispatch (generation)",energy_water,ons_open_data,daily,2018-08-24,14624.5473,mwmed
thermal_dispatch_mwh,"Thermal dispatch (generation)",energy_water,ons_open_data,daily,2018-08-25,14144.1782,mwmed
thermal_dispatch_mwh,"Thermal dispatch (generation)",energy_water,ons_open_data,daily,2018-08-26,14091.3812,mwmed
thermal_dispatch_mwh,"Thermal dispatch (generation)",energy_water,ons_open_data,daily,2018-08-27,14833.7444,mwmed
thermal_dispatch_mwh,"Thermal dispatch (generation)",energy_water,ons_open_data,daily,2018-08-28,14892.5862,mwmed
thermal_dispatch_mwh,"Thermal dispatch (generation)",energy_water,ons_open_data,daily,2018-08-29,14827.4196,mwmed
thermal_dispatch_mwh,"Thermal dispatch (generation)",energy_water,ons_open_data,daily,2018-08-30,15010.5359,mwmed
thermal_dispatch_mwh,"Thermal dispatch (generation)",energy_water,ons_open_data,daily,2018-08-31,15346.2283,mwmed
thermal_dispatch_mwh,"Thermal dispatch (generation)",energy_water,ons_open_data,daily,2018-09-01,16370.0726,mwmed
thermal_dispatch_mwh,"Thermal dispatch (generation)",energy_water,ons_open_data,daily,2018-09-02,15094.7107,mwmed
thermal_dispatch_mwh,"Thermal dispatch (generation)",energy_water,ons_open_data,daily,2018-09-03,15380.1074,mwmed
thermal_dispatch_mwh,"Thermal dispatch (generation)",energy_water,ons_open_data,daily,2018-09-04,14997.9630,mwmed
thermal_dispatch_mwh,"Thermal dispatch (generation)",energy_water,ons_open_data,daily,2018-09-05,15140.2395,mwmed
thermal_dispatch_mwh,"Thermal dispatch (generation)",energy_water,ons_open_data,daily,2018-09-06,14797.0963,mwmed
thermal_dispatch_mwh,"Thermal dispatch (generation)",energy_water,ons_open_data,daily,2018-09-07,14244.7810,mwmed
thermal_dispatch_mwh,"Thermal dispatch (generation)",energy_water,ons_open_data,daily,2018-09-08,14244.1328,mwmed
thermal_dispatch_mwh,"Thermal dispatch (generation)",energy_water,ons_open_data,daily,2018-09-09,13265.9992,mwmed
thermal_dispatch_mwh,"Thermal dispatch (generation)",energy_water,ons_open_data,daily,2018-09-10,14929.5059,mwmed
thermal_dispatch_mwh,"Thermal dispatch (generation)",energy_water,ons_open_data,daily,2018-09-11,16137.8691,mwmed
thermal_dispatch_mwh,"Thermal dispatch (generation)",energy_water,ons_open_data,daily,2018-09-12,15865.3544,mwmed
thermal_dispatch_mwh,"Thermal dispatch (generation)",energy_water,ons_open_data,daily,2018-09-13,15755.1829,mwmed
thermal_dispatch_mwh,"Thermal dispatch (generation)",energy_water,ons_open_data,daily,2018-09-14,15881.6425,mwmed
thermal_dispatch_mwh,"Thermal dispatch (generation)",energy_water,ons_open_data,daily,2018-09-15,15390.4800,mwmed
thermal_dispatch_mwh,"Thermal dispatch (generation)",energy_water,ons_open_data,daily,2018-09-16,14815.6542,mwmed
thermal_dispatch_mwh,"Thermal dispatch (generation)",energy_water,ons_open_data,daily,2018-09-17,14792.1983,mwmed
thermal_dispatch_mwh,"Thermal dispatch (generation)",energy_water,ons_open_data,daily,2018-09-18,15157.5311,mwmed
thermal_dispatch_mwh,"Thermal dispatch (generation)",energy_water,ons_open_data,daily,2018-09-19,15081.0899,mwmed
thermal_dispatch_mwh,"Thermal dispatch (generation)",energy_water,ons_open_data,daily,2018-09-20,15429.3008,mwmed
thermal_dispatch_mwh,"Thermal dispatch (generation)",energy_water,ons_open_data,daily,2018-09-21,15262.6189,mwmed
thermal_dispatch_mwh,"Thermal dispatch (generation)",energy_water,ons_open_data,daily,2018-09-22,15257.9649,mwmed
thermal_dispatch_mwh,"Thermal dispatch (generation)",energy_water,ons_open_data,daily,2018-09-23,14912.8523,mwmed
thermal_dispatch_mwh,"Thermal dispatch (generation)",energy_water,ons_open_data,daily,2018-09-24,15266.4907,mwmed
thermal_dispatch_mwh,"Thermal dispatch (generation)",energy_water,ons_open_data,daily,2018-09-25,15321.1997,mwmed
thermal_dispatch_mwh,"Thermal dispatch (generation)",energy_water,ons_open_data,daily,2018-09-26,15054.0315,mwmed
thermal_dispatch_mwh,"Thermal dispatch (generation)",energy_water,ons_open_data,daily,2018-09-27,14960.9467,mwmed
thermal_dispatch_mwh,"Thermal dispatch (generation)",energy_water,ons_open_data,daily,2018-09-28,15023.1142,mwmed
thermal_dispatch_mwh,"Thermal dispatch (generation)",energy_water,ons_open_data,daily,2018-09-29,13769.8218,mwmed
thermal_dispatch_mwh,"Thermal dispatch (generation)",energy_water,ons_open_data,daily,2018-09-30,13339.9210,mwmed
thermal_dispatch_mwh,"Thermal dispatch (generation)",energy_water,ons_open_data,daily,2018-10-01,13010.5311,mwmed
thermal_dispatch_mwh,"Thermal dispatch (generation)",energy_water,ons_open_data,daily,2018-10-02,13316.7254,mwmed
thermal_dispatch_mwh,"Thermal dispatch (generation)",energy_water,ons_open_data,daily,2018-10-03,13235.7551,mwmed
thermal_dispatch_mwh,"Thermal dispatch (generation)",energy_water,ons_open_data,daily,2018-10-04,13473.2442,mwmed
thermal_dispatch_mwh,"Thermal dispatch (generation)",energy_water,ons_open_data,daily,2018-10-05,12818.4600,mwmed
thermal_dispatch_mwh,"Thermal dispatch (generation)",energy_water,ons_open_data,daily,2018-10-06,13585.9166,mwmed
thermal_dispatch_mwh,"Thermal dispatch (generation)",energy_water,ons_open_data,daily,2018-10-07,12824.2697,mwmed
thermal_dispatch_mwh,"Thermal dispatch (generation)",energy_water,ons_open_data,daily,2018-10-08,13655.3517,mwmed
thermal_dispatch_mwh,"Thermal dispatch (generation)",energy_water,ons_open_data,daily,2018-10-09,13437.6249,mwmed
thermal_dispatch_mwh,"Thermal dispatch (generation)",energy_water,ons_open_data,daily,2018-10-10,12638.6097,mwmed
thermal_dispatch_mwh,"Thermal dispatch (generation)",energy_water,ons_open_data,daily,2018-10-11,12591.8243,mwmed
thermal_dispatch_mwh,"Thermal dispatch (generation)",energy_water,ons_open_data,daily,2018-10-12,12484.3250,mwmed
thermal_dispatch_mwh,"Thermal dispatch (generation)",energy_water,ons_open_data,daily,2018-10-13,12454.2065,mwmed
thermal_dispatch_mwh,"Thermal dispatch (generation)",energy_water,ons_open_data,daily,2018-10-14,12240.8463,mwmed
thermal_dispatch_mwh,"Thermal dispatch (generation)",energy_water,ons_open_data,daily,2018-10-15,12676.1951,mwmed
thermal_dispatch_mwh,"Thermal dispatch (generation)",energy_water,ons_open_data,daily,2018-10-16,13842.8189,mwmed
thermal_dispatch_mwh,"Thermal dispatch (generation)",energy_water,ons_open_data,daily,2018-10-17,13088.9546,mwmed
thermal_dispatch_mwh,"Thermal dispatch (generation)",energy_water,ons_open_data,daily,2018-10-18,11734.3216,mwmed
thermal_dispatch_mwh,"Thermal dispatch (generation)",energy_water,ons_open_data,daily,2018-10-19,11386.6728,mwmed
thermal_dispatch_mwh,"Thermal dispatch (generation)",energy_water,ons_open_data,daily,2018-10-20,12011.8430,mwmed
thermal_dispatch_mwh,"Thermal dispatch (generation)",energy_water,ons_open_data,daily,2018-10-21,12273.9175,mwmed
thermal_dispatch_mwh,"Thermal dispatch (generation)",energy_water,ons_open_data,daily,2018-10-22,11747.4637,mwmed
thermal_dispatch_mwh,"Thermal dispatch (generation)",energy_water,ons_open_data,daily,2018-10-23,11257.6990,mwmed
thermal_dispatch_mwh,"Thermal dispatch (generation)",energy_water,ons_open_data,daily,2018-10-24,10270.6770,mwmed
thermal_dispatch_mwh,"Thermal dispatch (generation)",energy_water,ons_open_data,daily,2018-10-25,10649.7297,mwmed
thermal_dispatch_mwh,"Thermal dispatch (generation)",energy_water,ons_open_data,daily,2018-10-26,10766.6908,mwmed
thermal_dispatch_mwh,"Thermal dispatch (generation)",energy_water,ons_open_data,daily,2018-10-27,9790.2100,mwmed
thermal_dispatch_mwh,"Thermal dispatch (generation)",energy_water,ons_open_data,daily,2018-10-28,9913.2380,mwmed
thermal_dispatch_mwh,"Thermal dispatch (generation)",energy_water,ons_open_data,daily,2018-10-29,9271.5296,mwmed
thermal_dispatch_mwh,"Thermal dispatch (generation)",energy_water,ons_open_data,daily,2018-10-30,8368.4940,mwmed
thermal_dispatch_mwh,"Thermal dispatch (generation)",energy_water,ons_open_data,daily,2018-10-31,8188.0458,mwmed
thermal_dispatch_mwh,"Thermal dispatch (generation)",energy_water,ons_open_data,daily,2018-11-01,8056.6660,mwmed
thermal_dispatch_mwh,"Thermal dispatch (generation)",energy_water,ons_open_data,daily,2018-11-02,8147.8060,mwmed
thermal_dispatch_mwh,"Thermal dispatch (generation)",energy_water,ons_open_data,daily,2018-11-03,7856.0480,mwmed
thermal_dispatch_mwh,"Thermal dispatch (generation)",energy_water,ons_open_data,daily,2018-11-04,7898.5200,mwmed
thermal_dispatch_mwh,"Thermal dispatch (generation)",energy_water,ons_open_data,daily,2018-11-05,8306.6123,mwmed
thermal_dispatch_mwh,"Thermal dispatch (generation)",energy_water,ons_open_data,daily,2018-11-06,8546.6180,mwmed
thermal_dispatch_mwh,"Thermal dispatch (generation)",energy_water,ons_open_data,daily,2018-11-07,8327.9078,mwmed
thermal_dispatch_mwh,"Thermal dispatch (generation)",energy_water,ons_open_data,daily,2018-11-08,7754.4812,mwmed
thermal_dispatch_mwh,"Thermal dispatch (generation)",energy_water,ons_open_data,daily,2018-11-09,7722.1524,mwmed
thermal_dispatch_mwh,"Thermal dispatch (generation)",energy_water,ons_open_data,daily,2018-11-10,7277.8892,mwmed
thermal_dispatch_mwh,"Thermal dispatch (generation)",energy_water,ons_open_data,daily,2018-11-11,7728.5398,mwmed
thermal_dispatch_mwh,"Thermal dispatch (generation)",energy_water,ons_open_data,daily,2018-11-12,7451.4623,mwmed
thermal_dispatch_mwh,"Thermal dispatch (generation)",energy_water,ons_open_data,daily,2018-11-13,7166.0410,mwmed
thermal_dispatch_mwh,"Thermal dispatch (generation)",energy_water,ons_open_data,daily,2018-11-14,6975.0579,mwmed
thermal_dispatch_mwh,"Thermal dispatch (generation)",energy_water,ons_open_data,daily,2018-11-15,7139.4172,mwmed
thermal_dispatch_mwh,"Thermal dispatch (generation)",energy_water,ons_open_data,daily,2018-11-16,6695.9775,mwmed
thermal_dispatch_mwh,"Thermal dispatch (generation)",energy_water,ons_open_data,daily,2018-11-17,6691.6443,mwmed
thermal_dispatch_mwh,"Thermal dispatch (generation)",energy_water,ons_open_data,daily,2018-11-18,7159.7673,mwmed
thermal_dispatch_mwh,"Thermal dispatch (generation)",energy_water,ons_open_data,daily,2018-11-19,6687.7489,mwmed
thermal_dispatch_mwh,"Thermal dispatch (generation)",energy_water,ons_open_data,daily,2018-11-20,6565.6117,mwmed
thermal_dispatch_mwh,"Thermal dispatch (generation)",energy_water,ons_open_data,daily,2018-11-21,6820.0190,mwmed
thermal_dispatch_mwh,"Thermal dispatch (generation)",energy_water,ons_open_data,daily,2018-11-22,6907.0098,mwmed
thermal_dispatch_mwh,"Thermal dispatch (generation)",energy_water,ons_open_data,daily,2018-11-23,6801.0725,mwmed
thermal_dispatch_mwh,"Thermal dispatch (generation)",energy_water,ons_open_data,daily,2018-11-24,6519.7250,mwmed
thermal_dispatch_mwh,"Thermal dispatch (generation)",energy_water,ons_open_data,daily,2018-11-25,7014.0393,mwmed
thermal_dispatch_mwh,"Thermal dispatch (generation)",energy_water,ons_open_data,daily,2018-11-26,7400.6671,mwmed
thermal_dispatch_mwh,"Thermal dispatch (generation)",energy_water,ons_open_data,daily,2018-11-27,7453.2098,mwmed
thermal_dispatch_mwh,"Thermal dispatch (generation)",energy_water,ons_open_data,daily,2018-11-28,7525.5728,mwmed
thermal_dispatch_mwh,"Thermal dispatch (generation)",energy_water,ons_open_data,daily,2018-11-29,7182.0140,mwmed
thermal_dispatch_mwh,"Thermal dispatch (generation)",energy_water,ons_open_data,daily,2018-11-30,7509.6767,mwmed
thermal_dispatch_mwh,"Thermal dispatch (generation)",energy_water,ons_open_data,daily,2018-12-01,7849.6095,mwmed
thermal_dispatch_mwh,"Thermal dispatch (generation)",energy_water,ons_open_data,daily,2018-12-02,7778.9697,mwmed
thermal_dispatch_mwh,"Thermal dispatch (generation)",energy_water,ons_open_data,daily,2018-12-03,8116.5215,mwmed
thermal_dispatch_mwh,"Thermal dispatch (generation)",energy_water,ons_open_data,daily,2018-12-04,8180.0410,mwmed
thermal_dispatch_mwh,"Thermal dispatch (generation)",energy_water,ons_open_data,daily,2018-12-05,8761.1348,mwmed
thermal_dispatch_mwh,"Thermal dispatch (generation)",energy_water,ons_open_data,daily,2018-12-06,8978.9953,mwmed
thermal_dispatch_mwh,"Thermal dispatch (generation)",energy_water,ons_open_data,daily,2018-12-07,8939.4353,mwmed
thermal_dispatch_mwh,"Thermal dispatch (generation)",energy_water,ons_open_data,daily,2018-12-08,8994.6864,mwmed
thermal_dispatch_mwh,"Thermal dispatch (generation)",energy_water,ons_open_data,daily,2018-12-09,8212.3914,mwmed
thermal_dispatch_mwh,"Thermal dispatch (generation)",energy_water,ons_open_data,daily,2018-12-10,6585.7845,mwmed
thermal_dispatch_mwh,"Thermal dispatch (generation)",energy_water,ons_open_data,daily,2018-12-11,6523.5797,mwmed
thermal_dispatch_mwh,"Thermal dispatch (generation)",energy_water,ons_open_data,daily,2018-12-12,6416.4836,mwmed
thermal_dispatch_mwh,"Thermal dispatch (generation)",energy_water,ons_open_data,daily,2018-12-13,6436.4148,mwmed
thermal_dispatch_mwh,"Thermal dispatch (generation)",energy_water,ons_open_data,daily,2018-12-14,6371.8102,mwmed
thermal_dispatch_mwh,"Thermal dispatch (generation)",energy_water,ons_open_data,daily,2018-12-15,6107.3043,mwmed
thermal_dispatch_mwh,"Thermal dispatch (generation)",energy_water,ons_open_data,daily,2018-12-16,5977.5395,mwmed
thermal_dispatch_mwh,"Thermal dispatch (generation)",energy_water,ons_open_data,daily,2018-12-17,5889.6889,mwmed
thermal_dispatch_mwh,"Thermal dispatch (generation)",energy_water,ons_open_data,daily,2018-12-18,6407.4313,mwmed
thermal_dispatch_mwh,"Thermal dispatch (generation)",energy_water,ons_open_data,daily,2018-12-19,6460.1183,mwmed
thermal_dispatch_mwh,"Thermal dispatch (generation)",energy_water,ons_open_data,daily,2018-12-20,6268.4788,mwmed
thermal_dispatch_mwh,"Thermal dispatch (generation)",energy_water,ons_open_data,daily,2018-12-21,6247.9095,mwmed
thermal_dispatch_mwh,"Thermal dispatch (generation)",energy_water,ons_open_data,daily,2018-12-22,6356.8113,mwmed
thermal_dispatch_mwh,"Thermal dispatch (generation)",energy_water,ons_open_data,daily,2018-12-23,6807.5594,mwmed
thermal_dispatch_mwh,"Thermal dispatch (generation)",energy_water,ons_open_data,daily,2018-12-24,7457.2512,mwmed
thermal_dispatch_mwh,"Thermal dispatch (generation)",energy_water,ons_open_data,daily,2018-12-25,7142.7825,mwmed
thermal_dispatch_mwh,"Thermal dispatch (generation)",energy_water,ons_open_data,daily,2018-12-26,6967.2387,mwmed
thermal_dispatch_mwh,"Thermal dispatch (generation)",energy_water,ons_open_data,daily,2018-12-27,7306.9922,mwmed
thermal_dispatch_mwh,"Thermal dispatch (generation)",energy_water,ons_open_data,daily,2018-12-28,7872.4812,mwmed
thermal_dispatch_mwh,"Thermal dispatch (generation)",energy_water,ons_open_data,daily,2018-12-29,7529.9627,mwmed
thermal_dispatch_mwh,"Thermal dispatch (generation)",energy_water,ons_open_data,daily,2018-12-30,7492.5548,mwmed
thermal_dispatch_mwh,"Thermal dispatch (generation)",energy_water,ons_open_data,daily,2018-12-31,7859.7554,mwmed
thermal_dispatch_mwh,"Thermal dispatch (generation)",energy_water,ons_open_data,daily,2019-01-01,6588.2513,mwmed
thermal_dispatch_mwh,"Thermal dispatch (generation)",energy_water,ons_open_data,daily,2019-01-02,7216.3881,mwmed
thermal_dispatch_mwh,"Thermal dispatch (generation)",energy_water,ons_open_data,daily,2019-01-03,7123.1613,mwmed
thermal_dispatch_mwh,"Thermal dispatch (generation)",energy_water,ons_open_data,daily,2019-01-04,6705.4721,mwmed
thermal_dispatch_mwh,"Thermal dispatch (generation)",energy_water,ons_open_data,daily,2019-01-05,7014.9377,mwmed
thermal_dispatch_mwh,"Thermal dispatch (generation)",energy_water,ons_open_data,daily,2019-01-06,7077.8467,mwmed
thermal_dispatch_mwh,"Thermal dispatch (generation)",energy_water,ons_open_data,daily,2019-01-07,6848.8736,mwmed
thermal_dispatch_mwh,"Thermal dispatch (generation)",energy_water,ons_open_data,daily,2019-01-08,6943.0032,mwmed
thermal_dispatch_mwh,"Thermal dispatch (generation)",energy_water,ons_open_data,daily,2019-01-09,6965.7545,mwmed
thermal_dispatch_mwh,"Thermal dispatch (generation)",energy_water,ons_open_data,daily,2019-01-10,7082.7721,mwmed
thermal_dispatch_mwh,"Thermal dispatch (generation)",energy_water,ons_open_data,daily,2019-01-11,7013.0611,mwmed
thermal_dispatch_mwh,"Thermal dispatch (generation)",energy_water,ons_open_data,daily,2019-01-12,7295.4139,mwmed
thermal_dispatch_mwh,"Thermal dispatch (generation)",energy_water,ons_open_data,daily,2019-01-13,6519.6706,mwmed
thermal_dispatch_mwh,"Thermal dispatch (generation)",energy_water,ons_open_data,daily,2019-01-14,8095.6283,mwmed
thermal_dispatch_mwh,"Thermal dispatch (generation)",energy_water,ons_open_data,daily,2019-01-15,8046.4184,mwmed
thermal_dispatch_mwh,"Thermal dispatch (generation)",energy_water,ons_open_data,daily,2019-01-16,8842.3214,mwmed
thermal_dispatch_mwh,"Thermal dispatch (generation)",energy_water,ons_open_data,daily,2019-01-17,9009.9320,mwmed
thermal_dispatch_mwh,"Thermal dispatch (generation)",energy_water,ons_open_data,daily,2019-01-18,8932.9935,mwmed
thermal_dispatch_mwh,"Thermal dispatch (generation)",energy_water,ons_open_data,daily,2019-01-19,6017.8570,mwmed
thermal_dispatch_mwh,"Thermal dispatch (generation)",energy_water,ons_open_data,daily,2019-01-20,5830.3121,mwmed
thermal_dispatch_mwh,"Thermal dispatch (generation)",energy_water,ons_open_data,daily,2019-01-21,7466.3844,mwmed
thermal_dispatch_mwh,"Thermal dispatch (generation)",energy_water,ons_open_data,daily,2019-01-22,7929.1710,mwmed
thermal_dispatch_mwh,"Thermal dispatch (generation)",energy_water,ons_open_data,daily,2019-01-23,8488.9142,mwmed
thermal_dispatch_mwh,"Thermal dispatch (generation)",energy_water,ons_open_data,daily,2019-01-24,7708.8401,mwmed
thermal_dispatch_mwh,"Thermal dispatch (generation)",energy_water,ons_open_data,daily,2019-01-25,7628.7335,mwmed
thermal_dispatch_mwh,"Thermal dispatch (generation)",energy_water,ons_open_data,daily,2019-01-26,8639.5577,mwmed
thermal_dispatch_mwh,"Thermal dispatch (generation)",energy_water,ons_open_data,daily,2019-01-27,8347.6340,mwmed
thermal_dispatch_mwh,"Thermal dispatch (generation)",energy_water,ons_open_data,daily,2019-01-28,8713.3027,mwmed
thermal_dispatch_mwh,"Thermal dispatch (generation)",energy_water,ons_open_data,daily,2019-01-29,9641.3234,mwmed
thermal_dispatch_mwh,"Thermal dispatch (generation)",energy_water,ons_open_data,daily,2019-01-30,9836.0601,mwmed
thermal_dispatch_mwh,"Thermal dispatch (generation)",energy_water,ons_open_data,daily,2019-01-31,10273.4501,mwmed
thermal_dispatch_mwh,"Thermal dispatch (generation)",energy_water,ons_open_data,daily,2019-02-01,10404.5423,mwmed
thermal_dispatch_mwh,"Thermal dispatch (generation)",energy_water,ons_open_data,daily,2019-02-02,10050.4088,mwmed
thermal_dispatch_mwh,"Thermal dispatch (generation)",energy_water,ons_open_data,daily,2019-02-03,10335.4364,mwmed
thermal_dispatch_mwh,"Thermal dispatch (generation)",energy_water,ons_open_data,daily,2019-02-04,10881.8485,mwmed
thermal_dispatch_mwh,"Thermal dispatch (generation)",energy_water,ons_open_data,daily,2019-02-05,11415.3010,mwmed
thermal_dispatch_mwh,"Thermal dispatch (generation)",energy_water,ons_open_data,daily,2019-02-06,11128.4866,mwmed
thermal_dispatch_mwh,"Thermal dispatch (generation)",energy_water,ons_open_data,daily,2019-02-07,10539.7958,mwmed
thermal_dispatch_mwh,"Thermal dispatch (generation)",energy_water,ons_open_data,daily,2019-02-08,9963.4984,mwmed
thermal_dispatch_mwh,"Thermal dispatch (generation)",energy_water,ons_open_data,daily,2019-02-09,9663.5678,mwmed
thermal_dispatch_mwh,"Thermal dispatch (generation)",energy_water,ons_open_data,daily,2019-02-10,9748.1904,mwmed
thermal_dispatch_mwh,"Thermal dispatch (generation)",energy_water,ons_open_data,daily,2019-02-11,10369.9889,mwmed
thermal_dispatch_mwh,"Thermal dispatch (generation)",energy_water,ons_open_data,daily,2019-02-12,10524.6242,mwmed
thermal_dispatch_mwh,"Thermal dispatch (generation)",energy_water,ons_open_data,daily,2019-02-13,11806.3798,mwmed
thermal_dispatch_mwh,"Thermal dispatch (generation)",energy_water,ons_open_data,daily,2019-02-14,12539.5742,mwmed
thermal_dispatch_mwh,"Thermal dispatch (generation)",energy_water,ons_open_data,daily,2019-02-15,12915.5315,mwmed
thermal_dispatch_mwh,"Thermal dispatch (generation)",energy_water,ons_open_data,daily,2019-02-16,12655.1446,mwmed
thermal_dispatch_mwh,"Thermal dispatch (generation)",energy_water,ons_open_data,daily,2019-02-17,12614.7909,mwmed
thermal_dispatch_mwh,"Thermal dispatch (generation)",energy_water,ons_open_data,daily,2019-02-18,12220.9515,mwmed
thermal_dispatch_mwh,"Thermal dispatch (generation)",energy_water,ons_open_data,daily,2019-02-19,12513.9560,mwmed
thermal_dispatch_mwh,"Thermal dispatch (generation)",energy_water,ons_open_data,daily,2019-02-20,12482.2437,mwmed
thermal_dispatch_mwh,"Thermal dispatch (generation)",energy_water,ons_open_data,daily,2019-02-21,11903.0436,mwmed
thermal_dispatch_mwh,"Thermal dispatch (generation)",energy_water,ons_open_data,daily,2019-02-22,11574.5562,mwmed
thermal_dispatch_mwh,"Thermal dispatch (generation)",energy_water,ons_open_data,daily,2019-02-23,9474.1662,mwmed
thermal_dispatch_mwh,"Thermal dispatch (generation)",energy_water,ons_open_data,daily,2019-02-24,9891.3370,mwmed
thermal_dispatch_mwh,"Thermal dispatch (generation)",energy_water,ons_open_data,daily,2019-02-25,11380.0245,mwmed
thermal_dispatch_mwh,"Thermal dispatch (generation)",energy_water,ons_open_data,daily,2019-02-26,11868.7036,mwmed
thermal_dispatch_mwh,"Thermal dispatch (generation)",energy_water,ons_open_data,daily,2019-02-27,11107.8179,mwmed
thermal_dispatch_mwh,"Thermal dispatch (generation)",energy_water,ons_open_data,daily,2019-02-28,10517.1686,mwmed
thermal_dispatch_mwh,"Thermal dispatch (generation)",energy_water,ons_open_data,daily,2019-03-01,11077.4071,mwmed
thermal_dispatch_mwh,"Thermal dispatch (generation)",energy_water,ons_open_data,daily,2019-03-02,10477.1911,mwmed
thermal_dispatch_mwh,"Thermal dispatch (generation)",energy_water,ons_open_data,daily,2019-03-03,10066.8263,mwmed
thermal_dispatch_mwh,"Thermal dispatch (generation)",energy_water,ons_open_data,daily,2019-03-04,10069.4533,mwmed
thermal_dispatch_mwh,"Thermal dispatch (generation)",energy_water,ons_open_data,daily,2019-03-05,9951.4669,mwmed
thermal_dispatch_mwh,"Thermal dispatch (generation)",energy_water,ons_open_data,daily,2019-03-06,10048.5004,mwmed
thermal_dispatch_mwh,"Thermal dispatch (generation)",energy_water,ons_open_data,daily,2019-03-07,8026.6535,mwmed
thermal_dispatch_mwh,"Thermal dispatch (generation)",energy_water,ons_open_data,daily,2019-03-08,7417.3711,mwmed
thermal_dispatch_mwh,"Thermal dispatch (generation)",energy_water,ons_open_data,daily,2019-03-09,7683.1081,mwmed
thermal_dispatch_mwh,"Thermal dispatch (generation)",energy_water,ons_open_data,daily,2019-03-10,8023.1388,mwmed
thermal_dispatch_mwh,"Thermal dispatch (generation)",energy_water,ons_open_data,daily,2019-03-11,8982.7703,mwmed
thermal_dispatch_mwh,"Thermal dispatch (generation)",energy_water,ons_open_data,daily,2019-03-12,9385.9082,mwmed
thermal_dispatch_mwh,"Thermal dispatch (generation)",energy_water,ons_open_data,daily,2019-03-13,8827.5778,mwmed
thermal_dispatch_mwh,"Thermal dispatch (generation)",energy_water,ons_open_data,daily,2019-03-14,9016.6445,mwmed
thermal_dispatch_mwh,"Thermal dispatch (generation)",energy_water,ons_open_data,daily,2019-03-15,8839.8327,mwmed
thermal_dispatch_mwh,"Thermal dispatch (generation)",energy_water,ons_open_data,daily,2019-03-16,8217.4174,mwmed
thermal_dispatch_mwh,"Thermal dispatch (generation)",energy_water,ons_open_data,daily,2019-03-17,8597.9952,mwmed
thermal_dispatch_mwh,"Thermal dispatch (generation)",energy_water,ons_open_data,daily,2019-03-18,9760.5421,mwmed
thermal_dispatch_mwh,"Thermal dispatch (generation)",energy_water,ons_open_data,daily,2019-03-19,9516.6384,mwmed
thermal_dispatch_mwh,"Thermal dispatch (generation)",energy_water,ons_open_data,daily,2019-03-20,9719.5755,mwmed
thermal_dispatch_mwh,"Thermal dispatch (generation)",energy_water,ons_open_data,daily,2019-03-21,9810.9467,mwmed
thermal_dispatch_mwh,"Thermal dispatch (generation)",energy_water,ons_open_data,daily,2019-03-22,10070.8876,mwmed
thermal_dispatch_mwh,"Thermal dispatch (generation)",energy_water,ons_open_data,daily,2019-03-23,10246.8380,mwmed
thermal_dispatch_mwh,"Thermal dispatch (generation)",energy_water,ons_open_data,daily,2019-03-24,9991.9614,mwmed
thermal_dispatch_mwh,"Thermal dispatch (generation)",energy_water,ons_open_data,daily,2019-03-25,10139.9920,mwmed
thermal_dispatch_mwh,"Thermal dispatch (generation)",energy_water,ons_open_data,daily,2019-03-26,10391.9488,mwmed
thermal_dispatch_mwh,"Thermal dispatch (generation)",energy_water,ons_open_data,daily,2019-03-27,9200.9920,mwmed
thermal_dispatch_mwh,"Thermal dispatch (generation)",energy_water,ons_open_data,daily,2019-03-28,9292.3137,mwmed
thermal_dispatch_mwh,"Thermal dispatch (generation)",energy_water,ons_open_data,daily,2019-03-29,9369.5360,mwmed
thermal_dispatch_mwh,"Thermal dispatch (generation)",energy_water,ons_open_data,daily,2019-03-30,9630.1822,mwmed
thermal_dispatch_mwh,"Thermal dispatch (generation)",energy_water,ons_open_data,daily,2019-03-31,9205.1737,mwmed
thermal_dispatch_mwh,"Thermal dispatch (generation)",energy_water,ons_open_data,daily,2019-04-01,8665.6575,mwmed
thermal_dispatch_mwh,"Thermal dispatch (generation)",energy_water,ons_open_data,daily,2019-04-02,9819.9140,mwmed
thermal_dispatch_mwh,"Thermal dispatch (generation)",energy_water,ons_open_data,daily,2019-04-03,9296.2567,mwmed
thermal_dispatch_mwh,"Thermal dispatch (generation)",energy_water,ons_open_data,daily,2019-04-04,9845.6097,mwmed
thermal_dispatch_mwh,"Thermal dispatch (generation)",energy_water,ons_open_data,daily,2019-04-05,10432.1343,mwmed
thermal_dispatch_mwh,"Thermal dispatch (generation)",energy_water,ons_open_data,daily,2019-04-06,9145.5138,mwmed
thermal_dispatch_mwh,"Thermal dispatch (generation)",energy_water,ons_open_data,daily,2019-04-07,8536.9944,mwmed
thermal_dispatch_mwh,"Thermal dispatch (generation)",energy_water,ons_open_data,daily,2019-04-08,8373.4698,mwmed
thermal_dispatch_mwh,"Thermal dispatch (generation)",energy_water,ons_open_data,daily,2019-04-09,8712.8977,mwmed
thermal_dispatch_mwh,"Thermal dispatch (generation)",energy_water,ons_open_data,daily,2019-04-10,9943.2990,mwmed
thermal_dispatch_mwh,"Thermal dispatch (generation)",energy_water,ons_open_data,daily,2019-04-11,10049.6213,mwmed
thermal_dispatch_mwh,"Thermal dispatch (generation)",energy_water,ons_open_data,daily,2019-04-12,9936.5640,mwmed
thermal_dispatch_mwh,"Thermal dispatch (generation)",energy_water,ons_open_data,daily,2019-04-13,8602.8166,mwmed
thermal_dispatch_mwh,"Thermal dispatch (generation)",energy_water,ons_open_data,daily,2019-04-14,8209.0598,mwmed
thermal_dispatch_mwh,"Thermal dispatch (generation)",energy_water,ons_open_data,daily,2019-04-15,8372.2816,mwmed
thermal_dispatch_mwh,"Thermal dispatch (generation)",energy_water,ons_open_data,daily,2019-04-16,8521.8675,mwmed
thermal_dispatch_mwh,"Thermal dispatch (generation)",energy_water,ons_open_data,daily,2019-04-17,8902.3188,mwmed
thermal_dispatch_mwh,"Thermal dispatch (generation)",energy_water,ons_open_data,daily,2019-04-18,9395.5246,mwmed
thermal_dispatch_mwh,"Thermal dispatch (generation)",energy_water,ons_open_data,daily,2019-04-19,9033.0517,mwmed
thermal_dispatch_mwh,"Thermal dispatch (generation)",energy_water,ons_open_data,daily,2019-04-20,9113.6072,mwmed
thermal_dispatch_mwh,"Thermal dispatch (generation)",energy_water,ons_open_data,daily,2019-04-21,8148.4790,mwmed
thermal_dispatch_mwh,"Thermal dispatch (generation)",energy_water,ons_open_data,daily,2019-04-22,7148.3495,mwmed
thermal_dispatch_mwh,"Thermal dispatch (generation)",energy_water,ons_open_data,daily,2019-04-23,7119.9918,mwmed
thermal_dispatch_mwh,"Thermal dispatch (generation)",energy_water,ons_open_data,daily,2019-04-24,7220.7300,mwmed
thermal_dispatch_mwh,"Thermal dispatch (generation)",energy_water,ons_open_data,daily,2019-04-25,7258.3322,mwmed
thermal_dispatch_mwh,"Thermal dispatch (generation)",energy_water,ons_open_data,daily,2019-04-26,7419.8066,mwmed
thermal_dispatch_mwh,"Thermal dispatch (generation)",energy_water,ons_open_data,daily,2019-04-27,7555.6996,mwmed
thermal_dispatch_mwh,"Thermal dispatch (generation)",energy_water,ons_open_data,daily,2019-04-28,7581.2535,mwmed
thermal_dispatch_mwh,"Thermal dispatch (generation)",energy_water,ons_open_data,daily,2019-04-29,8680.9438,mwmed
thermal_dispatch_mwh,"Thermal dispatch (generation)",energy_water,ons_open_data,daily,2019-04-30,8995.4834,mwmed
thermal_dispatch_mwh,"Thermal dispatch (generation)",energy_water,ons_open_data,daily,2019-05-01,7607.1483,mwmed
thermal_dispatch_mwh,"Thermal dispatch (generation)",energy_water,ons_open_data,daily,2019-05-02,7563.0079,mwmed
thermal_dispatch_mwh,"Thermal dispatch (generation)",energy_water,ons_open_data,daily,2019-05-03,7336.2115,mwmed
thermal_dispatch_mwh,"Thermal dispatch (generation)",energy_water,ons_open_data,daily,2019-05-04,6295.1784,mwmed
thermal_dispatch_mwh,"Thermal dispatch (generation)",energy_water,ons_open_data,daily,2019-05-05,6475.7068,mwmed
thermal_dispatch_mwh,"Thermal dispatch (generation)",energy_water,ons_open_data,daily,2019-05-06,7349.3574,mwmed
thermal_dispatch_mwh,"Thermal dispatch (generation)",energy_water,ons_open_data,daily,2019-05-07,7707.1591,mwmed
thermal_dispatch_mwh,"Thermal dispatch (generation)",energy_water,ons_open_data,daily,2019-05-08,8181.5647,mwmed
thermal_dispatch_mwh,"Thermal dispatch (generation)",energy_water,ons_open_data,daily,2019-05-09,7791.5272,mwmed
thermal_dispatch_mwh,"Thermal dispatch (generation)",energy_water,ons_open_data,daily,2019-05-10,7527.4522,mwmed
thermal_dispatch_mwh,"Thermal dispatch (generation)",energy_water,ons_open_data,daily,2019-05-11,6489.6039,mwmed
thermal_dispatch_mwh,"Thermal dispatch (generation)",energy_water,ons_open_data,daily,2019-05-12,6388.7732,mwmed
thermal_dispatch_mwh,"Thermal dispatch (generation)",energy_water,ons_open_data,daily,2019-05-13,6882.3115,mwmed
thermal_dispatch_mwh,"Thermal dispatch (generation)",energy_water,ons_open_data,daily,2019-05-14,7703.2817,mwmed
thermal_dispatch_mwh,"Thermal dispatch (generation)",energy_water,ons_open_data,daily,2019-05-15,8114.2706,mwmed
thermal_dispatch_mwh,"Thermal dispatch (generation)",energy_water,ons_open_data,daily,2019-05-16,8574.9481,mwmed
thermal_dispatch_mwh,"Thermal dispatch (generation)",energy_water,ons_open_data,daily,2019-05-17,7738.9994,mwmed
thermal_dispatch_mwh,"Thermal dispatch (generation)",energy_water,ons_open_data,daily,2019-05-18,7703.1629,mwmed
thermal_dispatch_mwh,"Thermal dispatch (generation)",energy_water,ons_open_data,daily,2019-05-19,7807.0917,mwmed
thermal_dispatch_mwh,"Thermal dispatch (generation)",energy_water,ons_open_data,daily,2019-05-20,7880.8389,mwmed
thermal_dispatch_mwh,"Thermal dispatch (generation)",energy_water,ons_open_data,daily,2019-05-21,7772.3958,mwmed
thermal_dispatch_mwh,"Thermal dispatch (generation)",energy_water,ons_open_data,daily,2019-05-22,7637.2741,mwmed
thermal_dispatch_mwh,"Thermal dispatch (generation)",energy_water,ons_open_data,daily,2019-05-23,8735.8739,mwmed
thermal_dispatch_mwh,"Thermal dispatch (generation)",energy_water,ons_open_data,daily,2019-05-24,9008.6674,mwmed
thermal_dispatch_mwh,"Thermal dispatch (generation)",energy_water,ons_open_data,daily,2019-05-25,8517.5956,mwmed
thermal_dispatch_mwh,"Thermal dispatch (generation)",energy_water,ons_open_data,daily,2019-05-26,8432.8486,mwmed
thermal_dispatch_mwh,"Thermal dispatch (generation)",energy_water,ons_open_data,daily,2019-05-27,8778.2465,mwmed
thermal_dispatch_mwh,"Thermal dispatch (generation)",energy_water,ons_open_data,daily,2019-05-28,8760.6033,mwmed
thermal_dispatch_mwh,"Thermal dispatch (generation)",energy_water,ons_open_data,daily,2019-05-29,8715.4845,mwmed
thermal_dispatch_mwh,"Thermal dispatch (generation)",energy_water,ons_open_data,daily,2019-05-30,8714.6079,mwmed
thermal_dispatch_mwh,"Thermal dispatch (generation)",energy_water,ons_open_data,daily,2019-05-31,8994.1316,mwmed
thermal_dispatch_mwh,"Thermal dispatch (generation)",energy_water,ons_open_data,daily,2019-06-01,8017.3360,mwmed
thermal_dispatch_mwh,"Thermal dispatch (generation)",energy_water,ons_open_data,daily,2019-06-02,7873.2362,mwmed
thermal_dispatch_mwh,"Thermal dispatch (generation)",energy_water,ons_open_data,daily,2019-06-03,7873.9890,mwmed
thermal_dispatch_mwh,"Thermal dispatch (generation)",energy_water,ons_open_data,daily,2019-06-04,7766.9974,mwmed
thermal_dispatch_mwh,"Thermal dispatch (generation)",energy_water,ons_open_data,daily,2019-06-05,7753.2100,mwmed
thermal_dispatch_mwh,"Thermal dispatch (generation)",energy_water,ons_open_data,daily,2019-06-06,7964.8799,mwmed
thermal_dispatch_mwh,"Thermal dispatch (generation)",energy_water,ons_open_data,daily,2019-06-07,8206.9748,mwmed
thermal_dispatch_mwh,"Thermal dispatch (generation)",energy_water,ons_open_data,daily,2019-06-08,8062.1329,mwmed
thermal_dispatch_mwh,"Thermal dispatch (generation)",energy_water,ons_open_data,daily,2019-06-09,8074.1258,mwmed
thermal_dispatch_mwh,"Thermal dispatch (generation)",energy_water,ons_open_data,daily,2019-06-10,8381.0215,mwmed
thermal_dispatch_mwh,"Thermal dispatch (generation)",energy_water,ons_open_data,daily,2019-06-11,8084.9789,mwmed
thermal_dispatch_mwh,"Thermal dispatch (generation)",energy_water,ons_open_data,daily,2019-06-12,8133.9764,mwmed
thermal_dispatch_mwh,"Thermal dispatch (generation)",energy_water,ons_open_data,daily,2019-06-13,8093.9435,mwmed
thermal_dispatch_mwh,"Thermal dispatch (generation)",energy_water,ons_open_data,daily,2019-06-14,7809.3654,mwmed
thermal_dispatch_mwh,"Thermal dispatch (generation)",energy_water,ons_open_data,daily,2019-06-15,8320.7660,mwmed
thermal_dispatch_mwh,"Thermal dispatch (generation)",energy_water,ons_open_data,daily,2019-06-16,8887.5052,mwmed
thermal_dispatch_mwh,"Thermal dispatch (generation)",energy_water,ons_open_data,daily,2019-06-17,8917.0358,mwmed
thermal_dispatch_mwh,"Thermal dispatch (generation)",energy_water,ons_open_data,daily,2019-06-18,9054.5795,mwmed
thermal_dispatch_mwh,"Thermal dispatch (generation)",energy_water,ons_open_data,daily,2019-06-19,8374.7410,mwmed
thermal_dispatch_mwh,"Thermal dispatch (generation)",energy_water,ons_open_data,daily,2019-06-20,8245.4816,mwmed
thermal_dispatch_mwh,"Thermal dispatch (generation)",energy_water,ons_open_data,daily,2019-06-21,8873.0645,mwmed
thermal_dispatch_mwh,"Thermal dispatch (generation)",energy_water,ons_open_data,daily,2019-06-22,9181.2240,mwmed
thermal_dispatch_mwh,"Thermal dispatch (generation)",energy_water,ons_open_data,daily,2019-06-23,9068.3245,mwmed
thermal_dispatch_mwh,"Thermal dispatch (generation)",energy_water,ons_open_data,daily,2019-06-24,9779.3867,mwmed
thermal_dispatch_mwh,"Thermal dispatch (generation)",energy_water,ons_open_data,daily,2019-06-25,10093.3604,mwmed
thermal_dispatch_mwh,"Thermal dispatch (generation)",energy_water,ons_open_data,daily,2019-06-26,9732.7910,mwmed
thermal_dispatch_mwh,"Thermal dispatch (generation)",energy_water,ons_open_data,daily,2019-06-27,9574.8422,mwmed
thermal_dispatch_mwh,"Thermal dispatch (generation)",energy_water,ons_open_data,daily,2019-06-28,9302.1408,mwmed
thermal_dispatch_mwh,"Thermal dispatch (generation)",energy_water,ons_open_data,daily,2019-06-29,9271.0819,mwmed
thermal_dispatch_mwh,"Thermal dispatch (generation)",energy_water,ons_open_data,daily,2019-06-30,9142.0460,mwmed
thermal_dispatch_mwh,"Thermal dispatch (generation)",energy_water,ons_open_data,daily,2019-07-01,10963.3518,mwmed
thermal_dispatch_mwh,"Thermal dispatch (generation)",energy_water,ons_open_data,daily,2019-07-02,11586.7126,mwmed
thermal_dispatch_mwh,"Thermal dispatch (generation)",energy_water,ons_open_data,daily,2019-07-03,11772.7346,mwmed
thermal_dispatch_mwh,"Thermal dispatch (generation)",energy_water,ons_open_data,daily,2019-07-04,11673.1507,mwmed
thermal_dispatch_mwh,"Thermal dispatch (generation)",energy_water,ons_open_data,daily,2019-07-05,11225.0972,mwmed
thermal_dispatch_mwh,"Thermal dispatch (generation)",energy_water,ons_open_data,daily,2019-07-06,9669.4565,mwmed
thermal_dispatch_mwh,"Thermal dispatch (generation)",energy_water,ons_open_data,daily,2019-07-07,9809.0820,mwmed
thermal_dispatch_mwh,"Thermal dispatch (generation)",energy_water,ons_open_data,daily,2019-07-08,10717.4752,mwmed
thermal_dispatch_mwh,"Thermal dispatch (generation)",energy_water,ons_open_data,daily,2019-07-09,11751.5731,mwmed
thermal_dispatch_mwh,"Thermal dispatch (generation)",energy_water,ons_open_data,daily,2019-07-10,11269.0716,mwmed
thermal_dispatch_mwh,"Thermal dispatch (generation)",energy_water,ons_open_data,daily,2019-07-11,11516.5610,mwmed
thermal_dispatch_mwh,"Thermal dispatch (generation)",energy_water,ons_open_data,daily,2019-07-12,11965.9297,mwmed
thermal_dispatch_mwh,"Thermal dispatch (generation)",energy_water,ons_open_data,daily,2019-07-13,11387.3150,mwmed
thermal_dispatch_mwh,"Thermal dispatch (generation)",energy_water,ons_open_data,daily,2019-07-14,11266.5254,mwmed
thermal_dispatch_mwh,"Thermal dispatch (generation)",energy_water,ons_open_data,daily,2019-07-15,12427.5590,mwmed
thermal_dispatch_mwh,"Thermal dispatch (generation)",energy_water,ons_open_data,daily,2019-07-16,12819.6817,mwmed
thermal_dispatch_mwh,"Thermal dispatch (generation)",energy_water,ons_open_data,daily,2019-07-17,12824.9080,mwmed
thermal_dispatch_mwh,"Thermal dispatch (generation)",energy_water,ons_open_data,daily,2019-07-18,12271.1440,mwmed
thermal_dispatch_mwh,"Thermal dispatch (generation)",energy_water,ons_open_data,daily,2019-07-19,12264.3872,mwmed
thermal_dispatch_mwh,"Thermal dispatch (generation)",energy_water,ons_open_data,daily,2019-07-20,9771.4575,mwmed
thermal_dispatch_mwh,"Thermal dispatch (generation)",energy_water,ons_open_data,daily,2019-07-21,9717.2913,mwmed
thermal_dispatch_mwh,"Thermal dispatch (generation)",energy_water,ons_open_data,daily,2019-07-22,11675.4658,mwmed
thermal_dispatch_mwh,"Thermal dispatch (generation)",energy_water,ons_open_data,daily,2019-07-23,13065.8643,mwmed
thermal_dispatch_mwh,"Thermal dispatch (generation)",energy_water,ons_open_data,daily,2019-07-24,13237.2898,mwmed
thermal_dispatch_mwh,"Thermal dispatch (generation)",energy_water,ons_open_data,daily,2019-07-25,12733.6055,mwmed
thermal_dispatch_mwh,"Thermal dispatch (generation)",energy_water,ons_open_data,daily,2019-07-26,12288.5742,mwmed
thermal_dispatch_mwh,"Thermal dispatch (generation)",energy_water,ons_open_data,daily,2019-07-27,11957.4282,mwmed
thermal_dispatch_mwh,"Thermal dispatch (generation)",energy_water,ons_open_data,daily,2019-07-28,11692.5929,mwmed
thermal_dispatch_mwh,"Thermal dispatch (generation)",energy_water,ons_open_data,daily,2019-07-29,12735.1152,mwmed
thermal_dispatch_mwh,"Thermal dispatch (generation)",energy_water,ons_open_data,daily,2019-07-30,13856.5195,mwmed
thermal_dispatch_mwh,"Thermal dispatch (generation)",energy_water,ons_open_data,daily,2019-07-31,13717.2644,mwmed
thermal_dispatch_mwh,"Thermal dispatch (generation)",energy_water,ons_open_data,daily,2019-08-01,13741.7813,mwmed
thermal_dispatch_mwh,"Thermal dispatch (generation)",energy_water,ons_open_data,daily,2019-08-02,13974.7475,mwmed
thermal_dispatch_mwh,"Thermal dispatch (generation)",energy_water,ons_open_data,daily,2019-08-03,13632.0482,mwmed
thermal_dispatch_mwh,"Thermal dispatch (generation)",energy_water,ons_open_data,daily,2019-08-04,11639.2355,mwmed
thermal_dispatch_mwh,"Thermal dispatch (generation)",energy_water,ons_open_data,daily,2019-08-05,11996.8505,mwmed
thermal_dispatch_mwh,"Thermal dispatch (generation)",energy_water,ons_open_data,daily,2019-08-06,12851.3376,mwmed
thermal_dispatch_mwh,"Thermal dispatch (generation)",energy_water,ons_open_data,daily,2019-08-07,13643.7900,mwmed
thermal_dispatch_mwh,"Thermal dispatch (generation)",energy_water,ons_open_data,daily,2019-08-08,14302.7295,mwmed
thermal_dispatch_mwh,"Thermal dispatch (generation)",energy_water,ons_open_data,daily,2019-08-09,13653.7278,mwmed
thermal_dispatch_mwh,"Thermal dispatch (generation)",energy_water,ons_open_data,daily,2019-08-10,13407.0922,mwmed
thermal_dispatch_mwh,"Thermal dispatch (generation)",energy_water,ons_open_data,daily,2019-08-11,12749.0876,mwmed
thermal_dispatch_mwh,"Thermal dispatch (generation)",energy_water,ons_open_data,daily,2019-08-12,13292.8397,mwmed
thermal_dispatch_mwh,"Thermal dispatch (generation)",energy_water,ons_open_data,daily,2019-08-13,13427.0336,mwmed
thermal_dispatch_mwh,"Thermal dispatch (generation)",energy_water,ons_open_data,daily,2019-08-14,13545.3116,mwmed
thermal_dispatch_mwh,"Thermal dispatch (generation)",energy_water,ons_open_data,daily,2019-08-15,13547.6136,mwmed
thermal_dispatch_mwh,"Thermal dispatch (generation)",energy_water,ons_open_data,daily,2019-08-16,13704.6952,mwmed
thermal_dispatch_mwh,"Thermal dispatch (generation)",energy_water,ons_open_data,daily,2019-08-17,13933.5509,mwmed
thermal_dispatch_mwh,"Thermal dispatch (generation)",energy_water,ons_open_data,daily,2019-08-18,14168.2375,mwmed
thermal_dispatch_mwh,"Thermal dispatch (generation)",energy_water,ons_open_data,daily,2019-08-19,14578.3478,mwmed
thermal_dispatch_mwh,"Thermal dispatch (generation)",energy_water,ons_open_data,daily,2019-08-20,15039.9551,mwmed
thermal_dispatch_mwh,"Thermal dispatch (generation)",energy_water,ons_open_data,daily,2019-08-21,14665.1901,mwmed
thermal_dispatch_mwh,"Thermal dispatch (generation)",energy_water,ons_open_data,daily,2019-08-22,15054.6076,mwmed
thermal_dispatch_mwh,"Thermal dispatch (generation)",energy_water,ons_open_data,daily,2019-08-23,15182.8280,mwmed
thermal_dispatch_mwh,"Thermal dispatch (generation)",energy_water,ons_open_data,daily,2019-08-24,12381.0973,mwmed
thermal_dispatch_mwh,"Thermal dispatch (generation)",energy_water,ons_open_data,daily,2019-08-25,11787.9710,mwmed
thermal_dispatch_mwh,"Thermal dispatch (generation)",energy_water,ons_open_data,daily,2019-08-26,13647.6176,mwmed
thermal_dispatch_mwh,"Thermal dispatch (generation)",energy_water,ons_open_data,daily,2019-08-27,13897.1320,mwmed
thermal_dispatch_mwh,"Thermal dispatch (generation)",energy_water,ons_open_data,daily,2019-08-28,14227.5871,mwmed
thermal_dispatch_mwh,"Thermal dispatch (generation)",energy_water,ons_open_data,daily,2019-08-29,14561.7979,mwmed
thermal_dispatch_mwh,"Thermal dispatch (generation)",energy_water,ons_open_data,daily,2019-08-30,14770.1140,mwmed
thermal_dispatch_mwh,"Thermal dispatch (generation)",energy_water,ons_open_data,daily,2019-08-31,13626.2612,mwmed
thermal_dispatch_mwh,"Thermal dispatch (generation)",energy_water,ons_open_data,daily,2019-09-01,12961.2608,mwmed
thermal_dispatch_mwh,"Thermal dispatch (generation)",energy_water,ons_open_data,daily,2019-09-02,12735.3826,mwmed
thermal_dispatch_mwh,"Thermal dispatch (generation)",energy_water,ons_open_data,daily,2019-09-03,13294.1920,mwmed
thermal_dispatch_mwh,"Thermal dispatch (generation)",energy_water,ons_open_data,daily,2019-09-04,13610.3399,mwmed
thermal_dispatch_mwh,"Thermal dispatch (generation)",energy_water,ons_open_data,daily,2019-09-05,13993.4423,mwmed
thermal_dispatch_mwh,"Thermal dispatch (generation)",energy_water,ons_open_data,daily,2019-09-06,14566.4983,mwmed
thermal_dispatch_mwh,"Thermal dispatch (generation)",energy_water,ons_open_data,daily,2019-09-07,13616.8661,mwmed
thermal_dispatch_mwh,"Thermal dispatch (generation)",energy_water,ons_open_data,daily,2019-09-08,13108.7190,mwmed
thermal_dispatch_mwh,"Thermal dispatch (generation)",energy_water,ons_open_data,daily,2019-09-09,13818.2513,mwmed
thermal_dispatch_mwh,"Thermal dispatch (generation)",energy_water,ons_open_data,daily,2019-09-10,13861.7102,mwmed
thermal_dispatch_mwh,"Thermal dispatch (generation)",energy_water,ons_open_data,daily,2019-09-11,13542.6338,mwmed
thermal_dispatch_mwh,"Thermal dispatch (generation)",energy_water,ons_open_data,daily,2019-09-12,14348.7376,mwmed
thermal_dispatch_mwh,"Thermal dispatch (generation)",energy_water,ons_open_data,daily,2019-09-13,14435.7623,mwmed
thermal_dispatch_mwh,"Thermal dispatch (generation)",energy_water,ons_open_data,daily,2019-09-14,14201.8919,mwmed
thermal_dispatch_mwh,"Thermal dispatch (generation)",energy_water,ons_open_data,daily,2019-09-15,13609.1131,mwmed
thermal_dispatch_mwh,"Thermal dispatch (generation)",energy_water,ons_open_data,daily,2019-09-16,14146.9962,mwmed
thermal_dispatch_mwh,"Thermal dispatch (generation)",energy_water,ons_open_data,daily,2019-09-17,14209.4258,mwmed
thermal_dispatch_mwh,"Thermal dispatch (generation)",energy_water,ons_open_data,daily,2019-09-18,14115.5559,mwmed
thermal_dispatch_mwh,"Thermal dispatch (generation)",energy_water,ons_open_data,daily,2019-09-19,14185.5955,mwmed
thermal_dispatch_mwh,"Thermal dispatch (generation)",energy_water,ons_open_data,daily,2019-09-20,13649.3785,mwmed
thermal_dispatch_mwh,"Thermal dispatch (generation)",energy_water,ons_open_data,daily,2019-09-21,13636.9632,mwmed
thermal_dispatch_mwh,"Thermal dispatch (generation)",energy_water,ons_open_data,daily,2019-09-22,13825.6063,mwmed
thermal_dispatch_mwh,"Thermal dispatch (generation)",energy_water,ons_open_data,daily,2019-09-23,13941.6379,mwmed
thermal_dispatch_mwh,"Thermal dispatch (generation)",energy_water,ons_open_data,daily,2019-09-24,13824.2471,mwmed
thermal_dispatch_mwh,"Thermal dispatch (generation)",energy_water,ons_open_data,daily,2019-09-25,13595.5301,mwmed
thermal_dispatch_mwh,"Thermal dispatch (generation)",energy_water,ons_open_data,daily,2019-09-26,13447.2056,mwmed
thermal_dispatch_mwh,"Thermal dispatch (generation)",energy_water,ons_open_data,daily,2019-09-27,13617.2964,mwmed
thermal_dispatch_mwh,"Thermal dispatch (generation)",energy_water,ons_open_data,daily,2019-09-28,13836.3366,mwmed
thermal_dispatch_mwh,"Thermal dispatch (generation)",energy_water,ons_open_data,daily,2019-09-29,13974.4081,mwmed
thermal_dispatch_mwh,"Thermal dispatch (generation)",energy_water,ons_open_data,daily,2019-09-30,14241.0192,mwmed
thermal_dispatch_mwh,"Thermal dispatch (generation)",energy_water,ons_open_data,daily,2019-10-01,13767.1415,mwmed
thermal_dispatch_mwh,"Thermal dispatch (generation)",energy_water,ons_open_data,daily,2019-10-02,13437.9835,mwmed
thermal_dispatch_mwh,"Thermal dispatch (generation)",energy_water,ons_open_data,daily,2019-10-03,13828.5840,mwmed
thermal_dispatch_mwh,"Thermal dispatch (generation)",energy_water,ons_open_data,daily,2019-10-04,14007.8915,mwmed
thermal_dispatch_mwh,"Thermal dispatch (generation)",energy_water,ons_open_data,daily,2019-10-05,13982.3335,mwmed
thermal_dispatch_mwh,"Thermal dispatch (generation)",energy_water,ons_open_data,daily,2019-10-06,13715.7312,mwmed
thermal_dispatch_mwh,"Thermal dispatch (generation)",energy_water,ons_open_data,daily,2019-10-07,13993.3214,mwmed
thermal_dispatch_mwh,"Thermal dispatch (generation)",energy_water,ons_open_data,daily,2019-10-08,14850.9502,mwmed
thermal_dispatch_mwh,"Thermal dispatch (generation)",energy_water,ons_open_data,daily,2019-10-09,15235.7189,mwmed
thermal_dispatch_mwh,"Thermal dispatch (generation)",energy_water,ons_open_data,daily,2019-10-10,15057.6469,mwmed
thermal_dispatch_mwh,"Thermal dispatch (generation)",energy_water,ons_open_data,daily,2019-10-11,14975.2894,mwmed
thermal_dispatch_mwh,"Thermal dispatch (generation)",energy_water,ons_open_data,daily,2019-10-12,13480.7213,mwmed
thermal_dispatch_mwh,"Thermal dispatch (generation)",energy_water,ons_open_data,daily,2019-10-13,12475.3069,mwmed
thermal_dispatch_mwh,"Thermal dispatch (generation)",energy_water,ons_open_data,daily,2019-10-14,13780.3536,mwmed
thermal_dispatch_mwh,"Thermal dispatch (generation)",energy_water,ons_open_data,daily,2019-10-15,15034.1352,mwmed
thermal_dispatch_mwh,"Thermal dispatch (generation)",energy_water,ons_open_data,daily,2019-10-16,15099.3044,mwmed
thermal_dispatch_mwh,"Thermal dispatch (generation)",energy_water,ons_open_data,daily,2019-10-17,14505.2778,mwmed
thermal_dispatch_mwh,"Thermal dispatch (generation)",energy_water,ons_open_data,daily,2019-10-18,14550.0950,mwmed
thermal_dispatch_mwh,"Thermal dispatch (generation)",energy_water,ons_open_data,daily,2019-10-19,13706.4231,mwmed
thermal_dispatch_mwh,"Thermal dispatch (generation)",energy_water,ons_open_data,daily,2019-10-20,13539.3088,mwmed
thermal_dispatch_mwh,"Thermal dispatch (generation)",energy_water,ons_open_data,daily,2019-10-21,14373.6873,mwmed
thermal_dispatch_mwh,"Thermal dispatch (generation)",energy_water,ons_open_data,daily,2019-10-22,14044.4100,mwmed
thermal_dispatch_mwh,"Thermal dispatch (generation)",energy_water,ons_open_data,daily,2019-10-23,14035.8183,mwmed
thermal_dispatch_mwh,"Thermal dispatch (generation)",energy_water,ons_open_data,daily,2019-10-24,14513.3703,mwmed
thermal_dispatch_mwh,"Thermal dispatch (generation)",energy_water,ons_open_data,daily,2019-10-25,14411.3966,mwmed
thermal_dispatch_mwh,"Thermal dispatch (generation)",energy_water,ons_open_data,daily,2019-10-26,14713.4915,mwmed
thermal_dispatch_mwh,"Thermal dispatch (generation)",energy_water,ons_open_data,daily,2019-10-27,14977.5838,mwmed
thermal_dispatch_mwh,"Thermal dispatch (generation)",energy_water,ons_open_data,daily,2019-10-28,14934.2830,mwmed
thermal_dispatch_mwh,"Thermal dispatch (generation)",energy_water,ons_open_data,daily,2019-10-29,15282.1780,mwmed
thermal_dispatch_mwh,"Thermal dispatch (generation)",energy_water,ons_open_data,daily,2019-10-30,14466.2119,mwmed
thermal_dispatch_mwh,"Thermal dispatch (generation)",energy_water,ons_open_data,daily,2019-10-31,13900.2819,mwmed
thermal_dispatch_mwh,"Thermal dispatch (generation)",energy_water,ons_open_data,daily,2019-11-01,14396.9046,mwmed
thermal_dispatch_mwh,"Thermal dispatch (generation)",energy_water,ons_open_data,daily,2019-11-02,14881.1525,mwmed
thermal_dispatch_mwh,"Thermal dispatch (generation)",energy_water,ons_open_data,daily,2019-11-03,14291.6061,mwmed
thermal_dispatch_mwh,"Thermal dispatch (generation)",energy_water,ons_open_data,daily,2019-11-04,13861.6254,mwmed
thermal_dispatch_mwh,"Thermal dispatch (generation)",energy_water,ons_open_data,daily,2019-11-05,14596.0016,mwmed
thermal_dispatch_mwh,"Thermal dispatch (generation)",energy_water,ons_open_data,daily,2019-11-06,14995.8422,mwmed
thermal_dispatch_mwh,"Thermal dispatch (generation)",energy_water,ons_open_data,daily,2019-11-07,14803.0905,mwmed
thermal_dispatch_mwh,"Thermal dispatch (generation)",energy_water,ons_open_data,daily,2019-11-08,14837.5638,mwmed
thermal_dispatch_mwh,"Thermal dispatch (generation)",energy_water,ons_open_data,daily,2019-11-09,15251.4783,mwmed
thermal_dispatch_mwh,"Thermal dispatch (generation)",energy_water,ons_open_data,daily,2019-11-10,14562.9196,mwmed
thermal_dispatch_mwh,"Thermal dispatch (generation)",energy_water,ons_open_data,daily,2019-11-11,14174.3775,mwmed
thermal_dispatch_mwh,"Thermal dispatch (generation)",energy_water,ons_open_data,daily,2019-11-12,14356.7298,mwmed
thermal_dispatch_mwh,"Thermal dispatch (generation)",energy_water,ons_open_data,daily,2019-11-13,14624.4710,mwmed
thermal_dispatch_mwh,"Thermal dispatch (generation)",energy_water,ons_open_data,daily,2019-11-14,14460.8706,mwmed
thermal_dispatch_mwh,"Thermal dispatch (generation)",energy_water,ons_open_data,daily,2019-11-15,14622.8914,mwmed
thermal_dispatch_mwh,"Thermal dispatch (generation)",energy_water,ons_open_data,daily,2019-11-16,14657.7874,mwmed
thermal_dispatch_mwh,"Thermal dispatch (generation)",energy_water,ons_open_data,daily,2019-11-17,14927.8257,mwmed
thermal_dispatch_mwh,"Thermal dispatch (generation)",energy_water,ons_open_data,daily,2019-11-18,15408.0276,mwmed
thermal_dispatch_mwh,"Thermal dispatch (generation)",energy_water,ons_open_data,daily,2019-11-19,15093.3635,mwmed
thermal_dispatch_mwh,"Thermal dispatch (generation)",energy_water,ons_open_data,daily,2019-11-20,14800.4197,mwmed
thermal_dispatch_mwh,"Thermal dispatch (generation)",energy_water,ons_open_data,daily,2019-11-21,14858.5070,mwmed
thermal_dispatch_mwh,"Thermal dispatch (generation)",energy_water,ons_open_data,daily,2019-11-22,15110.0629,mwmed
thermal_dispatch_mwh,"Thermal dispatch (generation)",energy_water,ons_open_data,daily,2019-11-23,15137.2635,mwmed
thermal_dispatch_mwh,"Thermal dispatch (generation)",energy_water,ons_open_data,daily,2019-11-24,14167.6405,mwmed
thermal_dispatch_mwh,"Thermal dispatch (generation)",energy_water,ons_open_data,daily,2019-11-25,14087.5375,mwmed
thermal_dispatch_mwh,"Thermal dispatch (generation)",energy_water,ons_open_data,daily,2019-11-26,13909.1096,mwmed
thermal_dispatch_mwh,"Thermal dispatch (generation)",energy_water,ons_open_data,daily,2019-11-27,13485.7082,mwmed
thermal_dispatch_mwh,"Thermal dispatch (generation)",energy_water,ons_open_data,daily,2019-11-28,13301.0271,mwmed
thermal_dispatch_mwh,"Thermal dispatch (generation)",energy_water,ons_open_data,daily,2019-11-29,13767.6230,mwmed
thermal_dispatch_mwh,"Thermal dispatch (generation)",energy_water,ons_open_data,daily,2019-11-30,12384.9572,mwmed
thermal_dispatch_mwh,"Thermal dispatch (generation)",energy_water,ons_open_data,daily,2019-12-01,11764.7991,mwmed
thermal_dispatch_mwh,"Thermal dispatch (generation)",energy_water,ons_open_data,daily,2019-12-02,12683.3743,mwmed
thermal_dispatch_mwh,"Thermal dispatch (generation)",energy_water,ons_open_data,daily,2019-12-03,12606.6217,mwmed
thermal_dispatch_mwh,"Thermal dispatch (generation)",energy_water,ons_open_data,daily,2019-12-04,12169.1535,mwmed
thermal_dispatch_mwh,"Thermal dispatch (generation)",energy_water,ons_open_data,daily,2019-12-05,12053.2030,mwmed
thermal_dispatch_mwh,"Thermal dispatch (generation)",energy_water,ons_open_data,daily,2019-12-06,12098.2133,mwmed
thermal_dispatch_mwh,"Thermal dispatch (generation)",energy_water,ons_open_data,daily,2019-12-07,11764.3372,mwmed
thermal_dispatch_mwh,"Thermal dispatch (generation)",energy_water,ons_open_data,daily,2019-12-08,11723.7416,mwmed
thermal_dispatch_mwh,"Thermal dispatch (generation)",energy_water,ons_open_data,daily,2019-12-09,11754.2680,mwmed
thermal_dispatch_mwh,"Thermal dispatch (generation)",energy_water,ons_open_data,daily,2019-12-10,11754.2946,mwmed
thermal_dispatch_mwh,"Thermal dispatch (generation)",energy_water,ons_open_data,daily,2019-12-11,12137.4789,mwmed
thermal_dispatch_mwh,"Thermal dispatch (generation)",energy_water,ons_open_data,daily,2019-12-12,11599.4111,mwmed
thermal_dispatch_mwh,"Thermal dispatch (generation)",energy_water,ons_open_data,daily,2019-12-13,11991.7398,mwmed
thermal_dispatch_mwh,"Thermal dispatch (generation)",energy_water,ons_open_data,daily,2019-12-14,12458.1181,mwmed
thermal_dispatch_mwh,"Thermal dispatch (generation)",energy_water,ons_open_data,daily,2019-12-15,11856.1545,mwmed
thermal_dispatch_mwh,"Thermal dispatch (generation)",energy_water,ons_open_data,daily,2019-12-16,12352.8040,mwmed
thermal_dispatch_mwh,"Thermal dispatch (generation)",energy_water,ons_open_data,daily,2019-12-17,12501.6696,mwmed
thermal_dispatch_mwh,"Thermal dispatch (generation)",energy_water,ons_open_data,daily,2019-12-18,12800.6836,mwmed
thermal_dispatch_mwh,"Thermal dispatch (generation)",energy_water,ons_open_data,daily,2019-12-19,12784.7932,mwmed
thermal_dispatch_mwh,"Thermal dispatch (generation)",energy_water,ons_open_data,daily,2019-12-20,12511.7215,mwmed
thermal_dispatch_mwh,"Thermal dispatch (generation)",energy_water,ons_open_data,daily,2019-12-21,11715.6983,mwmed
thermal_dispatch_mwh,"Thermal dispatch (generation)",energy_water,ons_open_data,daily,2019-12-22,11661.4995,mwmed
thermal_dispatch_mwh,"Thermal dispatch (generation)",energy_water,ons_open_data,daily,2019-12-23,11808.5977,mwmed
thermal_dispatch_mwh,"Thermal dispatch (generation)",energy_water,ons_open_data,daily,2019-12-24,11925.1891,mwmed
thermal_dispatch_mwh,"Thermal dispatch (generation)",energy_water,ons_open_data,daily,2019-12-25,11495.0911,mwmed
thermal_dispatch_mwh,"Thermal dispatch (generation)",energy_water,ons_open_data,daily,2019-12-26,11703.8730,mwmed
thermal_dispatch_mwh,"Thermal dispatch (generation)",energy_water,ons_open_data,daily,2019-12-27,12119.7171,mwmed
thermal_dispatch_mwh,"Thermal dispatch (generation)",energy_water,ons_open_data,daily,2019-12-28,13333.9609,mwmed
thermal_dispatch_mwh,"Thermal dispatch (generation)",energy_water,ons_open_data,daily,2019-12-29,13696.2800,mwmed
thermal_dispatch_mwh,"Thermal dispatch (generation)",energy_water,ons_open_data,daily,2019-12-30,13775.1671,mwmed
thermal_dispatch_mwh,"Thermal dispatch (generation)",energy_water,ons_open_data,daily,2019-12-31,13528.9438,mwmed
thermal_dispatch_mwh,"Thermal dispatch (generation)",energy_water,ons_open_data,daily,2020-01-01,13685.8860,mwmed
thermal_dispatch_mwh,"Thermal dispatch (generation)",energy_water,ons_open_data,daily,2020-01-02,14092.1768,mwmed
thermal_dispatch_mwh,"Thermal dispatch (generation)",energy_water,ons_open_data,daily,2020-01-03,14380.7411,mwmed
thermal_dispatch_mwh,"Thermal dispatch (generation)",energy_water,ons_open_data,daily,2020-01-04,14440.5436,mwmed
thermal_dispatch_mwh,"Thermal dispatch (generation)",energy_water,ons_open_data,daily,2020-01-05,14228.4172,mwmed
thermal_dispatch_mwh,"Thermal dispatch (generation)",energy_water,ons_open_data,daily,2020-01-06,13872.8193,mwmed
thermal_dispatch_mwh,"Thermal dispatch (generation)",energy_water,ons_open_data,daily,2020-01-07,14133.4081,mwmed
thermal_dispatch_mwh,"Thermal dispatch (generation)",energy_water,ons_open_data,daily,2020-01-08,13889.1064,mwmed
thermal_dispatch_mwh,"Thermal dispatch (generation)",energy_water,ons_open_data,daily,2020-01-09,14076.0841,mwmed
thermal_dispatch_mwh,"Thermal dispatch (generation)",energy_water,ons_open_data,daily,2020-01-10,14473.2576,mwmed
thermal_dispatch_mwh,"Thermal dispatch (generation)",energy_water,ons_open_data,daily,2020-01-11,11776.7793,mwmed
thermal_dispatch_mwh,"Thermal dispatch (generation)",energy_water,ons_open_data,daily,2020-01-12,11607.2650,mwmed
thermal_dispatch_mwh,"Thermal dispatch (generation)",energy_water,ons_open_data,daily,2020-01-13,11893.5587,mwmed
thermal_dispatch_mwh,"Thermal dispatch (generation)",energy_water,ons_open_data,daily,2020-01-14,11980.7035,mwmed
thermal_dispatch_mwh,"Thermal dispatch (generation)",energy_water,ons_open_data,daily,2020-01-15,11666.0019,mwmed
thermal_dispatch_mwh,"Thermal dispatch (generation)",energy_water,ons_open_data,daily,2020-01-16,11802.2552,mwmed
thermal_dispatch_mwh,"Thermal dispatch (generation)",energy_water,ons_open_data,daily,2020-01-17,12043.0557,mwmed
thermal_dispatch_mwh,"Thermal dispatch (generation)",energy_water,ons_open_data,daily,2020-01-18,13448.3617,mwmed
thermal_dispatch_mwh,"Thermal dispatch (generation)",energy_water,ons_open_data,daily,2020-01-19,13083.2479,mwmed
thermal_dispatch_mwh,"Thermal dispatch (generation)",energy_water,ons_open_data,daily,2020-01-20,13711.1071,mwmed
thermal_dispatch_mwh,"Thermal dispatch (generation)",energy_water,ons_open_data,daily,2020-01-21,13885.4303,mwmed
thermal_dispatch_mwh,"Thermal dispatch (generation)",energy_water,ons_open_data,daily,2020-01-22,13663.7237,mwmed
thermal_dispatch_mwh,"Thermal dispatch (generation)",energy_water,ons_open_data,daily,2020-01-23,13310.5112,mwmed
thermal_dispatch_mwh,"Thermal dispatch (generation)",energy_water,ons_open_data,daily,2020-01-24,13492.2078,mwmed
thermal_dispatch_mwh,"Thermal dispatch (generation)",energy_water,ons_open_data,daily,2020-01-25,12978.2820,mwmed
thermal_dispatch_mwh,"Thermal dispatch (generation)",energy_water,ons_open_data,daily,2020-01-26,12796.5600,mwmed
thermal_dispatch_mwh,"Thermal dispatch (generation)",energy_water,ons_open_data,daily,2020-01-27,13029.2881,mwmed
thermal_dispatch_mwh,"Thermal dispatch (generation)",energy_water,ons_open_data,daily,2020-01-28,13732.9811,mwmed
thermal_dispatch_mwh,"Thermal dispatch (generation)",energy_water,ons_open_data,daily,2020-01-29,14063.3828,mwmed
thermal_dispatch_mwh,"Thermal dispatch (generation)",energy_water,ons_open_data,daily,2020-01-30,13804.9202,mwmed
thermal_dispatch_mwh,"Thermal dispatch (generation)",energy_water,ons_open_data,daily,2020-01-31,13595.4111,mwmed
thermal_dispatch_mwh,"Thermal dispatch (generation)",energy_water,ons_open_data,daily,2020-02-01,10367.4537,mwmed
thermal_dispatch_mwh,"Thermal dispatch (generation)",energy_water,ons_open_data,daily,2020-02-02,10101.1936,mwmed
thermal_dispatch_mwh,"Thermal dispatch (generation)",energy_water,ons_open_data,daily,2020-02-03,10447.7687,mwmed
thermal_dispatch_mwh,"Thermal dispatch (generation)",energy_water,ons_open_data,daily,2020-02-04,10682.3146,mwmed
thermal_dispatch_mwh,"Thermal dispatch (generation)",energy_water,ons_open_data,daily,2020-02-05,10475.1615,mwmed
thermal_dispatch_mwh,"Thermal dispatch (generation)",energy_water,ons_open_data,daily,2020-02-06,10084.1530,mwmed
thermal_dispatch_mwh,"Thermal dispatch (generation)",energy_water,ons_open_data,daily,2020-02-07,10221.8374,mwmed
thermal_dispatch_mwh,"Thermal dispatch (generation)",energy_water,ons_open_data,daily,2020-02-08,10115.9473,mwmed
thermal_dispatch_mwh,"Thermal dispatch (generation)",energy_water,ons_open_data,daily,2020-02-09,9856.5121,mwmed
thermal_dispatch_mwh,"Thermal dispatch (generation)",energy_water,ons_open_data,daily,2020-02-10,9852.4539,mwmed
thermal_dispatch_mwh,"Thermal dispatch (generation)",energy_water,ons_open_data,daily,2020-02-11,10101.9390,mwmed
thermal_dispatch_mwh,"Thermal dispatch (generation)",energy_water,ons_open_data,daily,2020-02-12,9571.2071,mwmed
thermal_dispatch_mwh,"Thermal dispatch (generation)",energy_water,ons_open_data,daily,2020-02-13,9785.9149,mwmed
thermal_dispatch_mwh,"Thermal dispatch (generation)",energy_water,ons_open_data,daily,2020-02-14,9768.6770,mwmed
thermal_dispatch_mwh,"Thermal dispatch (generation)",energy_water,ons_open_data,daily,2020-02-15,9076.3628,mwmed
thermal_dispatch_mwh,"Thermal dispatch (generation)",energy_water,ons_open_data,daily,2020-02-16,8607.2330,mwmed
thermal_dispatch_mwh,"Thermal dispatch (generation)",energy_water,ons_open_data,daily,2020-02-17,8784.2505,mwmed
thermal_dispatch_mwh,"Thermal dispatch (generation)",energy_water,ons_open_data,daily,2020-02-18,8755.1374,mwmed
thermal_dispatch_mwh,"Thermal dispatch (generation)",energy_water,ons_open_data,daily,2020-02-19,9092.7545,mwmed
thermal_dispatch_mwh,"Thermal dispatch (generation)",energy_water,ons_open_data,daily,2020-02-20,9440.5400,mwmed
thermal_dispatch_mwh,"Thermal dispatch (generation)",energy_water,ons_open_data,daily,2020-02-21,9063.0989,mwmed
thermal_dispatch_mwh,"Thermal dispatch (generation)",energy_water,ons_open_data,daily,2020-02-22,8449.4170,mwmed
thermal_dispatch_mwh,"Thermal dispatch (generation)",energy_water,ons_open_data,daily,2020-02-23,8586.4535,mwmed
thermal_dispatch_mwh,"Thermal dispatch (generation)",energy_water,ons_open_data,daily,2020-02-24,8497.6436,mwmed
thermal_dispatch_mwh,"Thermal dispatch (generation)",energy_water,ons_open_data,daily,2020-02-25,8667.9248,mwmed
thermal_dispatch_mwh,"Thermal dispatch (generation)",energy_water,ons_open_data,daily,2020-02-26,8648.5528,mwmed
thermal_dispatch_mwh,"Thermal dispatch (generation)",energy_water,ons_open_data,daily,2020-02-27,8909.8400,mwmed
thermal_dispatch_mwh,"Thermal dispatch (generation)",energy_water,ons_open_data,daily,2020-02-28,9375.7322,mwmed
thermal_dispatch_mwh,"Thermal dispatch (generation)",energy_water,ons_open_data,daily,2020-02-29,7827.8944,mwmed
thermal_dispatch_mwh,"Thermal dispatch (generation)",energy_water,ons_open_data,daily,2020-03-01,7456.3638,mwmed
thermal_dispatch_mwh,"Thermal dispatch (generation)",energy_water,ons_open_data,daily,2020-03-02,7215.2277,mwmed
thermal_dispatch_mwh,"Thermal dispatch (generation)",energy_water,ons_open_data,daily,2020-03-03,6768.1859,mwmed
thermal_dispatch_mwh,"Thermal dispatch (generation)",energy_water,ons_open_data,daily,2020-03-04,6046.8048,mwmed
thermal_dispatch_mwh,"Thermal dispatch (generation)",energy_water,ons_open_data,daily,2020-03-05,6040.4118,mwmed
thermal_dispatch_mwh,"Thermal dispatch (generation)",energy_water,ons_open_data,daily,2020-03-06,5969.5324,mwmed
thermal_dispatch_mwh,"Thermal dispatch (generation)",energy_water,ons_open_data,daily,2020-03-07,7010.3921,mwmed
thermal_dispatch_mwh,"Thermal dispatch (generation)",energy_water,ons_open_data,daily,2020-03-08,7265.2632,mwmed
thermal_dispatch_mwh,"Thermal dispatch (generation)",energy_water,ons_open_data,daily,2020-03-09,7420.2491,mwmed
thermal_dispatch_mwh,"Thermal dispatch (generation)",energy_water,ons_open_data,daily,2020-03-10,7345.0705,mwmed
thermal_dispatch_mwh,"Thermal dispatch (generation)",energy_water,ons_open_data,daily,2020-03-11,8087.6844,mwmed
thermal_dispatch_mwh,"Thermal dispatch (generation)",energy_water,ons_open_data,daily,2020-03-12,8451.1765,mwmed
thermal_dispatch_mwh,"Thermal dispatch (generation)",energy_water,ons_open_data,daily,2020-03-13,9851.7477,mwmed
thermal_dispatch_mwh,"Thermal dispatch (generation)",energy_water,ons_open_data,daily,2020-03-14,9709.0515,mwmed
thermal_dispatch_mwh,"Thermal dispatch (generation)",energy_water,ons_open_data,daily,2020-03-15,9527.1161,mwmed
thermal_dispatch_mwh,"Thermal dispatch (generation)",energy_water,ons_open_data,daily,2020-03-16,9909.5935,mwmed
thermal_dispatch_mwh,"Thermal dispatch (generation)",energy_water,ons_open_data,daily,2020-03-17,10157.8604,mwmed
thermal_dispatch_mwh,"Thermal dispatch (generation)",energy_water,ons_open_data,daily,2020-03-18,8992.4905,mwmed
thermal_dispatch_mwh,"Thermal dispatch (generation)",energy_water,ons_open_data,daily,2020-03-19,9026.6160,mwmed
thermal_dispatch_mwh,"Thermal dispatch (generation)",energy_water,ons_open_data,daily,2020-03-20,9011.8897,mwmed
thermal_dispatch_mwh,"Thermal dispatch (generation)",energy_water,ons_open_data,daily,2020-03-21,8358.2128,mwmed
thermal_dispatch_mwh,"Thermal dispatch (generation)",energy_water,ons_open_data,daily,2020-03-22,8296.2717,mwmed
thermal_dispatch_mwh,"Thermal dispatch (generation)",energy_water,ons_open_data,daily,2020-03-23,9006.5877,mwmed
thermal_dispatch_mwh,"Thermal dispatch (generation)",energy_water,ons_open_data,daily,2020-03-24,8566.5815,mwmed
thermal_dispatch_mwh,"Thermal dispatch (generation)",energy_water,ons_open_data,daily,2020-03-25,8493.5477,mwmed
thermal_dispatch_mwh,"Thermal dispatch (generation)",energy_water,ons_open_data,daily,2020-03-26,8912.4610,mwmed
thermal_dispatch_mwh,"Thermal dispatch (generation)",energy_water,ons_open_data,daily,2020-03-27,8597.5155,mwmed
thermal_dispatch_mwh,"Thermal dispatch (generation)",energy_water,ons_open_data,daily,2020-03-28,7096.2035,mwmed
thermal_dispatch_mwh,"Thermal dispatch (generation)",energy_water,ons_open_data,daily,2020-03-29,7386.5962,mwmed
thermal_dispatch_mwh,"Thermal dispatch (generation)",energy_water,ons_open_data,daily,2020-03-30,7915.3695,mwmed
thermal_dispatch_mwh,"Thermal dispatch (generation)",energy_water,ons_open_data,daily,2020-03-31,7299.8340,mwmed
thermal_dispatch_mwh,"Thermal dispatch (generation)",energy_water,ons_open_data,daily,2020-04-01,8477.0097,mwmed
thermal_dispatch_mwh,"Thermal dispatch (generation)",energy_water,ons_open_data,daily,2020-04-02,8583.6174,mwmed
thermal_dispatch_mwh,"Thermal dispatch (generation)",energy_water,ons_open_data,daily,2020-04-03,8599.4312,mwmed
thermal_dispatch_mwh,"Thermal dispatch (generation)",energy_water,ons_open_data,daily,2020-04-04,8254.9399,mwmed
thermal_dispatch_mwh,"Thermal dispatch (generation)",energy_water,ons_open_data,daily,2020-04-05,8129.3120,mwmed
thermal_dispatch_mwh,"Thermal dispatch (generation)",energy_water,ons_open_data,daily,2020-04-06,7384.2554,mwmed
thermal_dispatch_mwh,"Thermal dispatch (generation)",energy_water,ons_open_data,daily,2020-04-07,6631.8010,mwmed
thermal_dispatch_mwh,"Thermal dispatch (generation)",energy_water,ons_open_data,daily,2020-04-08,7234.9208,mwmed
thermal_dispatch_mwh,"Thermal dispatch (generation)",energy_water,ons_open_data,daily,2020-04-09,7575.3433,mwmed
thermal_dispatch_mwh,"Thermal dispatch (generation)",energy_water,ons_open_data,daily,2020-04-10,7793.4907,mwmed
thermal_dispatch_mwh,"Thermal dispatch (generation)",energy_water,ons_open_data,daily,2020-04-11,7559.8580,mwmed
thermal_dispatch_mwh,"Thermal dispatch (generation)",energy_water,ons_open_data,daily,2020-04-12,7324.5153,mwmed
thermal_dispatch_mwh,"Thermal dispatch (generation)",energy_water,ons_open_data,daily,2020-04-13,7235.2354,mwmed
thermal_dispatch_mwh,"Thermal dispatch (generation)",energy_water,ons_open_data,daily,2020-04-14,7111.2589,mwmed
thermal_dispatch_mwh,"Thermal dispatch (generation)",energy_water,ons_open_data,daily,2020-04-15,6580.0241,mwmed
thermal_dispatch_mwh,"Thermal dispatch (generation)",energy_water,ons_open_data,daily,2020-04-16,6869.4203,mwmed
thermal_dispatch_mwh,"Thermal dispatch (generation)",energy_water,ons_open_data,daily,2020-04-17,6917.6590,mwmed
thermal_dispatch_mwh,"Thermal dispatch (generation)",energy_water,ons_open_data,daily,2020-04-18,6889.7876,mwmed
thermal_dispatch_mwh,"Thermal dispatch (generation)",energy_water,ons_open_data,daily,2020-04-19,6691.6874,mwmed
thermal_dispatch_mwh,"Thermal dispatch (generation)",energy_water,ons_open_data,daily,2020-04-20,6991.7918,mwmed
thermal_dispatch_mwh,"Thermal dispatch (generation)",energy_water,ons_open_data,daily,2020-04-21,7634.4247,mwmed
thermal_dispatch_mwh,"Thermal dispatch (generation)",energy_water,ons_open_data,daily,2020-04-22,7627.0693,mwmed
thermal_dispatch_mwh,"Thermal dispatch (generation)",energy_water,ons_open_data,daily,2020-04-23,7818.4787,mwmed
thermal_dispatch_mwh,"Thermal dispatch (generation)",energy_water,ons_open_data,daily,2020-04-24,7879.8127,mwmed
thermal_dispatch_mwh,"Thermal dispatch (generation)",energy_water,ons_open_data,daily,2020-04-25,7838.2088,mwmed
thermal_dispatch_mwh,"Thermal dispatch (generation)",energy_water,ons_open_data,daily,2020-04-26,7500.2403,mwmed
thermal_dispatch_mwh,"Thermal dispatch (generation)",energy_water,ons_open_data,daily,2020-04-27,7874.4710,mwmed
thermal_dispatch_mwh,"Thermal dispatch (generation)",energy_water,ons_open_data,daily,2020-04-28,8030.4894,mwmed
thermal_dispatch_mwh,"Thermal dispatch (generation)",energy_water,ons_open_data,daily,2020-04-29,8077.3807,mwmed
thermal_dispatch_mwh,"Thermal dispatch (generation)",energy_water,ons_open_data,daily,2020-04-30,7824.2942,mwmed
thermal_dispatch_mwh,"Thermal dispatch (generation)",energy_water,ons_open_data,daily,2020-05-01,8013.5273,mwmed
thermal_dispatch_mwh,"Thermal dispatch (generation)",energy_water,ons_open_data,daily,2020-05-02,8087.2430,mwmed
thermal_dispatch_mwh,"Thermal dispatch (generation)",energy_water,ons_open_data,daily,2020-05-03,7889.5943,mwmed
thermal_dispatch_mwh,"Thermal dispatch (generation)",energy_water,ons_open_data,daily,2020-05-04,7771.2796,mwmed
thermal_dispatch_mwh,"Thermal dispatch (generation)",energy_water,ons_open_data,daily,2020-05-05,7695.7849,mwmed
thermal_dispatch_mwh,"Thermal dispatch (generation)",energy_water,ons_open_data,daily,2020-05-06,7608.9261,mwmed
thermal_dispatch_mwh,"Thermal dispatch (generation)",energy_water,ons_open_data,daily,2020-05-07,7072.8805,mwmed
thermal_dispatch_mwh,"Thermal dispatch (generation)",energy_water,ons_open_data,daily,2020-05-08,7332.3713,mwmed
thermal_dispatch_mwh,"Thermal dispatch (generation)",energy_water,ons_open_data,daily,2020-05-09,7445.1085,mwmed
thermal_dispatch_mwh,"Thermal dispatch (generation)",energy_water,ons_open_data,daily,2020-05-10,7342.4233,mwmed
thermal_dispatch_mwh,"Thermal dispatch (generation)",energy_water,ons_open_data,daily,2020-05-11,7412.7492,mwmed
thermal_dispatch_mwh,"Thermal dispatch (generation)",energy_water,ons_open_data,daily,2020-05-12,7563.6636,mwmed
thermal_dispatch_mwh,"Thermal dispatch (generation)",energy_water,ons_open_data,daily,2020-05-13,7975.5946,mwmed
thermal_dispatch_mwh,"Thermal dispatch (generation)",energy_water,ons_open_data,daily,2020-05-14,7919.3388,mwmed
thermal_dispatch_mwh,"Thermal dispatch (generation)",energy_water,ons_open_data,daily,2020-05-15,8304.6033,mwmed
thermal_dispatch_mwh,"Thermal dispatch (generation)",energy_water,ons_open_data,daily,2020-05-16,8193.4426,mwmed
thermal_dispatch_mwh,"Thermal dispatch (generation)",energy_water,ons_open_data,daily,2020-05-17,7808.9709,mwmed
thermal_dispatch_mwh,"Thermal dispatch (generation)",energy_water,ons_open_data,daily,2020-05-18,8301.9185,mwmed
thermal_dispatch_mwh,"Thermal dispatch (generation)",energy_water,ons_open_data,daily,2020-05-19,8496.4148,mwmed
thermal_dispatch_mwh,"Thermal dispatch (generation)",energy_water,ons_open_data,daily,2020-05-20,8409.9572,mwmed
thermal_dispatch_mwh,"Thermal dispatch (generation)",energy_water,ons_open_data,daily,2020-05-21,8417.5338,mwmed
thermal_dispatch_mwh,"Thermal dispatch (generation)",energy_water,ons_open_data,daily,2020-05-22,7939.1528,mwmed
thermal_dispatch_mwh,"Thermal dispatch (generation)",energy_water,ons_open_data,daily,2020-05-23,7871.5493,mwmed
thermal_dispatch_mwh,"Thermal dispatch (generation)",energy_water,ons_open_data,daily,2020-05-24,7601.6481,mwmed
thermal_dispatch_mwh,"Thermal dispatch (generation)",energy_water,ons_open_data,daily,2020-05-25,7800.1447,mwmed
thermal_dispatch_mwh,"Thermal dispatch (generation)",energy_water,ons_open_data,daily,2020-05-26,8133.1163,mwmed
thermal_dispatch_mwh,"Thermal dispatch (generation)",energy_water,ons_open_data,daily,2020-05-27,8152.5987,mwmed
thermal_dispatch_mwh,"Thermal dispatch (generation)",energy_water,ons_open_data,daily,2020-05-28,9450.2746,mwmed
thermal_dispatch_mwh,"Thermal dispatch (generation)",energy_water,ons_open_data,daily,2020-05-29,9342.0435,mwmed
thermal_dispatch_mwh,"Thermal dispatch (generation)",energy_water,ons_open_data,daily,2020-05-30,8982.4634,mwmed
thermal_dispatch_mwh,"Thermal dispatch (generation)",energy_water,ons_open_data,daily,2020-05-31,8101.4158,mwmed
thermal_dispatch_mwh,"Thermal dispatch (generation)",energy_water,ons_open_data,daily,2020-06-01,8759.0181,mwmed
thermal_dispatch_mwh,"Thermal dispatch (generation)",energy_water,ons_open_data,daily,2020-06-02,8838.9966,mwmed
thermal_dispatch_mwh,"Thermal dispatch (generation)",energy_water,ons_open_data,daily,2020-06-03,8607.8459,mwmed
thermal_dispatch_mwh,"Thermal dispatch (generation)",energy_water,ons_open_data,daily,2020-06-04,8255.2065,mwmed
thermal_dispatch_mwh,"Thermal dispatch (generation)",energy_water,ons_open_data,daily,2020-06-05,8125.5993,mwmed
thermal_dispatch_mwh,"Thermal dispatch (generation)",energy_water,ons_open_data,daily,2020-06-06,8112.9478,mwmed
thermal_dispatch_mwh,"Thermal dispatch (generation)",energy_water,ons_open_data,daily,2020-06-07,8533.1308,mwmed
thermal_dispatch_mwh,"Thermal dispatch (generation)",energy_water,ons_open_data,daily,2020-06-08,8587.2048,mwmed
thermal_dispatch_mwh,"Thermal dispatch (generation)",energy_water,ons_open_data,daily,2020-06-09,9272.1710,mwmed
thermal_dispatch_mwh,"Thermal dispatch (generation)",energy_water,ons_open_data,daily,2020-06-10,9411.6978,mwmed
thermal_dispatch_mwh,"Thermal dispatch (generation)",energy_water,ons_open_data,daily,2020-06-11,9572.1822,mwmed
thermal_dispatch_mwh,"Thermal dispatch (generation)",energy_water,ons_open_data,daily,2020-06-12,9469.7341,mwmed
thermal_dispatch_mwh,"Thermal dispatch (generation)",energy_water,ons_open_data,daily,2020-06-13,9398.9888,mwmed
thermal_dispatch_mwh,"Thermal dispatch (generation)",energy_water,ons_open_data,daily,2020-06-14,9257.6348,mwmed
thermal_dispatch_mwh,"Thermal dispatch (generation)",energy_water,ons_open_data,daily,2020-06-15,8933.8840,mwmed
thermal_dispatch_mwh,"Thermal dispatch (generation)",energy_water,ons_open_data,daily,2020-06-16,8935.0787,mwmed
thermal_dispatch_mwh,"Thermal dispatch (generation)",energy_water,ons_open_data,daily,2020-06-17,9122.5707,mwmed
thermal_dispatch_mwh,"Thermal dispatch (generation)",energy_water,ons_open_data,daily,2020-06-18,9063.9382,mwmed
thermal_dispatch_mwh,"Thermal dispatch (generation)",energy_water,ons_open_data,daily,2020-06-19,8644.2142,mwmed
thermal_dispatch_mwh,"Thermal dispatch (generation)",energy_water,ons_open_data,daily,2020-06-20,8086.0517,mwmed
thermal_dispatch_mwh,"Thermal dispatch (generation)",energy_water,ons_open_data,daily,2020-06-21,7643.1165,mwmed
thermal_dispatch_mwh,"Thermal dispatch (generation)",energy_water,ons_open_data,daily,2020-06-22,7767.6409,mwmed
thermal_dispatch_mwh,"Thermal dispatch (generation)",energy_water,ons_open_data,daily,2020-06-23,8102.1509,mwmed
thermal_dispatch_mwh,"Thermal dispatch (generation)",energy_water,ons_open_data,daily,2020-06-24,8164.2494,mwmed
thermal_dispatch_mwh,"Thermal dispatch (generation)",energy_water,ons_open_data,daily,2020-06-25,8168.4309,mwmed
thermal_dispatch_mwh,"Thermal dispatch (generation)",energy_water,ons_open_data,daily,2020-06-26,7963.3403,mwmed
thermal_dispatch_mwh,"Thermal dispatch (generation)",energy_water,ons_open_data,daily,2020-06-27,6826.4622,mwmed
thermal_dispatch_mwh,"Thermal dispatch (generation)",energy_water,ons_open_data,daily,2020-06-28,6376.7350,mwmed
thermal_dispatch_mwh,"Thermal dispatch (generation)",energy_water,ons_open_data,daily,2020-06-29,6606.2363,mwmed
thermal_dispatch_mwh,"Thermal dispatch (generation)",energy_water,ons_open_data,daily,2020-06-30,6930.8182,mwmed
thermal_dispatch_mwh,"Thermal dispatch (generation)",energy_water,ons_open_data,daily,2020-07-01,6981.9091,mwmed
thermal_dispatch_mwh,"Thermal dispatch (generation)",energy_water,ons_open_data,daily,2020-07-02,6823.3735,mwmed
thermal_dispatch_mwh,"Thermal dispatch (generation)",energy_water,ons_open_data,daily,2020-07-03,6954.3486,mwmed
thermal_dispatch_mwh,"Thermal dispatch (generation)",energy_water,ons_open_data,daily,2020-07-04,7207.0048,mwmed
thermal_dispatch_mwh,"Thermal dispatch (generation)",energy_water,ons_open_data,daily,2020-07-05,7162.1118,mwmed
thermal_dispatch_mwh,"Thermal dispatch (generation)",energy_water,ons_open_data,daily,2020-07-06,7137.3797,mwmed
thermal_dispatch_mwh,"Thermal dispatch (generation)",energy_water,ons_open_data,daily,2020-07-07,7186.6245,mwmed
thermal_dispatch_mwh,"Thermal dispatch (generation)",energy_water,ons_open_data,daily,2020-07-08,6872.0003,mwmed
thermal_dispatch_mwh,"Thermal dispatch (generation)",energy_water,ons_open_data,daily,2020-07-09,6683.5081,mwmed
thermal_dispatch_mwh,"Thermal dispatch (generation)",energy_water,ons_open_data,daily,2020-07-10,6445.5661,mwmed
thermal_dispatch_mwh,"Thermal dispatch (generation)",energy_water,ons_open_data,daily,2020-07-11,6479.2762,mwmed
thermal_dispatch_mwh,"Thermal dispatch (generation)",energy_water,ons_open_data,daily,2020-07-12,6949.2391,mwmed
thermal_dispatch_mwh,"Thermal dispatch (generation)",energy_water,ons_open_data,daily,2020-07-13,6823.0695,mwmed
thermal_dispatch_mwh,"Thermal dispatch (generation)",energy_water,ons_open_data,daily,2020-07-14,6666.6668,mwmed
thermal_dispatch_mwh,"Thermal dispatch (generation)",energy_water,ons_open_data,daily,2020-07-15,6581.4789,mwmed
thermal_dispatch_mwh,"Thermal dispatch (generation)",energy_water,ons_open_data,daily,2020-07-16,6589.5576,mwmed
thermal_dispatch_mwh,"Thermal dispatch (generation)",energy_water,ons_open_data,daily,2020-07-17,6957.5843,mwmed
thermal_dispatch_mwh,"Thermal dispatch (generation)",energy_water,ons_open_data,daily,2020-07-18,6891.3935,mwmed
thermal_dispatch_mwh,"Thermal dispatch (generation)",energy_water,ons_open_data,daily,2020-07-19,6664.2247,mwmed
thermal_dispatch_mwh,"Thermal dispatch (generation)",energy_water,ons_open_data,daily,2020-07-20,6863.2389,mwmed
thermal_dispatch_mwh,"Thermal dispatch (generation)",energy_water,ons_open_data,daily,2020-07-21,6718.3370,mwmed
thermal_dispatch_mwh,"Thermal dispatch (generation)",energy_water,ons_open_data,daily,2020-07-22,6803.8750,mwmed
thermal_dispatch_mwh,"Thermal dispatch (generation)",energy_water,ons_open_data,daily,2020-07-23,6782.2265,mwmed
thermal_dispatch_mwh,"Thermal dispatch (generation)",energy_water,ons_open_data,daily,2020-07-24,7026.4497,mwmed
thermal_dispatch_mwh,"Thermal dispatch (generation)",energy_water,ons_open_data,daily,2020-07-25,7286.6152,mwmed
thermal_dispatch_mwh,"Thermal dispatch (generation)",energy_water,ons_open_data,daily,2020-07-26,7343.2477,mwmed
thermal_dispatch_mwh,"Thermal dispatch (generation)",energy_water,ons_open_data,daily,2020-07-27,7540.5797,mwmed
thermal_dispatch_mwh,"Thermal dispatch (generation)",energy_water,ons_open_data,daily,2020-07-28,8040.1873,mwmed
thermal_dispatch_mwh,"Thermal dispatch (generation)",energy_water,ons_open_data,daily,2020-07-29,8575.6164,mwmed
thermal_dispatch_mwh,"Thermal dispatch (generation)",energy_water,ons_open_data,daily,2020-07-30,8902.8854,mwmed
thermal_dispatch_mwh,"Thermal dispatch (generation)",energy_water,ons_open_data,daily,2020-07-31,9049.1106,mwmed
thermal_dispatch_mwh,"Thermal dispatch (generation)",energy_water,ons_open_data,daily,2020-08-01,7969.4744,mwmed
thermal_dispatch_mwh,"Thermal dispatch (generation)",energy_water,ons_open_data,daily,2020-08-02,7965.5555,mwmed
thermal_dispatch_mwh,"Thermal dispatch (generation)",energy_water,ons_open_data,daily,2020-08-03,7761.7392,mwmed
thermal_dispatch_mwh,"Thermal dispatch (generation)",energy_water,ons_open_data,daily,2020-08-04,7448.1807,mwmed
thermal_dispatch_mwh,"Thermal dispatch (generation)",energy_water,ons_open_data,daily,2020-08-05,7732.5189,mwmed
thermal_dispatch_mwh,"Thermal dispatch (generation)",energy_water,ons_open_data,daily,2020-08-06,7999.8508,mwmed
thermal_dispatch_mwh,"Thermal dispatch (generation)",energy_water,ons_open_data,daily,2020-08-07,8172.6143,mwmed
thermal_dispatch_mwh,"Thermal dispatch (generation)",energy_water,ons_open_data,daily,2020-08-08,8086.5563,mwmed
thermal_dispatch_mwh,"Thermal dispatch (generation)",energy_water,ons_open_data,daily,2020-08-09,7946.7371,mwmed
thermal_dispatch_mwh,"Thermal dispatch (generation)",energy_water,ons_open_data,daily,2020-08-10,7913.2657,mwmed
thermal_dispatch_mwh,"Thermal dispatch (generation)",energy_water,ons_open_data,daily,2020-08-11,7993.1307,mwmed
thermal_dispatch_mwh,"Thermal dispatch (generation)",energy_water,ons_open_data,daily,2020-08-12,8020.6014,mwmed
thermal_dispatch_mwh,"Thermal dispatch (generation)",energy_water,ons_open_data,daily,2020-08-13,7830.9093,mwmed
thermal_dispatch_mwh,"Thermal dispatch (generation)",energy_water,ons_open_data,daily,2020-08-14,7720.8307,mwmed
thermal_dispatch_mwh,"Thermal dispatch (generation)",energy_water,ons_open_data,daily,2020-08-15,7301.9429,mwmed
thermal_dispatch_mwh,"Thermal dispatch (generation)",energy_water,ons_open_data,daily,2020-08-16,7056.3392,mwmed
thermal_dispatch_mwh,"Thermal dispatch (generation)",energy_water,ons_open_data,daily,2020-08-17,7532.2250,mwmed
thermal_dispatch_mwh,"Thermal dispatch (generation)",energy_water,ons_open_data,daily,2020-08-18,8665.2644,mwmed
thermal_dispatch_mwh,"Thermal dispatch (generation)",energy_water,ons_open_data,daily,2020-08-19,8688.3182,mwmed
thermal_dispatch_mwh,"Thermal dispatch (generation)",energy_water,ons_open_data,daily,2020-08-20,8974.3684,mwmed
thermal_dispatch_mwh,"Thermal dispatch (generation)",energy_water,ons_open_data,daily,2020-08-21,8799.9848,mwmed
thermal_dispatch_mwh,"Thermal dispatch (generation)",energy_water,ons_open_data,daily,2020-08-22,8117.5119,mwmed
thermal_dispatch_mwh,"Thermal dispatch (generation)",energy_water,ons_open_data,daily,2020-08-23,7776.0827,mwmed
thermal_dispatch_mwh,"Thermal dispatch (generation)",energy_water,ons_open_data,daily,2020-08-24,7700.3802,mwmed
thermal_dispatch_mwh,"Thermal dispatch (generation)",energy_water,ons_open_data,daily,2020-08-25,7594.7514,mwmed
thermal_dispatch_mwh,"Thermal dispatch (generation)",energy_water,ons_open_data,daily,2020-08-26,7420.4220,mwmed
thermal_dispatch_mwh,"Thermal dispatch (generation)",energy_water,ons_open_data,daily,2020-08-27,7125.3296,mwmed
thermal_dispatch_mwh,"Thermal dispatch (generation)",energy_water,ons_open_data,daily,2020-08-28,7046.3080,mwmed
thermal_dispatch_mwh,"Thermal dispatch (generation)",energy_water,ons_open_data,daily,2020-08-29,7255.9662,mwmed
thermal_dispatch_mwh,"Thermal dispatch (generation)",energy_water,ons_open_data,daily,2020-08-30,7297.4164,mwmed
thermal_dispatch_mwh,"Thermal dispatch (generation)",energy_water,ons_open_data,daily,2020-08-31,7310.3761,mwmed
thermal_dispatch_mwh,"Thermal dispatch (generation)",energy_water,ons_open_data,daily,2020-09-01,7575.7592,mwmed
thermal_dispatch_mwh,"Thermal dispatch (generation)",energy_water,ons_open_data,daily,2020-09-02,8087.8961,mwmed
thermal_dispatch_mwh,"Thermal dispatch (generation)",energy_water,ons_open_data,daily,2020-09-03,8576.0105,mwmed
thermal_dispatch_mwh,"Thermal dispatch (generation)",energy_water,ons_open_data,daily,2020-09-04,9163.3573,mwmed
thermal_dispatch_mwh,"Thermal dispatch (generation)",energy_water,ons_open_data,daily,2020-09-05,7552.4858,mwmed
thermal_dispatch_mwh,"Thermal dispatch (generation)",energy_water,ons_open_data,daily,2020-09-06,7319.3775,mwmed
thermal_dispatch_mwh,"Thermal dispatch (generation)",energy_water,ons_open_data,daily,2020-09-07,7926.5133,mwmed
thermal_dispatch_mwh,"Thermal dispatch (generation)",energy_water,ons_open_data,daily,2020-09-08,7849.5093,mwmed
thermal_dispatch_mwh,"Thermal dispatch (generation)",energy_water,ons_open_data,daily,2020-09-09,7615.0285,mwmed
thermal_dispatch_mwh,"Thermal dispatch (generation)",energy_water,ons_open_data,daily,2020-09-10,7824.0731,mwmed
thermal_dispatch_mwh,"Thermal dispatch (generation)",energy_water,ons_open_data,daily,2020-09-11,7455.2148,mwmed
thermal_dispatch_mwh,"Thermal dispatch (generation)",energy_water,ons_open_data,daily,2020-09-12,7774.9327,mwmed
thermal_dispatch_mwh,"Thermal dispatch (generation)",energy_water,ons_open_data,daily,2020-09-13,8084.4509,mwmed
thermal_dispatch_mwh,"Thermal dispatch (generation)",energy_water,ons_open_data,daily,2020-09-14,8638.6363,mwmed
thermal_dispatch_mwh,"Thermal dispatch (generation)",energy_water,ons_open_data,daily,2020-09-15,9436.0965,mwmed
thermal_dispatch_mwh,"Thermal dispatch (generation)",energy_water,ons_open_data,daily,2020-09-16,8503.4712,mwmed
thermal_dispatch_mwh,"Thermal dispatch (generation)",energy_water,ons_open_data,daily,2020-09-17,7767.4385,mwmed
thermal_dispatch_mwh,"Thermal dispatch (generation)",energy_water,ons_open_data,daily,2020-09-18,8426.2394,mwmed
thermal_dispatch_mwh,"Thermal dispatch (generation)",energy_water,ons_open_data,daily,2020-09-19,8340.9695,mwmed
thermal_dispatch_mwh,"Thermal dispatch (generation)",energy_water,ons_open_data,daily,2020-09-20,8127.7597,mwmed
thermal_dispatch_mwh,"Thermal dispatch (generation)",energy_water,ons_open_data,daily,2020-09-21,8422.7052,mwmed
thermal_dispatch_mwh,"Thermal dispatch (generation)",energy_water,ons_open_data,daily,2020-09-22,8299.7191,mwmed
thermal_dispatch_mwh,"Thermal dispatch (generation)",energy_water,ons_open_data,daily,2020-09-23,8336.8280,mwmed
thermal_dispatch_mwh,"Thermal dispatch (generation)",energy_water,ons_open_data,daily,2020-09-24,8565.8613,mwmed
thermal_dispatch_mwh,"Thermal dispatch (generation)",energy_water,ons_open_data,daily,2020-09-25,8427.8836,mwmed
thermal_dispatch_mwh,"Thermal dispatch (generation)",energy_water,ons_open_data,daily,2020-09-26,8415.9127,mwmed
thermal_dispatch_mwh,"Thermal dispatch (generation)",energy_water,ons_open_data,daily,2020-09-27,8759.4721,mwmed
thermal_dispatch_mwh,"Thermal dispatch (generation)",energy_water,ons_open_data,daily,2020-09-28,9092.5225,mwmed
thermal_dispatch_mwh,"Thermal dispatch (generation)",energy_water,ons_open_data,daily,2020-09-29,9186.2581,mwmed
thermal_dispatch_mwh,"Thermal dispatch (generation)",energy_water,ons_open_data,daily,2020-09-30,9297.5834,mwmed
thermal_dispatch_mwh,"Thermal dispatch (generation)",energy_water,ons_open_data,daily,2020-10-01,10642.1053,mwmed
thermal_dispatch_mwh,"Thermal dispatch (generation)",energy_water,ons_open_data,daily,2020-10-02,12010.1470,mwmed
thermal_dispatch_mwh,"Thermal dispatch (generation)",energy_water,ons_open_data,daily,2020-10-03,11676.5373,mwmed
thermal_dispatch_mwh,"Thermal dispatch (generation)",energy_water,ons_open_data,daily,2020-10-04,10508.7754,mwmed
thermal_dispatch_mwh,"Thermal dispatch (generation)",energy_water,ons_open_data,daily,2020-10-05,10286.7848,mwmed
thermal_dispatch_mwh,"Thermal dispatch (generation)",energy_water,ons_open_data,daily,2020-10-06,12543.5572,mwmed
thermal_dispatch_mwh,"Thermal dispatch (generation)",energy_water,ons_open_data,daily,2020-10-07,14546.6506,mwmed
thermal_dispatch_mwh,"Thermal dispatch (generation)",energy_water,ons_open_data,daily,2020-10-08,14354.6977,mwmed
thermal_dispatch_mwh,"Thermal dispatch (generation)",energy_water,ons_open_data,daily,2020-10-09,14141.7709,mwmed
thermal_dispatch_mwh,"Thermal dispatch (generation)",energy_water,ons_open_data,daily,2020-10-10,12407.0269,mwmed
thermal_dispatch_mwh,"Thermal dispatch (generation)",energy_water,ons_open_data,daily,2020-10-11,11899.4266,mwmed
thermal_dispatch_mwh,"Thermal dispatch (generation)",energy_water,ons_open_data,daily,2020-10-12,11988.6455,mwmed
thermal_dispatch_mwh,"Thermal dispatch (generation)",energy_water,ons_open_data,daily,2020-10-13,11892.4498,mwmed
thermal_dispatch_mwh,"Thermal dispatch (generation)",energy_water,ons_open_data,daily,2020-10-14,13996.5613,mwmed
thermal_dispatch_mwh,"Thermal dispatch (generation)",energy_water,ons_open_data,daily,2020-10-15,14273.4785,mwmed
thermal_dispatch_mwh,"Thermal dispatch (generation)",energy_water,ons_open_data,daily,2020-10-16,13529.2541,mwmed
thermal_dispatch_mwh,"Thermal dispatch (generation)",energy_water,ons_open_data,daily,2020-10-17,13079.0920,mwmed
thermal_dispatch_mwh,"Thermal dispatch (generation)",energy_water,ons_open_data,daily,2020-10-18,13049.6399,mwmed
thermal_dispatch_mwh,"Thermal dispatch (generation)",energy_water,ons_open_data,daily,2020-10-19,14457.6938,mwmed
thermal_dispatch_mwh,"Thermal dispatch (generation)",energy_water,ons_open_data,daily,2020-10-20,14995.9213,mwmed
thermal_dispatch_mwh,"Thermal dispatch (generation)",energy_water,ons_open_data,daily,2020-10-21,14933.7154,mwmed
thermal_dispatch_mwh,"Thermal dispatch (generation)",energy_water,ons_open_data,daily,2020-10-22,15559.4105,mwmed
thermal_dispatch_mwh,"Thermal dispatch (generation)",energy_water,ons_open_data,daily,2020-10-23,16817.3320,mwmed
thermal_dispatch_mwh,"Thermal dispatch (generation)",energy_water,ons_open_data,daily,2020-10-24,17184.0567,mwmed
thermal_dispatch_mwh,"Thermal dispatch (generation)",energy_water,ons_open_data,daily,2020-10-25,16132.9209,mwmed
thermal_dispatch_mwh,"Thermal dispatch (generation)",energy_water,ons_open_data,daily,2020-10-26,17080.3318,mwmed
thermal_dispatch_mwh,"Thermal dispatch (generation)",energy_water,ons_open_data,daily,2020-10-27,17381.6454,mwmed
thermal_dispatch_mwh,"Thermal dispatch (generation)",energy_water,ons_open_data,daily,2020-10-28,17523.3957,mwmed
thermal_dispatch_mwh,"Thermal dispatch (generation)",energy_water,ons_open_data,daily,2020-10-29,17007.2150,mwmed
thermal_dispatch_mwh,"Thermal dispatch (generation)",energy_water,ons_open_data,daily,2020-10-30,16388.4180,mwmed
thermal_dispatch_mwh,"Thermal dispatch (generation)",energy_water,ons_open_data,daily,2020-10-31,16106.3775,mwmed
thermal_dispatch_mwh,"Thermal dispatch (generation)",energy_water,ons_open_data,daily,2020-11-01,14575.4216,mwmed
thermal_dispatch_mwh,"Thermal dispatch (generation)",energy_water,ons_open_data,daily,2020-11-02,15114.5043,mwmed
thermal_dispatch_mwh,"Thermal dispatch (generation)",energy_water,ons_open_data,daily,2020-11-03,17309.1198,mwmed
thermal_dispatch_mwh,"Thermal dispatch (generation)",energy_water,ons_open_data,daily,2020-11-04,17269.8910,mwmed
thermal_dispatch_mwh,"Thermal dispatch (generation)",energy_water,ons_open_data,daily,2020-11-05,17423.6255,mwmed
thermal_dispatch_mwh,"Thermal dispatch (generation)",energy_water,ons_open_data,daily,2020-11-06,16306.2111,mwmed
thermal_dispatch_mwh,"Thermal dispatch (generation)",energy_water,ons_open_data,daily,2020-11-07,15009.4026,mwmed
thermal_dispatch_mwh,"Thermal dispatch (generation)",energy_water,ons_open_data,daily,2020-11-08,14019.4787,mwmed
thermal_dispatch_mwh,"Thermal dispatch (generation)",energy_water,ons_open_data,daily,2020-11-09,15144.3938,mwmed
thermal_dispatch_mwh,"Thermal dispatch (generation)",energy_water,ons_open_data,daily,2020-11-10,15431.8621,mwmed
thermal_dispatch_mwh,"Thermal dispatch (generation)",energy_water,ons_open_data,daily,2020-11-11,15593.1460,mwmed
thermal_dispatch_mwh,"Thermal dispatch (generation)",energy_water,ons_open_data,daily,2020-11-12,16264.5282,mwmed
thermal_dispatch_mwh,"Thermal dispatch (generation)",energy_water,ons_open_data,daily,2020-11-13,16202.7355,mwmed
thermal_dispatch_mwh,"Thermal dispatch (generation)",energy_water,ons_open_data,daily,2020-11-14,15299.6519,mwmed
thermal_dispatch_mwh,"Thermal dispatch (generation)",energy_water,ons_open_data,daily,2020-11-15,14995.3969,mwmed
thermal_dispatch_mwh,"Thermal dispatch (generation)",energy_water,ons_open_data,daily,2020-11-16,17437.2706,mwmed
thermal_dispatch_mwh,"Thermal dispatch (generation)",energy_water,ons_open_data,daily,2020-11-17,17733.2441,mwmed
thermal_dispatch_mwh,"Thermal dispatch (generation)",energy_water,ons_open_data,daily,2020-11-18,17914.3060,mwmed
thermal_dispatch_mwh,"Thermal dispatch (generation)",energy_water,ons_open_data,daily,2020-11-19,17525.0188,mwmed
thermal_dispatch_mwh,"Thermal dispatch (generation)",energy_water,ons_open_data,daily,2020-11-20,18278.4423,mwmed
thermal_dispatch_mwh,"Thermal dispatch (generation)",energy_water,ons_open_data,daily,2020-11-21,17206.9140,mwmed
thermal_dispatch_mwh,"Thermal dispatch (generation)",energy_water,ons_open_data,daily,2020-11-22,14849.6652,mwmed
thermal_dispatch_mwh,"Thermal dispatch (generation)",energy_water,ons_open_data,daily,2020-11-23,15792.7211,mwmed
thermal_dispatch_mwh,"Thermal dispatch (generation)",energy_water,ons_open_data,daily,2020-11-24,16176.3017,mwmed
thermal_dispatch_mwh,"Thermal dispatch (generation)",energy_water,ons_open_data,daily,2020-11-25,14786.4793,mwmed
thermal_dispatch_mwh,"Thermal dispatch (generation)",energy_water,ons_open_data,daily,2020-11-26,14263.9123,mwmed
thermal_dispatch_mwh,"Thermal dispatch (generation)",energy_water,ons_open_data,daily,2020-11-27,15017.5038,mwmed
thermal_dispatch_mwh,"Thermal dispatch (generation)",energy_water,ons_open_data,daily,2020-11-28,15177.8362,mwmed
thermal_dispatch_mwh,"Thermal dispatch (generation)",energy_water,ons_open_data,daily,2020-11-29,14928.9178,mwmed
thermal_dispatch_mwh,"Thermal dispatch (generation)",energy_water,ons_open_data,daily,2020-11-30,16425.8984,mwmed
thermal_dispatch_mwh,"Thermal dispatch (generation)",energy_water,ons_open_data,daily,2020-12-01,16921.3081,mwmed
thermal_dispatch_mwh,"Thermal dispatch (generation)",energy_water,ons_open_data,daily,2020-12-02,17103.6036,mwmed
thermal_dispatch_mwh,"Thermal dispatch (generation)",energy_water,ons_open_data,daily,2020-12-03,16644.8365,mwmed
thermal_dispatch_mwh,"Thermal dispatch (generation)",energy_water,ons_open_data,daily,2020-12-04,17112.8740,mwmed
thermal_dispatch_mwh,"Thermal dispatch (generation)",energy_water,ons_open_data,daily,2020-12-05,15369.7767,mwmed
thermal_dispatch_mwh,"Thermal dispatch (generation)",energy_water,ons_open_data,daily,2020-12-06,14944.3930,mwmed
thermal_dispatch_mwh,"Thermal dispatch (generation)",energy_water,ons_open_data,daily,2020-12-07,15329.1363,mwmed
thermal_dispatch_mwh,"Thermal dispatch (generation)",energy_water,ons_open_data,daily,2020-12-08,15609.1514,mwmed
thermal_dispatch_mwh,"Thermal dispatch (generation)",energy_water,ons_open_data,daily,2020-12-09,17108.3144,mwmed
thermal_dispatch_mwh,"Thermal dispatch (generation)",energy_water,ons_open_data,daily,2020-12-10,16981.3054,mwmed
thermal_dispatch_mwh,"Thermal dispatch (generation)",energy_water,ons_open_data,daily,2020-12-11,15226.0765,mwmed
thermal_dispatch_mwh,"Thermal dispatch (generation)",energy_water,ons_open_data,daily,2020-12-12,14760.8071,mwmed
thermal_dispatch_mwh,"Thermal dispatch (generation)",energy_water,ons_open_data,daily,2020-12-13,14151.0299,mwmed
thermal_dispatch_mwh,"Thermal dispatch (generation)",energy_water,ons_open_data,daily,2020-12-14,15065.9745,mwmed
thermal_dispatch_mwh,"Thermal dispatch (generation)",energy_water,ons_open_data,daily,2020-12-15,14906.2032,mwmed
thermal_dispatch_mwh,"Thermal dispatch (generation)",energy_water,ons_open_data,daily,2020-12-16,15045.3304,mwmed
thermal_dispatch_mwh,"Thermal dispatch (generation)",energy_water,ons_open_data,daily,2020-12-17,14991.4016,mwmed
thermal_dispatch_mwh,"Thermal dispatch (generation)",energy_water,ons_open_data,daily,2020-12-18,15633.3727,mwmed
thermal_dispatch_mwh,"Thermal dispatch (generation)",energy_water,ons_open_data,daily,2020-12-19,15222.3883,mwmed
thermal_dispatch_mwh,"Thermal dispatch (generation)",energy_water,ons_open_data,daily,2020-12-20,14253.6485,mwmed
thermal_dispatch_mwh,"Thermal dispatch (generation)",energy_water,ons_open_data,daily,2020-12-21,15313.7261,mwmed
thermal_dispatch_mwh,"Thermal dispatch (generation)",energy_water,ons_open_data,daily,2020-12-22,15996.8353,mwmed
thermal_dispatch_mwh,"Thermal dispatch (generation)",energy_water,ons_open_data,daily,2020-12-23,15517.1280,mwmed
thermal_dispatch_mwh,"Thermal dispatch (generation)",energy_water,ons_open_data,daily,2020-12-24,14260.1872,mwmed
thermal_dispatch_mwh,"Thermal dispatch (generation)",energy_water,ons_open_data,daily,2020-12-25,11348.6428,mwmed
thermal_dispatch_mwh,"Thermal dispatch (generation)",energy_water,ons_open_data,daily,2020-12-26,11282.2885,mwmed
thermal_dispatch_mwh,"Thermal dispatch (generation)",energy_water,ons_open_data,daily,2020-12-27,11056.8086,mwmed
thermal_dispatch_mwh,"Thermal dispatch (generation)",energy_water,ons_open_data,daily,2020-12-28,13364.3814,mwmed
thermal_dispatch_mwh,"Thermal dispatch (generation)",energy_water,ons_open_data,daily,2020-12-29,14733.5966,mwmed
thermal_dispatch_mwh,"Thermal dispatch (generation)",energy_water,ons_open_data,daily,2020-12-30,15022.1396,mwmed
thermal_dispatch_mwh,"Thermal dispatch (generation)",energy_water,ons_open_data,daily,2020-12-31,14859.8475,mwmed
thermal_dispatch_mwh,"Thermal dispatch (generation)",energy_water,ons_open_data,daily,2021-01-01,13276.1215,mwmed
thermal_dispatch_mwh,"Thermal dispatch (generation)",energy_water,ons_open_data,daily,2021-01-02,13499.6904,mwmed
thermal_dispatch_mwh,"Thermal dispatch (generation)",energy_water,ons_open_data,daily,2021-01-03,12682.8533,mwmed
thermal_dispatch_mwh,"Thermal dispatch (generation)",energy_water,ons_open_data,daily,2021-01-04,15868.4148,mwmed
thermal_dispatch_mwh,"Thermal dispatch (generation)",energy_water,ons_open_data,daily,2021-01-05,17111.3646,mwmed
thermal_dispatch_mwh,"Thermal dispatch (generation)",energy_water,ons_open_data,daily,2021-01-06,17254.5845,mwmed
thermal_dispatch_mwh,"Thermal dispatch (generation)",energy_water,ons_open_data,daily,2021-01-07,17162.1674,mwmed
thermal_dispatch_mwh,"Thermal dispatch (generation)",energy_water,ons_open_data,daily,2021-01-08,17193.2212,mwmed
thermal_dispatch_mwh,"Thermal dispatch (generation)",energy_water,ons_open_data,daily,2021-01-09,15120.4917,mwmed
thermal_dispatch_mwh,"Thermal dispatch (generation)",energy_water,ons_open_data,daily,2021-01-10,14429.9869,mwmed
thermal_dispatch_mwh,"Thermal dispatch (generation)",energy_water,ons_open_data,daily,2021-01-11,16554.2501,mwmed
thermal_dispatch_mwh,"Thermal dispatch (generation)",energy_water,ons_open_data,daily,2021-01-12,17112.5358,mwmed
thermal_dispatch_mwh,"Thermal dispatch (generation)",energy_water,ons_open_data,daily,2021-01-13,17002.0950,mwmed
thermal_dispatch_mwh,"Thermal dispatch (generation)",energy_water,ons_open_data,daily,2021-01-14,16750.9068,mwmed
thermal_dispatch_mwh,"Thermal dispatch (generation)",energy_water,ons_open_data,daily,2021-01-15,16854.1531,mwmed
thermal_dispatch_mwh,"Thermal dispatch (generation)",energy_water,ons_open_data,daily,2021-01-16,15556.4225,mwmed
thermal_dispatch_mwh,"Thermal dispatch (generation)",energy_water,ons_open_data,daily,2021-01-17,13997.1011,mwmed
thermal_dispatch_mwh,"Thermal dispatch (generation)",energy_water,ons_open_data,daily,2021-01-18,16638.2703,mwmed
thermal_dispatch_mwh,"Thermal dispatch (generation)",energy_water,ons_open_data,daily,2021-01-19,17047.0483,mwmed
thermal_dispatch_mwh,"Thermal dispatch (generation)",energy_water,ons_open_data,daily,2021-01-20,16359.4427,mwmed
thermal_dispatch_mwh,"Thermal dispatch (generation)",energy_water,ons_open_data,daily,2021-01-21,15857.9655,mwmed
thermal_dispatch_mwh,"Thermal dispatch (generation)",energy_water,ons_open_data,daily,2021-01-22,15782.9343,mwmed
thermal_dispatch_mwh,"Thermal dispatch (generation)",energy_water,ons_open_data,daily,2021-01-23,13303.2259,mwmed
thermal_dispatch_mwh,"Thermal dispatch (generation)",energy_water,ons_open_data,daily,2021-01-24,11172.9784,mwmed
thermal_dispatch_mwh,"Thermal dispatch (generation)",energy_water,ons_open_data,daily,2021-01-25,14029.6597,mwmed
thermal_dispatch_mwh,"Thermal dispatch (generation)",energy_water,ons_open_data,daily,2021-01-26,13697.7878,mwmed
thermal_dispatch_mwh,"Thermal dispatch (generation)",energy_water,ons_open_data,daily,2021-01-27,13432.5997,mwmed
thermal_dispatch_mwh,"Thermal dispatch (generation)",energy_water,ons_open_data,daily,2021-01-28,12560.6032,mwmed
thermal_dispatch_mwh,"Thermal dispatch (generation)",energy_water,ons_open_data,daily,2021-01-29,12831.5042,mwmed
thermal_dispatch_mwh,"Thermal dispatch (generation)",energy_water,ons_open_data,daily,2021-01-30,11730.0580,mwmed
thermal_dispatch_mwh,"Thermal dispatch (generation)",energy_water,ons_open_data,daily,2021-01-31,10796.6798,mwmed
thermal_dispatch_mwh,"Thermal dispatch (generation)",energy_water,ons_open_data,daily,2021-02-01,11883.9200,mwmed
thermal_dispatch_mwh,"Thermal dispatch (generation)",energy_water,ons_open_data,daily,2021-02-02,12375.2729,mwmed
thermal_dispatch_mwh,"Thermal dispatch (generation)",energy_water,ons_open_data,daily,2021-02-03,12774.9167,mwmed
thermal_dispatch_mwh,"Thermal dispatch (generation)",energy_water,ons_open_data,daily,2021-02-04,13479.9386,mwmed
thermal_dispatch_mwh,"Thermal dispatch (generation)",energy_water,ons_open_data,daily,2021-02-05,13388.6220,mwmed
thermal_dispatch_mwh,"Thermal dispatch (generation)",energy_water,ons_open_data,daily,2021-02-06,11580.1519,mwmed
thermal_dispatch_mwh,"Thermal dispatch (generation)",energy_water,ons_open_data,daily,2021-02-07,11384.6716,mwmed
thermal_dispatch_mwh,"Thermal dispatch (generation)",energy_water,ons_open_data,daily,2021-02-08,12922.1503,mwmed
thermal_dispatch_mwh,"Thermal dispatch (generation)",energy_water,ons_open_data,daily,2021-02-09,13404.1218,mwmed
thermal_dispatch_mwh,"Thermal dispatch (generation)",energy_water,ons_open_data,daily,2021-02-10,13501.6158,mwmed
thermal_dispatch_mwh,"Thermal dispatch (generation)",energy_water,ons_open_data,daily,2021-02-11,12674.5601,mwmed
thermal_dispatch_mwh,"Thermal dispatch (generation)",energy_water,ons_open_data,daily,2021-02-12,12421.2884,mwmed
thermal_dispatch_mwh,"Thermal dispatch (generation)",energy_water,ons_open_data,daily,2021-02-13,10478.9361,mwmed
thermal_dispatch_mwh,"Thermal dispatch (generation)",energy_water,ons_open_data,daily,2021-02-14,8376.0218,mwmed
thermal_dispatch_mwh,"Thermal dispatch (generation)",energy_water,ons_open_data,daily,2021-02-15,10133.4218,mwmed
thermal_dispatch_mwh,"Thermal dispatch (generation)",energy_water,ons_open_data,daily,2021-02-16,11973.1834,mwmed
thermal_dispatch_mwh,"Thermal dispatch (generation)",energy_water,ons_open_data,daily,2021-02-17,13214.3493,mwmed
thermal_dispatch_mwh,"Thermal dispatch (generation)",energy_water,ons_open_data,daily,2021-02-18,13981.0365,mwmed
thermal_dispatch_mwh,"Thermal dispatch (generation)",energy_water,ons_open_data,daily,2021-02-19,13693.9757,mwmed
thermal_dispatch_mwh,"Thermal dispatch (generation)",energy_water,ons_open_data,daily,2021-02-20,9544.9954,mwmed
thermal_dispatch_mwh,"Thermal dispatch (generation)",energy_water,ons_open_data,daily,2021-02-21,8761.3225,mwmed
thermal_dispatch_mwh,"Thermal dispatch (generation)",energy_water,ons_open_data,daily,2021-02-22,11666.9275,mwmed
thermal_dispatch_mwh,"Thermal dispatch (generation)",energy_water,ons_open_data,daily,2021-02-23,12218.9469,mwmed
thermal_dispatch_mwh,"Thermal dispatch (generation)",energy_water,ons_open_data,daily,2021-02-24,12029.0290,mwmed
thermal_dispatch_mwh,"Thermal dispatch (generation)",energy_water,ons_open_data,daily,2021-02-25,11478.5401,mwmed
thermal_dispatch_mwh,"Thermal dispatch (generation)",energy_water,ons_open_data,daily,2021-02-26,11367.3338,mwmed
thermal_dispatch_mwh,"Thermal dispatch (generation)",energy_water,ons_open_data,daily,2021-02-27,7858.5134,mwmed
thermal_dispatch_mwh,"Thermal dispatch (generation)",energy_water,ons_open_data,daily,2021-02-28,7275.8028,mwmed
thermal_dispatch_mwh,"Thermal dispatch (generation)",energy_water,ons_open_data,daily,2021-03-01,9090.2782,mwmed
thermal_dispatch_mwh,"Thermal dispatch (generation)",energy_water,ons_open_data,daily,2021-03-02,10331.8170,mwmed
thermal_dispatch_mwh,"Thermal dispatch (generation)",energy_water,ons_open_data,daily,2021-03-03,10903.2007,mwmed
thermal_dispatch_mwh,"Thermal dispatch (generation)",energy_water,ons_open_data,daily,2021-03-04,10977.5705,mwmed
thermal_dispatch_mwh,"Thermal dispatch (generation)",energy_water,ons_open_data,daily,2021-03-05,11101.5292,mwmed
thermal_dispatch_mwh,"Thermal dispatch (generation)",energy_water,ons_open_data,daily,2021-03-06,9319.5724,mwmed
thermal_dispatch_mwh,"Thermal dispatch (generation)",energy_water,ons_open_data,daily,2021-03-07,9115.1680,mwmed
thermal_dispatch_mwh,"Thermal dispatch (generation)",energy_water,ons_open_data,daily,2021-03-08,10818.1907,mwmed
thermal_dispatch_mwh,"Thermal dispatch (generation)",energy_water,ons_open_data,daily,2021-03-09,11103.0986,mwmed
thermal_dispatch_mwh,"Thermal dispatch (generation)",energy_water,ons_open_data,daily,2021-03-10,11140.5856,mwmed
thermal_dispatch_mwh,"Thermal dispatch (generation)",energy_water,ons_open_data,daily,2021-03-11,11019.7026,mwmed
thermal_dispatch_mwh,"Thermal dispatch (generation)",energy_water,ons_open_data,daily,2021-03-12,11307.9359,mwmed
thermal_dispatch_mwh,"Thermal dispatch (generation)",energy_water,ons_open_data,daily,2021-03-13,11425.9921,mwmed
thermal_dispatch_mwh,"Thermal dispatch (generation)",energy_water,ons_open_data,daily,2021-03-14,9829.9507,mwmed
thermal_dispatch_mwh,"Thermal dispatch (generation)",energy_water,ons_open_data,daily,2021-03-15,10519.7798,mwmed
thermal_dispatch_mwh,"Thermal dispatch (generation)",energy_water,ons_open_data,daily,2021-03-16,11389.9415,mwmed
thermal_dispatch_mwh,"Thermal dispatch (generation)",energy_water,ons_open_data,daily,2021-03-17,11242.0457,mwmed
thermal_dispatch_mwh,"Thermal dispatch (generation)",energy_water,ons_open_data,daily,2021-03-18,10969.2992,mwmed
thermal_dispatch_mwh,"Thermal dispatch (generation)",energy_water,ons_open_data,daily,2021-03-19,10761.0579,mwmed
thermal_dispatch_mwh,"Thermal dispatch (generation)",energy_water,ons_open_data,daily,2021-03-20,10585.0597,mwmed
thermal_dispatch_mwh,"Thermal dispatch (generation)",energy_water,ons_open_data,daily,2021-03-21,9634.0418,mwmed
thermal_dispatch_mwh,"Thermal dispatch (generation)",energy_water,ons_open_data,daily,2021-03-22,10730.0723,mwmed
thermal_dispatch_mwh,"Thermal dispatch (generation)",energy_water,ons_open_data,daily,2021-03-23,10955.9378,mwmed
thermal_dispatch_mwh,"Thermal dispatch (generation)",energy_water,ons_open_data,daily,2021-03-24,11308.6810,mwmed
thermal_dispatch_mwh,"Thermal dispatch (generation)",energy_water,ons_open_data,daily,2021-03-25,11323.6231,mwmed
thermal_dispatch_mwh,"Thermal dispatch (generation)",energy_water,ons_open_data,daily,2021-03-26,11336.0199,mwmed
thermal_dispatch_mwh,"Thermal dispatch (generation)",energy_water,ons_open_data,daily,2021-03-27,11835.0934,mwmed
thermal_dispatch_mwh,"Thermal dispatch (generation)",energy_water,ons_open_data,daily,2021-03-28,11732.9294,mwmed
thermal_dispatch_mwh,"Thermal dispatch (generation)",energy_water,ons_open_data,daily,2021-03-29,11823.5110,mwmed
thermal_dispatch_mwh,"Thermal dispatch (generation)",energy_water,ons_open_data,daily,2021-03-30,11836.7865,mwmed
thermal_dispatch_mwh,"Thermal dispatch (generation)",energy_water,ons_open_data,daily,2021-03-31,12078.9292,mwmed
thermal_dispatch_mwh,"Thermal dispatch (generation)",energy_water,ons_open_data,daily,2021-04-01,12166.3380,mwmed
thermal_dispatch_mwh,"Thermal dispatch (generation)",energy_water,ons_open_data,daily,2021-04-02,9369.5380,mwmed
thermal_dispatch_mwh,"Thermal dispatch (generation)",energy_water,ons_open_data,daily,2021-04-03,9362.1287,mwmed
thermal_dispatch_mwh,"Thermal dispatch (generation)",energy_water,ons_open_data,daily,2021-04-04,9180.7981,mwmed
thermal_dispatch_mwh,"Thermal dispatch (generation)",energy_water,ons_open_data,daily,2021-04-05,11216.7147,mwmed
thermal_dispatch_mwh,"Thermal dispatch (generation)",energy_water,ons_open_data,daily,2021-04-06,11769.6155,mwmed
thermal_dispatch_mwh,"Thermal dispatch (generation)",energy_water,ons_open_data,daily,2021-04-07,11820.5808,mwmed
thermal_dispatch_mwh,"Thermal dispatch (generation)",energy_water,ons_open_data,daily,2021-04-08,11980.8480,mwmed
thermal_dispatch_mwh,"Thermal dispatch (generation)",energy_water,ons_open_data,daily,2021-04-09,12136.3364,mwmed
thermal_dispatch_mwh,"Thermal dispatch (generation)",energy_water,ons_open_data,daily,2021-04-10,11960.5119,mwmed
thermal_dispatch_mwh,"Thermal dispatch (generation)",energy_water,ons_open_data,daily,2021-04-11,10858.9570,mwmed
thermal_dispatch_mwh,"Thermal dispatch (generation)",energy_water,ons_open_data,daily,2021-04-12,12115.1200,mwmed
thermal_dispatch_mwh,"Thermal dispatch (generation)",energy_water,ons_open_data,daily,2021-04-13,12527.5786,mwmed
thermal_dispatch_mwh,"Thermal dispatch (generation)",energy_water,ons_open_data,daily,2021-04-14,12419.2639,mwmed
thermal_dispatch_mwh,"Thermal dispatch (generation)",energy_water,ons_open_data,daily,2021-04-15,11915.8861,mwmed
thermal_dispatch_mwh,"Thermal dispatch (generation)",energy_water,ons_open_data,daily,2021-04-16,12003.6582,mwmed
thermal_dispatch_mwh,"Thermal dispatch (generation)",energy_water,ons_open_data,daily,2021-04-17,10197.0493,mwmed
thermal_dispatch_mwh,"Thermal dispatch (generation)",energy_water,ons_open_data,daily,2021-04-18,10111.7240,mwmed
thermal_dispatch_mwh,"Thermal dispatch (generation)",energy_water,ons_open_data,daily,2021-04-19,11964.6783,mwmed
thermal_dispatch_mwh,"Thermal dispatch (generation)",energy_water,ons_open_data,daily,2021-04-20,12903.3239,mwmed
thermal_dispatch_mwh,"Thermal dispatch (generation)",energy_water,ons_open_data,daily,2021-04-21,12835.3638,mwmed
thermal_dispatch_mwh,"Thermal dispatch (generation)",energy_water,ons_open_data,daily,2021-04-22,13001.8106,mwmed
thermal_dispatch_mwh,"Thermal dispatch (generation)",energy_water,ons_open_data,daily,2021-04-23,12830.9813,mwmed
thermal_dispatch_mwh,"Thermal dispatch (generation)",energy_water,ons_open_data,daily,2021-04-24,11201.6825,mwmed
thermal_dispatch_mwh,"Thermal dispatch (generation)",energy_water,ons_open_data,daily,2021-04-25,10815.6354,mwmed
thermal_dispatch_mwh,"Thermal dispatch (generation)",energy_water,ons_open_data,daily,2021-04-26,12227.8809,mwmed
thermal_dispatch_mwh,"Thermal dispatch (generation)",energy_water,ons_open_data,daily,2021-04-27,12286.3515,mwmed
thermal_dispatch_mwh,"Thermal dispatch (generation)",energy_water,ons_open_data,daily,2021-04-28,12671.5945,mwmed
thermal_dispatch_mwh,"Thermal dispatch (generation)",energy_water,ons_open_data,daily,2021-04-29,12210.7418,mwmed
thermal_dispatch_mwh,"Thermal dispatch (generation)",energy_water,ons_open_data,daily,2021-04-30,12025.2832,mwmed
thermal_dispatch_mwh,"Thermal dispatch (generation)",energy_water,ons_open_data,daily,2021-05-01,8820.8972,mwmed
thermal_dispatch_mwh,"Thermal dispatch (generation)",energy_water,ons_open_data,daily,2021-05-02,8757.0504,mwmed
thermal_dispatch_mwh,"Thermal dispatch (generation)",energy_water,ons_open_data,daily,2021-05-03,11371.3909,mwmed
thermal_dispatch_mwh,"Thermal dispatch (generation)",energy_water,ons_open_data,daily,2021-05-04,13084.6550,mwmed
thermal_dispatch_mwh,"Thermal dispatch (generation)",energy_water,ons_open_data,daily,2021-05-05,13817.3597,mwmed
thermal_dispatch_mwh,"Thermal dispatch (generation)",energy_water,ons_open_data,daily,2021-05-06,14116.1656,mwmed
thermal_dispatch_mwh,"Thermal dispatch (generation)",energy_water,ons_open_data,daily,2021-05-07,13060.2898,mwmed
thermal_dispatch_mwh,"Thermal dispatch (generation)",energy_water,ons_open_data,daily,2021-05-08,9882.3379,mwmed
thermal_dispatch_mwh,"Thermal dispatch (generation)",energy_water,ons_open_data,daily,2021-05-09,9574.4936,mwmed
thermal_dispatch_mwh,"Thermal dispatch (generation)",energy_water,ons_open_data,daily,2021-05-10,11191.7045,mwmed
thermal_dispatch_mwh,"Thermal dispatch (generation)",energy_water,ons_open_data,daily,2021-05-11,13418.7038,mwmed
thermal_dispatch_mwh,"Thermal dispatch (generation)",energy_water,ons_open_data,daily,2021-05-12,13833.3572,mwmed
thermal_dispatch_mwh,"Thermal dispatch (generation)",energy_water,ons_open_data,daily,2021-05-13,14036.8973,mwmed
thermal_dispatch_mwh,"Thermal dispatch (generation)",energy_water,ons_open_data,daily,2021-05-14,13775.9298,mwmed
thermal_dispatch_mwh,"Thermal dispatch (generation)",energy_water,ons_open_data,daily,2021-05-15,10755.4273,mwmed
thermal_dispatch_mwh,"Thermal dispatch (generation)",energy_water,ons_open_data,daily,2021-05-16,10210.6399,mwmed
thermal_dispatch_mwh,"Thermal dispatch (generation)",energy_water,ons_open_data,daily,2021-05-17,13487.8024,mwmed
thermal_dispatch_mwh,"Thermal dispatch (generation)",energy_water,ons_open_data,daily,2021-05-18,15345.2720,mwmed
thermal_dispatch_mwh,"Thermal dispatch (generation)",energy_water,ons_open_data,daily,2021-05-19,15792.5020,mwmed
thermal_dispatch_mwh,"Thermal dispatch (generation)",energy_water,ons_open_data,daily,2021-05-20,16394.7821,mwmed
thermal_dispatch_mwh,"Thermal dispatch (generation)",energy_water,ons_open_data,daily,2021-05-21,15989.8615,mwmed
thermal_dispatch_mwh,"Thermal dispatch (generation)",energy_water,ons_open_data,daily,2021-05-22,14239.8490,mwmed
thermal_dispatch_mwh,"Thermal dispatch (generation)",energy_water,ons_open_data,daily,2021-05-23,13052.1919,mwmed
thermal_dispatch_mwh,"Thermal dispatch (generation)",energy_water,ons_open_data,daily,2021-05-24,13594.6618,mwmed
thermal_dispatch_mwh,"Thermal dispatch (generation)",energy_water,ons_open_data,daily,2021-05-25,13969.0698,mwmed
thermal_dispatch_mwh,"Thermal dispatch (generation)",energy_water,ons_open_data,daily,2021-05-26,14024.4160,mwmed
thermal_dispatch_mwh,"Thermal dispatch (generation)",energy_water,ons_open_data,daily,2021-05-27,14280.6386,mwmed
thermal_dispatch_mwh,"Thermal dispatch (generation)",energy_water,ons_open_data,daily,2021-05-28,14611.0340,mwmed
thermal_dispatch_mwh,"Thermal dispatch (generation)",energy_water,ons_open_data,daily,2021-05-29,14691.3803,mwmed
thermal_dispatch_mwh,"Thermal dispatch (generation)",energy_water,ons_open_data,daily,2021-05-30,14191.6938,mwmed
thermal_dispatch_mwh,"Thermal dispatch (generation)",energy_water,ons_open_data,daily,2021-05-31,18834.9625,mwmed
thermal_dispatch_mwh,"Thermal dispatch (generation)",energy_water,ons_open_data,daily,2021-06-01,19042.8683,mwmed
thermal_dispatch_mwh,"Thermal dispatch (generation)",energy_water,ons_open_data,daily,2021-06-02,19245.5426,mwmed
thermal_dispatch_mwh,"Thermal dispatch (generation)",energy_water,ons_open_data,daily,2021-06-03,16886.2533,mwmed
thermal_dispatch_mwh,"Thermal dispatch (generation)",energy_water,ons_open_data,daily,2021-06-04,16875.1575,mwmed
thermal_dispatch_mwh,"Thermal dispatch (generation)",energy_water,ons_open_data,daily,2021-06-05,16394.7976,mwmed
thermal_dispatch_mwh,"Thermal dispatch (generation)",energy_water,ons_open_data,daily,2021-06-06,14927.1991,mwmed
thermal_dispatch_mwh,"Thermal dispatch (generation)",energy_water,ons_open_data,daily,2021-06-07,18120.7323,mwmed
thermal_dispatch_mwh,"Thermal dispatch (generation)",energy_water,ons_open_data,daily,2021-06-08,18451.9092,mwmed
thermal_dispatch_mwh,"Thermal dispatch (generation)",energy_water,ons_open_data,daily,2021-06-09,18044.7600,mwmed
thermal_dispatch_mwh,"Thermal dispatch (generation)",energy_water,ons_open_data,daily,2021-06-10,18093.1076,mwmed
thermal_dispatch_mwh,"Thermal dispatch (generation)",energy_water,ons_open_data,daily,2021-06-11,18068.6518,mwmed
thermal_dispatch_mwh,"Thermal dispatch (generation)",energy_water,ons_open_data,daily,2021-06-12,18020.6474,mwmed
thermal_dispatch_mwh,"Thermal dispatch (generation)",energy_water,ons_open_data,daily,2021-06-13,15839.6683,mwmed
thermal_dispatch_mwh,"Thermal dispatch (generation)",energy_water,ons_open_data,daily,2021-06-14,16672.3033,mwmed
thermal_dispatch_mwh,"Thermal dispatch (generation)",energy_water,ons_open_data,daily,2021-06-15,18206.3920,mwmed
thermal_dispatch_mwh,"Thermal dispatch (generation)",energy_water,ons_open_data,daily,2021-06-16,18408.3545,mwmed
thermal_dispatch_mwh,"Thermal dispatch (generation)",energy_water,ons_open_data,daily,2021-06-17,18449.5617,mwmed
thermal_dispatch_mwh,"Thermal dispatch (generation)",energy_water,ons_open_data,daily,2021-06-18,18552.3605,mwmed
thermal_dispatch_mwh,"Thermal dispatch (generation)",energy_water,ons_open_data,daily,2021-06-19,17948.0378,mwmed
thermal_dispatch_mwh,"Thermal dispatch (generation)",energy_water,ons_open_data,daily,2021-06-20,15912.2333,mwmed
thermal_dispatch_mwh,"Thermal dispatch (generation)",energy_water,ons_open_data,daily,2021-06-21,17551.3269,mwmed
thermal_dispatch_mwh,"Thermal dispatch (generation)",energy_water,ons_open_data,daily,2021-06-22,17665.0840,mwmed
thermal_dispatch_mwh,"Thermal dispatch (generation)",energy_water,ons_open_data,daily,2021-06-23,18060.0193,mwmed
thermal_dispatch_mwh,"Thermal dispatch (generation)",energy_water,ons_open_data,daily,2021-06-24,17675.4485,mwmed
thermal_dispatch_mwh,"Thermal dispatch (generation)",energy_water,ons_open_data,daily,2021-06-25,17691.2993,mwmed
thermal_dispatch_mwh,"Thermal dispatch (generation)",energy_water,ons_open_data,daily,2021-06-26,17734.6573,mwmed
thermal_dispatch_mwh,"Thermal dispatch (generation)",energy_water,ons_open_data,daily,2021-06-27,16238.9310,mwmed
thermal_dispatch_mwh,"Thermal dispatch (generation)",energy_water,ons_open_data,daily,2021-06-28,17958.7326,mwmed
thermal_dispatch_mwh,"Thermal dispatch (generation)",energy_water,ons_open_data,daily,2021-06-29,18318.9769,mwmed
thermal_dispatch_mwh,"Thermal dispatch (generation)",energy_water,ons_open_data,daily,2021-06-30,19033.7004,mwmed
thermal_dispatch_mwh,"Thermal dispatch (generation)",energy_water,ons_open_data,daily,2021-07-01,18550.3875,mwmed
thermal_dispatch_mwh,"Thermal dispatch (generation)",energy_water,ons_open_data,daily,2021-07-02,18671.3945,mwmed
thermal_dispatch_mwh,"Thermal dispatch (generation)",energy_water,ons_open_data,daily,2021-07-03,18682.1965,mwmed
thermal_dispatch_mwh,"Thermal dispatch (generation)",energy_water,ons_open_data,daily,2021-07-04,17407.3495,mwmed
thermal_dispatch_mwh,"Thermal dispatch (generation)",energy_water,ons_open_data,daily,2021-07-05,19294.8400,mwmed
thermal_dispatch_mwh,"Thermal dispatch (generation)",energy_water,ons_open_data,daily,2021-07-06,19946.8646,mwmed
thermal_dispatch_mwh,"Thermal dispatch (generation)",energy_water,ons_open_data,daily,2021-07-07,19713.0917,mwmed
thermal_dispatch_mwh,"Thermal dispatch (generation)",energy_water,ons_open_data,daily,2021-07-08,19723.6990,mwmed
thermal_dispatch_mwh,"Thermal dispatch (generation)",energy_water,ons_open_data,daily,2021-07-09,19249.5673,mwmed
thermal_dispatch_mwh,"Thermal dispatch (generation)",energy_water,ons_open_data,daily,2021-07-10,19409.8815,mwmed
thermal_dispatch_mwh,"Thermal dispatch (generation)",energy_water,ons_open_data,daily,2021-07-11,17743.0121,mwmed
thermal_dispatch_mwh,"Thermal dispatch (generation)",energy_water,ons_open_data,daily,2021-07-12,17754.6550,mwmed
thermal_dispatch_mwh,"Thermal dispatch (generation)",energy_water,ons_open_data,daily,2021-07-13,18375.8877,mwmed
thermal_dispatch_mwh,"Thermal dispatch (generation)",energy_water,ons_open_data,daily,2021-07-14,18006.6683,mwmed
thermal_dispatch_mwh,"Thermal dispatch (generation)",energy_water,ons_open_data,daily,2021-07-15,18784.5259,mwmed
thermal_dispatch_mwh,"Thermal dispatch (generation)",energy_water,ons_open_data,daily,2021-07-16,20036.6035,mwmed
thermal_dispatch_mwh,"Thermal dispatch (generation)",energy_water,ons_open_data,daily,2021-07-17,20291.9668,mwmed
thermal_dispatch_mwh,"Thermal dispatch (generation)",energy_water,ons_open_data,daily,2021-07-18,19929.4146,mwmed
thermal_dispatch_mwh,"Thermal dispatch (generation)",energy_water,ons_open_data,daily,2021-07-19,20978.6460,mwmed
thermal_dispatch_mwh,"Thermal dispatch (generation)",energy_water,ons_open_data,daily,2021-07-20,19906.6983,mwmed
thermal_dispatch_mwh,"Thermal dispatch (generation)",energy_water,ons_open_data,daily,2021-07-21,18584.2600,mwmed
thermal_dispatch_mwh,"Thermal dispatch (generation)",energy_water,ons_open_data,daily,2021-07-22,18973.3492,mwmed
thermal_dispatch_mwh,"Thermal dispatch (generation)",energy_water,ons_open_data,daily,2021-07-23,19356.0690,mwmed
thermal_dispatch_mwh,"Thermal dispatch (generation)",energy_water,ons_open_data,daily,2021-07-24,18859.4182,mwmed
thermal_dispatch_mwh,"Thermal dispatch (generation)",energy_water,ons_open_data,daily,2021-07-25,17892.0377,mwmed
thermal_dispatch_mwh,"Thermal dispatch (generation)",energy_water,ons_open_data,daily,2021-07-26,19724.7747,mwmed
thermal_dispatch_mwh,"Thermal dispatch (generation)",energy_water,ons_open_data,daily,2021-07-27,20032.3616,mwmed
thermal_dispatch_mwh,"Thermal dispatch (generation)",energy_water,ons_open_data,daily,2021-07-28,19913.4248,mwmed
thermal_dispatch_mwh,"Thermal dispatch (generation)",energy_water,ons_open_data,daily,2021-07-29,20115.2628,mwmed
thermal_dispatch_mwh,"Thermal dispatch (generation)",energy_water,ons_open_data,daily,2021-07-30,20200.0085,mwmed
thermal_dispatch_mwh,"Thermal dispatch (generation)",energy_water,ons_open_data,daily,2021-07-31,20013.5848,mwmed
thermal_dispatch_mwh,"Thermal dispatch (generation)",energy_water,ons_open_data,daily,2021-08-01,19483.6484,mwmed
thermal_dispatch_mwh,"Thermal dispatch (generation)",energy_water,ons_open_data,daily,2021-08-02,20962.6361,mwmed
thermal_dispatch_mwh,"Thermal dispatch (generation)",energy_water,ons_open_data,daily,2021-08-03,20982.2570,mwmed
thermal_dispatch_mwh,"Thermal dispatch (generation)",energy_water,ons_open_data,daily,2021-08-04,21289.6694,mwmed
thermal_dispatch_mwh,"Thermal dispatch (generation)",energy_water,ons_open_data,daily,2021-08-05,20947.0788,mwmed
thermal_dispatch_mwh,"Thermal dispatch (generation)",energy_water,ons_open_data,daily,2021-08-06,19773.1803,mwmed
thermal_dispatch_mwh,"Thermal dispatch (generation)",energy_water,ons_open_data,daily,2021-08-07,19436.9037,mwmed
thermal_dispatch_mwh,"Thermal dispatch (generation)",energy_water,ons_open_data,daily,2021-08-08,19523.8751,mwmed
thermal_dispatch_mwh,"Thermal dispatch (generation)",energy_water,ons_open_data,daily,2021-08-09,20922.1408,mwmed
thermal_dispatch_mwh,"Thermal dispatch (generation)",energy_water,ons_open_data,daily,2021-08-10,21272.9995,mwmed
thermal_dispatch_mwh,"Thermal dispatch (generation)",energy_water,ons_open_data,daily,2021-08-11,20857.3767,mwmed
thermal_dispatch_mwh,"Thermal dispatch (generation)",energy_water,ons_open_data,daily,2021-08-12,20814.1086,mwmed
thermal_dispatch_mwh,"Thermal dispatch (generation)",energy_water,ons_open_data,daily,2021-08-13,20547.0788,mwmed
thermal_dispatch_mwh,"Thermal dispatch (generation)",energy_water,ons_open_data,daily,2021-08-14,21122.9481,mwmed
thermal_dispatch_mwh,"Thermal dispatch (generation)",energy_water,ons_open_data,daily,2021-08-15,21078.1625,mwmed
thermal_dispatch_mwh,"Thermal dispatch (generation)",energy_water,ons_open_data,daily,2021-08-16,21484.5235,mwmed
thermal_dispatch_mwh,"Thermal dispatch (generation)",energy_water,ons_open_data,daily,2021-08-17,21396.7402,mwmed
thermal_dispatch_mwh,"Thermal dispatch (generation)",energy_water,ons_open_data,daily,2021-08-18,20753.1854,mwmed
thermal_dispatch_mwh,"Thermal dispatch (generation)",energy_water,ons_open_data,daily,2021-08-19,21837.7290,mwmed
thermal_dispatch_mwh,"Thermal dispatch (generation)",energy_water,ons_open_data,daily,2021-08-20,21785.9997,mwmed
thermal_dispatch_mwh,"Thermal dispatch (generation)",energy_water,ons_open_data,daily,2021-08-21,21258.0941,mwmed
thermal_dispatch_mwh,"Thermal dispatch (generation)",energy_water,ons_open_data,daily,2021-08-22,21207.5011,mwmed
thermal_dispatch_mwh,"Thermal dispatch (generation)",energy_water,ons_open_data,daily,2021-08-23,21542.5412,mwmed
thermal_dispatch_mwh,"Thermal dispatch (generation)",energy_water,ons_open_data,daily,2021-08-24,21678.6410,mwmed
thermal_dispatch_mwh,"Thermal dispatch (generation)",energy_water,ons_open_data,daily,2021-08-25,21258.2163,mwmed
thermal_dispatch_mwh,"Thermal dispatch (generation)",energy_water,ons_open_data,daily,2021-08-26,21907.7485,mwmed
thermal_dispatch_mwh,"Thermal dispatch (generation)",energy_water,ons_open_data,daily,2021-08-27,22037.0476,mwmed
thermal_dispatch_mwh,"Thermal dispatch (generation)",energy_water,ons_open_data,daily,2021-08-28,21381.6439,mwmed
thermal_dispatch_mwh,"Thermal dispatch (generation)",energy_water,ons_open_data,daily,2021-08-29,20196.4624,mwmed
thermal_dispatch_mwh,"Thermal dispatch (generation)",energy_water,ons_open_data,daily,2021-08-30,21621.2858,mwmed
thermal_dispatch_mwh,"Thermal dispatch (generation)",energy_water,ons_open_data,daily,2021-08-31,21457.9027,mwmed
thermal_dispatch_mwh,"Thermal dispatch (generation)",energy_water,ons_open_data,daily,2021-09-01,21183.8191,mwmed
thermal_dispatch_mwh,"Thermal dispatch (generation)",energy_water,ons_open_data,daily,2021-09-02,20817.5882,mwmed
thermal_dispatch_mwh,"Thermal dispatch (generation)",energy_water,ons_open_data,daily,2021-09-03,20071.1926,mwmed
thermal_dispatch_mwh,"Thermal dispatch (generation)",energy_water,ons_open_data,daily,2021-09-04,19794.0957,mwmed
thermal_dispatch_mwh,"Thermal dispatch (generation)",energy_water,ons_open_data,daily,2021-09-05,19159.4715,mwmed
thermal_dispatch_mwh,"Thermal dispatch (generation)",energy_water,ons_open_data,daily,2021-09-06,19342.4905,mwmed
thermal_dispatch_mwh,"Thermal dispatch (generation)",energy_water,ons_open_data,daily,2021-09-07,20196.3525,mwmed
thermal_dispatch_mwh,"Thermal dispatch (generation)",energy_water,ons_open_data,daily,2021-09-08,20335.4795,mwmed
thermal_dispatch_mwh,"Thermal dispatch (generation)",energy_water,ons_open_data,daily,2021-09-09,19809.2343,mwmed
thermal_dispatch_mwh,"Thermal dispatch (generation)",energy_water,ons_open_data,daily,2021-09-10,19631.0121,mwmed
thermal_dispatch_mwh,"Thermal dispatch (generation)",energy_water,ons_open_data,daily,2021-09-11,19937.5895,mwmed
thermal_dispatch_mwh,"Thermal dispatch (generation)",energy_water,ons_open_data,daily,2021-09-12,19318.6482,mwmed
thermal_dispatch_mwh,"Thermal dispatch (generation)",energy_water,ons_open_data,daily,2021-09-13,20920.5582,mwmed
thermal_dispatch_mwh,"Thermal dispatch (generation)",energy_water,ons_open_data,daily,2021-09-14,20559.0002,mwmed
thermal_dispatch_mwh,"Thermal dispatch (generation)",energy_water,ons_open_data,daily,2021-09-15,20881.4506,mwmed
thermal_dispatch_mwh,"Thermal dispatch (generation)",energy_water,ons_open_data,daily,2021-09-16,21497.0348,mwmed
thermal_dispatch_mwh,"Thermal dispatch (generation)",energy_water,ons_open_data,daily,2021-09-17,21594.9008,mwmed
thermal_dispatch_mwh,"Thermal dispatch (generation)",energy_water,ons_open_data,daily,2021-09-18,20392.6360,mwmed
thermal_dispatch_mwh,"Thermal dispatch (generation)",energy_water,ons_open_data,daily,2021-09-19,20895.7932,mwmed
thermal_dispatch_mwh,"Thermal dispatch (generation)",energy_water,ons_open_data,daily,2021-09-20,20923.8483,mwmed
thermal_dispatch_mwh,"Thermal dispatch (generation)",energy_water,ons_open_data,daily,2021-09-21,20628.2965,mwmed
thermal_dispatch_mwh,"Thermal dispatch (generation)",energy_water,ons_open_data,daily,2021-09-22,20747.5176,mwmed
thermal_dispatch_mwh,"Thermal dispatch (generation)",energy_water,ons_open_data,daily,2021-09-23,21969.6715,mwmed
thermal_dispatch_mwh,"Thermal dispatch (generation)",energy_water,ons_open_data,daily,2021-09-24,22259.1827,mwmed
thermal_dispatch_mwh,"Thermal dispatch (generation)",energy_water,ons_open_data,daily,2021-09-25,22099.7562,mwmed
thermal_dispatch_mwh,"Thermal dispatch (generation)",energy_water,ons_open_data,daily,2021-09-26,20973.4991,mwmed
thermal_dispatch_mwh,"Thermal dispatch (generation)",energy_water,ons_open_data,daily,2021-09-27,21028.8682,mwmed
thermal_dispatch_mwh,"Thermal dispatch (generation)",energy_water,ons_open_data,daily,2021-09-28,21432.3071,mwmed
thermal_dispatch_mwh,"Thermal dispatch (generation)",energy_water,ons_open_data,daily,2021-09-29,21586.7577,mwmed
thermal_dispatch_mwh,"Thermal dispatch (generation)",energy_water,ons_open_data,daily,2021-09-30,21734.7200,mwmed
thermal_dispatch_mwh,"Thermal dispatch (generation)",energy_water,ons_open_data,daily,2021-10-01,20841.5272,mwmed
thermal_dispatch_mwh,"Thermal dispatch (generation)",energy_water,ons_open_data,daily,2021-10-02,20473.9192,mwmed
thermal_dispatch_mwh,"Thermal dispatch (generation)",energy_water,ons_open_data,daily,2021-10-03,20045.8093,mwmed
thermal_dispatch_mwh,"Thermal dispatch (generation)",energy_water,ons_open_data,daily,2021-10-04,20224.0885,mwmed
thermal_dispatch_mwh,"Thermal dispatch (generation)",energy_water,ons_open_data,daily,2021-10-05,20411.1025,mwmed
thermal_dispatch_mwh,"Thermal dispatch (generation)",energy_water,ons_open_data,daily,2021-10-06,20550.1438,mwmed
thermal_dispatch_mwh,"Thermal dispatch (generation)",energy_water,ons_open_data,daily,2021-10-07,20685.6420,mwmed
thermal_dispatch_mwh,"Thermal dispatch (generation)",energy_water,ons_open_data,daily,2021-10-08,20654.6842,mwmed
thermal_dispatch_mwh,"Thermal dispatch (generation)",energy_water,ons_open_data,daily,2021-10-09,20611.7211,mwmed
thermal_dispatch_mwh,"Thermal dispatch (generation)",energy_water,ons_open_data,daily,2021-10-10,19535.3314,mwmed
thermal_dispatch_mwh,"Thermal dispatch (generation)",energy_water,ons_open_data,daily,2021-10-11,20839.8517,mwmed
thermal_dispatch_mwh,"Thermal dispatch (generation)",energy_water,ons_open_data,daily,2021-10-12,20321.0667,mwmed
thermal_dispatch_mwh,"Thermal dispatch (generation)",energy_water,ons_open_data,daily,2021-10-13,20870.9027,mwmed
thermal_dispatch_mwh,"Thermal dispatch (generation)",energy_water,ons_open_data,daily,2021-10-14,20930.2780,mwmed
thermal_dispatch_mwh,"Thermal dispatch (generation)",energy_water,ons_open_data,daily,2021-10-15,20523.9836,mwmed
thermal_dispatch_mwh,"Thermal dispatch (generation)",energy_water,ons_open_data,daily,2021-10-16,20170.5472,mwmed
thermal_dispatch_mwh,"Thermal dispatch (generation)",energy_water,ons_open_data,daily,2021-10-17,18127.8812,mwmed
thermal_dispatch_mwh,"Thermal dispatch (generation)",energy_water,ons_open_data,daily,2021-10-18,19655.7950,mwmed
thermal_dispatch_mwh,"Thermal dispatch (generation)",energy_water,ons_open_data,daily,2021-10-19,20375.5431,mwmed
thermal_dispatch_mwh,"Thermal dispatch (generation)",energy_water,ons_open_data,daily,2021-10-20,20562.0855,mwmed
thermal_dispatch_mwh,"Thermal dispatch (generation)",energy_water,ons_open_data,daily,2021-10-21,20772.5720,mwmed
thermal_dispatch_mwh,"Thermal dispatch (generation)",energy_water,ons_open_data,daily,2021-10-22,20439.2266,mwmed
thermal_dispatch_mwh,"Thermal dispatch (generation)",energy_water,ons_open_data,daily,2021-10-23,20718.7814,mwmed
thermal_dispatch_mwh,"Thermal dispatch (generation)",energy_water,ons_open_data,daily,2021-10-24,20051.4457,mwmed
thermal_dispatch_mwh,"Thermal dispatch (generation)",energy_water,ons_open_data,daily,2021-10-25,20504.6597,mwmed
thermal_dispatch_mwh,"Thermal dispatch (generation)",energy_water,ons_open_data,daily,2021-10-26,20551.6494,mwmed
thermal_dispatch_mwh,"Thermal dispatch (generation)",energy_water,ons_open_data,daily,2021-10-27,20763.3917,mwmed
thermal_dispatch_mwh,"Thermal dispatch (generation)",energy_water,ons_open_data,daily,2021-10-28,19615.1841,mwmed
thermal_dispatch_mwh,"Thermal dispatch (generation)",energy_water,ons_open_data,daily,2021-10-29,19170.3603,mwmed
thermal_dispatch_mwh,"Thermal dispatch (generation)",energy_water,ons_open_data,daily,2021-10-30,19065.5080,mwmed
thermal_dispatch_mwh,"Thermal dispatch (generation)",energy_water,ons_open_data,daily,2021-10-31,17793.8283,mwmed
thermal_dispatch_mwh,"Thermal dispatch (generation)",energy_water,ons_open_data,daily,2021-11-01,18631.7323,mwmed
thermal_dispatch_mwh,"Thermal dispatch (generation)",energy_water,ons_open_data,daily,2021-11-02,19816.1385,mwmed
thermal_dispatch_mwh,"Thermal dispatch (generation)",energy_water,ons_open_data,daily,2021-11-03,20375.1970,mwmed
thermal_dispatch_mwh,"Thermal dispatch (generation)",energy_water,ons_open_data,daily,2021-11-04,20584.0170,mwmed
thermal_dispatch_mwh,"Thermal dispatch (generation)",energy_water,ons_open_data,daily,2021-11-05,21647.0132,mwmed
thermal_dispatch_mwh,"Thermal dispatch (generation)",energy_water,ons_open_data,daily,2021-11-06,21372.5173,mwmed
thermal_dispatch_mwh,"Thermal dispatch (generation)",energy_water,ons_open_data,daily,2021-11-07,21376.7774,mwmed
thermal_dispatch_mwh,"Thermal dispatch (generation)",energy_water,ons_open_data,daily,2021-11-08,22087.8627,mwmed
thermal_dispatch_mwh,"Thermal dispatch (generation)",energy_water,ons_open_data,daily,2021-11-09,21825.3760,mwmed
thermal_dispatch_mwh,"Thermal dispatch (generation)",energy_water,ons_open_data,daily,2021-11-10,21773.3149,mwmed
thermal_dispatch_mwh,"Thermal dispatch (generation)",energy_water,ons_open_data,daily,2021-11-11,21805.3126,mwmed
thermal_dispatch_mwh,"Thermal dispatch (generation)",energy_water,ons_open_data,daily,2021-11-12,21400.9711,mwmed
thermal_dispatch_mwh,"Thermal dispatch (generation)",energy_water,ons_open_data,daily,2021-11-13,17372.2805,mwmed
thermal_dispatch_mwh,"Thermal dispatch (generation)",energy_water,ons_open_data,daily,2021-11-14,13924.2258,mwmed
thermal_dispatch_mwh,"Thermal dispatch (generation)",energy_water,ons_open_data,daily,2021-11-15,14642.7723,mwmed
thermal_dispatch_mwh,"Thermal dispatch (generation)",energy_water,ons_open_data,daily,2021-11-16,16931.2426,mwmed
thermal_dispatch_mwh,"Thermal dispatch (generation)",energy_water,ons_open_data,daily,2021-11-17,17126.8175,mwmed
thermal_dispatch_mwh,"Thermal dispatch (generation)",energy_water,ons_open_data,daily,2021-11-18,17735.5471,mwmed
thermal_dispatch_mwh,"Thermal dispatch (generation)",energy_water,ons_open_data,daily,2021-11-19,17716.8297,mwmed
thermal_dispatch_mwh,"Thermal dispatch (generation)",energy_water,ons_open_data,daily,2021-11-20,16652.1683,mwmed
thermal_dispatch_mwh,"Thermal dispatch (generation)",energy_water,ons_open_data,daily,2021-11-21,15399.3130,mwmed
thermal_dispatch_mwh,"Thermal dispatch (generation)",energy_water,ons_open_data,daily,2021-11-22,17295.8007,mwmed
thermal_dispatch_mwh,"Thermal dispatch (generation)",energy_water,ons_open_data,daily,2021-11-23,17825.4036,mwmed
thermal_dispatch_mwh,"Thermal dispatch (generation)",energy_water,ons_open_data,daily,2021-11-24,18316.8095,mwmed
thermal_dispatch_mwh,"Thermal dispatch (generation)",energy_water,ons_open_data,daily,2021-11-25,18477.7667,mwmed
thermal_dispatch_mwh,"Thermal dispatch (generation)",energy_water,ons_open_data,daily,2021-11-26,18111.9678,mwmed
thermal_dispatch_mwh,"Thermal dispatch (generation)",energy_water,ons_open_data,daily,2021-11-27,16518.5359,mwmed
thermal_dispatch_mwh,"Thermal dispatch (generation)",energy_water,ons_open_data,daily,2021-11-28,16362.2308,mwmed
thermal_dispatch_mwh,"Thermal dispatch (generation)",energy_water,ons_open_data,daily,2021-11-29,18700.8937,mwmed
thermal_dispatch_mwh,"Thermal dispatch (generation)",energy_water,ons_open_data,daily,2021-11-30,18802.0741,mwmed
thermal_dispatch_mwh,"Thermal dispatch (generation)",energy_water,ons_open_data,daily,2021-12-01,18514.9054,mwmed
thermal_dispatch_mwh,"Thermal dispatch (generation)",energy_water,ons_open_data,daily,2021-12-02,18896.7123,mwmed
thermal_dispatch_mwh,"Thermal dispatch (generation)",energy_water,ons_open_data,daily,2021-12-03,18655.0775,mwmed
thermal_dispatch_mwh,"Thermal dispatch (generation)",energy_water,ons_open_data,daily,2021-12-04,16584.7099,mwmed
thermal_dispatch_mwh,"Thermal dispatch (generation)",energy_water,ons_open_data,daily,2021-12-05,13762.6264,mwmed
thermal_dispatch_mwh,"Thermal dispatch (generation)",energy_water,ons_open_data,daily,2021-12-06,17130.0918,mwmed
thermal_dispatch_mwh,"Thermal dispatch (generation)",energy_water,ons_open_data,daily,2021-12-07,17515.0709,mwmed
thermal_dispatch_mwh,"Thermal dispatch (generation)",energy_water,ons_open_data,daily,2021-12-08,17655.2588,mwmed
thermal_dispatch_mwh,"Thermal dispatch (generation)",energy_water,ons_open_data,daily,2021-12-09,16853.8597,mwmed
thermal_dispatch_mwh,"Thermal dispatch (generation)",energy_water,ons_open_data,daily,2021-12-10,16640.6211,mwmed
thermal_dispatch_mwh,"Thermal dispatch (generation)",energy_water,ons_open_data,daily,2021-12-11,15555.6592,mwmed
thermal_dispatch_mwh,"Thermal dispatch (generation)",energy_water,ons_open_data,daily,2021-12-12,15628.4287,mwmed
thermal_dispatch_mwh,"Thermal dispatch (generation)",energy_water,ons_open_data,daily,2021-12-13,16238.6121,mwmed
thermal_dispatch_mwh,"Thermal dispatch (generation)",energy_water,ons_open_data,daily,2021-12-14,14862.7973,mwmed
thermal_dispatch_mwh,"Thermal dispatch (generation)",energy_water,ons_open_data,daily,2021-12-15,13410.6434,mwmed
thermal_dispatch_mwh,"Thermal dispatch (generation)",energy_water,ons_open_data,daily,2021-12-16,13523.1770,mwmed
thermal_dispatch_mwh,"Thermal dispatch (generation)",energy_water,ons_open_data,daily,2021-12-17,14412.6513,mwmed
thermal_dispatch_mwh,"Thermal dispatch (generation)",energy_water,ons_open_data,daily,2021-12-18,12136.7081,mwmed
thermal_dispatch_mwh,"Thermal dispatch (generation)",energy_water,ons_open_data,daily,2021-12-19,11616.0552,mwmed
thermal_dispatch_mwh,"Thermal dispatch (generation)",energy_water,ons_open_data,daily,2021-12-20,14415.2356,mwmed
thermal_dispatch_mwh,"Thermal dispatch (generation)",energy_water,ons_open_data,daily,2021-12-21,13757.5442,mwmed
thermal_dispatch_mwh,"Thermal dispatch (generation)",energy_water,ons_open_data,daily,2021-12-22,13848.8917,mwmed
thermal_dispatch_mwh,"Thermal dispatch (generation)",energy_water,ons_open_data,daily,2021-12-23,13999.2430,mwmed
thermal_dispatch_mwh,"Thermal dispatch (generation)",energy_water,ons_open_data,daily,2021-12-24,9500.7906,mwmed
thermal_dispatch_mwh,"Thermal dispatch (generation)",energy_water,ons_open_data,daily,2021-12-25,8629.7095,mwmed
thermal_dispatch_mwh,"Thermal dispatch (generation)",energy_water,ons_open_data,daily,2021-12-26,8864.8300,mwmed
thermal_dispatch_mwh,"Thermal dispatch (generation)",energy_water,ons_open_data,daily,2021-12-27,11270.2611,mwmed
thermal_dispatch_mwh,"Thermal dispatch (generation)",energy_water,ons_open_data,daily,2021-12-28,11764.3392,mwmed
thermal_dispatch_mwh,"Thermal dispatch (generation)",energy_water,ons_open_data,daily,2021-12-29,11526.4347,mwmed
thermal_dispatch_mwh,"Thermal dispatch (generation)",energy_water,ons_open_data,daily,2021-12-30,11467.1078,mwmed
thermal_dispatch_mwh,"Thermal dispatch (generation)",energy_water,ons_open_data,daily,2021-12-31,9906.0273,mwmed
thermal_dispatch_mwh,"Thermal dispatch (generation)",energy_water,ons_open_data,daily,2022-01-01,8905.0053,mwmed
thermal_dispatch_mwh,"Thermal dispatch (generation)",energy_water,ons_open_data,daily,2022-01-02,9196.2739,mwmed
thermal_dispatch_mwh,"Thermal dispatch (generation)",energy_water,ons_open_data,daily,2022-01-03,10800.3092,mwmed
thermal_dispatch_mwh,"Thermal dispatch (generation)",energy_water,ons_open_data,daily,2022-01-04,12124.0259,mwmed
thermal_dispatch_mwh,"Thermal dispatch (generation)",energy_water,ons_open_data,daily,2022-01-05,12037.3913,mwmed
thermal_dispatch_mwh,"Thermal dispatch (generation)",energy_water,ons_open_data,daily,2022-01-06,12402.7802,mwmed
thermal_dispatch_mwh,"Thermal dispatch (generation)",energy_water,ons_open_data,daily,2022-01-07,12877.2202,mwmed
thermal_dispatch_mwh,"Thermal dispatch (generation)",energy_water,ons_open_data,daily,2022-01-08,9622.4384,mwmed
thermal_dispatch_mwh,"Thermal dispatch (generation)",energy_water,ons_open_data,daily,2022-01-09,9440.1655,mwmed
thermal_dispatch_mwh,"Thermal dispatch (generation)",energy_water,ons_open_data,daily,2022-01-10,11110.0035,mwmed
thermal_dispatch_mwh,"Thermal dispatch (generation)",energy_water,ons_open_data,daily,2022-01-11,12446.3574,mwmed
thermal_dispatch_mwh,"Thermal dispatch (generation)",energy_water,ons_open_data,daily,2022-01-12,12353.9021,mwmed
thermal_dispatch_mwh,"Thermal dispatch (generation)",energy_water,ons_open_data,daily,2022-01-13,12662.0466,mwmed
thermal_dispatch_mwh,"Thermal dispatch (generation)",energy_water,ons_open_data,daily,2022-01-14,12066.1611,mwmed
thermal_dispatch_mwh,"Thermal dispatch (generation)",energy_water,ons_open_data,daily,2022-01-15,11573.6210,mwmed
thermal_dispatch_mwh,"Thermal dispatch (generation)",energy_water,ons_open_data,daily,2022-01-16,11023.0252,mwmed
thermal_dispatch_mwh,"Thermal dispatch (generation)",energy_water,ons_open_data,daily,2022-01-17,11588.3779,mwmed
thermal_dispatch_mwh,"Thermal dispatch (generation)",energy_water,ons_open_data,daily,2022-01-18,12078.9752,mwmed
thermal_dispatch_mwh,"Thermal dispatch (generation)",energy_water,ons_open_data,daily,2022-01-19,12632.3780,mwmed
thermal_dispatch_mwh,"Thermal dispatch (generation)",energy_water,ons_open_data,daily,2022-01-20,12779.8065,mwmed
thermal_dispatch_mwh,"Thermal dispatch (generation)",energy_water,ons_open_data,daily,2022-01-21,12643.1359,mwmed
thermal_dispatch_mwh,"Thermal dispatch (generation)",energy_water,ons_open_data,daily,2022-01-22,13258.7150,mwmed
thermal_dispatch_mwh,"Thermal dispatch (generation)",energy_water,ons_open_data,daily,2022-01-23,12333.2200,mwmed
thermal_dispatch_mwh,"Thermal dispatch (generation)",energy_water,ons_open_data,daily,2022-01-24,12938.2388,mwmed
thermal_dispatch_mwh,"Thermal dispatch (generation)",energy_water,ons_open_data,daily,2022-01-25,12523.5617,mwmed
thermal_dispatch_mwh,"Thermal dispatch (generation)",energy_water,ons_open_data,daily,2022-01-26,12626.9635,mwmed
thermal_dispatch_mwh,"Thermal dispatch (generation)",energy_water,ons_open_data,daily,2022-01-27,12764.2170,mwmed
thermal_dispatch_mwh,"Thermal dispatch (generation)",energy_water,ons_open_data,daily,2022-01-28,12736.9262,mwmed
thermal_dispatch_mwh,"Thermal dispatch (generation)",energy_water,ons_open_data,daily,2022-01-29,10836.4832,mwmed
thermal_dispatch_mwh,"Thermal dispatch (generation)",energy_water,ons_open_data,daily,2022-01-30,8614.7306,mwmed
thermal_dispatch_mwh,"Thermal dispatch (generation)",energy_water,ons_open_data,daily,2022-01-31,10682.0438,mwmed
thermal_dispatch_mwh,"Thermal dispatch (generation)",energy_water,ons_open_data,daily,2022-02-01,10950.5070,mwmed
thermal_dispatch_mwh,"Thermal dispatch (generation)",energy_water,ons_open_data,daily,2022-02-02,11147.2354,mwmed
thermal_dispatch_mwh,"Thermal dispatch (generation)",energy_water,ons_open_data,daily,2022-02-03,10579.3490,mwmed
thermal_dispatch_mwh,"Thermal dispatch (generation)",energy_water,ons_open_data,daily,2022-02-04,10358.6825,mwmed
thermal_dispatch_mwh,"Thermal dispatch (generation)",energy_water,ons_open_data,daily,2022-02-05,9042.2063,mwmed
thermal_dispatch_mwh,"Thermal dispatch (generation)",energy_water,ons_open_data,daily,2022-02-06,8438.1728,mwmed
thermal_dispatch_mwh,"Thermal dispatch (generation)",energy_water,ons_open_data,daily,2022-02-07,8270.9976,mwmed
thermal_dispatch_mwh,"Thermal dispatch (generation)",energy_water,ons_open_data,daily,2022-02-08,8660.4958,mwmed
thermal_dispatch_mwh,"Thermal dispatch (generation)",energy_water,ons_open_data,daily,2022-02-09,9007.2026,mwmed
thermal_dispatch_mwh,"Thermal dispatch (generation)",energy_water,ons_open_data,daily,2022-02-10,9102.0976,mwmed
thermal_dispatch_mwh,"Thermal dispatch (generation)",energy_water,ons_open_data,daily,2022-02-11,8984.6768,mwmed
thermal_dispatch_mwh,"Thermal dispatch (generation)",energy_water,ons_open_data,daily,2022-02-12,6409.5945,mwmed
thermal_dispatch_mwh,"Thermal dispatch (generation)",energy_water,ons_open_data,daily,2022-02-13,6357.5824,mwmed
thermal_dispatch_mwh,"Thermal dispatch (generation)",energy_water,ons_open_data,daily,2022-02-14,8387.3425,mwmed
thermal_dispatch_mwh,"Thermal dispatch (generation)",energy_water,ons_open_data,daily,2022-02-15,9120.7710,mwmed
thermal_dispatch_mwh,"Thermal dispatch (generation)",energy_water,ons_open_data,daily,2022-02-16,7822.0477,mwmed
thermal_dispatch_mwh,"Thermal dispatch (generation)",energy_water,ons_open_data,daily,2022-02-17,7870.6140,mwmed
thermal_dispatch_mwh,"Thermal dispatch (generation)",energy_water,ons_open_data,daily,2022-02-18,8839.0590,mwmed
thermal_dispatch_mwh,"Thermal dispatch (generation)",energy_water,ons_open_data,daily,2022-02-19,9628.2215,mwmed
thermal_dispatch_mwh,"Thermal dispatch (generation)",energy_water,ons_open_data,daily,2022-02-20,8876.9085,mwmed
thermal_dispatch_mwh,"Thermal dispatch (generation)",energy_water,ons_open_data,daily,2022-02-21,9229.2576,mwmed
thermal_dispatch_mwh,"Thermal dispatch (generation)",energy_water,ons_open_data,daily,2022-02-22,9259.0002,mwmed
thermal_dispatch_mwh,"Thermal dispatch (generation)",energy_water,ons_open_data,daily,2022-02-23,9359.1799,mwmed
thermal_dispatch_mwh,"Thermal dispatch (generation)",energy_water,ons_open_data,daily,2022-02-24,9630.0495,mwmed
thermal_dispatch_mwh,"Thermal dispatch (generation)",energy_water,ons_open_data,daily,2022-02-25,9613.8245,mwmed
thermal_dispatch_mwh,"Thermal dispatch (generation)",energy_water,ons_open_data,daily,2022-02-26,8585.5472,mwmed
thermal_dispatch_mwh,"Thermal dispatch (generation)",energy_water,ons_open_data,daily,2022-02-27,8025.4174,mwmed
thermal_dispatch_mwh,"Thermal dispatch (generation)",energy_water,ons_open_data,daily,2022-02-28,8454.8930,mwmed
thermal_dispatch_mwh,"Thermal dispatch (generation)",energy_water,ons_open_data,daily,2022-03-01,8401.4019,mwmed
thermal_dispatch_mwh,"Thermal dispatch (generation)",energy_water,ons_open_data,daily,2022-03-02,8480.2341,mwmed
thermal_dispatch_mwh,"Thermal dispatch (generation)",energy_water,ons_open_data,daily,2022-03-03,8764.6236,mwmed
thermal_dispatch_mwh,"Thermal dispatch (generation)",energy_water,ons_open_data,daily,2022-03-04,8702.3600,mwmed
thermal_dispatch_mwh,"Thermal dispatch (generation)",energy_water,ons_open_data,daily,2022-03-05,8805.0876,mwmed
thermal_dispatch_mwh,"Thermal dispatch (generation)",energy_water,ons_open_data,daily,2022-03-06,8521.1683,mwmed
thermal_dispatch_mwh,"Thermal dispatch (generation)",energy_water,ons_open_data,daily,2022-03-07,8556.5727,mwmed
thermal_dispatch_mwh,"Thermal dispatch (generation)",energy_water,ons_open_data,daily,2022-03-08,8515.7626,mwmed
thermal_dispatch_mwh,"Thermal dispatch (generation)",energy_water,ons_open_data,daily,2022-03-09,8650.9285,mwmed
thermal_dispatch_mwh,"Thermal dispatch (generation)",energy_water,ons_open_data,daily,2022-03-10,8437.9314,mwmed
thermal_dispatch_mwh,"Thermal dispatch (generation)",energy_water,ons_open_data,daily,2022-03-11,8667.4795,mwmed
thermal_dispatch_mwh,"Thermal dispatch (generation)",energy_water,ons_open_data,daily,2022-03-12,8012.7904,mwmed
thermal_dispatch_mwh,"Thermal dispatch (generation)",energy_water,ons_open_data,daily,2022-03-13,7252.0723,mwmed
thermal_dispatch_mwh,"Thermal dispatch (generation)",energy_water,ons_open_data,daily,2022-03-14,7949.4509,mwmed
thermal_dispatch_mwh,"Thermal dispatch (generation)",energy_water,ons_open_data,daily,2022-03-15,8484.5256,mwmed
thermal_dispatch_mwh,"Thermal dispatch (generation)",energy_water,ons_open_data,daily,2022-03-16,8544.5496,mwmed
thermal_dispatch_mwh,"Thermal dispatch (generation)",energy_water,ons_open_data,daily,2022-03-17,8320.8253,mwmed
thermal_dispatch_mwh,"Thermal dispatch (generation)",energy_water,ons_open_data,daily,2022-03-18,8452.1063,mwmed
thermal_dispatch_mwh,"Thermal dispatch (generation)",energy_water,ons_open_data,daily,2022-03-19,7560.8177,mwmed
thermal_dispatch_mwh,"Thermal dispatch (generation)",energy_water,ons_open_data,daily,2022-03-20,7831.4169,mwmed
thermal_dispatch_mwh,"Thermal dispatch (generation)",energy_water,ons_open_data,daily,2022-03-21,7348.5588,mwmed
thermal_dispatch_mwh,"Thermal dispatch (generation)",energy_water,ons_open_data,daily,2022-03-22,7105.1030,mwmed
thermal_dispatch_mwh,"Thermal dispatch (generation)",energy_water,ons_open_data,daily,2022-03-23,6656.6164,mwmed
thermal_dispatch_mwh,"Thermal dispatch (generation)",energy_water,ons_open_data,daily,2022-03-24,7065.9729,mwmed
thermal_dispatch_mwh,"Thermal dispatch (generation)",energy_water,ons_open_data,daily,2022-03-25,6578.7171,mwmed
thermal_dispatch_mwh,"Thermal dispatch (generation)",energy_water,ons_open_data,daily,2022-03-26,6515.4909,mwmed
thermal_dispatch_mwh,"Thermal dispatch (generation)",energy_water,ons_open_data,daily,2022-03-27,6266.3660,mwmed
thermal_dispatch_mwh,"Thermal dispatch (generation)",energy_water,ons_open_data,daily,2022-03-28,6468.0209,mwmed
thermal_dispatch_mwh,"Thermal dispatch (generation)",energy_water,ons_open_data,daily,2022-03-29,6586.4857,mwmed
thermal_dispatch_mwh,"Thermal dispatch (generation)",energy_water,ons_open_data,daily,2022-03-30,6483.1178,mwmed
thermal_dispatch_mwh,"Thermal dispatch (generation)",energy_water,ons_open_data,daily,2022-03-31,6559.6321,mwmed
thermal_dispatch_mwh,"Thermal dispatch (generation)",energy_water,ons_open_data,daily,2022-04-01,6514.0748,mwmed
thermal_dispatch_mwh,"Thermal dispatch (generation)",energy_water,ons_open_data,daily,2022-04-02,6318.0801,mwmed
thermal_dispatch_mwh,"Thermal dispatch (generation)",energy_water,ons_open_data,daily,2022-04-03,6325.6944,mwmed
thermal_dispatch_mwh,"Thermal dispatch (generation)",energy_water,ons_open_data,daily,2022-04-04,6583.3743,mwmed
thermal_dispatch_mwh,"Thermal dispatch (generation)",energy_water,ons_open_data,daily,2022-04-05,6347.9773,mwmed
thermal_dispatch_mwh,"Thermal dispatch (generation)",energy_water,ons_open_data,daily,2022-04-06,5913.9577,mwmed
thermal_dispatch_mwh,"Thermal dispatch (generation)",energy_water,ons_open_data,daily,2022-04-07,6018.7341,mwmed
thermal_dispatch_mwh,"Thermal dispatch (generation)",energy_water,ons_open_data,daily,2022-04-08,6096.1518,mwmed
thermal_dispatch_mwh,"Thermal dispatch (generation)",energy_water,ons_open_data,daily,2022-04-09,6011.4637,mwmed
thermal_dispatch_mwh,"Thermal dispatch (generation)",energy_water,ons_open_data,daily,2022-04-10,6148.5053,mwmed
thermal_dispatch_mwh,"Thermal dispatch (generation)",energy_water,ons_open_data,daily,2022-04-11,6074.4253,mwmed
thermal_dispatch_mwh,"Thermal dispatch (generation)",energy_water,ons_open_data,daily,2022-04-12,6210.0972,mwmed
thermal_dispatch_mwh,"Thermal dispatch (generation)",energy_water,ons_open_data,daily,2022-04-13,6226.7088,mwmed
thermal_dispatch_mwh,"Thermal dispatch (generation)",energy_water,ons_open_data,daily,2022-04-14,6282.5053,mwmed
thermal_dispatch_mwh,"Thermal dispatch (generation)",energy_water,ons_open_data,daily,2022-04-15,6212.1757,mwmed
thermal_dispatch_mwh,"Thermal dispatch (generation)",energy_water,ons_open_data,daily,2022-04-16,6180.9398,mwmed
thermal_dispatch_mwh,"Thermal dispatch (generation)",energy_water,ons_open_data,daily,2022-04-17,6054.3768,mwmed
thermal_dispatch_mwh,"Thermal dispatch (generation)",energy_water,ons_open_data,daily,2022-04-18,6366.5945,mwmed
thermal_dispatch_mwh,"Thermal dispatch (generation)",energy_water,ons_open_data,daily,2022-04-19,6238.3886,mwmed
thermal_dispatch_mwh,"Thermal dispatch (generation)",energy_water,ons_open_data,daily,2022-04-20,6438.6208,mwmed
thermal_dispatch_mwh,"Thermal dispatch (generation)",energy_water,ons_open_data,daily,2022-04-21,6729.9608,mwmed
thermal_dispatch_mwh,"Thermal dispatch (generation)",energy_water,ons_open_data,daily,2022-04-22,6615.0043,mwmed
thermal_dispatch_mwh,"Thermal dispatch (generation)",energy_water,ons_open_data,daily,2022-04-23,6620.0428,mwmed
thermal_dispatch_mwh,"Thermal dispatch (generation)",energy_water,ons_open_data,daily,2022-04-24,6875.9977,mwmed
thermal_dispatch_mwh,"Thermal dispatch (generation)",energy_water,ons_open_data,daily,2022-04-25,6635.1901,mwmed
thermal_dispatch_mwh,"Thermal dispatch (generation)",energy_water,ons_open_data,daily,2022-04-26,6632.8735,mwmed
thermal_dispatch_mwh,"Thermal dispatch (generation)",energy_water,ons_open_data,daily,2022-04-27,6589.6450,mwmed
thermal_dispatch_mwh,"Thermal dispatch (generation)",energy_water,ons_open_data,daily,2022-04-28,6311.6620,mwmed
thermal_dispatch_mwh,"Thermal dispatch (generation)",energy_water,ons_open_data,daily,2022-04-29,6244.3317,mwmed
thermal_dispatch_mwh,"Thermal dispatch (generation)",energy_water,ons_open_data,daily,2022-04-30,6667.0435,mwmed
thermal_dispatch_mwh,"Thermal dispatch (generation)",energy_water,ons_open_data,daily,2022-05-01,6705.5070,mwmed
thermal_dispatch_mwh,"Thermal dispatch (generation)",energy_water,ons_open_data,daily,2022-05-02,6726.4411,mwmed
thermal_dispatch_mwh,"Thermal dispatch (generation)",energy_water,ons_open_data,daily,2022-05-03,7151.4735,mwmed
thermal_dispatch_mwh,"Thermal dispatch (generation)",energy_water,ons_open_data,daily,2022-05-04,7212.2633,mwmed
thermal_dispatch_mwh,"Thermal dispatch (generation)",energy_water,ons_open_data,daily,2022-05-05,6786.4760,mwmed
thermal_dispatch_mwh,"Thermal dispatch (generation)",energy_water,ons_open_data,daily,2022-05-06,7518.4499,mwmed
thermal_dispatch_mwh,"Thermal dispatch (generation)",energy_water,ons_open_data,daily,2022-05-07,7566.8828,mwmed
thermal_dispatch_mwh,"Thermal dispatch (generation)",energy_water,ons_open_data,daily,2022-05-08,7680.8710,mwmed
thermal_dispatch_mwh,"Thermal dispatch (generation)",energy_water,ons_open_data,daily,2022-05-09,8037.3257,mwmed
thermal_dispatch_mwh,"Thermal dispatch (generation)",energy_water,ons_open_data,daily,2022-05-10,8225.3706,mwmed
thermal_dispatch_mwh,"Thermal dispatch (generation)",energy_water,ons_open_data,daily,2022-05-11,8441.0020,mwmed
thermal_dispatch_mwh,"Thermal dispatch (generation)",energy_water,ons_open_data,daily,2022-05-12,8426.3230,mwmed
thermal_dispatch_mwh,"Thermal dispatch (generation)",energy_water,ons_open_data,daily,2022-05-13,8422.6998,mwmed
thermal_dispatch_mwh,"Thermal dispatch (generation)",energy_water,ons_open_data,daily,2022-05-14,8389.2030,mwmed
thermal_dispatch_mwh,"Thermal dispatch (generation)",energy_water,ons_open_data,daily,2022-05-15,8588.4782,mwmed
thermal_dispatch_mwh,"Thermal dispatch (generation)",energy_water,ons_open_data,daily,2022-05-16,8644.5298,mwmed
thermal_dispatch_mwh,"Thermal dispatch (generation)",energy_water,ons_open_data,daily,2022-05-17,8236.8812,mwmed
thermal_dispatch_mwh,"Thermal dispatch (generation)",energy_water,ons_open_data,daily,2022-05-18,8291.2861,mwmed
thermal_dispatch_mwh,"Thermal dispatch (generation)",energy_water,ons_open_data,daily,2022-05-19,8359.6245,mwmed
thermal_dispatch_mwh,"Thermal dispatch (generation)",energy_water,ons_open_data,daily,2022-05-20,8596.7509,mwmed
thermal_dispatch_mwh,"Thermal dispatch (generation)",energy_water,ons_open_data,daily,2022-05-21,9278.2108,mwmed
thermal_dispatch_mwh,"Thermal dispatch (generation)",energy_water,ons_open_data,daily,2022-05-22,9245.8475,mwmed
thermal_dispatch_mwh,"Thermal dispatch (generation)",energy_water,ons_open_data,daily,2022-05-23,9145.7354,mwmed
thermal_dispatch_mwh,"Thermal dispatch (generation)",energy_water,ons_open_data,daily,2022-05-24,9028.4305,mwmed
thermal_dispatch_mwh,"Thermal dispatch (generation)",energy_water,ons_open_data,daily,2022-05-25,9007.9183,mwmed
thermal_dispatch_mwh,"Thermal dispatch (generation)",energy_water,ons_open_data,daily,2022-05-26,9223.4627,mwmed
thermal_dispatch_mwh,"Thermal dispatch (generation)",energy_water,ons_open_data,daily,2022-05-27,9359.1101,mwmed
thermal_dispatch_mwh,"Thermal dispatch (generation)",energy_water,ons_open_data,daily,2022-05-28,9080.6372,mwmed
thermal_dispatch_mwh,"Thermal dispatch (generation)",energy_water,ons_open_data,daily,2022-05-29,8353.3135,mwmed
thermal_dispatch_mwh,"Thermal dispatch (generation)",energy_water,ons_open_data,daily,2022-05-30,8390.3812,mwmed
thermal_dispatch_mwh,"Thermal dispatch (generation)",energy_water,ons_open_data,daily,2022-05-31,8038.1201,mwmed
thermal_dispatch_mwh,"Thermal dispatch (generation)",energy_water,ons_open_data,daily,2022-06-01,9215.2346,mwmed
thermal_dispatch_mwh,"Thermal dispatch (generation)",energy_water,ons_open_data,daily,2022-06-02,9456.2656,mwmed
thermal_dispatch_mwh,"Thermal dispatch (generation)",energy_water,ons_open_data,daily,2022-06-03,9551.1240,mwmed
thermal_dispatch_mwh,"Thermal dispatch (generation)",energy_water,ons_open_data,daily,2022-06-04,9663.9013,mwmed
thermal_dispatch_mwh,"Thermal dispatch (generation)",energy_water,ons_open_data,daily,2022-06-05,10202.6329,mwmed
thermal_dispatch_mwh,"Thermal dispatch (generation)",energy_water,ons_open_data,daily,2022-06-06,10344.1669,mwmed
thermal_dispatch_mwh,"Thermal dispatch (generation)",energy_water,ons_open_data,daily,2022-06-07,10554.3738,mwmed
thermal_dispatch_mwh,"Thermal dispatch (generation)",energy_water,ons_open_data,daily,2022-06-08,10209.3916,mwmed
thermal_dispatch_mwh,"Thermal dispatch (generation)",energy_water,ons_open_data,daily,2022-06-09,9692.3353,mwmed
thermal_dispatch_mwh,"Thermal dispatch (generation)",energy_water,ons_open_data,daily,2022-06-10,9908.1970,mwmed
thermal_dispatch_mwh,"Thermal dispatch (generation)",energy_water,ons_open_data,daily,2022-06-11,9951.7492,mwmed
thermal_dispatch_mwh,"Thermal dispatch (generation)",energy_water,ons_open_data,daily,2022-06-12,8780.6737,mwmed
thermal_dispatch_mwh,"Thermal dispatch (generation)",energy_water,ons_open_data,daily,2022-06-13,9216.4992,mwmed
thermal_dispatch_mwh,"Thermal dispatch (generation)",energy_water,ons_open_data,daily,2022-06-14,9332.2280,mwmed
thermal_dispatch_mwh,"Thermal dispatch (generation)",energy_water,ons_open_data,daily,2022-06-15,8997.6490,mwmed
thermal_dispatch_mwh,"Thermal dispatch (generation)",energy_water,ons_open_data,daily,2022-06-16,8999.8290,mwmed
thermal_dispatch_mwh,"Thermal dispatch (generation)",energy_water,ons_open_data,daily,2022-06-17,8966.7958,mwmed
thermal_dispatch_mwh,"Thermal dispatch (generation)",energy_water,ons_open_data,daily,2022-06-18,8522.0498,mwmed
thermal_dispatch_mwh,"Thermal dispatch (generation)",energy_water,ons_open_data,daily,2022-06-19,8493.8980,mwmed
thermal_dispatch_mwh,"Thermal dispatch (generation)",energy_water,ons_open_data,daily,2022-06-20,8390.9445,mwmed
thermal_dispatch_mwh,"Thermal dispatch (generation)",energy_water,ons_open_data,daily,2022-06-21,8601.3375,mwmed
thermal_dispatch_mwh,"Thermal dispatch (generation)",energy_water,ons_open_data,daily,2022-06-22,8795.8730,mwmed
thermal_dispatch_mwh,"Thermal dispatch (generation)",energy_water,ons_open_data,daily,2022-06-23,8831.0945,mwmed
thermal_dispatch_mwh,"Thermal dispatch (generation)",energy_water,ons_open_data,daily,2022-06-24,8860.0948,mwmed
thermal_dispatch_mwh,"Thermal dispatch (generation)",energy_water,ons_open_data,daily,2022-06-25,8868.2430,mwmed
thermal_dispatch_mwh,"Thermal dispatch (generation)",energy_water,ons_open_data,daily,2022-06-26,8833.3901,mwmed
thermal_dispatch_mwh,"Thermal dispatch (generation)",energy_water,ons_open_data,daily,2022-06-27,8504.0275,mwmed
thermal_dispatch_mwh,"Thermal dispatch (generation)",energy_water,ons_open_data,daily,2022-06-28,8505.6179,mwmed
thermal_dispatch_mwh,"Thermal dispatch (generation)",energy_water,ons_open_data,daily,2022-06-29,8264.7242,mwmed
thermal_dispatch_mwh,"Thermal dispatch (generation)",energy_water,ons_open_data,daily,2022-06-30,8400.2636,mwmed
thermal_dispatch_mwh,"Thermal dispatch (generation)",energy_water,ons_open_data,daily,2022-07-01,8402.6787,mwmed
thermal_dispatch_mwh,"Thermal dispatch (generation)",energy_water,ons_open_data,daily,2022-07-02,8317.0739,mwmed
thermal_dispatch_mwh,"Thermal dispatch (generation)",energy_water,ons_open_data,daily,2022-07-03,8164.1341,mwmed
thermal_dispatch_mwh,"Thermal dispatch (generation)",energy_water,ons_open_data,daily,2022-07-04,8448.6888,mwmed
thermal_dispatch_mwh,"Thermal dispatch (generation)",energy_water,ons_open_data,daily,2022-07-05,8388.4746,mwmed
thermal_dispatch_mwh,"Thermal dispatch (generation)",energy_water,ons_open_data,daily,2022-07-06,8571.1847,mwmed
thermal_dispatch_mwh,"Thermal dispatch (generation)",energy_water,ons_open_data,daily,2022-07-07,8769.1995,mwmed
thermal_dispatch_mwh,"Thermal dispatch (generation)",energy_water,ons_open_data,daily,2022-07-08,8488.4418,mwmed
thermal_dispatch_mwh,"Thermal dispatch (generation)",energy_water,ons_open_data,daily,2022-07-09,8515.8712,mwmed
thermal_dispatch_mwh,"Thermal dispatch (generation)",energy_water,ons_open_data,daily,2022-07-10,8598.8482,mwmed
thermal_dispatch_mwh,"Thermal dispatch (generation)",energy_water,ons_open_data,daily,2022-07-11,8959.6176,mwmed
thermal_dispatch_mwh,"Thermal dispatch (generation)",energy_water,ons_open_data,daily,2022-07-12,9054.9530,mwmed
thermal_dispatch_mwh,"Thermal dispatch (generation)",energy_water,ons_open_data,daily,2022-07-13,8926.9596,mwmed
thermal_dispatch_mwh,"Thermal dispatch (generation)",energy_water,ons_open_data,daily,2022-07-14,8763.5982,mwmed
thermal_dispatch_mwh,"Thermal dispatch (generation)",energy_water,ons_open_data,daily,2022-07-15,8819.5841,mwmed
thermal_dispatch_mwh,"Thermal dispatch (generation)",energy_water,ons_open_data,daily,2022-07-16,8815.8326,mwmed
thermal_dispatch_mwh,"Thermal dispatch (generation)",energy_water,ons_open_data,daily,2022-07-17,8755.3053,mwmed
thermal_dispatch_mwh,"Thermal dispatch (generation)",energy_water,ons_open_data,daily,2022-07-18,8568.4907,mwmed
thermal_dispatch_mwh,"Thermal dispatch (generation)",energy_water,ons_open_data,daily,2022-07-19,8458.9709,mwmed
thermal_dispatch_mwh,"Thermal dispatch (generation)",energy_water,ons_open_data,daily,2022-07-20,8507.0355,mwmed
thermal_dispatch_mwh,"Thermal dispatch (generation)",energy_water,ons_open_data,daily,2022-07-21,8665.3883,mwmed
thermal_dispatch_mwh,"Thermal dispatch (generation)",energy_water,ons_open_data,daily,2022-07-22,8344.9830,mwmed
thermal_dispatch_mwh,"Thermal dispatch (generation)",energy_water,ons_open_data,daily,2022-07-23,8620.6163,mwmed
thermal_dispatch_mwh,"Thermal dispatch (generation)",energy_water,ons_open_data,daily,2022-07-24,8366.8504,mwmed
thermal_dispatch_mwh,"Thermal dispatch (generation)",energy_water,ons_open_data,daily,2022-07-25,8593.3362,mwmed
thermal_dispatch_mwh,"Thermal dispatch (generation)",energy_water,ons_open_data,daily,2022-07-26,8591.9186,mwmed
thermal_dispatch_mwh,"Thermal dispatch (generation)",energy_water,ons_open_data,daily,2022-07-27,9196.7548,mwmed
thermal_dispatch_mwh,"Thermal dispatch (generation)",energy_water,ons_open_data,daily,2022-07-28,9862.9745,mwmed
thermal_dispatch_mwh,"Thermal dispatch (generation)",energy_water,ons_open_data,daily,2022-07-29,9850.7741,mwmed
thermal_dispatch_mwh,"Thermal dispatch (generation)",energy_water,ons_open_data,daily,2022-07-30,9794.9935,mwmed
thermal_dispatch_mwh,"Thermal dispatch (generation)",energy_water,ons_open_data,daily,2022-07-31,9788.8163,mwmed
thermal_dispatch_mwh,"Thermal dispatch (generation)",energy_water,ons_open_data,daily,2022-08-01,10042.9014,mwmed
thermal_dispatch_mwh,"Thermal dispatch (generation)",energy_water,ons_open_data,daily,2022-08-02,10140.2246,mwmed
thermal_dispatch_mwh,"Thermal dispatch (generation)",energy_water,ons_open_data,daily,2022-08-03,10422.0855,mwmed
thermal_dispatch_mwh,"Thermal dispatch (generation)",energy_water,ons_open_data,daily,2022-08-04,10134.5647,mwmed
thermal_dispatch_mwh,"Thermal dispatch (generation)",energy_water,ons_open_data,daily,2022-08-05,10434.1787,mwmed
thermal_dispatch_mwh,"Thermal dispatch (generation)",energy_water,ons_open_data,daily,2022-08-06,10385.3807,mwmed
thermal_dispatch_mwh,"Thermal dispatch (generation)",energy_water,ons_open_data,daily,2022-08-07,10147.3687,mwmed
thermal_dispatch_mwh,"Thermal dispatch (generation)",energy_water,ons_open_data,daily,2022-08-08,9872.1565,mwmed
thermal_dispatch_mwh,"Thermal dispatch (generation)",energy_water,ons_open_data,daily,2022-08-09,9842.7796,mwmed
thermal_dispatch_mwh,"Thermal dispatch (generation)",energy_water,ons_open_data,daily,2022-08-10,9744.9366,mwmed
thermal_dispatch_mwh,"Thermal dispatch (generation)",energy_water,ons_open_data,daily,2022-08-11,9842.2807,mwmed
thermal_dispatch_mwh,"Thermal dispatch (generation)",energy_water,ons_open_data,daily,2022-08-12,10059.3756,mwmed
thermal_dispatch_mwh,"Thermal dispatch (generation)",energy_water,ons_open_data,daily,2022-08-13,9558.7373,mwmed
thermal_dispatch_mwh,"Thermal dispatch (generation)",energy_water,ons_open_data,daily,2022-08-14,9554.8425,mwmed
thermal_dispatch_mwh,"Thermal dispatch (generation)",energy_water,ons_open_data,daily,2022-08-15,9407.4385,mwmed
thermal_dispatch_mwh,"Thermal dispatch (generation)",energy_water,ons_open_data,daily,2022-08-16,9272.1159,mwmed
thermal_dispatch_mwh,"Thermal dispatch (generation)",energy_water,ons_open_data,daily,2022-08-17,8799.9412,mwmed
thermal_dispatch_mwh,"Thermal dispatch (generation)",energy_water,ons_open_data,daily,2022-08-18,8513.2067,mwmed
thermal_dispatch_mwh,"Thermal dispatch (generation)",energy_water,ons_open_data,daily,2022-08-19,8552.0011,mwmed
thermal_dispatch_mwh,"Thermal dispatch (generation)",energy_water,ons_open_data,daily,2022-08-20,8955.6866,mwmed
thermal_dispatch_mwh,"Thermal dispatch (generation)",energy_water,ons_open_data,daily,2022-08-21,8857.3145,mwmed
thermal_dispatch_mwh,"Thermal dispatch (generation)",energy_water,ons_open_data,daily,2022-08-22,9141.5319,mwmed
thermal_dispatch_mwh,"Thermal dispatch (generation)",energy_water,ons_open_data,daily,2022-08-23,9446.3183,mwmed
thermal_dispatch_mwh,"Thermal dispatch (generation)",energy_water,ons_open_data,daily,2022-08-24,9499.6048,mwmed
thermal_dispatch_mwh,"Thermal dispatch (generation)",energy_water,ons_open_data,daily,2022-08-25,9472.8541,mwmed
thermal_dispatch_mwh,"Thermal dispatch (generation)",energy_water,ons_open_data,daily,2022-08-26,9583.6911,mwmed
thermal_dispatch_mwh,"Thermal dispatch (generation)",energy_water,ons_open_data,daily,2022-08-27,9474.7222,mwmed
thermal_dispatch_mwh,"Thermal dispatch (generation)",energy_water,ons_open_data,daily,2022-08-28,8992.5247,mwmed
thermal_dispatch_mwh,"Thermal dispatch (generation)",energy_water,ons_open_data,daily,2022-08-29,8779.5132,mwmed
thermal_dispatch_mwh,"Thermal dispatch (generation)",energy_water,ons_open_data,daily,2022-08-30,8741.2413,mwmed
thermal_dispatch_mwh,"Thermal dispatch (generation)",energy_water,ons_open_data,daily,2022-08-31,8973.5132,mwmed
thermal_dispatch_mwh,"Thermal dispatch (generation)",energy_water,ons_open_data,daily,2022-09-01,9198.0208,mwmed
thermal_dispatch_mwh,"Thermal dispatch (generation)",energy_water,ons_open_data,daily,2022-09-02,9627.5592,mwmed
thermal_dispatch_mwh,"Thermal dispatch (generation)",energy_water,ons_open_data,daily,2022-09-03,9680.3694,mwmed
thermal_dispatch_mwh,"Thermal dispatch (generation)",energy_water,ons_open_data,daily,2022-09-04,9912.1852,mwmed
thermal_dispatch_mwh,"Thermal dispatch (generation)",energy_water,ons_open_data,daily,2022-09-05,9974.0259,mwmed
thermal_dispatch_mwh,"Thermal dispatch (generation)",energy_water,ons_open_data,daily,2022-09-06,10059.2235,mwmed
thermal_dispatch_mwh,"Thermal dispatch (generation)",energy_water,ons_open_data,daily,2022-09-07,9594.8419,mwmed
thermal_dispatch_mwh,"Thermal dispatch (generation)",energy_water,ons_open_data,daily,2022-09-08,9717.7123,mwmed
thermal_dispatch_mwh,"Thermal dispatch (generation)",energy_water,ons_open_data,daily,2022-09-09,9621.2471,mwmed
thermal_dispatch_mwh,"Thermal dispatch (generation)",energy_water,ons_open_data,daily,2022-09-10,9603.3778,mwmed
thermal_dispatch_mwh,"Thermal dispatch (generation)",energy_water,ons_open_data,daily,2022-09-11,9615.8483,mwmed
thermal_dispatch_mwh,"Thermal dispatch (generation)",energy_water,ons_open_data,daily,2022-09-12,9987.6339,mwmed
thermal_dispatch_mwh,"Thermal dispatch (generation)",energy_water,ons_open_data,daily,2022-09-13,9939.6383,mwmed
thermal_dispatch_mwh,"Thermal dispatch (generation)",energy_water,ons_open_data,daily,2022-09-14,9835.5285,mwmed
thermal_dispatch_mwh,"Thermal dispatch (generation)",energy_water,ons_open_data,daily,2022-09-15,9528.2813,mwmed
thermal_dispatch_mwh,"Thermal dispatch (generation)",energy_water,ons_open_data,daily,2022-09-16,9693.9232,mwmed
thermal_dispatch_mwh,"Thermal dispatch (generation)",energy_water,ons_open_data,daily,2022-09-17,9630.2632,mwmed
thermal_dispatch_mwh,"Thermal dispatch (generation)",energy_water,ons_open_data,daily,2022-09-18,9222.6467,mwmed
thermal_dispatch_mwh,"Thermal dispatch (generation)",energy_water,ons_open_data,daily,2022-09-19,8916.7445,mwmed
thermal_dispatch_mwh,"Thermal dispatch (generation)",energy_water,ons_open_data,daily,2022-09-20,8784.4803,mwmed
thermal_dispatch_mwh,"Thermal dispatch (generation)",energy_water,ons_open_data,daily,2022-09-21,8956.0666,mwmed
thermal_dispatch_mwh,"Thermal dispatch (generation)",energy_water,ons_open_data,daily,2022-09-22,8920.4161,mwmed
thermal_dispatch_mwh,"Thermal dispatch (generation)",energy_water,ons_open_data,daily,2022-09-23,9211.6443,mwmed
thermal_dispatch_mwh,"Thermal dispatch (generation)",energy_water,ons_open_data,daily,2022-09-24,9592.0582,mwmed
thermal_dispatch_mwh,"Thermal dispatch (generation)",energy_water,ons_open_data,daily,2022-09-25,9433.1130,mwmed
thermal_dispatch_mwh,"Thermal dispatch (generation)",energy_water,ons_open_data,daily,2022-09-26,9613.7214,mwmed
thermal_dispatch_mwh,"Thermal dispatch (generation)",energy_water,ons_open_data,daily,2022-09-27,9339.7241,mwmed
thermal_dispatch_mwh,"Thermal dispatch (generation)",energy_water,ons_open_data,daily,2022-09-28,8840.7695,mwmed
thermal_dispatch_mwh,"Thermal dispatch (generation)",energy_water,ons_open_data,daily,2022-09-29,9321.8734,mwmed
thermal_dispatch_mwh,"Thermal dispatch (generation)",energy_water,ons_open_data,daily,2022-09-30,9831.5014,mwmed
thermal_dispatch_mwh,"Thermal dispatch (generation)",energy_water,ons_open_data,daily,2022-10-01,9810.9884,mwmed
thermal_dispatch_mwh,"Thermal dispatch (generation)",energy_water,ons_open_data,daily,2022-10-02,10034.1756,mwmed
thermal_dispatch_mwh,"Thermal dispatch (generation)",energy_water,ons_open_data,daily,2022-10-03,9556.3378,mwmed
thermal_dispatch_mwh,"Thermal dispatch (generation)",energy_water,ons_open_data,daily,2022-10-04,9593.0613,mwmed
thermal_dispatch_mwh,"Thermal dispatch (generation)",energy_water,ons_open_data,daily,2022-10-05,9746.0612,mwmed
thermal_dispatch_mwh,"Thermal dispatch (generation)",energy_water,ons_open_data,daily,2022-10-06,9723.3825,mwmed
thermal_dispatch_mwh,"Thermal dispatch (generation)",energy_water,ons_open_data,daily,2022-10-07,8921.3025,mwmed
thermal_dispatch_mwh,"Thermal dispatch (generation)",energy_water,ons_open_data,daily,2022-10-08,9021.9388,mwmed
thermal_dispatch_mwh,"Thermal dispatch (generation)",energy_water,ons_open_data,daily,2022-10-09,9432.2923,mwmed
thermal_dispatch_mwh,"Thermal dispatch (generation)",energy_water,ons_open_data,daily,2022-10-10,8899.7773,mwmed
thermal_dispatch_mwh,"Thermal dispatch (generation)",energy_water,ons_open_data,daily,2022-10-11,8546.5364,mwmed
thermal_dispatch_mwh,"Thermal dispatch (generation)",energy_water,ons_open_data,daily,2022-10-12,8260.3316,mwmed
thermal_dispatch_mwh,"Thermal dispatch (generation)",energy_water,ons_open_data,daily,2022-10-13,8362.6809,mwmed
thermal_dispatch_mwh,"Thermal dispatch (generation)",energy_water,ons_open_data,daily,2022-10-14,8624.6867,mwmed
thermal_dispatch_mwh,"Thermal dispatch (generation)",energy_water,ons_open_data,daily,2022-10-15,9010.6045,mwmed
thermal_dispatch_mwh,"Thermal dispatch (generation)",energy_water,ons_open_data,daily,2022-10-16,9384.8072,mwmed
thermal_dispatch_mwh,"Thermal dispatch (generation)",energy_water,ons_open_data,daily,2022-10-17,9775.9861,mwmed
thermal_dispatch_mwh,"Thermal dispatch (generation)",energy_water,ons_open_data,daily,2022-10-18,9660.4470,mwmed
thermal_dispatch_mwh,"Thermal dispatch (generation)",energy_water,ons_open_data,daily,2022-10-19,9145.2417,mwmed
thermal_dispatch_mwh,"Thermal dispatch (generation)",energy_water,ons_open_data,daily,2022-10-20,9258.5536,mwmed
thermal_dispatch_mwh,"Thermal dispatch (generation)",energy_water,ons_open_data,daily,2022-10-21,8811.5680,mwmed
thermal_dispatch_mwh,"Thermal dispatch (generation)",energy_water,ons_open_data,daily,2022-10-22,8976.0740,mwmed
thermal_dispatch_mwh,"Thermal dispatch (generation)",energy_water,ons_open_data,daily,2022-10-23,9543.2814,mwmed
thermal_dispatch_mwh,"Thermal dispatch (generation)",energy_water,ons_open_data,daily,2022-10-24,9729.8144,mwmed
thermal_dispatch_mwh,"Thermal dispatch (generation)",energy_water,ons_open_data,daily,2022-10-25,9839.4680,mwmed
thermal_dispatch_mwh,"Thermal dispatch (generation)",energy_water,ons_open_data,daily,2022-10-26,9875.0186,mwmed
thermal_dispatch_mwh,"Thermal dispatch (generation)",energy_water,ons_open_data,daily,2022-10-27,9808.0123,mwmed
thermal_dispatch_mwh,"Thermal dispatch (generation)",energy_water,ons_open_data,daily,2022-10-28,8926.5910,mwmed
thermal_dispatch_mwh,"Thermal dispatch (generation)",energy_water,ons_open_data,daily,2022-10-29,9391.0361,mwmed
thermal_dispatch_mwh,"Thermal dispatch (generation)",energy_water,ons_open_data,daily,2022-10-30,9972.2917,mwmed
thermal_dispatch_mwh,"Thermal dispatch (generation)",energy_water,ons_open_data,daily,2022-10-31,9238.6653,mwmed
thermal_dispatch_mwh,"Thermal dispatch (generation)",energy_water,ons_open_data,daily,2022-11-01,8862.6869,mwmed
thermal_dispatch_mwh,"Thermal dispatch (generation)",energy_water,ons_open_data,daily,2022-11-02,8984.1408,mwmed
thermal_dispatch_mwh,"Thermal dispatch (generation)",energy_water,ons_open_data,daily,2022-11-03,9047.3110,mwmed
thermal_dispatch_mwh,"Thermal dispatch (generation)",energy_water,ons_open_data,daily,2022-11-04,9131.8902,mwmed
thermal_dispatch_mwh,"Thermal dispatch (generation)",energy_water,ons_open_data,daily,2022-11-05,9227.8262,mwmed
thermal_dispatch_mwh,"Thermal dispatch (generation)",energy_water,ons_open_data,daily,2022-11-06,9216.3920,mwmed
thermal_dispatch_mwh,"Thermal dispatch (generation)",energy_water,ons_open_data,daily,2022-11-07,9019.9607,mwmed
thermal_dispatch_mwh,"Thermal dispatch (generation)",energy_water,ons_open_data,daily,2022-11-08,9053.3651,mwmed
thermal_dispatch_mwh,"Thermal dispatch (generation)",energy_water,ons_open_data,daily,2022-11-09,8735.4853,mwmed
thermal_dispatch_mwh,"Thermal dispatch (generation)",energy_water,ons_open_data,daily,2022-11-10,7214.8616,mwmed
thermal_dispatch_mwh,"Thermal dispatch (generation)",energy_water,ons_open_data,daily,2022-11-11,6971.1241,mwmed
thermal_dispatch_mwh,"Thermal dispatch (generation)",energy_water,ons_open_data,daily,2022-11-12,6921.7950,mwmed
thermal_dispatch_mwh,"Thermal dispatch (generation)",energy_water,ons_open_data,daily,2022-11-13,7373.8676,mwmed
thermal_dispatch_mwh,"Thermal dispatch (generation)",energy_water,ons_open_data,daily,2022-11-14,8658.4966,mwmed
thermal_dispatch_mwh,"Thermal dispatch (generation)",energy_water,ons_open_data,daily,2022-11-15,8404.1877,mwmed
thermal_dispatch_mwh,"Thermal dispatch (generation)",energy_water,ons_open_data,daily,2022-11-16,7766.4887,mwmed
thermal_dispatch_mwh,"Thermal dispatch (generation)",energy_water,ons_open_data,daily,2022-11-17,7720.7053,mwmed
thermal_dispatch_mwh,"Thermal dispatch (generation)",energy_water,ons_open_data,daily,2022-11-18,7843.3356,mwmed
thermal_dispatch_mwh,"Thermal dispatch (generation)",energy_water,ons_open_data,daily,2022-11-19,7776.9860,mwmed
thermal_dispatch_mwh,"Thermal dispatch (generation)",energy_water,ons_open_data,daily,2022-11-20,7338.0556,mwmed
thermal_dispatch_mwh,"Thermal dispatch (generation)",energy_water,ons_open_data,daily,2022-11-21,7170.3677,mwmed
thermal_dispatch_mwh,"Thermal dispatch (generation)",energy_water,ons_open_data,daily,2022-11-22,6931.3491,mwmed
thermal_dispatch_mwh,"Thermal dispatch (generation)",energy_water,ons_open_data,daily,2022-11-23,7213.3157,mwmed
thermal_dispatch_mwh,"Thermal dispatch (generation)",energy_water,ons_open_data,daily,2022-11-24,7802.7098,mwmed
thermal_dispatch_mwh,"Thermal dispatch (generation)",energy_water,ons_open_data,daily,2022-11-25,7679.5581,mwmed
thermal_dispatch_mwh,"Thermal dispatch (generation)",energy_water,ons_open_data,daily,2022-11-26,7400.4515,mwmed
thermal_dispatch_mwh,"Thermal dispatch (generation)",energy_water,ons_open_data,daily,2022-11-27,7735.6628,mwmed
thermal_dispatch_mwh,"Thermal dispatch (generation)",energy_water,ons_open_data,daily,2022-11-28,7659.8087,mwmed
thermal_dispatch_mwh,"Thermal dispatch (generation)",energy_water,ons_open_data,daily,2022-11-29,7617.3547,mwmed
thermal_dispatch_mwh,"Thermal dispatch (generation)",energy_water,ons_open_data,daily,2022-11-30,8020.0814,mwmed
thermal_dispatch_mwh,"Thermal dispatch (generation)",energy_water,ons_open_data,daily,2022-12-01,8316.3371,mwmed
thermal_dispatch_mwh,"Thermal dispatch (generation)",energy_water,ons_open_data,daily,2022-12-02,8059.1306,mwmed
thermal_dispatch_mwh,"Thermal dispatch (generation)",energy_water,ons_open_data,daily,2022-12-03,8099.9637,mwmed
thermal_dispatch_mwh,"Thermal dispatch (generation)",energy_water,ons_open_data,daily,2022-12-04,8004.7301,mwmed
thermal_dispatch_mwh,"Thermal dispatch (generation)",energy_water,ons_open_data,daily,2022-12-05,8031.9884,mwmed
thermal_dispatch_mwh,"Thermal dispatch (generation)",energy_water,ons_open_data,daily,2022-12-06,8224.2970,mwmed
thermal_dispatch_mwh,"Thermal dispatch (generation)",energy_water,ons_open_data,daily,2022-12-07,8210.2687,mwmed
thermal_dispatch_mwh,"Thermal dispatch (generation)",energy_water,ons_open_data,daily,2022-12-08,7914.9128,mwmed
thermal_dispatch_mwh,"Thermal dispatch (generation)",energy_water,ons_open_data,daily,2022-12-09,8030.7995,mwmed
thermal_dispatch_mwh,"Thermal dispatch (generation)",energy_water,ons_open_data,daily,2022-12-10,8388.6442,mwmed
thermal_dispatch_mwh,"Thermal dispatch (generation)",energy_water,ons_open_data,daily,2022-12-11,7910.9926,mwmed
thermal_dispatch_mwh,"Thermal dispatch (generation)",energy_water,ons_open_data,daily,2022-12-12,8167.6710,mwmed
thermal_dispatch_mwh,"Thermal dispatch (generation)",energy_water,ons_open_data,daily,2022-12-13,8101.5257,mwmed
thermal_dispatch_mwh,"Thermal dispatch (generation)",energy_water,ons_open_data,daily,2022-12-14,8165.9433,mwmed
thermal_dispatch_mwh,"Thermal dispatch (generation)",energy_water,ons_open_data,daily,2022-12-15,7728.4423,mwmed
thermal_dispatch_mwh,"Thermal dispatch (generation)",energy_water,ons_open_data,daily,2022-12-16,7128.0582,mwmed
thermal_dispatch_mwh,"Thermal dispatch (generation)",energy_water,ons_open_data,daily,2022-12-17,6929.2543,mwmed
thermal_dispatch_mwh,"Thermal dispatch (generation)",energy_water,ons_open_data,daily,2022-12-18,7315.8640,mwmed
thermal_dispatch_mwh,"Thermal dispatch (generation)",energy_water,ons_open_data,daily,2022-12-19,7194.5174,mwmed
thermal_dispatch_mwh,"Thermal dispatch (generation)",energy_water,ons_open_data,daily,2022-12-20,7115.2291,mwmed
thermal_dispatch_mwh,"Thermal dispatch (generation)",energy_water,ons_open_data,daily,2022-12-21,7031.4445,mwmed
thermal_dispatch_mwh,"Thermal dispatch (generation)",energy_water,ons_open_data,daily,2022-12-22,6897.1812,mwmed
thermal_dispatch_mwh,"Thermal dispatch (generation)",energy_water,ons_open_data,daily,2022-12-23,7177.1970,mwmed
thermal_dispatch_mwh,"Thermal dispatch (generation)",energy_water,ons_open_data,daily,2022-12-24,6191.2317,mwmed
thermal_dispatch_mwh,"Thermal dispatch (generation)",energy_water,ons_open_data,daily,2022-12-25,6097.5225,mwmed
thermal_dispatch_mwh,"Thermal dispatch (generation)",energy_water,ons_open_data,daily,2022-12-26,6170.4041,mwmed
thermal_dispatch_mwh,"Thermal dispatch (generation)",energy_water,ons_open_data,daily,2022-12-27,6062.8257,mwmed
thermal_dispatch_mwh,"Thermal dispatch (generation)",energy_water,ons_open_data,daily,2022-12-28,5931.7020,mwmed
thermal_dispatch_mwh,"Thermal dispatch (generation)",energy_water,ons_open_data,daily,2022-12-29,5860.5867,mwmed
thermal_dispatch_mwh,"Thermal dispatch (generation)",energy_water,ons_open_data,daily,2022-12-30,5968.0505,mwmed
thermal_dispatch_mwh,"Thermal dispatch (generation)",energy_water,ons_open_data,daily,2022-12-31,5694.5233,mwmed
thermal_dispatch_mwh,"Thermal dispatch (generation)",energy_water,ons_open_data,daily,2023-01-01,5622.9783,mwmed
thermal_dispatch_mwh,"Thermal dispatch (generation)",energy_water,ons_open_data,daily,2023-01-02,6540.4854,mwmed
thermal_dispatch_mwh,"Thermal dispatch (generation)",energy_water,ons_open_data,daily,2023-01-03,7040.0128,mwmed
thermal_dispatch_mwh,"Thermal dispatch (generation)",energy_water,ons_open_data,daily,2023-01-04,7015.8490,mwmed
thermal_dispatch_mwh,"Thermal dispatch (generation)",energy_water,ons_open_data,daily,2023-01-05,6145.8478,mwmed
thermal_dispatch_mwh,"Thermal dispatch (generation)",energy_water,ons_open_data,daily,2023-01-06,5545.1324,mwmed
thermal_dispatch_mwh,"Thermal dispatch (generation)",energy_water,ons_open_data,daily,2023-01-07,5856.3695,mwmed
thermal_dispatch_mwh,"Thermal dispatch (generation)",energy_water,ons_open_data,daily,2023-01-08,6680.1914,mwmed
thermal_dispatch_mwh,"Thermal dispatch (generation)",energy_water,ons_open_data,daily,2023-01-09,6694.3292,mwmed
thermal_dispatch_mwh,"Thermal dispatch (generation)",energy_water,ons_open_data,daily,2023-01-10,6027.2577,mwmed
thermal_dispatch_mwh,"Thermal dispatch (generation)",energy_water,ons_open_data,daily,2023-01-11,6005.1411,mwmed
thermal_dispatch_mwh,"Thermal dispatch (generation)",energy_water,ons_open_data,daily,2023-01-12,6349.2253,mwmed
thermal_dispatch_mwh,"Thermal dispatch (generation)",energy_water,ons_open_data,daily,2023-01-13,6878.2012,mwmed
thermal_dispatch_mwh,"Thermal dispatch (generation)",energy_water,ons_open_data,daily,2023-01-14,6851.8911,mwmed
thermal_dispatch_mwh,"Thermal dispatch (generation)",energy_water,ons_open_data,daily,2023-01-15,6826.6140,mwmed
thermal_dispatch_mwh,"Thermal dispatch (generation)",energy_water,ons_open_data,daily,2023-01-16,6969.2762,mwmed
thermal_dispatch_mwh,"Thermal dispatch (generation)",energy_water,ons_open_data,daily,2023-01-17,6613.7238,mwmed
thermal_dispatch_mwh,"Thermal dispatch (generation)",energy_water,ons_open_data,daily,2023-01-18,7100.7214,mwmed
thermal_dispatch_mwh,"Thermal dispatch (generation)",energy_water,ons_open_data,daily,2023-01-19,7285.8946,mwmed
thermal_dispatch_mwh,"Thermal dispatch (generation)",energy_water,ons_open_data,daily,2023-01-20,7403.8884,mwmed
thermal_dispatch_mwh,"Thermal dispatch (generation)",energy_water,ons_open_data,daily,2023-01-21,6803.3007,mwmed
thermal_dispatch_mwh,"Thermal dispatch (generation)",energy_water,ons_open_data,daily,2023-01-22,6664.5208,mwmed
thermal_dispatch_mwh,"Thermal dispatch (generation)",energy_water,ons_open_data,daily,2023-01-23,6638.1370,mwmed
thermal_dispatch_mwh,"Thermal dispatch (generation)",energy_water,ons_open_data,daily,2023-01-24,6698.1359,mwmed
thermal_dispatch_mwh,"Thermal dispatch (generation)",energy_water,ons_open_data,daily,2023-01-25,6731.3405,mwmed
thermal_dispatch_mwh,"Thermal dispatch (generation)",energy_water,ons_open_data,daily,2023-01-26,6070.5425,mwmed
thermal_dispatch_mwh,"Thermal dispatch (generation)",energy_water,ons_open_data,daily,2023-01-27,5872.2515,mwmed
thermal_dispatch_mwh,"Thermal dispatch (generation)",energy_water,ons_open_data,daily,2023-01-28,5877.7045,mwmed
thermal_dispatch_mwh,"Thermal dispatch (generation)",energy_water,ons_open_data,daily,2023-01-29,5955.8132,mwmed
thermal_dispatch_mwh,"Thermal dispatch (generation)",energy_water,ons_open_data,daily,2023-01-30,5966.0478,mwmed
thermal_dispatch_mwh,"Thermal dispatch (generation)",energy_water,ons_open_data,daily,2023-01-31,5809.3197,mwmed
thermal_dispatch_mwh,"Thermal dispatch (generation)",energy_water,ons_open_data,daily,2023-02-01,5749.6078,mwmed
thermal_dispatch_mwh,"Thermal dispatch (generation)",energy_water,ons_open_data,daily,2023-02-02,5608.7248,mwmed
thermal_dispatch_mwh,"Thermal dispatch (generation)",energy_water,ons_open_data,daily,2023-02-03,5702.4552,mwmed
thermal_dispatch_mwh,"Thermal dispatch (generation)",energy_water,ons_open_data,daily,2023-02-04,5727.1277,mwmed
thermal_dispatch_mwh,"Thermal dispatch (generation)",energy_water,ons_open_data,daily,2023-02-05,5588.4698,mwmed
thermal_dispatch_mwh,"Thermal dispatch (generation)",energy_water,ons_open_data,daily,2023-02-06,5712.3852,mwmed
thermal_dispatch_mwh,"Thermal dispatch (generation)",energy_water,ons_open_data,daily,2023-02-07,5735.8903,mwmed
thermal_dispatch_mwh,"Thermal dispatch (generation)",energy_water,ons_open_data,daily,2023-02-08,5637.0533,mwmed
thermal_dispatch_mwh,"Thermal dispatch (generation)",energy_water,ons_open_data,daily,2023-02-09,5795.0060,mwmed
thermal_dispatch_mwh,"Thermal dispatch (generation)",energy_water,ons_open_data,daily,2023-02-10,5788.4009,mwmed
thermal_dispatch_mwh,"Thermal dispatch (generation)",energy_water,ons_open_data,daily,2023-02-11,5818.9929,mwmed
thermal_dispatch_mwh,"Thermal dispatch (generation)",energy_water,ons_open_data,daily,2023-02-12,5715.3439,mwmed
thermal_dispatch_mwh,"Thermal dispatch (generation)",energy_water,ons_open_data,daily,2023-02-13,5808.8404,mwmed
thermal_dispatch_mwh,"Thermal dispatch (generation)",energy_water,ons_open_data,daily,2023-02-14,5629.4795,mwmed
thermal_dispatch_mwh,"Thermal dispatch (generation)",energy_water,ons_open_data,daily,2023-02-15,5649.5890,mwmed
thermal_dispatch_mwh,"Thermal dispatch (generation)",energy_water,ons_open_data,daily,2023-02-16,5659.2088,mwmed
thermal_dispatch_mwh,"Thermal dispatch (generation)",energy_water,ons_open_data,daily,2023-02-17,5766.4520,mwmed
thermal_dispatch_mwh,"Thermal dispatch (generation)",energy_water,ons_open_data,daily,2023-02-18,5552.8614,mwmed
thermal_dispatch_mwh,"Thermal dispatch (generation)",energy_water,ons_open_data,daily,2023-02-19,4591.0778,mwmed
thermal_dispatch_mwh,"Thermal dispatch (generation)",energy_water,ons_open_data,daily,2023-02-20,4638.9558,mwmed
thermal_dispatch_mwh,"Thermal dispatch (generation)",energy_water,ons_open_data,daily,2023-02-21,4504.9163,mwmed
thermal_dispatch_mwh,"Thermal dispatch (generation)",energy_water,ons_open_data,daily,2023-02-22,4477.4895,mwmed
thermal_dispatch_mwh,"Thermal dispatch (generation)",energy_water,ons_open_data,daily,2023-02-23,4685.9268,mwmed
thermal_dispatch_mwh,"Thermal dispatch (generation)",energy_water,ons_open_data,daily,2023-02-24,5638.0387,mwmed
thermal_dispatch_mwh,"Thermal dispatch (generation)",energy_water,ons_open_data,daily,2023-02-25,6155.0295,mwmed
thermal_dispatch_mwh,"Thermal dispatch (generation)",energy_water,ons_open_data,daily,2023-02-26,6086.4352,mwmed
thermal_dispatch_mwh,"Thermal dispatch (generation)",energy_water,ons_open_data,daily,2023-02-27,6318.0875,mwmed
thermal_dispatch_mwh,"Thermal dispatch (generation)",energy_water,ons_open_data,daily,2023-02-28,6217.3802,mwmed
thermal_dispatch_mwh,"Thermal dispatch (generation)",energy_water,ons_open_data,daily,2023-03-01,6084.3132,mwmed
thermal_dispatch_mwh,"Thermal dispatch (generation)",energy_water,ons_open_data,daily,2023-03-02,6067.7223,mwmed
thermal_dispatch_mwh,"Thermal dispatch (generation)",energy_water,ons_open_data,daily,2023-03-03,5865.0070,mwmed
thermal_dispatch_mwh,"Thermal dispatch (generation)",energy_water,ons_open_data,daily,2023-03-04,5640.9269,mwmed
thermal_dispatch_mwh,"Thermal dispatch (generation)",energy_water,ons_open_data,daily,2023-03-05,6004.0085,mwmed
thermal_dispatch_mwh,"Thermal dispatch (generation)",energy_water,ons_open_data,daily,2023-03-06,5801.9957,mwmed
thermal_dispatch_mwh,"Thermal dispatch (generation)",energy_water,ons_open_data,daily,2023-03-07,5733.0457,mwmed
thermal_dispatch_mwh,"Thermal dispatch (generation)",energy_water,ons_open_data,daily,2023-03-08,5560.9052,mwmed
thermal_dispatch_mwh,"Thermal dispatch (generation)",energy_water,ons_open_data,daily,2023-03-09,5436.9114,mwmed
thermal_dispatch_mwh,"Thermal dispatch (generation)",energy_water,ons_open_data,daily,2023-03-10,5100.5684,mwmed
thermal_dispatch_mwh,"Thermal dispatch (generation)",energy_water,ons_open_data,daily,2023-03-11,4597.9854,mwmed
thermal_dispatch_mwh,"Thermal dispatch (generation)",energy_water,ons_open_data,daily,2023-03-12,4664.8334,mwmed
thermal_dispatch_mwh,"Thermal dispatch (generation)",energy_water,ons_open_data,daily,2023-03-13,4688.2742,mwmed
thermal_dispatch_mwh,"Thermal dispatch (generation)",energy_water,ons_open_data,daily,2023-03-14,4800.5238,mwmed
thermal_dispatch_mwh,"Thermal dispatch (generation)",energy_water,ons_open_data,daily,2023-03-15,4765.2739,mwmed
thermal_dispatch_mwh,"Thermal dispatch (generation)",energy_water,ons_open_data,daily,2023-03-16,5354.2080,mwmed
thermal_dispatch_mwh,"Thermal dispatch (generation)",energy_water,ons_open_data,daily,2023-03-17,5927.0701,mwmed
thermal_dispatch_mwh,"Thermal dispatch (generation)",energy_water,ons_open_data,daily,2023-03-18,6094.9074,mwmed
thermal_dispatch_mwh,"Thermal dispatch (generation)",energy_water,ons_open_data,daily,2023-03-19,6244.9663,mwmed
thermal_dispatch_mwh,"Thermal dispatch (generation)",energy_water,ons_open_data,daily,2023-03-20,6325.6044,mwmed
thermal_dispatch_mwh,"Thermal dispatch (generation)",energy_water,ons_open_data,daily,2023-03-21,6134.8629,mwmed
thermal_dispatch_mwh,"Thermal dispatch (generation)",energy_water,ons_open_data,daily,2023-03-22,6307.3895,mwmed
thermal_dispatch_mwh,"Thermal dispatch (generation)",energy_water,ons_open_data,daily,2023-03-23,6444.3992,mwmed
thermal_dispatch_mwh,"Thermal dispatch (generation)",energy_water,ons_open_data,daily,2023-03-24,6607.6710,mwmed
thermal_dispatch_mwh,"Thermal dispatch (generation)",energy_water,ons_open_data,daily,2023-03-25,6620.1603,mwmed
thermal_dispatch_mwh,"Thermal dispatch (generation)",energy_water,ons_open_data,daily,2023-03-26,6502.7482,mwmed
thermal_dispatch_mwh,"Thermal dispatch (generation)",energy_water,ons_open_data,daily,2023-03-27,6652.3967,mwmed
thermal_dispatch_mwh,"Thermal dispatch (generation)",energy_water,ons_open_data,daily,2023-03-28,6550.2574,mwmed
thermal_dispatch_mwh,"Thermal dispatch (generation)",energy_water,ons_open_data,daily,2023-03-29,6446.7036,mwmed
thermal_dispatch_mwh,"Thermal dispatch (generation)",energy_water,ons_open_data,daily,2023-03-30,6529.9980,mwmed
thermal_dispatch_mwh,"Thermal dispatch (generation)",energy_water,ons_open_data,daily,2023-03-31,6447.5482,mwmed
thermal_dispatch_mwh,"Thermal dispatch (generation)",energy_water,ons_open_data,daily,2023-04-01,6323.5901,mwmed
thermal_dispatch_mwh,"Thermal dispatch (generation)",energy_water,ons_open_data,daily,2023-04-02,6502.2913,mwmed
thermal_dispatch_mwh,"Thermal dispatch (generation)",energy_water,ons_open_data,daily,2023-04-03,7033.9177,mwmed
thermal_dispatch_mwh,"Thermal dispatch (generation)",energy_water,ons_open_data,daily,2023-04-04,6980.5609,mwmed
thermal_dispatch_mwh,"Thermal dispatch (generation)",energy_water,ons_open_data,daily,2023-04-05,6572.7598,mwmed
thermal_dispatch_mwh,"Thermal dispatch (generation)",energy_water,ons_open_data,daily,2023-04-06,6821.7714,mwmed
thermal_dispatch_mwh,"Thermal dispatch (generation)",energy_water,ons_open_data,daily,2023-04-07,6879.8914,mwmed
thermal_dispatch_mwh,"Thermal dispatch (generation)",energy_water,ons_open_data,daily,2023-04-08,7415.9357,mwmed
thermal_dispatch_mwh,"Thermal dispatch (generation)",energy_water,ons_open_data,daily,2023-04-09,7499.1739,mwmed
thermal_dispatch_mwh,"Thermal dispatch (generation)",energy_water,ons_open_data,daily,2023-04-10,7386.7863,mwmed
thermal_dispatch_mwh,"Thermal dispatch (generation)",energy_water,ons_open_data,daily,2023-04-11,7667.7912,mwmed
thermal_dispatch_mwh,"Thermal dispatch (generation)",energy_water,ons_open_data,daily,2023-04-12,8106.9469,mwmed
thermal_dispatch_mwh,"Thermal dispatch (generation)",energy_water,ons_open_data,daily,2023-04-13,8200.8891,mwmed
thermal_dispatch_mwh,"Thermal dispatch (generation)",energy_water,ons_open_data,daily,2023-04-14,8162.0189,mwmed
thermal_dispatch_mwh,"Thermal dispatch (generation)",energy_water,ons_open_data,daily,2023-04-15,7775.7545,mwmed
thermal_dispatch_mwh,"Thermal dispatch (generation)",energy_water,ons_open_data,daily,2023-04-16,7806.7231,mwmed
thermal_dispatch_mwh,"Thermal dispatch (generation)",energy_water,ons_open_data,daily,2023-04-17,8672.9808,mwmed
thermal_dispatch_mwh,"Thermal dispatch (generation)",energy_water,ons_open_data,daily,2023-04-18,8654.0102,mwmed
thermal_dispatch_mwh,"Thermal dispatch (generation)",energy_water,ons_open_data,daily,2023-04-19,7618.6998,mwmed
thermal_dispatch_mwh,"Thermal dispatch (generation)",energy_water,ons_open_data,daily,2023-04-20,8054.3878,mwmed
thermal_dispatch_mwh,"Thermal dispatch (generation)",energy_water,ons_open_data,daily,2023-04-21,8345.9103,mwmed
thermal_dispatch_mwh,"Thermal dispatch (generation)",energy_water,ons_open_data,daily,2023-04-22,8188.7705,mwmed
thermal_dispatch_mwh,"Thermal dispatch (generation)",energy_water,ons_open_data,daily,2023-04-23,8141.1665,mwmed
thermal_dispatch_mwh,"Thermal dispatch (generation)",energy_water,ons_open_data,daily,2023-04-24,7346.1372,mwmed
thermal_dispatch_mwh,"Thermal dispatch (generation)",energy_water,ons_open_data,daily,2023-04-25,7024.3160,mwmed
thermal_dispatch_mwh,"Thermal dispatch (generation)",energy_water,ons_open_data,daily,2023-04-26,6764.1820,mwmed
thermal_dispatch_mwh,"Thermal dispatch (generation)",energy_water,ons_open_data,daily,2023-04-27,7057.6663,mwmed
thermal_dispatch_mwh,"Thermal dispatch (generation)",energy_water,ons_open_data,daily,2023-04-28,7157.6070,mwmed
thermal_dispatch_mwh,"Thermal dispatch (generation)",energy_water,ons_open_data,daily,2023-04-29,7346.4555,mwmed
thermal_dispatch_mwh,"Thermal dispatch (generation)",energy_water,ons_open_data,daily,2023-04-30,7508.6564,mwmed
thermal_dispatch_mwh,"Thermal dispatch (generation)",energy_water,ons_open_data,daily,2023-05-01,7597.5443,mwmed
thermal_dispatch_mwh,"Thermal dispatch (generation)",energy_water,ons_open_data,daily,2023-05-02,7517.8692,mwmed
thermal_dispatch_mwh,"Thermal dispatch (generation)",energy_water,ons_open_data,daily,2023-05-03,7494.7630,mwmed
thermal_dispatch_mwh,"Thermal dispatch (generation)",energy_water,ons_open_data,daily,2023-05-04,7792.9608,mwmed
thermal_dispatch_mwh,"Thermal dispatch (generation)",energy_water,ons_open_data,daily,2023-05-05,7677.8195,mwmed
thermal_dispatch_mwh,"Thermal dispatch (generation)",energy_water,ons_open_data,daily,2023-05-06,7983.2312,mwmed
thermal_dispatch_mwh,"Thermal dispatch (generation)",energy_water,ons_open_data,daily,2023-05-07,7994.3387,mwmed
thermal_dispatch_mwh,"Thermal dispatch (generation)",energy_water,ons_open_data,daily,2023-05-08,8143.3539,mwmed
thermal_dispatch_mwh,"Thermal dispatch (generation)",energy_water,ons_open_data,daily,2023-05-09,8037.5405,mwmed
thermal_dispatch_mwh,"Thermal dispatch (generation)",energy_water,ons_open_data,daily,2023-05-10,7857.8676,mwmed
thermal_dispatch_mwh,"Thermal dispatch (generation)",energy_water,ons_open_data,daily,2023-05-11,7818.9082,mwmed
thermal_dispatch_mwh,"Thermal dispatch (generation)",energy_water,ons_open_data,daily,2023-05-12,8467.9939,mwmed
thermal_dispatch_mwh,"Thermal dispatch (generation)",energy_water,ons_open_data,daily,2023-05-13,8327.4015,mwmed
thermal_dispatch_mwh,"Thermal dispatch (generation)",energy_water,ons_open_data,daily,2023-05-14,8478.5421,mwmed
thermal_dispatch_mwh,"Thermal dispatch (generation)",energy_water,ons_open_data,daily,2023-05-15,8540.9881,mwmed
thermal_dispatch_mwh,"Thermal dispatch (generation)",energy_water,ons_open_data,daily,2023-05-16,8601.6610,mwmed
thermal_dispatch_mwh,"Thermal dispatch (generation)",energy_water,ons_open_data,daily,2023-05-17,8344.9450,mwmed
thermal_dispatch_mwh,"Thermal dispatch (generation)",energy_water,ons_open_data,daily,2023-05-18,8481.7042,mwmed
thermal_dispatch_mwh,"Thermal dispatch (generation)",energy_water,ons_open_data,daily,2023-05-19,8638.3259,mwmed
thermal_dispatch_mwh,"Thermal dispatch (generation)",energy_water,ons_open_data,daily,2023-05-20,8691.2330,mwmed
thermal_dispatch_mwh,"Thermal dispatch (generation)",energy_water,ons_open_data,daily,2023-05-21,8711.1585,mwmed
thermal_dispatch_mwh,"Thermal dispatch (generation)",energy_water,ons_open_data,daily,2023-05-22,8775.0758,mwmed
thermal_dispatch_mwh,"Thermal dispatch (generation)",energy_water,ons_open_data,daily,2023-05-23,8750.0024,mwmed
thermal_dispatch_mwh,"Thermal dispatch (generation)",energy_water,ons_open_data,daily,2023-05-24,8776.9630,mwmed
thermal_dispatch_mwh,"Thermal dispatch (generation)",energy_water,ons_open_data,daily,2023-05-25,8815.2466,mwmed
thermal_dispatch_mwh,"Thermal dispatch (generation)",energy_water,ons_open_data,daily,2023-05-26,8873.6904,mwmed
thermal_dispatch_mwh,"Thermal dispatch (generation)",energy_water,ons_open_data,daily,2023-05-27,9026.7316,mwmed
thermal_dispatch_mwh,"Thermal dispatch (generation)",energy_water,ons_open_data,daily,2023-05-28,8924.9480,mwmed
thermal_dispatch_mwh,"Thermal dispatch (generation)",energy_water,ons_open_data,daily,2023-05-29,8924.0669,mwmed
thermal_dispatch_mwh,"Thermal dispatch (generation)",energy_water,ons_open_data,daily,2023-05-30,8866.2275,mwmed
thermal_dispatch_mwh,"Thermal dispatch (generation)",energy_water,ons_open_data,daily,2023-05-31,8753.5009,mwmed
thermal_dispatch_mwh,"Thermal dispatch (generation)",energy_water,ons_open_data,daily,2023-06-01,9306.5280,mwmed
thermal_dispatch_mwh,"Thermal dispatch (generation)",energy_water,ons_open_data,daily,2023-06-02,9724.2936,mwmed
thermal_dispatch_mwh,"Thermal dispatch (generation)",energy_water,ons_open_data,daily,2023-06-03,10017.4322,mwmed
thermal_dispatch_mwh,"Thermal dispatch (generation)",energy_water,ons_open_data,daily,2023-06-04,10422.4932,mwmed
thermal_dispatch_mwh,"Thermal dispatch (generation)",energy_water,ons_open_data,daily,2023-06-05,10303.5714,mwmed
thermal_dispatch_mwh,"Thermal dispatch (generation)",energy_water,ons_open_data,daily,2023-06-06,10301.8966,mwmed
thermal_dispatch_mwh,"Thermal dispatch (generation)",energy_water,ons_open_data,daily,2023-06-07,10417.8517,mwmed
thermal_dispatch_mwh,"Thermal dispatch (generation)",energy_water,ons_open_data,daily,2023-06-08,10468.3426,mwmed
thermal_dispatch_mwh,"Thermal dispatch (generation)",energy_water,ons_open_data,daily,2023-06-09,10260.1565,mwmed
thermal_dispatch_mwh,"Thermal dispatch (generation)",energy_water,ons_open_data,daily,2023-06-10,10378.1627,mwmed
thermal_dispatch_mwh,"Thermal dispatch (generation)",energy_water,ons_open_data,daily,2023-06-11,10772.6406,mwmed
thermal_dispatch_mwh,"Thermal dispatch (generation)",energy_water,ons_open_data,daily,2023-06-12,10674.3494,mwmed
thermal_dispatch_mwh,"Thermal dispatch (generation)",energy_water,ons_open_data,daily,2023-06-13,10460.8839,mwmed
thermal_dispatch_mwh,"Thermal dispatch (generation)",energy_water,ons_open_data,daily,2023-06-14,10387.3560,mwmed
thermal_dispatch_mwh,"Thermal dispatch (generation)",energy_water,ons_open_data,daily,2023-06-15,10581.1969,mwmed
thermal_dispatch_mwh,"Thermal dispatch (generation)",energy_water,ons_open_data,daily,2023-06-16,10439.2023,mwmed
thermal_dispatch_mwh,"Thermal dispatch (generation)",energy_water,ons_open_data,daily,2023-06-17,10390.0829,mwmed
thermal_dispatch_mwh,"Thermal dispatch (generation)",energy_water,ons_open_data,daily,2023-06-18,10135.7578,mwmed
thermal_dispatch_mwh,"Thermal dispatch (generation)",energy_water,ons_open_data,daily,2023-06-19,10544.1431,mwmed
thermal_dispatch_mwh,"Thermal dispatch (generation)",energy_water,ons_open_data,daily,2023-06-20,10691.8699,mwmed
thermal_dispatch_mwh,"Thermal dispatch (generation)",energy_water,ons_open_data,daily,2023-06-21,10620.4288,mwmed
thermal_dispatch_mwh,"Thermal dispatch (generation)",energy_water,ons_open_data,daily,2023-06-22,9967.0693,mwmed
thermal_dispatch_mwh,"Thermal dispatch (generation)",energy_water,ons_open_data,daily,2023-06-23,9761.9240,mwmed
thermal_dispatch_mwh,"Thermal dispatch (generation)",energy_water,ons_open_data,daily,2023-06-24,9625.0241,mwmed
thermal_dispatch_mwh,"Thermal dispatch (generation)",energy_water,ons_open_data,daily,2023-06-25,9861.0823,mwmed
thermal_dispatch_mwh,"Thermal dispatch (generation)",energy_water,ons_open_data,daily,2023-06-26,9363.6207,mwmed
thermal_dispatch_mwh,"Thermal dispatch (generation)",energy_water,ons_open_data,daily,2023-06-27,9262.2385,mwmed
thermal_dispatch_mwh,"Thermal dispatch (generation)",energy_water,ons_open_data,daily,2023-06-28,9284.9886,mwmed
thermal_dispatch_mwh,"Thermal dispatch (generation)",energy_water,ons_open_data,daily,2023-06-29,9400.0619,mwmed
thermal_dispatch_mwh,"Thermal dispatch (generation)",energy_water,ons_open_data,daily,2023-06-30,10109.7072,mwmed
thermal_dispatch_mwh,"Thermal dispatch (generation)",energy_water,ons_open_data,daily,2023-07-01,9385.5728,mwmed
thermal_dispatch_mwh,"Thermal dispatch (generation)",energy_water,ons_open_data,daily,2023-07-02,9272.4062,mwmed
thermal_dispatch_mwh,"Thermal dispatch (generation)",energy_water,ons_open_data,daily,2023-07-03,9295.1895,mwmed
thermal_dispatch_mwh,"Thermal dispatch (generation)",energy_water,ons_open_data,daily,2023-07-04,9225.8991,mwmed
thermal_dispatch_mwh,"Thermal dispatch (generation)",energy_water,ons_open_data,daily,2023-07-05,9317.5980,mwmed
thermal_dispatch_mwh,"Thermal dispatch (generation)",energy_water,ons_open_data,daily,2023-07-06,10088.8464,mwmed
thermal_dispatch_mwh,"Thermal dispatch (generation)",energy_water,ons_open_data,daily,2023-07-07,10368.1640,mwmed
thermal_dispatch_mwh,"Thermal dispatch (generation)",energy_water,ons_open_data,daily,2023-07-08,9305.3742,mwmed
thermal_dispatch_mwh,"Thermal dispatch (generation)",energy_water,ons_open_data,daily,2023-07-09,9644.4929,mwmed
thermal_dispatch_mwh,"Thermal dispatch (generation)",energy_water,ons_open_data,daily,2023-07-10,10370.5179,mwmed
thermal_dispatch_mwh,"Thermal dispatch (generation)",energy_water,ons_open_data,daily,2023-07-11,9881.3988,mwmed
thermal_dispatch_mwh,"Thermal dispatch (generation)",energy_water,ons_open_data,daily,2023-07-12,9743.5340,mwmed
thermal_dispatch_mwh,"Thermal dispatch (generation)",energy_water,ons_open_data,daily,2023-07-13,9804.4532,mwmed
thermal_dispatch_mwh,"Thermal dispatch (generation)",energy_water,ons_open_data,daily,2023-07-14,10160.0554,mwmed
thermal_dispatch_mwh,"Thermal dispatch (generation)",energy_water,ons_open_data,daily,2023-07-15,9891.7186,mwmed
thermal_dispatch_mwh,"Thermal dispatch (generation)",energy_water,ons_open_data,daily,2023-07-16,9795.9444,mwmed
thermal_dispatch_mwh,"Thermal dispatch (generation)",energy_water,ons_open_data,daily,2023-07-17,9728.7865,mwmed
thermal_dispatch_mwh,"Thermal dispatch (generation)",energy_water,ons_open_data,daily,2023-07-18,9935.0816,mwmed
thermal_dispatch_mwh,"Thermal dispatch (generation)",energy_water,ons_open_data,daily,2023-07-19,9535.1104,mwmed
thermal_dispatch_mwh,"Thermal dispatch (generation)",energy_water,ons_open_data,daily,2023-07-20,9175.2847,mwmed
thermal_dispatch_mwh,"Thermal dispatch (generation)",energy_water,ons_open_data,daily,2023-07-21,9280.1118,mwmed
thermal_dispatch_mwh,"Thermal dispatch (generation)",energy_water,ons_open_data,daily,2023-07-22,9581.3062,mwmed
thermal_dispatch_mwh,"Thermal dispatch (generation)",energy_water,ons_open_data,daily,2023-07-23,9673.4637,mwmed
thermal_dispatch_mwh,"Thermal dispatch (generation)",energy_water,ons_open_data,daily,2023-07-24,9220.7001,mwmed
thermal_dispatch_mwh,"Thermal dispatch (generation)",energy_water,ons_open_data,daily,2023-07-25,9227.0122,mwmed
thermal_dispatch_mwh,"Thermal dispatch (generation)",energy_water,ons_open_data,daily,2023-07-26,9205.7627,mwmed
thermal_dispatch_mwh,"Thermal dispatch (generation)",energy_water,ons_open_data,daily,2023-07-27,9114.2401,mwmed
thermal_dispatch_mwh,"Thermal dispatch (generation)",energy_water,ons_open_data,daily,2023-07-28,9089.2077,mwmed
thermal_dispatch_mwh,"Thermal dispatch (generation)",energy_water,ons_open_data,daily,2023-07-29,9049.6337,mwmed
thermal_dispatch_mwh,"Thermal dispatch (generation)",energy_water,ons_open_data,daily,2023-07-30,9041.1873,mwmed
thermal_dispatch_mwh,"Thermal dispatch (generation)",energy_water,ons_open_data,daily,2023-07-31,9191.0115,mwmed
thermal_dispatch_mwh,"Thermal dispatch (generation)",energy_water,ons_open_data,daily,2023-08-01,9175.3276,mwmed
thermal_dispatch_mwh,"Thermal dispatch (generation)",energy_water,ons_open_data,daily,2023-08-02,9368.0570,mwmed
thermal_dispatch_mwh,"Thermal dispatch (generation)",energy_water,ons_open_data,daily,2023-08-03,9229.0561,mwmed
thermal_dispatch_mwh,"Thermal dispatch (generation)",energy_water,ons_open_data,daily,2023-08-04,9451.3847,mwmed
thermal_dispatch_mwh,"Thermal dispatch (generation)",energy_water,ons_open_data,daily,2023-08-05,9490.2678,mwmed
thermal_dispatch_mwh,"Thermal dispatch (generation)",energy_water,ons_open_data,daily,2023-08-06,9545.7272,mwmed
thermal_dispatch_mwh,"Thermal dispatch (generation)",energy_water,ons_open_data,daily,2023-08-07,9390.3488,mwmed
thermal_dispatch_mwh,"Thermal dispatch (generation)",energy_water,ons_open_data,daily,2023-08-08,9719.9722,mwmed
thermal_dispatch_mwh,"Thermal dispatch (generation)",energy_water,ons_open_data,daily,2023-08-09,9863.6255,mwmed
thermal_dispatch_mwh,"Thermal dispatch (generation)",energy_water,ons_open_data,daily,2023-08-10,9845.2073,mwmed
thermal_dispatch_mwh,"Thermal dispatch (generation)",energy_water,ons_open_data,daily,2023-08-11,9738.6604,mwmed
thermal_dispatch_mwh,"Thermal dispatch (generation)",energy_water,ons_open_data,daily,2023-08-12,9719.3028,mwmed
thermal_dispatch_mwh,"Thermal dispatch (generation)",energy_water,ons_open_data,daily,2023-08-13,9707.6155,mwmed
thermal_dispatch_mwh,"Thermal dispatch (generation)",energy_water,ons_open_data,daily,2023-08-14,9729.1045,mwmed
thermal_dispatch_mwh,"Thermal dispatch (generation)",energy_water,ons_open_data,daily,2023-08-15,9261.1347,mwmed
thermal_dispatch_mwh,"Thermal dispatch (generation)",energy_water,ons_open_data,daily,2023-08-16,9314.5313,mwmed
thermal_dispatch_mwh,"Thermal dispatch (generation)",energy_water,ons_open_data,daily,2023-08-17,9257.4547,mwmed
thermal_dispatch_mwh,"Thermal dispatch (generation)",energy_water,ons_open_data,daily,2023-08-18,9232.7835,mwmed
thermal_dispatch_mwh,"Thermal dispatch (generation)",energy_water,ons_open_data,daily,2023-08-19,9361.0961,mwmed
thermal_dispatch_mwh,"Thermal dispatch (generation)",energy_water,ons_open_data,daily,2023-08-20,9574.9408,mwmed
thermal_dispatch_mwh,"Thermal dispatch (generation)",energy_water,ons_open_data,daily,2023-08-21,9296.6581,mwmed
thermal_dispatch_mwh,"Thermal dispatch (generation)",energy_water,ons_open_data,daily,2023-08-22,9174.1632,mwmed
thermal_dispatch_mwh,"Thermal dispatch (generation)",energy_water,ons_open_data,daily,2023-08-23,9525.6973,mwmed
thermal_dispatch_mwh,"Thermal dispatch (generation)",energy_water,ons_open_data,daily,2023-08-24,9454.7058,mwmed
thermal_dispatch_mwh,"Thermal dispatch (generation)",energy_water,ons_open_data,daily,2023-08-25,9920.5635,mwmed
thermal_dispatch_mwh,"Thermal dispatch (generation)",energy_water,ons_open_data,daily,2023-08-26,10299.4665,mwmed
thermal_dispatch_mwh,"Thermal dispatch (generation)",energy_water,ons_open_data,daily,2023-08-27,10255.3456,mwmed
thermal_dispatch_mwh,"Thermal dispatch (generation)",energy_water,ons_open_data,daily,2023-08-28,10374.9598,mwmed
thermal_dispatch_mwh,"Thermal dispatch (generation)",energy_water,ons_open_data,daily,2023-08-29,10200.3592,mwmed
thermal_dispatch_mwh,"Thermal dispatch (generation)",energy_water,ons_open_data,daily,2023-08-30,9642.3537,mwmed
thermal_dispatch_mwh,"Thermal dispatch (generation)",energy_water,ons_open_data,daily,2023-08-31,9780.0629,mwmed
thermal_dispatch_mwh,"Thermal dispatch (generation)",energy_water,ons_open_data,daily,2023-09-01,9174.7654,mwmed
thermal_dispatch_mwh,"Thermal dispatch (generation)",energy_water,ons_open_data,daily,2023-09-02,9486.2730,mwmed
thermal_dispatch_mwh,"Thermal dispatch (generation)",energy_water,ons_open_data,daily,2023-09-03,9485.4967,mwmed
thermal_dispatch_mwh,"Thermal dispatch (generation)",energy_water,ons_open_data,daily,2023-09-04,9486.4581,mwmed
thermal_dispatch_mwh,"Thermal dispatch (generation)",energy_water,ons_open_data,daily,2023-09-05,9502.2019,mwmed
thermal_dispatch_mwh,"Thermal dispatch (generation)",energy_water,ons_open_data,daily,2023-09-06,9498.8062,mwmed
thermal_dispatch_mwh,"Thermal dispatch (generation)",energy_water,ons_open_data,daily,2023-09-07,9527.5030,mwmed
thermal_dispatch_mwh,"Thermal dispatch (generation)",energy_water,ons_open_data,daily,2023-09-08,9175.0029,mwmed
thermal_dispatch_mwh,"Thermal dispatch (generation)",energy_water,ons_open_data,daily,2023-09-09,8755.0095,mwmed
thermal_dispatch_mwh,"Thermal dispatch (generation)",energy_water,ons_open_data,daily,2023-09-10,8706.2030,mwmed
thermal_dispatch_mwh,"Thermal dispatch (generation)",energy_water,ons_open_data,daily,2023-09-11,8828.3922,mwmed
thermal_dispatch_mwh,"Thermal dispatch (generation)",energy_water,ons_open_data,daily,2023-09-12,9345.9993,mwmed
thermal_dispatch_mwh,"Thermal dispatch (generation)",energy_water,ons_open_data,daily,2023-09-13,9257.0887,mwmed
thermal_dispatch_mwh,"Thermal dispatch (generation)",energy_water,ons_open_data,daily,2023-09-14,9209.5122,mwmed
thermal_dispatch_mwh,"Thermal dispatch (generation)",energy_water,ons_open_data,daily,2023-09-15,8999.0646,mwmed
thermal_dispatch_mwh,"Thermal dispatch (generation)",energy_water,ons_open_data,daily,2023-09-16,8989.9308,mwmed
thermal_dispatch_mwh,"Thermal dispatch (generation)",energy_water,ons_open_data,daily,2023-09-17,8921.4328,mwmed
thermal_dispatch_mwh,"Thermal dispatch (generation)",energy_water,ons_open_data,daily,2023-09-18,8734.4528,mwmed
thermal_dispatch_mwh,"Thermal dispatch (generation)",energy_water,ons_open_data,daily,2023-09-19,9221.2498,mwmed
thermal_dispatch_mwh,"Thermal dispatch (generation)",energy_water,ons_open_data,daily,2023-09-20,9200.8131,mwmed
thermal_dispatch_mwh,"Thermal dispatch (generation)",energy_water,ons_open_data,daily,2023-09-21,9133.0575,mwmed
thermal_dispatch_mwh,"Thermal dispatch (generation)",energy_water,ons_open_data,daily,2023-09-22,9150.7880,mwmed
thermal_dispatch_mwh,"Thermal dispatch (generation)",energy_water,ons_open_data,daily,2023-09-23,9120.4317,mwmed
thermal_dispatch_mwh,"Thermal dispatch (generation)",energy_water,ons_open_data,daily,2023-09-24,9023.4860,mwmed
thermal_dispatch_mwh,"Thermal dispatch (generation)",energy_water,ons_open_data,daily,2023-09-25,7875.3374,mwmed
thermal_dispatch_mwh,"Thermal dispatch (generation)",energy_water,ons_open_data,daily,2023-09-26,8478.3168,mwmed
thermal_dispatch_mwh,"Thermal dispatch (generation)",energy_water,ons_open_data,daily,2023-09-27,9016.5759,mwmed
thermal_dispatch_mwh,"Thermal dispatch (generation)",energy_water,ons_open_data,daily,2023-09-28,8267.2583,mwmed
thermal_dispatch_mwh,"Thermal dispatch (generation)",energy_water,ons_open_data,daily,2023-09-29,8179.9156,mwmed
thermal_dispatch_mwh,"Thermal dispatch (generation)",energy_water,ons_open_data,daily,2023-09-30,8401.0207,mwmed
thermal_dispatch_mwh,"Thermal dispatch (generation)",energy_water,ons_open_data,daily,2023-10-01,7937.4528,mwmed
thermal_dispatch_mwh,"Thermal dispatch (generation)",energy_water,ons_open_data,daily,2023-10-02,7390.3724,mwmed
thermal_dispatch_mwh,"Thermal dispatch (generation)",energy_water,ons_open_data,daily,2023-10-03,7135.5842,mwmed
thermal_dispatch_mwh,"Thermal dispatch (generation)",energy_water,ons_open_data,daily,2023-10-04,8131.7382,mwmed
thermal_dispatch_mwh,"Thermal dispatch (generation)",energy_water,ons_open_data,daily,2023-10-05,8475.5830,mwmed
thermal_dispatch_mwh,"Thermal dispatch (generation)",energy_water,ons_open_data,daily,2023-10-06,7809.6590,mwmed
thermal_dispatch_mwh,"Thermal dispatch (generation)",energy_water,ons_open_data,daily,2023-10-07,7627.1310,mwmed
thermal_dispatch_mwh,"Thermal dispatch (generation)",energy_water,ons_open_data,daily,2023-10-08,7434.1430,mwmed
thermal_dispatch_mwh,"Thermal dispatch (generation)",energy_water,ons_open_data,daily,2023-10-09,7549.4202,mwmed
thermal_dispatch_mwh,"Thermal dispatch (generation)",energy_water,ons_open_data,daily,2023-10-10,7539.1459,mwmed
thermal_dispatch_mwh,"Thermal dispatch (generation)",energy_water,ons_open_data,daily,2023-10-11,7654.6661,mwmed
thermal_dispatch_mwh,"Thermal dispatch (generation)",energy_water,ons_open_data,daily,2023-10-12,7624.0872,mwmed
thermal_dispatch_mwh,"Thermal dispatch (generation)",energy_water,ons_open_data,daily,2023-10-13,7012.2305,mwmed
thermal_dispatch_mwh,"Thermal dispatch (generation)",energy_water,ons_open_data,daily,2023-10-14,6794.4826,mwmed
thermal_dispatch_mwh,"Thermal dispatch (generation)",energy_water,ons_open_data,daily,2023-10-15,7277.4840,mwmed
thermal_dispatch_mwh,"Thermal dispatch (generation)",energy_water,ons_open_data,daily,2023-10-16,7693.1705,mwmed
thermal_dispatch_mwh,"Thermal dispatch (generation)",energy_water,ons_open_data,daily,2023-10-17,7716.9066,mwmed
thermal_dispatch_mwh,"Thermal dispatch (generation)",energy_water,ons_open_data,daily,2023-10-18,7731.0500,mwmed
thermal_dispatch_mwh,"Thermal dispatch (generation)",energy_water,ons_open_data,daily,2023-10-19,7650.9953,mwmed
thermal_dispatch_mwh,"Thermal dispatch (generation)",energy_water,ons_open_data,daily,2023-10-20,7700.3377,mwmed
thermal_dispatch_mwh,"Thermal dispatch (generation)",energy_water,ons_open_data,daily,2023-10-21,7584.8165,mwmed
thermal_dispatch_mwh,"Thermal dispatch (generation)",energy_water,ons_open_data,daily,2023-10-22,7815.9418,mwmed
thermal_dispatch_mwh,"Thermal dispatch (generation)",energy_water,ons_open_data,daily,2023-10-23,7808.1703,mwmed
thermal_dispatch_mwh,"Thermal dispatch (generation)",energy_water,ons_open_data,daily,2023-10-24,8028.4194,mwmed
thermal_dispatch_mwh,"Thermal dispatch (generation)",energy_water,ons_open_data,daily,2023-10-25,9007.4840,mwmed
thermal_dispatch_mwh,"Thermal dispatch (generation)",energy_water,ons_open_data,daily,2023-10-26,9191.8827,mwmed
thermal_dispatch_mwh,"Thermal dispatch (generation)",energy_water,ons_open_data,daily,2023-10-27,7669.3043,mwmed
thermal_dispatch_mwh,"Thermal dispatch (generation)",energy_water,ons_open_data,daily,2023-10-28,7028.6576,mwmed
thermal_dispatch_mwh,"Thermal dispatch (generation)",energy_water,ons_open_data,daily,2023-10-29,7000.2121,mwmed
thermal_dispatch_mwh,"Thermal dispatch (generation)",energy_water,ons_open_data,daily,2023-10-30,7881.1467,mwmed
thermal_dispatch_mwh,"Thermal dispatch (generation)",energy_water,ons_open_data,daily,2023-10-31,9149.1429,mwmed
thermal_dispatch_mwh,"Thermal dispatch (generation)",energy_water,ons_open_data,daily,2023-11-01,8452.2338,mwmed
thermal_dispatch_mwh,"Thermal dispatch (generation)",energy_water,ons_open_data,daily,2023-11-02,7858.1872,mwmed
thermal_dispatch_mwh,"Thermal dispatch (generation)",energy_water,ons_open_data,daily,2023-11-03,7964.3401,mwmed
thermal_dispatch_mwh,"Thermal dispatch (generation)",energy_water,ons_open_data,daily,2023-11-04,7520.6686,mwmed
thermal_dispatch_mwh,"Thermal dispatch (generation)",energy_water,ons_open_data,daily,2023-11-05,7198.0457,mwmed
thermal_dispatch_mwh,"Thermal dispatch (generation)",energy_water,ons_open_data,daily,2023-11-06,7259.5979,mwmed
thermal_dispatch_mwh,"Thermal dispatch (generation)",energy_water,ons_open_data,daily,2023-11-07,7245.0274,mwmed
thermal_dispatch_mwh,"Thermal dispatch (generation)",energy_water,ons_open_data,daily,2023-11-08,7047.3967,mwmed
thermal_dispatch_mwh,"Thermal dispatch (generation)",energy_water,ons_open_data,daily,2023-11-09,7218.5770,mwmed
thermal_dispatch_mwh,"Thermal dispatch (generation)",energy_water,ons_open_data,daily,2023-11-10,7027.0276,mwmed
thermal_dispatch_mwh,"Thermal dispatch (generation)",energy_water,ons_open_data,daily,2023-11-11,7598.6073,mwmed
thermal_dispatch_mwh,"Thermal dispatch (generation)",energy_water,ons_open_data,daily,2023-11-12,7025.8516,mwmed
thermal_dispatch_mwh,"Thermal dispatch (generation)",energy_water,ons_open_data,daily,2023-11-13,9426.9036,mwmed
thermal_dispatch_mwh,"Thermal dispatch (generation)",energy_water,ons_open_data,daily,2023-11-14,11498.3597,mwmed
thermal_dispatch_mwh,"Thermal dispatch (generation)",energy_water,ons_open_data,daily,2023-11-15,10546.6600,mwmed
thermal_dispatch_mwh,"Thermal dispatch (generation)",energy_water,ons_open_data,daily,2023-11-16,13103.1593,mwmed
thermal_dispatch_mwh,"Thermal dispatch (generation)",energy_water,ons_open_data,daily,2023-11-17,14441.8148,mwmed
thermal_dispatch_mwh,"Thermal dispatch (generation)",energy_water,ons_open_data,daily,2023-11-18,14019.1459,mwmed
thermal_dispatch_mwh,"Thermal dispatch (generation)",energy_water,ons_open_data,daily,2023-11-19,12139.6140,mwmed
thermal_dispatch_mwh,"Thermal dispatch (generation)",energy_water,ons_open_data,daily,2023-11-20,11497.3696,mwmed
thermal_dispatch_mwh,"Thermal dispatch (generation)",energy_water,ons_open_data,daily,2023-11-21,12591.4450,mwmed
thermal_dispatch_mwh,"Thermal dispatch (generation)",energy_water,ons_open_data,daily,2023-11-22,13200.5840,mwmed
thermal_dispatch_mwh,"Thermal dispatch (generation)",energy_water,ons_open_data,daily,2023-11-23,12802.0505,mwmed
thermal_dispatch_mwh,"Thermal dispatch (generation)",energy_water,ons_open_data,daily,2023-11-24,10557.9418,mwmed
thermal_dispatch_mwh,"Thermal dispatch (generation)",energy_water,ons_open_data,daily,2023-11-25,8651.7825,mwmed
thermal_dispatch_mwh,"Thermal dispatch (generation)",energy_water,ons_open_data,daily,2023-11-26,8211.6417,mwmed
thermal_dispatch_mwh,"Thermal dispatch (generation)",energy_water,ons_open_data,daily,2023-11-27,8029.3492,mwmed
thermal_dispatch_mwh,"Thermal dispatch (generation)",energy_water,ons_open_data,daily,2023-11-28,8293.7173,mwmed
thermal_dispatch_mwh,"Thermal dispatch (generation)",energy_water,ons_open_data,daily,2023-11-29,8940.4010,mwmed
thermal_dispatch_mwh,"Thermal dispatch (generation)",energy_water,ons_open_data,daily,2023-11-30,10114.2770,mwmed
thermal_dispatch_mwh,"Thermal dispatch (generation)",energy_water,ons_open_data,daily,2023-12-01,9524.9048,mwmed
thermal_dispatch_mwh,"Thermal dispatch (generation)",energy_water,ons_open_data,daily,2023-12-02,9057.5423,mwmed
thermal_dispatch_mwh,"Thermal dispatch (generation)",energy_water,ons_open_data,daily,2023-12-03,9019.2599,mwmed
thermal_dispatch_mwh,"Thermal dispatch (generation)",energy_water,ons_open_data,daily,2023-12-04,11239.6764,mwmed
thermal_dispatch_mwh,"Thermal dispatch (generation)",energy_water,ons_open_data,daily,2023-12-05,10165.8798,mwmed
thermal_dispatch_mwh,"Thermal dispatch (generation)",energy_water,ons_open_data,daily,2023-12-06,8970.7717,mwmed
thermal_dispatch_mwh,"Thermal dispatch (generation)",energy_water,ons_open_data,daily,2023-12-07,8918.0097,mwmed
thermal_dispatch_mwh,"Thermal dispatch (generation)",energy_water,ons_open_data,daily,2023-12-08,9187.7243,mwmed
thermal_dispatch_mwh,"Thermal dispatch (generation)",energy_water,ons_open_data,daily,2023-12-09,7615.8941,mwmed
thermal_dispatch_mwh,"Thermal dispatch (generation)",energy_water,ons_open_data,daily,2023-12-10,7449.3032,mwmed
thermal_dispatch_mwh,"Thermal dispatch (generation)",energy_water,ons_open_data,daily,2023-12-11,7036.4605,mwmed
thermal_dispatch_mwh,"Thermal dispatch (generation)",energy_water,ons_open_data,daily,2023-12-12,7041.1919,mwmed
thermal_dispatch_mwh,"Thermal dispatch (generation)",energy_water,ons_open_data,daily,2023-12-13,7309.9765,mwmed
thermal_dispatch_mwh,"Thermal dispatch (generation)",energy_water,ons_open_data,daily,2023-12-14,7110.2090,mwmed
thermal_dispatch_mwh,"Thermal dispatch (generation)",energy_water,ons_open_data,daily,2023-12-15,8374.4876,mwmed
thermal_dispatch_mwh,"Thermal dispatch (generation)",energy_water,ons_open_data,daily,2023-12-16,7844.2591,mwmed
thermal_dispatch_mwh,"Thermal dispatch (generation)",energy_water,ons_open_data,daily,2023-12-17,8824.8889,mwmed
thermal_dispatch_mwh,"Thermal dispatch (generation)",energy_water,ons_open_data,daily,2023-12-18,14436.9594,mwmed
thermal_dispatch_mwh,"Thermal dispatch (generation)",energy_water,ons_open_data,daily,2023-12-19,15403.6859,mwmed
thermal_dispatch_mwh,"Thermal dispatch (generation)",energy_water,ons_open_data,daily,2023-12-20,14376.7005,mwmed
thermal_dispatch_mwh,"Thermal dispatch (generation)",energy_water,ons_open_data,daily,2023-12-21,12189.3472,mwmed
thermal_dispatch_mwh,"Thermal dispatch (generation)",energy_water,ons_open_data,daily,2023-12-22,10424.8361,mwmed
thermal_dispatch_mwh,"Thermal dispatch (generation)",energy_water,ons_open_data,daily,2023-12-23,9711.9792,mwmed
thermal_dispatch_mwh,"Thermal dispatch (generation)",energy_water,ons_open_data,daily,2023-12-24,9496.9235,mwmed
thermal_dispatch_mwh,"Thermal dispatch (generation)",energy_water,ons_open_data,daily,2023-12-25,7724.5188,mwmed
thermal_dispatch_mwh,"Thermal dispatch (generation)",energy_water,ons_open_data,daily,2023-12-26,8100.0007,mwmed
thermal_dispatch_mwh,"Thermal dispatch (generation)",energy_water,ons_open_data,daily,2023-12-27,8780.0077,mwmed
thermal_dispatch_mwh,"Thermal dispatch (generation)",energy_water,ons_open_data,daily,2023-12-28,8922.7290,mwmed
thermal_dispatch_mwh,"Thermal dispatch (generation)",energy_water,ons_open_data,daily,2023-12-29,9667.6643,mwmed
thermal_dispatch_mwh,"Thermal dispatch (generation)",energy_water,ons_open_data,daily,2023-12-30,9737.3606,mwmed
thermal_dispatch_mwh,"Thermal dispatch (generation)",energy_water,ons_open_data,daily,2023-12-31,9434.0288,mwmed
thermal_dispatch_mwh,"Thermal dispatch (generation)",energy_water,ons_open_data,daily,2024-01-01,8780.7493,mwmed
thermal_dispatch_mwh,"Thermal dispatch (generation)",energy_water,ons_open_data,daily,2024-01-02,9089.0055,mwmed
thermal_dispatch_mwh,"Thermal dispatch (generation)",energy_water,ons_open_data,daily,2024-01-03,8863.9144,mwmed
thermal_dispatch_mwh,"Thermal dispatch (generation)",energy_water,ons_open_data,daily,2024-01-04,8857.5607,mwmed
thermal_dispatch_mwh,"Thermal dispatch (generation)",energy_water,ons_open_data,daily,2024-01-05,8205.3778,mwmed
thermal_dispatch_mwh,"Thermal dispatch (generation)",energy_water,ons_open_data,daily,2024-01-06,6015.6728,mwmed
thermal_dispatch_mwh,"Thermal dispatch (generation)",energy_water,ons_open_data,daily,2024-01-07,6654.2658,mwmed
thermal_dispatch_mwh,"Thermal dispatch (generation)",energy_water,ons_open_data,daily,2024-01-08,8988.1324,mwmed
thermal_dispatch_mwh,"Thermal dispatch (generation)",energy_water,ons_open_data,daily,2024-01-09,9930.1822,mwmed
thermal_dispatch_mwh,"Thermal dispatch (generation)",energy_water,ons_open_data,daily,2024-01-10,10769.2938,mwmed
thermal_dispatch_mwh,"Thermal dispatch (generation)",energy_water,ons_open_data,daily,2024-01-11,9870.2260,mwmed
thermal_dispatch_mwh,"Thermal dispatch (generation)",energy_water,ons_open_data,daily,2024-01-12,9057.1116,mwmed
thermal_dispatch_mwh,"Thermal dispatch (generation)",energy_water,ons_open_data,daily,2024-01-13,7571.8459,mwmed
thermal_dispatch_mwh,"Thermal dispatch (generation)",energy_water,ons_open_data,daily,2024-01-14,6763.3836,mwmed
thermal_dispatch_mwh,"Thermal dispatch (generation)",energy_water,ons_open_data,daily,2024-01-15,6800.6400,mwmed
thermal_dispatch_mwh,"Thermal dispatch (generation)",energy_water,ons_open_data,daily,2024-01-16,6036.9687,mwmed
thermal_dispatch_mwh,"Thermal dispatch (generation)",energy_water,ons_open_data,daily,2024-01-17,6728.8552,mwmed
thermal_dispatch_mwh,"Thermal dispatch (generation)",energy_water,ons_open_data,daily,2024-01-18,8788.8352,mwmed
thermal_dispatch_mwh,"Thermal dispatch (generation)",energy_water,ons_open_data,daily,2024-01-19,9041.6442,mwmed
thermal_dispatch_mwh,"Thermal dispatch (generation)",energy_water,ons_open_data,daily,2024-01-20,8104.8103,mwmed
thermal_dispatch_mwh,"Thermal dispatch (generation)",energy_water,ons_open_data,daily,2024-01-21,7991.9495,mwmed
thermal_dispatch_mwh,"Thermal dispatch (generation)",energy_water,ons_open_data,daily,2024-01-22,8239.8288,mwmed
thermal_dispatch_mwh,"Thermal dispatch (generation)",energy_water,ons_open_data,daily,2024-01-23,8108.0048,mwmed
thermal_dispatch_mwh,"Thermal dispatch (generation)",energy_water,ons_open_data,daily,2024-01-24,8106.0994,mwmed
thermal_dispatch_mwh,"Thermal dispatch (generation)",energy_water,ons_open_data,daily,2024-01-25,6414.4152,mwmed
thermal_dispatch_mwh,"Thermal dispatch (generation)",energy_water,ons_open_data,daily,2024-01-26,6394.2850,mwmed
thermal_dispatch_mwh,"Thermal dispatch (generation)",energy_water,ons_open_data,daily,2024-01-27,6662.0902,mwmed
thermal_dispatch_mwh,"Thermal dispatch (generation)",energy_water,ons_open_data,daily,2024-01-28,6501.2378,mwmed
thermal_dispatch_mwh,"Thermal dispatch (generation)",energy_water,ons_open_data,daily,2024-01-29,7449.7399,mwmed
thermal_dispatch_mwh,"Thermal dispatch (generation)",energy_water,ons_open_data,daily,2024-01-30,7713.0540,mwmed
thermal_dispatch_mwh,"Thermal dispatch (generation)",energy_water,ons_open_data,daily,2024-01-31,7737.7234,mwmed
thermal_dispatch_mwh,"Thermal dispatch (generation)",energy_water,ons_open_data,daily,2024-02-01,7950.4206,mwmed
thermal_dispatch_mwh,"Thermal dispatch (generation)",energy_water,ons_open_data,daily,2024-02-02,8050.2201,mwmed
thermal_dispatch_mwh,"Thermal dispatch (generation)",energy_water,ons_open_data,daily,2024-02-03,7770.3308,mwmed
thermal_dispatch_mwh,"Thermal dispatch (generation)",energy_water,ons_open_data,daily,2024-02-04,7910.8626,mwmed
thermal_dispatch_mwh,"Thermal dispatch (generation)",energy_water,ons_open_data,daily,2024-02-05,7577.3515,mwmed
thermal_dispatch_mwh,"Thermal dispatch (generation)",energy_water,ons_open_data,daily,2024-02-06,7913.9731,mwmed
thermal_dispatch_mwh,"Thermal dispatch (generation)",energy_water,ons_open_data,daily,2024-02-07,8011.8808,mwmed
thermal_dispatch_mwh,"Thermal dispatch (generation)",energy_water,ons_open_data,daily,2024-02-08,8221.5484,mwmed
thermal_dispatch_mwh,"Thermal dispatch (generation)",energy_water,ons_open_data,daily,2024-02-09,7979.3243,mwmed
thermal_dispatch_mwh,"Thermal dispatch (generation)",energy_water,ons_open_data,daily,2024-02-10,6657.7688,mwmed
thermal_dispatch_mwh,"Thermal dispatch (generation)",energy_water,ons_open_data,daily,2024-02-11,6388.7151,mwmed
thermal_dispatch_mwh,"Thermal dispatch (generation)",energy_water,ons_open_data,daily,2024-02-12,6514.5780,mwmed
thermal_dispatch_mwh,"Thermal dispatch (generation)",energy_water,ons_open_data,daily,2024-02-13,6857.2744,mwmed
thermal_dispatch_mwh,"Thermal dispatch (generation)",energy_water,ons_open_data,daily,2024-02-14,6722.7738,mwmed
thermal_dispatch_mwh,"Thermal dispatch (generation)",energy_water,ons_open_data,daily,2024-02-15,6684.7671,mwmed
thermal_dispatch_mwh,"Thermal dispatch (generation)",energy_water,ons_open_data,daily,2024-02-16,6577.9902,mwmed
thermal_dispatch_mwh,"Thermal dispatch (generation)",energy_water,ons_open_data,daily,2024-02-17,6636.1841,mwmed
thermal_dispatch_mwh,"Thermal dispatch (generation)",energy_water,ons_open_data,daily,2024-02-18,6308.6315,mwmed
thermal_dispatch_mwh,"Thermal dispatch (generation)",energy_water,ons_open_data,daily,2024-02-19,6011.4682,mwmed
thermal_dispatch_mwh,"Thermal dispatch (generation)",energy_water,ons_open_data,daily,2024-02-20,5911.5322,mwmed
thermal_dispatch_mwh,"Thermal dispatch (generation)",energy_water,ons_open_data,daily,2024-02-21,6562.6319,mwmed
thermal_dispatch_mwh,"Thermal dispatch (generation)",energy_water,ons_open_data,daily,2024-02-22,6993.0689,mwmed
thermal_dispatch_mwh,"Thermal dispatch (generation)",energy_water,ons_open_data,daily,2024-02-23,6776.4079,mwmed
thermal_dispatch_mwh,"Thermal dispatch (generation)",energy_water,ons_open_data,daily,2024-02-24,6661.7975,mwmed
thermal_dispatch_mwh,"Thermal dispatch (generation)",energy_water,ons_open_data,daily,2024-02-25,6632.8931,mwmed
thermal_dispatch_mwh,"Thermal dispatch (generation)",energy_water,ons_open_data,daily,2024-02-26,6716.9133,mwmed
thermal_dispatch_mwh,"Thermal dispatch (generation)",energy_water,ons_open_data,daily,2024-02-27,6550.9552,mwmed
thermal_dispatch_mwh,"Thermal dispatch (generation)",energy_water,ons_open_data,daily,2024-02-28,6582.3980,mwmed
thermal_dispatch_mwh,"Thermal dispatch (generation)",energy_water,ons_open_data,daily,2024-02-29,6625.4610,mwmed
thermal_dispatch_mwh,"Thermal dispatch (generation)",energy_water,ons_open_data,daily,2024-03-01,6590.4349,mwmed
thermal_dispatch_mwh,"Thermal dispatch (generation)",energy_water,ons_open_data,daily,2024-03-02,6808.2901,mwmed
thermal_dispatch_mwh,"Thermal dispatch (generation)",energy_water,ons_open_data,daily,2024-03-03,6628.7021,mwmed
thermal_dispatch_mwh,"Thermal dispatch (generation)",energy_water,ons_open_data,daily,2024-03-04,6710.6935,mwmed
thermal_dispatch_mwh,"Thermal dispatch (generation)",energy_water,ons_open_data,daily,2024-03-05,6587.3823,mwmed
thermal_dispatch_mwh,"Thermal dispatch (generation)",energy_water,ons_open_data,daily,2024-03-06,6526.7238,mwmed
thermal_dispatch_mwh,"Thermal dispatch (generation)",energy_water,ons_open_data,daily,2024-03-07,6645.2865,mwmed
thermal_dispatch_mwh,"Thermal dispatch (generation)",energy_water,ons_open_data,daily,2024-03-08,6762.7524,mwmed
thermal_dispatch_mwh,"Thermal dispatch (generation)",energy_water,ons_open_data,daily,2024-03-09,6586.5719,mwmed
thermal_dispatch_mwh,"Thermal dispatch (generation)",energy_water,ons_open_data,daily,2024-03-10,6484.9410,mwmed
thermal_dispatch_mwh,"Thermal dispatch (generation)",energy_water,ons_open_data,daily,2024-03-11,6567.6382,mwmed
thermal_dispatch_mwh,"Thermal dispatch (generation)",energy_water,ons_open_data,daily,2024-03-12,6436.9726,mwmed
thermal_dispatch_mwh,"Thermal dispatch (generation)",energy_water,ons_open_data,daily,2024-03-13,5173.1458,mwmed
thermal_dispatch_mwh,"Thermal dispatch (generation)",energy_water,ons_open_data,daily,2024-03-14,5588.5620,mwmed
thermal_dispatch_mwh,"Thermal dispatch (generation)",energy_water,ons_open_data,daily,2024-03-15,6255.9714,mwmed
thermal_dispatch_mwh,"Thermal dispatch (generation)",energy_water,ons_open_data,daily,2024-03-16,6066.9498,mwmed
thermal_dispatch_mwh,"Thermal dispatch (generation)",energy_water,ons_open_data,daily,2024-03-17,6064.3084,mwmed
thermal_dispatch_mwh,"Thermal dispatch (generation)",energy_water,ons_open_data,daily,2024-03-18,6959.4427,mwmed
thermal_dispatch_mwh,"Thermal dispatch (generation)",energy_water,ons_open_data,daily,2024-03-19,7997.3855,mwmed
thermal_dispatch_mwh,"Thermal dispatch (generation)",energy_water,ons_open_data,daily,2024-03-20,7893.2463,mwmed
thermal_dispatch_mwh,"Thermal dispatch (generation)",energy_water,ons_open_data,daily,2024-03-21,7286.6995,mwmed
thermal_dispatch_mwh,"Thermal dispatch (generation)",energy_water,ons_open_data,daily,2024-03-22,6112.5799,mwmed
thermal_dispatch_mwh,"Thermal dispatch (generation)",energy_water,ons_open_data,daily,2024-03-23,6225.3249,mwmed
thermal_dispatch_mwh,"Thermal dispatch (generation)",energy_water,ons_open_data,daily,2024-03-24,6845.3030,mwmed
thermal_dispatch_mwh,"Thermal dispatch (generation)",energy_water,ons_open_data,daily,2024-03-25,6670.0457,mwmed
thermal_dispatch_mwh,"Thermal dispatch (generation)",energy_water,ons_open_data,daily,2024-03-26,6213.4646,mwmed
thermal_dispatch_mwh,"Thermal dispatch (generation)",energy_water,ons_open_data,daily,2024-03-27,5786.9620,mwmed
thermal_dispatch_mwh,"Thermal dispatch (generation)",energy_water,ons_open_data,daily,2024-03-28,5944.1022,mwmed
thermal_dispatch_mwh,"Thermal dispatch (generation)",energy_water,ons_open_data,daily,2024-03-29,6498.0787,mwmed
thermal_dispatch_mwh,"Thermal dispatch (generation)",energy_water,ons_open_data,daily,2024-03-30,6507.9234,mwmed
thermal_dispatch_mwh,"Thermal dispatch (generation)",energy_water,ons_open_data,daily,2024-03-31,6475.1627,mwmed
thermal_dispatch_mwh,"Thermal dispatch (generation)",energy_water,ons_open_data,daily,2024-04-01,6523.8783,mwmed
thermal_dispatch_mwh,"Thermal dispatch (generation)",energy_water,ons_open_data,daily,2024-04-02,6855.6201,mwmed
thermal_dispatch_mwh,"Thermal dispatch (generation)",energy_water,ons_open_data,daily,2024-04-03,6153.0913,mwmed
thermal_dispatch_mwh,"Thermal dispatch (generation)",energy_water,ons_open_data,daily,2024-04-04,6760.8352,mwmed
thermal_dispatch_mwh,"Thermal dispatch (generation)",energy_water,ons_open_data,daily,2024-04-05,6691.6473,mwmed
thermal_dispatch_mwh,"Thermal dispatch (generation)",energy_water,ons_open_data,daily,2024-04-06,6425.2345,mwmed
thermal_dispatch_mwh,"Thermal dispatch (generation)",energy_water,ons_open_data,daily,2024-04-07,6464.4129,mwmed
thermal_dispatch_mwh,"Thermal dispatch (generation)",energy_water,ons_open_data,daily,2024-04-08,6220.4080,mwmed
thermal_dispatch_mwh,"Thermal dispatch (generation)",energy_water,ons_open_data,daily,2024-04-09,6301.8888,mwmed
thermal_dispatch_mwh,"Thermal dispatch (generation)",energy_water,ons_open_data,daily,2024-04-10,6891.5207,mwmed
thermal_dispatch_mwh,"Thermal dispatch (generation)",energy_water,ons_open_data,daily,2024-04-11,6615.1163,mwmed
thermal_dispatch_mwh,"Thermal dispatch (generation)",energy_water,ons_open_data,daily,2024-04-12,6681.3619,mwmed
thermal_dispatch_mwh,"Thermal dispatch (generation)",energy_water,ons_open_data,daily,2024-04-13,6667.3201,mwmed
thermal_dispatch_mwh,"Thermal dispatch (generation)",energy_water,ons_open_data,daily,2024-04-14,6279.9184,mwmed
thermal_dispatch_mwh,"Thermal dispatch (generation)",energy_water,ons_open_data,daily,2024-04-15,6219.0565,mwmed
thermal_dispatch_mwh,"Thermal dispatch (generation)",energy_water,ons_open_data,daily,2024-04-16,6356.1240,mwmed
thermal_dispatch_mwh,"Thermal dispatch (generation)",energy_water,ons_open_data,daily,2024-04-17,6342.6366,mwmed
thermal_dispatch_mwh,"Thermal dispatch (generation)",energy_water,ons_open_data,daily,2024-04-18,6500.9722,mwmed
thermal_dispatch_mwh,"Thermal dispatch (generation)",energy_water,ons_open_data,daily,2024-04-19,7330.8451,mwmed
thermal_dispatch_mwh,"Thermal dispatch (generation)",energy_water,ons_open_data,daily,2024-04-20,7347.2547,mwmed
thermal_dispatch_mwh,"Thermal dispatch (generation)",energy_water,ons_open_data,daily,2024-04-21,7400.8148,mwmed
thermal_dispatch_mwh,"Thermal dispatch (generation)",energy_water,ons_open_data,daily,2024-04-22,7465.4723,mwmed
thermal_dispatch_mwh,"Thermal dispatch (generation)",energy_water,ons_open_data,daily,2024-04-23,7593.5028,mwmed
thermal_dispatch_mwh,"Thermal dispatch (generation)",energy_water,ons_open_data,daily,2024-04-24,7329.3160,mwmed
thermal_dispatch_mwh,"Thermal dispatch (generation)",energy_water,ons_open_data,daily,2024-04-25,7470.7132,mwmed
thermal_dispatch_mwh,"Thermal dispatch (generation)",energy_water,ons_open_data,daily,2024-04-26,7191.9538,mwmed
thermal_dispatch_mwh,"Thermal dispatch (generation)",energy_water,ons_open_data,daily,2024-04-27,7384.1142,mwmed
thermal_dispatch_mwh,"Thermal dispatch (generation)",energy_water,ons_open_data,daily,2024-04-28,7394.8714,mwmed
thermal_dispatch_mwh,"Thermal dispatch (generation)",energy_water,ons_open_data,daily,2024-04-29,7495.5629,mwmed
thermal_dispatch_mwh,"Thermal dispatch (generation)",energy_water,ons_open_data,daily,2024-04-30,7517.3381,mwmed
thermal_dispatch_mwh,"Thermal dispatch (generation)",energy_water,ons_open_data,daily,2024-05-01,8023.7899,mwmed
thermal_dispatch_mwh,"Thermal dispatch (generation)",energy_water,ons_open_data,daily,2024-05-02,7998.3692,mwmed
thermal_dispatch_mwh,"Thermal dispatch (generation)",energy_water,ons_open_data,daily,2024-05-03,7987.6633,mwmed
thermal_dispatch_mwh,"Thermal dispatch (generation)",energy_water,ons_open_data,daily,2024-05-04,8032.8885,mwmed
thermal_dispatch_mwh,"Thermal dispatch (generation)",energy_water,ons_open_data,daily,2024-05-05,7872.7941,mwmed
thermal_dispatch_mwh,"Thermal dispatch (generation)",energy_water,ons_open_data,daily,2024-05-06,8091.1187,mwmed
thermal_dispatch_mwh,"Thermal dispatch (generation)",energy_water,ons_open_data,daily,2024-05-07,8012.9450,mwmed
thermal_dispatch_mwh,"Thermal dispatch (generation)",energy_water,ons_open_data,daily,2024-05-08,8198.1112,mwmed
thermal_dispatch_mwh,"Thermal dispatch (generation)",energy_water,ons_open_data,daily,2024-05-09,8069.1631,mwmed
thermal_dispatch_mwh,"Thermal dispatch (generation)",energy_water,ons_open_data,daily,2024-05-10,8156.5902,mwmed
thermal_dispatch_mwh,"Thermal dispatch (generation)",energy_water,ons_open_data,daily,2024-05-11,8329.8298,mwmed
thermal_dispatch_mwh,"Thermal dispatch (generation)",energy_water,ons_open_data,daily,2024-05-12,8392.4407,mwmed
thermal_dispatch_mwh,"Thermal dispatch (generation)",energy_water,ons_open_data,daily,2024-05-13,8264.3239,mwmed
thermal_dispatch_mwh,"Thermal dispatch (generation)",energy_water,ons_open_data,daily,2024-05-14,7682.9067,mwmed
thermal_dispatch_mwh,"Thermal dispatch (generation)",energy_water,ons_open_data,daily,2024-05-15,7775.9614,mwmed
thermal_dispatch_mwh,"Thermal dispatch (generation)",energy_water,ons_open_data,daily,2024-05-16,7787.3615,mwmed
thermal_dispatch_mwh,"Thermal dispatch (generation)",energy_water,ons_open_data,daily,2024-05-17,7925.0263,mwmed
thermal_dispatch_mwh,"Thermal dispatch (generation)",energy_water,ons_open_data,daily,2024-05-18,7649.1803,mwmed
thermal_dispatch_mwh,"Thermal dispatch (generation)",energy_water,ons_open_data,daily,2024-05-19,7528.5767,mwmed
thermal_dispatch_mwh,"Thermal dispatch (generation)",energy_water,ons_open_data,daily,2024-05-20,7721.9426,mwmed
thermal_dispatch_mwh,"Thermal dispatch (generation)",energy_water,ons_open_data,daily,2024-05-21,7801.2024,mwmed
thermal_dispatch_mwh,"Thermal dispatch (generation)",energy_water,ons_open_data,daily,2024-05-22,7767.1362,mwmed
thermal_dispatch_mwh,"Thermal dispatch (generation)",energy_water,ons_open_data,daily,2024-05-23,7761.1279,mwmed
thermal_dispatch_mwh,"Thermal dispatch (generation)",energy_water,ons_open_data,daily,2024-05-24,7905.0832,mwmed
thermal_dispatch_mwh,"Thermal dispatch (generation)",energy_water,ons_open_data,daily,2024-05-25,7819.2266,mwmed
thermal_dispatch_mwh,"Thermal dispatch (generation)",energy_water,ons_open_data,daily,2024-05-26,7812.4404,mwmed
thermal_dispatch_mwh,"Thermal dispatch (generation)",energy_water,ons_open_data,daily,2024-05-27,7742.0925,mwmed
thermal_dispatch_mwh,"Thermal dispatch (generation)",energy_water,ons_open_data,daily,2024-05-28,8132.1835,mwmed
thermal_dispatch_mwh,"Thermal dispatch (generation)",energy_water,ons_open_data,daily,2024-05-29,8661.9518,mwmed
thermal_dispatch_mwh,"Thermal dispatch (generation)",energy_water,ons_open_data,daily,2024-05-30,8800.3422,mwmed
thermal_dispatch_mwh,"Thermal dispatch (generation)",energy_water,ons_open_data,daily,2024-05-31,9299.4977,mwmed
thermal_dispatch_mwh,"Thermal dispatch (generation)",energy_water,ons_open_data,daily,2024-06-01,9338.0195,mwmed
thermal_dispatch_mwh,"Thermal dispatch (generation)",energy_water,ons_open_data,daily,2024-06-02,9367.2982,mwmed
thermal_dispatch_mwh,"Thermal dispatch (generation)",energy_water,ons_open_data,daily,2024-06-03,9180.5277,mwmed
thermal_dispatch_mwh,"Thermal dispatch (generation)",energy_water,ons_open_data,daily,2024-06-04,9133.2824,mwmed
thermal_dispatch_mwh,"Thermal dispatch (generation)",energy_water,ons_open_data,daily,2024-06-05,9177.2468,mwmed
thermal_dispatch_mwh,"Thermal dispatch (generation)",energy_water,ons_open_data,daily,2024-06-06,9107.6755,mwmed
thermal_dispatch_mwh,"Thermal dispatch (generation)",energy_water,ons_open_data,daily,2024-06-07,9240.9470,mwmed
thermal_dispatch_mwh,"Thermal dispatch (generation)",energy_water,ons_open_data,daily,2024-06-08,8713.2972,mwmed
thermal_dispatch_mwh,"Thermal dispatch (generation)",energy_water,ons_open_data,daily,2024-06-09,8702.3760,mwmed
thermal_dispatch_mwh,"Thermal dispatch (generation)",energy_water,ons_open_data,daily,2024-06-10,8929.6323,mwmed
thermal_dispatch_mwh,"Thermal dispatch (generation)",energy_water,ons_open_data,daily,2024-06-11,9060.7006,mwmed
thermal_dispatch_mwh,"Thermal dispatch (generation)",energy_water,ons_open_data,daily,2024-06-12,9042.5236,mwmed
thermal_dispatch_mwh,"Thermal dispatch (generation)",energy_water,ons_open_data,daily,2024-06-13,9362.5096,mwmed
thermal_dispatch_mwh,"Thermal dispatch (generation)",energy_water,ons_open_data,daily,2024-06-14,9321.4150,mwmed
thermal_dispatch_mwh,"Thermal dispatch (generation)",energy_water,ons_open_data,daily,2024-06-15,8974.8413,mwmed
thermal_dispatch_mwh,"Thermal dispatch (generation)",energy_water,ons_open_data,daily,2024-06-16,9095.0172,mwmed
thermal_dispatch_mwh,"Thermal dispatch (generation)",energy_water,ons_open_data,daily,2024-06-17,8643.1890,mwmed
thermal_dispatch_mwh,"Thermal dispatch (generation)",energy_water,ons_open_data,daily,2024-06-18,8417.2105,mwmed
thermal_dispatch_mwh,"Thermal dispatch (generation)",energy_water,ons_open_data,daily,2024-06-19,8488.6560,mwmed
thermal_dispatch_mwh,"Thermal dispatch (generation)",energy_water,ons_open_data,daily,2024-06-20,8495.5965,mwmed
thermal_dispatch_mwh,"Thermal dispatch (generation)",energy_water,ons_open_data,daily,2024-06-21,8488.7995,mwmed
thermal_dispatch_mwh,"Thermal dispatch (generation)",energy_water,ons_open_data,daily,2024-06-22,8650.5990,mwmed
thermal_dispatch_mwh,"Thermal dispatch (generation)",energy_water,ons_open_data,daily,2024-06-23,8711.9748,mwmed
thermal_dispatch_mwh,"Thermal dispatch (generation)",energy_water,ons_open_data,daily,2024-06-24,9076.7897,mwmed
thermal_dispatch_mwh,"Thermal dispatch (generation)",energy_water,ons_open_data,daily,2024-06-25,9642.3165,mwmed
thermal_dispatch_mwh,"Thermal dispatch (generation)",energy_water,ons_open_data,daily,2024-06-26,10162.2307,mwmed
thermal_dispatch_mwh,"Thermal dispatch (generation)",energy_water,ons_open_data,daily,2024-06-27,10037.4620,mwmed
thermal_dispatch_mwh,"Thermal dispatch (generation)",energy_water,ons_open_data,daily,2024-06-28,10049.3597,mwmed
thermal_dispatch_mwh,"Thermal dispatch (generation)",energy_water,ons_open_data,daily,2024-06-29,9386.3539,mwmed
thermal_dispatch_mwh,"Thermal dispatch (generation)",energy_water,ons_open_data,daily,2024-06-30,9370.0340,mwmed
thermal_dispatch_mwh,"Thermal dispatch (generation)",energy_water,ons_open_data,daily,2024-07-01,10007.8557,mwmed
thermal_dispatch_mwh,"Thermal dispatch (generation)",energy_water,ons_open_data,daily,2024-07-02,10395.3189,mwmed
thermal_dispatch_mwh,"Thermal dispatch (generation)",energy_water,ons_open_data,daily,2024-07-03,10713.3578,mwmed
thermal_dispatch_mwh,"Thermal dispatch (generation)",energy_water,ons_open_data,daily,2024-07-04,11559.3772,mwmed
thermal_dispatch_mwh,"Thermal dispatch (generation)",energy_water,ons_open_data,daily,2024-07-05,11525.3200,mwmed
thermal_dispatch_mwh,"Thermal dispatch (generation)",energy_water,ons_open_data,daily,2024-07-06,10047.1635,mwmed
thermal_dispatch_mwh,"Thermal dispatch (generation)",energy_water,ons_open_data,daily,2024-07-07,9615.5055,mwmed
thermal_dispatch_mwh,"Thermal dispatch (generation)",energy_water,ons_open_data,daily,2024-07-08,10966.5026,mwmed
thermal_dispatch_mwh,"Thermal dispatch (generation)",energy_water,ons_open_data,daily,2024-07-09,11240.9239,mwmed
thermal_dispatch_mwh,"Thermal dispatch (generation)",energy_water,ons_open_data,daily,2024-07-10,11115.1560,mwmed
thermal_dispatch_mwh,"Thermal dispatch (generation)",energy_water,ons_open_data,daily,2024-07-11,10880.3641,mwmed
thermal_dispatch_mwh,"Thermal dispatch (generation)",energy_water,ons_open_data,daily,2024-07-12,11062.0188,mwmed
thermal_dispatch_mwh,"Thermal dispatch (generation)",energy_water,ons_open_data,daily,2024-07-13,9403.5886,mwmed
thermal_dispatch_mwh,"Thermal dispatch (generation)",energy_water,ons_open_data,daily,2024-07-14,9286.3051,mwmed
thermal_dispatch_mwh,"Thermal dispatch (generation)",energy_water,ons_open_data,daily,2024-07-15,10059.9493,mwmed
thermal_dispatch_mwh,"Thermal dispatch (generation)",energy_water,ons_open_data,daily,2024-07-16,10844.2798,mwmed
thermal_dispatch_mwh,"Thermal dispatch (generation)",energy_water,ons_open_data,daily,2024-07-17,10930.7495,mwmed
thermal_dispatch_mwh,"Thermal dispatch (generation)",energy_water,ons_open_data,daily,2024-07-18,11246.1479,mwmed
thermal_dispatch_mwh,"Thermal dispatch (generation)",energy_water,ons_open_data,daily,2024-07-19,10720.2763,mwmed
thermal_dispatch_mwh,"Thermal dispatch (generation)",energy_water,ons_open_data,daily,2024-07-20,9800.7290,mwmed
thermal_dispatch_mwh,"Thermal dispatch (generation)",energy_water,ons_open_data,daily,2024-07-21,9435.3880,mwmed
thermal_dispatch_mwh,"Thermal dispatch (generation)",energy_water,ons_open_data,daily,2024-07-22,10071.2711,mwmed
thermal_dispatch_mwh,"Thermal dispatch (generation)",energy_water,ons_open_data,daily,2024-07-23,10816.9202,mwmed
thermal_dispatch_mwh,"Thermal dispatch (generation)",energy_water,ons_open_data,daily,2024-07-24,11113.8178,mwmed
thermal_dispatch_mwh,"Thermal dispatch (generation)",energy_water,ons_open_data,daily,2024-07-25,11566.1367,mwmed
thermal_dispatch_mwh,"Thermal dispatch (generation)",energy_water,ons_open_data,daily,2024-07-26,11468.5946,mwmed
thermal_dispatch_mwh,"Thermal dispatch (generation)",energy_water,ons_open_data,daily,2024-07-27,9825.6139,mwmed
thermal_dispatch_mwh,"Thermal dispatch (generation)",energy_water,ons_open_data,daily,2024-07-28,9501.5677,mwmed
thermal_dispatch_mwh,"Thermal dispatch (generation)",energy_water,ons_open_data,daily,2024-07-29,11244.5061,mwmed
thermal_dispatch_mwh,"Thermal dispatch (generation)",energy_water,ons_open_data,daily,2024-07-30,11631.0912,mwmed
thermal_dispatch_mwh,"Thermal dispatch (generation)",energy_water,ons_open_data,daily,2024-07-31,11778.2425,mwmed
thermal_dispatch_mwh,"Thermal dispatch (generation)",energy_water,ons_open_data,daily,2024-08-01,11477.5235,mwmed
thermal_dispatch_mwh,"Thermal dispatch (generation)",energy_water,ons_open_data,daily,2024-08-02,11034.6761,mwmed
thermal_dispatch_mwh,"Thermal dispatch (generation)",energy_water,ons_open_data,daily,2024-08-03,9757.7424,mwmed
thermal_dispatch_mwh,"Thermal dispatch (generation)",energy_water,ons_open_data,daily,2024-08-04,9699.8116,mwmed
thermal_dispatch_mwh,"Thermal dispatch (generation)",energy_water,ons_open_data,daily,2024-08-05,10985.1321,mwmed
thermal_dispatch_mwh,"Thermal dispatch (generation)",energy_water,ons_open_data,daily,2024-08-06,12057.4053,mwmed
thermal_dispatch_mwh,"Thermal dispatch (generation)",energy_water,ons_open_data,daily,2024-08-07,13083.0915,mwmed
thermal_dispatch_mwh,"Thermal dispatch (generation)",energy_water,ons_open_data,daily,2024-08-08,13327.3944,mwmed
thermal_dispatch_mwh,"Thermal dispatch (generation)",energy_water,ons_open_data,daily,2024-08-09,12965.4851,mwmed
thermal_dispatch_mwh,"Thermal dispatch (generation)",energy_water,ons_open_data,daily,2024-08-10,12348.6502,mwmed
thermal_dispatch_mwh,"Thermal dispatch (generation)",energy_water,ons_open_data,daily,2024-08-11,11820.7828,mwmed
thermal_dispatch_mwh,"Thermal dispatch (generation)",energy_water,ons_open_data,daily,2024-08-12,12905.2781,mwmed
thermal_dispatch_mwh,"Thermal dispatch (generation)",energy_water,ons_open_data,daily,2024-08-13,11469.2229,mwmed
thermal_dispatch_mwh,"Thermal dispatch (generation)",energy_water,ons_open_data,daily,2024-08-14,11656.8189,mwmed
thermal_dispatch_mwh,"Thermal dispatch (generation)",energy_water,ons_open_data,daily,2024-08-15,11748.9782,mwmed
thermal_dispatch_mwh,"Thermal dispatch (generation)",energy_water,ons_open_data,daily,2024-08-16,11504.1089,mwmed
thermal_dispatch_mwh,"Thermal dispatch (generation)",energy_water,ons_open_data,daily,2024-08-17,9811.9835,mwmed
thermal_dispatch_mwh,"Thermal dispatch (generation)",energy_water,ons_open_data,daily,2024-08-18,9143.1800,mwmed
thermal_dispatch_mwh,"Thermal dispatch (generation)",energy_water,ons_open_data,daily,2024-08-19,11908.6252,mwmed
thermal_dispatch_mwh,"Thermal dispatch (generation)",energy_water,ons_open_data,daily,2024-08-20,12956.3845,mwmed
thermal_dispatch_mwh,"Thermal dispatch (generation)",energy_water,ons_open_data,daily,2024-08-21,12664.3560,mwmed
thermal_dispatch_mwh,"Thermal dispatch (generation)",energy_water,ons_open_data,daily,2024-08-22,12940.3117,mwmed
thermal_dispatch_mwh,"Thermal dispatch (generation)",energy_water,ons_open_data,daily,2024-08-23,13355.1155,mwmed
thermal_dispatch_mwh,"Thermal dispatch (generation)",energy_water,ons_open_data,daily,2024-08-24,13045.1356,mwmed
thermal_dispatch_mwh,"Thermal dispatch (generation)",energy_water,ons_open_data,daily,2024-08-25,11845.0484,mwmed
thermal_dispatch_mwh,"Thermal dispatch (generation)",energy_water,ons_open_data,daily,2024-08-26,12866.4135,mwmed
thermal_dispatch_mwh,"Thermal dispatch (generation)",energy_water,ons_open_data,daily,2024-08-27,12244.4083,mwmed
thermal_dispatch_mwh,"Thermal dispatch (generation)",energy_water,ons_open_data,daily,2024-08-28,11822.8014,mwmed
thermal_dispatch_mwh,"Thermal dispatch (generation)",energy_water,ons_open_data,daily,2024-08-29,11712.3554,mwmed
thermal_dispatch_mwh,"Thermal dispatch (generation)",energy_water,ons_open_data,daily,2024-08-30,11621.3774,mwmed
thermal_dispatch_mwh,"Thermal dispatch (generation)",energy_water,ons_open_data,daily,2024-08-31,11173.6310,mwmed
thermal_dispatch_mwh,"Thermal dispatch (generation)",energy_water,ons_open_data,daily,2024-09-01,11154.2739,mwmed
thermal_dispatch_mwh,"Thermal dispatch (generation)",energy_water,ons_open_data,daily,2024-09-02,12965.5534,mwmed
thermal_dispatch_mwh,"Thermal dispatch (generation)",energy_water,ons_open_data,daily,2024-09-03,13161.3978,mwmed
thermal_dispatch_mwh,"Thermal dispatch (generation)",energy_water,ons_open_data,daily,2024-09-04,13530.9338,mwmed
thermal_dispatch_mwh,"Thermal dispatch (generation)",energy_water,ons_open_data,daily,2024-09-05,14617.5997,mwmed
thermal_dispatch_mwh,"Thermal dispatch (generation)",energy_water,ons_open_data,daily,2024-09-06,14384.7107,mwmed
thermal_dispatch_mwh,"Thermal dispatch (generation)",energy_water,ons_open_data,daily,2024-09-07,13272.9188,mwmed
thermal_dispatch_mwh,"Thermal dispatch (generation)",energy_water,ons_open_data,daily,2024-09-08,12186.5945,mwmed
thermal_dispatch_mwh,"Thermal dispatch (generation)",energy_water,ons_open_data,daily,2024-09-09,13641.3693,mwmed
thermal_dispatch_mwh,"Thermal dispatch (generation)",energy_water,ons_open_data,daily,2024-09-10,14358.0229,mwmed
thermal_dispatch_mwh,"Thermal dispatch (generation)",energy_water,ons_open_data,daily,2024-09-11,15834.6180,mwmed
thermal_dispatch_mwh,"Thermal dispatch (generation)",energy_water,ons_open_data,daily,2024-09-12,16063.4213,mwmed
thermal_dispatch_mwh,"Thermal dispatch (generation)",energy_water,ons_open_data,daily,2024-09-13,15527.5909,mwmed
thermal_dispatch_mwh,"Thermal dispatch (generation)",energy_water,ons_open_data,daily,2024-09-14,14652.4420,mwmed
thermal_dispatch_mwh,"Thermal dispatch (generation)",energy_water,ons_open_data,daily,2024-09-15,14024.6509,mwmed
thermal_dispatch_mwh,"Thermal dispatch (generation)",energy_water,ons_open_data,daily,2024-09-16,14651.1697,mwmed
thermal_dispatch_mwh,"Thermal dispatch (generation)",energy_water,ons_open_data,daily,2024-09-17,14403.9070,mwmed
thermal_dispatch_mwh,"Thermal dispatch (generation)",energy_water,ons_open_data,daily,2024-09-18,14476.1487,mwmed
thermal_dispatch_mwh,"Thermal dispatch (generation)",energy_water,ons_open_data,daily,2024-09-19,15429.2168,mwmed
thermal_dispatch_mwh,"Thermal dispatch (generation)",energy_water,ons_open_data,daily,2024-09-20,15922.3518,mwmed
thermal_dispatch_mwh,"Thermal dispatch (generation)",energy_water,ons_open_data,daily,2024-09-21,14334.6845,mwmed
thermal_dispatch_mwh,"Thermal dispatch (generation)",energy_water,ons_open_data,daily,2024-09-22,14527.6700,mwmed
thermal_dispatch_mwh,"Thermal dispatch (generation)",energy_water,ons_open_data,daily,2024-09-23,15991.8426,mwmed
thermal_dispatch_mwh,"Thermal dispatch (generation)",energy_water,ons_open_data,daily,2024-09-24,16377.8716,mwmed
thermal_dispatch_mwh,"Thermal dispatch (generation)",energy_water,ons_open_data,daily,2024-09-25,16095.4069,mwmed
thermal_dispatch_mwh,"Thermal dispatch (generation)",energy_water,ons_open_data,daily,2024-09-26,16195.9731,mwmed
thermal_dispatch_mwh,"Thermal dispatch (generation)",energy_water,ons_open_data,daily,2024-09-27,16028.5707,mwmed
thermal_dispatch_mwh,"Thermal dispatch (generation)",energy_water,ons_open_data,daily,2024-09-28,15194.1656,mwmed
thermal_dispatch_mwh,"Thermal dispatch (generation)",energy_water,ons_open_data,daily,2024-09-29,15166.3860,mwmed
thermal_dispatch_mwh,"Thermal dispatch (generation)",energy_water,ons_open_data,daily,2024-09-30,15858.2071,mwmed
thermal_dispatch_mwh,"Thermal dispatch (generation)",energy_water,ons_open_data,daily,2024-10-01,16816.7006,mwmed
thermal_dispatch_mwh,"Thermal dispatch (generation)",energy_water,ons_open_data,daily,2024-10-02,17434.0740,mwmed
thermal_dispatch_mwh,"Thermal dispatch (generation)",energy_water,ons_open_data,daily,2024-10-03,17668.5686,mwmed
thermal_dispatch_mwh,"Thermal dispatch (generation)",energy_water,ons_open_data,daily,2024-10-04,17045.9806,mwmed
thermal_dispatch_mwh,"Thermal dispatch (generation)",energy_water,ons_open_data,daily,2024-10-05,16053.6689,mwmed
thermal_dispatch_mwh,"Thermal dispatch (generation)",energy_water,ons_open_data,daily,2024-10-06,15392.4757,mwmed
thermal_dispatch_mwh,"Thermal dispatch (generation)",energy_water,ons_open_data,daily,2024-10-07,16379.0393,mwmed
thermal_dispatch_mwh,"Thermal dispatch (generation)",energy_water,ons_open_data,daily,2024-10-08,17589.2000,mwmed
thermal_dispatch_mwh,"Thermal dispatch (generation)",energy_water,ons_open_data,daily,2024-10-09,17768.4780,mwmed
thermal_dispatch_mwh,"Thermal dispatch (generation)",energy_water,ons_open_data,daily,2024-10-10,17039.4228,mwmed
thermal_dispatch_mwh,"Thermal dispatch (generation)",energy_water,ons_open_data,daily,2024-10-11,16102.7873,mwmed
thermal_dispatch_mwh,"Thermal dispatch (generation)",energy_water,ons_open_data,daily,2024-10-12,15572.8752,mwmed
thermal_dispatch_mwh,"Thermal dispatch (generation)",energy_water,ons_open_data,daily,2024-10-13,15720.1293,mwmed
thermal_dispatch_mwh,"Thermal dispatch (generation)",energy_water,ons_open_data,daily,2024-10-14,15891.3765,mwmed
thermal_dispatch_mwh,"Thermal dispatch (generation)",energy_water,ons_open_data,daily,2024-10-15,15209.2675,mwmed
thermal_dispatch_mwh,"Thermal dispatch (generation)",energy_water,ons_open_data,daily,2024-10-16,16178.8628,mwmed
thermal_dispatch_mwh,"Thermal dispatch (generation)",energy_water,ons_open_data,daily,2024-10-17,17166.9454,mwmed
thermal_dispatch_mwh,"Thermal dispatch (generation)",energy_water,ons_open_data,daily,2024-10-18,16820.3649,mwmed
thermal_dispatch_mwh,"Thermal dispatch (generation)",energy_water,ons_open_data,daily,2024-10-19,16073.2492,mwmed
thermal_dispatch_mwh,"Thermal dispatch (generation)",energy_water,ons_open_data,daily,2024-10-20,15310.2026,mwmed
thermal_dispatch_mwh,"Thermal dispatch (generation)",energy_water,ons_open_data,daily,2024-10-21,15601.5576,mwmed
thermal_dispatch_mwh,"Thermal dispatch (generation)",energy_water,ons_open_data,daily,2024-10-22,15161.7499,mwmed
thermal_dispatch_mwh,"Thermal dispatch (generation)",energy_water,ons_open_data,daily,2024-10-23,15182.6915,mwmed
thermal_dispatch_mwh,"Thermal dispatch (generation)",energy_water,ons_open_data,daily,2024-10-24,15210.1357,mwmed
thermal_dispatch_mwh,"Thermal dispatch (generation)",energy_water,ons_open_data,daily,2024-10-25,15498.2954,mwmed
thermal_dispatch_mwh,"Thermal dispatch (generation)",energy_water,ons_open_data,daily,2024-10-26,13182.7806,mwmed
thermal_dispatch_mwh,"Thermal dispatch (generation)",energy_water,ons_open_data,daily,2024-10-27,11266.9900,mwmed
thermal_dispatch_mwh,"Thermal dispatch (generation)",energy_water,ons_open_data,daily,2024-10-28,12576.2770,mwmed
thermal_dispatch_mwh,"Thermal dispatch (generation)",energy_water,ons_open_data,daily,2024-10-29,13497.3306,mwmed
thermal_dispatch_mwh,"Thermal dispatch (generation)",energy_water,ons_open_data,daily,2024-10-30,13983.3886,mwmed
thermal_dispatch_mwh,"Thermal dispatch (generation)",energy_water,ons_open_data,daily,2024-10-31,13872.1231,mwmed
thermal_dispatch_mwh,"Thermal dispatch (generation)",energy_water,ons_open_data,daily,2024-11-01,13182.7828,mwmed
thermal_dispatch_mwh,"Thermal dispatch (generation)",energy_water,ons_open_data,daily,2024-11-02,13221.5549,mwmed
thermal_dispatch_mwh,"Thermal dispatch (generation)",energy_water,ons_open_data,daily,2024-11-03,12090.8993,mwmed
thermal_dispatch_mwh,"Thermal dispatch (generation)",energy_water,ons_open_data,daily,2024-11-04,10812.1807,mwmed
thermal_dispatch_mwh,"Thermal dispatch (generation)",energy_water,ons_open_data,daily,2024-11-05,10874.3410,mwmed
thermal_dispatch_mwh,"Thermal dispatch (generation)",energy_water,ons_open_data,daily,2024-11-06,11612.9221,mwmed
thermal_dispatch_mwh,"Thermal dispatch (generation)",energy_water,ons_open_data,daily,2024-11-07,11405.5742,mwmed
thermal_dispatch_mwh,"Thermal dispatch (generation)",energy_water,ons_open_data,daily,2024-11-08,11555.3466,mwmed
thermal_dispatch_mwh,"Thermal dispatch (generation)",energy_water,ons_open_data,daily,2024-11-09,11878.1736,mwmed
thermal_dispatch_mwh,"Thermal dispatch (generation)",energy_water,ons_open_data,daily,2024-11-10,12146.8117,mwmed
thermal_dispatch_mwh,"Thermal dispatch (generation)",energy_water,ons_open_data,daily,2024-11-11,12489.3306,mwmed
thermal_dispatch_mwh,"Thermal dispatch (generation)",energy_water,ons_open_data,daily,2024-11-12,13206.6168,mwmed
thermal_dispatch_mwh,"Thermal dispatch (generation)",energy_water,ons_open_data,daily,2024-11-13,12424.4701,mwmed
thermal_dispatch_mwh,"Thermal dispatch (generation)",energy_water,ons_open_data,daily,2024-11-14,10666.4956,mwmed
thermal_dispatch_mwh,"Thermal dispatch (generation)",energy_water,ons_open_data,daily,2024-11-15,9330.4532,mwmed
thermal_dispatch_mwh,"Thermal dispatch (generation)",energy_water,ons_open_data,daily,2024-11-16,8775.4499,mwmed
thermal_dispatch_mwh,"Thermal dispatch (generation)",energy_water,ons_open_data,daily,2024-11-17,7856.8356,mwmed
thermal_dispatch_mwh,"Thermal dispatch (generation)",energy_water,ons_open_data,daily,2024-11-18,8678.9737,mwmed
thermal_dispatch_mwh,"Thermal dispatch (generation)",energy_water,ons_open_data,daily,2024-11-19,7944.3253,mwmed
thermal_dispatch_mwh,"Thermal dispatch (generation)",energy_water,ons_open_data,daily,2024-11-20,7609.5351,mwmed
thermal_dispatch_mwh,"Thermal dispatch (generation)",energy_water,ons_open_data,daily,2024-11-21,7757.9845,mwmed
thermal_dispatch_mwh,"Thermal dispatch (generation)",energy_water,ons_open_data,daily,2024-11-22,8446.8218,mwmed
thermal_dispatch_mwh,"Thermal dispatch (generation)",energy_water,ons_open_data,daily,2024-11-23,8182.8103,mwmed
thermal_dispatch_mwh,"Thermal dispatch (generation)",energy_water,ons_open_data,daily,2024-11-24,8005.2634,mwmed
thermal_dispatch_mwh,"Thermal dispatch (generation)",energy_water,ons_open_data,daily,2024-11-25,8802.6001,mwmed
thermal_dispatch_mwh,"Thermal dispatch (generation)",energy_water,ons_open_data,daily,2024-11-26,10046.9607,mwmed
thermal_dispatch_mwh,"Thermal dispatch (generation)",energy_water,ons_open_data,daily,2024-11-27,10341.8540,mwmed
thermal_dispatch_mwh,"Thermal dispatch (generation)",energy_water,ons_open_data,daily,2024-11-28,10706.9343,mwmed
thermal_dispatch_mwh,"Thermal dispatch (generation)",energy_water,ons_open_data,daily,2024-11-29,10650.4458,mwmed
thermal_dispatch_mwh,"Thermal dispatch (generation)",energy_water,ons_open_data,daily,2024-11-30,13099.8990,mwmed
thermal_dispatch_mwh,"Thermal dispatch (generation)",energy_water,ons_open_data,daily,2024-12-01,12938.5670,mwmed
thermal_dispatch_mwh,"Thermal dispatch (generation)",energy_water,ons_open_data,daily,2024-12-02,13650.9879,mwmed
thermal_dispatch_mwh,"Thermal dispatch (generation)",energy_water,ons_open_data,daily,2024-12-03,12849.3339,mwmed
thermal_dispatch_mwh,"Thermal dispatch (generation)",energy_water,ons_open_data,daily,2024-12-04,12482.5393,mwmed
thermal_dispatch_mwh,"Thermal dispatch (generation)",energy_water,ons_open_data,daily,2024-12-05,11144.8071,mwmed
thermal_dispatch_mwh,"Thermal dispatch (generation)",energy_water,ons_open_data,daily,2024-12-06,9556.2790,mwmed
thermal_dispatch_mwh,"Thermal dispatch (generation)",energy_water,ons_open_data,daily,2024-12-07,8153.9789,mwmed
thermal_dispatch_mwh,"Thermal dispatch (generation)",energy_water,ons_open_data,daily,2024-12-08,8317.9265,mwmed
thermal_dispatch_mwh,"Thermal dispatch (generation)",energy_water,ons_open_data,daily,2024-12-09,8605.3888,mwmed
thermal_dispatch_mwh,"Thermal dispatch (generation)",energy_water,ons_open_data,daily,2024-12-10,8027.5913,mwmed
thermal_dispatch_mwh,"Thermal dispatch (generation)",energy_water,ons_open_data,daily,2024-12-11,7763.5154,mwmed
thermal_dispatch_mwh,"Thermal dispatch (generation)",energy_water,ons_open_data,daily,2024-12-12,7353.0533,mwmed
thermal_dispatch_mwh,"Thermal dispatch (generation)",energy_water,ons_open_data,daily,2024-12-13,7574.0248,mwmed
thermal_dispatch_mwh,"Thermal dispatch (generation)",energy_water,ons_open_data,daily,2024-12-14,7448.2288,mwmed
thermal_dispatch_mwh,"Thermal dispatch (generation)",energy_water,ons_open_data,daily,2024-12-15,7635.6068,mwmed
thermal_dispatch_mwh,"Thermal dispatch (generation)",energy_water,ons_open_data,daily,2024-12-16,7597.6187,mwmed
thermal_dispatch_mwh,"Thermal dispatch (generation)",energy_water,ons_open_data,daily,2024-12-17,7762.2065,mwmed
thermal_dispatch_mwh,"Thermal dispatch (generation)",energy_water,ons_open_data,daily,2024-12-18,7961.7105,mwmed
thermal_dispatch_mwh,"Thermal dispatch (generation)",energy_water,ons_open_data,daily,2024-12-19,8179.5434,mwmed
thermal_dispatch_mwh,"Thermal dispatch (generation)",energy_water,ons_open_data,daily,2024-12-20,7525.7110,mwmed
thermal_dispatch_mwh,"Thermal dispatch (generation)",energy_water,ons_open_data,daily,2024-12-21,6686.3445,mwmed
thermal_dispatch_mwh,"Thermal dispatch (generation)",energy_water,ons_open_data,daily,2024-12-22,6508.3069,mwmed
thermal_dispatch_mwh,"Thermal dispatch (generation)",energy_water,ons_open_data,daily,2024-12-23,6916.8971,mwmed
thermal_dispatch_mwh,"Thermal dispatch (generation)",energy_water,ons_open_data,daily,2024-12-24,7620.8522,mwmed
thermal_dispatch_mwh,"Thermal dispatch (generation)",energy_water,ons_open_data,daily,2024-12-25,7619.1256,mwmed
thermal_dispatch_mwh,"Thermal dispatch (generation)",energy_water,ons_open_data,daily,2024-12-26,7758.1737,mwmed
thermal_dispatch_mwh,"Thermal dispatch (generation)",energy_water,ons_open_data,daily,2024-12-27,7294.2201,mwmed
thermal_dispatch_mwh,"Thermal dispatch (generation)",energy_water,ons_open_data,daily,2024-12-28,7363.4237,mwmed
thermal_dispatch_mwh,"Thermal dispatch (generation)",energy_water,ons_open_data,daily,2024-12-29,7260.5858,mwmed
thermal_dispatch_mwh,"Thermal dispatch (generation)",energy_water,ons_open_data,daily,2024-12-30,6867.4066,mwmed
thermal_dispatch_mwh,"Thermal dispatch (generation)",energy_water,ons_open_data,daily,2024-12-31,6861.3134,mwmed
thermal_dispatch_mwh,"Thermal dispatch (generation)",energy_water,ons_open_data,daily,2025-01-01,6576.1951,mwmed
thermal_dispatch_mwh,"Thermal dispatch (generation)",energy_water,ons_open_data,daily,2025-01-02,6456.4872,mwmed
thermal_dispatch_mwh,"Thermal dispatch (generation)",energy_water,ons_open_data,daily,2025-01-03,6330.1248,mwmed
thermal_dispatch_mwh,"Thermal dispatch (generation)",energy_water,ons_open_data,daily,2025-01-04,6272.6586,mwmed
thermal_dispatch_mwh,"Thermal dispatch (generation)",energy_water,ons_open_data,daily,2025-01-05,6443.3040,mwmed
thermal_dispatch_mwh,"Thermal dispatch (generation)",energy_water,ons_open_data,daily,2025-01-06,6420.5813,mwmed
thermal_dispatch_mwh,"Thermal dispatch (generation)",energy_water,ons_open_data,daily,2025-01-07,6011.2146,mwmed
thermal_dispatch_mwh,"Thermal dispatch (generation)",energy_water,ons_open_data,daily,2025-01-08,6262.1477,mwmed
thermal_dispatch_mwh,"Thermal dispatch (generation)",energy_water,ons_open_data,daily,2025-01-09,6785.6164,mwmed
thermal_dispatch_mwh,"Thermal dispatch (generation)",energy_water,ons_open_data,daily,2025-01-10,6758.2095,mwmed
thermal_dispatch_mwh,"Thermal dispatch (generation)",energy_water,ons_open_data,daily,2025-01-11,6470.5905,mwmed
thermal_dispatch_mwh,"Thermal dispatch (generation)",energy_water,ons_open_data,daily,2025-01-12,6557.8813,mwmed
thermal_dispatch_mwh,"Thermal dispatch (generation)",energy_water,ons_open_data,daily,2025-01-13,7101.9443,mwmed
thermal_dispatch_mwh,"Thermal dispatch (generation)",energy_water,ons_open_data,daily,2025-01-14,7402.5120,mwmed
thermal_dispatch_mwh,"Thermal dispatch (generation)",energy_water,ons_open_data,daily,2025-01-15,7253.9592,mwmed
thermal_dispatch_mwh,"Thermal dispatch (generation)",energy_water,ons_open_data,daily,2025-01-16,7321.1420,mwmed
thermal_dispatch_mwh,"Thermal dispatch (generation)",energy_water,ons_open_data,daily,2025-01-17,6696.8782,mwmed
thermal_dispatch_mwh,"Thermal dispatch (generation)",energy_water,ons_open_data,daily,2025-01-18,6365.5243,mwmed
thermal_dispatch_mwh,"Thermal dispatch (generation)",energy_water,ons_open_data,daily,2025-01-19,5666.8750,mwmed
thermal_dispatch_mwh,"Thermal dispatch (generation)",energy_water,ons_open_data,daily,2025-01-20,6148.5517,mwmed
thermal_dispatch_mwh,"Thermal dispatch (generation)",energy_water,ons_open_data,daily,2025-01-21,5579.3079,mwmed
thermal_dispatch_mwh,"Thermal dispatch (generation)",energy_water,ons_open_data,daily,2025-01-22,5683.5964,mwmed
thermal_dispatch_mwh,"Thermal dispatch (generation)",energy_water,ons_open_data,daily,2025-01-23,6994.9073,mwmed
thermal_dispatch_mwh,"Thermal dispatch (generation)",energy_water,ons_open_data,daily,2025-01-24,6494.1526,mwmed
thermal_dispatch_mwh,"Thermal dispatch (generation)",energy_water,ons_open_data,daily,2025-01-25,6490.3815,mwmed
thermal_dispatch_mwh,"Thermal dispatch (generation)",energy_water,ons_open_data,daily,2025-01-26,6988.3459,mwmed
thermal_dispatch_mwh,"Thermal dispatch (generation)",energy_water,ons_open_data,daily,2025-01-27,7279.9178,mwmed
thermal_dispatch_mwh,"Thermal dispatch (generation)",energy_water,ons_open_data,daily,2025-01-28,7436.4182,mwmed
thermal_dispatch_mwh,"Thermal dispatch (generation)",energy_water,ons_open_data,daily,2025-01-29,7384.4329,mwmed
thermal_dispatch_mwh,"Thermal dispatch (generation)",energy_water,ons_open_data,daily,2025-01-30,7090.5680,mwmed
thermal_dispatch_mwh,"Thermal dispatch (generation)",energy_water,ons_open_data,daily,2025-01-31,6762.7786,mwmed
thermal_dispatch_mwh,"Thermal dispatch (generation)",energy_water,ons_open_data,daily,2025-02-01,6770.4372,mwmed
thermal_dispatch_mwh,"Thermal dispatch (generation)",energy_water,ons_open_data,daily,2025-02-02,6905.9187,mwmed
thermal_dispatch_mwh,"Thermal dispatch (generation)",energy_water,ons_open_data,daily,2025-02-03,6904.9143,mwmed
thermal_dispatch_mwh,"Thermal dispatch (generation)",energy_water,ons_open_data,daily,2025-02-04,6676.3815,mwmed
thermal_dispatch_mwh,"Thermal dispatch (generation)",energy_water,ons_open_data,daily,2025-02-05,6700.9977,mwmed
thermal_dispatch_mwh,"Thermal dispatch (generation)",energy_water,ons_open_data,daily,2025-02-06,6497.2169,mwmed
thermal_dispatch_mwh,"Thermal dispatch (generation)",energy_water,ons_open_data,daily,2025-02-07,6480.2589,mwmed
thermal_dispatch_mwh,"Thermal dispatch (generation)",energy_water,ons_open_data,daily,2025-02-08,7615.8217,mwmed
thermal_dispatch_mwh,"Thermal dispatch (generation)",energy_water,ons_open_data,daily,2025-02-09,7321.7445,mwmed
thermal_dispatch_mwh,"Thermal dispatch (generation)",energy_water,ons_open_data,daily,2025-02-10,7146.5930,mwmed
thermal_dispatch_mwh,"Thermal dispatch (generation)",energy_water,ons_open_data,daily,2025-02-11,7159.9278,mwmed
thermal_dispatch_mwh,"Thermal dispatch (generation)",energy_water,ons_open_data,daily,2025-02-12,6586.7573,mwmed
thermal_dispatch_mwh,"Thermal dispatch (generation)",energy_water,ons_open_data,daily,2025-02-13,6576.0019,mwmed
thermal_dispatch_mwh,"Thermal dispatch (generation)",energy_water,ons_open_data,daily,2025-02-14,6478.7025,mwmed
thermal_dispatch_mwh,"Thermal dispatch (generation)",energy_water,ons_open_data,daily,2025-02-15,6352.1160,mwmed
thermal_dispatch_mwh,"Thermal dispatch (generation)",energy_water,ons_open_data,daily,2025-02-16,6315.8226,mwmed
thermal_dispatch_mwh,"Thermal dispatch (generation)",energy_water,ons_open_data,daily,2025-02-17,6421.8110,mwmed
thermal_dispatch_mwh,"Thermal dispatch (generation)",energy_water,ons_open_data,daily,2025-02-18,6430.6641,mwmed
thermal_dispatch_mwh,"Thermal dispatch (generation)",energy_water,ons_open_data,daily,2025-02-19,6430.7860,mwmed
thermal_dispatch_mwh,"Thermal dispatch (generation)",energy_water,ons_open_data,daily,2025-02-20,6491.5557,mwmed
thermal_dispatch_mwh,"Thermal dispatch (generation)",energy_water,ons_open_data,daily,2025-02-21,6546.5721,mwmed
thermal_dispatch_mwh,"Thermal dispatch (generation)",energy_water,ons_open_data,daily,2025-02-22,6469.5103,mwmed
thermal_dispatch_mwh,"Thermal dispatch (generation)",energy_water,ons_open_data,daily,2025-02-23,6489.5152,mwmed
thermal_dispatch_mwh,"Thermal dispatch (generation)",energy_water,ons_open_data,daily,2025-02-24,6437.4313,mwmed
thermal_dispatch_mwh,"Thermal dispatch (generation)",energy_water,ons_open_data,daily,2025-02-25,6590.3191,mwmed
thermal_dispatch_mwh,"Thermal dispatch (generation)",energy_water,ons_open_data,daily,2025-02-26,6371.3884,mwmed
thermal_dispatch_mwh,"Thermal dispatch (generation)",energy_water,ons_open_data,daily,2025-02-27,6419.2205,mwmed
thermal_dispatch_mwh,"Thermal dispatch (generation)",energy_water,ons_open_data,daily,2025-02-28,6336.5196,mwmed
thermal_dispatch_mwh,"Thermal dispatch (generation)",energy_water,ons_open_data,daily,2025-03-01,6576.9921,mwmed
thermal_dispatch_mwh,"Thermal dispatch (generation)",energy_water,ons_open_data,daily,2025-03-02,6537.7129,mwmed
thermal_dispatch_mwh,"Thermal dispatch (generation)",energy_water,ons_open_data,daily,2025-03-03,6574.7477,mwmed
thermal_dispatch_mwh,"Thermal dispatch (generation)",energy_water,ons_open_data,daily,2025-03-04,6672.9706,mwmed
thermal_dispatch_mwh,"Thermal dispatch (generation)",energy_water,ons_open_data,daily,2025-03-05,6635.3742,mwmed
thermal_dispatch_mwh,"Thermal dispatch (generation)",energy_water,ons_open_data,daily,2025-03-06,6227.4733,mwmed
thermal_dispatch_mwh,"Thermal dispatch (generation)",energy_water,ons_open_data,daily,2025-03-07,6015.6800,mwmed
thermal_dispatch_mwh,"Thermal dispatch (generation)",energy_water,ons_open_data,daily,2025-03-08,5500.7557,mwmed
thermal_dispatch_mwh,"Thermal dispatch (generation)",energy_water,ons_open_data,daily,2025-03-09,5671.0983,mwmed
thermal_dispatch_mwh,"Thermal dispatch (generation)",energy_water,ons_open_data,daily,2025-03-10,5646.3122,mwmed
thermal_dispatch_mwh,"Thermal dispatch (generation)",energy_water,ons_open_data,daily,2025-03-11,6057.9362,mwmed
thermal_dispatch_mwh,"Thermal dispatch (generation)",energy_water,ons_open_data,daily,2025-03-12,6137.1752,mwmed
thermal_dispatch_mwh,"Thermal dispatch (generation)",energy_water,ons_open_data,daily,2025-03-13,6146.7793,mwmed
thermal_dispatch_mwh,"Thermal dispatch (generation)",energy_water,ons_open_data,daily,2025-03-14,6193.9042,mwmed
thermal_dispatch_mwh,"Thermal dispatch (generation)",energy_water,ons_open_data,daily,2025-03-15,5933.8147,mwmed
thermal_dispatch_mwh,"Thermal dispatch (generation)",energy_water,ons_open_data,daily,2025-03-16,5611.0435,mwmed
thermal_dispatch_mwh,"Thermal dispatch (generation)",energy_water,ons_open_data,daily,2025-03-17,6188.0905,mwmed
thermal_dispatch_mwh,"Thermal dispatch (generation)",energy_water,ons_open_data,daily,2025-03-18,6047.3476,mwmed
thermal_dispatch_mwh,"Thermal dispatch (generation)",energy_water,ons_open_data,daily,2025-03-19,6170.1996,mwmed
thermal_dispatch_mwh,"Thermal dispatch (generation)",energy_water,ons_open_data,daily,2025-03-20,6187.4454,mwmed
thermal_dispatch_mwh,"Thermal dispatch (generation)",energy_water,ons_open_data,daily,2025-03-21,6467.5248,mwmed
thermal_dispatch_mwh,"Thermal dispatch (generation)",energy_water,ons_open_data,daily,2025-03-22,6324.5147,mwmed
thermal_dispatch_mwh,"Thermal dispatch (generation)",energy_water,ons_open_data,daily,2025-03-23,6230.9722,mwmed
thermal_dispatch_mwh,"Thermal dispatch (generation)",energy_water,ons_open_data,daily,2025-03-24,6499.8114,mwmed
thermal_dispatch_mwh,"Thermal dispatch (generation)",energy_water,ons_open_data,daily,2025-03-25,6645.7736,mwmed
thermal_dispatch_mwh,"Thermal dispatch (generation)",energy_water,ons_open_data,daily,2025-03-26,6478.1654,mwmed
thermal_dispatch_mwh,"Thermal dispatch (generation)",energy_water,ons_open_data,daily,2025-03-27,6531.3943,mwmed
thermal_dispatch_mwh,"Thermal dispatch (generation)",energy_water,ons_open_data,daily,2025-03-28,6548.0941,mwmed
thermal_dispatch_mwh,"Thermal dispatch (generation)",energy_water,ons_open_data,daily,2025-03-29,6580.0585,mwmed
thermal_dispatch_mwh,"Thermal dispatch (generation)",energy_water,ons_open_data,daily,2025-03-30,6729.2512,mwmed
thermal_dispatch_mwh,"Thermal dispatch (generation)",energy_water,ons_open_data,daily,2025-03-31,8009.9826,mwmed
thermal_dispatch_mwh,"Thermal dispatch (generation)",energy_water,ons_open_data,daily,2025-04-01,8795.8612,mwmed
thermal_dispatch_mwh,"Thermal dispatch (generation)",energy_water,ons_open_data,daily,2025-04-02,8240.1478,mwmed
thermal_dispatch_mwh,"Thermal dispatch (generation)",energy_water,ons_open_data,daily,2025-04-03,7554.0948,mwmed
thermal_dispatch_mwh,"Thermal dispatch (generation)",energy_water,ons_open_data,daily,2025-04-04,7332.2222,mwmed
thermal_dispatch_mwh,"Thermal dispatch (generation)",energy_water,ons_open_data,daily,2025-04-05,6919.9167,mwmed
thermal_dispatch_mwh,"Thermal dispatch (generation)",energy_water,ons_open_data,daily,2025-04-06,6397.4986,mwmed
thermal_dispatch_mwh,"Thermal dispatch (generation)",energy_water,ons_open_data,daily,2025-04-07,7117.3483,mwmed
thermal_dispatch_mwh,"Thermal dispatch (generation)",energy_water,ons_open_data,daily,2025-04-08,7306.2585,mwmed
thermal_dispatch_mwh,"Thermal dispatch (generation)",energy_water,ons_open_data,daily,2025-04-09,7199.9001,mwmed
thermal_dispatch_mwh,"Thermal dispatch (generation)",energy_water,ons_open_data,daily,2025-04-10,6915.6993,mwmed
thermal_dispatch_mwh,"Thermal dispatch (generation)",energy_water,ons_open_data,daily,2025-04-11,7439.0918,mwmed
thermal_dispatch_mwh,"Thermal dispatch (generation)",energy_water,ons_open_data,daily,2025-04-12,7649.3246,mwmed
thermal_dispatch_mwh,"Thermal dispatch (generation)",energy_water,ons_open_data,daily,2025-04-13,7660.7684,mwmed
thermal_dispatch_mwh,"Thermal dispatch (generation)",energy_water,ons_open_data,daily,2025-04-14,7917.9598,mwmed
thermal_dispatch_mwh,"Thermal dispatch (generation)",energy_water,ons_open_data,daily,2025-04-15,8109.2692,mwmed
thermal_dispatch_mwh,"Thermal dispatch (generation)",energy_water,ons_open_data,daily,2025-04-16,7443.4426,mwmed
thermal_dispatch_mwh,"Thermal dispatch (generation)",energy_water,ons_open_data,daily,2025-04-17,6862.8971,mwmed
thermal_dispatch_mwh,"Thermal dispatch (generation)",energy_water,ons_open_data,daily,2025-04-18,6878.0486,mwmed
thermal_dispatch_mwh,"Thermal dispatch (generation)",energy_water,ons_open_data,daily,2025-04-19,6537.7554,mwmed
thermal_dispatch_mwh,"Thermal dispatch (generation)",energy_water,ons_open_data,daily,2025-04-20,6776.9992,mwmed
thermal_dispatch_mwh,"Thermal dispatch (generation)",energy_water,ons_open_data,daily,2025-04-21,6837.4077,mwmed
thermal_dispatch_mwh,"Thermal dispatch (generation)",energy_water,ons_open_data,daily,2025-04-22,6975.9863,mwmed
thermal_dispatch_mwh,"Thermal dispatch (generation)",energy_water,ons_open_data,daily,2025-04-23,6819.0775,mwmed
thermal_dispatch_mwh,"Thermal dispatch (generation)",energy_water,ons_open_data,daily,2025-04-24,6524.4992,mwmed
thermal_dispatch_mwh,"Thermal dispatch (generation)",energy_water,ons_open_data,daily,2025-04-25,6217.0647,mwmed
thermal_dispatch_mwh,"Thermal dispatch (generation)",energy_water,ons_open_data,daily,2025-04-26,6913.6633,mwmed
thermal_dispatch_mwh,"Thermal dispatch (generation)",energy_water,ons_open_data,daily,2025-04-27,7190.1821,mwmed
thermal_dispatch_mwh,"Thermal dispatch (generation)",energy_water,ons_open_data,daily,2025-04-28,7597.0789,mwmed
thermal_dispatch_mwh,"Thermal dispatch (generation)",energy_water,ons_open_data,daily,2025-04-29,7327.4954,mwmed
thermal_dispatch_mwh,"Thermal dispatch (generation)",energy_water,ons_open_data,daily,2025-04-30,7721.4134,mwmed
thermal_dispatch_mwh,"Thermal dispatch (generation)",energy_water,ons_open_data,daily,2025-05-01,7661.3657,mwmed
thermal_dispatch_mwh,"Thermal dispatch (generation)",energy_water,ons_open_data,daily,2025-05-02,7890.9242,mwmed
thermal_dispatch_mwh,"Thermal dispatch (generation)",energy_water,ons_open_data,daily,2025-05-03,8116.5200,mwmed
thermal_dispatch_mwh,"Thermal dispatch (generation)",energy_water,ons_open_data,daily,2025-05-04,7980.7736,mwmed
thermal_dispatch_mwh,"Thermal dispatch (generation)",energy_water,ons_open_data,daily,2025-05-05,7435.2471,mwmed
thermal_dispatch_mwh,"Thermal dispatch (generation)",energy_water,ons_open_data,daily,2025-05-06,7277.1469,mwmed
thermal_dispatch_mwh,"Thermal dispatch (generation)",energy_water,ons_open_data,daily,2025-05-07,6615.7571,mwmed
thermal_dispatch_mwh,"Thermal dispatch (generation)",energy_water,ons_open_data,daily,2025-05-08,6450.8695,mwmed
thermal_dispatch_mwh,"Thermal dispatch (generation)",energy_water,ons_open_data,daily,2025-05-09,6319.6813,mwmed
thermal_dispatch_mwh,"Thermal dispatch (generation)",energy_water,ons_open_data,daily,2025-05-10,6362.7098,mwmed
thermal_dispatch_mwh,"Thermal dispatch (generation)",energy_water,ons_open_data,daily,2025-05-11,6336.9578,mwmed
thermal_dispatch_mwh,"Thermal dispatch (generation)",energy_water,ons_open_data,daily,2025-05-12,6327.4821,mwmed
thermal_dispatch_mwh,"Thermal dispatch (generation)",energy_water,ons_open_data,daily,2025-05-13,6222.8429,mwmed
thermal_dispatch_mwh,"Thermal dispatch (generation)",energy_water,ons_open_data,daily,2025-05-14,6577.7131,mwmed
thermal_dispatch_mwh,"Thermal dispatch (generation)",energy_water,ons_open_data,daily,2025-05-15,7323.7430,mwmed
thermal_dispatch_mwh,"Thermal dispatch (generation)",energy_water,ons_open_data,daily,2025-05-16,7319.4296,mwmed
thermal_dispatch_mwh,"Thermal dispatch (generation)",energy_water,ons_open_data,daily,2025-05-17,7422.1636,mwmed
thermal_dispatch_mwh,"Thermal dispatch (generation)",energy_water,ons_open_data,daily,2025-05-18,7584.1813,mwmed
thermal_dispatch_mwh,"Thermal dispatch (generation)",energy_water,ons_open_data,daily,2025-05-19,8818.6918,mwmed
thermal_dispatch_mwh,"Thermal dispatch (generation)",energy_water,ons_open_data,daily,2025-05-20,9753.1753,mwmed
thermal_dispatch_mwh,"Thermal dispatch (generation)",energy_water,ons_open_data,daily,2025-05-21,9674.6404,mwmed
thermal_dispatch_mwh,"Thermal dispatch (generation)",energy_water,ons_open_data,daily,2025-05-22,9888.0508,mwmed
thermal_dispatch_mwh,"Thermal dispatch (generation)",energy_water,ons_open_data,daily,2025-05-23,9944.0339,mwmed
thermal_dispatch_mwh,"Thermal dispatch (generation)",energy_water,ons_open_data,daily,2025-05-24,9012.1666,mwmed
thermal_dispatch_mwh,"Thermal dispatch (generation)",energy_water,ons_open_data,daily,2025-05-25,9004.6533,mwmed
thermal_dispatch_mwh,"Thermal dispatch (generation)",energy_water,ons_open_data,daily,2025-05-26,9434.1404,mwmed
thermal_dispatch_mwh,"Thermal dispatch (generation)",energy_water,ons_open_data,daily,2025-05-27,10197.5105,mwmed
thermal_dispatch_mwh,"Thermal dispatch (generation)",energy_water,ons_open_data,daily,2025-05-28,10116.5698,mwmed
thermal_dispatch_mwh,"Thermal dispatch (generation)",energy_water,ons_open_data,daily,2025-05-29,9948.2362,mwmed
thermal_dispatch_mwh,"Thermal dispatch (generation)",energy_water,ons_open_data,daily,2025-05-30,10969.4388,mwmed
thermal_dispatch_mwh,"Thermal dispatch (generation)",energy_water,ons_open_data,daily,2025-05-31,9435.6590,mwmed
thermal_dispatch_mwh,"Thermal dispatch (generation)",energy_water,ons_open_data,daily,2025-06-01,9637.8255,mwmed
thermal_dispatch_mwh,"Thermal dispatch (generation)",energy_water,ons_open_data,daily,2025-06-02,10482.8051,mwmed
thermal_dispatch_mwh,"Thermal dispatch (generation)",energy_water,ons_open_data,daily,2025-06-03,9961.0234,mwmed
thermal_dispatch_mwh,"Thermal dispatch (generation)",energy_water,ons_open_data,daily,2025-06-04,9890.9402,mwmed
thermal_dispatch_mwh,"Thermal dispatch (generation)",energy_water,ons_open_data,daily,2025-06-05,10329.6394,mwmed
thermal_dispatch_mwh,"Thermal dispatch (generation)",energy_water,ons_open_data,daily,2025-06-06,10399.8122,mwmed
thermal_dispatch_mwh,"Thermal dispatch (generation)",energy_water,ons_open_data,daily,2025-06-07,9788.7637,mwmed
thermal_dispatch_mwh,"Thermal dispatch (generation)",energy_water,ons_open_data,daily,2025-06-08,9485.5793,mwmed
thermal_dispatch_mwh,"Thermal dispatch (generation)",energy_water,ons_open_data,daily,2025-06-09,10259.3829,mwmed
thermal_dispatch_mwh,"Thermal dispatch (generation)",energy_water,ons_open_data,daily,2025-06-10,10727.4275,mwmed
thermal_dispatch_mwh,"Thermal dispatch (generation)",energy_water,ons_open_data,daily,2025-06-11,10882.6515,mwmed
thermal_dispatch_mwh,"Thermal dispatch (generation)",energy_water,ons_open_data,daily,2025-06-12,10383.4057,mwmed
thermal_dispatch_mwh,"Thermal dispatch (generation)",energy_water,ons_open_data,daily,2025-06-13,9555.8515,mwmed
thermal_dispatch_mwh,"Thermal dispatch (generation)",energy_water,ons_open_data,daily,2025-06-14,9078.6933,mwmed
thermal_dispatch_mwh,"Thermal dispatch (generation)",energy_water,ons_open_data,daily,2025-06-15,8611.0285,mwmed
thermal_dispatch_mwh,"Thermal dispatch (generation)",energy_water,ons_open_data,daily,2025-06-16,8888.2936,mwmed
thermal_dispatch_mwh,"Thermal dispatch (generation)",energy_water,ons_open_data,daily,2025-06-17,9429.2103,mwmed
thermal_dispatch_mwh,"Thermal dispatch (generation)",energy_water,ons_open_data,daily,2025-06-18,9459.6667,mwmed
thermal_dispatch_mwh,"Thermal dispatch (generation)",energy_water,ons_open_data,daily,2025-06-19,10052.1609,mwmed
thermal_dispatch_mwh,"Thermal dispatch (generation)",energy_water,ons_open_data,daily,2025-06-20,10760.3826,mwmed
thermal_dispatch_mwh,"Thermal dispatch (generation)",energy_water,ons_open_data,daily,2025-06-21,9758.3143,mwmed
thermal_dispatch_mwh,"Thermal dispatch (generation)",energy_water,ons_open_data,daily,2025-06-22,9011.9292,mwmed
thermal_dispatch_mwh,"Thermal dispatch (generation)",energy_water,ons_open_data,daily,2025-06-23,9564.5753,mwmed
thermal_dispatch_mwh,"Thermal dispatch (generation)",energy_water,ons_open_data,daily,2025-06-24,9751.6706,mwmed
thermal_dispatch_mwh,"Thermal dispatch (generation)",energy_water,ons_open_data,daily,2025-06-25,10220.5113,mwmed
thermal_dispatch_mwh,"Thermal dispatch (generation)",energy_water,ons_open_data,daily,2025-06-26,10603.2447,mwmed
thermal_dispatch_mwh,"Thermal dispatch (generation)",energy_water,ons_open_data,daily,2025-06-27,10950.1575,mwmed
thermal_dispatch_mwh,"Thermal dispatch (generation)",energy_water,ons_open_data,daily,2025-06-28,10333.2980,mwmed
thermal_dispatch_mwh,"Thermal dispatch (generation)",energy_water,ons_open_data,daily,2025-06-29,9421.3274,mwmed
thermal_dispatch_mwh,"Thermal dispatch (generation)",energy_water,ons_open_data,daily,2025-06-30,10579.6205,mwmed
thermal_dispatch_mwh,"Thermal dispatch (generation)",energy_water,ons_open_data,daily,2025-07-01,11770.6478,mwmed
thermal_dispatch_mwh,"Thermal dispatch (generation)",energy_water,ons_open_data,daily,2025-07-02,11585.5184,mwmed
thermal_dispatch_mwh,"Thermal dispatch (generation)",energy_water,ons_open_data,daily,2025-07-03,11716.5238,mwmed
thermal_dispatch_mwh,"Thermal dispatch (generation)",energy_water,ons_open_data,daily,2025-07-04,12079.0792,mwmed
thermal_dispatch_mwh,"Thermal dispatch (generation)",energy_water,ons_open_data,daily,2025-07-05,11837.8086,mwmed
thermal_dispatch_mwh,"Thermal dispatch (generation)",energy_water,ons_open_data,daily,2025-07-06,11571.8197,mwmed
thermal_dispatch_mwh,"Thermal dispatch (generation)",energy_water,ons_open_data,daily,2025-07-07,12077.6935,mwmed
thermal_dispatch_mwh,"Thermal dispatch (generation)",energy_water,ons_open_data,daily,2025-07-08,11287.8540,mwmed
thermal_dispatch_mwh,"Thermal dispatch (generation)",energy_water,ons_open_data,daily,2025-07-09,11452.6582,mwmed
thermal_dispatch_mwh,"Thermal dispatch (generation)",energy_water,ons_open_data,daily,2025-07-10,12251.0195,mwmed
thermal_dispatch_mwh,"Thermal dispatch (generation)",energy_water,ons_open_data,daily,2025-07-11,13130.1685,mwmed
thermal_dispatch_mwh,"Thermal dispatch (generation)",energy_water,ons_open_data,daily,2025-07-12,11683.2303,mwmed
thermal_dispatch_mwh,"Thermal dispatch (generation)",energy_water,ons_open_data,daily,2025-07-13,11754.7015,mwmed
thermal_dispatch_mwh,"Thermal dispatch (generation)",energy_water,ons_open_data,daily,2025-07-14,13004.6808,mwmed
thermal_dispatch_mwh,"Thermal dispatch (generation)",energy_water,ons_open_data,daily,2025-07-15,13449.1872,mwmed
thermal_dispatch_mwh,"Thermal dispatch (generation)",energy_water,ons_open_data,daily,2025-07-16,13633.1080,mwmed
thermal_dispatch_mwh,"Thermal dispatch (generation)",energy_water,ons_open_data,daily,2025-07-17,13735.7883,mwmed
thermal_dispatch_mwh,"Thermal dispatch (generation)",energy_water,ons_open_data,daily,2025-07-18,14242.2121,mwmed
thermal_dispatch_mwh,"Thermal dispatch (generation)",energy_water,ons_open_data,daily,2025-07-19,12972.5476,mwmed
thermal_dispatch_mwh,"Thermal dispatch (generation)",energy_water,ons_open_data,daily,2025-07-20,12302.9292,mwmed
thermal_dispatch_mwh,"Thermal dispatch (generation)",energy_water,ons_open_data,daily,2025-07-21,12974.3598,mwmed
thermal_dispatch_mwh,"Thermal dispatch (generation)",energy_water,ons_open_data,daily,2025-07-22,14445.4298,mwmed
thermal_dispatch_mwh,"Thermal dispatch (generation)",energy_water,ons_open_data,daily,2025-07-23,14263.6805,mwmed
thermal_dispatch_mwh,"Thermal dispatch (generation)",energy_water,ons_open_data,daily,2025-07-24,14428.9292,mwmed
thermal_dispatch_mwh,"Thermal dispatch (generation)",energy_water,ons_open_data,daily,2025-07-25,14425.5720,mwmed
thermal_dispatch_mwh,"Thermal dispatch (generation)",energy_water,ons_open_data,daily,2025-07-26,11788.1866,mwmed
thermal_dispatch_mwh,"Thermal dispatch (generation)",energy_water,ons_open_data,daily,2025-07-27,12180.9335,mwmed
thermal_dispatch_mwh,"Thermal dispatch (generation)",energy_water,ons_open_data,daily,2025-07-28,13457.3862,mwmed
thermal_dispatch_mwh,"Thermal dispatch (generation)",energy_water,ons_open_data,daily,2025-07-29,14145.8307,mwmed
thermal_dispatch_mwh,"Thermal dispatch (generation)",energy_water,ons_open_data,daily,2025-07-30,13853.5853,mwmed
thermal_dispatch_mwh,"Thermal dispatch (generation)",energy_water,ons_open_data,daily,2025-07-31,13819.5229,mwmed
thermal_dispatch_mwh,"Thermal dispatch (generation)",energy_water,ons_open_data,daily,2025-08-01,13996.6180,mwmed
thermal_dispatch_mwh,"Thermal dispatch (generation)",energy_water,ons_open_data,daily,2025-08-02,12564.1110,mwmed
thermal_dispatch_mwh,"Thermal dispatch (generation)",energy_water,ons_open_data,daily,2025-08-03,12468.7907,mwmed
thermal_dispatch_mwh,"Thermal dispatch (generation)",energy_water,ons_open_data,daily,2025-08-04,13690.6516,mwmed
thermal_dispatch_mwh,"Thermal dispatch (generation)",energy_water,ons_open_data,daily,2025-08-05,14540.2696,mwmed
thermal_dispatch_mwh,"Thermal dispatch (generation)",energy_water,ons_open_data,daily,2025-08-06,14540.5333,mwmed
thermal_dispatch_mwh,"Thermal dispatch (generation)",energy_water,ons_open_data,daily,2025-08-07,14836.6906,mwmed
thermal_dispatch_mwh,"Thermal dispatch (generation)",energy_water,ons_open_data,daily,2025-08-08,14293.7808,mwmed
thermal_dispatch_mwh,"Thermal dispatch (generation)",energy_water,ons_open_data,daily,2025-08-09,14051.6885,mwmed
thermal_dispatch_mwh,"Thermal dispatch (generation)",energy_water,ons_open_data,daily,2025-08-10,13603.6198,mwmed
thermal_dispatch_mwh,"Thermal dispatch (generation)",energy_water,ons_open_data,daily,2025-08-11,13944.6851,mwmed
thermal_dispatch_mwh,"Thermal dispatch (generation)",energy_water,ons_open_data,daily,2025-08-12,13816.1505,mwmed
thermal_dispatch_mwh,"Thermal dispatch (generation)",energy_water,ons_open_data,daily,2025-08-13,14130.3910,mwmed
thermal_dispatch_mwh,"Thermal dispatch (generation)",energy_water,ons_open_data,daily,2025-08-14,13975.0527,mwmed
thermal_dispatch_mwh,"Thermal dispatch (generation)",energy_water,ons_open_data,daily,2025-08-15,14092.7435,mwmed
thermal_dispatch_mwh,"Thermal dispatch (generation)",energy_water,ons_open_data,daily,2025-08-16,13193.2308,mwmed
thermal_dispatch_mwh,"Thermal dispatch (generation)",energy_water,ons_open_data,daily,2025-08-17,13654.0949,mwmed
thermal_dispatch_mwh,"Thermal dispatch (generation)",energy_water,ons_open_data,daily,2025-08-18,13619.1676,mwmed
thermal_dispatch_mwh,"Thermal dispatch (generation)",energy_water,ons_open_data,daily,2025-08-19,14053.2092,mwmed
thermal_dispatch_mwh,"Thermal dispatch (generation)",energy_water,ons_open_data,daily,2025-08-20,13224.5383,mwmed
thermal_dispatch_mwh,"Thermal dispatch (generation)",energy_water,ons_open_data,daily,2025-08-21,14202.4680,mwmed
thermal_dispatch_mwh,"Thermal dispatch (generation)",energy_water,ons_open_data,daily,2025-08-22,14128.1301,mwmed
thermal_dispatch_mwh,"Thermal dispatch (generation)",energy_water,ons_open_data,daily,2025-08-23,14023.0158,mwmed
thermal_dispatch_mwh,"Thermal dispatch (generation)",energy_water,ons_open_data,daily,2025-08-24,13588.6766,mwmed
thermal_dispatch_mwh,"Thermal dispatch (generation)",energy_water,ons_open_data,daily,2025-08-25,15191.6988,mwmed
thermal_dispatch_mwh,"Thermal dispatch (generation)",energy_water,ons_open_data,daily,2025-08-26,15774.4948,mwmed
thermal_dispatch_mwh,"Thermal dispatch (generation)",energy_water,ons_open_data,daily,2025-08-27,14819.9753,mwmed
thermal_dispatch_mwh,"Thermal dispatch (generation)",energy_water,ons_open_data,daily,2025-08-28,14412.4438,mwmed
thermal_dispatch_mwh,"Thermal dispatch (generation)",energy_water,ons_open_data,daily,2025-08-29,13952.4505,mwmed
thermal_dispatch_mwh,"Thermal dispatch (generation)",energy_water,ons_open_data,daily,2025-08-30,12709.1000,mwmed
thermal_dispatch_mwh,"Thermal dispatch (generation)",energy_water,ons_open_data,daily,2025-08-31,11662.6223,mwmed
thermal_dispatch_mwh,"Thermal dispatch (generation)",energy_water,ons_open_data,daily,2025-09-01,10972.9809,mwmed
thermal_dispatch_mwh,"Thermal dispatch (generation)",energy_water,ons_open_data,daily,2025-09-02,12566.9837,mwmed
thermal_dispatch_mwh,"Thermal dispatch (generation)",energy_water,ons_open_data,daily,2025-09-03,12634.9947,mwmed
thermal_dispatch_mwh,"Thermal dispatch (generation)",energy_water,ons_open_data,daily,2025-09-04,12571.5839,mwmed
thermal_dispatch_mwh,"Thermal dispatch (generation)",energy_water,ons_open_data,daily,2025-09-05,12425.1122,mwmed
thermal_dispatch_mwh,"Thermal dispatch (generation)",energy_water,ons_open_data,daily,2025-09-06,11613.5007,mwmed
thermal_dispatch_mwh,"Thermal dispatch (generation)",energy_water,ons_open_data,daily,2025-09-07,11210.6792,mwmed
thermal_dispatch_mwh,"Thermal dispatch (generation)",energy_water,ons_open_data,daily,2025-09-08,12183.3561,mwmed
thermal_dispatch_mwh,"Thermal dispatch (generation)",energy_water,ons_open_data,daily,2025-09-09,13291.1279,mwmed
thermal_dispatch_mwh,"Thermal dispatch (generation)",energy_water,ons_open_data,daily,2025-09-10,12904.8627,mwmed
thermal_dispatch_mwh,"Thermal dispatch (generation)",energy_water,ons_open_data,daily,2025-09-11,13093.5455,mwmed
thermal_dispatch_mwh,"Thermal dispatch (generation)",energy_water,ons_open_data,daily,2025-09-12,13150.3021,mwmed
thermal_dispatch_mwh,"Thermal dispatch (generation)",energy_water,ons_open_data,daily,2025-09-13,11561.2109,mwmed
thermal_dispatch_mwh,"Thermal dispatch (generation)",energy_water,ons_open_data,daily,2025-09-14,10670.7003,mwmed
thermal_dispatch_mwh,"Thermal dispatch (generation)",energy_water,ons_open_data,daily,2025-09-15,11594.3100,mwmed
thermal_dispatch_mwh,"Thermal dispatch (generation)",energy_water,ons_open_data,daily,2025-09-16,10670.0413,mwmed
thermal_dispatch_mwh,"Thermal dispatch (generation)",energy_water,ons_open_data,daily,2025-09-17,10882.9714,mwmed
thermal_dispatch_mwh,"Thermal dispatch (generation)",energy_water,ons_open_data,daily,2025-09-18,11651.0717,mwmed
thermal_dispatch_mwh,"Thermal dispatch (generation)",energy_water,ons_open_data,daily,2025-09-19,12920.1950,mwmed
thermal_dispatch_mwh,"Thermal dispatch (generation)",energy_water,ons_open_data,daily,2025-09-20,13151.0147,mwmed
thermal_dispatch_mwh,"Thermal dispatch (generation)",energy_water,ons_open_data,daily,2025-09-21,13444.8790,mwmed
thermal_dispatch_mwh,"Thermal dispatch (generation)",energy_water,ons_open_data,daily,2025-09-22,13940.0924,mwmed
thermal_dispatch_mwh,"Thermal dispatch (generation)",energy_water,ons_open_data,daily,2025-09-23,14031.0285,mwmed
thermal_dispatch_mwh,"Thermal dispatch (generation)",energy_water,ons_open_data,daily,2025-09-24,14127.6116,mwmed
thermal_dispatch_mwh,"Thermal dispatch (generation)",energy_water,ons_open_data,daily,2025-09-25,13498.4622,mwmed
thermal_dispatch_mwh,"Thermal dispatch (generation)",energy_water,ons_open_data,daily,2025-09-26,12201.6340,mwmed
thermal_dispatch_mwh,"Thermal dispatch (generation)",energy_water,ons_open_data,daily,2025-09-27,10689.5387,mwmed
thermal_dispatch_mwh,"Thermal dispatch (generation)",energy_water,ons_open_data,daily,2025-09-28,10592.7940,mwmed
thermal_dispatch_mwh,"Thermal dispatch (generation)",energy_water,ons_open_data,daily,2025-09-29,11810.8275,mwmed
thermal_dispatch_mwh,"Thermal dispatch (generation)",energy_water,ons_open_data,daily,2025-09-30,13207.3612,mwmed
thermal_dispatch_mwh,"Thermal dispatch (generation)",energy_water,ons_open_data,daily,2025-10-01,12955.3452,mwmed
thermal_dispatch_mwh,"Thermal dispatch (generation)",energy_water,ons_open_data,daily,2025-10-02,13285.2783,mwmed
thermal_dispatch_mwh,"Thermal dispatch (generation)",energy_water,ons_open_data,daily,2025-10-03,14051.8380,mwmed
thermal_dispatch_mwh,"Thermal dispatch (generation)",energy_water,ons_open_data,daily,2025-10-04,14147.8119,mwmed
thermal_dispatch_mwh,"Thermal dispatch (generation)",energy_water,ons_open_data,daily,2025-10-05,14090.8243,mwmed
thermal_dispatch_mwh,"Thermal dispatch (generation)",energy_water,ons_open_data,daily,2025-10-06,14322.0378,mwmed
thermal_dispatch_mwh,"Thermal dispatch (generation)",energy_water,ons_open_data,daily,2025-10-07,14765.8672,mwmed
thermal_dispatch_mwh,"Thermal dispatch (generation)",energy_water,ons_open_data,daily,2025-10-08,14906.6595,mwmed
thermal_dispatch_mwh,"Thermal dispatch (generation)",energy_water,ons_open_data,daily,2025-10-09,14986.0446,mwmed
thermal_dispatch_mwh,"Thermal dispatch (generation)",energy_water,ons_open_data,daily,2025-10-10,14191.3662,mwmed
thermal_dispatch_mwh,"Thermal dispatch (generation)",energy_water,ons_open_data,daily,2025-10-11,13471.3510,mwmed
thermal_dispatch_mwh,"Thermal dispatch (generation)",energy_water,ons_open_data,daily,2025-10-12,13326.5538,mwmed
thermal_dispatch_mwh,"Thermal dispatch (generation)",energy_water,ons_open_data,daily,2025-10-13,13404.0892,mwmed
thermal_dispatch_mwh,"Thermal dispatch (generation)",energy_water,ons_open_data,daily,2025-10-14,11119.4568,mwmed
thermal_dispatch_mwh,"Thermal dispatch (generation)",energy_water,ons_open_data,daily,2025-10-15,12156.1208,mwmed
thermal_dispatch_mwh,"Thermal dispatch (generation)",energy_water,ons_open_data,daily,2025-10-16,11936.1323,mwmed
thermal_dispatch_mwh,"Thermal dispatch (generation)",energy_water,ons_open_data,daily,2025-10-17,12674.3715,mwmed
thermal_dispatch_mwh,"Thermal dispatch (generation)",energy_water,ons_open_data,daily,2025-10-18,12962.0124,mwmed
thermal_dispatch_mwh,"Thermal dispatch (generation)",energy_water,ons_open_data,daily,2025-10-19,12992.3901,mwmed
thermal_dispatch_mwh,"Thermal dispatch (generation)",energy_water,ons_open_data,daily,2025-10-20,14238.8595,mwmed
thermal_dispatch_mwh,"Thermal dispatch (generation)",energy_water,ons_open_data,daily,2025-10-21,13899.5417,mwmed
thermal_dispatch_mwh,"Thermal dispatch (generation)",energy_water,ons_open_data,daily,2025-10-22,13968.2534,mwmed
thermal_dispatch_mwh,"Thermal dispatch (generation)",energy_water,ons_open_data,daily,2025-10-23,13659.0493,mwmed
thermal_dispatch_mwh,"Thermal dispatch (generation)",energy_water,ons_open_data,daily,2025-10-24,13141.8383,mwmed
thermal_dispatch_mwh,"Thermal dispatch (generation)",energy_water,ons_open_data,daily,2025-10-25,12795.9577,mwmed
thermal_dispatch_mwh,"Thermal dispatch (generation)",energy_water,ons_open_data,daily,2025-10-26,12999.3112,mwmed
thermal_dispatch_mwh,"Thermal dispatch (generation)",energy_water,ons_open_data,daily,2025-10-27,13499.0902,mwmed
thermal_dispatch_mwh,"Thermal dispatch (generation)",energy_water,ons_open_data,daily,2025-10-28,13306.9034,mwmed
thermal_dispatch_mwh,"Thermal dispatch (generation)",energy_water,ons_open_data,daily,2025-10-29,14248.8285,mwmed
thermal_dispatch_mwh,"Thermal dispatch (generation)",energy_water,ons_open_data,daily,2025-10-30,15191.6826,mwmed
thermal_dispatch_mwh,"Thermal dispatch (generation)",energy_water,ons_open_data,daily,2025-10-31,15678.8740,mwmed
thermal_dispatch_mwh,"Thermal dispatch (generation)",energy_water,ons_open_data,daily,2025-11-01,15159.4904,mwmed
thermal_dispatch_mwh,"Thermal dispatch (generation)",energy_water,ons_open_data,daily,2025-11-02,14340.0295,mwmed
thermal_dispatch_mwh,"Thermal dispatch (generation)",energy_water,ons_open_data,daily,2025-11-03,14623.4952,mwmed
thermal_dispatch_mwh,"Thermal dispatch (generation)",energy_water,ons_open_data,daily,2025-11-04,15715.2792,mwmed
thermal_dispatch_mwh,"Thermal dispatch (generation)",energy_water,ons_open_data,daily,2025-11-05,14425.4957,mwmed
thermal_dispatch_mwh,"Thermal dispatch (generation)",energy_water,ons_open_data,daily,2025-11-06,14115.1617,mwmed
thermal_dispatch_mwh,"Thermal dispatch (generation)",energy_water,ons_open_data,daily,2025-11-07,14358.3856,mwmed
thermal_dispatch_mwh,"Thermal dispatch (generation)",energy_water,ons_open_data,daily,2025-11-08,13890.4361,mwmed
thermal_dispatch_mwh,"Thermal dispatch (generation)",energy_water,ons_open_data,daily,2025-11-09,13313.5923,mwmed
thermal_dispatch_mwh,"Thermal dispatch (generation)",energy_water,ons_open_data,daily,2025-11-10,14704.8885,mwmed
thermal_dispatch_mwh,"Thermal dispatch (generation)",energy_water,ons_open_data,daily,2025-11-11,14540.9870,mwmed
thermal_dispatch_mwh,"Thermal dispatch (generation)",energy_water,ons_open_data,daily,2025-11-12,14798.0765,mwmed
thermal_dispatch_mwh,"Thermal dispatch (generation)",energy_water,ons_open_data,daily,2025-11-13,15347.7241,mwmed
thermal_dispatch_mwh,"Thermal dispatch (generation)",energy_water,ons_open_data,daily,2025-11-14,15318.5606,mwmed
thermal_dispatch_mwh,"Thermal dispatch (generation)",energy_water,ons_open_data,daily,2025-11-15,14015.0827,mwmed
thermal_dispatch_mwh,"Thermal dispatch (generation)",energy_water,ons_open_data,daily,2025-11-16,13332.5246,mwmed
thermal_dispatch_mwh,"Thermal dispatch (generation)",energy_water,ons_open_data,daily,2025-11-17,14099.5447,mwmed
thermal_dispatch_mwh,"Thermal dispatch (generation)",energy_water,ons_open_data,daily,2025-11-18,14691.4826,mwmed
thermal_dispatch_mwh,"Thermal dispatch (generation)",energy_water,ons_open_data,daily,2025-11-19,15350.9284,mwmed
thermal_dispatch_mwh,"Thermal dispatch (generation)",energy_water,ons_open_data,daily,2025-11-20,13427.8830,mwmed
thermal_dispatch_mwh,"Thermal dispatch (generation)",energy_water,ons_open_data,daily,2025-11-21,13124.3466,mwmed
thermal_dispatch_mwh,"Thermal dispatch (generation)",energy_water,ons_open_data,daily,2025-11-22,12825.3593,mwmed
thermal_dispatch_mwh,"Thermal dispatch (generation)",energy_water,ons_open_data,daily,2025-11-23,12954.8052,mwmed
thermal_dispatch_mwh,"Thermal dispatch (generation)",energy_water,ons_open_data,daily,2025-11-24,14798.5537,mwmed
thermal_dispatch_mwh,"Thermal dispatch (generation)",energy_water,ons_open_data,daily,2025-11-25,14930.1918,mwmed
thermal_dispatch_mwh,"Thermal dispatch (generation)",energy_water,ons_open_data,daily,2025-11-26,14757.5816,mwmed
thermal_dispatch_mwh,"Thermal dispatch (generation)",energy_water,ons_open_data,daily,2025-11-27,14898.9022,mwmed
thermal_dispatch_mwh,"Thermal dispatch (generation)",energy_water,ons_open_data,daily,2025-11-28,14982.3690,mwmed
thermal_dispatch_mwh,"Thermal dispatch (generation)",energy_water,ons_open_data,daily,2025-11-29,12762.7339,mwmed
thermal_dispatch_mwh,"Thermal dispatch (generation)",energy_water,ons_open_data,daily,2025-11-30,12587.6718,mwmed
thermal_dispatch_mwh,"Thermal dispatch (generation)",energy_water,ons_open_data,daily,2025-12-01,11488.1895,mwmed
thermal_dispatch_mwh,"Thermal dispatch (generation)",energy_water,ons_open_data,daily,2025-12-02,12008.5837,mwmed
thermal_dispatch_mwh,"Thermal dispatch (generation)",energy_water,ons_open_data,daily,2025-12-03,13144.0898,mwmed
thermal_dispatch_mwh,"Thermal dispatch (generation)",energy_water,ons_open_data,daily,2025-12-04,12388.7227,mwmed
thermal_dispatch_mwh,"Thermal dispatch (generation)",energy_water,ons_open_data,daily,2025-12-05,12257.0560,mwmed
thermal_dispatch_mwh,"Thermal dispatch (generation)",energy_water,ons_open_data,daily,2025-12-06,10207.6810,mwmed
thermal_dispatch_mwh,"Thermal dispatch (generation)",energy_water,ons_open_data,daily,2025-12-07,9597.1033,mwmed
thermal_dispatch_mwh,"Thermal dispatch (generation)",energy_water,ons_open_data,daily,2025-12-08,10746.8564,mwmed
thermal_dispatch_mwh,"Thermal dispatch (generation)",energy_water,ons_open_data,daily,2025-12-09,11348.5277,mwmed
thermal_dispatch_mwh,"Thermal dispatch (generation)",energy_water,ons_open_data,daily,2025-12-10,11186.2300,mwmed
thermal_dispatch_mwh,"Thermal dispatch (generation)",energy_water,ons_open_data,daily,2025-12-11,10667.7087,mwmed
thermal_dispatch_mwh,"Thermal dispatch (generation)",energy_water,ons_open_data,daily,2025-12-12,10385.0616,mwmed
thermal_dispatch_mwh,"Thermal dispatch (generation)",energy_water,ons_open_data,daily,2025-12-13,10216.6065,mwmed
thermal_dispatch_mwh,"Thermal dispatch (generation)",energy_water,ons_open_data,daily,2025-12-14,10329.1237,mwmed
thermal_dispatch_mwh,"Thermal dispatch (generation)",energy_water,ons_open_data,daily,2025-12-15,10518.1299,mwmed
thermal_dispatch_mwh,"Thermal dispatch (generation)",energy_water,ons_open_data,daily,2025-12-16,10972.5532,mwmed
thermal_dispatch_mwh,"Thermal dispatch (generation)",energy_water,ons_open_data,daily,2025-12-17,10894.6261,mwmed
thermal_dispatch_mwh,"Thermal dispatch (generation)",energy_water,ons_open_data,daily,2025-12-18,10805.6780,mwmed
thermal_dispatch_mwh,"Thermal dispatch (generation)",energy_water,ons_open_data,daily,2025-12-19,10629.5825,mwmed
thermal_dispatch_mwh,"Thermal dispatch (generation)",energy_water,ons_open_data,daily,2025-12-20,9848.3641,mwmed
thermal_dispatch_mwh,"Thermal dispatch (generation)",energy_water,ons_open_data,daily,2025-12-21,8736.6761,mwmed
thermal_dispatch_mwh,"Thermal dispatch (generation)",energy_water,ons_open_data,daily,2025-12-22,9335.1421,mwmed
thermal_dispatch_mwh,"Thermal dispatch (generation)",energy_water,ons_open_data,daily,2025-12-23,10238.5070,mwmed
thermal_dispatch_mwh,"Thermal dispatch (generation)",energy_water,ons_open_data,daily,2025-12-24,9293.8357,mwmed
thermal_dispatch_mwh,"Thermal dispatch (generation)",energy_water,ons_open_data,daily,2025-12-25,8678.6870,mwmed
thermal_dispatch_mwh,"Thermal dispatch (generation)",energy_water,ons_open_data,daily,2025-12-26,8916.7495,mwmed
thermal_dispatch_mwh,"Thermal dispatch (generation)",energy_water,ons_open_data,daily,2025-12-27,8867.2815,mwmed
thermal_dispatch_mwh,"Thermal dispatch (generation)",energy_water,ons_open_data,daily,2025-12-28,8683.5370,mwmed
thermal_dispatch_mwh,"Thermal dispatch (generation)",energy_water,ons_open_data,daily,2025-12-29,9969.6150,mwmed
thermal_dispatch_mwh,"Thermal dispatch (generation)",energy_water,ons_open_data,daily,2025-12-30,9358.7323,mwmed
thermal_dispatch_mwh,"Thermal dispatch (generation)",energy_water,ons_open_data,daily,2025-12-31,8551.2038,mwmed
thermal_dispatch_mwh,"Thermal dispatch (generation)",energy_water,ons_open_data,daily,2026-01-01,7985.1079,mwmed
thermal_dispatch_mwh,"Thermal dispatch (generation)",energy_water,ons_open_data,daily,2026-01-02,8641.5911,mwmed
thermal_dispatch_mwh,"Thermal dispatch (generation)",energy_water,ons_open_data,daily,2026-01-03,8469.0040,mwmed
thermal_dispatch_mwh,"Thermal dispatch (generation)",energy_water,ons_open_data,daily,2026-01-04,7987.2687,mwmed
thermal_dispatch_mwh,"Thermal dispatch (generation)",energy_water,ons_open_data,daily,2026-01-05,9288.1981,mwmed
thermal_dispatch_mwh,"Thermal dispatch (generation)",energy_water,ons_open_data,daily,2026-01-06,8923.2358,mwmed
thermal_dispatch_mwh,"Thermal dispatch (generation)",energy_water,ons_open_data,daily,2026-01-07,8772.3445,mwmed
thermal_dispatch_mwh,"Thermal dispatch (generation)",energy_water,ons_open_data,daily,2026-01-08,8794.4217,mwmed
thermal_dispatch_mwh,"Thermal dispatch (generation)",energy_water,ons_open_data,daily,2026-01-09,8701.5764,mwmed
thermal_dispatch_mwh,"Thermal dispatch (generation)",energy_water,ons_open_data,daily,2026-01-10,8417.7535,mwmed
thermal_dispatch_mwh,"Thermal dispatch (generation)",energy_water,ons_open_data,daily,2026-01-11,8279.2360,mwmed
thermal_dispatch_mwh,"Thermal dispatch (generation)",energy_water,ons_open_data,daily,2026-01-12,9101.3170,mwmed
thermal_dispatch_mwh,"Thermal dispatch (generation)",energy_water,ons_open_data,daily,2026-01-13,9376.5495,mwmed
thermal_dispatch_mwh,"Thermal dispatch (generation)",energy_water,ons_open_data,daily,2026-01-14,9483.7929,mwmed
thermal_dispatch_mwh,"Thermal dispatch (generation)",energy_water,ons_open_data,daily,2026-01-15,9503.2796,mwmed
thermal_dispatch_mwh,"Thermal dispatch (generation)",energy_water,ons_open_data,daily,2026-01-16,8781.7828,mwmed
thermal_dispatch_mwh,"Thermal dispatch (generation)",energy_water,ons_open_data,daily,2026-01-17,9098.1098,mwmed
thermal_dispatch_mwh,"Thermal dispatch (generation)",energy_water,ons_open_data,daily,2026-01-18,9538.1283,mwmed
thermal_dispatch_mwh,"Thermal dispatch (generation)",energy_water,ons_open_data,daily,2026-01-19,9884.9943,mwmed
thermal_dispatch_mwh,"Thermal dispatch (generation)",energy_water,ons_open_data,daily,2026-01-20,9631.9549,mwmed
thermal_dispatch_mwh,"Thermal dispatch (generation)",energy_water,ons_open_data,daily,2026-01-21,9806.0306,mwmed
thermal_dispatch_mwh,"Thermal dispatch (generation)",energy_water,ons_open_data,daily,2026-01-22,9463.1070,mwmed
thermal_dispatch_mwh,"Thermal dispatch (generation)",energy_water,ons_open_data,daily,2026-01-23,9519.6665,mwmed
thermal_dispatch_mwh,"Thermal dispatch (generation)",energy_water,ons_open_data,daily,2026-01-24,7947.5611,mwmed
thermal_dispatch_mwh,"Thermal dispatch (generation)",energy_water,ons_open_data,daily,2026-01-25,7564.4024,mwmed
thermal_dispatch_mwh,"Thermal dispatch (generation)",energy_water,ons_open_data,daily,2026-01-26,8652.2992,mwmed
thermal_dispatch_mwh,"Thermal dispatch (generation)",energy_water,ons_open_data,daily,2026-01-27,10354.5834,mwmed
thermal_dispatch_mwh,"Thermal dispatch (generation)",energy_water,ons_open_data,daily,2026-01-28,10112.3482,mwmed
thermal_dispatch_mwh,"Thermal dispatch (generation)",energy_water,ons_open_data,daily,2026-01-29,10262.7250,mwmed
thermal_dispatch_mwh,"Thermal dispatch (generation)",energy_water,ons_open_data,daily,2026-01-30,9822.8498,mwmed
thermal_dispatch_mwh,"Thermal dispatch (generation)",energy_water,ons_open_data,daily,2026-01-31,8012.4382,mwmed
thermal_dispatch_mwh,"Thermal dispatch (generation)",energy_water,ons_open_data,daily,2026-02-01,7567.2437,mwmed
thermal_dispatch_mwh,"Thermal dispatch (generation)",energy_water,ons_open_data,daily,2026-02-02,7947.8982,mwmed
thermal_dispatch_mwh,"Thermal dispatch (generation)",energy_water,ons_open_data,daily,2026-02-03,8098.0309,mwmed
thermal_dispatch_mwh,"Thermal dispatch (generation)",energy_water,ons_open_data,daily,2026-02-04,9357.1550,mwmed
thermal_dispatch_mwh,"Thermal dispatch (generation)",energy_water,ons_open_data,daily,2026-02-05,9279.2887,mwmed
thermal_dispatch_mwh,"Thermal dispatch (generation)",energy_water,ons_open_data,daily,2026-02-06,9747.8102,mwmed
thermal_dispatch_mwh,"Thermal dispatch (generation)",energy_water,ons_open_data,daily,2026-02-07,6983.4875,mwmed
thermal_dispatch_mwh,"Thermal dispatch (generation)",energy_water,ons_open_data,daily,2026-02-08,6318.2674,mwmed
thermal_dispatch_mwh,"Thermal dispatch (generation)",energy_water,ons_open_data,daily,2026-02-09,6763.6540,mwmed
thermal_dispatch_mwh,"Thermal dispatch (generation)",energy_water,ons_open_data,daily,2026-02-10,7318.5651,mwmed
thermal_dispatch_mwh,"Thermal dispatch (generation)",energy_water,ons_open_data,daily,2026-02-11,7798.8877,mwmed
thermal_dispatch_mwh,"Thermal dispatch (generation)",energy_water,ons_open_data,daily,2026-02-12,7386.2704,mwmed
thermal_dispatch_mwh,"Thermal dispatch (generation)",energy_water,ons_open_data,daily,2026-02-13,6975.6827,mwmed
thermal_dispatch_mwh,"Thermal dispatch (generation)",energy_water,ons_open_data,daily,2026-02-14,8371.4646,mwmed
thermal_dispatch_mwh,"Thermal dispatch (generation)",energy_water,ons_open_data,daily,2026-02-15,8022.5319,mwmed
thermal_dispatch_mwh,"Thermal dispatch (generation)",energy_water,ons_open_data,daily,2026-02-16,7547.1350,mwmed
thermal_dispatch_mwh,"Thermal dispatch (generation)",energy_water,ons_open_data,daily,2026-02-17,7508.9085,mwmed
thermal_dispatch_mwh,"Thermal dispatch (generation)",energy_water,ons_open_data,daily,2026-02-18,8433.5384,mwmed
thermal_dispatch_mwh,"Thermal dispatch (generation)",energy_water,ons_open_data,daily,2026-02-19,9464.8375,mwmed
thermal_dispatch_mwh,"Thermal dispatch (generation)",energy_water,ons_open_data,daily,2026-02-20,8219.6131,mwmed
thermal_dispatch_mwh,"Thermal dispatch (generation)",energy_water,ons_open_data,daily,2026-02-21,7458.4110,mwmed
thermal_dispatch_mwh,"Thermal dispatch (generation)",energy_water,ons_open_data,daily,2026-02-22,7247.9293,mwmed
thermal_dispatch_mwh,"Thermal dispatch (generation)",energy_water,ons_open_data,daily,2026-02-23,8119.1300,mwmed
thermal_dispatch_mwh,"Thermal dispatch (generation)",energy_water,ons_open_data,daily,2026-02-24,8537.4613,mwmed
thermal_dispatch_mwh,"Thermal dispatch (generation)",energy_water,ons_open_data,daily,2026-02-25,8755.4104,mwmed
thermal_dispatch_mwh,"Thermal dispatch (generation)",energy_water,ons_open_data,daily,2026-02-26,8413.8352,mwmed
thermal_dispatch_mwh,"Thermal dispatch (generation)",energy_water,ons_open_data,daily,2026-02-27,7166.2095,mwmed
thermal_dispatch_mwh,"Thermal dispatch (generation)",energy_water,ons_open_data,daily,2026-02-28,6871.3769,mwmed
thermal_dispatch_mwh,"Thermal dispatch (generation)",energy_water,ons_open_data,daily,2026-03-01,7304.3628,mwmed
thermal_dispatch_mwh,"Thermal dispatch (generation)",energy_water,ons_open_data,daily,2026-03-02,8132.2302,mwmed
thermal_dispatch_mwh,"Thermal dispatch (generation)",energy_water,ons_open_data,daily,2026-03-03,8286.8063,mwmed
thermal_dispatch_mwh,"Thermal dispatch (generation)",energy_water,ons_open_data,daily,2026-03-04,8758.6607,mwmed
thermal_dispatch_mwh,"Thermal dispatch (generation)",energy_water,ons_open_data,daily,2026-03-05,8380.4312,mwmed
thermal_dispatch_mwh,"Thermal dispatch (generation)",energy_water,ons_open_data,daily,2026-03-06,7273.1687,mwmed
thermal_dispatch_mwh,"Thermal dispatch (generation)",energy_water,ons_open_data,daily,2026-03-07,5510.7938,mwmed
thermal_dispatch_mwh,"Thermal dispatch (generation)",energy_water,ons_open_data,daily,2026-03-08,5294.6062,mwmed
thermal_dispatch_mwh,"Thermal dispatch (generation)",energy_water,ons_open_data,daily,2026-03-09,6943.8378,mwmed
thermal_dispatch_mwh,"Thermal dispatch (generation)",energy_water,ons_open_data,daily,2026-03-10,7202.6156,mwmed
thermal_dispatch_mwh,"Thermal dispatch (generation)",energy_water,ons_open_data,daily,2026-03-11,7896.1383,mwmed
thermal_dispatch_mwh,"Thermal dispatch (generation)",energy_water,ons_open_data,daily,2026-03-12,9228.0189,mwmed
thermal_dispatch_mwh,"Thermal dispatch (generation)",energy_water,ons_open_data,daily,2026-03-13,9450.2230,mwmed
thermal_dispatch_mwh,"Thermal dispatch (generation)",energy_water,ons_open_data,daily,2026-03-14,9971.1602,mwmed
thermal_dispatch_mwh,"Thermal dispatch (generation)",energy_water,ons_open_data,daily,2026-03-15,9702.8230,mwmed
thermal_dispatch_mwh,"Thermal dispatch (generation)",energy_water,ons_open_data,daily,2026-03-16,10368.7217,mwmed
thermal_dispatch_mwh,"Thermal dispatch (generation)",energy_water,ons_open_data,daily,2026-03-17,10509.3703,mwmed
thermal_dispatch_mwh,"Thermal dispatch (generation)",energy_water,ons_open_data,daily,2026-03-18,10518.4885,mwmed
thermal_dispatch_mwh,"Thermal dispatch (generation)",energy_water,ons_open_data,daily,2026-03-19,10548.4060,mwmed
thermal_dispatch_mwh,"Thermal dispatch (generation)",energy_water,ons_open_data,daily,2026-03-20,10877.4583,mwmed
thermal_dispatch_mwh,"Thermal dispatch (generation)",energy_water,ons_open_data,daily,2026-03-21,8468.8344,mwmed
thermal_dispatch_mwh,"Thermal dispatch (generation)",energy_water,ons_open_data,daily,2026-03-22,8246.1604,mwmed
thermal_dispatch_mwh,"Thermal dispatch (generation)",energy_water,ons_open_data,daily,2026-03-23,10492.4272,mwmed
thermal_dispatch_mwh,"Thermal dispatch (generation)",energy_water,ons_open_data,daily,2026-03-24,9783.4932,mwmed
thermal_dispatch_mwh,"Thermal dispatch (generation)",energy_water,ons_open_data,daily,2026-03-25,10178.5042,mwmed
thermal_dispatch_mwh,"Thermal dispatch (generation)",energy_water,ons_open_data,daily,2026-03-26,9679.5594,mwmed
thermal_dispatch_mwh,"Thermal dispatch (generation)",energy_water,ons_open_data,daily,2026-03-27,9743.4695,mwmed
thermal_dispatch_mwh,"Thermal dispatch (generation)",energy_water,ons_open_data,daily,2026-03-28,9352.0477,mwmed
thermal_dispatch_mwh,"Thermal dispatch (generation)",energy_water,ons_open_data,daily,2026-03-29,9097.4693,mwmed
thermal_dispatch_mwh,"Thermal dispatch (generation)",energy_water,ons_open_data,daily,2026-03-30,9919.4378,mwmed
thermal_dispatch_mwh,"Thermal dispatch (generation)",energy_water,ons_open_data,daily,2026-03-31,8666.8390,mwmed
thermal_dispatch_mwh,"Thermal dispatch (generation)",energy_water,ons_open_data,daily,2026-04-01,8883.9790,mwmed
thermal_dispatch_mwh,"Thermal dispatch (generation)",energy_water,ons_open_data,daily,2026-04-02,9985.9049,mwmed
thermal_dispatch_mwh,"Thermal dispatch (generation)",energy_water,ons_open_data,daily,2026-04-03,9257.8170,mwmed
thermal_dispatch_mwh,"Thermal dispatch (generation)",energy_water,ons_open_data,daily,2026-04-04,7706.4297,mwmed
thermal_dispatch_mwh,"Thermal dispatch (generation)",energy_water,ons_open_data,daily,2026-04-05,7032.6075,mwmed
thermal_dispatch_mwh,"Thermal dispatch (generation)",energy_water,ons_open_data,daily,2026-04-06,7737.1976,mwmed
thermal_dispatch_mwh,"Thermal dispatch (generation)",energy_water,ons_open_data,daily,2026-04-07,7090.3336,mwmed
thermal_dispatch_mwh,"Thermal dispatch (generation)",energy_water,ons_open_data,daily,2026-04-08,7663.6904,mwmed
thermal_dispatch_mwh,"Thermal dispatch (generation)",energy_water,ons_open_data,daily,2026-04-09,7990.8661,mwmed
thermal_dispatch_mwh,"Thermal dispatch (generation)",energy_water,ons_open_data,daily,2026-04-10,8198.3459,mwmed
thermal_dispatch_mwh,"Thermal dispatch (generation)",energy_water,ons_open_data,daily,2026-04-11,7661.4353,mwmed
thermal_dispatch_mwh,"Thermal dispatch (generation)",energy_water,ons_open_data,daily,2026-04-12,7311.5304,mwmed
thermal_dispatch_mwh,"Thermal dispatch (generation)",energy_water,ons_open_data,daily,2026-04-13,6320.6196,mwmed
thermal_dispatch_mwh,"Thermal dispatch (generation)",energy_water,ons_open_data,daily,2026-04-14,5996.3054,mwmed
thermal_dispatch_mwh,"Thermal dispatch (generation)",energy_water,ons_open_data,daily,2026-04-15,7264.1412,mwmed
thermal_dispatch_mwh,"Thermal dispatch (generation)",energy_water,ons_open_data,daily,2026-04-16,8046.7049,mwmed
thermal_dispatch_mwh,"Thermal dispatch (generation)",energy_water,ons_open_data,daily,2026-04-17,8156.0703,mwmed
thermal_dispatch_mwh,"Thermal dispatch (generation)",energy_water,ons_open_data,daily,2026-04-18,7865.3644,mwmed
thermal_dispatch_mwh,"Thermal dispatch (generation)",energy_water,ons_open_data,daily,2026-04-19,7471.5672,mwmed
thermal_dispatch_mwh,"Thermal dispatch (generation)",energy_water,ons_open_data,daily,2026-04-20,7347.3405,mwmed
thermal_dispatch_mwh,"Thermal dispatch (generation)",energy_water,ons_open_data,daily,2026-04-21,7111.9040,mwmed
thermal_dispatch_mwh,"Thermal dispatch (generation)",energy_water,ons_open_data,daily,2026-04-22,6470.9556,mwmed
thermal_dispatch_mwh,"Thermal dispatch (generation)",energy_water,ons_open_data,daily,2026-04-23,6210.6390,mwmed
thermal_dispatch_mwh,"Thermal dispatch (generation)",energy_water,ons_open_data,daily,2026-04-24,6893.5847,mwmed
thermal_dispatch_mwh,"Thermal dispatch (generation)",energy_water,ons_open_data,daily,2026-04-25,6962.5173,mwmed
thermal_dispatch_mwh,"Thermal dispatch (generation)",energy_water,ons_open_data,daily,2026-04-26,6927.5189,mwmed
thermal_dispatch_mwh,"Thermal dispatch (generation)",energy_water,ons_open_data,daily,2026-04-27,7629.0011,mwmed
thermal_dispatch_mwh,"Thermal dispatch (generation)",energy_water,ons_open_data,daily,2026-04-28,7410.0845,mwmed
thermal_dispatch_mwh,"Thermal dispatch (generation)",energy_water,ons_open_data,daily,2026-04-29,7044.7393,mwmed
thermal_dispatch_mwh,"Thermal dispatch (generation)",energy_water,ons_open_data,daily,2026-04-30,7322.6712,mwmed
thermal_dispatch_mwh,"Thermal dispatch (generation)",energy_water,ons_open_data,daily,2026-05-01,6740.7675,mwmed
thermal_dispatch_mwh,"Thermal dispatch (generation)",energy_water,ons_open_data,daily,2026-05-02,6153.2537,mwmed
thermal_dispatch_mwh,"Thermal dispatch (generation)",energy_water,ons_open_data,daily,2026-05-03,5938.2371,mwmed
thermal_dispatch_mwh,"Thermal dispatch (generation)",energy_water,ons_open_data,daily,2026-05-04,5646.1760,mwmed
thermal_dispatch_mwh,"Thermal dispatch (generation)",energy_water,ons_open_data,daily,2026-05-05,6646.4929,mwmed
thermal_dispatch_mwh,"Thermal dispatch (generation)",energy_water,ons_open_data,daily,2026-05-06,6135.0693,mwmed
thermal_dispatch_mwh,"Thermal dispatch (generation)",energy_water,ons_open_data,daily,2026-05-07,7167.4980,mwmed
thermal_dispatch_mwh,"Thermal dispatch (generation)",energy_water,ons_open_data,daily,2026-05-08,7078.4775,mwmed
thermal_dispatch_mwh,"Thermal dispatch (generation)",energy_water,ons_open_data,daily,2026-05-09,6648.6397,mwmed
thermal_dispatch_mwh,"Thermal dispatch (generation)",energy_water,ons_open_data,daily,2026-05-10,6693.1818,mwmed
thermal_dispatch_mwh,"Thermal dispatch (generation)",energy_water,ons_open_data,daily,2026-05-11,8053.2741,mwmed
thermal_dispatch_mwh,"Thermal dispatch (generation)",energy_water,ons_open_data,daily,2026-05-12,8255.8311,mwmed
thermal_dispatch_mwh,"Thermal dispatch (generation)",energy_water,ons_open_data,daily,2026-05-13,9136.5095,mwmed
thermal_dispatch_mwh,"Thermal dispatch (generation)",energy_water,ons_open_data,daily,2026-05-14,9293.0213,mwmed
thermal_dispatch_mwh,"Thermal dispatch (generation)",energy_water,ons_open_data,daily,2026-05-15,9483.8763,mwmed
thermal_dispatch_mwh,"Thermal dispatch (generation)",energy_water,ons_open_data,daily,2026-05-16,7750.5078,mwmed
thermal_dispatch_mwh,"Thermal dispatch (generation)",energy_water,ons_open_data,daily,2026-05-17,7555.0177,mwmed
thermal_dispatch_mwh,"Thermal dispatch (generation)",energy_water,ons_open_data,daily,2026-05-18,7982.8278,mwmed
thermal_dispatch_mwh,"Thermal dispatch (generation)",energy_water,ons_open_data,daily,2026-05-19,8210.1314,mwmed
thermal_dispatch_mwh,"Thermal dispatch (generation)",energy_water,ons_open_data,daily,2026-05-20,8368.1852,mwmed
thermal_dispatch_mwh,"Thermal dispatch (generation)",energy_water,ons_open_data,daily,2026-05-21,8806.5476,mwmed
thermal_dispatch_mwh,"Thermal dispatch (generation)",energy_water,ons_open_data,daily,2026-05-22,9152.3524,mwmed
thermal_dispatch_mwh,"Thermal dispatch (generation)",energy_water,ons_open_data,daily,2026-05-23,8922.4685,mwmed
thermal_dispatch_mwh,"Thermal dispatch (generation)",energy_water,ons_open_data,daily,2026-05-24,8767.4297,mwmed
thermal_dispatch_mwh,"Thermal dispatch (generation)",energy_water,ons_open_data,daily,2026-05-25,9763.4297,mwmed
thermal_dispatch_mwh,"Thermal dispatch (generation)",energy_water,ons_open_data,daily,2026-05-26,10904.4686,mwmed
thermal_dispatch_mwh,"Thermal dispatch (generation)",energy_water,ons_open_data,daily,2026-05-27,11046.5195,mwmed
thermal_dispatch_mwh,"Thermal dispatch (generation)",energy_water,ons_open_data,daily,2026-05-28,10908.5880,mwmed
thermal_dispatch_mwh,"Thermal dispatch (generation)",energy_water,ons_open_data,daily,2026-05-29,10575.3856,mwmed
thermal_dispatch_mwh,"Thermal dispatch (generation)",energy_water,ons_open_data,daily,2026-05-30,10467.7391,mwmed
thermal_dispatch_mwh,"Thermal dispatch (generation)",energy_water,ons_open_data,daily,2026-05-31,10256.5355,mwmed
thermal_dispatch_mwh,"Thermal dispatch (generation)",energy_water,ons_open_data,daily,2026-06-01,10704.1991,mwmed
thermal_dispatch_mwh,"Thermal dispatch (generation)",energy_water,ons_open_data,daily,2026-06-02,10658.6750,mwmed
thermal_dispatch_mwh,"Thermal dispatch (generation)",energy_water,ons_open_data,daily,2026-06-03,10144.3800,mwmed
thermal_dispatch_mwh,"Thermal dispatch (generation)",energy_water,ons_open_data,daily,2026-06-04,9542.8332,mwmed
thermal_dispatch_mwh,"Thermal dispatch (generation)",energy_water,ons_open_data,daily,2026-06-05,10080.9118,mwmed
thermal_dispatch_mwh,"Thermal dispatch (generation)",energy_water,ons_open_data,daily,2026-06-06,9148.0600,mwmed
thermal_dispatch_mwh,"Thermal dispatch (generation)",energy_water,ons_open_data,daily,2026-06-07,8657.7018,mwmed
thermal_dispatch_mwh,"Thermal dispatch (generation)",energy_water,ons_open_data,daily,2026-06-08,9538.8990,mwmed
thermal_dispatch_mwh,"Thermal dispatch (generation)",energy_water,ons_open_data,daily,2026-06-09,10714.0079,mwmed
thermal_dispatch_mwh,"Thermal dispatch (generation)",energy_water,ons_open_data,daily,2026-06-10,10813.4250,mwmed
thermal_dispatch_mwh,"Thermal dispatch (generation)",energy_water,ons_open_data,daily,2026-06-11,11065.0543,mwmed
thermal_dispatch_mwh,"Thermal dispatch (generation)",energy_water,ons_open_data,daily,2026-06-12,11025.9583,mwmed
thermal_dispatch_mwh,"Thermal dispatch (generation)",energy_water,ons_open_data,daily,2026-06-13,10623.6491,mwmed
thermal_dispatch_mwh,"Thermal dispatch (generation)",energy_water,ons_open_data,daily,2026-06-14,9813.7072,mwmed
thermal_dispatch_mwh,"Thermal dispatch (generation)",energy_water,ons_open_data,daily,2026-06-15,10243.4689,mwmed
thermal_dispatch_mwh,"Thermal dispatch (generation)",energy_water,ons_open_data,daily,2026-06-16,10582.8022,mwmed
thermal_dispatch_mwh,"Thermal dispatch (generation)",energy_water,ons_open_data,daily,2026-06-17,10694.5850,mwmed
thermal_dispatch_mwh,"Thermal dispatch (generation)",energy_water,ons_open_data,daily,2026-06-18,10589.4368,mwmed
thermal_dispatch_mwh,"Thermal dispatch (generation)",energy_water,ons_open_data,daily,2026-06-19,10341.1560,mwmed
thermal_dispatch_mwh,"Thermal dispatch (generation)",energy_water,ons_open_data,daily,2026-06-20,9924.7227,mwmed
thermal_dispatch_mwh,"Thermal dispatch (generation)",energy_water,ons_open_data,daily,2026-06-21,8363.6183,mwmed
thermal_dispatch_mwh,"Thermal dispatch (generation)",energy_water,ons_open_data,daily,2026-06-22,8982.6460,mwmed
thermal_dispatch_mwh,"Thermal dispatch (generation)",energy_water,ons_open_data,daily,2026-06-23,10295.6566,mwmed
thermal_dispatch_mwh,"Thermal dispatch (generation)",energy_water,ons_open_data,daily,2026-06-24,10384.6767,mwmed
thermal_dispatch_mwh,"Thermal dispatch (generation)",energy_water,ons_open_data,daily,2026-06-25,10297.0365,mwmed
thermal_dispatch_mwh,"Thermal dispatch (generation)",energy_water,ons_open_data,daily,2026-06-26,10649.7366,mwmed
thermal_dispatch_mwh,"Thermal dispatch (generation)",energy_water,ons_open_data,daily,2026-06-27,9631.1409,mwmed
thermal_dispatch_mwh,"Thermal dispatch (generation)",energy_water,ons_open_data,daily,2026-06-28,8832.6253,mwmed
thermal_dispatch_mwh,"Thermal dispatch (generation)",energy_water,ons_open_data,daily,2026-06-29,9291.1406,mwmed
thermal_dispatch_mwh,"Thermal dispatch (generation)",energy_water,ons_open_data,daily,2026-06-30,9245.3973,mwmed
thermal_dispatch_mwh,"Thermal dispatch (generation)",energy_water,ons_open_data,daily,2026-07-01,9320.3410,mwmed
thermal_dispatch_mwh,"Thermal dispatch (generation)",energy_water,ons_open_data,daily,2026-07-02,9991.8512,mwmed
thermal_dispatch_mwh,"Thermal dispatch (generation)",energy_water,ons_open_data,daily,2026-07-03,11158.4798,mwmed
thermal_dispatch_mwh,"Thermal dispatch (generation)",energy_water,ons_open_data,daily,2026-07-04,10141.8858,mwmed
thermal_dispatch_mwh,"Thermal dispatch (generation)",energy_water,ons_open_data,daily,2026-07-05,9541.8038,mwmed
thermal_dispatch_mwh,"Thermal dispatch (generation)",energy_water,ons_open_data,daily,2026-07-06,10169.5535,mwmed
thermal_dispatch_mwh,"Thermal dispatch (generation)",energy_water,ons_open_data,daily,2026-07-07,11004.2696,mwmed
thermal_dispatch_mwh,"Thermal dispatch (generation)",energy_water,ons_open_data,daily,2026-07-08,11261.9444,mwmed
thermal_dispatch_mwh,"Thermal dispatch (generation)",energy_water,ons_open_data,daily,2026-07-09,10794.5083,mwmed
thermal_dispatch_mwh,"Thermal dispatch (generation)",energy_water,ons_open_data,daily,2026-07-10,10799.6316,mwmed
thermal_dispatch_mwh,"Thermal dispatch (generation)",energy_water,ons_open_data,daily,2026-07-11,10690.8888,mwmed
thermal_dispatch_mwh,"Thermal dispatch (generation)",energy_water,ons_open_data,daily,2026-07-12,10725.4837,mwmed
thermal_dispatch_mwh,"Thermal dispatch (generation)",energy_water,ons_open_data,daily,2026-07-13,10648.4666,mwmed
thermal_dispatch_mwh,"Thermal dispatch (generation)",energy_water,ons_open_data,daily,2026-07-14,10350.9295,mwmed
thermal_dispatch_mwh,"Thermal dispatch (generation)",energy_water,ons_open_data,daily,2026-07-15,9865.7730,mwmed
thermal_dispatch_mwh,"Thermal dispatch (generation)",energy_water,ons_open_data,daily,2026-07-16,10136.3104,mwmed
thermal_dispatch_mwh,"Thermal dispatch (generation)",energy_water,ons_open_data,daily,2026-07-17,10569.0782,mwmed
thermal_dispatch_mwh,"Thermal dispatch (generation)",energy_water,ons_open_data,daily,2026-07-18,12041.8240,mwmed
thermal_dispatch_mwh,"Thermal dispatch (generation)",energy_water,ons_open_data,daily,2026-07-19,11686.5360,mwmed
thermal_dispatch_mwh,"Thermal dispatch (generation)",energy_water,ons_open_data,daily,2026-07-20,12143.6954,mwmed
thermal_dispatch_mwh,"Thermal dispatch (generation)",energy_water,ons_open_data,daily,2026-07-21,12066.5640,mwmed
thermal_dispatch_mwh,"Thermal dispatch (generation)",energy_water,ons_open_data,daily,2026-07-22,11915.5748,mwmed
thermal_dispatch_mwh,"Thermal dispatch (generation)",energy_water,ons_open_data,daily,2026-07-23,10864.1141,mwmed
thermal_dispatch_mwh,"Thermal dispatch (generation)",energy_water,ons_open_data,daily,2026-07-24,11311.3166,mwmed
thermal_dispatch_mwh,"Thermal dispatch (generation)",energy_water,ons_open_data,daily,2026-07-25,10915.6425,mwmed
thermal_dispatch_mwh,"Thermal dispatch (generation)",energy_water,ons_open_data,daily,2026-07-26,10721.3534,mwmed
thermal_dispatch_mwh,"Thermal dispatch (generation)",energy_water,ons_open_data,daily,2026-07-27,10740.4878,mwmed
thermal_dispatch_mwh,"Thermal dispatch (generation)",energy_water,ons_open_data,daily,2026-07-28,10830.8732,mwmed
thermal_dispatch_mwh,"Thermal dispatch (generation)",energy_water,ons_open_data,daily,2026-07-29,10493.9781,mwmed
thermal_dispatch_mwh,"Thermal dispatch (generation)",energy_water,ons_open_data,daily,2026-07-30,10365.6565,mwmed
thermal_dispatch_mwh,"Thermal dispatch (generation)",energy_water,ons_open_data,daily,2026-07-31,10491.0820,mwmed
thermal_dispatch_mwh,"Thermal dispatch (generation)",energy_water,ons_open_data,daily,2026-08-01,10556.9187,mwmed
thermal_dispatch_mwh,"Thermal dispatch (generation)",energy_water,ons_open_data,daily,2026-08-02,9140.8610,mwmed
thermal_dispatch_mwh,"Thermal dispatch (generation)",energy_water,ons_open_data,daily,2026-08-03,10476.5552,mwmed
thermal_dispatch_mwh,"Thermal dispatch (generation)",energy_water,ons_open_data,daily,2026-08-04,10070.8871,mwmed
thermal_dispatch_mwh,"Thermal dispatch (generation)",energy_water,ons_open_data,daily,2026-08-05,10065.1118,mwmed
thermal_dispatch_mwh,"Thermal dispatch (generation)",energy_water,ons_open_data,daily,2026-08-06,10589.4732,mwmed
thermal_dispatch_mwh,"Thermal dispatch (generation)",energy_water,ons_open_data,daily,2026-08-07,11018.4198,mwmed
thermal_dispatch_mwh,"Thermal dispatch (generation)",energy_water,ons_open_data,daily,2026-08-08,8260.7105,mwmed
thermal_dispatch_mwh,"Thermal dispatch (generation)",energy_water,ons_open_data,daily,2026-08-09,8110.6985,mwmed
thermal_dispatch_mwh,"Thermal dispatch (generation)",energy_water,ons_open_data,daily,2026-08-10,8745.2270,mwmed
thermal_dispatch_mwh,"Thermal dispatch (generation)",energy_water,ons_open_data,daily,2026-08-11,8284.3845,mwmed
thermal_dispatch_mwh,"Thermal dispatch (generation)",energy_water,ons_open_data,daily,2026-08-12,8252.8572,mwmed
thermal_dispatch_mwh,"Thermal dispatch (generation)",energy_water,ons_open_data,daily,2026-08-13,8858.8735,mwmed
thermal_dispatch_mwh,"Thermal dispatch (generation)",energy_water,ons_open_data,daily,2026-08-14,9645.7339,mwmed
thermal_dispatch_mwh,"Thermal dispatch (generation)",energy_water,ons_open_data,daily,2026-08-15,10055.6215,mwmed
thermal_dispatch_mwh,"Thermal dispatch (generation)",energy_water,ons_open_data,daily,2026-08-16,10066.8935,mwmed
thermal_dispatch_mwh,"Thermal dispatch (generation)",energy_water,ons_open_data,daily,2026-08-17,10496.3474,mwmed
thermal_dispatch_mwh,"Thermal dispatch (generation)",energy_water,ons_open_data,daily,2026-08-18,10592.7517,mwmed
thermal_dispatch_mwh,"Thermal dispatch (generation)",energy_water,ons_open_data,daily,2026-08-19,10594.2525,mwmed
thermal_dispatch_mwh,"Thermal dispatch (generation)",energy_water,ons_open_data,daily,2026-08-20,11204.8460,mwmed
thermal_dispatch_mwh,"Thermal dispatch (generation)",energy_water,ons_open_data,daily,2026-08-21,10782.7683,mwmed
thermal_dispatch_mwh,"Thermal dispatch (generation)",energy_water,ons_open_data,daily,2026-08-22,9219.2272,mwmed
thermal_dispatch_mwh,"Thermal dispatch (generation)",energy_water,ons_open_data,daily,2026-08-23,8907.7711,mwmed
thermal_dispatch_mwh,"Thermal dispatch (generation)",energy_water,ons_open_data,daily,2026-08-24,9922.9736,mwmed
thermal_dispatch_mwh,"Thermal dispatch (generation)",energy_water,ons_open_data,daily,2026-08-25,10260.9685,mwmed
thermal_dispatch_mwh,"Thermal dispatch (generation)",energy_water,ons_open_data,daily,2026-08-26,9930.5165,mwmed
thermal_dispatch_mwh,"Thermal dispatch (generation)",energy_water,ons_open_data,daily,2026-08-27,10833.4310,mwmed
thermal_dispatch_mwh,"Thermal dispatch (generation)",energy_water,ons_open_data,daily,2026-08-28,10133.0612,mwmed
thermal_dispatch_mwh,"Thermal dispatch (generation)",energy_water,ons_open_data,daily,2026-08-29,9858.6382,mwmed
thermal_dispatch_mwh,"Thermal dispatch (generation)",energy_water,ons_open_data,daily,2026-08-30,9635.0770,mwmed
thermal_dispatch_mwh,"Thermal dispatch (generation)",energy_water,ons_open_data,daily,2026-08-31,10896.8373,mwmed
thermal_dispatch_mwh,"Thermal dispatch (generation)",energy_water,ons_open_data,daily,2026-09-01,10569.8978,mwmed
thermal_dispatch_mwh,"Thermal dispatch (generation)",energy_water,ons_open_data,daily,2026-09-02,10547.6857,mwmed
thermal_dispatch_mwh,"Thermal dispatch (generation)",energy_water,ons_open_data,daily,2026-09-03,10206.1688,mwmed
thermal_dispatch_mwh,"Thermal dispatch (generation)",energy_water,ons_open_data,daily,2026-09-04,10414.9454,mwmed
thermal_dispatch_mwh,"Thermal dispatch (generation)",energy_water,ons_open_data,daily,2026-09-05,8842.0835,mwmed
thermal_dispatch_mwh,"Thermal dispatch (generation)",energy_water,ons_open_data,daily,2026-09-06,8538.8759,mwmed
thermal_dispatch_mwh,"Thermal dispatch (generation)",energy_water,ons_open_data,daily,2026-09-07,9531.9420,mwmed
thermal_dispatch_mwh,"Thermal dispatch (generation)",energy_water,ons_open_data,daily,2026-09-08,10081.9288,mwmed
thermal_dispatch_mwh,"Thermal dispatch (generation)",energy_water,ons_open_data,daily,2026-09-09,9918.9692,mwmed
thermal_dispatch_mwh,"Thermal dispatch (generation)",energy_water,ons_open_data,daily,2026-09-10,10338.3278,mwmed
thermal_dispatch_mwh,"Thermal dispatch (generation)",energy_water,ons_open_data,daily,2026-09-11,10779.4965,mwmed
thermal_dispatch_mwh,"Thermal dispatch (generation)",energy_water,ons_open_data,daily,2026-09-12,11273.0012,mwmed
thermal_dispatch_mwh,"Thermal dispatch (generation)",energy_water,ons_open_data,daily,2026-09-13,10326.2104,mwmed
thermal_dispatch_mwh,"Thermal dispatch (generation)",energy_water,ons_open_data,daily,2026-09-14,10767.6824,mwmed
thermal_dispatch_mwh,"Thermal dispatch (generation)",energy_water,ons_open_data,daily,2026-09-15,10858.2832,mwmed
thermal_dispatch_mwh,"Thermal dispatch (generation)",energy_water,ons_open_data,daily,2026-09-16,9912.2478,mwmed
thermal_dispatch_mwh,"Thermal dispatch (generation)",energy_water,ons_open_data,daily,2026-09-17,9632.1555,mwmed
thermal_dispatch_mwh,"Thermal dispatch (generation)",energy_water,ons_open_data,daily,2026-09-18,9800.5904,mwmed
thermal_dispatch_mwh,"Thermal dispatch (generation)",energy_water,ons_open_data,daily,2026-09-19,8727.1274,mwmed
thermal_dispatch_mwh,"Thermal dispatch (generation)",energy_water,ons_open_data,daily,2026-09-20,8664.6269,mwmed
thermal_dispatch_mwh,"Thermal dispatch (generation)",energy_water,ons_open_data,daily,2026-09-21,8730.2889,mwmed
thermal_dispatch_mwh,"Thermal dispatch (generation)",energy_water,ons_open_data,daily,2026-09-22,9352.9500,mwmed
thermal_dispatch_mwh,"Thermal dispatch (generation)",energy_water,ons_open_data,daily,2026-09-23,9481.9502,mwmed
thermal_dispatch_mwh,"Thermal dispatch (generation)",energy_water,ons_open_data,daily,2026-09-24,9135.6593,mwmed
thermal_dispatch_mwh,"Thermal dispatch (generation)",energy_water,ons_open_data,daily,2026-09-25,8778.0109,mwmed
thermal_dispatch_mwh,"Thermal dispatch (generation)",energy_water,ons_open_data,daily,2026-09-26,7907.4955,mwmed
thermal_dispatch_mwh,"Thermal dispatch (generation)",energy_water,ons_open_data,daily,2026-09-27,8146.4776,mwmed
thermal_dispatch_mwh,"Thermal dispatch (generation)",energy_water,ons_open_data,daily,2026-09-28,9556.9165,mwmed
thermal_dispatch_mwh,"Thermal dispatch (generation)",energy_water,ons_open_data,daily,2026-09-29,10506.3082,mwmed
thermal_dispatch_mwh,"Thermal dispatch (generation)",energy_water,ons_open_data,daily,2026-09-30,10105.1105,mwmed
thermal_dispatch_mwh,"Thermal dispatch (generation)",energy_water,ons_open_data,daily,2026-10-01,10057.0190,mwmed
