leg_id,start,chamber,party,party_family,seats_start,seats_share,ideology_bls,ideology_bolognesi,bloc,bloc_bolognesi,centrao_narrow,centrao_broad,seats_basis,source_seats,source_ideology,note,president_party,coalition_start,coalition_mid,source_coalition
48,1987-02-01,CD,PMDB,MDB,260.0,0.5338809034907598,4.6555,7.01,centre,right,0,1,election,https://pt.wikipedia.org/wiki/Elei%C3%A7%C3%B5es_gerais_no_Brasil_em_1986,BLS wave 1990; Bolognesi 2018,pt wiki state table total row (TSE via Anuario IBGE); en wiki (Nohlen) identical,1,1.0,1.0,https://bibliotecadigital.tse.jus.br/xmlui/bitstream/handle/bdtse/4518/2007_figueiredo_government_coalitions_democracy.pdf
48,1987-02-01,CD,PFL,União,118.0,0.24229979466119098,8.5795,8.57,right,right,0,1,election,https://pt.wikipedia.org/wiki/Elei%C3%A7%C3%B5es_gerais_no_Brasil_em_1986,BLS wave 1990; Bolognesi 2018,pt wiki state table total row (TSE via Anuario IBGE); en wiki (Nohlen) identical,0,1.0,1.0,https://bibliotecadigital.tse.jus.br/xmlui/bitstream/handle/bdtse/4518/2007_figueiredo_government_coalitions_democracy.pdf
48,1987-02-01,CD,PDS,PP,33.0,0.06776180698151951,9.4065,8.2,right,right,1,1,election,https://pt.wikipedia.org/wiki/Elei%C3%A7%C3%B5es_gerais_no_Brasil_em_1986,BLS wave 1990; Bolognesi 2018,pt wiki state table total row (TSE via Anuario IBGE); en wiki (Nohlen) identical,0,0.0,0.0,https://bibliotecadigital.tse.jus.br/xmlui/bitstream/handle/bdtse/4518/2007_figueiredo_government_coalitions_democracy.pdf
48,1987-02-01,CD,PDT,PDT,24.0,0.049281314168377825,2.2880000000000003,3.92,left,left,0,0,election,https://pt.wikipedia.org/wiki/Elei%C3%A7%C3%B5es_gerais_no_Brasil_em_1986,BLS wave 1990; Bolognesi 2018,pt wiki state table total row (TSE via Anuario IBGE); en wiki (Nohlen) identical,0,0.0,0.0,https://bibliotecadigital.tse.jus.br/xmlui/bitstream/handle/bdtse/4518/2007_figueiredo_government_coalitions_democracy.pdf
48,1987-02-01,CD,PTB,PRD,17.0,0.03490759753593429,7.433,6.1,right,right,1,1,election,https://pt.wikipedia.org/wiki/Elei%C3%A7%C3%B5es_gerais_no_Brasil_em_1986,BLS wave 1990; Bolognesi 2018,pt wiki state table total row (TSE via Anuario IBGE); en wiki (Nohlen) identical,0,0.0,0.0,https://bibliotecadigital.tse.jus.br/xmlui/bitstream/handle/bdtse/4518/2007_figueiredo_government_coalitions_democracy.pdf
48,1987-02-01,CD,PT,PT,16.0,0.03285420944558522,0.34750000000000003,2.97,left,left,0,0,election,https://pt.wikipedia.org/wiki/Elei%C3%A7%C3%B5es_gerais_no_Brasil_em_1986,BLS wave 1990; Bolognesi 2018,pt wiki state table total row (TSE via Anuario IBGE); en wiki (Nohlen) identical,0,0.0,0.0,https://bibliotecadigital.tse.jus.br/xmlui/bitstream/handle/bdtse/4518/2007_figueiredo_government_coalitions_democracy.pdf
48,1987-02-01,CD,PL,PL,6.0,0.012320328542094456,7.871,7.78,right,right,1,1,election,https://pt.wikipedia.org/wiki/Elei%C3%A7%C3%B5es_gerais_no_Brasil_em_1986,BLS wave 1990; Bolognesi 2018,pt wiki state table total row (TSE via Anuario IBGE); en wiki (Nohlen) identical,0,0.0,0.0,https://bibliotecadigital.tse.jus.br/xmlui/bitstream/handle/bdtse/4518/2007_figueiredo_government_coalitions_democracy.pdf
48,1987-02-01,CD,PDC,PDC,5.0,0.01026694045174538,8.110999999999999,,right,,0,0,election,https://pt.wikipedia.org/wiki/Elei%C3%A7%C3%B5es_gerais_no_Brasil_em_1986,BLS wave 1990; no Bolognesi score,pt wiki state table total row (TSE via Anuario IBGE); en wiki (Nohlen) identical,0,0.0,0.0,https://bibliotecadigital.tse.jus.br/xmlui/bitstream/handle/bdtse/4518/2007_figueiredo_government_coalitions_democracy.pdf
48,1987-02-01,CD,PCB,PCB,3.0,0.006160164271047228,,0.91,,left,0,0,election,https://pt.wikipedia.org/wiki/Elei%C3%A7%C3%B5es_gerais_no_Brasil_em_1986,no BLS score; Bolognesi 2018,pt wiki state table total row (TSE via Anuario IBGE); en wiki (Nohlen) identical,0,0.0,0.0,https://bibliotecadigital.tse.jus.br/xmlui/bitstream/handle/bdtse/4518/2007_figueiredo_government_coalitions_democracy.pdf
48,1987-02-01,CD,PCdoB,PCdoB,3.0,0.006160164271047228,0.024000000000000132,1.92,left,left,0,0,election,https://pt.wikipedia.org/wiki/Elei%C3%A7%C3%B5es_gerais_no_Brasil_em_1986,BLS wave 1990; Bolognesi 2018,pt wiki state table total row (TSE via Anuario IBGE); en wiki (Nohlen) identical,0,0.0,0.0,https://bibliotecadigital.tse.jus.br/xmlui/bitstream/handle/bdtse/4518/2007_figueiredo_government_coalitions_democracy.pdf
48,1987-02-01,CD,PSC,Podemos,1.0,0.002053388090349076,7.704500000000001,8.33,right,right,1,1,election,https://pt.wikipedia.org/wiki/Elei%C3%A7%C3%B5es_gerais_no_Brasil_em_1986,BLS wave 2017; Bolognesi 2018,pt wiki state table total row (TSE via Anuario IBGE); en wiki (Nohlen) identical,0,0.0,0.0,https://bibliotecadigital.tse.jus.br/xmlui/bitstream/handle/bdtse/4518/2007_figueiredo_government_coalitions_democracy.pdf
48,1987-02-01,CD,PSB,PSB,1.0,0.002053388090349076,1.2135000000000002,4.05,left,centre,0,0,election,https://pt.wikipedia.org/wiki/Elei%C3%A7%C3%B5es_gerais_no_Brasil_em_1986,BLS wave 1990; Bolognesi 2018,pt wiki state table total row (TSE via Anuario IBGE); en wiki (Nohlen) identical,0,0.0,0.0,https://bibliotecadigital.tse.jus.br/xmlui/bitstream/handle/bdtse/4518/2007_figueiredo_government_coalitions_democracy.pdf
49,1991-02-01,CD,PMDB,MDB,108.0,0.2147117296222664,4.6555,7.01,centre,right,0,1,election,https://pt.wikipedia.org/wiki/Elei%C3%A7%C3%B5es_gerais_no_Brasil_em_1990,BLS wave 1990; Bolognesi 2018,pt wiki state table total row,0,0.0,0.0,https://bibliotecadigital.tse.jus.br/xmlui/bitstream/handle/bdtse/4518/2007_figueiredo_government_coalitions_democracy.pdf
49,1991-02-01,CD,PFL,União,83.0,0.16500994035785288,8.5795,8.57,right,right,0,1,election,https://pt.wikipedia.org/wiki/Elei%C3%A7%C3%B5es_gerais_no_Brasil_em_1990,BLS wave 1990; Bolognesi 2018,pt wiki state table total row,0,1.0,1.0,https://bibliotecadigital.tse.jus.br/xmlui/bitstream/handle/bdtse/4518/2007_figueiredo_government_coalitions_democracy.pdf
49,1991-02-01,CD,PDT,PDT,45.0,0.08946322067594434,2.2880000000000003,3.92,left,left,0,0,election,https://pt.wikipedia.org/wiki/Elei%C3%A7%C3%B5es_gerais_no_Brasil_em_1990,BLS wave 1990; Bolognesi 2018,pt wiki state table total row; en wiki (Nohlen) gives 46,0,0.0,0.0,https://bibliotecadigital.tse.jus.br/xmlui/bitstream/handle/bdtse/4518/2007_figueiredo_government_coalitions_democracy.pdf
49,1991-02-01,CD,PDS,PP,42.0,0.08349900596421471,9.4065,8.2,right,right,1,1,election,https://pt.wikipedia.org/wiki/Elei%C3%A7%C3%B5es_gerais_no_Brasil_em_1990,BLS wave 1990; Bolognesi 2018,pt wiki state table total row,0,1.0,1.0,https://bibliotecadigital.tse.jus.br/xmlui/bitstream/handle/bdtse/4518/2007_figueiredo_government_coalitions_democracy.pdf
49,1991-02-01,CD,PRN,Agir,40.0,0.07952286282306163,8.1555,7.86,right,right,0,0,election,https://pt.wikipedia.org/wiki/Elei%C3%A7%C3%B5es_gerais_no_Brasil_em_1990,BLS wave 1990; Bolognesi 2018,pt wiki state table total row,1,1.0,1.0,https://bibliotecadigital.tse.jus.br/xmlui/bitstream/handle/bdtse/4518/2007_figueiredo_government_coalitions_democracy.pdf
49,1991-02-01,CD,PSDB,PSDB,38.0,0.07554671968190854,3.453,7.11,left,right,0,0,election,https://pt.wikipedia.org/wiki/Elei%C3%A7%C3%B5es_gerais_no_Brasil_em_1990,BLS wave 1990; Bolognesi 2018,pt wiki state table total row,0,0.0,0.0,https://bibliotecadigital.tse.jus.br/xmlui/bitstream/handle/bdtse/4518/2007_figueiredo_government_coalitions_democracy.pdf
49,1991-02-01,CD,PTB,PRD,38.0,0.07554671968190854,7.433,6.1,right,right,1,1,election,https://pt.wikipedia.org/wiki/Elei%C3%A7%C3%B5es_gerais_no_Brasil_em_1990,BLS wave 1990; Bolognesi 2018,pt wiki state table total row,0,0.0,1.0,https://bibliotecadigital.tse.jus.br/xmlui/bitstream/handle/bdtse/4518/2007_figueiredo_government_coalitions_democracy.pdf
49,1991-02-01,CD,PT,PT,35.0,0.06958250497017893,0.34750000000000003,2.97,left,left,0,0,election,https://pt.wikipedia.org/wiki/Elei%C3%A7%C3%B5es_gerais_no_Brasil_em_1990,BLS wave 1990; Bolognesi 2018,pt wiki state table total row,0,0.0,0.0,https://bibliotecadigital.tse.jus.br/xmlui/bitstream/handle/bdtse/4518/2007_figueiredo_government_coalitions_democracy.pdf
49,1991-02-01,CD,PDC,PDC,22.0,0.0437375745526839,8.110999999999999,,right,,0,0,election,https://pt.wikipedia.org/wiki/Elei%C3%A7%C3%B5es_gerais_no_Brasil_em_1990,BLS wave 1990; no Bolognesi score,pt wiki state table total row,0,0.0,0.0,https://bibliotecadigital.tse.jus.br/xmlui/bitstream/handle/bdtse/4518/2007_figueiredo_government_coalitions_democracy.pdf
49,1991-02-01,CD,PL,PL,17.0,0.033797216699801194,7.871,7.78,right,right,1,1,election,https://pt.wikipedia.org/wiki/Elei%C3%A7%C3%B5es_gerais_no_Brasil_em_1990,BLS wave 1990; Bolognesi 2018,pt wiki state table total row; en wiki (Nohlen) gives 16,0,0.0,1.0,https://bibliotecadigital.tse.jus.br/xmlui/bitstream/handle/bdtse/4518/2007_figueiredo_government_coalitions_democracy.pdf
49,1991-02-01,CD,PSB,PSB,11.0,0.02186878727634195,1.2135000000000002,4.05,left,centre,0,0,election,https://pt.wikipedia.org/wiki/Elei%C3%A7%C3%B5es_gerais_no_Brasil_em_1990,BLS wave 1990; Bolognesi 2018,pt wiki state table total row,0,0.0,0.0,https://bibliotecadigital.tse.jus.br/xmlui/bitstream/handle/bdtse/4518/2007_figueiredo_government_coalitions_democracy.pdf
49,1991-02-01,CD,PSC,Podemos,6.0,0.011928429423459244,7.704500000000001,8.33,right,right,1,1,election,https://pt.wikipedia.org/wiki/Elei%C3%A7%C3%B5es_gerais_no_Brasil_em_1990,BLS wave 2017; Bolognesi 2018,pt wiki state table total row,0,0.0,0.0,https://bibliotecadigital.tse.jus.br/xmlui/bitstream/handle/bdtse/4518/2007_figueiredo_government_coalitions_democracy.pdf
49,1991-02-01,CD,PCdoB,PCdoB,5.0,0.009940357852882704,0.024000000000000132,1.92,left,left,0,0,election,https://pt.wikipedia.org/wiki/Elei%C3%A7%C3%B5es_gerais_no_Brasil_em_1990,BLS wave 1990; Bolognesi 2018,pt wiki state table total row,0,0.0,0.0,https://bibliotecadigital.tse.jus.br/xmlui/bitstream/handle/bdtse/4518/2007_figueiredo_government_coalitions_democracy.pdf
49,1991-02-01,CD,PRS,PRS,4.0,0.007952286282306162,,,,,0,0,election,https://pt.wikipedia.org/wiki/Elei%C3%A7%C3%B5es_gerais_no_Brasil_em_1990,no BLS score; no Bolognesi score,pt wiki state table total row,0,0.0,0.0,https://bibliotecadigital.tse.jus.br/xmlui/bitstream/handle/bdtse/4518/2007_figueiredo_government_coalitions_democracy.pdf
49,1991-02-01,CD,PCB,PCB,3.0,0.005964214711729622,,0.91,,left,0,0,election,https://pt.wikipedia.org/wiki/Elei%C3%A7%C3%B5es_gerais_no_Brasil_em_1990,no BLS score; Bolognesi 2018,pt wiki state table total row,0,0.0,0.0,https://bibliotecadigital.tse.jus.br/xmlui/bitstream/handle/bdtse/4518/2007_figueiredo_government_coalitions_democracy.pdf
49,1991-02-01,CD,PTR,PTR,2.0,0.003976143141153081,,,,,0,0,election,https://pt.wikipedia.org/wiki/Elei%C3%A7%C3%B5es_gerais_no_Brasil_em_1990,no BLS score; no Bolognesi score,pt wiki state table total row,0,0.0,0.0,https://bibliotecadigital.tse.jus.br/xmlui/bitstream/handle/bdtse/4518/2007_figueiredo_government_coalitions_democracy.pdf
49,1991-02-01,CD,PST,PL,2.0,0.003976143141153081,,,,,0,0,election,https://pt.wikipedia.org/wiki/Elei%C3%A7%C3%B5es_gerais_no_Brasil_em_1990,no BLS score; no Bolognesi score,pt wiki state table total row,0,0.0,0.0,https://bibliotecadigital.tse.jus.br/xmlui/bitstream/handle/bdtse/4518/2007_figueiredo_government_coalitions_democracy.pdf
49,1991-02-01,CD,PSD_old,PSD_old,1.0,0.0019880715705765406,,,,,0,0,election,https://pt.wikipedia.org/wiki/Elei%C3%A7%C3%B5es_gerais_no_Brasil_em_1990,no BLS score; no Bolognesi score,pt wiki state table total row,0,0.0,0.0,https://bibliotecadigital.tse.jus.br/xmlui/bitstream/handle/bdtse/4518/2007_figueiredo_government_coalitions_democracy.pdf
49,1991-02-01,CD,PMN,PMN,1.0,0.0019880715705765406,,6.88,,right,0,0,election,https://pt.wikipedia.org/wiki/Elei%C3%A7%C3%B5es_gerais_no_Brasil_em_1990,no BLS score; Bolognesi 2018,pt wiki state table total row,0,0.0,0.0,https://bibliotecadigital.tse.jus.br/xmlui/bitstream/handle/bdtse/4518/2007_figueiredo_government_coalitions_democracy.pdf
50,1995-02-01,CD,PMDB,MDB,107.0,0.20857699805068225,4.89,7.01,centre,right,0,1,election,https://pt.wikipedia.org/wiki/Elei%C3%A7%C3%B5es_gerais_no_Brasil_em_1994,BLS wave 1993; Bolognesi 2018,pt wiki total row = TSE open data (consulta_cand_1994 elected) exactly,0,1.0,1.0,https://bibliotecadigital.tse.jus.br/xmlui/bitstream/handle/bdtse/4518/2007_figueiredo_government_coalitions_democracy.pdf
50,1995-02-01,CD,PFL,União,89.0,0.17348927875243664,8.3555,8.57,right,right,0,1,election,https://pt.wikipedia.org/wiki/Elei%C3%A7%C3%B5es_gerais_no_Brasil_em_1994,BLS wave 1993; Bolognesi 2018,pt wiki total row = TSE open data (consulta_cand_1994 elected) exactly,0,1.0,1.0,https://bibliotecadigital.tse.jus.br/xmlui/bitstream/handle/bdtse/4518/2007_figueiredo_government_coalitions_democracy.pdf
50,1995-02-01,CD,PSDB,PSDB,63.0,0.12280701754385964,3.8765,7.11,left,right,0,0,election,https://pt.wikipedia.org/wiki/Elei%C3%A7%C3%B5es_gerais_no_Brasil_em_1994,BLS wave 1993; Bolognesi 2018,pt wiki total row = TSE open data (consulta_cand_1994 elected) exactly; en wiki gives 62,1,1.0,1.0,https://bibliotecadigital.tse.jus.br/xmlui/bitstream/handle/bdtse/4518/2007_figueiredo_government_coalitions_democracy.pdf
50,1995-02-01,CD,PPR,PP,51.0,0.09941520467836257,8.672,8.2,right,right,1,1,election,https://pt.wikipedia.org/wiki/Elei%C3%A7%C3%B5es_gerais_no_Brasil_em_1994,BLS wave 1993; Bolognesi 2018,pt wiki total row = TSE open data (consulta_cand_1994 elected) exactly; en wiki gives 52,0,0.0,0.0,https://bibliotecadigital.tse.jus.br/xmlui/bitstream/handle/bdtse/4518/2007_figueiredo_government_coalitions_democracy.pdf
50,1995-02-01,CD,PT,PT,50.0,0.09746588693957114,0.8505000000000001,2.97,left,left,0,0,election,https://pt.wikipedia.org/wiki/Elei%C3%A7%C3%B5es_gerais_no_Brasil_em_1994,BLS wave 1993; Bolognesi 2018,pt wiki total row = TSE open data (consulta_cand_1994 elected) exactly; en wiki gives 49,0,0.0,0.0,https://bibliotecadigital.tse.jus.br/xmlui/bitstream/handle/bdtse/4518/2007_figueiredo_government_coalitions_democracy.pdf
50,1995-02-01,CD,PP,PP,34.0,0.06627680311890838,8.672,8.2,right,right,1,1,election,https://pt.wikipedia.org/wiki/Elei%C3%A7%C3%B5es_gerais_no_Brasil_em_1994,BLS wave 1993; Bolognesi 2018,pt wiki total row = TSE open data (consulta_cand_1994 elected) exactly; en wiki gives 36,0,0.0,0.0,https://bibliotecadigital.tse.jus.br/xmlui/bitstream/handle/bdtse/4518/2007_figueiredo_government_coalitions_democracy.pdf
50,1995-02-01,CD,PDT,PDT,34.0,0.06627680311890838,2.7645,3.92,left,left,0,0,election,https://pt.wikipedia.org/wiki/Elei%C3%A7%C3%B5es_gerais_no_Brasil_em_1994,BLS wave 1993; Bolognesi 2018,pt wiki total row = TSE open data (consulta_cand_1994 elected) exactly,0,0.0,0.0,https://bibliotecadigital.tse.jus.br/xmlui/bitstream/handle/bdtse/4518/2007_figueiredo_government_coalitions_democracy.pdf
50,1995-02-01,CD,PTB,PRD,32.0,0.06237816764132553,7.408,6.1,right,right,1,1,election,https://pt.wikipedia.org/wiki/Elei%C3%A7%C3%B5es_gerais_no_Brasil_em_1994,BLS wave 1993; Bolognesi 2018,pt wiki total row = TSE open data (consulta_cand_1994 elected) exactly; en wiki gives 31,0,1.0,1.0,https://bibliotecadigital.tse.jus.br/xmlui/bitstream/handle/bdtse/4518/2007_figueiredo_government_coalitions_democracy.pdf
50,1995-02-01,CD,PSB,PSB,15.0,0.029239766081871343,1.2724999999999997,4.05,left,centre,0,0,election,https://pt.wikipedia.org/wiki/Elei%C3%A7%C3%B5es_gerais_no_Brasil_em_1994,BLS wave 1993; Bolognesi 2018,pt wiki total row = TSE open data (consulta_cand_1994 elected) exactly,0,0.0,0.0,https://bibliotecadigital.tse.jus.br/xmlui/bitstream/handle/bdtse/4518/2007_figueiredo_government_coalitions_democracy.pdf
50,1995-02-01,CD,PL,PL,13.0,0.025341130604288498,8.213,7.78,right,right,1,1,election,https://pt.wikipedia.org/wiki/Elei%C3%A7%C3%B5es_gerais_no_Brasil_em_1994,BLS wave 1993; Bolognesi 2018,pt wiki total row = TSE open data (consulta_cand_1994 elected) exactly,0,0.0,0.0,https://bibliotecadigital.tse.jus.br/xmlui/bitstream/handle/bdtse/4518/2007_figueiredo_government_coalitions_democracy.pdf
50,1995-02-01,CD,PCdoB,PCdoB,10.0,0.01949317738791423,0.2679999999999999,1.92,left,left,0,0,election,https://pt.wikipedia.org/wiki/Elei%C3%A7%C3%B5es_gerais_no_Brasil_em_1994,BLS wave 1993; Bolognesi 2018,pt wiki total row = TSE open data (consulta_cand_1994 elected) exactly,0,0.0,0.0,https://bibliotecadigital.tse.jus.br/xmlui/bitstream/handle/bdtse/4518/2007_figueiredo_government_coalitions_democracy.pdf
50,1995-02-01,CD,PMN,PMN,4.0,0.007797270955165692,,6.88,,right,0,0,election,https://pt.wikipedia.org/wiki/Elei%C3%A7%C3%B5es_gerais_no_Brasil_em_1994,no BLS score; Bolognesi 2018,pt wiki total row = TSE open data (consulta_cand_1994 elected) exactly,0,0.0,0.0,https://bibliotecadigital.tse.jus.br/xmlui/bitstream/handle/bdtse/4518/2007_figueiredo_government_coalitions_democracy.pdf
50,1995-02-01,CD,PSC,Podemos,3.0,0.005847953216374269,7.704500000000001,8.33,right,right,1,1,election,https://pt.wikipedia.org/wiki/Elei%C3%A7%C3%B5es_gerais_no_Brasil_em_1994,BLS wave 2017; Bolognesi 2018,pt wiki total row = TSE open data (consulta_cand_1994 elected) exactly,0,0.0,0.0,https://bibliotecadigital.tse.jus.br/xmlui/bitstream/handle/bdtse/4518/2007_figueiredo_government_coalitions_democracy.pdf
50,1995-02-01,CD,PSD_old,PSD_old,3.0,0.005847953216374269,,,,,0,0,election,https://pt.wikipedia.org/wiki/Elei%C3%A7%C3%B5es_gerais_no_Brasil_em_1994,no BLS score; no Bolognesi score,pt wiki total row = TSE open data (consulta_cand_1994 elected) exactly,0,0.0,0.0,https://bibliotecadigital.tse.jus.br/xmlui/bitstream/handle/bdtse/4518/2007_figueiredo_government_coalitions_democracy.pdf
50,1995-02-01,CD,PPS,Cidadania,2.0,0.003898635477582846,2.0155000000000003,4.92,left,centre,0,0,election,https://pt.wikipedia.org/wiki/Elei%C3%A7%C3%B5es_gerais_no_Brasil_em_1994,BLS wave 1993; Bolognesi 2018,pt wiki total row = TSE open data (consulta_cand_1994 elected) exactly,0,0.0,0.0,https://bibliotecadigital.tse.jus.br/xmlui/bitstream/handle/bdtse/4518/2007_figueiredo_government_coalitions_democracy.pdf
50,1995-02-01,CD,PRN,Agir,1.0,0.001949317738791423,9.3475,7.86,right,right,0,0,election,https://pt.wikipedia.org/wiki/Elei%C3%A7%C3%B5es_gerais_no_Brasil_em_1994,BLS wave 1993; Bolognesi 2018,pt wiki total row = TSE open data (consulta_cand_1994 elected) exactly,0,0.0,0.0,https://bibliotecadigital.tse.jus.br/xmlui/bitstream/handle/bdtse/4518/2007_figueiredo_government_coalitions_democracy.pdf
50,1995-02-01,CD,PV,PV,1.0,0.001949317738791423,3.6670000000000003,5.29,left,centre,0,0,election,https://pt.wikipedia.org/wiki/Elei%C3%A7%C3%B5es_gerais_no_Brasil_em_1994,BLS wave 2009; Bolognesi 2018,pt wiki total row = TSE open data (consulta_cand_1994 elected) exactly,0,0.0,0.0,https://bibliotecadigital.tse.jus.br/xmlui/bitstream/handle/bdtse/4518/2007_figueiredo_government_coalitions_democracy.pdf
50,1995-02-01,CD,PRP,Patriota,1.0,0.001949317738791423,,7.59,,right,0,0,election,https://pt.wikipedia.org/wiki/Elei%C3%A7%C3%B5es_gerais_no_Brasil_em_1994,no BLS score; Bolognesi 2018,pt wiki total row = TSE open data (consulta_cand_1994 elected) exactly,0,0.0,0.0,https://bibliotecadigital.tse.jus.br/xmlui/bitstream/handle/bdtse/4518/2007_figueiredo_government_coalitions_democracy.pdf
50,1995-02-01,SF,PMDB,MDB,21.0,0.25925925925925924,4.89,7.01,centre,right,0,1,start of legislature,https://legis.senado.leg.br/dadosabertos/senador/lista/legislatura/50 (+ /senador/{cod}/filiacoes),BLS wave 1993; Bolognesi 2018,"seats_start = senators in exercise on 1995-02-01 by Senate open-data API, party = affiliation on that date (historical labels); elected_that_year = seats won in 1994 per en-wiki (Nohlen/TSE) | corrections: Ney Suassuna (PB) -> PMDB: API lacks exercise record; suplente of Antonio Mariz (resigned 31/12/1994); affiliation PMDB from 1995-01-02 per Senate filiacoes; UNIDENTIFIED (RN) -> unidentified: seat of Garibaldi Alves Filho (resigned 31/12/1994 to be governor); occupant on 1/2/1995 not in Senate API",0,1.0,1.0,https://bibliotecadigital.tse.jus.br/xmlui/bitstream/handle/bdtse/4518/2007_figueiredo_government_coalitions_democracy.pdf
50,1995-02-01,SF,PFL,União,19.0,0.2345679012345679,8.3555,8.57,right,right,0,1,start of legislature,https://legis.senado.leg.br/dadosabertos/senador/lista/legislatura/50 (+ /senador/{cod}/filiacoes),BLS wave 1993; Bolognesi 2018,"seats_start = senators in exercise on 1995-02-01 by Senate open-data API, party = affiliation on that date (historical labels); elected_that_year = seats won in 1994 per en-wiki (Nohlen/TSE)",0,1.0,1.0,https://bibliotecadigital.tse.jus.br/xmlui/bitstream/handle/bdtse/4518/2007_figueiredo_government_coalitions_democracy.pdf
50,1995-02-01,SF,PSDB,PSDB,10.0,0.12345679012345678,3.8765,7.11,left,right,0,0,start of legislature,https://legis.senado.leg.br/dadosabertos/senador/lista/legislatura/50 (+ /senador/{cod}/filiacoes),BLS wave 1993; Bolognesi 2018,"seats_start = senators in exercise on 1995-02-01 by Senate open-data API, party = affiliation on that date (historical labels); elected_that_year = seats won in 1994 per en-wiki (Nohlen/TSE)",1,1.0,1.0,https://bibliotecadigital.tse.jus.br/xmlui/bitstream/handle/bdtse/4518/2007_figueiredo_government_coalitions_democracy.pdf
50,1995-02-01,SF,PDT,PDT,6.0,0.07407407407407407,2.7645,3.92,left,left,0,0,start of legislature,https://legis.senado.leg.br/dadosabertos/senador/lista/legislatura/50 (+ /senador/{cod}/filiacoes),BLS wave 1993; Bolognesi 2018,"seats_start = senators in exercise on 1995-02-01 by Senate open-data API, party = affiliation on that date (historical labels); elected_that_year = seats won in 1994 per en-wiki (Nohlen/TSE)",0,0.0,0.0,https://bibliotecadigital.tse.jus.br/xmlui/bitstream/handle/bdtse/4518/2007_figueiredo_government_coalitions_democracy.pdf
50,1995-02-01,SF,PPR,PP,6.0,0.07407407407407407,8.672,8.2,right,right,1,1,start of legislature,https://legis.senado.leg.br/dadosabertos/senador/lista/legislatura/50 (+ /senador/{cod}/filiacoes),BLS wave 1993; Bolognesi 2018,"seats_start = senators in exercise on 1995-02-01 by Senate open-data API, party = affiliation on that date (historical labels); elected_that_year = seats won in 1994 per en-wiki (Nohlen/TSE)",0,0.0,0.0,https://bibliotecadigital.tse.jus.br/xmlui/bitstream/handle/bdtse/4518/2007_figueiredo_government_coalitions_democracy.pdf
50,1995-02-01,SF,PP,PP,5.0,0.06172839506172839,8.672,8.2,right,right,1,1,start of legislature,https://legis.senado.leg.br/dadosabertos/senador/lista/legislatura/50 (+ /senador/{cod}/filiacoes),BLS wave 1993; Bolognesi 2018,"seats_start = senators in exercise on 1995-02-01 by Senate open-data API, party = affiliation on that date (historical labels); elected_that_year = seats won in 1994 per en-wiki (Nohlen/TSE)",0,0.0,0.0,https://bibliotecadigital.tse.jus.br/xmlui/bitstream/handle/bdtse/4518/2007_figueiredo_government_coalitions_democracy.pdf
50,1995-02-01,SF,PT,PT,5.0,0.06172839506172839,0.8505000000000001,2.97,left,left,0,0,start of legislature,https://legis.senado.leg.br/dadosabertos/senador/lista/legislatura/50 (+ /senador/{cod}/filiacoes),BLS wave 1993; Bolognesi 2018,"seats_start = senators in exercise on 1995-02-01 by Senate open-data API, party = affiliation on that date (historical labels); elected_that_year = seats won in 1994 per en-wiki (Nohlen/TSE)",0,0.0,0.0,https://bibliotecadigital.tse.jus.br/xmlui/bitstream/handle/bdtse/4518/2007_figueiredo_government_coalitions_democracy.pdf
50,1995-02-01,SF,PTB,PRD,5.0,0.06172839506172839,7.408,6.1,right,right,1,1,start of legislature,https://legis.senado.leg.br/dadosabertos/senador/lista/legislatura/50 (+ /senador/{cod}/filiacoes),BLS wave 1993; Bolognesi 2018,"seats_start = senators in exercise on 1995-02-01 by Senate open-data API, party = affiliation on that date (historical labels); elected_that_year = seats won in 1994 per en-wiki (Nohlen/TSE)",0,1.0,1.0,https://bibliotecadigital.tse.jus.br/xmlui/bitstream/handle/bdtse/4518/2007_figueiredo_government_coalitions_democracy.pdf
50,1995-02-01,SF,PL,PL,1.0,0.012345679012345678,8.213,7.78,right,right,1,1,start of legislature,https://legis.senado.leg.br/dadosabertos/senador/lista/legislatura/50 (+ /senador/{cod}/filiacoes),BLS wave 1993; Bolognesi 2018,"seats_start = senators in exercise on 1995-02-01 by Senate open-data API, party = affiliation on that date (historical labels); elected_that_year = seats won in 1994 per en-wiki (Nohlen/TSE)",0,0.0,0.0,https://bibliotecadigital.tse.jus.br/xmlui/bitstream/handle/bdtse/4518/2007_figueiredo_government_coalitions_democracy.pdf
50,1995-02-01,SF,PPS,Cidadania,1.0,0.012345679012345678,2.0155000000000003,4.92,left,centre,0,0,start of legislature,https://legis.senado.leg.br/dadosabertos/senador/lista/legislatura/50 (+ /senador/{cod}/filiacoes),BLS wave 1993; Bolognesi 2018,"seats_start = senators in exercise on 1995-02-01 by Senate open-data API, party = affiliation on that date (historical labels); elected_that_year = seats won in 1994 per en-wiki (Nohlen/TSE)",0,0.0,0.0,https://bibliotecadigital.tse.jus.br/xmlui/bitstream/handle/bdtse/4518/2007_figueiredo_government_coalitions_democracy.pdf
50,1995-02-01,SF,PSB,PSB,1.0,0.012345679012345678,1.2724999999999997,4.05,left,centre,0,0,start of legislature,https://legis.senado.leg.br/dadosabertos/senador/lista/legislatura/50 (+ /senador/{cod}/filiacoes),BLS wave 1993; Bolognesi 2018,"seats_start = senators in exercise on 1995-02-01 by Senate open-data API, party = affiliation on that date (historical labels); elected_that_year = seats won in 1994 per en-wiki (Nohlen/TSE)",0,0.0,0.0,https://bibliotecadigital.tse.jus.br/xmlui/bitstream/handle/bdtse/4518/2007_figueiredo_government_coalitions_democracy.pdf
50,1995-02-01,SF,unidentified,unidentified,1.0,0.012345679012345678,,,,,0,0,start of legislature,https://legis.senado.leg.br/dadosabertos/senador/lista/legislatura/50 (+ /senador/{cod}/filiacoes),no BLS score; no Bolognesi score,"seats_start = senators in exercise on 1995-02-01 by Senate open-data API, party = affiliation on that date (historical labels); elected_that_year = seats won in 1994 per en-wiki (Nohlen/TSE)",0,0.0,0.0,https://bibliotecadigital.tse.jus.br/xmlui/bitstream/handle/bdtse/4518/2007_figueiredo_government_coalitions_democracy.pdf
51,1999-02-01,CD,PFL,União,105.0,0.2046783625730994,8.946000000000002,8.57,right,right,0,1,election,https://pt.wikipedia.org/wiki/Elei%C3%A7%C3%B5es_gerais_no_Brasil_em_1998,BLS wave 1997; Bolognesi 2018,pt wiki state table total row; TSE open data file has 516 elected flags (replacements) so not used,0,1.0,0.0,https://bibliotecadigital.tse.jus.br/xmlui/bitstream/handle/bdtse/4518/2007_figueiredo_government_coalitions_democracy.pdf
51,1999-02-01,CD,PSDB,PSDB,99.0,0.19298245614035087,5.810499999999999,7.11,centre,right,0,0,election,https://pt.wikipedia.org/wiki/Elei%C3%A7%C3%B5es_gerais_no_Brasil_em_1998,BLS wave 1997; Bolognesi 2018,pt wiki state table total row; TSE open data file has 516 elected flags (replacements) so not used,1,1.0,1.0,https://bibliotecadigital.tse.jus.br/xmlui/bitstream/handle/bdtse/4518/2007_figueiredo_government_coalitions_democracy.pdf
51,1999-02-01,CD,PMDB,MDB,83.0,0.1617933723196881,5.3165,7.01,centre,right,0,1,election,https://pt.wikipedia.org/wiki/Elei%C3%A7%C3%B5es_gerais_no_Brasil_em_1998,BLS wave 1997; Bolognesi 2018,pt wiki state table total row; TSE open data file has 516 elected flags (replacements) so not used,0,1.0,1.0,https://bibliotecadigital.tse.jus.br/xmlui/bitstream/handle/bdtse/4518/2007_figueiredo_government_coalitions_democracy.pdf
51,1999-02-01,CD,PPB,PP,60.0,0.11695906432748537,9.263,8.2,right,right,1,1,election,https://pt.wikipedia.org/wiki/Elei%C3%A7%C3%B5es_gerais_no_Brasil_em_1998,BLS wave 1997; Bolognesi 2018,pt wiki state table total row; TSE open data file has 516 elected flags (replacements) so not used,0,1.0,1.0,https://bibliotecadigital.tse.jus.br/xmlui/bitstream/handle/bdtse/4518/2007_figueiredo_government_coalitions_democracy.pdf
51,1999-02-01,CD,PT,PT,59.0,0.11500974658869395,0.5954999999999999,2.97,left,left,0,0,election,https://pt.wikipedia.org/wiki/Elei%C3%A7%C3%B5es_gerais_no_Brasil_em_1998,BLS wave 1997; Bolognesi 2018,pt wiki state table total row; TSE open data file has 516 elected flags (replacements) so not used; en wiki (Nohlen) gives 58,0,0.0,0.0,https://bibliotecadigital.tse.jus.br/xmlui/bitstream/handle/bdtse/4518/2007_figueiredo_government_coalitions_democracy.pdf
51,1999-02-01,CD,PTB,PRD,31.0,0.06042884990253411,7.8605,6.1,right,right,1,1,election,https://pt.wikipedia.org/wiki/Elei%C3%A7%C3%B5es_gerais_no_Brasil_em_1998,BLS wave 1997; Bolognesi 2018,pt wiki state table total row; TSE open data file has 516 elected flags (replacements) so not used,0,0.0,0.0,https://bibliotecadigital.tse.jus.br/xmlui/bitstream/handle/bdtse/4518/2007_figueiredo_government_coalitions_democracy.pdf
51,1999-02-01,CD,PDT,PDT,25.0,0.04873294346978557,2.297,3.92,left,left,0,0,election,https://pt.wikipedia.org/wiki/Elei%C3%A7%C3%B5es_gerais_no_Brasil_em_1998,BLS wave 1997; Bolognesi 2018,pt wiki state table total row; TSE open data file has 516 elected flags (replacements) so not used,0,0.0,0.0,https://bibliotecadigital.tse.jus.br/xmlui/bitstream/handle/bdtse/4518/2007_figueiredo_government_coalitions_democracy.pdf
51,1999-02-01,CD,PSB,PSB,18.0,0.03508771929824561,1.69,4.05,left,centre,0,0,election,https://pt.wikipedia.org/wiki/Elei%C3%A7%C3%B5es_gerais_no_Brasil_em_1998,BLS wave 1997; Bolognesi 2018,pt wiki state table total row; TSE open data file has 516 elected flags (replacements) so not used; en wiki gives 19,0,0.0,0.0,https://bibliotecadigital.tse.jus.br/xmlui/bitstream/handle/bdtse/4518/2007_figueiredo_government_coalitions_democracy.pdf
51,1999-02-01,CD,PL,PL,12.0,0.023391812865497075,8.136,7.78,right,right,1,1,election,https://pt.wikipedia.org/wiki/Elei%C3%A7%C3%B5es_gerais_no_Brasil_em_1998,BLS wave 1997; Bolognesi 2018,pt wiki state table total row; TSE open data file has 516 elected flags (replacements) so not used,0,0.0,0.0,https://bibliotecadigital.tse.jus.br/xmlui/bitstream/handle/bdtse/4518/2007_figueiredo_government_coalitions_democracy.pdf
51,1999-02-01,CD,PCdoB,PCdoB,7.0,0.01364522417153996,0.16749999999999987,1.92,left,left,0,0,election,https://pt.wikipedia.org/wiki/Elei%C3%A7%C3%B5es_gerais_no_Brasil_em_1998,BLS wave 1997; Bolognesi 2018,pt wiki state table total row; TSE open data file has 516 elected flags (replacements) so not used,0,0.0,0.0,https://bibliotecadigital.tse.jus.br/xmlui/bitstream/handle/bdtse/4518/2007_figueiredo_government_coalitions_democracy.pdf
51,1999-02-01,CD,PPS,Cidadania,3.0,0.005847953216374269,1.956,4.92,left,centre,0,0,election,https://pt.wikipedia.org/wiki/Elei%C3%A7%C3%B5es_gerais_no_Brasil_em_1998,BLS wave 1997; Bolognesi 2018,pt wiki state table total row; TSE open data file has 516 elected flags (replacements) so not used,0,0.0,0.0,https://bibliotecadigital.tse.jus.br/xmlui/bitstream/handle/bdtse/4518/2007_figueiredo_government_coalitions_democracy.pdf
51,1999-02-01,CD,PSD_old,PSD_old,3.0,0.005847953216374269,,,,,0,0,election,https://pt.wikipedia.org/wiki/Elei%C3%A7%C3%B5es_gerais_no_Brasil_em_1998,no BLS score; no Bolognesi score,pt wiki state table total row; TSE open data file has 516 elected flags (replacements) so not used,0,0.0,0.0,https://bibliotecadigital.tse.jus.br/xmlui/bitstream/handle/bdtse/4518/2007_figueiredo_government_coalitions_democracy.pdf
51,1999-02-01,CD,PMN,PMN,2.0,0.003898635477582846,,6.88,,right,0,0,election,https://pt.wikipedia.org/wiki/Elei%C3%A7%C3%B5es_gerais_no_Brasil_em_1998,no BLS score; Bolognesi 2018,pt wiki state table total row; TSE open data file has 516 elected flags (replacements) so not used,0,0.0,0.0,https://bibliotecadigital.tse.jus.br/xmlui/bitstream/handle/bdtse/4518/2007_figueiredo_government_coalitions_democracy.pdf
51,1999-02-01,CD,PSC,Podemos,2.0,0.003898635477582846,7.704500000000001,8.33,right,right,1,1,election,https://pt.wikipedia.org/wiki/Elei%C3%A7%C3%B5es_gerais_no_Brasil_em_1998,BLS wave 2017; Bolognesi 2018,pt wiki state table total row; TSE open data file has 516 elected flags (replacements) so not used; en wiki gives 3,0,0.0,0.0,https://bibliotecadigital.tse.jus.br/xmlui/bitstream/handle/bdtse/4518/2007_figueiredo_government_coalitions_democracy.pdf
51,1999-02-01,CD,PRONA,PL,1.0,0.001949317738791423,,,,,0,0,election,https://pt.wikipedia.org/wiki/Elei%C3%A7%C3%B5es_gerais_no_Brasil_em_1998,no BLS score; no Bolognesi score,pt wiki state table total row; TSE open data file has 516 elected flags (replacements) so not used,0,0.0,0.0,https://bibliotecadigital.tse.jus.br/xmlui/bitstream/handle/bdtse/4518/2007_figueiredo_government_coalitions_democracy.pdf
51,1999-02-01,CD,PSL,União,1.0,0.001949317738791423,9.017,8.11,right,right,0,0,election,https://pt.wikipedia.org/wiki/Elei%C3%A7%C3%B5es_gerais_no_Brasil_em_1998,BLS wave 2021; Bolognesi 2018,pt wiki state table total row; TSE open data file has 516 elected flags (replacements) so not used,0,0.0,0.0,https://bibliotecadigital.tse.jus.br/xmlui/bitstream/handle/bdtse/4518/2007_figueiredo_government_coalitions_democracy.pdf
51,1999-02-01,CD,PST,PL,1.0,0.001949317738791423,,,,,0,0,election,https://pt.wikipedia.org/wiki/Elei%C3%A7%C3%B5es_gerais_no_Brasil_em_1998,no BLS score; no Bolognesi score,pt wiki state table total row; TSE open data file has 516 elected flags (replacements) so not used,0,0.0,0.0,https://bibliotecadigital.tse.jus.br/xmlui/bitstream/handle/bdtse/4518/2007_figueiredo_government_coalitions_democracy.pdf
51,1999-02-01,CD,PV,PV,1.0,0.001949317738791423,3.6670000000000003,5.29,left,centre,0,0,election,https://pt.wikipedia.org/wiki/Elei%C3%A7%C3%B5es_gerais_no_Brasil_em_1998,BLS wave 2009; Bolognesi 2018,pt wiki state table total row; TSE open data file has 516 elected flags (replacements) so not used; en wiki gives 0,0,0.0,0.0,https://bibliotecadigital.tse.jus.br/xmlui/bitstream/handle/bdtse/4518/2007_figueiredo_government_coalitions_democracy.pdf
51,1999-02-01,SF,PMDB,MDB,27.0,0.3333333333333333,5.3165,7.01,centre,right,0,1,start of legislature,https://legis.senado.leg.br/dadosabertos/senador/lista/legislatura/51 (+ /senador/{cod}/filiacoes),BLS wave 1997; Bolognesi 2018,"seats_start = senators in exercise on 1999-02-01 by Senate open-data API, party = affiliation on that date (historical labels); elected_that_year = seats won in 1998 per en-wiki (Nohlen/TSE); matches Senado Relatório da Presidência 1999 (start of 1st session, 51st legislature) exactly: PMDB 27, PFL 19, PSDB 16, PT 7, PPB 4, PSB 3, PDT 3, PPS 1, PTB 1 | corrections: Fernando Bezerra (RN) set to PMDB (API said PTB); Maria do Carmo Alves (SE) set to PFL (API said AVANTE) | en-wiki post-election Total column (affiliation at election time, differs from 1 Feb): PMDB 26, PFL 20, PSDB 16, PT 7, PDT 4, PPB 3, PSB 3, PTB 1, PPS 1",0,1.0,1.0,https://bibliotecadigital.tse.jus.br/xmlui/bitstream/handle/bdtse/4518/2007_figueiredo_government_coalitions_democracy.pdf
51,1999-02-01,SF,PFL,União,19.0,0.2345679012345679,8.946000000000002,8.57,right,right,0,1,start of legislature,https://legis.senado.leg.br/dadosabertos/senador/lista/legislatura/51 (+ /senador/{cod}/filiacoes),BLS wave 1997; Bolognesi 2018,"seats_start = senators in exercise on 1999-02-01 by Senate open-data API, party = affiliation on that date (historical labels); elected_that_year = seats won in 1998 per en-wiki (Nohlen/TSE); matches Senado Relatório da Presidência 1999 (start of 1st session, 51st legislature) exactly: PMDB 27, PFL 19, PSDB 16, PT 7, PPB 4, PSB 3, PDT 3, PPS 1, PTB 1",0,1.0,0.0,https://bibliotecadigital.tse.jus.br/xmlui/bitstream/handle/bdtse/4518/2007_figueiredo_government_coalitions_democracy.pdf
51,1999-02-01,SF,PSDB,PSDB,16.0,0.19753086419753085,5.810499999999999,7.11,centre,right,0,0,start of legislature,https://legis.senado.leg.br/dadosabertos/senador/lista/legislatura/51 (+ /senador/{cod}/filiacoes),BLS wave 1997; Bolognesi 2018,"seats_start = senators in exercise on 1999-02-01 by Senate open-data API, party = affiliation on that date (historical labels); elected_that_year = seats won in 1998 per en-wiki (Nohlen/TSE); matches Senado Relatório da Presidência 1999 (start of 1st session, 51st legislature) exactly: PMDB 27, PFL 19, PSDB 16, PT 7, PPB 4, PSB 3, PDT 3, PPS 1, PTB 1",1,1.0,1.0,https://bibliotecadigital.tse.jus.br/xmlui/bitstream/handle/bdtse/4518/2007_figueiredo_government_coalitions_democracy.pdf
51,1999-02-01,SF,PT,PT,7.0,0.08641975308641975,0.5954999999999999,2.97,left,left,0,0,start of legislature,https://legis.senado.leg.br/dadosabertos/senador/lista/legislatura/51 (+ /senador/{cod}/filiacoes),BLS wave 1997; Bolognesi 2018,"seats_start = senators in exercise on 1999-02-01 by Senate open-data API, party = affiliation on that date (historical labels); elected_that_year = seats won in 1998 per en-wiki (Nohlen/TSE); matches Senado Relatório da Presidência 1999 (start of 1st session, 51st legislature) exactly: PMDB 27, PFL 19, PSDB 16, PT 7, PPB 4, PSB 3, PDT 3, PPS 1, PTB 1",0,0.0,0.0,https://bibliotecadigital.tse.jus.br/xmlui/bitstream/handle/bdtse/4518/2007_figueiredo_government_coalitions_democracy.pdf
51,1999-02-01,SF,PPB,PP,4.0,0.04938271604938271,9.263,8.2,right,right,1,1,start of legislature,https://legis.senado.leg.br/dadosabertos/senador/lista/legislatura/51 (+ /senador/{cod}/filiacoes),BLS wave 1997; Bolognesi 2018,"seats_start = senators in exercise on 1999-02-01 by Senate open-data API, party = affiliation on that date (historical labels); elected_that_year = seats won in 1998 per en-wiki (Nohlen/TSE); matches Senado Relatório da Presidência 1999 (start of 1st session, 51st legislature) exactly: PMDB 27, PFL 19, PSDB 16, PT 7, PPB 4, PSB 3, PDT 3, PPS 1, PTB 1",0,1.0,1.0,https://bibliotecadigital.tse.jus.br/xmlui/bitstream/handle/bdtse/4518/2007_figueiredo_government_coalitions_democracy.pdf
51,1999-02-01,SF,PSB,PSB,3.0,0.037037037037037035,1.69,4.05,left,centre,0,0,start of legislature,https://legis.senado.leg.br/dadosabertos/senador/lista/legislatura/51 (+ /senador/{cod}/filiacoes),BLS wave 1997; Bolognesi 2018,"seats_start = senators in exercise on 1999-02-01 by Senate open-data API, party = affiliation on that date (historical labels); elected_that_year = seats won in 1998 per en-wiki (Nohlen/TSE); matches Senado Relatório da Presidência 1999 (start of 1st session, 51st legislature) exactly: PMDB 27, PFL 19, PSDB 16, PT 7, PPB 4, PSB 3, PDT 3, PPS 1, PTB 1",0,0.0,0.0,https://bibliotecadigital.tse.jus.br/xmlui/bitstream/handle/bdtse/4518/2007_figueiredo_government_coalitions_democracy.pdf
51,1999-02-01,SF,PDT,PDT,3.0,0.037037037037037035,2.297,3.92,left,left,0,0,start of legislature,https://legis.senado.leg.br/dadosabertos/senador/lista/legislatura/51 (+ /senador/{cod}/filiacoes),BLS wave 1997; Bolognesi 2018,"seats_start = senators in exercise on 1999-02-01 by Senate open-data API, party = affiliation on that date (historical labels); elected_that_year = seats won in 1998 per en-wiki (Nohlen/TSE); matches Senado Relatório da Presidência 1999 (start of 1st session, 51st legislature) exactly: PMDB 27, PFL 19, PSDB 16, PT 7, PPB 4, PSB 3, PDT 3, PPS 1, PTB 1",0,0.0,0.0,https://bibliotecadigital.tse.jus.br/xmlui/bitstream/handle/bdtse/4518/2007_figueiredo_government_coalitions_democracy.pdf
51,1999-02-01,SF,PPS,Cidadania,1.0,0.012345679012345678,1.956,4.92,left,centre,0,0,start of legislature,https://legis.senado.leg.br/dadosabertos/senador/lista/legislatura/51 (+ /senador/{cod}/filiacoes),BLS wave 1997; Bolognesi 2018,"seats_start = senators in exercise on 1999-02-01 by Senate open-data API, party = affiliation on that date (historical labels); elected_that_year = seats won in 1998 per en-wiki (Nohlen/TSE); matches Senado Relatório da Presidência 1999 (start of 1st session, 51st legislature) exactly: PMDB 27, PFL 19, PSDB 16, PT 7, PPB 4, PSB 3, PDT 3, PPS 1, PTB 1",0,0.0,0.0,https://bibliotecadigital.tse.jus.br/xmlui/bitstream/handle/bdtse/4518/2007_figueiredo_government_coalitions_democracy.pdf
51,1999-02-01,SF,PTB,PRD,1.0,0.012345679012345678,7.8605,6.1,right,right,1,1,start of legislature,https://legis.senado.leg.br/dadosabertos/senador/lista/legislatura/51 (+ /senador/{cod}/filiacoes),BLS wave 1997; Bolognesi 2018,"seats_start = senators in exercise on 1999-02-01 by Senate open-data API, party = affiliation on that date (historical labels); elected_that_year = seats won in 1998 per en-wiki (Nohlen/TSE); matches Senado Relatório da Presidência 1999 (start of 1st session, 51st legislature) exactly: PMDB 27, PFL 19, PSDB 16, PT 7, PPB 4, PSB 3, PDT 3, PPS 1, PTB 1",0,0.0,0.0,https://bibliotecadigital.tse.jus.br/xmlui/bitstream/handle/bdtse/4518/2007_figueiredo_government_coalitions_democracy.pdf
52,2003-02-01,CD,PT,PT,91.0,0.17738791423001948,1.0354999999999999,2.97,left,left,0,0,election,https://cdn.tse.jus.br/estatistica/sead/odsele/consulta_cand/consulta_cand_2002.zip,BLS wave 2001; Bolognesi 2018,TSE open data (consulta_cand_2002 elected) = en wiki/electionresources; pt wiki page https://pt.wikipedia.org/wiki/Elei%C3%A7%C3%B5es_gerais_no_Brasil_em_2002 differs slightly,1,1.0,1.0,https://bibliotecadigital.tse.jus.br/xmlui/bitstream/handle/bdtse/4518/2007_figueiredo_government_coalitions_democracy.pdf
52,2003-02-01,CD,PFL,União,84.0,0.16374269005847952,8.583499999999999,8.57,right,right,0,1,election,https://cdn.tse.jus.br/estatistica/sead/odsele/consulta_cand/consulta_cand_2002.zip,BLS wave 2001; Bolognesi 2018,TSE open data (consulta_cand_2002 elected) = en wiki/electionresources; pt wiki page https://pt.wikipedia.org/wiki/Elei%C3%A7%C3%B5es_gerais_no_Brasil_em_2002 differs slightly,0,0.0,0.0,https://bibliotecadigital.tse.jus.br/xmlui/bitstream/handle/bdtse/4518/2007_figueiredo_government_coalitions_democracy.pdf
52,2003-02-01,CD,PMDB,MDB,76.0,0.14814814814814814,5.7565,7.01,centre,right,0,1,election,https://cdn.tse.jus.br/estatistica/sead/odsele/consulta_cand/consulta_cand_2002.zip,BLS wave 2001; Bolognesi 2018,TSE open data (consulta_cand_2002 elected) = en wiki/electionresources; pt wiki page https://pt.wikipedia.org/wiki/Elei%C3%A7%C3%B5es_gerais_no_Brasil_em_2002 differs slightly; pt wiki (uncited list) gives 75,0,0.0,1.0,https://bibliotecadigital.tse.jus.br/xmlui/bitstream/handle/bdtse/4518/2007_figueiredo_government_coalitions_democracy.pdf
52,2003-02-01,CD,PSDB,PSDB,70.0,0.1364522417153996,5.894500000000001,7.11,centre,right,0,0,election,https://cdn.tse.jus.br/estatistica/sead/odsele/consulta_cand/consulta_cand_2002.zip,BLS wave 2001; Bolognesi 2018,TSE open data (consulta_cand_2002 elected) = en wiki/electionresources; pt wiki page https://pt.wikipedia.org/wiki/Elei%C3%A7%C3%B5es_gerais_no_Brasil_em_2002 differs slightly,0,0.0,0.0,https://bibliotecadigital.tse.jus.br/xmlui/bitstream/handle/bdtse/4518/2007_figueiredo_government_coalitions_democracy.pdf
52,2003-02-01,CD,PPB,PP,48.0,0.0935672514619883,8.943,8.2,right,right,1,1,election,https://cdn.tse.jus.br/estatistica/sead/odsele/consulta_cand/consulta_cand_2002.zip,BLS wave 2001; Bolognesi 2018,TSE open data (consulta_cand_2002 elected) = en wiki/electionresources; pt wiki page https://pt.wikipedia.org/wiki/Elei%C3%A7%C3%B5es_gerais_no_Brasil_em_2002 differs slightly; pt wiki (uncited list) gives 49,0,0.0,0.0,https://bibliotecadigital.tse.jus.br/xmlui/bitstream/handle/bdtse/4518/2007_figueiredo_government_coalitions_democracy.pdf
52,2003-02-01,CD,PL,PL,26.0,0.050682261208576995,7.112499999999999,7.78,right,right,1,1,election,https://cdn.tse.jus.br/estatistica/sead/odsele/consulta_cand/consulta_cand_2002.zip,BLS wave 2001; Bolognesi 2018,TSE open data (consulta_cand_2002 elected) = en wiki/electionresources; pt wiki page https://pt.wikipedia.org/wiki/Elei%C3%A7%C3%B5es_gerais_no_Brasil_em_2002 differs slightly,0,1.0,1.0,https://bibliotecadigital.tse.jus.br/xmlui/bitstream/handle/bdtse/4518/2007_figueiredo_government_coalitions_democracy.pdf
52,2003-02-01,CD,PTB,PRD,26.0,0.050682261208576995,7.293000000000001,6.1,right,right,1,1,election,https://cdn.tse.jus.br/estatistica/sead/odsele/consulta_cand/consulta_cand_2002.zip,BLS wave 2001; Bolognesi 2018,TSE open data (consulta_cand_2002 elected) = en wiki/electionresources; pt wiki page https://pt.wikipedia.org/wiki/Elei%C3%A7%C3%B5es_gerais_no_Brasil_em_2002 differs slightly,0,1.0,1.0,https://bibliotecadigital.tse.jus.br/xmlui/bitstream/handle/bdtse/4518/2007_figueiredo_government_coalitions_democracy.pdf
52,2003-02-01,CD,PSB,PSB,22.0,0.042884990253411304,1.844,4.05,left,centre,0,0,election,https://cdn.tse.jus.br/estatistica/sead/odsele/consulta_cand/consulta_cand_2002.zip,BLS wave 2001; Bolognesi 2018,TSE open data (consulta_cand_2002 elected) = en wiki/electionresources; pt wiki page https://pt.wikipedia.org/wiki/Elei%C3%A7%C3%B5es_gerais_no_Brasil_em_2002 differs slightly,0,1.0,1.0,https://bibliotecadigital.tse.jus.br/xmlui/bitstream/handle/bdtse/4518/2007_figueiredo_government_coalitions_democracy.pdf
52,2003-02-01,CD,PDT,PDT,21.0,0.04093567251461988,2.5495,3.92,left,left,0,0,election,https://cdn.tse.jus.br/estatistica/sead/odsele/consulta_cand/consulta_cand_2002.zip,BLS wave 2001; Bolognesi 2018,TSE open data (consulta_cand_2002 elected) = en wiki/electionresources; pt wiki page https://pt.wikipedia.org/wiki/Elei%C3%A7%C3%B5es_gerais_no_Brasil_em_2002 differs slightly,0,1.0,0.0,https://bibliotecadigital.tse.jus.br/xmlui/bitstream/handle/bdtse/4518/2007_figueiredo_government_coalitions_democracy.pdf
52,2003-02-01,CD,PPS,Cidadania,15.0,0.029239766081871343,3.0074999999999994,4.92,left,centre,0,0,election,https://cdn.tse.jus.br/estatistica/sead/odsele/consulta_cand/consulta_cand_2002.zip,BLS wave 2001; Bolognesi 2018,TSE open data (consulta_cand_2002 elected) = en wiki/electionresources; pt wiki page https://pt.wikipedia.org/wiki/Elei%C3%A7%C3%B5es_gerais_no_Brasil_em_2002 differs slightly,0,1.0,0.0,https://bibliotecadigital.tse.jus.br/xmlui/bitstream/handle/bdtse/4518/2007_figueiredo_government_coalitions_democracy.pdf
52,2003-02-01,CD,PCdoB,PCdoB,12.0,0.023391812865497075,0.5104999999999998,1.92,left,left,0,0,election,https://cdn.tse.jus.br/estatistica/sead/odsele/consulta_cand/consulta_cand_2002.zip,BLS wave 2001; Bolognesi 2018,TSE open data (consulta_cand_2002 elected) = en wiki/electionresources; pt wiki page https://pt.wikipedia.org/wiki/Elei%C3%A7%C3%B5es_gerais_no_Brasil_em_2002 differs slightly,0,1.0,1.0,https://bibliotecadigital.tse.jus.br/xmlui/bitstream/handle/bdtse/4518/2007_figueiredo_government_coalitions_democracy.pdf
52,2003-02-01,CD,PRONA,PL,6.0,0.011695906432748537,,,,,0,0,election,https://cdn.tse.jus.br/estatistica/sead/odsele/consulta_cand/consulta_cand_2002.zip,no BLS score; no Bolognesi score,TSE open data (consulta_cand_2002 elected) = en wiki/electionresources; pt wiki page https://pt.wikipedia.org/wiki/Elei%C3%A7%C3%B5es_gerais_no_Brasil_em_2002 differs slightly,0,0.0,0.0,https://bibliotecadigital.tse.jus.br/xmlui/bitstream/handle/bdtse/4518/2007_figueiredo_government_coalitions_democracy.pdf
52,2003-02-01,CD,PV,PV,5.0,0.009746588693957114,3.6670000000000003,5.29,left,centre,0,0,election,https://cdn.tse.jus.br/estatistica/sead/odsele/consulta_cand/consulta_cand_2002.zip,BLS wave 2009; Bolognesi 2018,TSE open data (consulta_cand_2002 elected) = en wiki/electionresources; pt wiki page https://pt.wikipedia.org/wiki/Elei%C3%A7%C3%B5es_gerais_no_Brasil_em_2002 differs slightly,0,1.0,0.0,https://bibliotecadigital.tse.jus.br/xmlui/bitstream/handle/bdtse/4518/2007_figueiredo_government_coalitions_democracy.pdf
52,2003-02-01,CD,PSD_old,PSD_old,4.0,0.007797270955165692,,,,,0,0,election,https://cdn.tse.jus.br/estatistica/sead/odsele/consulta_cand/consulta_cand_2002.zip,no BLS score; no Bolognesi score,TSE open data (consulta_cand_2002 elected) = en wiki/electionresources; pt wiki page https://pt.wikipedia.org/wiki/Elei%C3%A7%C3%B5es_gerais_no_Brasil_em_2002 differs slightly,0,0.0,0.0,https://bibliotecadigital.tse.jus.br/xmlui/bitstream/handle/bdtse/4518/2007_figueiredo_government_coalitions_democracy.pdf
52,2003-02-01,CD,PST,PL,3.0,0.005847953216374269,,,,,0,0,election,https://cdn.tse.jus.br/estatistica/sead/odsele/consulta_cand/consulta_cand_2002.zip,no BLS score; no Bolognesi score,TSE open data (consulta_cand_2002 elected) = en wiki/electionresources; pt wiki page https://pt.wikipedia.org/wiki/Elei%C3%A7%C3%B5es_gerais_no_Brasil_em_2002 differs slightly,0,0.0,0.0,https://bibliotecadigital.tse.jus.br/xmlui/bitstream/handle/bdtse/4518/2007_figueiredo_government_coalitions_democracy.pdf
52,2003-02-01,CD,PSC,Podemos,1.0,0.001949317738791423,7.704500000000001,8.33,right,right,1,1,election,https://cdn.tse.jus.br/estatistica/sead/odsele/consulta_cand/consulta_cand_2002.zip,BLS wave 2017; Bolognesi 2018,TSE open data (consulta_cand_2002 elected) = en wiki/electionresources; pt wiki page https://pt.wikipedia.org/wiki/Elei%C3%A7%C3%B5es_gerais_no_Brasil_em_2002 differs slightly,0,0.0,0.0,https://bibliotecadigital.tse.jus.br/xmlui/bitstream/handle/bdtse/4518/2007_figueiredo_government_coalitions_democracy.pdf
52,2003-02-01,CD,PMN,PMN,1.0,0.001949317738791423,,6.88,,right,0,0,election,https://cdn.tse.jus.br/estatistica/sead/odsele/consulta_cand/consulta_cand_2002.zip,no BLS score; Bolognesi 2018,TSE open data (consulta_cand_2002 elected) = en wiki/electionresources; pt wiki page https://pt.wikipedia.org/wiki/Elei%C3%A7%C3%B5es_gerais_no_Brasil_em_2002 differs slightly,0,0.0,0.0,https://bibliotecadigital.tse.jus.br/xmlui/bitstream/handle/bdtse/4518/2007_figueiredo_government_coalitions_democracy.pdf
52,2003-02-01,CD,PSDC,DC,1.0,0.001949317738791423,,8.11,,right,0,0,election,https://cdn.tse.jus.br/estatistica/sead/odsele/consulta_cand/consulta_cand_2002.zip,no BLS score; Bolognesi 2018,TSE open data (consulta_cand_2002 elected) = en wiki/electionresources; pt wiki page https://pt.wikipedia.org/wiki/Elei%C3%A7%C3%B5es_gerais_no_Brasil_em_2002 differs slightly,0,0.0,0.0,https://bibliotecadigital.tse.jus.br/xmlui/bitstream/handle/bdtse/4518/2007_figueiredo_government_coalitions_democracy.pdf
52,2003-02-01,CD,PSL,União,1.0,0.001949317738791423,9.017,8.11,right,right,0,0,election,https://cdn.tse.jus.br/estatistica/sead/odsele/consulta_cand/consulta_cand_2002.zip,BLS wave 2021; Bolognesi 2018,TSE open data (consulta_cand_2002 elected) = en wiki/electionresources; pt wiki page https://pt.wikipedia.org/wiki/Elei%C3%A7%C3%B5es_gerais_no_Brasil_em_2002 differs slightly,0,0.0,0.0,https://bibliotecadigital.tse.jus.br/xmlui/bitstream/handle/bdtse/4518/2007_figueiredo_government_coalitions_democracy.pdf
52,2003-02-01,SF,PMDB,MDB,20.0,0.24691358024691357,5.7565,7.01,centre,right,0,1,start of legislature,https://legis.senado.leg.br/dadosabertos/senador/lista/legislatura/52 (+ /senador/{cod}/filiacoes),BLS wave 2001; Bolognesi 2018,"seats_start = senators in exercise on 2003-02-01 by Senate open-data API, party = affiliation on that date (historical labels); elected_that_year = seats won in 2002 per en-wiki (Nohlen/TSE) | corrections: Maria do Carmo Alves (SE) set to PFL (API said AVANTE) | en-wiki post-election Total column (affiliation at election time, differs from 1 Feb): PFL 19, PMDB 19, PT 14, PSDB 11, PDT 5, PSB 4, PTB 3, PL 3, PPB 1, PPS 1, PSD 1",0,0.0,1.0,https://bibliotecadigital.tse.jus.br/xmlui/bitstream/handle/bdtse/4518/2007_figueiredo_government_coalitions_democracy.pdf
52,2003-02-01,SF,PFL,União,18.0,0.2222222222222222,8.583499999999999,8.57,right,right,0,1,start of legislature,https://legis.senado.leg.br/dadosabertos/senador/lista/legislatura/52 (+ /senador/{cod}/filiacoes),BLS wave 2001; Bolognesi 2018,"seats_start = senators in exercise on 2003-02-01 by Senate open-data API, party = affiliation on that date (historical labels); elected_that_year = seats won in 2002 per en-wiki (Nohlen/TSE)",0,0.0,0.0,https://bibliotecadigital.tse.jus.br/xmlui/bitstream/handle/bdtse/4518/2007_figueiredo_government_coalitions_democracy.pdf
52,2003-02-01,SF,PT,PT,14.0,0.1728395061728395,1.0354999999999999,2.97,left,left,0,0,start of legislature,https://legis.senado.leg.br/dadosabertos/senador/lista/legislatura/52 (+ /senador/{cod}/filiacoes),BLS wave 2001; Bolognesi 2018,"seats_start = senators in exercise on 2003-02-01 by Senate open-data API, party = affiliation on that date (historical labels); elected_that_year = seats won in 2002 per en-wiki (Nohlen/TSE)",1,1.0,1.0,https://bibliotecadigital.tse.jus.br/xmlui/bitstream/handle/bdtse/4518/2007_figueiredo_government_coalitions_democracy.pdf
52,2003-02-01,SF,PSDB,PSDB,12.0,0.14814814814814814,5.894500000000001,7.11,centre,right,0,0,start of legislature,https://legis.senado.leg.br/dadosabertos/senador/lista/legislatura/52 (+ /senador/{cod}/filiacoes),BLS wave 2001; Bolognesi 2018,"seats_start = senators in exercise on 2003-02-01 by Senate open-data API, party = affiliation on that date (historical labels); elected_that_year = seats won in 2002 per en-wiki (Nohlen/TSE)",0,0.0,0.0,https://bibliotecadigital.tse.jus.br/xmlui/bitstream/handle/bdtse/4518/2007_figueiredo_government_coalitions_democracy.pdf
52,2003-02-01,SF,PDT,PDT,4.0,0.04938271604938271,2.5495,3.92,left,left,0,0,start of legislature,https://legis.senado.leg.br/dadosabertos/senador/lista/legislatura/52 (+ /senador/{cod}/filiacoes),BLS wave 2001; Bolognesi 2018,"seats_start = senators in exercise on 2003-02-01 by Senate open-data API, party = affiliation on that date (historical labels); elected_that_year = seats won in 2002 per en-wiki (Nohlen/TSE)",0,1.0,0.0,https://bibliotecadigital.tse.jus.br/xmlui/bitstream/handle/bdtse/4518/2007_figueiredo_government_coalitions_democracy.pdf
52,2003-02-01,SF,PTB,PRD,4.0,0.04938271604938271,7.293000000000001,6.1,right,right,1,1,start of legislature,https://legis.senado.leg.br/dadosabertos/senador/lista/legislatura/52 (+ /senador/{cod}/filiacoes),BLS wave 2001; Bolognesi 2018,"seats_start = senators in exercise on 2003-02-01 by Senate open-data API, party = affiliation on that date (historical labels); elected_that_year = seats won in 2002 per en-wiki (Nohlen/TSE)",0,1.0,1.0,https://bibliotecadigital.tse.jus.br/xmlui/bitstream/handle/bdtse/4518/2007_figueiredo_government_coalitions_democracy.pdf
52,2003-02-01,SF,PSB,PSB,3.0,0.037037037037037035,1.844,4.05,left,centre,0,0,start of legislature,https://legis.senado.leg.br/dadosabertos/senador/lista/legislatura/52 (+ /senador/{cod}/filiacoes),BLS wave 2001; Bolognesi 2018,"seats_start = senators in exercise on 2003-02-01 by Senate open-data API, party = affiliation on that date (historical labels); elected_that_year = seats won in 2002 per en-wiki (Nohlen/TSE)",0,1.0,1.0,https://bibliotecadigital.tse.jus.br/xmlui/bitstream/handle/bdtse/4518/2007_figueiredo_government_coalitions_democracy.pdf
52,2003-02-01,SF,PL,PL,3.0,0.037037037037037035,7.112499999999999,7.78,right,right,1,1,start of legislature,https://legis.senado.leg.br/dadosabertos/senador/lista/legislatura/52 (+ /senador/{cod}/filiacoes),BLS wave 2001; Bolognesi 2018,"seats_start = senators in exercise on 2003-02-01 by Senate open-data API, party = affiliation on that date (historical labels); elected_that_year = seats won in 2002 per en-wiki (Nohlen/TSE)",0,1.0,1.0,https://bibliotecadigital.tse.jus.br/xmlui/bitstream/handle/bdtse/4518/2007_figueiredo_government_coalitions_democracy.pdf
52,2003-02-01,SF,PPS,Cidadania,3.0,0.037037037037037035,3.0074999999999994,4.92,left,centre,0,0,start of legislature,https://legis.senado.leg.br/dadosabertos/senador/lista/legislatura/52 (+ /senador/{cod}/filiacoes),BLS wave 2001; Bolognesi 2018,"seats_start = senators in exercise on 2003-02-01 by Senate open-data API, party = affiliation on that date (historical labels); elected_that_year = seats won in 2002 per en-wiki (Nohlen/TSE)",0,1.0,0.0,https://bibliotecadigital.tse.jus.br/xmlui/bitstream/handle/bdtse/4518/2007_figueiredo_government_coalitions_democracy.pdf
53,2007-02-01,CD,PMDB,MDB,89.0,0.17348927875243664,5.5785,7.01,centre,right,0,1,election,https://pt.wikipedia.org/wiki/Elei%C3%A7%C3%B5es_parlamentares_no_Brasil_em_2006,BLS wave 2005; Bolognesi 2018,pt wiki = en wiki (electionresources),0,1.0,,https://en.wikipedia.org/wiki/2006_Brazilian_general_election
53,2007-02-01,CD,PT,PT,83.0,0.1617933723196881,2.3735,2.97,left,left,0,0,election,https://pt.wikipedia.org/wiki/Elei%C3%A7%C3%B5es_parlamentares_no_Brasil_em_2006,BLS wave 2005; Bolognesi 2018,pt wiki = en wiki (electionresources),1,1.0,,https://en.wikipedia.org/wiki/2006_Brazilian_general_election
53,2007-02-01,CD,PSDB,PSDB,65.0,0.1267056530214425,5.7059999999999995,7.11,centre,right,0,0,election,https://pt.wikipedia.org/wiki/Elei%C3%A7%C3%B5es_parlamentares_no_Brasil_em_2006,BLS wave 2005; Bolognesi 2018,pt wiki = en wiki (electionresources); TSE open data (current status) gives 66,0,0.0,,https://en.wikipedia.org/wiki/2006_Brazilian_general_election
53,2007-02-01,CD,PFL,União,65.0,0.1267056530214425,8.329500000000001,8.57,right,right,0,1,election,https://pt.wikipedia.org/wiki/Elei%C3%A7%C3%B5es_parlamentares_no_Brasil_em_2006,BLS wave 2005; Bolognesi 2018,pt wiki = en wiki (electionresources),0,0.0,,https://en.wikipedia.org/wiki/2006_Brazilian_general_election
53,2007-02-01,CD,PP,PP,42.0,0.08187134502923976,8.3695,8.2,right,right,1,1,election,https://pt.wikipedia.org/wiki/Elei%C3%A7%C3%B5es_parlamentares_no_Brasil_em_2006,BLS wave 2005; Bolognesi 2018,pt wiki = en wiki (electionresources); TSE open data gives 41,0,1.0,,https://en.wikipedia.org/wiki/2006_Brazilian_general_election
53,2007-02-01,CD,PSB,PSB,27.0,0.05263157894736842,2.315,4.05,left,centre,0,0,election,https://pt.wikipedia.org/wiki/Elei%C3%A7%C3%B5es_parlamentares_no_Brasil_em_2006,BLS wave 2005; Bolognesi 2018,pt wiki = en wiki (electionresources),0,1.0,,https://en.wikipedia.org/wiki/2006_Brazilian_general_election
53,2007-02-01,CD,PDT,PDT,24.0,0.04678362573099415,3.237,3.92,left,left,0,0,election,https://pt.wikipedia.org/wiki/Elei%C3%A7%C3%B5es_parlamentares_no_Brasil_em_2006,BLS wave 2005; Bolognesi 2018,pt wiki = en wiki (electionresources),0,1.0,,https://en.wikipedia.org/wiki/2006_Brazilian_general_election
53,2007-02-01,CD,PL,PL,23.0,0.04483430799220273,7.0825000000000005,7.78,right,right,1,1,election,https://pt.wikipedia.org/wiki/Elei%C3%A7%C3%B5es_parlamentares_no_Brasil_em_2006,BLS wave 2005; Bolognesi 2018,pt wiki = en wiki (electionresources),0,0.0,,https://en.wikipedia.org/wiki/2006_Brazilian_general_election
53,2007-02-01,CD,PTB,PRD,22.0,0.042884990253411304,6.8774999999999995,6.1,right,right,1,1,election,https://pt.wikipedia.org/wiki/Elei%C3%A7%C3%B5es_parlamentares_no_Brasil_em_2006,BLS wave 2005; Bolognesi 2018,pt wiki = en wiki (electionresources),0,1.0,,https://en.wikipedia.org/wiki/2006_Brazilian_general_election
53,2007-02-01,CD,PPS,Cidadania,21.0,0.04093567251461988,2.9654999999999996,4.92,left,centre,0,0,election,https://pt.wikipedia.org/wiki/Elei%C3%A7%C3%B5es_parlamentares_no_Brasil_em_2006,BLS wave 2005; Bolognesi 2018,pt wiki = en wiki (electionresources); TSE open data gives 22,0,0.0,,https://en.wikipedia.org/wiki/2006_Brazilian_general_election
53,2007-02-01,CD,PCdoB,PCdoB,13.0,0.025341130604288498,1.2835,1.92,left,left,0,0,election,https://pt.wikipedia.org/wiki/Elei%C3%A7%C3%B5es_parlamentares_no_Brasil_em_2006,BLS wave 2005; Bolognesi 2018,pt wiki = en wiki (electionresources),0,1.0,,https://en.wikipedia.org/wiki/2006_Brazilian_general_election
53,2007-02-01,CD,PV,PV,13.0,0.025341130604288498,3.6670000000000003,5.29,left,centre,0,0,election,https://pt.wikipedia.org/wiki/Elei%C3%A7%C3%B5es_parlamentares_no_Brasil_em_2006,BLS wave 2009; Bolognesi 2018,pt wiki = en wiki (electionresources),0,0.0,,https://en.wikipedia.org/wiki/2006_Brazilian_general_election
53,2007-02-01,CD,PSC,Podemos,9.0,0.017543859649122806,7.704500000000001,8.33,right,right,1,1,election,https://pt.wikipedia.org/wiki/Elei%C3%A7%C3%B5es_parlamentares_no_Brasil_em_2006,BLS wave 2017; Bolognesi 2018,pt wiki = en wiki (electionresources),0,0.0,,https://en.wikipedia.org/wiki/2006_Brazilian_general_election
53,2007-02-01,CD,PTC,Agir,4.0,0.007797270955165692,,7.86,,right,0,0,election,https://pt.wikipedia.org/wiki/Elei%C3%A7%C3%B5es_parlamentares_no_Brasil_em_2006,no BLS score; Bolognesi 2018,pt wiki = en wiki (electionresources); TSE open data gives 3,0,0.0,,https://en.wikipedia.org/wiki/2006_Brazilian_general_election
53,2007-02-01,CD,PSOL,PSOL,3.0,0.005847953216374269,0.2084999999999998,1.28,left,left,0,0,election,https://pt.wikipedia.org/wiki/Elei%C3%A7%C3%B5es_parlamentares_no_Brasil_em_2006,BLS wave 2009; Bolognesi 2018,pt wiki = en wiki (electionresources),0,0.0,,https://en.wikipedia.org/wiki/2006_Brazilian_general_election
53,2007-02-01,CD,PMN,PMN,3.0,0.005847953216374269,,6.88,,right,0,0,election,https://pt.wikipedia.org/wiki/Elei%C3%A7%C3%B5es_parlamentares_no_Brasil_em_2006,no BLS score; Bolognesi 2018,pt wiki = en wiki (electionresources),0,0.0,,https://en.wikipedia.org/wiki/2006_Brazilian_general_election
53,2007-02-01,CD,PRONA,PL,2.0,0.003898635477582846,,,,,0,0,election,https://pt.wikipedia.org/wiki/Elei%C3%A7%C3%B5es_parlamentares_no_Brasil_em_2006,no BLS score; no Bolognesi score,pt wiki = en wiki (electionresources),0,0.0,,https://en.wikipedia.org/wiki/2006_Brazilian_general_election
53,2007-02-01,CD,PHS,Podemos,2.0,0.003898635477582846,,6.96,,right,0,0,election,https://pt.wikipedia.org/wiki/Elei%C3%A7%C3%B5es_parlamentares_no_Brasil_em_2006,no BLS score; Bolognesi 2018,pt wiki = en wiki (electionresources),0,0.0,,https://en.wikipedia.org/wiki/2006_Brazilian_general_election
53,2007-02-01,CD,PRB,Republicanos,1.0,0.001949317738791423,7.122999999999999,7.78,right,right,1,1,election,https://pt.wikipedia.org/wiki/Elei%C3%A7%C3%B5es_parlamentares_no_Brasil_em_2006,BLS wave 2017; Bolognesi 2018,pt wiki = en wiki (electionresources),0,1.0,,https://en.wikipedia.org/wiki/2006_Brazilian_general_election
53,2007-02-01,CD,PTdoB,Avante,1.0,0.001949317738791423,,6.32,,right,1,1,election,https://pt.wikipedia.org/wiki/Elei%C3%A7%C3%B5es_parlamentares_no_Brasil_em_2006,no BLS score; Bolognesi 2018,pt wiki = en wiki (electionresources),0,0.0,,https://en.wikipedia.org/wiki/2006_Brazilian_general_election
53,2007-02-01,CD,PAN,PAN,1.0,0.001949317738791423,,,,,0,0,election,https://pt.wikipedia.org/wiki/Elei%C3%A7%C3%B5es_parlamentares_no_Brasil_em_2006,no BLS score; no Bolognesi score,pt wiki = en wiki (electionresources),0,0.0,,https://en.wikipedia.org/wiki/2006_Brazilian_general_election
53,2007-02-01,SF,PMDB,MDB,20.0,0.24691358024691357,5.5785,7.01,centre,right,0,1,start of legislature,https://legis.senado.leg.br/dadosabertos/senador/lista/legislatura/53 (+ /senador/{cod}/filiacoes),BLS wave 2005; Bolognesi 2018,"seats_start = senators in exercise on 2007-02-01 by Senate open-data API, party = affiliation on that date (historical labels); elected_that_year = seats won in 2006 per en-wiki (Nohlen/TSE) | corrections: Jayme Campos (MT) set to PFL (API said AVANTE); Maria do Carmo Alves (SE) set to PFL (API said AVANTE); Flexa Ribeiro (PA) -> PSDB: API lacks exercise record; suplente of Duciomar Costa since 2005; PSDB from 2005-01-11 per Senate filiacoes | en-wiki post-election Total column (affiliation at election time, differs from 1 Feb): PFL 18, PMDB 16, PSDB 14, PT 10, PDT 5, PTB 4, PSB 3, PR 3, PCdoB 2, PRB 2, PP 1, PPS 1, PRTB 1, PSOL 1",0,1.0,,https://en.wikipedia.org/wiki/2006_Brazilian_general_election
53,2007-02-01,SF,PFL,União,17.0,0.20987654320987653,8.329500000000001,8.57,right,right,0,1,start of legislature,https://legis.senado.leg.br/dadosabertos/senador/lista/legislatura/53 (+ /senador/{cod}/filiacoes),BLS wave 2005; Bolognesi 2018,"seats_start = senators in exercise on 2007-02-01 by Senate open-data API, party = affiliation on that date (historical labels); elected_that_year = seats won in 2006 per en-wiki (Nohlen/TSE)",0,0.0,,https://en.wikipedia.org/wiki/2006_Brazilian_general_election
53,2007-02-01,SF,PSDB,PSDB,13.0,0.16049382716049382,5.7059999999999995,7.11,centre,right,0,0,start of legislature,https://legis.senado.leg.br/dadosabertos/senador/lista/legislatura/53 (+ /senador/{cod}/filiacoes),BLS wave 2005; Bolognesi 2018,"seats_start = senators in exercise on 2007-02-01 by Senate open-data API, party = affiliation on that date (historical labels); elected_that_year = seats won in 2006 per en-wiki (Nohlen/TSE)",0,0.0,,https://en.wikipedia.org/wiki/2006_Brazilian_general_election
53,2007-02-01,SF,PT,PT,11.0,0.13580246913580246,2.3735,2.97,left,left,0,0,start of legislature,https://legis.senado.leg.br/dadosabertos/senador/lista/legislatura/53 (+ /senador/{cod}/filiacoes),BLS wave 2005; Bolognesi 2018,"seats_start = senators in exercise on 2007-02-01 by Senate open-data API, party = affiliation on that date (historical labels); elected_that_year = seats won in 2006 per en-wiki (Nohlen/TSE)",1,1.0,,https://en.wikipedia.org/wiki/2006_Brazilian_general_election
53,2007-02-01,SF,PTB,PRD,4.0,0.04938271604938271,6.8774999999999995,6.1,right,right,1,1,start of legislature,https://legis.senado.leg.br/dadosabertos/senador/lista/legislatura/53 (+ /senador/{cod}/filiacoes),BLS wave 2005; Bolognesi 2018,"seats_start = senators in exercise on 2007-02-01 by Senate open-data API, party = affiliation on that date (historical labels); elected_that_year = seats won in 2006 per en-wiki (Nohlen/TSE)",0,1.0,,https://en.wikipedia.org/wiki/2006_Brazilian_general_election
53,2007-02-01,SF,PDT,PDT,4.0,0.04938271604938271,3.237,3.92,left,left,0,0,start of legislature,https://legis.senado.leg.br/dadosabertos/senador/lista/legislatura/53 (+ /senador/{cod}/filiacoes),BLS wave 2005; Bolognesi 2018,"seats_start = senators in exercise on 2007-02-01 by Senate open-data API, party = affiliation on that date (historical labels); elected_that_year = seats won in 2006 per en-wiki (Nohlen/TSE)",0,1.0,,https://en.wikipedia.org/wiki/2006_Brazilian_general_election
53,2007-02-01,SF,PR,PL,4.0,0.04938271604938271,7.0825000000000005,7.78,right,right,1,1,start of legislature,https://legis.senado.leg.br/dadosabertos/senador/lista/legislatura/53 (+ /senador/{cod}/filiacoes),BLS wave 2005; Bolognesi 2018,"seats_start = senators in exercise on 2007-02-01 by Senate open-data API, party = affiliation on that date (historical labels); elected_that_year = seats won in 2006 per en-wiki (Nohlen/TSE)",0,1.0,,https://en.wikipedia.org/wiki/2006_Brazilian_general_election
53,2007-02-01,SF,PSB,PSB,3.0,0.037037037037037035,2.315,4.05,left,centre,0,0,start of legislature,https://legis.senado.leg.br/dadosabertos/senador/lista/legislatura/53 (+ /senador/{cod}/filiacoes),BLS wave 2005; Bolognesi 2018,"seats_start = senators in exercise on 2007-02-01 by Senate open-data API, party = affiliation on that date (historical labels); elected_that_year = seats won in 2006 per en-wiki (Nohlen/TSE)",0,1.0,,https://en.wikipedia.org/wiki/2006_Brazilian_general_election
53,2007-02-01,SF,PCdoB,PCdoB,1.0,0.012345679012345678,1.2835,1.92,left,left,0,0,start of legislature,https://legis.senado.leg.br/dadosabertos/senador/lista/legislatura/53 (+ /senador/{cod}/filiacoes),BLS wave 2005; Bolognesi 2018,"seats_start = senators in exercise on 2007-02-01 by Senate open-data API, party = affiliation on that date (historical labels); elected_that_year = seats won in 2006 per en-wiki (Nohlen/TSE)",0,1.0,,https://en.wikipedia.org/wiki/2006_Brazilian_general_election
53,2007-02-01,SF,PP,PP,1.0,0.012345679012345678,8.3695,8.2,right,right,1,1,start of legislature,https://legis.senado.leg.br/dadosabertos/senador/lista/legislatura/53 (+ /senador/{cod}/filiacoes),BLS wave 2005; Bolognesi 2018,"seats_start = senators in exercise on 2007-02-01 by Senate open-data API, party = affiliation on that date (historical labels); elected_that_year = seats won in 2006 per en-wiki (Nohlen/TSE)",0,1.0,,https://en.wikipedia.org/wiki/2006_Brazilian_general_election
53,2007-02-01,SF,PRTB,PRTB,1.0,0.012345679012345678,,7.45,,right,0,0,start of legislature,https://legis.senado.leg.br/dadosabertos/senador/lista/legislatura/53 (+ /senador/{cod}/filiacoes),no BLS score; Bolognesi 2018,"seats_start = senators in exercise on 2007-02-01 by Senate open-data API, party = affiliation on that date (historical labels); elected_that_year = seats won in 2006 per en-wiki (Nohlen/TSE)",0,0.0,,https://en.wikipedia.org/wiki/2006_Brazilian_general_election
53,2007-02-01,SF,PRB,Republicanos,1.0,0.012345679012345678,7.122999999999999,7.78,right,right,1,1,start of legislature,https://legis.senado.leg.br/dadosabertos/senador/lista/legislatura/53 (+ /senador/{cod}/filiacoes),BLS wave 2017; Bolognesi 2018,"seats_start = senators in exercise on 2007-02-01 by Senate open-data API, party = affiliation on that date (historical labels); elected_that_year = seats won in 2006 per en-wiki (Nohlen/TSE)",0,1.0,,https://en.wikipedia.org/wiki/2006_Brazilian_general_election
53,2007-02-01,SF,PSOL,PSOL,1.0,0.012345679012345678,0.2084999999999998,1.28,left,left,0,0,start of legislature,https://legis.senado.leg.br/dadosabertos/senador/lista/legislatura/53 (+ /senador/{cod}/filiacoes),BLS wave 2009; Bolognesi 2018,"seats_start = senators in exercise on 2007-02-01 by Senate open-data API, party = affiliation on that date (historical labels); elected_that_year = seats won in 2006 per en-wiki (Nohlen/TSE)",0,0.0,,https://en.wikipedia.org/wiki/2006_Brazilian_general_election
54,2011-02-01,CD,PT,PT,88.0,0.17153996101364521,2.3275,2.97,left,left,0,0,election,https://pt.wikipedia.org/wiki/Elei%C3%A7%C3%B5es_parlamentares_no_Brasil_em_2010,BLS wave 2009; Bolognesi 2018,pt wiki (electionresources); TSE open data (post Ficha Limpa rulings) 86,1,1.0,1.0,https://en.wikipedia.org/wiki/Cabinet_of_Dilma_Rousseff
54,2011-02-01,CD,PMDB,MDB,79.0,0.1539961013645224,5.2700000000000005,7.01,centre,right,0,1,election,https://pt.wikipedia.org/wiki/Elei%C3%A7%C3%B5es_parlamentares_no_Brasil_em_2010,BLS wave 2009; Bolognesi 2018,pt wiki (electionresources); en wiki gives 78; TSE open data (current status) 78,0,1.0,1.0,https://en.wikipedia.org/wiki/Cabinet_of_Dilma_Rousseff
54,2011-02-01,CD,PSDB,PSDB,53.0,0.10331384015594541,5.4375,7.11,centre,right,0,0,election,https://pt.wikipedia.org/wiki/Elei%C3%A7%C3%B5es_parlamentares_no_Brasil_em_2010,BLS wave 2009; Bolognesi 2018,pt wiki (electionresources); en wiki 54; TSE open data 54,0,0.0,0.0,https://en.wikipedia.org/wiki/Cabinet_of_Dilma_Rousseff
54,2011-02-01,CD,DEM,União,43.0,0.08382066276803118,8.176,8.57,right,right,0,1,election,https://pt.wikipedia.org/wiki/Elei%C3%A7%C3%B5es_parlamentares_no_Brasil_em_2010,BLS wave 2009; Bolognesi 2018,pt wiki (electionresources),0,0.0,0.0,https://en.wikipedia.org/wiki/Cabinet_of_Dilma_Rousseff
54,2011-02-01,CD,PR,PL,41.0,0.07992202729044834,6.638999999999999,7.78,right,right,1,1,election,https://pt.wikipedia.org/wiki/Elei%C3%A7%C3%B5es_parlamentares_no_Brasil_em_2010,BLS wave 2009; Bolognesi 2018,pt wiki (electionresources); en wiki 42,0,1.0,1.0,https://en.wikipedia.org/wiki/Cabinet_of_Dilma_Rousseff
54,2011-02-01,CD,PP,PP,41.0,0.07992202729044834,7.6395,8.2,right,right,1,1,election,https://pt.wikipedia.org/wiki/Elei%C3%A7%C3%B5es_parlamentares_no_Brasil_em_2010,BLS wave 2009; Bolognesi 2018,pt wiki (electionresources); TSE open data 44,0,1.0,1.0,https://en.wikipedia.org/wiki/Cabinet_of_Dilma_Rousseff
54,2011-02-01,CD,PSB,PSB,34.0,0.06627680311890838,2.5485,4.05,left,centre,0,0,election,https://pt.wikipedia.org/wiki/Elei%C3%A7%C3%B5es_parlamentares_no_Brasil_em_2010,BLS wave 2009; Bolognesi 2018,pt wiki (electionresources); TSE open data 35,0,1.0,0.0,https://en.wikipedia.org/wiki/Cabinet_of_Dilma_Rousseff
54,2011-02-01,CD,PDT,PDT,28.0,0.05458089668615984,3.1279999999999997,3.92,left,left,0,0,election,https://pt.wikipedia.org/wiki/Elei%C3%A7%C3%B5es_parlamentares_no_Brasil_em_2010,BLS wave 2009; Bolognesi 2018,pt wiki (electionresources); TSE open data 27,0,1.0,1.0,https://en.wikipedia.org/wiki/Cabinet_of_Dilma_Rousseff
54,2011-02-01,CD,PTB,PRD,21.0,0.04093567251461988,6.3805,6.1,right,right,1,1,election,https://pt.wikipedia.org/wiki/Elei%C3%A7%C3%B5es_parlamentares_no_Brasil_em_2010,BLS wave 2009; Bolognesi 2018,pt wiki (electionresources); TSE open data 22,0,0.0,0.0,https://en.wikipedia.org/wiki/Cabinet_of_Dilma_Rousseff
54,2011-02-01,CD,PSC,Podemos,17.0,0.03313840155945419,7.704500000000001,8.33,right,right,1,1,election,https://pt.wikipedia.org/wiki/Elei%C3%A7%C3%B5es_parlamentares_no_Brasil_em_2010,BLS wave 2017; Bolognesi 2018,pt wiki (electionresources),0,0.0,0.0,https://en.wikipedia.org/wiki/Cabinet_of_Dilma_Rousseff
54,2011-02-01,CD,PCdoB,PCdoB,15.0,0.029239766081871343,1.341,1.92,left,left,0,0,election,https://pt.wikipedia.org/wiki/Elei%C3%A7%C3%B5es_parlamentares_no_Brasil_em_2010,BLS wave 2009; Bolognesi 2018,pt wiki (electionresources),0,1.0,1.0,https://en.wikipedia.org/wiki/Cabinet_of_Dilma_Rousseff
54,2011-02-01,CD,PV,PV,15.0,0.029239766081871343,3.6670000000000003,5.29,left,centre,0,0,election,https://pt.wikipedia.org/wiki/Elei%C3%A7%C3%B5es_parlamentares_no_Brasil_em_2010,BLS wave 2009; Bolognesi 2018,pt wiki (electionresources); TSE open data 13,0,0.0,0.0,https://en.wikipedia.org/wiki/Cabinet_of_Dilma_Rousseff
54,2011-02-01,CD,PPS,Cidadania,12.0,0.023391812865497075,4.047,4.92,centre,centre,0,0,election,https://pt.wikipedia.org/wiki/Elei%C3%A7%C3%B5es_parlamentares_no_Brasil_em_2010,BLS wave 2009; Bolognesi 2018,pt wiki (electionresources),0,0.0,0.0,https://en.wikipedia.org/wiki/Cabinet_of_Dilma_Rousseff
54,2011-02-01,CD,PRB,Republicanos,8.0,0.015594541910331383,7.122999999999999,7.78,right,right,1,1,election,https://pt.wikipedia.org/wiki/Elei%C3%A7%C3%B5es_parlamentares_no_Brasil_em_2010,BLS wave 2017; Bolognesi 2018,pt wiki (electionresources); en wiki 7; TSE open data 8,0,0.0,1.0,https://en.wikipedia.org/wiki/Cabinet_of_Dilma_Rousseff
54,2011-02-01,CD,PMN,PMN,4.0,0.007797270955165692,,6.88,,right,0,0,election,https://pt.wikipedia.org/wiki/Elei%C3%A7%C3%B5es_parlamentares_no_Brasil_em_2010,no BLS score; Bolognesi 2018,pt wiki (electionresources),0,0.0,0.0,https://en.wikipedia.org/wiki/Cabinet_of_Dilma_Rousseff
54,2011-02-01,CD,PSOL,PSOL,3.0,0.005847953216374269,0.2084999999999998,1.28,left,left,0,0,election,https://pt.wikipedia.org/wiki/Elei%C3%A7%C3%B5es_parlamentares_no_Brasil_em_2010,BLS wave 2009; Bolognesi 2018,pt wiki (electionresources),0,0.0,0.0,https://en.wikipedia.org/wiki/Cabinet_of_Dilma_Rousseff
54,2011-02-01,CD,PTdoB,Avante,3.0,0.005847953216374269,,6.32,,right,1,1,election,https://pt.wikipedia.org/wiki/Elei%C3%A7%C3%B5es_parlamentares_no_Brasil_em_2010,no BLS score; Bolognesi 2018,pt wiki (electionresources),0,0.0,0.0,https://en.wikipedia.org/wiki/Cabinet_of_Dilma_Rousseff
54,2011-02-01,CD,PHS,Podemos,2.0,0.003898635477582846,,6.96,,right,0,0,election,https://pt.wikipedia.org/wiki/Elei%C3%A7%C3%B5es_parlamentares_no_Brasil_em_2010,no BLS score; Bolognesi 2018,pt wiki (electionresources),0,0.0,0.0,https://en.wikipedia.org/wiki/Cabinet_of_Dilma_Rousseff
54,2011-02-01,CD,PRTB,PRTB,2.0,0.003898635477582846,,7.45,,right,0,0,election,https://pt.wikipedia.org/wiki/Elei%C3%A7%C3%B5es_parlamentares_no_Brasil_em_2010,no BLS score; Bolognesi 2018,pt wiki (electionresources),0,0.0,0.0,https://en.wikipedia.org/wiki/Cabinet_of_Dilma_Rousseff
54,2011-02-01,CD,PRP,Patriota,2.0,0.003898635477582846,,7.59,,right,0,0,election,https://pt.wikipedia.org/wiki/Elei%C3%A7%C3%B5es_parlamentares_no_Brasil_em_2010,no BLS score; Bolognesi 2018,pt wiki (electionresources),0,0.0,0.0,https://en.wikipedia.org/wiki/Cabinet_of_Dilma_Rousseff
54,2011-02-01,CD,PSL,União,1.0,0.001949317738791423,9.017,8.11,right,right,0,0,election,https://pt.wikipedia.org/wiki/Elei%C3%A7%C3%B5es_parlamentares_no_Brasil_em_2010,BLS wave 2021; Bolognesi 2018,pt wiki (electionresources),0,0.0,0.0,https://en.wikipedia.org/wiki/Cabinet_of_Dilma_Rousseff
54,2011-02-01,CD,PTC,Agir,1.0,0.001949317738791423,,7.86,,right,0,0,election,https://pt.wikipedia.org/wiki/Elei%C3%A7%C3%B5es_parlamentares_no_Brasil_em_2010,no BLS score; Bolognesi 2018,pt wiki (electionresources),0,0.0,0.0,https://en.wikipedia.org/wiki/Cabinet_of_Dilma_Rousseff
54,2011-02-01,SF,PMDB,MDB,19.0,0.2345679012345679,5.2700000000000005,7.01,centre,right,0,1,start of legislature,https://legis.senado.leg.br/dadosabertos/senador/lista/legislatura/54 (+ /senador/{cod}/filiacoes),BLS wave 2009; Bolognesi 2018,"seats_start = senators in exercise on 2011-02-01 by Senate open-data API, party = affiliation on that date (historical labels); elected_that_year = seats won in 2010 per en-wiki (Nohlen/TSE) | en-wiki post-election Total column (affiliation at election time, differs from 1 Feb): PMDB 19, PT 15, PSDB 11, DEM 6, PTB 6, PP 5, PR 4, PDT 4, PSB 3, PCdoB 2, PSOL 2, PPS 1, PRB 1, PSC 1, PMN 1",0,1.0,1.0,https://en.wikipedia.org/wiki/Cabinet_of_Dilma_Rousseff
54,2011-02-01,SF,PT,PT,15.0,0.18518518518518517,2.3275,2.97,left,left,0,0,start of legislature,https://legis.senado.leg.br/dadosabertos/senador/lista/legislatura/54 (+ /senador/{cod}/filiacoes),BLS wave 2009; Bolognesi 2018,"seats_start = senators in exercise on 2011-02-01 by Senate open-data API, party = affiliation on that date (historical labels); elected_that_year = seats won in 2010 per en-wiki (Nohlen/TSE)",1,1.0,1.0,https://en.wikipedia.org/wiki/Cabinet_of_Dilma_Rousseff
54,2011-02-01,SF,PSDB,PSDB,10.0,0.12345679012345678,5.4375,7.11,centre,right,0,0,start of legislature,https://legis.senado.leg.br/dadosabertos/senador/lista/legislatura/54 (+ /senador/{cod}/filiacoes),BLS wave 2009; Bolognesi 2018,"seats_start = senators in exercise on 2011-02-01 by Senate open-data API, party = affiliation on that date (historical labels); elected_that_year = seats won in 2010 per en-wiki (Nohlen/TSE)",0,0.0,0.0,https://en.wikipedia.org/wiki/Cabinet_of_Dilma_Rousseff
54,2011-02-01,SF,PTB,PRD,7.0,0.08641975308641975,6.3805,6.1,right,right,1,1,start of legislature,https://legis.senado.leg.br/dadosabertos/senador/lista/legislatura/54 (+ /senador/{cod}/filiacoes),BLS wave 2009; Bolognesi 2018,"seats_start = senators in exercise on 2011-02-01 by Senate open-data API, party = affiliation on that date (historical labels); elected_that_year = seats won in 2010 per en-wiki (Nohlen/TSE)",0,0.0,0.0,https://en.wikipedia.org/wiki/Cabinet_of_Dilma_Rousseff
54,2011-02-01,SF,PP,PP,5.0,0.06172839506172839,7.6395,8.2,right,right,1,1,start of legislature,https://legis.senado.leg.br/dadosabertos/senador/lista/legislatura/54 (+ /senador/{cod}/filiacoes),BLS wave 2009; Bolognesi 2018,"seats_start = senators in exercise on 2011-02-01 by Senate open-data API, party = affiliation on that date (historical labels); elected_that_year = seats won in 2010 per en-wiki (Nohlen/TSE)",0,1.0,1.0,https://en.wikipedia.org/wiki/Cabinet_of_Dilma_Rousseff
54,2011-02-01,SF,PR,PL,5.0,0.06172839506172839,6.638999999999999,7.78,right,right,1,1,start of legislature,https://legis.senado.leg.br/dadosabertos/senador/lista/legislatura/54 (+ /senador/{cod}/filiacoes),BLS wave 2009; Bolognesi 2018,"seats_start = senators in exercise on 2011-02-01 by Senate open-data API, party = affiliation on that date (historical labels); elected_that_year = seats won in 2010 per en-wiki (Nohlen/TSE)",0,1.0,1.0,https://en.wikipedia.org/wiki/Cabinet_of_Dilma_Rousseff
54,2011-02-01,SF,DEM,União,5.0,0.06172839506172839,8.176,8.57,right,right,0,1,start of legislature,https://legis.senado.leg.br/dadosabertos/senador/lista/legislatura/54 (+ /senador/{cod}/filiacoes),BLS wave 2009; Bolognesi 2018,"seats_start = senators in exercise on 2011-02-01 by Senate open-data API, party = affiliation on that date (historical labels); elected_that_year = seats won in 2010 per en-wiki (Nohlen/TSE)",0,0.0,0.0,https://en.wikipedia.org/wiki/Cabinet_of_Dilma_Rousseff
54,2011-02-01,SF,PDT,PDT,4.0,0.04938271604938271,3.1279999999999997,3.92,left,left,0,0,start of legislature,https://legis.senado.leg.br/dadosabertos/senador/lista/legislatura/54 (+ /senador/{cod}/filiacoes),BLS wave 2009; Bolognesi 2018,"seats_start = senators in exercise on 2011-02-01 by Senate open-data API, party = affiliation on that date (historical labels); elected_that_year = seats won in 2010 per en-wiki (Nohlen/TSE)",0,1.0,1.0,https://en.wikipedia.org/wiki/Cabinet_of_Dilma_Rousseff
54,2011-02-01,SF,PSB,PSB,3.0,0.037037037037037035,2.5485,4.05,left,centre,0,0,start of legislature,https://legis.senado.leg.br/dadosabertos/senador/lista/legislatura/54 (+ /senador/{cod}/filiacoes),BLS wave 2009; Bolognesi 2018,"seats_start = senators in exercise on 2011-02-01 by Senate open-data API, party = affiliation on that date (historical labels); elected_that_year = seats won in 2010 per en-wiki (Nohlen/TSE)",0,1.0,0.0,https://en.wikipedia.org/wiki/Cabinet_of_Dilma_Rousseff
54,2011-02-01,SF,PSOL,PSOL,2.0,0.024691358024691357,0.2084999999999998,1.28,left,left,0,0,start of legislature,https://legis.senado.leg.br/dadosabertos/senador/lista/legislatura/54 (+ /senador/{cod}/filiacoes),BLS wave 2009; Bolognesi 2018,"seats_start = senators in exercise on 2011-02-01 by Senate open-data API, party = affiliation on that date (historical labels); elected_that_year = seats won in 2010 per en-wiki (Nohlen/TSE)",0,0.0,0.0,https://en.wikipedia.org/wiki/Cabinet_of_Dilma_Rousseff
54,2011-02-01,SF,PCdoB,PCdoB,2.0,0.024691358024691357,1.341,1.92,left,left,0,0,start of legislature,https://legis.senado.leg.br/dadosabertos/senador/lista/legislatura/54 (+ /senador/{cod}/filiacoes),BLS wave 2009; Bolognesi 2018,"seats_start = senators in exercise on 2011-02-01 by Senate open-data API, party = affiliation on that date (historical labels); elected_that_year = seats won in 2010 per en-wiki (Nohlen/TSE)",0,1.0,1.0,https://en.wikipedia.org/wiki/Cabinet_of_Dilma_Rousseff
54,2011-02-01,SF,PMN,PMN,1.0,0.012345679012345678,,6.88,,right,0,0,start of legislature,https://legis.senado.leg.br/dadosabertos/senador/lista/legislatura/54 (+ /senador/{cod}/filiacoes),no BLS score; Bolognesi 2018,"seats_start = senators in exercise on 2011-02-01 by Senate open-data API, party = affiliation on that date (historical labels); elected_that_year = seats won in 2010 per en-wiki (Nohlen/TSE)",0,0.0,0.0,https://en.wikipedia.org/wiki/Cabinet_of_Dilma_Rousseff
54,2011-02-01,SF,PPS,Cidadania,1.0,0.012345679012345678,4.047,4.92,centre,centre,0,0,start of legislature,https://legis.senado.leg.br/dadosabertos/senador/lista/legislatura/54 (+ /senador/{cod}/filiacoes),BLS wave 2009; Bolognesi 2018,"seats_start = senators in exercise on 2011-02-01 by Senate open-data API, party = affiliation on that date (historical labels); elected_that_year = seats won in 2010 per en-wiki (Nohlen/TSE)",0,0.0,0.0,https://en.wikipedia.org/wiki/Cabinet_of_Dilma_Rousseff
54,2011-02-01,SF,PRB,Republicanos,1.0,0.012345679012345678,7.122999999999999,7.78,right,right,1,1,start of legislature,https://legis.senado.leg.br/dadosabertos/senador/lista/legislatura/54 (+ /senador/{cod}/filiacoes),BLS wave 2017; Bolognesi 2018,"seats_start = senators in exercise on 2011-02-01 by Senate open-data API, party = affiliation on that date (historical labels); elected_that_year = seats won in 2010 per en-wiki (Nohlen/TSE)",0,0.0,1.0,https://en.wikipedia.org/wiki/Cabinet_of_Dilma_Rousseff
54,2011-02-01,SF,PSC,Podemos,1.0,0.012345679012345678,7.704500000000001,8.33,right,right,1,1,start of legislature,https://legis.senado.leg.br/dadosabertos/senador/lista/legislatura/54 (+ /senador/{cod}/filiacoes),BLS wave 2017; Bolognesi 2018,"seats_start = senators in exercise on 2011-02-01 by Senate open-data API, party = affiliation on that date (historical labels); elected_that_year = seats won in 2010 per en-wiki (Nohlen/TSE)",0,0.0,0.0,https://en.wikipedia.org/wiki/Cabinet_of_Dilma_Rousseff
55,2015-02-01,CD,PT,PT,69.0,0.13450292397660818,2.342,2.97,left,left,0,0,election,https://pt.wikipedia.org/wiki/Elei%C3%A7%C3%B5es_parlamentares_no_Brasil_em_2014,BLS wave 2013; Bolognesi 2018,pt wiki = en wiki (electionresources),1,1.0,1.0,https://en.wikipedia.org/wiki/Cabinet_of_Michel_Temer
55,2015-02-01,CD,PMDB,MDB,66.0,0.1286549707602339,5.8965,7.01,centre,right,0,1,election,https://pt.wikipedia.org/wiki/Elei%C3%A7%C3%B5es_parlamentares_no_Brasil_em_2014,BLS wave 2013; Bolognesi 2018,pt wiki = en wiki (electionresources); TSE open data (current status) 65,1,1.0,0.0,https://en.wikipedia.org/wiki/Cabinet_of_Michel_Temer
55,2015-02-01,CD,PSDB,PSDB,54.0,0.10526315789473684,6.096,7.11,right,right,0,0,election,https://pt.wikipedia.org/wiki/Elei%C3%A7%C3%B5es_parlamentares_no_Brasil_em_2014,BLS wave 2013; Bolognesi 2018,pt wiki = en wiki (electionresources),0,0.0,0.0,https://en.wikipedia.org/wiki/Cabinet_of_Michel_Temer
55,2015-02-01,CD,PP,PP,38.0,0.07407407407407407,8.0495,8.2,right,right,1,1,election,https://pt.wikipedia.org/wiki/Elei%C3%A7%C3%B5es_parlamentares_no_Brasil_em_2014,BLS wave 2013; Bolognesi 2018,pt wiki = en wiki (electionresources),0,1.0,0.0,https://en.wikipedia.org/wiki/Cabinet_of_Michel_Temer
55,2015-02-01,CD,PSD,PSD,36.0,0.07017543859649122,6.8655,7.09,right,right,1,1,election,https://pt.wikipedia.org/wiki/Elei%C3%A7%C3%B5es_parlamentares_no_Brasil_em_2014,BLS wave 2013; Bolognesi 2018,pt wiki = en wiki (electionresources),0,1.0,0.0,https://en.wikipedia.org/wiki/Cabinet_of_Michel_Temer
55,2015-02-01,CD,PR,PL,34.0,0.06627680311890838,7.0445,7.78,right,right,1,1,election,https://pt.wikipedia.org/wiki/Elei%C3%A7%C3%B5es_parlamentares_no_Brasil_em_2014,BLS wave 2013; Bolognesi 2018,pt wiki = en wiki (electionresources),0,1.0,0.0,https://en.wikipedia.org/wiki/Cabinet_of_Michel_Temer
55,2015-02-01,CD,PSB,PSB,34.0,0.06627680311890838,2.859,4.05,left,centre,0,0,election,https://pt.wikipedia.org/wiki/Elei%C3%A7%C3%B5es_parlamentares_no_Brasil_em_2014,BLS wave 2013; Bolognesi 2018,pt wiki = en wiki (electionresources),0,0.0,0.0,https://en.wikipedia.org/wiki/Cabinet_of_Michel_Temer
55,2015-02-01,CD,PTB,PRD,25.0,0.04873294346978557,6.614,6.1,right,right,1,1,election,https://pt.wikipedia.org/wiki/Elei%C3%A7%C3%B5es_parlamentares_no_Brasil_em_2014,BLS wave 2013; Bolognesi 2018,pt wiki = en wiki (electionresources),0,0.0,0.0,https://en.wikipedia.org/wiki/Cabinet_of_Michel_Temer
55,2015-02-01,CD,PRB,Republicanos,21.0,0.04093567251461988,7.122999999999999,7.78,right,right,1,1,election,https://pt.wikipedia.org/wiki/Elei%C3%A7%C3%B5es_parlamentares_no_Brasil_em_2014,BLS wave 2017; Bolognesi 2018,pt wiki = en wiki (electionresources),0,1.0,0.0,https://en.wikipedia.org/wiki/Cabinet_of_Michel_Temer
55,2015-02-01,CD,DEM,União,21.0,0.04093567251461988,8.965499999999999,8.57,right,right,0,1,election,https://pt.wikipedia.org/wiki/Elei%C3%A7%C3%B5es_parlamentares_no_Brasil_em_2014,BLS wave 2013; Bolognesi 2018,pt wiki = en wiki (electionresources),0,0.0,0.0,https://en.wikipedia.org/wiki/Cabinet_of_Michel_Temer
55,2015-02-01,CD,PDT,PDT,19.0,0.037037037037037035,3.3185,3.92,left,left,0,0,election,https://pt.wikipedia.org/wiki/Elei%C3%A7%C3%B5es_parlamentares_no_Brasil_em_2014,BLS wave 2013; Bolognesi 2018,pt wiki = en wiki (electionresources); TSE open data 20,0,1.0,1.0,https://en.wikipedia.org/wiki/Cabinet_of_Michel_Temer
55,2015-02-01,CD,Solidariedade,Solidariedade,15.0,0.029239766081871343,5.7669999999999995,6.5,centre,right,1,1,election,https://pt.wikipedia.org/wiki/Elei%C3%A7%C3%B5es_parlamentares_no_Brasil_em_2014,BLS wave 2017; Bolognesi 2018,pt wiki = en wiki (electionresources),0,0.0,0.0,https://en.wikipedia.org/wiki/Cabinet_of_Michel_Temer
55,2015-02-01,CD,PSC,Podemos,13.0,0.025341130604288498,7.704500000000001,8.33,right,right,1,1,election,https://pt.wikipedia.org/wiki/Elei%C3%A7%C3%B5es_parlamentares_no_Brasil_em_2014,BLS wave 2017; Bolognesi 2018,pt wiki = en wiki (electionresources),0,0.0,0.0,https://en.wikipedia.org/wiki/Cabinet_of_Michel_Temer
55,2015-02-01,CD,PROS,Solidariedade,11.0,0.021442495126705652,5.1,7.47,centre,right,1,1,election,https://pt.wikipedia.org/wiki/Elei%C3%A7%C3%B5es_parlamentares_no_Brasil_em_2014,BLS wave 2017; Bolognesi 2018,pt wiki = en wiki (electionresources),0,1.0,0.0,https://en.wikipedia.org/wiki/Cabinet_of_Michel_Temer
55,2015-02-01,CD,PPS,Cidadania,10.0,0.01949317738791423,3.915,4.92,left,centre,0,0,election,https://pt.wikipedia.org/wiki/Elei%C3%A7%C3%B5es_parlamentares_no_Brasil_em_2014,BLS wave 2013; Bolognesi 2018,pt wiki = en wiki (electionresources),0,0.0,0.0,https://en.wikipedia.org/wiki/Cabinet_of_Michel_Temer
55,2015-02-01,CD,PCdoB,PCdoB,10.0,0.01949317738791423,1.28,1.92,left,left,0,0,election,https://pt.wikipedia.org/wiki/Elei%C3%A7%C3%B5es_parlamentares_no_Brasil_em_2014,BLS wave 2013; Bolognesi 2018,pt wiki = en wiki (electionresources),0,1.0,1.0,https://en.wikipedia.org/wiki/Cabinet_of_Michel_Temer
55,2015-02-01,CD,PV,PV,8.0,0.015594541910331383,3.8505000000000003,5.29,left,centre,0,0,election,https://pt.wikipedia.org/wiki/Elei%C3%A7%C3%B5es_parlamentares_no_Brasil_em_2014,BLS wave 2013; Bolognesi 2018,pt wiki = en wiki (electionresources),0,0.0,0.0,https://en.wikipedia.org/wiki/Cabinet_of_Michel_Temer
55,2015-02-01,CD,PSOL,PSOL,5.0,0.009746588693957114,0.16249999999999987,1.28,left,left,0,0,election,https://pt.wikipedia.org/wiki/Elei%C3%A7%C3%B5es_parlamentares_no_Brasil_em_2014,BLS wave 2013; Bolognesi 2018,pt wiki = en wiki (electionresources),0,0.0,0.0,https://en.wikipedia.org/wiki/Cabinet_of_Michel_Temer
55,2015-02-01,CD,PHS,Podemos,5.0,0.009746588693957114,,6.96,,right,0,0,election,https://pt.wikipedia.org/wiki/Elei%C3%A7%C3%B5es_parlamentares_no_Brasil_em_2014,no BLS score; Bolognesi 2018,pt wiki = en wiki (electionresources),0,0.0,0.0,https://en.wikipedia.org/wiki/Cabinet_of_Michel_Temer
55,2015-02-01,CD,PTN,Podemos,4.0,0.007797270955165692,6.3454999999999995,7.24,right,right,1,1,election,https://pt.wikipedia.org/wiki/Elei%C3%A7%C3%B5es_parlamentares_no_Brasil_em_2014,BLS wave 2017; Bolognesi 2018,pt wiki = en wiki (electionresources),0,0.0,0.0,https://en.wikipedia.org/wiki/Cabinet_of_Michel_Temer
55,2015-02-01,CD,PMN,PMN,3.0,0.005847953216374269,,6.88,,right,0,0,election,https://pt.wikipedia.org/wiki/Elei%C3%A7%C3%B5es_parlamentares_no_Brasil_em_2014,no BLS score; Bolognesi 2018,pt wiki = en wiki (electionresources),0,0.0,0.0,https://en.wikipedia.org/wiki/Cabinet_of_Michel_Temer
55,2015-02-01,CD,PRP,Patriota,3.0,0.005847953216374269,,7.59,,right,0,0,election,https://pt.wikipedia.org/wiki/Elei%C3%A7%C3%B5es_parlamentares_no_Brasil_em_2014,no BLS score; Bolognesi 2018,pt wiki = en wiki (electionresources),0,0.0,0.0,https://en.wikipedia.org/wiki/Cabinet_of_Michel_Temer
55,2015-02-01,CD,PTC,Agir,2.0,0.003898635477582846,,7.86,,right,0,0,election,https://pt.wikipedia.org/wiki/Elei%C3%A7%C3%B5es_parlamentares_no_Brasil_em_2014,no BLS score; Bolognesi 2018,pt wiki = en wiki (electionresources),0,0.0,0.0,https://en.wikipedia.org/wiki/Cabinet_of_Michel_Temer
55,2015-02-01,CD,PEN,PRD,2.0,0.003898635477582846,,8.55,,right,0,0,election,https://pt.wikipedia.org/wiki/Elei%C3%A7%C3%B5es_parlamentares_no_Brasil_em_2014,no BLS score; Bolognesi 2018,pt wiki = en wiki (electionresources); PEN renamed Patriota 2017,0,0.0,0.0,https://en.wikipedia.org/wiki/Cabinet_of_Michel_Temer
55,2015-02-01,CD,PSDC,DC,2.0,0.003898635477582846,,8.11,,right,0,0,election,https://pt.wikipedia.org/wiki/Elei%C3%A7%C3%B5es_parlamentares_no_Brasil_em_2014,no BLS score; Bolognesi 2018,pt wiki = en wiki (electionresources),0,0.0,0.0,https://en.wikipedia.org/wiki/Cabinet_of_Michel_Temer
55,2015-02-01,CD,PTdoB,Avante,1.0,0.001949317738791423,,6.32,,right,1,1,election,https://pt.wikipedia.org/wiki/Elei%C3%A7%C3%B5es_parlamentares_no_Brasil_em_2014,no BLS score; Bolognesi 2018,pt wiki = en wiki (electionresources),0,0.0,0.0,https://en.wikipedia.org/wiki/Cabinet_of_Michel_Temer
55,2015-02-01,CD,PSL,União,1.0,0.001949317738791423,9.017,8.11,right,right,0,0,election,https://pt.wikipedia.org/wiki/Elei%C3%A7%C3%B5es_parlamentares_no_Brasil_em_2014,BLS wave 2021; Bolognesi 2018,pt wiki = en wiki (electionresources),0,0.0,0.0,https://en.wikipedia.org/wiki/Cabinet_of_Michel_Temer
55,2015-02-01,CD,PRTB,PRTB,1.0,0.001949317738791423,,7.45,,right,0,0,election,https://pt.wikipedia.org/wiki/Elei%C3%A7%C3%B5es_parlamentares_no_Brasil_em_2014,no BLS score; Bolognesi 2018,pt wiki = en wiki (electionresources),0,0.0,0.0,https://en.wikipedia.org/wiki/Cabinet_of_Michel_Temer
55,2015-02-01,SF,PMDB,MDB,19.0,0.2345679012345679,5.8965,7.01,centre,right,0,1,start of legislature,https://legis.senado.leg.br/dadosabertos/senador/lista/legislatura/55 (+ /senador/{cod}/filiacoes),BLS wave 2013; Bolognesi 2018,"seats_start = senators in exercise on 2015-02-01 by Senate open-data API, party = affiliation on that date (historical labels); elected_that_year = seats won in 2014 per en-wiki (Nohlen/TSE) | corrections: Wilder Morais (GO) -> DEM: API lacks exercise record; suplente of Demóstenes Torres since 2012; DEM 2011-02-03..2015-09-14 per Senate filiacoes | en-wiki post-election Total column (affiliation at election time, differs from 1 Feb): PMDB 18, PT 12, PSDB 10, PDT 8, PSB 7, DEM 5, PP 5, PR 4, PSD 3, PTB 3, PROS 1, PSOL 1, PCdoB 1, PV 1, SD 1, PRB 1",1,1.0,0.0,https://en.wikipedia.org/wiki/Cabinet_of_Michel_Temer
55,2015-02-01,SF,PT,PT,13.0,0.16049382716049382,2.342,2.97,left,left,0,0,start of legislature,https://legis.senado.leg.br/dadosabertos/senador/lista/legislatura/55 (+ /senador/{cod}/filiacoes),BLS wave 2013; Bolognesi 2018,"seats_start = senators in exercise on 2015-02-01 by Senate open-data API, party = affiliation on that date (historical labels); elected_that_year = seats won in 2014 per en-wiki (Nohlen/TSE)",1,1.0,1.0,https://en.wikipedia.org/wiki/Cabinet_of_Michel_Temer
55,2015-02-01,SF,PSDB,PSDB,11.0,0.13580246913580246,6.096,7.11,right,right,0,0,start of legislature,https://legis.senado.leg.br/dadosabertos/senador/lista/legislatura/55 (+ /senador/{cod}/filiacoes),BLS wave 2013; Bolognesi 2018,"seats_start = senators in exercise on 2015-02-01 by Senate open-data API, party = affiliation on that date (historical labels); elected_that_year = seats won in 2014 per en-wiki (Nohlen/TSE)",0,0.0,0.0,https://en.wikipedia.org/wiki/Cabinet_of_Michel_Temer
55,2015-02-01,SF,PDT,PDT,6.0,0.07407407407407407,3.3185,3.92,left,left,0,0,start of legislature,https://legis.senado.leg.br/dadosabertos/senador/lista/legislatura/55 (+ /senador/{cod}/filiacoes),BLS wave 2013; Bolognesi 2018,"seats_start = senators in exercise on 2015-02-01 by Senate open-data API, party = affiliation on that date (historical labels); elected_that_year = seats won in 2014 per en-wiki (Nohlen/TSE)",0,1.0,1.0,https://en.wikipedia.org/wiki/Cabinet_of_Michel_Temer
55,2015-02-01,SF,PSB,PSB,6.0,0.07407407407407407,2.859,4.05,left,centre,0,0,start of legislature,https://legis.senado.leg.br/dadosabertos/senador/lista/legislatura/55 (+ /senador/{cod}/filiacoes),BLS wave 2013; Bolognesi 2018,"seats_start = senators in exercise on 2015-02-01 by Senate open-data API, party = affiliation on that date (historical labels); elected_that_year = seats won in 2014 per en-wiki (Nohlen/TSE)",0,0.0,0.0,https://en.wikipedia.org/wiki/Cabinet_of_Michel_Temer
55,2015-02-01,SF,DEM,União,5.0,0.06172839506172839,8.965499999999999,8.57,right,right,0,1,start of legislature,https://legis.senado.leg.br/dadosabertos/senador/lista/legislatura/55 (+ /senador/{cod}/filiacoes),BLS wave 2013; Bolognesi 2018,"seats_start = senators in exercise on 2015-02-01 by Senate open-data API, party = affiliation on that date (historical labels); elected_that_year = seats won in 2014 per en-wiki (Nohlen/TSE)",0,0.0,0.0,https://en.wikipedia.org/wiki/Cabinet_of_Michel_Temer
55,2015-02-01,SF,PP,PP,5.0,0.06172839506172839,8.0495,8.2,right,right,1,1,start of legislature,https://legis.senado.leg.br/dadosabertos/senador/lista/legislatura/55 (+ /senador/{cod}/filiacoes),BLS wave 2013; Bolognesi 2018,"seats_start = senators in exercise on 2015-02-01 by Senate open-data API, party = affiliation on that date (historical labels); elected_that_year = seats won in 2014 per en-wiki (Nohlen/TSE)",0,1.0,0.0,https://en.wikipedia.org/wiki/Cabinet_of_Michel_Temer
55,2015-02-01,SF,PSD,PSD,4.0,0.04938271604938271,6.8655,7.09,right,right,1,1,start of legislature,https://legis.senado.leg.br/dadosabertos/senador/lista/legislatura/55 (+ /senador/{cod}/filiacoes),BLS wave 2013; Bolognesi 2018,"seats_start = senators in exercise on 2015-02-01 by Senate open-data API, party = affiliation on that date (historical labels); elected_that_year = seats won in 2014 per en-wiki (Nohlen/TSE)",0,1.0,0.0,https://en.wikipedia.org/wiki/Cabinet_of_Michel_Temer
55,2015-02-01,SF,PR,PL,4.0,0.04938271604938271,7.0445,7.78,right,right,1,1,start of legislature,https://legis.senado.leg.br/dadosabertos/senador/lista/legislatura/55 (+ /senador/{cod}/filiacoes),BLS wave 2013; Bolognesi 2018,"seats_start = senators in exercise on 2015-02-01 by Senate open-data API, party = affiliation on that date (historical labels); elected_that_year = seats won in 2014 per en-wiki (Nohlen/TSE)",0,1.0,0.0,https://en.wikipedia.org/wiki/Cabinet_of_Michel_Temer
55,2015-02-01,SF,PTB,PRD,3.0,0.037037037037037035,6.614,6.1,right,right,1,1,start of legislature,https://legis.senado.leg.br/dadosabertos/senador/lista/legislatura/55 (+ /senador/{cod}/filiacoes),BLS wave 2013; Bolognesi 2018,"seats_start = senators in exercise on 2015-02-01 by Senate open-data API, party = affiliation on that date (historical labels); elected_that_year = seats won in 2014 per en-wiki (Nohlen/TSE)",0,0.0,0.0,https://en.wikipedia.org/wiki/Cabinet_of_Michel_Temer
55,2015-02-01,SF,PCdoB,PCdoB,1.0,0.012345679012345678,1.28,1.92,left,left,0,0,start of legislature,https://legis.senado.leg.br/dadosabertos/senador/lista/legislatura/55 (+ /senador/{cod}/filiacoes),BLS wave 2013; Bolognesi 2018,"seats_start = senators in exercise on 2015-02-01 by Senate open-data API, party = affiliation on that date (historical labels); elected_that_year = seats won in 2014 per en-wiki (Nohlen/TSE)",0,1.0,1.0,https://en.wikipedia.org/wiki/Cabinet_of_Michel_Temer
55,2015-02-01,SF,PPS,Cidadania,1.0,0.012345679012345678,3.915,4.92,left,centre,0,0,start of legislature,https://legis.senado.leg.br/dadosabertos/senador/lista/legislatura/55 (+ /senador/{cod}/filiacoes),BLS wave 2013; Bolognesi 2018,"seats_start = senators in exercise on 2015-02-01 by Senate open-data API, party = affiliation on that date (historical labels); elected_that_year = seats won in 2014 per en-wiki (Nohlen/TSE)",0,0.0,0.0,https://en.wikipedia.org/wiki/Cabinet_of_Michel_Temer
55,2015-02-01,SF,PRB,Republicanos,1.0,0.012345679012345678,7.122999999999999,7.78,right,right,1,1,start of legislature,https://legis.senado.leg.br/dadosabertos/senador/lista/legislatura/55 (+ /senador/{cod}/filiacoes),BLS wave 2017; Bolognesi 2018,"seats_start = senators in exercise on 2015-02-01 by Senate open-data API, party = affiliation on that date (historical labels); elected_that_year = seats won in 2014 per en-wiki (Nohlen/TSE)",0,1.0,0.0,https://en.wikipedia.org/wiki/Cabinet_of_Michel_Temer
55,2015-02-01,SF,PSC,Podemos,1.0,0.012345679012345678,7.704500000000001,8.33,right,right,1,1,start of legislature,https://legis.senado.leg.br/dadosabertos/senador/lista/legislatura/55 (+ /senador/{cod}/filiacoes),BLS wave 2017; Bolognesi 2018,"seats_start = senators in exercise on 2015-02-01 by Senate open-data API, party = affiliation on that date (historical labels); elected_that_year = seats won in 2014 per en-wiki (Nohlen/TSE)",0,0.0,0.0,https://en.wikipedia.org/wiki/Cabinet_of_Michel_Temer
55,2015-02-01,SF,PSOL,PSOL,1.0,0.012345679012345678,0.16249999999999987,1.28,left,left,0,0,start of legislature,https://legis.senado.leg.br/dadosabertos/senador/lista/legislatura/55 (+ /senador/{cod}/filiacoes),BLS wave 2013; Bolognesi 2018,"seats_start = senators in exercise on 2015-02-01 by Senate open-data API, party = affiliation on that date (historical labels); elected_that_year = seats won in 2014 per en-wiki (Nohlen/TSE)",0,0.0,0.0,https://en.wikipedia.org/wiki/Cabinet_of_Michel_Temer
56,2019-02-01,CD,PT,PT,56.0,0.10916179337231968,1.6604999999999999,2.97,left,left,0,0,election,https://pt.wikipedia.org/wiki/Elei%C3%A7%C3%B5es_parlamentares_no_Brasil_em_2018,BLS wave 2017; Bolognesi 2018,pt wiki = TSE open data (consulta_cand_2018 elected),0,0.0,0.0,https://en.wikipedia.org/wiki/Cabinet_of_Jair_Bolsonaro
56,2019-02-01,CD,PSL,União,52.0,0.10136452241715399,9.017,8.11,right,right,0,0,election,https://pt.wikipedia.org/wiki/Elei%C3%A7%C3%B5es_parlamentares_no_Brasil_em_2018,BLS wave 2021; Bolognesi 2018,pt wiki = TSE open data (consulta_cand_2018 elected),1,1.0,1.0,https://en.wikipedia.org/wiki/Cabinet_of_Jair_Bolsonaro
56,2019-02-01,CD,PP,PP,37.0,0.07212475633528265,7.8825,8.2,right,right,1,1,election,https://pt.wikipedia.org/wiki/Elei%C3%A7%C3%B5es_parlamentares_no_Brasil_em_2018,BLS wave 2017; Bolognesi 2018,pt wiki = TSE open data (consulta_cand_2018 elected),0,0.0,1.0,https://en.wikipedia.org/wiki/Cabinet_of_Jair_Bolsonaro
56,2019-02-01,CD,PSD,PSD,35.0,0.0682261208576998,6.9955,7.09,right,right,1,1,election,https://pt.wikipedia.org/wiki/Elei%C3%A7%C3%B5es_parlamentares_no_Brasil_em_2018,BLS wave 2017; Bolognesi 2018,"pt wiki = TSE open data (consulta_cand_2018 elected); en wiki (electionresources, election night) gives 34",0,0.0,0.0,https://en.wikipedia.org/wiki/Cabinet_of_Jair_Bolsonaro
56,2019-02-01,CD,MDB,MDB,34.0,0.06627680311890838,6.927,7.01,right,right,0,1,election,https://pt.wikipedia.org/wiki/Elei%C3%A7%C3%B5es_parlamentares_no_Brasil_em_2018,BLS wave 2017; Bolognesi 2018,pt wiki = TSE open data (consulta_cand_2018 elected),0,0.0,0.0,https://en.wikipedia.org/wiki/Cabinet_of_Jair_Bolsonaro
56,2019-02-01,CD,PR,PL,33.0,0.06432748538011696,7.1715,7.78,right,right,1,1,election,https://pt.wikipedia.org/wiki/Elei%C3%A7%C3%B5es_parlamentares_no_Brasil_em_2018,BLS wave 2017; Bolognesi 2018,pt wiki = TSE open data (consulta_cand_2018 elected),0,0.0,0.0,https://en.wikipedia.org/wiki/Cabinet_of_Jair_Bolsonaro
56,2019-02-01,CD,PSB,PSB,32.0,0.06237816764132553,4.147,4.05,centre,centre,0,0,election,https://pt.wikipedia.org/wiki/Elei%C3%A7%C3%B5es_parlamentares_no_Brasil_em_2018,BLS wave 2017; Bolognesi 2018,pt wiki = TSE open data (consulta_cand_2018 elected),0,0.0,0.0,https://en.wikipedia.org/wiki/Cabinet_of_Jair_Bolsonaro
56,2019-02-01,CD,PSDB,PSDB,30.0,0.05847953216374269,7.386,7.11,right,right,0,1,election,https://pt.wikipedia.org/wiki/Elei%C3%A7%C3%B5es_parlamentares_no_Brasil_em_2018,BLS wave 2017; Bolognesi 2018,pt wiki = TSE open data (consulta_cand_2018 elected); en wiki gives 29,0,0.0,0.0,https://en.wikipedia.org/wiki/Cabinet_of_Jair_Bolsonaro
56,2019-02-01,CD,PRB,Republicanos,29.0,0.056530214424951264,7.122999999999999,7.78,right,right,1,1,election,https://pt.wikipedia.org/wiki/Elei%C3%A7%C3%B5es_parlamentares_no_Brasil_em_2018,BLS wave 2017; Bolognesi 2018,pt wiki = TSE open data (consulta_cand_2018 elected); en wiki gives 30,0,0.0,0.0,https://en.wikipedia.org/wiki/Cabinet_of_Jair_Bolsonaro
56,2019-02-01,CD,DEM,União,29.0,0.056530214424951264,8.693,8.57,right,right,0,1,election,https://pt.wikipedia.org/wiki/Elei%C3%A7%C3%B5es_parlamentares_no_Brasil_em_2018,BLS wave 2017; Bolognesi 2018,pt wiki = TSE open data (consulta_cand_2018 elected),0,1.0,1.0,https://en.wikipedia.org/wiki/Cabinet_of_Jair_Bolsonaro
56,2019-02-01,CD,PDT,PDT,28.0,0.05458089668615984,2.9764999999999997,3.92,left,left,0,0,election,https://pt.wikipedia.org/wiki/Elei%C3%A7%C3%B5es_parlamentares_no_Brasil_em_2018,BLS wave 2017; Bolognesi 2018,pt wiki = TSE open data (consulta_cand_2018 elected),0,0.0,0.0,https://en.wikipedia.org/wiki/Cabinet_of_Jair_Bolsonaro
56,2019-02-01,CD,Solidariedade,Solidariedade,13.0,0.025341130604288498,5.7669999999999995,6.5,centre,right,1,1,election,https://pt.wikipedia.org/wiki/Elei%C3%A7%C3%B5es_parlamentares_no_Brasil_em_2018,BLS wave 2017; Bolognesi 2018,pt wiki = TSE open data (consulta_cand_2018 elected),0,0.0,0.0,https://en.wikipedia.org/wiki/Cabinet_of_Jair_Bolsonaro
56,2019-02-01,CD,Podemos,Podemos,11.0,0.021442495126705652,6.3454999999999995,7.24,right,right,1,1,election,https://pt.wikipedia.org/wiki/Elei%C3%A7%C3%B5es_parlamentares_no_Brasil_em_2018,BLS wave 2017; Bolognesi 2018,pt wiki = TSE open data (consulta_cand_2018 elected),0,0.0,0.0,https://en.wikipedia.org/wiki/Cabinet_of_Jair_Bolsonaro
56,2019-02-01,CD,PSOL,PSOL,10.0,0.01949317738791423,0.5085000000000001,1.28,left,left,0,0,election,https://pt.wikipedia.org/wiki/Elei%C3%A7%C3%B5es_parlamentares_no_Brasil_em_2018,BLS wave 2017; Bolognesi 2018,pt wiki = TSE open data (consulta_cand_2018 elected),0,0.0,0.0,https://en.wikipedia.org/wiki/Cabinet_of_Jair_Bolsonaro
56,2019-02-01,CD,PTB,PRD,10.0,0.01949317738791423,5.9879999999999995,6.1,centre,right,1,1,election,https://pt.wikipedia.org/wiki/Elei%C3%A7%C3%B5es_parlamentares_no_Brasil_em_2018,BLS wave 2017; Bolognesi 2018,pt wiki = TSE open data (consulta_cand_2018 elected),0,0.0,0.0,https://en.wikipedia.org/wiki/Cabinet_of_Jair_Bolsonaro
56,2019-02-01,CD,PCdoB,PCdoB,9.0,0.017543859649122806,1.3129999999999997,1.92,left,left,0,0,election,https://pt.wikipedia.org/wiki/Elei%C3%A7%C3%B5es_parlamentares_no_Brasil_em_2018,BLS wave 2017; Bolognesi 2018,pt wiki = TSE open data (consulta_cand_2018 elected),0,0.0,0.0,https://en.wikipedia.org/wiki/Cabinet_of_Jair_Bolsonaro
56,2019-02-01,CD,Novo,Novo,8.0,0.015594541910331383,8.5565,8.13,right,right,0,0,election,https://pt.wikipedia.org/wiki/Elei%C3%A7%C3%B5es_parlamentares_no_Brasil_em_2018,BLS wave 2021; Bolognesi 2018,pt wiki = TSE open data (consulta_cand_2018 elected),0,1.0,0.0,https://en.wikipedia.org/wiki/Cabinet_of_Jair_Bolsonaro
56,2019-02-01,CD,PROS,Solidariedade,8.0,0.015594541910331383,5.1,7.47,centre,right,1,1,election,https://pt.wikipedia.org/wiki/Elei%C3%A7%C3%B5es_parlamentares_no_Brasil_em_2018,BLS wave 2017; Bolognesi 2018,pt wiki = TSE open data (consulta_cand_2018 elected),0,0.0,0.0,https://en.wikipedia.org/wiki/Cabinet_of_Jair_Bolsonaro
56,2019-02-01,CD,PPS,Cidadania,8.0,0.015594541910331383,4.3575,4.92,centre,centre,0,0,election,https://pt.wikipedia.org/wiki/Elei%C3%A7%C3%B5es_parlamentares_no_Brasil_em_2018,BLS wave 2017; Bolognesi 2018,pt wiki = TSE open data (consulta_cand_2018 elected),0,0.0,0.0,https://en.wikipedia.org/wiki/Cabinet_of_Jair_Bolsonaro
56,2019-02-01,CD,Avante,Avante,7.0,0.01364522417153996,,6.32,,right,1,1,election,https://pt.wikipedia.org/wiki/Elei%C3%A7%C3%B5es_parlamentares_no_Brasil_em_2018,no BLS score; Bolognesi 2018,pt wiki = TSE open data (consulta_cand_2018 elected),0,0.0,0.0,https://en.wikipedia.org/wiki/Cabinet_of_Jair_Bolsonaro
56,2019-02-01,CD,PSC,Podemos,7.0,0.01364522417153996,7.704500000000001,8.33,right,right,1,1,election,https://pt.wikipedia.org/wiki/Elei%C3%A7%C3%B5es_parlamentares_no_Brasil_em_2018,BLS wave 2017; Bolognesi 2018,pt wiki = TSE open data (consulta_cand_2018 elected); en wiki gives 8,0,0.0,0.0,https://en.wikipedia.org/wiki/Cabinet_of_Jair_Bolsonaro
56,2019-02-01,CD,PHS,Podemos,6.0,0.011695906432748537,,6.96,,right,0,0,election,https://pt.wikipedia.org/wiki/Elei%C3%A7%C3%B5es_parlamentares_no_Brasil_em_2018,no BLS score; Bolognesi 2018,pt wiki = TSE open data (consulta_cand_2018 elected),0,0.0,0.0,https://en.wikipedia.org/wiki/Cabinet_of_Jair_Bolsonaro
56,2019-02-01,CD,Patriota,PRD,5.0,0.009746588693957114,,8.55,,right,0,0,election,https://pt.wikipedia.org/wiki/Elei%C3%A7%C3%B5es_parlamentares_no_Brasil_em_2018,no BLS score; Bolognesi 2018,pt wiki = TSE open data (consulta_cand_2018 elected),0,0.0,0.0,https://en.wikipedia.org/wiki/Cabinet_of_Jair_Bolsonaro
56,2019-02-01,CD,PV,PV,4.0,0.007797270955165692,4.656000000000001,5.29,centre,centre,0,0,election,https://pt.wikipedia.org/wiki/Elei%C3%A7%C3%B5es_parlamentares_no_Brasil_em_2018,BLS wave 2017; Bolognesi 2018,pt wiki = TSE open data (consulta_cand_2018 elected),0,0.0,0.0,https://en.wikipedia.org/wiki/Cabinet_of_Jair_Bolsonaro
56,2019-02-01,CD,PRP,Patriota,4.0,0.007797270955165692,,7.59,,right,0,0,election,https://pt.wikipedia.org/wiki/Elei%C3%A7%C3%B5es_parlamentares_no_Brasil_em_2018,no BLS score; Bolognesi 2018,pt wiki = TSE open data (consulta_cand_2018 elected),0,0.0,0.0,https://en.wikipedia.org/wiki/Cabinet_of_Jair_Bolsonaro
56,2019-02-01,CD,PMN,PMN,3.0,0.005847953216374269,,6.88,,right,0,0,election,https://pt.wikipedia.org/wiki/Elei%C3%A7%C3%B5es_parlamentares_no_Brasil_em_2018,no BLS score; Bolognesi 2018,pt wiki = TSE open data (consulta_cand_2018 elected),0,0.0,0.0,https://en.wikipedia.org/wiki/Cabinet_of_Jair_Bolsonaro
56,2019-02-01,CD,PTC,Agir,2.0,0.003898635477582846,,7.86,,right,0,0,election,https://pt.wikipedia.org/wiki/Elei%C3%A7%C3%B5es_parlamentares_no_Brasil_em_2018,no BLS score; Bolognesi 2018,pt wiki = TSE open data (consulta_cand_2018 elected),0,0.0,0.0,https://en.wikipedia.org/wiki/Cabinet_of_Jair_Bolsonaro
56,2019-02-01,CD,Rede,Rede,1.0,0.001949317738791423,2.2255000000000003,4.77,left,centre,0,0,election,https://pt.wikipedia.org/wiki/Elei%C3%A7%C3%B5es_parlamentares_no_Brasil_em_2018,BLS wave 2017; Bolognesi 2018,pt wiki = TSE open data (consulta_cand_2018 elected),0,0.0,0.0,https://en.wikipedia.org/wiki/Cabinet_of_Jair_Bolsonaro
56,2019-02-01,CD,PPL,PCdoB,1.0,0.001949317738791423,,7.27,,right,0,0,election,https://pt.wikipedia.org/wiki/Elei%C3%A7%C3%B5es_parlamentares_no_Brasil_em_2018,no BLS score; Bolognesi 2018,pt wiki = TSE open data (consulta_cand_2018 elected),0,0.0,0.0,https://en.wikipedia.org/wiki/Cabinet_of_Jair_Bolsonaro
56,2019-02-01,CD,DC,DC,1.0,0.001949317738791423,,8.11,,right,0,0,election,https://pt.wikipedia.org/wiki/Elei%C3%A7%C3%B5es_parlamentares_no_Brasil_em_2018,no BLS score; Bolognesi 2018,pt wiki = TSE open data (consulta_cand_2018 elected),0,0.0,0.0,https://en.wikipedia.org/wiki/Cabinet_of_Jair_Bolsonaro
56,2019-02-01,SF,MDB,MDB,13.0,0.16049382716049382,6.927,7.01,right,right,0,1,start of legislature,https://legis.senado.leg.br/dadosabertos/senador/lista/legislatura/56 (+ /senador/{cod}/filiacoes),BLS wave 2017; Bolognesi 2018,"seats_start = senators in exercise on 2019-02-01 by Senate open-data API, party = affiliation on that date (historical labels); elected_that_year = seats won in 2018 per en-wiki (Nohlen/TSE) | corrections: Eduardo Girão (CE) set to PROS (API said PODE); Styvenson Valentim (RN) set to REDE (API said PODE) | en-wiki post-election Total column (affiliation at election time, differs from 1 Feb): MDB 12, PSDB 9, PSD 7, PT 6, DEM 6, PP 5, REDE 5, PODE 5, PSL 4, PDT 4, PTB 3, PSB 2, PHS 2, PR 2, PPS 2, PSC 1, SD 1, PRP 1, PRB 1, PROS 1, PTC 1, S/Partido 1",0,0.0,0.0,https://en.wikipedia.org/wiki/Cabinet_of_Jair_Bolsonaro
56,2019-02-01,SF,PSD,PSD,10.0,0.12345679012345678,6.9955,7.09,right,right,1,1,start of legislature,https://legis.senado.leg.br/dadosabertos/senador/lista/legislatura/56 (+ /senador/{cod}/filiacoes),BLS wave 2017; Bolognesi 2018,"seats_start = senators in exercise on 2019-02-01 by Senate open-data API, party = affiliation on that date (historical labels); elected_that_year = seats won in 2018 per en-wiki (Nohlen/TSE)",0,0.0,0.0,https://en.wikipedia.org/wiki/Cabinet_of_Jair_Bolsonaro
56,2019-02-01,SF,PSDB,PSDB,8.0,0.09876543209876543,7.386,7.11,right,right,0,1,start of legislature,https://legis.senado.leg.br/dadosabertos/senador/lista/legislatura/56 (+ /senador/{cod}/filiacoes),BLS wave 2017; Bolognesi 2018,"seats_start = senators in exercise on 2019-02-01 by Senate open-data API, party = affiliation on that date (historical labels); elected_that_year = seats won in 2018 per en-wiki (Nohlen/TSE)",0,0.0,0.0,https://en.wikipedia.org/wiki/Cabinet_of_Jair_Bolsonaro
56,2019-02-01,SF,PP,PP,6.0,0.07407407407407407,7.8825,8.2,right,right,1,1,start of legislature,https://legis.senado.leg.br/dadosabertos/senador/lista/legislatura/56 (+ /senador/{cod}/filiacoes),BLS wave 2017; Bolognesi 2018,"seats_start = senators in exercise on 2019-02-01 by Senate open-data API, party = affiliation on that date (historical labels); elected_that_year = seats won in 2018 per en-wiki (Nohlen/TSE)",0,0.0,1.0,https://en.wikipedia.org/wiki/Cabinet_of_Jair_Bolsonaro
56,2019-02-01,SF,DEM,União,6.0,0.07407407407407407,8.693,8.57,right,right,0,1,start of legislature,https://legis.senado.leg.br/dadosabertos/senador/lista/legislatura/56 (+ /senador/{cod}/filiacoes),BLS wave 2017; Bolognesi 2018,"seats_start = senators in exercise on 2019-02-01 by Senate open-data API, party = affiliation on that date (historical labels); elected_that_year = seats won in 2018 per en-wiki (Nohlen/TSE)",0,1.0,1.0,https://en.wikipedia.org/wiki/Cabinet_of_Jair_Bolsonaro
56,2019-02-01,SF,PT,PT,6.0,0.07407407407407407,1.6604999999999999,2.97,left,left,0,0,start of legislature,https://legis.senado.leg.br/dadosabertos/senador/lista/legislatura/56 (+ /senador/{cod}/filiacoes),BLS wave 2017; Bolognesi 2018,"seats_start = senators in exercise on 2019-02-01 by Senate open-data API, party = affiliation on that date (historical labels); elected_that_year = seats won in 2018 per en-wiki (Nohlen/TSE)",0,0.0,0.0,https://en.wikipedia.org/wiki/Cabinet_of_Jair_Bolsonaro
56,2019-02-01,SF,Podemos,Podemos,5.0,0.06172839506172839,6.3454999999999995,7.24,right,right,1,1,start of legislature,https://legis.senado.leg.br/dadosabertos/senador/lista/legislatura/56 (+ /senador/{cod}/filiacoes),BLS wave 2017; Bolognesi 2018,"seats_start = senators in exercise on 2019-02-01 by Senate open-data API, party = affiliation on that date (historical labels); elected_that_year = seats won in 2018 per en-wiki (Nohlen/TSE)",0,0.0,0.0,https://en.wikipedia.org/wiki/Cabinet_of_Jair_Bolsonaro
56,2019-02-01,SF,Rede,Rede,4.0,0.04938271604938271,2.2255000000000003,4.77,left,centre,0,0,start of legislature,https://legis.senado.leg.br/dadosabertos/senador/lista/legislatura/56 (+ /senador/{cod}/filiacoes),BLS wave 2017; Bolognesi 2018,"seats_start = senators in exercise on 2019-02-01 by Senate open-data API, party = affiliation on that date (historical labels); elected_that_year = seats won in 2018 per en-wiki (Nohlen/TSE)",0,0.0,0.0,https://en.wikipedia.org/wiki/Cabinet_of_Jair_Bolsonaro
56,2019-02-01,SF,PSL,União,4.0,0.04938271604938271,9.017,8.11,right,right,0,0,start of legislature,https://legis.senado.leg.br/dadosabertos/senador/lista/legislatura/56 (+ /senador/{cod}/filiacoes),BLS wave 2021; Bolognesi 2018,"seats_start = senators in exercise on 2019-02-01 by Senate open-data API, party = affiliation on that date (historical labels); elected_that_year = seats won in 2018 per en-wiki (Nohlen/TSE)",1,1.0,1.0,https://en.wikipedia.org/wiki/Cabinet_of_Jair_Bolsonaro
56,2019-02-01,SF,PDT,PDT,4.0,0.04938271604938271,2.9764999999999997,3.92,left,left,0,0,start of legislature,https://legis.senado.leg.br/dadosabertos/senador/lista/legislatura/56 (+ /senador/{cod}/filiacoes),BLS wave 2017; Bolognesi 2018,"seats_start = senators in exercise on 2019-02-01 by Senate open-data API, party = affiliation on that date (historical labels); elected_that_year = seats won in 2018 per en-wiki (Nohlen/TSE)",0,0.0,0.0,https://en.wikipedia.org/wiki/Cabinet_of_Jair_Bolsonaro
56,2019-02-01,SF,PROS,Solidariedade,4.0,0.04938271604938271,5.1,7.47,centre,right,1,1,start of legislature,https://legis.senado.leg.br/dadosabertos/senador/lista/legislatura/56 (+ /senador/{cod}/filiacoes),BLS wave 2017; Bolognesi 2018,"seats_start = senators in exercise on 2019-02-01 by Senate open-data API, party = affiliation on that date (historical labels); elected_that_year = seats won in 2018 per en-wiki (Nohlen/TSE)",0,0.0,0.0,https://en.wikipedia.org/wiki/Cabinet_of_Jair_Bolsonaro
56,2019-02-01,SF,PPS,Cidadania,3.0,0.037037037037037035,4.3575,4.92,centre,centre,0,0,start of legislature,https://legis.senado.leg.br/dadosabertos/senador/lista/legislatura/56 (+ /senador/{cod}/filiacoes),BLS wave 2017; Bolognesi 2018,"seats_start = senators in exercise on 2019-02-01 by Senate open-data API, party = affiliation on that date (historical labels); elected_that_year = seats won in 2018 per en-wiki (Nohlen/TSE)",0,0.0,0.0,https://en.wikipedia.org/wiki/Cabinet_of_Jair_Bolsonaro
56,2019-02-01,SF,PSB,PSB,3.0,0.037037037037037035,4.147,4.05,centre,centre,0,0,start of legislature,https://legis.senado.leg.br/dadosabertos/senador/lista/legislatura/56 (+ /senador/{cod}/filiacoes),BLS wave 2017; Bolognesi 2018,"seats_start = senators in exercise on 2019-02-01 by Senate open-data API, party = affiliation on that date (historical labels); elected_that_year = seats won in 2018 per en-wiki (Nohlen/TSE)",0,0.0,0.0,https://en.wikipedia.org/wiki/Cabinet_of_Jair_Bolsonaro
56,2019-02-01,SF,PR,PL,2.0,0.024691358024691357,7.1715,7.78,right,right,1,1,start of legislature,https://legis.senado.leg.br/dadosabertos/senador/lista/legislatura/56 (+ /senador/{cod}/filiacoes),BLS wave 2017; Bolognesi 2018,"seats_start = senators in exercise on 2019-02-01 by Senate open-data API, party = affiliation on that date (historical labels); elected_that_year = seats won in 2018 per en-wiki (Nohlen/TSE)",0,0.0,0.0,https://en.wikipedia.org/wiki/Cabinet_of_Jair_Bolsonaro
56,2019-02-01,SF,PRB,Republicanos,1.0,0.012345679012345678,7.122999999999999,7.78,right,right,1,1,start of legislature,https://legis.senado.leg.br/dadosabertos/senador/lista/legislatura/56 (+ /senador/{cod}/filiacoes),BLS wave 2017; Bolognesi 2018,"seats_start = senators in exercise on 2019-02-01 by Senate open-data API, party = affiliation on that date (historical labels); elected_that_year = seats won in 2018 per en-wiki (Nohlen/TSE)",0,0.0,0.0,https://en.wikipedia.org/wiki/Cabinet_of_Jair_Bolsonaro
56,2019-02-01,SF,PSC,Podemos,1.0,0.012345679012345678,7.704500000000001,8.33,right,right,1,1,start of legislature,https://legis.senado.leg.br/dadosabertos/senador/lista/legislatura/56 (+ /senador/{cod}/filiacoes),BLS wave 2017; Bolognesi 2018,"seats_start = senators in exercise on 2019-02-01 by Senate open-data API, party = affiliation on that date (historical labels); elected_that_year = seats won in 2018 per en-wiki (Nohlen/TSE)",0,0.0,0.0,https://en.wikipedia.org/wiki/Cabinet_of_Jair_Bolsonaro
56,2019-02-01,SF,S/Partido,S/Partido,1.0,0.012345679012345678,,,,,0,0,start of legislature,https://legis.senado.leg.br/dadosabertos/senador/lista/legislatura/56 (+ /senador/{cod}/filiacoes),no BLS score; no Bolognesi score,"seats_start = senators in exercise on 2019-02-01 by Senate open-data API, party = affiliation on that date (historical labels); elected_that_year = seats won in 2018 per en-wiki (Nohlen/TSE)",0,0.0,0.0,https://en.wikipedia.org/wiki/Cabinet_of_Jair_Bolsonaro
57,2023-02-01,CD,PL,PL,99.0,0.19298245614035087,7.4670000000000005,7.78,right,right,0,0,election,https://pt.wikipedia.org/wiki/Elei%C3%A7%C3%B5es_parlamentares_no_Brasil_em_2022,BLS wave 2021; Bolognesi 2018,pt wiki (Dec-2022 revision identical) = en wiki; TSE open data (current status after later court rulings incl. STF ADI 7228/7263 retotalization) 98,0,0.0,0.0,https://en.wikipedia.org/wiki/2022_Brazilian_general_election
57,2023-02-01,CD,PT,PT,69.0,0.13450292397660818,1.5444999999999998,2.97,left,left,0,0,election,https://pt.wikipedia.org/wiki/Elei%C3%A7%C3%B5es_parlamentares_no_Brasil_em_2022,BLS wave 2021; Bolognesi 2018,pt wiki (Dec-2022 revision identical) = en wiki,1,1.0,1.0,https://en.wikipedia.org/wiki/2022_Brazilian_general_election
57,2023-02-01,CD,União,União,59.0,0.11500974658869395,8.3,8.274691358024691,right,right,1,1,election,https://pt.wikipedia.org/wiki/Elei%C3%A7%C3%B5es_parlamentares_no_Brasil_em_2022,União = Zucco-Power 2023 DEM/PSL weighted average 0.66 (not a survey score); União = DEM/PSL seat-weighted (2018 seats 29/52),pt wiki (Dec-2022 revision identical) = en wiki; TSE open data 57,0,1.0,1.0,https://en.wikipedia.org/wiki/2022_Brazilian_general_election
57,2023-02-01,CD,PP,PP,47.0,0.09161793372319688,7.548,8.2,right,right,1,1,election,https://pt.wikipedia.org/wiki/Elei%C3%A7%C3%B5es_parlamentares_no_Brasil_em_2022,BLS wave 2021; Bolognesi 2018,pt wiki (Dec-2022 revision identical) = en wiki,0,0.0,1.0,https://en.wikipedia.org/wiki/2022_Brazilian_general_election
57,2023-02-01,CD,PSD,PSD,42.0,0.08187134502923976,6.4795,7.09,right,right,1,1,election,https://pt.wikipedia.org/wiki/Elei%C3%A7%C3%B5es_parlamentares_no_Brasil_em_2022,BLS wave 2021; Bolognesi 2018,pt wiki (Dec-2022 revision identical) = en wiki,0,1.0,1.0,https://en.wikipedia.org/wiki/2022_Brazilian_general_election
57,2023-02-01,CD,MDB,MDB,42.0,0.08187134502923976,5.6845,7.01,centre,right,0,1,election,https://pt.wikipedia.org/wiki/Elei%C3%A7%C3%B5es_parlamentares_no_Brasil_em_2022,BLS wave 2021; Bolognesi 2018,pt wiki (Dec-2022 revision identical) = en wiki; TSE open data 41,0,1.0,1.0,https://en.wikipedia.org/wiki/2022_Brazilian_general_election
57,2023-02-01,CD,Republicanos,Republicanos,40.0,0.07797270955165692,7.752,7.78,right,right,1,1,election,https://pt.wikipedia.org/wiki/Elei%C3%A7%C3%B5es_parlamentares_no_Brasil_em_2022,BLS wave 2021; Bolognesi 2018,pt wiki (Dec-2022 revision identical) = en wiki,0,0.0,1.0,https://en.wikipedia.org/wiki/2022_Brazilian_general_election
57,2023-02-01,CD,PDT,PDT,17.0,0.03313840155945419,3.2215,3.92,left,left,0,0,election,https://pt.wikipedia.org/wiki/Elei%C3%A7%C3%B5es_parlamentares_no_Brasil_em_2022,BLS wave 2021; Bolognesi 2018,pt wiki (Dec-2022 revision identical) = en wiki; TSE open data 16,0,1.0,1.0,https://en.wikipedia.org/wiki/2022_Brazilian_general_election
57,2023-02-01,CD,PSB,PSB,14.0,0.02729044834307992,2.867,4.05,left,centre,0,0,election,https://pt.wikipedia.org/wiki/Elei%C3%A7%C3%B5es_parlamentares_no_Brasil_em_2022,BLS wave 2021; Bolognesi 2018,pt wiki (Dec-2022 revision identical) = en wiki; TSE open data 15,0,1.0,1.0,https://en.wikipedia.org/wiki/2022_Brazilian_general_election
57,2023-02-01,CD,PSDB,PSDB,13.0,0.025341130604288498,5.7865,7.11,centre,right,0,1,election,https://pt.wikipedia.org/wiki/Elei%C3%A7%C3%B5es_parlamentares_no_Brasil_em_2022,BLS wave 2021; Bolognesi 2018,pt wiki (Dec-2022 revision identical) = en wiki,0,0.0,0.0,https://en.wikipedia.org/wiki/2022_Brazilian_general_election
57,2023-02-01,CD,PSOL,PSOL,12.0,0.023391812865497075,0.63,1.28,left,left,0,0,election,https://pt.wikipedia.org/wiki/Elei%C3%A7%C3%B5es_parlamentares_no_Brasil_em_2022,BLS wave 2021; Bolognesi 2018,pt wiki (Dec-2022 revision identical) = en wiki; TSE open data 13,0,1.0,1.0,https://en.wikipedia.org/wiki/2022_Brazilian_general_election
57,2023-02-01,CD,Podemos,Podemos,12.0,0.023391812865497075,6.928,7.24,right,right,1,1,election,https://pt.wikipedia.org/wiki/Elei%C3%A7%C3%B5es_parlamentares_no_Brasil_em_2022,BLS wave 2021; Bolognesi 2018,pt wiki (Dec-2022 revision identical) = en wiki; TSE open data 14,0,0.0,0.0,https://en.wikipedia.org/wiki/2022_Brazilian_general_election
57,2023-02-01,CD,Avante,Avante,7.0,0.01364522417153996,,6.32,,right,1,1,election,https://pt.wikipedia.org/wiki/Elei%C3%A7%C3%B5es_parlamentares_no_Brasil_em_2022,no BLS score; Bolognesi 2018,pt wiki (Dec-2022 revision identical) = en wiki,0,0.0,0.0,https://en.wikipedia.org/wiki/2022_Brazilian_general_election
57,2023-02-01,CD,PCdoB,PCdoB,6.0,0.011695906432748537,0.8894999999999997,1.92,left,left,0,0,election,https://pt.wikipedia.org/wiki/Elei%C3%A7%C3%B5es_parlamentares_no_Brasil_em_2022,BLS wave 2021; Bolognesi 2018,pt wiki (Dec-2022 revision identical) = en wiki; TSE open data 7,0,1.0,1.0,https://en.wikipedia.org/wiki/2022_Brazilian_general_election
57,2023-02-01,CD,PV,PV,6.0,0.011695906432748537,4.656000000000001,5.29,centre,centre,0,0,election,https://pt.wikipedia.org/wiki/Elei%C3%A7%C3%B5es_parlamentares_no_Brasil_em_2022,BLS wave 2017; Bolognesi 2018,pt wiki (Dec-2022 revision identical) = en wiki,0,1.0,1.0,https://en.wikipedia.org/wiki/2022_Brazilian_general_election
57,2023-02-01,CD,PSC,Podemos,6.0,0.011695906432748537,7.9825,8.33,right,right,1,1,election,https://pt.wikipedia.org/wiki/Elei%C3%A7%C3%B5es_parlamentares_no_Brasil_em_2022,BLS wave 2021; Bolognesi 2018,pt wiki (Dec-2022 revision identical) = en wiki,0,0.0,0.0,https://en.wikipedia.org/wiki/2022_Brazilian_general_election
57,2023-02-01,CD,Cidadania,Cidadania,5.0,0.009746588693957114,4.928,4.92,centre,centre,0,0,election,https://pt.wikipedia.org/wiki/Elei%C3%A7%C3%B5es_parlamentares_no_Brasil_em_2022,BLS wave 2021; Bolognesi 2018,pt wiki (Dec-2022 revision identical) = en wiki,0,0.0,0.0,https://en.wikipedia.org/wiki/2022_Brazilian_general_election
57,2023-02-01,CD,Solidariedade,Solidariedade,4.0,0.007797270955165692,5.951,6.5,centre,right,1,1,election,https://pt.wikipedia.org/wiki/Elei%C3%A7%C3%B5es_parlamentares_no_Brasil_em_2022,BLS wave 2021; Bolognesi 2018,pt wiki (Dec-2022 revision identical) = en wiki,0,0.0,0.0,https://en.wikipedia.org/wiki/2022_Brazilian_general_election
57,2023-02-01,CD,Patriota,PRD,4.0,0.007797270955165692,,8.55,,right,0,0,election,https://pt.wikipedia.org/wiki/Elei%C3%A7%C3%B5es_parlamentares_no_Brasil_em_2022,no BLS score; Bolognesi 2018,pt wiki (Dec-2022 revision identical) = en wiki,0,0.0,0.0,https://en.wikipedia.org/wiki/2022_Brazilian_general_election
57,2023-02-01,CD,Novo,Novo,3.0,0.005847953216374269,8.5565,8.13,right,right,0,0,election,https://pt.wikipedia.org/wiki/Elei%C3%A7%C3%B5es_parlamentares_no_Brasil_em_2022,BLS wave 2021; Bolognesi 2018,pt wiki (Dec-2022 revision identical) = en wiki,0,0.0,0.0,https://en.wikipedia.org/wiki/2022_Brazilian_general_election
57,2023-02-01,CD,PROS,Solidariedade,3.0,0.005847953216374269,5.158,7.47,centre,right,1,1,election,https://pt.wikipedia.org/wiki/Elei%C3%A7%C3%B5es_parlamentares_no_Brasil_em_2022,BLS wave 2021; Bolognesi 2018,pt wiki (Dec-2022 revision identical) = en wiki,0,0.0,0.0,https://en.wikipedia.org/wiki/2022_Brazilian_general_election
57,2023-02-01,CD,Rede,Rede,2.0,0.003898635477582846,2.2255000000000003,4.77,left,centre,0,0,election,https://pt.wikipedia.org/wiki/Elei%C3%A7%C3%B5es_parlamentares_no_Brasil_em_2022,BLS wave 2017; Bolognesi 2018,pt wiki (Dec-2022 revision identical) = en wiki,0,1.0,1.0,https://en.wikipedia.org/wiki/2022_Brazilian_general_election
57,2023-02-01,CD,PTB,PRD,1.0,0.001949317738791423,7.277,6.1,right,right,1,1,election,https://pt.wikipedia.org/wiki/Elei%C3%A7%C3%B5es_parlamentares_no_Brasil_em_2022,BLS wave 2021; Bolognesi 2018,pt wiki (Dec-2022 revision identical) = en wiki,0,0.0,0.0,https://en.wikipedia.org/wiki/2022_Brazilian_general_election
57,2023-02-01,SF,PSD,PSD,15.0,0.18518518518518517,6.4795,7.09,right,right,1,1,start of legislature,https://legis.senado.leg.br/dadosabertos/senador/lista/legislatura/57 (+ /senador/{cod}/filiacoes),BLS wave 2021; Bolognesi 2018,"seats_start = senators in exercise on 2023-02-01 by Senate open-data API, party = affiliation on that date (historical labels); elected_that_year = seats won in 2022 per en-wiki (Nohlen/TSE) | en-wiki post-election Total column (affiliation at election time, differs from 1 Feb): PL 13, UNIÃO 12, PSD 10, MDB 10, PT 9, PP 7, PODE 6, PSDB 4, REPUBLICANOS 3, PDT 2, PSB 1, PSC 1, CIDADANIA 1, REDE 1, PROS 1",0,1.0,1.0,https://en.wikipedia.org/wiki/2022_Brazilian_general_election
57,2023-02-01,SF,PL,PL,12.0,0.14814814814814814,7.4670000000000005,7.78,right,right,0,0,start of legislature,https://legis.senado.leg.br/dadosabertos/senador/lista/legislatura/57 (+ /senador/{cod}/filiacoes),BLS wave 2021; Bolognesi 2018,"seats_start = senators in exercise on 2023-02-01 by Senate open-data API, party = affiliation on that date (historical labels); elected_that_year = seats won in 2022 per en-wiki (Nohlen/TSE)",0,0.0,0.0,https://en.wikipedia.org/wiki/2022_Brazilian_general_election
57,2023-02-01,SF,MDB,MDB,10.0,0.12345679012345678,5.6845,7.01,centre,right,0,1,start of legislature,https://legis.senado.leg.br/dadosabertos/senador/lista/legislatura/57 (+ /senador/{cod}/filiacoes),BLS wave 2021; Bolognesi 2018,"seats_start = senators in exercise on 2023-02-01 by Senate open-data API, party = affiliation on that date (historical labels); elected_that_year = seats won in 2022 per en-wiki (Nohlen/TSE)",0,1.0,1.0,https://en.wikipedia.org/wiki/2022_Brazilian_general_election
57,2023-02-01,SF,União,União,9.0,0.1111111111111111,8.3,8.274691358024691,right,right,1,1,start of legislature,https://legis.senado.leg.br/dadosabertos/senador/lista/legislatura/57 (+ /senador/{cod}/filiacoes),União = Zucco-Power 2023 DEM/PSL weighted average 0.66 (not a survey score); União = DEM/PSL seat-weighted (2018 seats 29/52),"seats_start = senators in exercise on 2023-02-01 by Senate open-data API, party = affiliation on that date (historical labels); elected_that_year = seats won in 2022 per en-wiki (Nohlen/TSE)",0,1.0,1.0,https://en.wikipedia.org/wiki/2022_Brazilian_general_election
57,2023-02-01,SF,PT,PT,9.0,0.1111111111111111,1.5444999999999998,2.97,left,left,0,0,start of legislature,https://legis.senado.leg.br/dadosabertos/senador/lista/legislatura/57 (+ /senador/{cod}/filiacoes),BLS wave 2021; Bolognesi 2018,"seats_start = senators in exercise on 2023-02-01 by Senate open-data API, party = affiliation on that date (historical labels); elected_that_year = seats won in 2022 per en-wiki (Nohlen/TSE)",1,1.0,1.0,https://en.wikipedia.org/wiki/2022_Brazilian_general_election
57,2023-02-01,SF,PP,PP,6.0,0.07407407407407407,7.548,8.2,right,right,1,1,start of legislature,https://legis.senado.leg.br/dadosabertos/senador/lista/legislatura/57 (+ /senador/{cod}/filiacoes),BLS wave 2021; Bolognesi 2018,"seats_start = senators in exercise on 2023-02-01 by Senate open-data API, party = affiliation on that date (historical labels); elected_that_year = seats won in 2022 per en-wiki (Nohlen/TSE)",0,0.0,1.0,https://en.wikipedia.org/wiki/2022_Brazilian_general_election
57,2023-02-01,SF,Podemos,Podemos,5.0,0.06172839506172839,6.928,7.24,right,right,1,1,start of legislature,https://legis.senado.leg.br/dadosabertos/senador/lista/legislatura/57 (+ /senador/{cod}/filiacoes),BLS wave 2021; Bolognesi 2018,"seats_start = senators in exercise on 2023-02-01 by Senate open-data API, party = affiliation on that date (historical labels); elected_that_year = seats won in 2022 per en-wiki (Nohlen/TSE)",0,0.0,0.0,https://en.wikipedia.org/wiki/2022_Brazilian_general_election
57,2023-02-01,SF,Republicanos,Republicanos,4.0,0.04938271604938271,7.752,7.78,right,right,1,1,start of legislature,https://legis.senado.leg.br/dadosabertos/senador/lista/legislatura/57 (+ /senador/{cod}/filiacoes),BLS wave 2021; Bolognesi 2018,"seats_start = senators in exercise on 2023-02-01 by Senate open-data API, party = affiliation on that date (historical labels); elected_that_year = seats won in 2022 per en-wiki (Nohlen/TSE)",0,0.0,1.0,https://en.wikipedia.org/wiki/2022_Brazilian_general_election
57,2023-02-01,SF,PSB,PSB,4.0,0.04938271604938271,2.867,4.05,left,centre,0,0,start of legislature,https://legis.senado.leg.br/dadosabertos/senador/lista/legislatura/57 (+ /senador/{cod}/filiacoes),BLS wave 2021; Bolognesi 2018,"seats_start = senators in exercise on 2023-02-01 by Senate open-data API, party = affiliation on that date (historical labels); elected_that_year = seats won in 2022 per en-wiki (Nohlen/TSE)",0,1.0,1.0,https://en.wikipedia.org/wiki/2022_Brazilian_general_election
57,2023-02-01,SF,PDT,PDT,3.0,0.037037037037037035,3.2215,3.92,left,left,0,0,start of legislature,https://legis.senado.leg.br/dadosabertos/senador/lista/legislatura/57 (+ /senador/{cod}/filiacoes),BLS wave 2021; Bolognesi 2018,"seats_start = senators in exercise on 2023-02-01 by Senate open-data API, party = affiliation on that date (historical labels); elected_that_year = seats won in 2022 per en-wiki (Nohlen/TSE)",0,1.0,1.0,https://en.wikipedia.org/wiki/2022_Brazilian_general_election
57,2023-02-01,SF,PSDB,PSDB,3.0,0.037037037037037035,5.7865,7.11,centre,right,0,1,start of legislature,https://legis.senado.leg.br/dadosabertos/senador/lista/legislatura/57 (+ /senador/{cod}/filiacoes),BLS wave 2021; Bolognesi 2018,"seats_start = senators in exercise on 2023-02-01 by Senate open-data API, party = affiliation on that date (historical labels); elected_that_year = seats won in 2022 per en-wiki (Nohlen/TSE)",0,0.0,0.0,https://en.wikipedia.org/wiki/2022_Brazilian_general_election
57,2023-02-01,SF,Rede,Rede,1.0,0.012345679012345678,2.2255000000000003,4.77,left,centre,0,0,start of legislature,https://legis.senado.leg.br/dadosabertos/senador/lista/legislatura/57 (+ /senador/{cod}/filiacoes),BLS wave 2017; Bolognesi 2018,"seats_start = senators in exercise on 2023-02-01 by Senate open-data API, party = affiliation on that date (historical labels); elected_that_year = seats won in 2022 per en-wiki (Nohlen/TSE)",0,1.0,1.0,https://en.wikipedia.org/wiki/2022_Brazilian_general_election
58,2027-02-01,CD,PL,PL,121.0,0.23586744639376217,7.4670000000000005,7.78,right,right,0,0,election,https://cdn.tse.jus.br/estatistica/sead/odsele/consulta_cand/consulta_cand_2026.zip,BLS wave 2021; Bolognesi 2018,TSE open data consulta_cand_2026 (DS_SIT_TOT_TURNO eleito) = Agencia Camara 513-name list = CNN Brasil federation totals = pt wiki https://pt.wikipedia.org/wiki/Elei%C3%A7%C3%B5es_parlamentares_no_Brasil_em_2026; Cidadania 0,0,,,
58,2027-02-01,CD,PT,PT,70.0,0.1364522417153996,1.5444999999999998,2.97,left,left,0,0,election,https://cdn.tse.jus.br/estatistica/sead/odsele/consulta_cand/consulta_cand_2026.zip,BLS wave 2021; Bolognesi 2018,TSE open data consulta_cand_2026 (DS_SIT_TOT_TURNO eleito) = Agencia Camara 513-name list = CNN Brasil federation totals = pt wiki https://pt.wikipedia.org/wiki/Elei%C3%A7%C3%B5es_parlamentares_no_Brasil_em_2026; Cidadania 0,0,,,
58,2027-02-01,CD,União,União,46.0,0.08966861598440545,8.3,8.274691358024691,right,right,1,1,election,https://cdn.tse.jus.br/estatistica/sead/odsele/consulta_cand/consulta_cand_2026.zip,União = Zucco-Power 2023 DEM/PSL weighted average 0.66 (not a survey score); União = DEM/PSL seat-weighted (2018 seats 29/52),TSE open data consulta_cand_2026 (DS_SIT_TOT_TURNO eleito) = Agencia Camara 513-name list = CNN Brasil federation totals = pt wiki https://pt.wikipedia.org/wiki/Elei%C3%A7%C3%B5es_parlamentares_no_Brasil_em_2026; Cidadania 0,0,,,
58,2027-02-01,CD,PSD,PSD,43.0,0.08382066276803118,6.4795,7.09,right,right,1,1,election,https://cdn.tse.jus.br/estatistica/sead/odsele/consulta_cand/consulta_cand_2026.zip,BLS wave 2021; Bolognesi 2018,TSE open data consulta_cand_2026 (DS_SIT_TOT_TURNO eleito) = Agencia Camara 513-name list = CNN Brasil federation totals = pt wiki https://pt.wikipedia.org/wiki/Elei%C3%A7%C3%B5es_parlamentares_no_Brasil_em_2026; Cidadania 0,0,,,
58,2027-02-01,CD,PP,PP,41.0,0.07992202729044834,7.548,8.2,right,right,1,1,election,https://cdn.tse.jus.br/estatistica/sead/odsele/consulta_cand/consulta_cand_2026.zip,BLS wave 2021; Bolognesi 2018,TSE open data consulta_cand_2026 (DS_SIT_TOT_TURNO eleito) = Agencia Camara 513-name list = CNN Brasil federation totals = pt wiki https://pt.wikipedia.org/wiki/Elei%C3%A7%C3%B5es_parlamentares_no_Brasil_em_2026; Cidadania 0,0,,,
58,2027-02-01,CD,Republicanos,Republicanos,41.0,0.07992202729044834,7.752,7.78,right,right,1,1,election,https://cdn.tse.jus.br/estatistica/sead/odsele/consulta_cand/consulta_cand_2026.zip,BLS wave 2021; Bolognesi 2018,TSE open data consulta_cand_2026 (DS_SIT_TOT_TURNO eleito) = Agencia Camara 513-name list = CNN Brasil federation totals = pt wiki https://pt.wikipedia.org/wiki/Elei%C3%A7%C3%B5es_parlamentares_no_Brasil_em_2026; Cidadania 0,0,,,
58,2027-02-01,CD,MDB,MDB,36.0,0.07017543859649122,5.6845,7.01,centre,right,0,1,election,https://cdn.tse.jus.br/estatistica/sead/odsele/consulta_cand/consulta_cand_2026.zip,BLS wave 2021; Bolognesi 2018,TSE open data consulta_cand_2026 (DS_SIT_TOT_TURNO eleito) = Agencia Camara 513-name list = CNN Brasil federation totals = pt wiki https://pt.wikipedia.org/wiki/Elei%C3%A7%C3%B5es_parlamentares_no_Brasil_em_2026; Cidadania 0,0,,,
58,2027-02-01,CD,Podemos,Podemos,27.0,0.05263157894736842,6.928,7.24,right,right,1,1,election,https://cdn.tse.jus.br/estatistica/sead/odsele/consulta_cand/consulta_cand_2026.zip,BLS wave 2021; Bolognesi 2018,TSE open data consulta_cand_2026 (DS_SIT_TOT_TURNO eleito) = Agencia Camara 513-name list = CNN Brasil federation totals = pt wiki https://pt.wikipedia.org/wiki/Elei%C3%A7%C3%B5es_parlamentares_no_Brasil_em_2026; Cidadania 0,0,,,
58,2027-02-01,CD,PSB,PSB,15.0,0.029239766081871343,2.867,4.05,left,centre,0,0,election,https://cdn.tse.jus.br/estatistica/sead/odsele/consulta_cand/consulta_cand_2026.zip,BLS wave 2021; Bolognesi 2018,TSE open data consulta_cand_2026 (DS_SIT_TOT_TURNO eleito) = Agencia Camara 513-name list = CNN Brasil federation totals = pt wiki https://pt.wikipedia.org/wiki/Elei%C3%A7%C3%B5es_parlamentares_no_Brasil_em_2026; Cidadania 0,0,,,
58,2027-02-01,CD,PSOL,PSOL,14.0,0.02729044834307992,0.63,1.28,left,left,0,0,election,https://cdn.tse.jus.br/estatistica/sead/odsele/consulta_cand/consulta_cand_2026.zip,BLS wave 2021; Bolognesi 2018,TSE open data consulta_cand_2026 (DS_SIT_TOT_TURNO eleito) = Agencia Camara 513-name list = CNN Brasil federation totals = pt wiki https://pt.wikipedia.org/wiki/Elei%C3%A7%C3%B5es_parlamentares_no_Brasil_em_2026; Cidadania 0,0,,,
58,2027-02-01,CD,PCdoB,PCdoB,11.0,0.021442495126705652,0.8894999999999997,1.92,left,left,0,0,election,https://cdn.tse.jus.br/estatistica/sead/odsele/consulta_cand/consulta_cand_2026.zip,BLS wave 2021; Bolognesi 2018,TSE open data consulta_cand_2026 (DS_SIT_TOT_TURNO eleito) = Agencia Camara 513-name list = CNN Brasil federation totals = pt wiki https://pt.wikipedia.org/wiki/Elei%C3%A7%C3%B5es_parlamentares_no_Brasil_em_2026; Cidadania 0,0,,,
58,2027-02-01,CD,PSDB,PSDB,11.0,0.021442495126705652,5.7865,7.11,centre,right,0,1,election,https://cdn.tse.jus.br/estatistica/sead/odsele/consulta_cand/consulta_cand_2026.zip,BLS wave 2021; Bolognesi 2018,TSE open data consulta_cand_2026 (DS_SIT_TOT_TURNO eleito) = Agencia Camara 513-name list = CNN Brasil federation totals = pt wiki https://pt.wikipedia.org/wiki/Elei%C3%A7%C3%B5es_parlamentares_no_Brasil_em_2026; Cidadania 0,0,,,
58,2027-02-01,CD,Novo,Novo,10.0,0.01949317738791423,8.5565,8.13,right,right,0,0,election,https://cdn.tse.jus.br/estatistica/sead/odsele/consulta_cand/consulta_cand_2026.zip,BLS wave 2021; Bolognesi 2018,TSE open data consulta_cand_2026 (DS_SIT_TOT_TURNO eleito) = Agencia Camara 513-name list = CNN Brasil federation totals = pt wiki https://pt.wikipedia.org/wiki/Elei%C3%A7%C3%B5es_parlamentares_no_Brasil_em_2026; Cidadania 0,0,,,
58,2027-02-01,CD,PV,PV,7.0,0.01364522417153996,4.656000000000001,5.29,centre,centre,0,0,election,https://cdn.tse.jus.br/estatistica/sead/odsele/consulta_cand/consulta_cand_2026.zip,BLS wave 2017; Bolognesi 2018,TSE open data consulta_cand_2026 (DS_SIT_TOT_TURNO eleito) = Agencia Camara 513-name list = CNN Brasil federation totals = pt wiki https://pt.wikipedia.org/wiki/Elei%C3%A7%C3%B5es_parlamentares_no_Brasil_em_2026; Cidadania 0,0,,,
58,2027-02-01,CD,PDT,PDT,6.0,0.011695906432748537,3.2215,3.92,left,left,0,0,election,https://cdn.tse.jus.br/estatistica/sead/odsele/consulta_cand/consulta_cand_2026.zip,BLS wave 2021; Bolognesi 2018,TSE open data consulta_cand_2026 (DS_SIT_TOT_TURNO eleito) = Agencia Camara 513-name list = CNN Brasil federation totals = pt wiki https://pt.wikipedia.org/wiki/Elei%C3%A7%C3%B5es_parlamentares_no_Brasil_em_2026; Cidadania 0,0,,,
58,2027-02-01,CD,PRD,PRD,5.0,0.009746588693957114,7.277,7.325,right,right,1,1,election,https://cdn.tse.jus.br/estatistica/sead/odsele/consulta_cand/consulta_cand_2026.zip,"BLS wave 2021; PRD = mean(PTB, Patriota)",TSE open data consulta_cand_2026 (DS_SIT_TOT_TURNO eleito) = Agencia Camara 513-name list = CNN Brasil federation totals = pt wiki https://pt.wikipedia.org/wiki/Elei%C3%A7%C3%B5es_parlamentares_no_Brasil_em_2026; Cidadania 0,0,,,
58,2027-02-01,CD,Avante,Avante,5.0,0.009746588693957114,,6.32,,right,1,1,election,https://cdn.tse.jus.br/estatistica/sead/odsele/consulta_cand/consulta_cand_2026.zip,no BLS score; Bolognesi 2018,TSE open data consulta_cand_2026 (DS_SIT_TOT_TURNO eleito) = Agencia Camara 513-name list = CNN Brasil federation totals = pt wiki https://pt.wikipedia.org/wiki/Elei%C3%A7%C3%B5es_parlamentares_no_Brasil_em_2026; Cidadania 0,0,,,
58,2027-02-01,CD,Solidariedade,Solidariedade,2.0,0.003898635477582846,5.951,6.5,centre,right,1,1,election,https://cdn.tse.jus.br/estatistica/sead/odsele/consulta_cand/consulta_cand_2026.zip,BLS wave 2021; Bolognesi 2018,TSE open data consulta_cand_2026 (DS_SIT_TOT_TURNO eleito) = Agencia Camara 513-name list = CNN Brasil federation totals = pt wiki https://pt.wikipedia.org/wiki/Elei%C3%A7%C3%B5es_parlamentares_no_Brasil_em_2026; Cidadania 0,0,,,
58,2027-02-01,CD,Rede,Rede,1.0,0.001949317738791423,2.2255000000000003,4.77,left,centre,0,0,election,https://cdn.tse.jus.br/estatistica/sead/odsele/consulta_cand/consulta_cand_2026.zip,BLS wave 2017; Bolognesi 2018,TSE open data consulta_cand_2026 (DS_SIT_TOT_TURNO eleito) = Agencia Camara 513-name list = CNN Brasil federation totals = pt wiki https://pt.wikipedia.org/wiki/Elei%C3%A7%C3%B5es_parlamentares_no_Brasil_em_2026; Cidadania 0,0,,,
58,2027-02-01,CD,Missão,Missão,1.0,0.001949317738791423,,,,,0,0,election,https://cdn.tse.jus.br/estatistica/sead/odsele/consulta_cand/consulta_cand_2026.zip,no BLS score; no Bolognesi score,TSE open data consulta_cand_2026 (DS_SIT_TOT_TURNO eleito) = Agencia Camara 513-name list = CNN Brasil federation totals = pt wiki https://pt.wikipedia.org/wiki/Elei%C3%A7%C3%B5es_parlamentares_no_Brasil_em_2026; Cidadania 0,0,,,
58,2027-02-01,SF,PL,PL,28.0,0.345679012345679,7.4670000000000005,7.78,right,right,0,0,start of legislature,https://www.cnnbrasil.com.br/eleicoes/divisao-bancada-senado/,BLS wave 2021; Bolognesi 2018,"projected composition from 1 Feb 2027 (CNN Brasil 2026-10-05, sums to 81); elected_that_year from TSE official results (resultados.tse.jus.br ele2026/6259, cargo 5, 100% totalized); en-wiki shows PL 29 and no sem-partido",0,,,
58,2027-02-01,SF,PT,PT,9.0,0.1111111111111111,1.5444999999999998,2.97,left,left,0,0,start of legislature,https://www.cnnbrasil.com.br/eleicoes/divisao-bancada-senado/,BLS wave 2021; Bolognesi 2018,"projected composition from 1 Feb 2027 (CNN Brasil 2026-10-05, sums to 81); elected_that_year from TSE official results (resultados.tse.jus.br ele2026/6259, cargo 5, 100% totalized); en-wiki shows PL 29 and no sem-partido",0,,,
58,2027-02-01,SF,MDB,MDB,8.0,0.09876543209876543,5.6845,7.01,centre,right,0,1,start of legislature,https://www.cnnbrasil.com.br/eleicoes/divisao-bancada-senado/,BLS wave 2021; Bolognesi 2018,"projected composition from 1 Feb 2027 (CNN Brasil 2026-10-05, sums to 81); elected_that_year from TSE official results (resultados.tse.jus.br ele2026/6259, cargo 5, 100% totalized); en-wiki shows PL 29 and no sem-partido",0,,,
58,2027-02-01,SF,PP,PP,6.0,0.07407407407407407,7.548,8.2,right,right,1,1,start of legislature,https://www.cnnbrasil.com.br/eleicoes/divisao-bancada-senado/,BLS wave 2021; Bolognesi 2018,"projected composition from 1 Feb 2027 (CNN Brasil 2026-10-05, sums to 81); elected_that_year from TSE official results (resultados.tse.jus.br ele2026/6259, cargo 5, 100% totalized); en-wiki shows PL 29 and no sem-partido",0,,,
58,2027-02-01,SF,Republicanos,Republicanos,6.0,0.07407407407407407,7.752,7.78,right,right,1,1,start of legislature,https://www.cnnbrasil.com.br/eleicoes/divisao-bancada-senado/,BLS wave 2021; Bolognesi 2018,"projected composition from 1 Feb 2027 (CNN Brasil 2026-10-05, sums to 81); elected_that_year from TSE official results (resultados.tse.jus.br ele2026/6259, cargo 5, 100% totalized); en-wiki shows PL 29 and no sem-partido",0,,,
58,2027-02-01,SF,União,União,5.0,0.06172839506172839,8.3,8.274691358024691,right,right,1,1,start of legislature,https://www.cnnbrasil.com.br/eleicoes/divisao-bancada-senado/,União = Zucco-Power 2023 DEM/PSL weighted average 0.66 (not a survey score); União = DEM/PSL seat-weighted (2018 seats 29/52),"projected composition from 1 Feb 2027 (CNN Brasil 2026-10-05, sums to 81); elected_that_year from TSE official results (resultados.tse.jus.br ele2026/6259, cargo 5, 100% totalized); en-wiki shows PL 29 and no sem-partido",0,,,
58,2027-02-01,SF,PSD,PSD,5.0,0.06172839506172839,6.4795,7.09,right,right,1,1,start of legislature,https://www.cnnbrasil.com.br/eleicoes/divisao-bancada-senado/,BLS wave 2021; Bolognesi 2018,"projected composition from 1 Feb 2027 (CNN Brasil 2026-10-05, sums to 81); elected_that_year from TSE official results (resultados.tse.jus.br ele2026/6259, cargo 5, 100% totalized); en-wiki shows PL 29 and no sem-partido",0,,,
58,2027-02-01,SF,PSB,PSB,4.0,0.04938271604938271,2.867,4.05,left,centre,0,0,start of legislature,https://www.cnnbrasil.com.br/eleicoes/divisao-bancada-senado/,BLS wave 2021; Bolognesi 2018,"projected composition from 1 Feb 2027 (CNN Brasil 2026-10-05, sums to 81); elected_that_year from TSE official results (resultados.tse.jus.br ele2026/6259, cargo 5, 100% totalized); en-wiki shows PL 29 and no sem-partido",0,,,
58,2027-02-01,SF,Novo,Novo,3.0,0.037037037037037035,8.5565,8.13,right,right,0,0,start of legislature,https://www.cnnbrasil.com.br/eleicoes/divisao-bancada-senado/,BLS wave 2021; Bolognesi 2018,"projected composition from 1 Feb 2027 (CNN Brasil 2026-10-05, sums to 81); elected_that_year from TSE official results (resultados.tse.jus.br ele2026/6259, cargo 5, 100% totalized); en-wiki shows PL 29 and no sem-partido",0,,,
58,2027-02-01,SF,Podemos,Podemos,2.0,0.024691358024691357,6.928,7.24,right,right,1,1,start of legislature,https://www.cnnbrasil.com.br/eleicoes/divisao-bancada-senado/,BLS wave 2021; Bolognesi 2018,"projected composition from 1 Feb 2027 (CNN Brasil 2026-10-05, sums to 81); elected_that_year from TSE official results (resultados.tse.jus.br ele2026/6259, cargo 5, 100% totalized); en-wiki shows PL 29 and no sem-partido",0,,,
58,2027-02-01,SF,PSDB,PSDB,2.0,0.024691358024691357,5.7865,7.11,centre,right,0,1,start of legislature,https://www.cnnbrasil.com.br/eleicoes/divisao-bancada-senado/,BLS wave 2021; Bolognesi 2018,"projected composition from 1 Feb 2027 (CNN Brasil 2026-10-05, sums to 81); elected_that_year from TSE official results (resultados.tse.jus.br ele2026/6259, cargo 5, 100% totalized); en-wiki shows PL 29 and no sem-partido",0,,,
58,2027-02-01,SF,PDT,PDT,1.0,0.012345679012345678,3.2215,3.92,left,left,0,0,start of legislature,https://www.cnnbrasil.com.br/eleicoes/divisao-bancada-senado/,BLS wave 2021; Bolognesi 2018,"projected composition from 1 Feb 2027 (CNN Brasil 2026-10-05, sums to 81); elected_that_year from TSE official results (resultados.tse.jus.br ele2026/6259, cargo 5, 100% totalized); en-wiki shows PL 29 and no sem-partido",0,,,
58,2027-02-01,SF,Rede,Rede,1.0,0.012345679012345678,2.2255000000000003,4.77,left,centre,0,0,start of legislature,https://www.cnnbrasil.com.br/eleicoes/divisao-bancada-senado/,BLS wave 2017; Bolognesi 2018,"projected composition from 1 Feb 2027 (CNN Brasil 2026-10-05, sums to 81); elected_that_year from TSE official results (resultados.tse.jus.br ele2026/6259, cargo 5, 100% totalized); en-wiki shows PL 29 and no sem-partido",0,,,
58,2027-02-01,SF,S/Partido,S/Partido,1.0,0.012345679012345678,,,,,0,0,start of legislature,https://www.cnnbrasil.com.br/eleicoes/divisao-bancada-senado/,no BLS score; no Bolognesi score,"projected composition from 1 Feb 2027 (CNN Brasil 2026-10-05, sums to 81); elected_that_year from TSE official results (resultados.tse.jus.br ele2026/6259, cargo 5, 100% totalized); en-wiki shows PL 29 and no sem-partido",0,,,
