metric,sample,unit,x,attribution,adjustment,ideology_source,n_units,n_years,slope,rho,n1_sign,n1_consistent
pb,1987+,dyad,pres_party_share_cd,c,raw,bls,7,24,79.11688144329892,0.9549937104572925,1,1
pb,1987+,dyad,pres_party_share_cd,c,tot,bls,7,23,69.44754150546048,0.9189562119494703,1,1
pb,1987+,dyad,pres_party_share_cd,c,totlean,bls,7,23,21.838655549983752,0.6306562238868914,1,1
pb,1987+,dyad,pres_party_share_cd,lag1,raw,bls,8,24,71.3251594578797,0.8503146459584139,1,1
pb,1987+,dyad,pres_party_share_cd,lag1,tot,bls,8,23,59.70741658210823,0.730552019767088,1,1
pb,1987+,dyad,pres_party_share_cd,lag1,totlean,bls,8,23,21.29806697115135,0.7185757571479554,1,1
pb,1987+,dyad,pres_party_share_cd,dropfirst,raw,bls,6,17,74.82574754002054,0.942857142857143,1,1
pb,1987+,dyad,pres_party_share_cd,dropfirst,tot,bls,6,16,66.15800222093961,1.0,1,1
pb,1987+,dyad,pres_party_share_cd,dropfirst,totlean,bls,6,16,16.051932132361312,0.8285714285714287,1,1
pb,1987+,dyad,coalition_share_cd_start,c,raw,bls,7,24,3.7467949747428175,0.3214285714285715,1,1
pb,1987+,dyad,coalition_share_cd_start,c,tot,bls,7,23,4.559307615902339,0.42857142857142866,1,1
pb,1987+,dyad,coalition_share_cd_start,c,totlean,bls,7,23,-1.0535662877060015,0.21428571428571433,1,0
pb,1987+,dyad,coalition_share_cd_start,lag1,raw,bls,8,24,5.863126529147509,0.28571428571428575,1,1
pb,1987+,dyad,coalition_share_cd_start,lag1,tot,bls,8,23,4.9636403308873405,0.3333333333333334,1,1
pb,1987+,dyad,coalition_share_cd_start,lag1,totlean,bls,8,23,2.391305967826182,0.3333333333333334,1,1
pb,1987+,dyad,coalition_share_cd_start,dropfirst,raw,bls,6,17,5.672845814616039,0.3142857142857143,1,1
pb,1987+,dyad,coalition_share_cd_start,dropfirst,tot,bls,6,16,6.198039531351774,0.3714285714285715,1,1
pb,1987+,dyad,coalition_share_cd_start,dropfirst,totlean,bls,6,16,0.856519834284333,0.3142857142857143,1,1
pb,1987+,dyad,coalition_share_cd_mid,c,raw,bls,6,20,6.996622853539067,0.7714285714285715,1,1
pb,1987+,dyad,coalition_share_cd_mid,c,tot,bls,6,19,5.520624491635215,0.6,1,1
pb,1987+,dyad,coalition_share_cd_mid,c,totlean,bls,6,19,1.5821918616451756,0.48571428571428577,1,1
pb,1987+,dyad,coalition_share_cd_mid,lag1,raw,bls,7,20,7.591321163710576,0.7500000000000002,1,1
pb,1987+,dyad,coalition_share_cd_mid,lag1,tot,bls,7,19,8.261571747626316,0.7500000000000002,1,1
pb,1987+,dyad,coalition_share_cd_mid,lag1,totlean,bls,7,19,1.6017254534507046,0.28571428571428575,1,1
pb,1987+,dyad,coalition_share_cd_mid,dropfirst,raw,bls,5,14,9.154349882192257,0.8999999999999998,1,1
pb,1987+,dyad,coalition_share_cd_mid,dropfirst,tot,bls,5,13,8.55918637477947,0.8999999999999998,1,1
pb,1987+,dyad,coalition_share_cd_mid,dropfirst,totlean,bls,5,13,-0.034108851848101925,0.39999999999999997,1,0
pb,1987+,dyad,pres_congress_distance,c,raw,bls,7,24,-3.4073955547751216,-0.28571428571428575,-1,1
pb,1987+,dyad,pres_congress_distance,c,tot,bls,7,23,-2.707858279456681,-0.1785714285714286,-1,1
pb,1987+,dyad,pres_congress_distance,c,totlean,bls,7,23,-1.5414450594988742,-0.39285714285714296,-1,1
pb,1987+,dyad,pres_congress_distance,lag1,raw,bls,8,24,-1.5848079818780403,-0.4761904761904762,-1,1
pb,1987+,dyad,pres_congress_distance,lag1,tot,bls,8,23,-1.1421458054333278,-0.4285714285714286,-1,1
pb,1987+,dyad,pres_congress_distance,lag1,totlean,bls,8,23,-0.6109413269940535,-0.6666666666666669,-1,1
pb,1987+,dyad,pres_congress_distance,dropfirst,raw,bls,6,17,-3.1591122335284516,-0.2,-1,1
pb,1987+,dyad,pres_congress_distance,dropfirst,tot,bls,6,16,-2.5419732216587283,-0.2571428571428572,-1,1
pb,1987+,dyad,pres_congress_distance,dropfirst,totlean,bls,6,16,-1.2430566003985788,-0.4285714285714286,-1,1
pb,1987+,dyad,pres_congress_distance_bolognesi,c,raw,bolognesi,7,24,1.2083741809115267,0.5714285714285715,-1,0
pb,1987+,dyad,pres_congress_distance_bolognesi,c,tot,bolognesi,7,23,1.341485007552821,0.4642857142857144,-1,0
pb,1987+,dyad,pres_congress_distance_bolognesi,c,totlean,bolognesi,7,23,-0.31412551097488695,-0.1785714285714286,-1,1
pb,1987+,dyad,pres_congress_distance_bolognesi,lag1,raw,bolognesi,8,24,-0.005328714322177799,0.023809523809523815,-1,1
pb,1987+,dyad,pres_congress_distance_bolognesi,lag1,tot,bolognesi,8,23,0.20816773234767344,0.07142857142857144,-1,0
pb,1987+,dyad,pres_congress_distance_bolognesi,lag1,totlean,bolognesi,8,23,-0.28485450651152894,-0.261904761904762,-1,1
pb,1987+,dyad,pres_congress_distance_bolognesi,dropfirst,raw,bolognesi,6,17,1.5128878591801809,0.6,-1,0
pb,1987+,dyad,pres_congress_distance_bolognesi,dropfirst,tot,bolognesi,6,16,1.574051529653156,0.5428571428571429,-1,0
pb,1987+,dyad,pres_congress_distance_bolognesi,dropfirst,totlean,bolognesi,6,16,-0.09185782423716085,0.028571428571428574,-1,1
pb,1987+,dyad,enpp_cd,c,raw,bls,7,24,-0.6974097909583863,-0.9549937104572925,-1,1
pb,1987+,dyad,enpp_cd,c,tot,bls,7,23,-0.5922356760623757,-0.7207499701564473,-1,1
pb,1987+,dyad,enpp_cd,c,totlean,bls,7,23,-0.09174218028957407,-0.43244998209386837,-1,1
pb,1987+,dyad,enpp_cd,lag1,raw,bls,8,24,-0.7223973624115871,-0.9101959590540767,-1,1
pb,1987+,dyad,enpp_cd,lag1,tot,bls,8,23,-0.6283410960341417,-0.8383383833392813,-1,1
pb,1987+,dyad,enpp_cd,lag1,totlean,bls,8,23,-0.1737994665231986,-0.6946232319096901,-1,1
pb,1987+,dyad,enpp_cd,dropfirst,raw,bls,6,17,-0.6953697621486558,-0.942857142857143,-1,1
pb,1987+,dyad,enpp_cd,dropfirst,tot,bls,6,16,-0.6201571874836976,-0.8285714285714287,-1,1
pb,1987+,dyad,enpp_cd,dropfirst,totlean,bls,6,16,-0.05420935861157616,-0.5428571428571429,-1,1
pb,1987+,year,pres_party_share_cd,c,raw,bls,7,24,75.73777185550472,0.7511198904682703,1,1
pb,1987+,year,pres_party_share_cd,c,tot,bls,7,23,67.00364146271903,0.6239929387875703,1,1
pb,1987+,year,pres_party_share_cd,c,totlean,bls,7,23,17.649319988443036,0.13221038189399564,1,1
pb,1987+,year,pres_party_share_cd,lag1,raw,bls,8,24,68.76510229251919,0.7052184674710851,1,1
pb,1987+,year,pres_party_share_cd,lag1,tot,bls,8,23,60.07718006215942,0.5425390642189862,1,1
pb,1987+,year,pres_party_share_cd,lag1,totlean,bls,8,23,20.035562330593823,0.1170084249099012,1,1
pb,1987+,year,pres_party_share_cd,dropfirst,raw,bls,6,17,73.69324213769656,0.7288018351609881,1,1
pb,1987+,year,pres_party_share_cd,dropfirst,tot,bls,6,16,64.99636240346912,0.5514654048687154,1,1
pb,1987+,year,pres_party_share_cd,dropfirst,totlean,bls,6,16,15.327452131958436,0.08793637537095732,1,1
pb,1987+,year,coalition_share_cd_start,c,raw,bls,7,24,5.164324671037566,0.12102032983123144,1,1
pb,1987+,year,coalition_share_cd_start,c,tot,bls,7,23,5.728627948557771,0.36352617482691524,1,1
pb,1987+,year,coalition_share_cd_start,c,totlean,bls,7,23,-0.18073913637144662,-0.018501332143873266,1,0
pb,1987+,year,coalition_share_cd_start,lag1,raw,bls,8,24,5.619339072000209,0.1013018206967426,1,1
pb,1987+,year,coalition_share_cd_start,lag1,tot,bls,8,23,5.693594470723952,0.2678160735145562,1,1
pb,1987+,year,coalition_share_cd_start,lag1,totlean,bls,8,23,2.4011760430622973,0.024982842678596667,1,1
pb,1987+,year,coalition_share_cd_start,dropfirst,raw,bls,6,17,6.234929836559267,0.05338752795898209,1,1
pb,1987+,year,coalition_share_cd_start,dropfirst,tot,bls,6,16,6.8617765693288755,0.32193656068011495,1,1
pb,1987+,year,coalition_share_cd_start,dropfirst,totlean,bls,6,16,0.9558008867675006,-0.0432229641653858,1,1
pb,1987+,year,coalition_share_cd_mid,c,raw,bls,6,20,7.535435255127941,0.6201183023572889,1,1
pb,1987+,year,coalition_share_cd_mid,c,tot,bls,6,19,6.913253893402336,0.41129904627525476,1,1
pb,1987+,year,coalition_share_cd_mid,c,totlean,bls,6,19,0.32055635185419945,-0.03747193046325531,1,1
pb,1987+,year,coalition_share_cd_mid,lag1,raw,bls,7,20,8.480553116852684,0.6208172989846955,1,1
pb,1987+,year,coalition_share_cd_mid,lag1,tot,bls,7,19,8.639131049879827,0.5185485449547003,1,1
pb,1987+,year,coalition_share_cd_mid,lag1,totlean,bls,7,19,2.2727121471802145,0.07840596556016086,1,1
pb,1987+,year,coalition_share_cd_mid,dropfirst,raw,bls,5,14,9.007582587887997,0.5824123752296247,1,1
pb,1987+,year,coalition_share_cd_mid,dropfirst,tot,bls,5,13,8.846476137095305,0.36421567954234174,1,1
pb,1987+,year,coalition_share_cd_mid,dropfirst,totlean,bls,5,13,0.5265042537613036,-0.11206636293610515,1,1
pb,1987+,year,pres_congress_distance,c,raw,bls,7,24,-3.5271120204947626,-0.1201401819779134,-1,1
pb,1987+,year,pres_congress_distance,c,tot,bls,7,23,-2.959617940819829,-0.15051083717042846,-1,1
pb,1987+,year,pres_congress_distance,c,totlean,bls,7,23,-1.2169613519076163,-0.04250306033051966,-1,1
pb,1987+,year,pres_congress_distance,lag1,raw,bls,8,24,-1.9660747245388372,-0.13030798193745846,-1,1
pb,1987+,year,pres_congress_distance,lag1,tot,bls,8,23,-1.5366102436242994,-0.12091695856440786,-1,1
pb,1987+,year,pres_congress_distance,lag1,totlean,bls,8,23,-0.8304476778289522,-0.15489362460729933,-1,1
pb,1987+,year,pres_congress_distance,dropfirst,raw,bls,6,17,-3.5537956783048963,-0.023589837935364177,-1,1
pb,1987+,year,pres_congress_distance,dropfirst,tot,bls,6,16,-3.0617034643042076,-0.09240771649151447,-1,1
pb,1987+,year,pres_congress_distance,dropfirst,totlean,bls,6,16,-1.1337669042475362,-0.016394917442042887,-1,1
pb,1987+,year,pres_congress_distance_bolognesi,c,raw,bolognesi,7,24,1.440667557486855,0.3423775149407202,-1,0
pb,1987+,year,pres_congress_distance_bolognesi,c,tot,bolognesi,7,23,1.601438666058691,0.23151666980036004,-1,0
pb,1987+,year,pres_congress_distance_bolognesi,c,totlean,bolognesi,7,23,-0.1316335308803788,-0.2875207022358683,-1,1
pb,1987+,year,pres_congress_distance_bolognesi,lag1,raw,bolognesi,8,24,0.900151746464618,0.3482936785343536,-1,0
pb,1987+,year,pres_congress_distance_bolognesi,lag1,tot,bolognesi,8,23,1.0608417826764902,0.29179960248600906,-1,0
pb,1987+,year,pres_congress_distance_bolognesi,lag1,totlean,bolognesi,8,23,-0.034694808689491305,-0.12791215451441493,-1,1
pb,1987+,year,pres_congress_distance_bolognesi,dropfirst,raw,bolognesi,6,17,1.5919716689914059,0.40847666740709554,-1,0
pb,1987+,year,pres_congress_distance_bolognesi,dropfirst,tot,bolognesi,6,16,1.7587024463970942,0.28616583171565774,-1,0
pb,1987+,year,pres_congress_distance_bolognesi,dropfirst,totlean,bolognesi,6,16,0.0019861550795082336,-0.22803839714841473,-1,0
pb,1987+,year,enpp_cd,c,raw,bls,7,24,-0.6601125629706991,-0.7315004426062155,-1,1
pb,1987+,year,enpp_cd,c,tot,bls,7,23,-0.5845026998170053,-0.445208445090008,-1,1
pb,1987+,year,enpp_cd,c,totlean,bls,7,23,-0.05523624097622799,0.04607331490245302,-1,1
pb,1987+,year,enpp_cd,lag1,raw,bls,8,24,-0.6891482056052691,-0.8112762837959095,-1,1
pb,1987+,year,enpp_cd,lag1,tot,bls,8,23,-0.6095596363165451,-0.552959700596222,-1,1
pb,1987+,year,enpp_cd,lag1,totlean,bls,8,23,-0.17716182756799664,-0.1165969323429138,-1,1
pb,1987+,year,enpp_cd,dropfirst,raw,bls,6,17,-0.6841409585277731,-0.743700680172797,-1,1
pb,1987+,year,enpp_cd,dropfirst,tot,bls,6,16,-0.6134603886492602,-0.40838248901088653,-1,1
pb,1987+,year,enpp_cd,dropfirst,totlean,bls,6,16,-0.07396603646456787,0.058127434567242973,-1,1
pb,1995+,dyad,pres_party_share_cd,c,raw,bls,7,24,79.11688144329892,0.9549937104572925,1,1
pb,1995+,dyad,pres_party_share_cd,c,tot,bls,7,23,69.44754150546048,0.9189562119494703,1,1
pb,1995+,dyad,pres_party_share_cd,c,totlean,bls,7,23,21.838655549983752,0.6306562238868914,1,1
pb,1995+,dyad,pres_party_share_cd,lag1,raw,bls,8,24,71.3251594578797,0.8503146459584139,1,1
pb,1995+,dyad,pres_party_share_cd,lag1,tot,bls,8,23,59.70741658210823,0.730552019767088,1,1
pb,1995+,dyad,pres_party_share_cd,lag1,totlean,bls,8,23,21.29806697115135,0.7185757571479554,1,1
pb,1995+,dyad,pres_party_share_cd,dropfirst,raw,bls,6,17,74.82574754002054,0.942857142857143,1,1
pb,1995+,dyad,pres_party_share_cd,dropfirst,tot,bls,6,16,66.15800222093961,1.0,1,1
pb,1995+,dyad,pres_party_share_cd,dropfirst,totlean,bls,6,16,16.051932132361312,0.8285714285714287,1,1
pb,1995+,dyad,coalition_share_cd_start,c,raw,bls,7,24,3.7467949747428175,0.3214285714285715,1,1
pb,1995+,dyad,coalition_share_cd_start,c,tot,bls,7,23,4.559307615902339,0.42857142857142866,1,1
pb,1995+,dyad,coalition_share_cd_start,c,totlean,bls,7,23,-1.0535662877060015,0.21428571428571433,1,0
pb,1995+,dyad,coalition_share_cd_start,lag1,raw,bls,8,24,5.863126529147509,0.28571428571428575,1,1
pb,1995+,dyad,coalition_share_cd_start,lag1,tot,bls,8,23,4.9636403308873405,0.3333333333333334,1,1
pb,1995+,dyad,coalition_share_cd_start,lag1,totlean,bls,8,23,2.391305967826182,0.3333333333333334,1,1
pb,1995+,dyad,coalition_share_cd_start,dropfirst,raw,bls,6,17,5.672845814616039,0.3142857142857143,1,1
pb,1995+,dyad,coalition_share_cd_start,dropfirst,tot,bls,6,16,6.198039531351774,0.3714285714285715,1,1
pb,1995+,dyad,coalition_share_cd_start,dropfirst,totlean,bls,6,16,0.856519834284333,0.3142857142857143,1,1
pb,1995+,dyad,coalition_share_cd_mid,c,raw,bls,6,20,6.996622853539067,0.7714285714285715,1,1
pb,1995+,dyad,coalition_share_cd_mid,c,tot,bls,6,19,5.520624491635215,0.6,1,1
pb,1995+,dyad,coalition_share_cd_mid,c,totlean,bls,6,19,1.5821918616451756,0.48571428571428577,1,1
pb,1995+,dyad,coalition_share_cd_mid,lag1,raw,bls,7,20,7.591321163710576,0.7500000000000002,1,1
pb,1995+,dyad,coalition_share_cd_mid,lag1,tot,bls,7,19,8.261571747626316,0.7500000000000002,1,1
pb,1995+,dyad,coalition_share_cd_mid,lag1,totlean,bls,7,19,1.6017254534507046,0.28571428571428575,1,1
pb,1995+,dyad,coalition_share_cd_mid,dropfirst,raw,bls,5,14,9.154349882192257,0.8999999999999998,1,1
pb,1995+,dyad,coalition_share_cd_mid,dropfirst,tot,bls,5,13,8.55918637477947,0.8999999999999998,1,1
pb,1995+,dyad,coalition_share_cd_mid,dropfirst,totlean,bls,5,13,-0.034108851848101925,0.39999999999999997,1,0
pb,1995+,dyad,pres_congress_distance,c,raw,bls,7,24,-3.4073955547751216,-0.28571428571428575,-1,1
pb,1995+,dyad,pres_congress_distance,c,tot,bls,7,23,-2.707858279456681,-0.1785714285714286,-1,1
pb,1995+,dyad,pres_congress_distance,c,totlean,bls,7,23,-1.5414450594988742,-0.39285714285714296,-1,1
pb,1995+,dyad,pres_congress_distance,lag1,raw,bls,8,24,-1.5848079818780403,-0.4761904761904762,-1,1
pb,1995+,dyad,pres_congress_distance,lag1,tot,bls,8,23,-1.1421458054333278,-0.4285714285714286,-1,1
pb,1995+,dyad,pres_congress_distance,lag1,totlean,bls,8,23,-0.6109413269940535,-0.6666666666666669,-1,1
pb,1995+,dyad,pres_congress_distance,dropfirst,raw,bls,6,17,-3.1591122335284516,-0.2,-1,1
pb,1995+,dyad,pres_congress_distance,dropfirst,tot,bls,6,16,-2.5419732216587283,-0.2571428571428572,-1,1
pb,1995+,dyad,pres_congress_distance,dropfirst,totlean,bls,6,16,-1.2430566003985788,-0.4285714285714286,-1,1
pb,1995+,dyad,pres_congress_distance_bolognesi,c,raw,bolognesi,7,24,1.2083741809115267,0.5714285714285715,-1,0
pb,1995+,dyad,pres_congress_distance_bolognesi,c,tot,bolognesi,7,23,1.341485007552821,0.4642857142857144,-1,0
pb,1995+,dyad,pres_congress_distance_bolognesi,c,totlean,bolognesi,7,23,-0.31412551097488695,-0.1785714285714286,-1,1
pb,1995+,dyad,pres_congress_distance_bolognesi,lag1,raw,bolognesi,8,24,-0.005328714322177799,0.023809523809523815,-1,1
pb,1995+,dyad,pres_congress_distance_bolognesi,lag1,tot,bolognesi,8,23,0.20816773234767344,0.07142857142857144,-1,0
pb,1995+,dyad,pres_congress_distance_bolognesi,lag1,totlean,bolognesi,8,23,-0.28485450651152894,-0.261904761904762,-1,1
pb,1995+,dyad,pres_congress_distance_bolognesi,dropfirst,raw,bolognesi,6,17,1.5128878591801809,0.6,-1,0
pb,1995+,dyad,pres_congress_distance_bolognesi,dropfirst,tot,bolognesi,6,16,1.574051529653156,0.5428571428571429,-1,0
pb,1995+,dyad,pres_congress_distance_bolognesi,dropfirst,totlean,bolognesi,6,16,-0.09185782423716085,0.028571428571428574,-1,1
pb,1995+,dyad,enpp_cd,c,raw,bls,7,24,-0.6974097909583863,-0.9549937104572925,-1,1
pb,1995+,dyad,enpp_cd,c,tot,bls,7,23,-0.5922356760623757,-0.7207499701564473,-1,1
pb,1995+,dyad,enpp_cd,c,totlean,bls,7,23,-0.09174218028957407,-0.43244998209386837,-1,1
pb,1995+,dyad,enpp_cd,lag1,raw,bls,8,24,-0.7223973624115871,-0.9101959590540767,-1,1
pb,1995+,dyad,enpp_cd,lag1,tot,bls,8,23,-0.6283410960341417,-0.8383383833392813,-1,1
pb,1995+,dyad,enpp_cd,lag1,totlean,bls,8,23,-0.1737994665231986,-0.6946232319096901,-1,1
pb,1995+,dyad,enpp_cd,dropfirst,raw,bls,6,17,-0.6953697621486558,-0.942857142857143,-1,1
pb,1995+,dyad,enpp_cd,dropfirst,tot,bls,6,16,-0.6201571874836976,-0.8285714285714287,-1,1
pb,1995+,dyad,enpp_cd,dropfirst,totlean,bls,6,16,-0.05420935861157616,-0.5428571428571429,-1,1
pb,1995+,year,pres_party_share_cd,c,raw,bls,7,24,75.73777185550472,0.7511198904682703,1,1
pb,1995+,year,pres_party_share_cd,c,tot,bls,7,23,67.00364146271903,0.6239929387875703,1,1
pb,1995+,year,pres_party_share_cd,c,totlean,bls,7,23,17.649319988443036,0.13221038189399564,1,1
pb,1995+,year,pres_party_share_cd,lag1,raw,bls,8,24,68.76510229251919,0.7052184674710851,1,1
pb,1995+,year,pres_party_share_cd,lag1,tot,bls,8,23,60.07718006215942,0.5425390642189862,1,1
pb,1995+,year,pres_party_share_cd,lag1,totlean,bls,8,23,20.035562330593823,0.1170084249099012,1,1
pb,1995+,year,pres_party_share_cd,dropfirst,raw,bls,6,17,73.69324213769656,0.7288018351609881,1,1
pb,1995+,year,pres_party_share_cd,dropfirst,tot,bls,6,16,64.99636240346912,0.5514654048687154,1,1
pb,1995+,year,pres_party_share_cd,dropfirst,totlean,bls,6,16,15.327452131958436,0.08793637537095732,1,1
pb,1995+,year,coalition_share_cd_start,c,raw,bls,7,24,5.164324671037566,0.12102032983123144,1,1
pb,1995+,year,coalition_share_cd_start,c,tot,bls,7,23,5.728627948557771,0.36352617482691524,1,1
pb,1995+,year,coalition_share_cd_start,c,totlean,bls,7,23,-0.18073913637144662,-0.018501332143873266,1,0
pb,1995+,year,coalition_share_cd_start,lag1,raw,bls,8,24,5.619339072000209,0.1013018206967426,1,1
pb,1995+,year,coalition_share_cd_start,lag1,tot,bls,8,23,5.693594470723952,0.2678160735145562,1,1
pb,1995+,year,coalition_share_cd_start,lag1,totlean,bls,8,23,2.4011760430622973,0.024982842678596667,1,1
pb,1995+,year,coalition_share_cd_start,dropfirst,raw,bls,6,17,6.234929836559267,0.05338752795898209,1,1
pb,1995+,year,coalition_share_cd_start,dropfirst,tot,bls,6,16,6.8617765693288755,0.32193656068011495,1,1
pb,1995+,year,coalition_share_cd_start,dropfirst,totlean,bls,6,16,0.9558008867675006,-0.0432229641653858,1,1
pb,1995+,year,coalition_share_cd_mid,c,raw,bls,6,20,7.535435255127941,0.6201183023572889,1,1
pb,1995+,year,coalition_share_cd_mid,c,tot,bls,6,19,6.913253893402336,0.41129904627525476,1,1
pb,1995+,year,coalition_share_cd_mid,c,totlean,bls,6,19,0.32055635185419945,-0.03747193046325531,1,1
pb,1995+,year,coalition_share_cd_mid,lag1,raw,bls,7,20,8.480553116852684,0.6208172989846955,1,1
pb,1995+,year,coalition_share_cd_mid,lag1,tot,bls,7,19,8.639131049879827,0.5185485449547003,1,1
pb,1995+,year,coalition_share_cd_mid,lag1,totlean,bls,7,19,2.2727121471802145,0.07840596556016086,1,1
pb,1995+,year,coalition_share_cd_mid,dropfirst,raw,bls,5,14,9.007582587887997,0.5824123752296247,1,1
pb,1995+,year,coalition_share_cd_mid,dropfirst,tot,bls,5,13,8.846476137095305,0.36421567954234174,1,1
pb,1995+,year,coalition_share_cd_mid,dropfirst,totlean,bls,5,13,0.5265042537613036,-0.11206636293610515,1,1
pb,1995+,year,pres_congress_distance,c,raw,bls,7,24,-3.5271120204947626,-0.1201401819779134,-1,1
pb,1995+,year,pres_congress_distance,c,tot,bls,7,23,-2.959617940819829,-0.15051083717042846,-1,1
pb,1995+,year,pres_congress_distance,c,totlean,bls,7,23,-1.2169613519076163,-0.04250306033051966,-1,1
pb,1995+,year,pres_congress_distance,lag1,raw,bls,8,24,-1.9660747245388372,-0.13030798193745846,-1,1
pb,1995+,year,pres_congress_distance,lag1,tot,bls,8,23,-1.5366102436242994,-0.12091695856440786,-1,1
pb,1995+,year,pres_congress_distance,lag1,totlean,bls,8,23,-0.8304476778289522,-0.15489362460729933,-1,1
pb,1995+,year,pres_congress_distance,dropfirst,raw,bls,6,17,-3.5537956783048963,-0.023589837935364177,-1,1
pb,1995+,year,pres_congress_distance,dropfirst,tot,bls,6,16,-3.0617034643042076,-0.09240771649151447,-1,1
pb,1995+,year,pres_congress_distance,dropfirst,totlean,bls,6,16,-1.1337669042475362,-0.016394917442042887,-1,1
pb,1995+,year,pres_congress_distance_bolognesi,c,raw,bolognesi,7,24,1.440667557486855,0.3423775149407202,-1,0
pb,1995+,year,pres_congress_distance_bolognesi,c,tot,bolognesi,7,23,1.601438666058691,0.23151666980036004,-1,0
pb,1995+,year,pres_congress_distance_bolognesi,c,totlean,bolognesi,7,23,-0.1316335308803788,-0.2875207022358683,-1,1
pb,1995+,year,pres_congress_distance_bolognesi,lag1,raw,bolognesi,8,24,0.900151746464618,0.3482936785343536,-1,0
pb,1995+,year,pres_congress_distance_bolognesi,lag1,tot,bolognesi,8,23,1.0608417826764902,0.29179960248600906,-1,0
pb,1995+,year,pres_congress_distance_bolognesi,lag1,totlean,bolognesi,8,23,-0.034694808689491305,-0.12791215451441493,-1,1
pb,1995+,year,pres_congress_distance_bolognesi,dropfirst,raw,bolognesi,6,17,1.5919716689914059,0.40847666740709554,-1,0
pb,1995+,year,pres_congress_distance_bolognesi,dropfirst,tot,bolognesi,6,16,1.7587024463970942,0.28616583171565774,-1,0
pb,1995+,year,pres_congress_distance_bolognesi,dropfirst,totlean,bolognesi,6,16,0.0019861550795082336,-0.22803839714841473,-1,0
pb,1995+,year,enpp_cd,c,raw,bls,7,24,-0.6601125629706991,-0.7315004426062155,-1,1
pb,1995+,year,enpp_cd,c,tot,bls,7,23,-0.5845026998170053,-0.445208445090008,-1,1
pb,1995+,year,enpp_cd,c,totlean,bls,7,23,-0.05523624097622799,0.04607331490245302,-1,1
pb,1995+,year,enpp_cd,lag1,raw,bls,8,24,-0.6891482056052691,-0.8112762837959095,-1,1
pb,1995+,year,enpp_cd,lag1,tot,bls,8,23,-0.6095596363165451,-0.552959700596222,-1,1
pb,1995+,year,enpp_cd,lag1,totlean,bls,8,23,-0.17716182756799664,-0.1165969323429138,-1,1
pb,1995+,year,enpp_cd,dropfirst,raw,bls,6,17,-0.6841409585277731,-0.743700680172797,-1,1
pb,1995+,year,enpp_cd,dropfirst,tot,bls,6,16,-0.6134603886492602,-0.40838248901088653,-1,1
pb,1995+,year,enpp_cd,dropfirst,totlean,bls,6,16,-0.07396603646456787,0.058127434567242973,-1,1
pb,2003+,dyad,pres_party_share_cd,c,raw,bls,7,24,79.11688144329892,0.9549937104572925,1,1
pb,2003+,dyad,pres_party_share_cd,c,tot,bls,7,23,69.44754150546048,0.9189562119494703,1,1
pb,2003+,dyad,pres_party_share_cd,c,totlean,bls,7,23,21.838655549983752,0.6306562238868914,1,1
pb,2003+,dyad,pres_party_share_cd,lag1,raw,bls,8,24,71.3251594578797,0.8503146459584139,1,1
pb,2003+,dyad,pres_party_share_cd,lag1,tot,bls,8,23,59.70741658210823,0.730552019767088,1,1
pb,2003+,dyad,pres_party_share_cd,lag1,totlean,bls,8,23,21.29806697115135,0.7185757571479554,1,1
pb,2003+,dyad,pres_party_share_cd,dropfirst,raw,bls,6,17,74.82574754002054,0.942857142857143,1,1
pb,2003+,dyad,pres_party_share_cd,dropfirst,tot,bls,6,16,66.15800222093961,1.0,1,1
pb,2003+,dyad,pres_party_share_cd,dropfirst,totlean,bls,6,16,16.051932132361312,0.8285714285714287,1,1
pb,2003+,dyad,coalition_share_cd_start,c,raw,bls,7,24,3.7467949747428175,0.3214285714285715,1,1
pb,2003+,dyad,coalition_share_cd_start,c,tot,bls,7,23,4.559307615902339,0.42857142857142866,1,1
pb,2003+,dyad,coalition_share_cd_start,c,totlean,bls,7,23,-1.0535662877060015,0.21428571428571433,1,0
pb,2003+,dyad,coalition_share_cd_start,lag1,raw,bls,8,24,5.863126529147509,0.28571428571428575,1,1
pb,2003+,dyad,coalition_share_cd_start,lag1,tot,bls,8,23,4.9636403308873405,0.3333333333333334,1,1
pb,2003+,dyad,coalition_share_cd_start,lag1,totlean,bls,8,23,2.391305967826182,0.3333333333333334,1,1
pb,2003+,dyad,coalition_share_cd_start,dropfirst,raw,bls,6,17,5.672845814616039,0.3142857142857143,1,1
pb,2003+,dyad,coalition_share_cd_start,dropfirst,tot,bls,6,16,6.198039531351774,0.3714285714285715,1,1
pb,2003+,dyad,coalition_share_cd_start,dropfirst,totlean,bls,6,16,0.856519834284333,0.3142857142857143,1,1
pb,2003+,dyad,coalition_share_cd_mid,c,raw,bls,6,20,6.996622853539067,0.7714285714285715,1,1
pb,2003+,dyad,coalition_share_cd_mid,c,tot,bls,6,19,5.520624491635215,0.6,1,1
pb,2003+,dyad,coalition_share_cd_mid,c,totlean,bls,6,19,1.5821918616451756,0.48571428571428577,1,1
pb,2003+,dyad,coalition_share_cd_mid,lag1,raw,bls,7,20,7.591321163710576,0.7500000000000002,1,1
pb,2003+,dyad,coalition_share_cd_mid,lag1,tot,bls,7,19,8.261571747626316,0.7500000000000002,1,1
pb,2003+,dyad,coalition_share_cd_mid,lag1,totlean,bls,7,19,1.6017254534507046,0.28571428571428575,1,1
pb,2003+,dyad,coalition_share_cd_mid,dropfirst,raw,bls,5,14,9.154349882192257,0.8999999999999998,1,1
pb,2003+,dyad,coalition_share_cd_mid,dropfirst,tot,bls,5,13,8.55918637477947,0.8999999999999998,1,1
pb,2003+,dyad,coalition_share_cd_mid,dropfirst,totlean,bls,5,13,-0.034108851848101925,0.39999999999999997,1,0
pb,2003+,dyad,pres_congress_distance,c,raw,bls,7,24,-3.4073955547751216,-0.28571428571428575,-1,1
pb,2003+,dyad,pres_congress_distance,c,tot,bls,7,23,-2.707858279456681,-0.1785714285714286,-1,1
pb,2003+,dyad,pres_congress_distance,c,totlean,bls,7,23,-1.5414450594988742,-0.39285714285714296,-1,1
pb,2003+,dyad,pres_congress_distance,lag1,raw,bls,8,24,-1.5848079818780403,-0.4761904761904762,-1,1
pb,2003+,dyad,pres_congress_distance,lag1,tot,bls,8,23,-1.1421458054333278,-0.4285714285714286,-1,1
pb,2003+,dyad,pres_congress_distance,lag1,totlean,bls,8,23,-0.6109413269940535,-0.6666666666666669,-1,1
pb,2003+,dyad,pres_congress_distance,dropfirst,raw,bls,6,17,-3.1591122335284516,-0.2,-1,1
pb,2003+,dyad,pres_congress_distance,dropfirst,tot,bls,6,16,-2.5419732216587283,-0.2571428571428572,-1,1
pb,2003+,dyad,pres_congress_distance,dropfirst,totlean,bls,6,16,-1.2430566003985788,-0.4285714285714286,-1,1
pb,2003+,dyad,pres_congress_distance_bolognesi,c,raw,bolognesi,7,24,1.2083741809115267,0.5714285714285715,-1,0
pb,2003+,dyad,pres_congress_distance_bolognesi,c,tot,bolognesi,7,23,1.341485007552821,0.4642857142857144,-1,0
pb,2003+,dyad,pres_congress_distance_bolognesi,c,totlean,bolognesi,7,23,-0.31412551097488695,-0.1785714285714286,-1,1
pb,2003+,dyad,pres_congress_distance_bolognesi,lag1,raw,bolognesi,8,24,-0.005328714322177799,0.023809523809523815,-1,1
pb,2003+,dyad,pres_congress_distance_bolognesi,lag1,tot,bolognesi,8,23,0.20816773234767344,0.07142857142857144,-1,0
pb,2003+,dyad,pres_congress_distance_bolognesi,lag1,totlean,bolognesi,8,23,-0.28485450651152894,-0.261904761904762,-1,1
pb,2003+,dyad,pres_congress_distance_bolognesi,dropfirst,raw,bolognesi,6,17,1.5128878591801809,0.6,-1,0
pb,2003+,dyad,pres_congress_distance_bolognesi,dropfirst,tot,bolognesi,6,16,1.574051529653156,0.5428571428571429,-1,0
pb,2003+,dyad,pres_congress_distance_bolognesi,dropfirst,totlean,bolognesi,6,16,-0.09185782423716085,0.028571428571428574,-1,1
pb,2003+,dyad,enpp_cd,c,raw,bls,7,24,-0.6974097909583863,-0.9549937104572925,-1,1
pb,2003+,dyad,enpp_cd,c,tot,bls,7,23,-0.5922356760623757,-0.7207499701564473,-1,1
pb,2003+,dyad,enpp_cd,c,totlean,bls,7,23,-0.09174218028957407,-0.43244998209386837,-1,1
pb,2003+,dyad,enpp_cd,lag1,raw,bls,8,24,-0.7223973624115871,-0.9101959590540767,-1,1
pb,2003+,dyad,enpp_cd,lag1,tot,bls,8,23,-0.6283410960341417,-0.8383383833392813,-1,1
pb,2003+,dyad,enpp_cd,lag1,totlean,bls,8,23,-0.1737994665231986,-0.6946232319096901,-1,1
pb,2003+,dyad,enpp_cd,dropfirst,raw,bls,6,17,-0.6953697621486558,-0.942857142857143,-1,1
pb,2003+,dyad,enpp_cd,dropfirst,tot,bls,6,16,-0.6201571874836976,-0.8285714285714287,-1,1
pb,2003+,dyad,enpp_cd,dropfirst,totlean,bls,6,16,-0.05420935861157616,-0.5428571428571429,-1,1
pb,2003+,year,pres_party_share_cd,c,raw,bls,7,24,75.73777185550472,0.7511198904682703,1,1
pb,2003+,year,pres_party_share_cd,c,tot,bls,7,23,67.00364146271903,0.6239929387875703,1,1
pb,2003+,year,pres_party_share_cd,c,totlean,bls,7,23,17.649319988443036,0.13221038189399564,1,1
pb,2003+,year,pres_party_share_cd,lag1,raw,bls,8,24,68.76510229251919,0.7052184674710851,1,1
pb,2003+,year,pres_party_share_cd,lag1,tot,bls,8,23,60.07718006215942,0.5425390642189862,1,1
pb,2003+,year,pres_party_share_cd,lag1,totlean,bls,8,23,20.035562330593823,0.1170084249099012,1,1
pb,2003+,year,pres_party_share_cd,dropfirst,raw,bls,6,17,73.69324213769656,0.7288018351609881,1,1
pb,2003+,year,pres_party_share_cd,dropfirst,tot,bls,6,16,64.99636240346912,0.5514654048687154,1,1
pb,2003+,year,pres_party_share_cd,dropfirst,totlean,bls,6,16,15.327452131958436,0.08793637537095732,1,1
pb,2003+,year,coalition_share_cd_start,c,raw,bls,7,24,5.164324671037566,0.12102032983123144,1,1
pb,2003+,year,coalition_share_cd_start,c,tot,bls,7,23,5.728627948557771,0.36352617482691524,1,1
pb,2003+,year,coalition_share_cd_start,c,totlean,bls,7,23,-0.18073913637144662,-0.018501332143873266,1,0
pb,2003+,year,coalition_share_cd_start,lag1,raw,bls,8,24,5.619339072000209,0.1013018206967426,1,1
pb,2003+,year,coalition_share_cd_start,lag1,tot,bls,8,23,5.693594470723952,0.2678160735145562,1,1
pb,2003+,year,coalition_share_cd_start,lag1,totlean,bls,8,23,2.4011760430622973,0.024982842678596667,1,1
pb,2003+,year,coalition_share_cd_start,dropfirst,raw,bls,6,17,6.234929836559267,0.05338752795898209,1,1
pb,2003+,year,coalition_share_cd_start,dropfirst,tot,bls,6,16,6.8617765693288755,0.32193656068011495,1,1
pb,2003+,year,coalition_share_cd_start,dropfirst,totlean,bls,6,16,0.9558008867675006,-0.0432229641653858,1,1
pb,2003+,year,coalition_share_cd_mid,c,raw,bls,6,20,7.535435255127941,0.6201183023572889,1,1
pb,2003+,year,coalition_share_cd_mid,c,tot,bls,6,19,6.913253893402336,0.41129904627525476,1,1
pb,2003+,year,coalition_share_cd_mid,c,totlean,bls,6,19,0.32055635185419945,-0.03747193046325531,1,1
pb,2003+,year,coalition_share_cd_mid,lag1,raw,bls,7,20,8.480553116852684,0.6208172989846955,1,1
pb,2003+,year,coalition_share_cd_mid,lag1,tot,bls,7,19,8.639131049879827,0.5185485449547003,1,1
pb,2003+,year,coalition_share_cd_mid,lag1,totlean,bls,7,19,2.2727121471802145,0.07840596556016086,1,1
pb,2003+,year,coalition_share_cd_mid,dropfirst,raw,bls,5,14,9.007582587887997,0.5824123752296247,1,1
pb,2003+,year,coalition_share_cd_mid,dropfirst,tot,bls,5,13,8.846476137095305,0.36421567954234174,1,1
pb,2003+,year,coalition_share_cd_mid,dropfirst,totlean,bls,5,13,0.5265042537613036,-0.11206636293610515,1,1
pb,2003+,year,pres_congress_distance,c,raw,bls,7,24,-3.5271120204947626,-0.1201401819779134,-1,1
pb,2003+,year,pres_congress_distance,c,tot,bls,7,23,-2.959617940819829,-0.15051083717042846,-1,1
pb,2003+,year,pres_congress_distance,c,totlean,bls,7,23,-1.2169613519076163,-0.04250306033051966,-1,1
pb,2003+,year,pres_congress_distance,lag1,raw,bls,8,24,-1.9660747245388372,-0.13030798193745846,-1,1
pb,2003+,year,pres_congress_distance,lag1,tot,bls,8,23,-1.5366102436242994,-0.12091695856440786,-1,1
pb,2003+,year,pres_congress_distance,lag1,totlean,bls,8,23,-0.8304476778289522,-0.15489362460729933,-1,1
pb,2003+,year,pres_congress_distance,dropfirst,raw,bls,6,17,-3.5537956783048963,-0.023589837935364177,-1,1
pb,2003+,year,pres_congress_distance,dropfirst,tot,bls,6,16,-3.0617034643042076,-0.09240771649151447,-1,1
pb,2003+,year,pres_congress_distance,dropfirst,totlean,bls,6,16,-1.1337669042475362,-0.016394917442042887,-1,1
pb,2003+,year,pres_congress_distance_bolognesi,c,raw,bolognesi,7,24,1.440667557486855,0.3423775149407202,-1,0
pb,2003+,year,pres_congress_distance_bolognesi,c,tot,bolognesi,7,23,1.601438666058691,0.23151666980036004,-1,0
pb,2003+,year,pres_congress_distance_bolognesi,c,totlean,bolognesi,7,23,-0.1316335308803788,-0.2875207022358683,-1,1
pb,2003+,year,pres_congress_distance_bolognesi,lag1,raw,bolognesi,8,24,0.900151746464618,0.3482936785343536,-1,0
pb,2003+,year,pres_congress_distance_bolognesi,lag1,tot,bolognesi,8,23,1.0608417826764902,0.29179960248600906,-1,0
pb,2003+,year,pres_congress_distance_bolognesi,lag1,totlean,bolognesi,8,23,-0.034694808689491305,-0.12791215451441493,-1,1
pb,2003+,year,pres_congress_distance_bolognesi,dropfirst,raw,bolognesi,6,17,1.5919716689914059,0.40847666740709554,-1,0
pb,2003+,year,pres_congress_distance_bolognesi,dropfirst,tot,bolognesi,6,16,1.7587024463970942,0.28616583171565774,-1,0
pb,2003+,year,pres_congress_distance_bolognesi,dropfirst,totlean,bolognesi,6,16,0.0019861550795082336,-0.22803839714841473,-1,0
pb,2003+,year,enpp_cd,c,raw,bls,7,24,-0.6601125629706991,-0.7315004426062155,-1,1
pb,2003+,year,enpp_cd,c,tot,bls,7,23,-0.5845026998170053,-0.445208445090008,-1,1
pb,2003+,year,enpp_cd,c,totlean,bls,7,23,-0.05523624097622799,0.04607331490245302,-1,1
pb,2003+,year,enpp_cd,lag1,raw,bls,8,24,-0.6891482056052691,-0.8112762837959095,-1,1
pb,2003+,year,enpp_cd,lag1,tot,bls,8,23,-0.6095596363165451,-0.552959700596222,-1,1
pb,2003+,year,enpp_cd,lag1,totlean,bls,8,23,-0.17716182756799664,-0.1165969323429138,-1,1
pb,2003+,year,enpp_cd,dropfirst,raw,bls,6,17,-0.6841409585277731,-0.743700680172797,-1,1
pb,2003+,year,enpp_cd,dropfirst,tot,bls,6,16,-0.6134603886492602,-0.40838248901088653,-1,1
pb,2003+,year,enpp_cd,dropfirst,totlean,bls,6,16,-0.07396603646456787,0.058127434567242973,-1,1
pb,1987+,dyad,centrao_share_cd_narrow,c,raw,-,7,24,-22.48258735699405,-0.6306562238868914,-1,1
pb,1987+,year,centrao_share_cd_narrow,c,raw,-,7,24,-21.781211813526397,-0.7843799926741344,-1,1
pb,1987+,dyad,centrao_share_cd_broad,c,raw,-,7,24,-75.11535410915273,-0.7748062179181807,-1,1
pb,1987+,year,centrao_share_cd_broad,c,raw,-,7,24,-75.62812161348573,-0.7297377909372847,-1,1
ddebt,1987+,dyad,pres_party_share_cd,c,raw,bls,6,19,-16.25671941140895,-0.20291986247835697,-1,1
ddebt,1987+,dyad,pres_party_share_cd,c,tot,bls,6,18,3.563551558272308,0.11595420713048969,-1,0
ddebt,1987+,dyad,pres_party_share_cd,c,totlean,bls,6,18,-13.898810296590726,-0.057977103565244846,-1,1
ddebt,1987+,dyad,pres_party_share_cd,lag1,raw,bls,6,19,14.169199254182645,0.2608969660436018,-1,0
ddebt,1987+,dyad,pres_party_share_cd,lag1,tot,bls,6,18,-5.158782262835596,0.057977103565244846,-1,1
ddebt,1987+,dyad,pres_party_share_cd,lag1,totlean,bls,6,18,-21.008822571425863,-0.23190841426097938,-1,1
ddebt,1987+,dyad,pres_party_share_cd,dropfirst,raw,bls,5,14,2.2364101315147855,-0.09999999999999999,-1,0
ddebt,1987+,dyad,pres_party_share_cd,dropfirst,tot,bls,5,13,-11.058007725183325,-0.09999999999999999,-1,1
ddebt,1987+,dyad,pres_party_share_cd,dropfirst,totlean,bls,5,13,-30.205380666941775,-0.09999999999999999,-1,1
ddebt,1987+,dyad,coalition_share_cd_start,c,raw,bls,6,19,7.082790325361772,-0.08571428571428573,-1,0
ddebt,1987+,dyad,coalition_share_cd_start,c,tot,bls,6,18,3.529665347772531,-0.08571428571428573,-1,0
ddebt,1987+,dyad,coalition_share_cd_start,c,totlean,bls,6,18,1.1265021029500466,-0.2,-1,0
ddebt,1987+,dyad,coalition_share_cd_start,lag1,raw,bls,6,19,4.4538824305494185,0.2571428571428572,-1,0
ddebt,1987+,dyad,coalition_share_cd_start,lag1,tot,bls,6,18,0.11236960345522487,-0.2,-1,0
ddebt,1987+,dyad,coalition_share_cd_start,lag1,totlean,bls,6,18,-1.2511607305510621,-0.48571428571428577,-1,1
ddebt,1987+,dyad,coalition_share_cd_start,dropfirst,raw,bls,5,14,3.812623575647254,-0.19999999999999998,-1,0
ddebt,1987+,dyad,coalition_share_cd_start,dropfirst,tot,bls,5,13,1.0933996220574744,-0.19999999999999998,-1,0
ddebt,1987+,dyad,coalition_share_cd_start,dropfirst,totlean,bls,5,13,-1.2280649859586272,-0.19999999999999998,-1,1
ddebt,1987+,dyad,coalition_share_cd_mid,c,raw,bls,5,16,-5.373893052383336,-0.3,-1,1
ddebt,1987+,dyad,coalition_share_cd_mid,c,tot,bls,5,15,5.099963905840575,0.39999999999999997,-1,0
ddebt,1987+,dyad,coalition_share_cd_mid,c,totlean,bls,5,15,4.516928403734203,0.7999999999999999,-1,0
ddebt,1987+,dyad,coalition_share_cd_mid,lag1,raw,bls,5,15,1.7411586050329184,-0.09999999999999999,-1,0
ddebt,1987+,dyad,coalition_share_cd_mid,lag1,tot,bls,5,14,2.575612854456522,0.3,-1,0
ddebt,1987+,dyad,coalition_share_cd_mid,lag1,totlean,bls,5,14,1.092573369974635,0.09999999999999999,-1,0
ddebt,1987+,dyad,coalition_share_cd_mid,dropfirst,raw,bls,4,11,8.002255151922204,0.7999999999999999,-1,0
ddebt,1987+,dyad,coalition_share_cd_mid,dropfirst,tot,bls,4,10,7.125847779622969,0.7999999999999999,-1,0
ddebt,1987+,dyad,coalition_share_cd_mid,dropfirst,totlean,bls,4,10,4.616639223694574,0.7999999999999999,-1,0
ddebt,1987+,dyad,pres_congress_distance,c,raw,bls,6,19,0.2919336316349682,-0.2,1,1
ddebt,1987+,dyad,pres_congress_distance,c,tot,bls,6,18,0.04849616465581433,0.14285714285714288,1,1
ddebt,1987+,dyad,pres_congress_distance,c,totlean,bls,6,18,0.5335173991984129,-0.2,1,1
ddebt,1987+,dyad,pres_congress_distance,lag1,raw,bls,6,19,-0.09804910523029685,-0.08571428571428573,1,0
ddebt,1987+,dyad,pres_congress_distance,lag1,tot,bls,6,18,1.510205184117865,0.4285714285714286,1,1
ddebt,1987+,dyad,pres_congress_distance,lag1,totlean,bls,6,18,1.9097431192487517,0.6571428571428573,1,1
ddebt,1987+,dyad,pres_congress_distance,dropfirst,raw,bls,5,14,-0.697510100662465,-0.19999999999999998,1,0
ddebt,1987+,dyad,pres_congress_distance,dropfirst,tot,bls,5,13,0.7850797825425513,-0.19999999999999998,1,1
ddebt,1987+,dyad,pres_congress_distance,dropfirst,totlean,bls,5,13,1.3736297752809286,-0.19999999999999998,1,1
ddebt,1987+,dyad,pres_congress_distance_bolognesi,c,raw,bolognesi,6,19,0.5801702457032354,0.14285714285714288,1,1
ddebt,1987+,dyad,pres_congress_distance_bolognesi,c,tot,bolognesi,6,18,0.3996465333221716,0.6,1,1
ddebt,1987+,dyad,pres_congress_distance_bolognesi,c,totlean,bolognesi,6,18,-0.0764867803631829,0.14285714285714288,1,0
ddebt,1987+,dyad,pres_congress_distance_bolognesi,lag1,raw,bolognesi,6,19,0.7056337179049501,0.3714285714285715,1,1
ddebt,1987+,dyad,pres_congress_distance_bolognesi,lag1,tot,bolognesi,6,18,0.7799977122319686,0.6571428571428573,1,1
ddebt,1987+,dyad,pres_congress_distance_bolognesi,lag1,totlean,bolognesi,6,18,0.4371411650517485,0.6,1,1
ddebt,1987+,dyad,pres_congress_distance_bolognesi,dropfirst,raw,bolognesi,5,14,-0.10445073723757548,0.09999999999999999,1,0
ddebt,1987+,dyad,pres_congress_distance_bolognesi,dropfirst,tot,bolognesi,5,13,0.20331916787306586,0.09999999999999999,1,1
ddebt,1987+,dyad,pres_congress_distance_bolognesi,dropfirst,totlean,bolognesi,5,13,-0.2685395430683413,0.09999999999999999,1,0
ddebt,1987+,dyad,enpp_cd,c,raw,bls,6,19,0.2004377098795991,0.3478626213914691,1,1
ddebt,1987+,dyad,enpp_cd,c,tot,bls,6,18,-0.15091439028641215,-0.028988551782622423,1,0
ddebt,1987+,dyad,enpp_cd,c,totlean,bls,6,18,0.023104618460812677,-0.028988551782622423,1,1
ddebt,1987+,dyad,enpp_cd,lag1,raw,bls,6,19,-0.07167955770492554,0.17393131069573456,1,0
ddebt,1987+,dyad,enpp_cd,lag1,tot,bls,6,18,-0.10983763682507043,0.057977103565244846,1,0
ddebt,1987+,dyad,enpp_cd,lag1,totlean,bls,6,18,0.05819574481404545,0.23190841426097938,1,1
ddebt,1987+,dyad,enpp_cd,dropfirst,raw,bls,5,14,-0.1278032982434226,0.09999999999999999,1,0
ddebt,1987+,dyad,enpp_cd,dropfirst,tot,bls,5,13,-0.08480451185817987,0.09999999999999999,1,0
ddebt,1987+,dyad,enpp_cd,dropfirst,totlean,bls,5,13,0.12166131663393716,0.09999999999999999,1,1
ddebt,1987+,year,pres_party_share_cd,c,raw,bls,6,19,-1.3614310484142707,0.025991674107982036,-1,1
ddebt,1987+,year,pres_party_share_cd,c,tot,bls,6,18,11.540159683855839,0.18424737947736972,-1,0
ddebt,1987+,year,pres_party_share_cd,c,totlean,bls,6,18,-5.735543508193593,0.08843874214913747,-1,1
ddebt,1987+,year,pres_party_share_cd,lag1,raw,bls,6,19,18.137834714489223,0.17624163917669997,-1,0
ddebt,1987+,year,pres_party_share_cd,lag1,tot,bls,6,18,-2.887795758475727,0.011581263852863238,-1,1
ddebt,1987+,year,pres_party_share_cd,lag1,totlean,bls,6,18,-18.34143359119167,-0.027373896379494927,-1,1
ddebt,1987+,year,pres_party_share_cd,dropfirst,raw,bls,5,14,4.4839999999999485,0.0716815231051846,-1,0
ddebt,1987+,year,pres_party_share_cd,dropfirst,tot,bls,5,13,-8.352658490335857,-0.002801659073402629,-1,1
ddebt,1987+,year,pres_party_share_cd,dropfirst,totlean,bls,5,13,-27.320458954866737,0.0196116135138184,-1,1
ddebt,1987+,year,coalition_share_cd_start,c,raw,bls,6,19,5.138272005719618,0.07405167210595692,-1,0
ddebt,1987+,year,coalition_share_cd_start,c,tot,bls,6,18,3.8222419185967555,0.10389712034199478,-1,0
ddebt,1987+,year,coalition_share_cd_start,c,totlean,bls,6,18,1.5294473755902906,0.041978634481614055,-1,0
ddebt,1987+,year,coalition_share_cd_start,lag1,raw,bls,6,19,3.5948974853754097,0.13204394544194728,-1,0
ddebt,1987+,year,coalition_share_cd_start,lag1,tot,bls,6,18,-0.15794445724485043,-0.07147819649709188,-1,1
ddebt,1987+,year,coalition_share_cd_start,lag1,totlean,bls,6,18,-1.773176660142785,-0.07988739608498505,-1,1
ddebt,1987+,year,coalition_share_cd_start,dropfirst,raw,bls,5,14,3.5343495954319333,0.049281047134814404,-1,0
ddebt,1987+,year,coalition_share_cd_start,dropfirst,tot,bls,5,13,0.8390411021018899,-0.03642156795423417,-1,0
ddebt,1987+,year,coalition_share_cd_start,dropfirst,totlean,bls,5,13,-1.614147827405532,0.008404977220207888,-1,1
ddebt,1987+,year,coalition_share_cd_mid,c,raw,bls,5,16,2.04426187130487,0.034702208967586086,-1,0
ddebt,1987+,year,coalition_share_cd_mid,c,tot,bls,5,15,7.216445168687099,0.48001130043983986,-1,0
ddebt,1987+,year,coalition_share_cd_mid,c,totlean,bls,5,15,5.541783920375326,0.3902381946323889,-1,0
ddebt,1987+,year,coalition_share_cd_mid,lag1,raw,bls,5,15,5.4550445713834055,0.16855358641398957,-1,0
ddebt,1987+,year,coalition_share_cd_mid,lag1,tot,bls,5,14,2.9597910964128658,0.21929655443862586,-1,0
ddebt,1987+,year,coalition_share_cd_mid,lag1,totlean,bls,5,14,1.2516763773621817,0.16277682391320683,-1,0
ddebt,1987+,year,coalition_share_cd_mid,dropfirst,raw,bls,4,11,8.05107750638915,0.2717887526058411,-1,0
ddebt,1987+,year,coalition_share_cd_mid,dropfirst,tot,bls,4,10,6.595193272509093,0.3126526997403612,-1,0
ddebt,1987+,year,coalition_share_cd_mid,dropfirst,totlean,bls,4,10,4.080195647621237,0.25012215979228897,-1,0
ddebt,1987+,year,pres_congress_distance,c,raw,bls,6,19,-0.5644131906629523,-0.19895810698347463,1,0
ddebt,1987+,year,pres_congress_distance,c,tot,bls,6,18,-0.46599905669859126,-0.21094263827011062,1,0
ddebt,1987+,year,pres_congress_distance,c,totlean,bls,6,18,0.15177875949059477,-0.22458569447663518,1,1
ddebt,1987+,year,pres_congress_distance,lag1,raw,bls,6,19,-0.5499039103833948,-0.06245321743875886,1,0
ddebt,1987+,year,pres_congress_distance,lag1,tot,bls,6,18,0.9633402951384503,0.09039889556985149,1,1
ddebt,1987+,year,pres_congress_distance,lag1,totlean,bls,6,18,1.4931313933516743,-0.014716099278813035,1,1
ddebt,1987+,year,pres_congress_distance,dropfirst,raw,bls,5,14,-0.47448176738461173,-0.12992276062814706,1,0
ddebt,1987+,year,pres_congress_distance,dropfirst,tot,bls,5,13,0.5827991872953465,-0.1652978853307551,1,1
ddebt,1987+,year,pres_congress_distance,dropfirst,totlean,bls,5,13,1.3527943443419117,-0.2437443393860287,1,1
ddebt,1987+,year,pres_congress_distance_bolognesi,c,raw,bolognesi,6,19,0.17280001434986306,0.08654231559370869,1,1
ddebt,1987+,year,pres_congress_distance_bolognesi,c,tot,bolognesi,6,18,0.44196025009031104,0.19205225275338425,1,1
ddebt,1987+,year,pres_congress_distance_bolognesi,c,totlean,bolognesi,6,18,-0.03958256294928019,0.058770088274259676,1,0
ddebt,1987+,year,pres_congress_distance_bolognesi,lag1,raw,bolognesi,6,19,0.5197194614121273,0.18735965231627658,1,1
ddebt,1987+,year,pres_congress_distance_bolognesi,lag1,tot,bolognesi,6,18,0.5513682789019887,0.20602538990338248,1,1
ddebt,1987+,year,pres_congress_distance_bolognesi,lag1,totlean,bolognesi,6,18,0.12000443963278626,0.09039889556985149,1,1
ddebt,1987+,year,pres_congress_distance_bolognesi,dropfirst,raw,bolognesi,5,14,0.11147331127332549,0.08512180868740671,1,1
ddebt,1987+,year,pres_congress_distance_bolognesi,dropfirst,tot,bolognesi,5,13,0.11834159697779209,0.07564479498187099,1,1
ddebt,1987+,year,pres_congress_distance_bolognesi,dropfirst,totlean,bolognesi,5,13,-0.4066498598990114,-0.0196116135138184,1,0
ddebt,1987+,year,enpp_cd,c,raw,bls,6,19,-0.06601849231925563,0.020576435030782225,1,0
ddebt,1987+,year,enpp_cd,c,tot,bls,6,18,-0.2168673917490934,-0.16529622044541167,1,0
ddebt,1987+,year,enpp_cd,c,totlean,bls,6,18,-0.030005620849270612,-0.020004001200400138,1,0
ddebt,1987+,year,enpp_cd,lag1,raw,bls,6,19,-0.1293088302720691,0.013419414150510147,1,0
ddebt,1987+,year,enpp_cd,lag1,tot,bls,6,18,-0.053626997148904135,-0.0801452366566842,1,0
ddebt,1987+,year,enpp_cd,lag1,totlean,bls,6,18,0.10897137340600509,0.0231999369269349,1,1
ddebt,1987+,year,enpp_cd,dropfirst,raw,bls,5,14,-0.15614292599340998,-0.004480095194074037,1,0
ddebt,1987+,year,enpp_cd,dropfirst,tot,bls,5,13,-0.04405549535897083,-0.014008295367013144,1,0
ddebt,1987+,year,enpp_cd,dropfirst,totlean,bls,5,13,0.16104174492659307,0.07004147683506572,1,1
ddebt,1995+,dyad,pres_party_share_cd,c,raw,bls,6,19,-16.25671941140895,-0.20291986247835697,-1,1
ddebt,1995+,dyad,pres_party_share_cd,c,tot,bls,6,18,3.563551558272308,0.11595420713048969,-1,0
ddebt,1995+,dyad,pres_party_share_cd,c,totlean,bls,6,18,-13.898810296590726,-0.057977103565244846,-1,1
ddebt,1995+,dyad,pres_party_share_cd,lag1,raw,bls,6,19,14.169199254182645,0.2608969660436018,-1,0
ddebt,1995+,dyad,pres_party_share_cd,lag1,tot,bls,6,18,-5.158782262835596,0.057977103565244846,-1,1
ddebt,1995+,dyad,pres_party_share_cd,lag1,totlean,bls,6,18,-21.008822571425863,-0.23190841426097938,-1,1
ddebt,1995+,dyad,pres_party_share_cd,dropfirst,raw,bls,5,14,2.2364101315147855,-0.09999999999999999,-1,0
ddebt,1995+,dyad,pres_party_share_cd,dropfirst,tot,bls,5,13,-11.058007725183325,-0.09999999999999999,-1,1
ddebt,1995+,dyad,pres_party_share_cd,dropfirst,totlean,bls,5,13,-30.205380666941775,-0.09999999999999999,-1,1
ddebt,1995+,dyad,coalition_share_cd_start,c,raw,bls,6,19,7.082790325361772,-0.08571428571428573,-1,0
ddebt,1995+,dyad,coalition_share_cd_start,c,tot,bls,6,18,3.529665347772531,-0.08571428571428573,-1,0
ddebt,1995+,dyad,coalition_share_cd_start,c,totlean,bls,6,18,1.1265021029500466,-0.2,-1,0
ddebt,1995+,dyad,coalition_share_cd_start,lag1,raw,bls,6,19,4.4538824305494185,0.2571428571428572,-1,0
ddebt,1995+,dyad,coalition_share_cd_start,lag1,tot,bls,6,18,0.11236960345522487,-0.2,-1,0
ddebt,1995+,dyad,coalition_share_cd_start,lag1,totlean,bls,6,18,-1.2511607305510621,-0.48571428571428577,-1,1
ddebt,1995+,dyad,coalition_share_cd_start,dropfirst,raw,bls,5,14,3.812623575647254,-0.19999999999999998,-1,0
ddebt,1995+,dyad,coalition_share_cd_start,dropfirst,tot,bls,5,13,1.0933996220574744,-0.19999999999999998,-1,0
ddebt,1995+,dyad,coalition_share_cd_start,dropfirst,totlean,bls,5,13,-1.2280649859586272,-0.19999999999999998,-1,1
ddebt,1995+,dyad,coalition_share_cd_mid,c,raw,bls,5,16,-5.373893052383336,-0.3,-1,1
ddebt,1995+,dyad,coalition_share_cd_mid,c,tot,bls,5,15,5.099963905840575,0.39999999999999997,-1,0
ddebt,1995+,dyad,coalition_share_cd_mid,c,totlean,bls,5,15,4.516928403734203,0.7999999999999999,-1,0
ddebt,1995+,dyad,coalition_share_cd_mid,lag1,raw,bls,5,15,1.7411586050329184,-0.09999999999999999,-1,0
ddebt,1995+,dyad,coalition_share_cd_mid,lag1,tot,bls,5,14,2.575612854456522,0.3,-1,0
ddebt,1995+,dyad,coalition_share_cd_mid,lag1,totlean,bls,5,14,1.092573369974635,0.09999999999999999,-1,0
ddebt,1995+,dyad,coalition_share_cd_mid,dropfirst,raw,bls,4,11,8.002255151922204,0.7999999999999999,-1,0
ddebt,1995+,dyad,coalition_share_cd_mid,dropfirst,tot,bls,4,10,7.125847779622969,0.7999999999999999,-1,0
ddebt,1995+,dyad,coalition_share_cd_mid,dropfirst,totlean,bls,4,10,4.616639223694574,0.7999999999999999,-1,0
ddebt,1995+,dyad,pres_congress_distance,c,raw,bls,6,19,0.2919336316349682,-0.2,1,1
ddebt,1995+,dyad,pres_congress_distance,c,tot,bls,6,18,0.04849616465581433,0.14285714285714288,1,1
ddebt,1995+,dyad,pres_congress_distance,c,totlean,bls,6,18,0.5335173991984129,-0.2,1,1
ddebt,1995+,dyad,pres_congress_distance,lag1,raw,bls,6,19,-0.09804910523029685,-0.08571428571428573,1,0
ddebt,1995+,dyad,pres_congress_distance,lag1,tot,bls,6,18,1.510205184117865,0.4285714285714286,1,1
ddebt,1995+,dyad,pres_congress_distance,lag1,totlean,bls,6,18,1.9097431192487517,0.6571428571428573,1,1
ddebt,1995+,dyad,pres_congress_distance,dropfirst,raw,bls,5,14,-0.697510100662465,-0.19999999999999998,1,0
ddebt,1995+,dyad,pres_congress_distance,dropfirst,tot,bls,5,13,0.7850797825425513,-0.19999999999999998,1,1
ddebt,1995+,dyad,pres_congress_distance,dropfirst,totlean,bls,5,13,1.3736297752809286,-0.19999999999999998,1,1
ddebt,1995+,dyad,pres_congress_distance_bolognesi,c,raw,bolognesi,6,19,0.5801702457032354,0.14285714285714288,1,1
ddebt,1995+,dyad,pres_congress_distance_bolognesi,c,tot,bolognesi,6,18,0.3996465333221716,0.6,1,1
ddebt,1995+,dyad,pres_congress_distance_bolognesi,c,totlean,bolognesi,6,18,-0.0764867803631829,0.14285714285714288,1,0
ddebt,1995+,dyad,pres_congress_distance_bolognesi,lag1,raw,bolognesi,6,19,0.7056337179049501,0.3714285714285715,1,1
ddebt,1995+,dyad,pres_congress_distance_bolognesi,lag1,tot,bolognesi,6,18,0.7799977122319686,0.6571428571428573,1,1
ddebt,1995+,dyad,pres_congress_distance_bolognesi,lag1,totlean,bolognesi,6,18,0.4371411650517485,0.6,1,1
ddebt,1995+,dyad,pres_congress_distance_bolognesi,dropfirst,raw,bolognesi,5,14,-0.10445073723757548,0.09999999999999999,1,0
ddebt,1995+,dyad,pres_congress_distance_bolognesi,dropfirst,tot,bolognesi,5,13,0.20331916787306586,0.09999999999999999,1,1
ddebt,1995+,dyad,pres_congress_distance_bolognesi,dropfirst,totlean,bolognesi,5,13,-0.2685395430683413,0.09999999999999999,1,0
ddebt,1995+,dyad,enpp_cd,c,raw,bls,6,19,0.2004377098795991,0.3478626213914691,1,1
ddebt,1995+,dyad,enpp_cd,c,tot,bls,6,18,-0.15091439028641215,-0.028988551782622423,1,0
ddebt,1995+,dyad,enpp_cd,c,totlean,bls,6,18,0.023104618460812677,-0.028988551782622423,1,1
ddebt,1995+,dyad,enpp_cd,lag1,raw,bls,6,19,-0.07167955770492554,0.17393131069573456,1,0
ddebt,1995+,dyad,enpp_cd,lag1,tot,bls,6,18,-0.10983763682507043,0.057977103565244846,1,0
ddebt,1995+,dyad,enpp_cd,lag1,totlean,bls,6,18,0.05819574481404545,0.23190841426097938,1,1
ddebt,1995+,dyad,enpp_cd,dropfirst,raw,bls,5,14,-0.1278032982434226,0.09999999999999999,1,0
ddebt,1995+,dyad,enpp_cd,dropfirst,tot,bls,5,13,-0.08480451185817987,0.09999999999999999,1,0
ddebt,1995+,dyad,enpp_cd,dropfirst,totlean,bls,5,13,0.12166131663393716,0.09999999999999999,1,1
ddebt,1995+,year,pres_party_share_cd,c,raw,bls,6,19,-1.3614310484142707,0.025991674107982036,-1,1
ddebt,1995+,year,pres_party_share_cd,c,tot,bls,6,18,11.540159683855839,0.18424737947736972,-1,0
ddebt,1995+,year,pres_party_share_cd,c,totlean,bls,6,18,-5.735543508193593,0.08843874214913747,-1,1
ddebt,1995+,year,pres_party_share_cd,lag1,raw,bls,6,19,18.137834714489223,0.17624163917669997,-1,0
ddebt,1995+,year,pres_party_share_cd,lag1,tot,bls,6,18,-2.887795758475727,0.011581263852863238,-1,1
ddebt,1995+,year,pres_party_share_cd,lag1,totlean,bls,6,18,-18.34143359119167,-0.027373896379494927,-1,1
ddebt,1995+,year,pres_party_share_cd,dropfirst,raw,bls,5,14,4.4839999999999485,0.0716815231051846,-1,0
ddebt,1995+,year,pres_party_share_cd,dropfirst,tot,bls,5,13,-8.352658490335857,-0.002801659073402629,-1,1
ddebt,1995+,year,pres_party_share_cd,dropfirst,totlean,bls,5,13,-27.320458954866737,0.0196116135138184,-1,1
ddebt,1995+,year,coalition_share_cd_start,c,raw,bls,6,19,5.138272005719618,0.07405167210595692,-1,0
ddebt,1995+,year,coalition_share_cd_start,c,tot,bls,6,18,3.8222419185967555,0.10389712034199478,-1,0
ddebt,1995+,year,coalition_share_cd_start,c,totlean,bls,6,18,1.5294473755902906,0.041978634481614055,-1,0
ddebt,1995+,year,coalition_share_cd_start,lag1,raw,bls,6,19,3.5948974853754097,0.13204394544194728,-1,0
ddebt,1995+,year,coalition_share_cd_start,lag1,tot,bls,6,18,-0.15794445724485043,-0.07147819649709188,-1,1
ddebt,1995+,year,coalition_share_cd_start,lag1,totlean,bls,6,18,-1.773176660142785,-0.07988739608498505,-1,1
ddebt,1995+,year,coalition_share_cd_start,dropfirst,raw,bls,5,14,3.5343495954319333,0.049281047134814404,-1,0
ddebt,1995+,year,coalition_share_cd_start,dropfirst,tot,bls,5,13,0.8390411021018899,-0.03642156795423417,-1,0
ddebt,1995+,year,coalition_share_cd_start,dropfirst,totlean,bls,5,13,-1.614147827405532,0.008404977220207888,-1,1
ddebt,1995+,year,coalition_share_cd_mid,c,raw,bls,5,16,2.04426187130487,0.034702208967586086,-1,0
ddebt,1995+,year,coalition_share_cd_mid,c,tot,bls,5,15,7.216445168687099,0.48001130043983986,-1,0
ddebt,1995+,year,coalition_share_cd_mid,c,totlean,bls,5,15,5.541783920375326,0.3902381946323889,-1,0
ddebt,1995+,year,coalition_share_cd_mid,lag1,raw,bls,5,15,5.4550445713834055,0.16855358641398957,-1,0
ddebt,1995+,year,coalition_share_cd_mid,lag1,tot,bls,5,14,2.9597910964128658,0.21929655443862586,-1,0
ddebt,1995+,year,coalition_share_cd_mid,lag1,totlean,bls,5,14,1.2516763773621817,0.16277682391320683,-1,0
ddebt,1995+,year,coalition_share_cd_mid,dropfirst,raw,bls,4,11,8.05107750638915,0.2717887526058411,-1,0
ddebt,1995+,year,coalition_share_cd_mid,dropfirst,tot,bls,4,10,6.595193272509093,0.3126526997403612,-1,0
ddebt,1995+,year,coalition_share_cd_mid,dropfirst,totlean,bls,4,10,4.080195647621237,0.25012215979228897,-1,0
ddebt,1995+,year,pres_congress_distance,c,raw,bls,6,19,-0.5644131906629523,-0.19895810698347463,1,0
ddebt,1995+,year,pres_congress_distance,c,tot,bls,6,18,-0.46599905669859126,-0.21094263827011062,1,0
ddebt,1995+,year,pres_congress_distance,c,totlean,bls,6,18,0.15177875949059477,-0.22458569447663518,1,1
ddebt,1995+,year,pres_congress_distance,lag1,raw,bls,6,19,-0.5499039103833948,-0.06245321743875886,1,0
ddebt,1995+,year,pres_congress_distance,lag1,tot,bls,6,18,0.9633402951384503,0.09039889556985149,1,1
ddebt,1995+,year,pres_congress_distance,lag1,totlean,bls,6,18,1.4931313933516743,-0.014716099278813035,1,1
ddebt,1995+,year,pres_congress_distance,dropfirst,raw,bls,5,14,-0.47448176738461173,-0.12992276062814706,1,0
ddebt,1995+,year,pres_congress_distance,dropfirst,tot,bls,5,13,0.5827991872953465,-0.1652978853307551,1,1
ddebt,1995+,year,pres_congress_distance,dropfirst,totlean,bls,5,13,1.3527943443419117,-0.2437443393860287,1,1
ddebt,1995+,year,pres_congress_distance_bolognesi,c,raw,bolognesi,6,19,0.17280001434986306,0.08654231559370869,1,1
ddebt,1995+,year,pres_congress_distance_bolognesi,c,tot,bolognesi,6,18,0.44196025009031104,0.19205225275338425,1,1
ddebt,1995+,year,pres_congress_distance_bolognesi,c,totlean,bolognesi,6,18,-0.03958256294928019,0.058770088274259676,1,0
ddebt,1995+,year,pres_congress_distance_bolognesi,lag1,raw,bolognesi,6,19,0.5197194614121273,0.18735965231627658,1,1
ddebt,1995+,year,pres_congress_distance_bolognesi,lag1,tot,bolognesi,6,18,0.5513682789019887,0.20602538990338248,1,1
ddebt,1995+,year,pres_congress_distance_bolognesi,lag1,totlean,bolognesi,6,18,0.12000443963278626,0.09039889556985149,1,1
ddebt,1995+,year,pres_congress_distance_bolognesi,dropfirst,raw,bolognesi,5,14,0.11147331127332549,0.08512180868740671,1,1
ddebt,1995+,year,pres_congress_distance_bolognesi,dropfirst,tot,bolognesi,5,13,0.11834159697779209,0.07564479498187099,1,1
ddebt,1995+,year,pres_congress_distance_bolognesi,dropfirst,totlean,bolognesi,5,13,-0.4066498598990114,-0.0196116135138184,1,0
ddebt,1995+,year,enpp_cd,c,raw,bls,6,19,-0.06601849231925563,0.020576435030782225,1,0
ddebt,1995+,year,enpp_cd,c,tot,bls,6,18,-0.2168673917490934,-0.16529622044541167,1,0
ddebt,1995+,year,enpp_cd,c,totlean,bls,6,18,-0.030005620849270612,-0.020004001200400138,1,0
ddebt,1995+,year,enpp_cd,lag1,raw,bls,6,19,-0.1293088302720691,0.013419414150510147,1,0
ddebt,1995+,year,enpp_cd,lag1,tot,bls,6,18,-0.053626997148904135,-0.0801452366566842,1,0
ddebt,1995+,year,enpp_cd,lag1,totlean,bls,6,18,0.10897137340600509,0.0231999369269349,1,1
ddebt,1995+,year,enpp_cd,dropfirst,raw,bls,5,14,-0.15614292599340998,-0.004480095194074037,1,0
ddebt,1995+,year,enpp_cd,dropfirst,tot,bls,5,13,-0.04405549535897083,-0.014008295367013144,1,0
ddebt,1995+,year,enpp_cd,dropfirst,totlean,bls,5,13,0.16104174492659307,0.07004147683506572,1,1
ddebt,2003+,dyad,pres_party_share_cd,c,raw,bls,6,19,-16.25671941140895,-0.20291986247835697,-1,1
ddebt,2003+,dyad,pres_party_share_cd,c,tot,bls,6,18,3.563551558272308,0.11595420713048969,-1,0
ddebt,2003+,dyad,pres_party_share_cd,c,totlean,bls,6,18,-13.898810296590726,-0.057977103565244846,-1,1
ddebt,2003+,dyad,pres_party_share_cd,lag1,raw,bls,6,19,14.169199254182645,0.2608969660436018,-1,0
ddebt,2003+,dyad,pres_party_share_cd,lag1,tot,bls,6,18,-5.158782262835596,0.057977103565244846,-1,1
ddebt,2003+,dyad,pres_party_share_cd,lag1,totlean,bls,6,18,-21.008822571425863,-0.23190841426097938,-1,1
ddebt,2003+,dyad,pres_party_share_cd,dropfirst,raw,bls,5,14,2.2364101315147855,-0.09999999999999999,-1,0
ddebt,2003+,dyad,pres_party_share_cd,dropfirst,tot,bls,5,13,-11.058007725183325,-0.09999999999999999,-1,1
ddebt,2003+,dyad,pres_party_share_cd,dropfirst,totlean,bls,5,13,-30.205380666941775,-0.09999999999999999,-1,1
ddebt,2003+,dyad,coalition_share_cd_start,c,raw,bls,6,19,7.082790325361772,-0.08571428571428573,-1,0
ddebt,2003+,dyad,coalition_share_cd_start,c,tot,bls,6,18,3.529665347772531,-0.08571428571428573,-1,0
ddebt,2003+,dyad,coalition_share_cd_start,c,totlean,bls,6,18,1.1265021029500466,-0.2,-1,0
ddebt,2003+,dyad,coalition_share_cd_start,lag1,raw,bls,6,19,4.4538824305494185,0.2571428571428572,-1,0
ddebt,2003+,dyad,coalition_share_cd_start,lag1,tot,bls,6,18,0.11236960345522487,-0.2,-1,0
ddebt,2003+,dyad,coalition_share_cd_start,lag1,totlean,bls,6,18,-1.2511607305510621,-0.48571428571428577,-1,1
ddebt,2003+,dyad,coalition_share_cd_start,dropfirst,raw,bls,5,14,3.812623575647254,-0.19999999999999998,-1,0
ddebt,2003+,dyad,coalition_share_cd_start,dropfirst,tot,bls,5,13,1.0933996220574744,-0.19999999999999998,-1,0
ddebt,2003+,dyad,coalition_share_cd_start,dropfirst,totlean,bls,5,13,-1.2280649859586272,-0.19999999999999998,-1,1
ddebt,2003+,dyad,coalition_share_cd_mid,c,raw,bls,5,16,-5.373893052383336,-0.3,-1,1
ddebt,2003+,dyad,coalition_share_cd_mid,c,tot,bls,5,15,5.099963905840575,0.39999999999999997,-1,0
ddebt,2003+,dyad,coalition_share_cd_mid,c,totlean,bls,5,15,4.516928403734203,0.7999999999999999,-1,0
ddebt,2003+,dyad,coalition_share_cd_mid,lag1,raw,bls,5,15,1.7411586050329184,-0.09999999999999999,-1,0
ddebt,2003+,dyad,coalition_share_cd_mid,lag1,tot,bls,5,14,2.575612854456522,0.3,-1,0
ddebt,2003+,dyad,coalition_share_cd_mid,lag1,totlean,bls,5,14,1.092573369974635,0.09999999999999999,-1,0
ddebt,2003+,dyad,coalition_share_cd_mid,dropfirst,raw,bls,4,11,8.002255151922204,0.7999999999999999,-1,0
ddebt,2003+,dyad,coalition_share_cd_mid,dropfirst,tot,bls,4,10,7.125847779622969,0.7999999999999999,-1,0
ddebt,2003+,dyad,coalition_share_cd_mid,dropfirst,totlean,bls,4,10,4.616639223694574,0.7999999999999999,-1,0
ddebt,2003+,dyad,pres_congress_distance,c,raw,bls,6,19,0.2919336316349682,-0.2,1,1
ddebt,2003+,dyad,pres_congress_distance,c,tot,bls,6,18,0.04849616465581433,0.14285714285714288,1,1
ddebt,2003+,dyad,pres_congress_distance,c,totlean,bls,6,18,0.5335173991984129,-0.2,1,1
ddebt,2003+,dyad,pres_congress_distance,lag1,raw,bls,6,19,-0.09804910523029685,-0.08571428571428573,1,0
ddebt,2003+,dyad,pres_congress_distance,lag1,tot,bls,6,18,1.510205184117865,0.4285714285714286,1,1
ddebt,2003+,dyad,pres_congress_distance,lag1,totlean,bls,6,18,1.9097431192487517,0.6571428571428573,1,1
ddebt,2003+,dyad,pres_congress_distance,dropfirst,raw,bls,5,14,-0.697510100662465,-0.19999999999999998,1,0
ddebt,2003+,dyad,pres_congress_distance,dropfirst,tot,bls,5,13,0.7850797825425513,-0.19999999999999998,1,1
ddebt,2003+,dyad,pres_congress_distance,dropfirst,totlean,bls,5,13,1.3736297752809286,-0.19999999999999998,1,1
ddebt,2003+,dyad,pres_congress_distance_bolognesi,c,raw,bolognesi,6,19,0.5801702457032354,0.14285714285714288,1,1
ddebt,2003+,dyad,pres_congress_distance_bolognesi,c,tot,bolognesi,6,18,0.3996465333221716,0.6,1,1
ddebt,2003+,dyad,pres_congress_distance_bolognesi,c,totlean,bolognesi,6,18,-0.0764867803631829,0.14285714285714288,1,0
ddebt,2003+,dyad,pres_congress_distance_bolognesi,lag1,raw,bolognesi,6,19,0.7056337179049501,0.3714285714285715,1,1
ddebt,2003+,dyad,pres_congress_distance_bolognesi,lag1,tot,bolognesi,6,18,0.7799977122319686,0.6571428571428573,1,1
ddebt,2003+,dyad,pres_congress_distance_bolognesi,lag1,totlean,bolognesi,6,18,0.4371411650517485,0.6,1,1
ddebt,2003+,dyad,pres_congress_distance_bolognesi,dropfirst,raw,bolognesi,5,14,-0.10445073723757548,0.09999999999999999,1,0
ddebt,2003+,dyad,pres_congress_distance_bolognesi,dropfirst,tot,bolognesi,5,13,0.20331916787306586,0.09999999999999999,1,1
ddebt,2003+,dyad,pres_congress_distance_bolognesi,dropfirst,totlean,bolognesi,5,13,-0.2685395430683413,0.09999999999999999,1,0
ddebt,2003+,dyad,enpp_cd,c,raw,bls,6,19,0.2004377098795991,0.3478626213914691,1,1
ddebt,2003+,dyad,enpp_cd,c,tot,bls,6,18,-0.15091439028641215,-0.028988551782622423,1,0
ddebt,2003+,dyad,enpp_cd,c,totlean,bls,6,18,0.023104618460812677,-0.028988551782622423,1,1
ddebt,2003+,dyad,enpp_cd,lag1,raw,bls,6,19,-0.07167955770492554,0.17393131069573456,1,0
ddebt,2003+,dyad,enpp_cd,lag1,tot,bls,6,18,-0.10983763682507043,0.057977103565244846,1,0
ddebt,2003+,dyad,enpp_cd,lag1,totlean,bls,6,18,0.05819574481404545,0.23190841426097938,1,1
ddebt,2003+,dyad,enpp_cd,dropfirst,raw,bls,5,14,-0.1278032982434226,0.09999999999999999,1,0
ddebt,2003+,dyad,enpp_cd,dropfirst,tot,bls,5,13,-0.08480451185817987,0.09999999999999999,1,0
ddebt,2003+,dyad,enpp_cd,dropfirst,totlean,bls,5,13,0.12166131663393716,0.09999999999999999,1,1
ddebt,2003+,year,pres_party_share_cd,c,raw,bls,6,19,-1.3614310484142707,0.025991674107982036,-1,1
ddebt,2003+,year,pres_party_share_cd,c,tot,bls,6,18,11.540159683855839,0.18424737947736972,-1,0
ddebt,2003+,year,pres_party_share_cd,c,totlean,bls,6,18,-5.735543508193593,0.08843874214913747,-1,1
ddebt,2003+,year,pres_party_share_cd,lag1,raw,bls,6,19,18.137834714489223,0.17624163917669997,-1,0
ddebt,2003+,year,pres_party_share_cd,lag1,tot,bls,6,18,-2.887795758475727,0.011581263852863238,-1,1
ddebt,2003+,year,pres_party_share_cd,lag1,totlean,bls,6,18,-18.34143359119167,-0.027373896379494927,-1,1
ddebt,2003+,year,pres_party_share_cd,dropfirst,raw,bls,5,14,4.4839999999999485,0.0716815231051846,-1,0
ddebt,2003+,year,pres_party_share_cd,dropfirst,tot,bls,5,13,-8.352658490335857,-0.002801659073402629,-1,1
ddebt,2003+,year,pres_party_share_cd,dropfirst,totlean,bls,5,13,-27.320458954866737,0.0196116135138184,-1,1
ddebt,2003+,year,coalition_share_cd_start,c,raw,bls,6,19,5.138272005719618,0.07405167210595692,-1,0
ddebt,2003+,year,coalition_share_cd_start,c,tot,bls,6,18,3.8222419185967555,0.10389712034199478,-1,0
ddebt,2003+,year,coalition_share_cd_start,c,totlean,bls,6,18,1.5294473755902906,0.041978634481614055,-1,0
ddebt,2003+,year,coalition_share_cd_start,lag1,raw,bls,6,19,3.5948974853754097,0.13204394544194728,-1,0
ddebt,2003+,year,coalition_share_cd_start,lag1,tot,bls,6,18,-0.15794445724485043,-0.07147819649709188,-1,1
ddebt,2003+,year,coalition_share_cd_start,lag1,totlean,bls,6,18,-1.773176660142785,-0.07988739608498505,-1,1
ddebt,2003+,year,coalition_share_cd_start,dropfirst,raw,bls,5,14,3.5343495954319333,0.049281047134814404,-1,0
ddebt,2003+,year,coalition_share_cd_start,dropfirst,tot,bls,5,13,0.8390411021018899,-0.03642156795423417,-1,0
ddebt,2003+,year,coalition_share_cd_start,dropfirst,totlean,bls,5,13,-1.614147827405532,0.008404977220207888,-1,1
ddebt,2003+,year,coalition_share_cd_mid,c,raw,bls,5,16,2.04426187130487,0.034702208967586086,-1,0
ddebt,2003+,year,coalition_share_cd_mid,c,tot,bls,5,15,7.216445168687099,0.48001130043983986,-1,0
ddebt,2003+,year,coalition_share_cd_mid,c,totlean,bls,5,15,5.541783920375326,0.3902381946323889,-1,0
ddebt,2003+,year,coalition_share_cd_mid,lag1,raw,bls,5,15,5.4550445713834055,0.16855358641398957,-1,0
ddebt,2003+,year,coalition_share_cd_mid,lag1,tot,bls,5,14,2.9597910964128658,0.21929655443862586,-1,0
ddebt,2003+,year,coalition_share_cd_mid,lag1,totlean,bls,5,14,1.2516763773621817,0.16277682391320683,-1,0
ddebt,2003+,year,coalition_share_cd_mid,dropfirst,raw,bls,4,11,8.05107750638915,0.2717887526058411,-1,0
ddebt,2003+,year,coalition_share_cd_mid,dropfirst,tot,bls,4,10,6.595193272509093,0.3126526997403612,-1,0
ddebt,2003+,year,coalition_share_cd_mid,dropfirst,totlean,bls,4,10,4.080195647621237,0.25012215979228897,-1,0
ddebt,2003+,year,pres_congress_distance,c,raw,bls,6,19,-0.5644131906629523,-0.19895810698347463,1,0
ddebt,2003+,year,pres_congress_distance,c,tot,bls,6,18,-0.46599905669859126,-0.21094263827011062,1,0
ddebt,2003+,year,pres_congress_distance,c,totlean,bls,6,18,0.15177875949059477,-0.22458569447663518,1,1
ddebt,2003+,year,pres_congress_distance,lag1,raw,bls,6,19,-0.5499039103833948,-0.06245321743875886,1,0
ddebt,2003+,year,pres_congress_distance,lag1,tot,bls,6,18,0.9633402951384503,0.09039889556985149,1,1
ddebt,2003+,year,pres_congress_distance,lag1,totlean,bls,6,18,1.4931313933516743,-0.014716099278813035,1,1
ddebt,2003+,year,pres_congress_distance,dropfirst,raw,bls,5,14,-0.47448176738461173,-0.12992276062814706,1,0
ddebt,2003+,year,pres_congress_distance,dropfirst,tot,bls,5,13,0.5827991872953465,-0.1652978853307551,1,1
ddebt,2003+,year,pres_congress_distance,dropfirst,totlean,bls,5,13,1.3527943443419117,-0.2437443393860287,1,1
ddebt,2003+,year,pres_congress_distance_bolognesi,c,raw,bolognesi,6,19,0.17280001434986306,0.08654231559370869,1,1
ddebt,2003+,year,pres_congress_distance_bolognesi,c,tot,bolognesi,6,18,0.44196025009031104,0.19205225275338425,1,1
ddebt,2003+,year,pres_congress_distance_bolognesi,c,totlean,bolognesi,6,18,-0.03958256294928019,0.058770088274259676,1,0
ddebt,2003+,year,pres_congress_distance_bolognesi,lag1,raw,bolognesi,6,19,0.5197194614121273,0.18735965231627658,1,1
ddebt,2003+,year,pres_congress_distance_bolognesi,lag1,tot,bolognesi,6,18,0.5513682789019887,0.20602538990338248,1,1
ddebt,2003+,year,pres_congress_distance_bolognesi,lag1,totlean,bolognesi,6,18,0.12000443963278626,0.09039889556985149,1,1
ddebt,2003+,year,pres_congress_distance_bolognesi,dropfirst,raw,bolognesi,5,14,0.11147331127332549,0.08512180868740671,1,1
ddebt,2003+,year,pres_congress_distance_bolognesi,dropfirst,tot,bolognesi,5,13,0.11834159697779209,0.07564479498187099,1,1
ddebt,2003+,year,pres_congress_distance_bolognesi,dropfirst,totlean,bolognesi,5,13,-0.4066498598990114,-0.0196116135138184,1,0
ddebt,2003+,year,enpp_cd,c,raw,bls,6,19,-0.06601849231925563,0.020576435030782225,1,0
ddebt,2003+,year,enpp_cd,c,tot,bls,6,18,-0.2168673917490934,-0.16529622044541167,1,0
ddebt,2003+,year,enpp_cd,c,totlean,bls,6,18,-0.030005620849270612,-0.020004001200400138,1,0
ddebt,2003+,year,enpp_cd,lag1,raw,bls,6,19,-0.1293088302720691,0.013419414150510147,1,0
ddebt,2003+,year,enpp_cd,lag1,tot,bls,6,18,-0.053626997148904135,-0.0801452366566842,1,0
ddebt,2003+,year,enpp_cd,lag1,totlean,bls,6,18,0.10897137340600509,0.0231999369269349,1,1
ddebt,2003+,year,enpp_cd,dropfirst,raw,bls,5,14,-0.15614292599340998,-0.004480095194074037,1,0
ddebt,2003+,year,enpp_cd,dropfirst,tot,bls,5,13,-0.04405549535897083,-0.014008295367013144,1,0
ddebt,2003+,year,enpp_cd,dropfirst,totlean,bls,5,13,0.16104174492659307,0.07004147683506572,1,1
ddebt,1987+,dyad,centrao_share_cd_narrow,c,raw,-,6,19,23.378301997388228,0.753702346348183,1,1
ddebt,1987+,year,centrao_share_cd_narrow,c,raw,-,6,19,16.440140467623824,0.32832833288248164,1,1
ddebt,1987+,dyad,centrao_share_cd_broad,c,raw,-,6,19,70.78920129519739,0.8116794499134279,1,1
ddebt,1987+,year,centrao_share_cd_broad,c,raw,-,6,19,39.89230004388629,0.27107216584030497,1,1
interest,1987+,dyad,pres_party_share_cd,c,raw,bls,7,24,1.252751288659837,0.16216874328520064,-1,0
interest,1987+,dyad,pres_party_share_cd,c,tot,bls,7,23,-1.6887403676002208,0.16216874328520064,-1,1
interest,1987+,dyad,pres_party_share_cd,c,totlean,bls,7,23,-12.199556789124648,-0.34235623582431246,-1,1
interest,1987+,dyad,pres_party_share_cd,lag1,raw,bls,8,24,15.938719222620016,0.5509080804800991,-1,0
interest,1987+,dyad,pres_party_share_cd,lag1,tot,bls,8,23,6.011931662949141,0.28743030285918214,-1,0
interest,1987+,dyad,pres_party_share_cd,lag1,totlean,bls,8,23,-2.4678639577353425,-0.14371515142959107,-1,1
interest,1987+,dyad,pres_party_share_cd,dropfirst,raw,bls,6,17,1.8674636510500986,0.08571428571428573,-1,0
interest,1987+,dyad,pres_party_share_cd,dropfirst,tot,bls,6,16,-4.582877506950878,-0.08571428571428573,-1,1
interest,1987+,dyad,pres_party_share_cd,dropfirst,totlean,bls,6,16,-15.645007899953676,-0.3142857142857143,-1,1
interest,1987+,dyad,coalition_share_cd_start,c,raw,bls,7,24,1.5841288709756063,0.0,-1,0
interest,1987+,dyad,coalition_share_cd_start,c,tot,bls,7,23,1.3888314997568898,-0.07142857142857144,-1,0
interest,1987+,dyad,coalition_share_cd_start,c,totlean,bls,7,23,0.14965343427632705,-0.39285714285714296,-1,0
interest,1987+,dyad,coalition_share_cd_start,lag1,raw,bls,8,24,2.4364503509414512,0.19047619047619052,-1,0
interest,1987+,dyad,coalition_share_cd_start,lag1,tot,bls,8,23,1.306390656619587,-0.023809523809523815,-1,0
interest,1987+,dyad,coalition_share_cd_start,lag1,totlean,bls,8,23,0.7384854489615175,-0.11904761904761905,-1,0
interest,1987+,dyad,coalition_share_cd_start,dropfirst,raw,bls,6,17,0.2535375188014497,-0.3714285714285715,-1,0
interest,1987+,dyad,coalition_share_cd_start,dropfirst,tot,bls,6,16,0.17977229284513946,-0.6,-1,0
interest,1987+,dyad,coalition_share_cd_start,dropfirst,totlean,bls,6,16,-0.9994977493133317,-0.48571428571428577,-1,1
interest,1987+,dyad,coalition_share_cd_mid,c,raw,bls,6,20,0.5356019852491644,0.028571428571428574,-1,0
interest,1987+,dyad,coalition_share_cd_mid,c,tot,bls,6,19,0.8683307599561834,0.2571428571428572,-1,0
interest,1987+,dyad,coalition_share_cd_mid,c,totlean,bls,6,19,-0.0011737775177716695,-0.028571428571428574,-1,1
interest,1987+,dyad,coalition_share_cd_mid,lag1,raw,bls,7,20,2.226130598940169,0.3214285714285715,-1,0
interest,1987+,dyad,coalition_share_cd_mid,lag1,tot,bls,7,19,1.909564316707436,0.03571428571428572,-1,0
interest,1987+,dyad,coalition_share_cd_mid,lag1,totlean,bls,7,19,0.4392416996415135,-0.28571428571428575,-1,0
interest,1987+,dyad,coalition_share_cd_mid,dropfirst,raw,bls,5,14,5.149895684159212,0.6,-1,0
interest,1987+,dyad,coalition_share_cd_mid,dropfirst,tot,bls,5,13,4.092022575610735,0.6,-1,0
interest,1987+,dyad,coalition_share_cd_mid,dropfirst,totlean,bls,5,13,2.194844207112188,0.3,-1,0
interest,1987+,dyad,pres_congress_distance,c,raw,bls,7,24,0.6184629439238934,0.10714285714285716,1,1
interest,1987+,dyad,pres_congress_distance,c,tot,bls,7,23,0.7071793048783531,0.14285714285714288,1,1
interest,1987+,dyad,pres_congress_distance,c,totlean,bls,7,23,0.9646933168231214,0.3571428571428572,1,1
interest,1987+,dyad,pres_congress_distance,lag1,raw,bls,8,24,-0.6231299477196734,-0.1666666666666667,1,0
interest,1987+,dyad,pres_congress_distance,lag1,tot,bls,8,23,-0.27725242187557053,0.30952380952380953,1,0
interest,1987+,dyad,pres_congress_distance,lag1,totlean,bls,8,23,-0.15997614785419603,0.2380952380952381,1,0
interest,1987+,dyad,pres_congress_distance,dropfirst,raw,bls,6,17,0.706890721748091,0.2,1,1
interest,1987+,dyad,pres_congress_distance,dropfirst,tot,bls,6,16,1.0141023916893857,0.3714285714285715,1,1
interest,1987+,dyad,pres_congress_distance,dropfirst,totlean,bls,6,16,1.3008697436013796,0.2,1,1
interest,1987+,dyad,pres_congress_distance_bolognesi,c,raw,bolognesi,7,24,0.6576007442011902,0.6785714285714287,1,1
interest,1987+,dyad,pres_congress_distance_bolognesi,c,tot,bolognesi,7,23,0.5541782790736518,0.7500000000000002,1,1
interest,1987+,dyad,pres_congress_distance_bolognesi,c,totlean,bolognesi,7,23,0.18866209703016537,0.4642857142857144,1,1
interest,1987+,dyad,pres_congress_distance_bolognesi,lag1,raw,bolognesi,8,24,-0.05580250442628316,0.1666666666666667,1,0
interest,1987+,dyad,pres_congress_distance_bolognesi,lag1,tot,bolognesi,8,23,0.07544875075473782,0.38095238095238104,1,1
interest,1987+,dyad,pres_congress_distance_bolognesi,lag1,totlean,bolognesi,8,23,-0.033397867694268335,0.04761904761904763,1,0
interest,1987+,dyad,pres_congress_distance_bolognesi,dropfirst,raw,bolognesi,6,17,0.5553736645830085,0.6,1,1
interest,1987+,dyad,pres_congress_distance_bolognesi,dropfirst,tot,bolognesi,6,16,0.4940557740445195,0.48571428571428577,1,1
interest,1987+,dyad,pres_congress_distance_bolognesi,dropfirst,totlean,bolognesi,6,16,0.12626587427629735,0.2571428571428572,1,1
interest,1987+,dyad,enpp_cd,c,raw,bls,7,24,-0.10964194336076917,-0.2702812388086677,1,0
interest,1987+,dyad,enpp_cd,c,tot,bls,7,23,-0.08831803874075307,-0.36037498507822363,1,0
interest,1987+,dyad,enpp_cd,c,totlean,bls,7,23,0.02217804090191249,0.09009374626955591,1,1
interest,1987+,dyad,enpp_cd,lag1,raw,bls,8,24,-0.23723535705809018,-0.5509080804800991,1,0
interest,1987+,dyad,enpp_cd,lag1,tot,bls,8,23,-0.1548996519287317,-0.34731161595484505,1,0
interest,1987+,dyad,enpp_cd,lag1,totlean,bls,8,23,-0.0545485614159643,0.023952525238265177,1,0
interest,1987+,dyad,enpp_cd,dropfirst,raw,bls,6,17,-0.19269240285105435,-0.48571428571428577,1,0
interest,1987+,dyad,enpp_cd,dropfirst,tot,bls,6,16,-0.1327449908647071,-0.2571428571428572,1,0
interest,1987+,dyad,enpp_cd,dropfirst,totlean,bls,6,16,-0.007798279467212514,-0.028571428571428574,1,0
interest,1987+,year,pres_party_share_cd,c,raw,bls,7,24,4.901363842823929,0.22119003233695686,-1,0
interest,1987+,year,pres_party_share_cd,c,tot,bls,7,23,1.863701670945132,0.13321197569622287,-1,0
interest,1987+,year,pres_party_share_cd,c,totlean,bls,7,23,-9.032461980314201,-0.18128847820313035,-1,1
interest,1987+,year,pres_party_share_cd,lag1,raw,bls,8,24,8.465468295569098,0.27614638897853716,-1,0
interest,1987+,year,pres_party_share_cd,lag1,tot,bls,8,23,2.279089370866878,0.11550831689823578,-1,0
interest,1987+,year,pres_party_share_cd,lag1,totlean,bls,8,23,-6.561069031304826,-0.13200950502655517,-1,1
interest,1987+,year,pres_party_share_cd,dropfirst,raw,bls,6,17,1.5897258818529654,0.12912332343567762,-1,0
interest,1987+,year,pres_party_share_cd,dropfirst,tot,bls,6,16,-2.57748255620934,0.0432229641653858,-1,1
interest,1987+,year,pres_party_share_cd,dropfirst,totlean,bls,6,16,-13.543099315426137,-0.30405119619788634,-1,1
interest,1987+,year,coalition_share_cd_start,c,raw,bls,7,24,0.8208086081647274,-0.22773825704604464,-1,0
interest,1987+,year,coalition_share_cd_start,c,tot,bls,7,23,0.8306239298749489,-0.19851429354372127,-1,0
interest,1987+,year,coalition_share_cd_start,c,totlean,bls,7,23,-0.4740121974055034,-0.3655263188424691,-1,1
interest,1987+,year,coalition_share_cd_start,lag1,raw,bls,8,24,1.0389663497472759,-0.09383053674080062,-1,0
interest,1987+,year,coalition_share_cd_start,lag1,tot,bls,8,23,0.4262559697369792,-0.10093068442153053,-1,0
interest,1987+,year,coalition_share_cd_start,lag1,totlean,bls,8,23,-0.30062526223216385,-0.18837063379661886,-1,1
interest,1987+,year,coalition_share_cd_start,dropfirst,raw,bls,6,17,0.3071168138643282,-0.2880443368949731,-1,0
interest,1987+,year,coalition_share_cd_start,dropfirst,tot,bls,6,16,0.05905709615843622,-0.3621786307651293,-1,0
interest,1987+,year,coalition_share_cd_start,dropfirst,totlean,bls,6,16,-1.244830296784203,-0.5097328877435153,-1,1
interest,1987+,year,coalition_share_cd_mid,c,raw,bls,6,20,3.24124224037485,0.5266486434108011,-1,0
interest,1987+,year,coalition_share_cd_mid,c,tot,bls,6,19,2.5119966286740913,0.4059459133519325,-1,0
interest,1987+,year,coalition_share_cd_mid,c,totlean,bls,6,19,1.056498727575308,0.10617046964589004,-1,0
interest,1987+,year,coalition_share_cd_mid,lag1,raw,bls,7,20,3.0591484282381476,0.38295402618095925,-1,0
interest,1987+,year,coalition_share_cd_mid,lag1,tot,bls,7,19,1.7264695970936028,0.15592095423895624,-1,0
interest,1987+,year,coalition_share_cd_mid,lag1,totlean,bls,7,19,0.32092819435257036,-0.099789410712932,-1,0
interest,1987+,year,coalition_share_cd_mid,dropfirst,raw,bls,5,14,5.13513820214239,0.6697742315140685,-1,0
interest,1987+,year,coalition_share_cd_mid,dropfirst,tot,bls,5,13,3.426234039728061,0.4762820424784469,-1,0
interest,1987+,year,coalition_share_cd_mid,dropfirst,totlean,bls,5,13,1.589398429255035,0.08404977220207888,-1,0
interest,1987+,year,pres_congress_distance,c,raw,bls,7,24,0.3679085395281721,0.15116539380737454,1,1
interest,1987+,year,pres_congress_distance,c,tot,bls,7,23,0.376176498204231,0.20051443755927512,1,1
interest,1987+,year,pres_congress_distance,c,totlean,bls,7,23,0.760910211758163,0.2415173898781294,1,1
interest,1987+,year,pres_congress_distance,lag1,raw,bls,8,24,-0.3601941264000347,0.13162644381203645,1,0
interest,1987+,year,pres_congress_distance,lag1,tot,bls,8,23,-0.12894022393746984,0.21785038815736293,1,0
interest,1987+,year,pres_congress_distance,lag1,totlean,bls,8,23,0.026962291819121444,0.22234729983951032,1,1
interest,1987+,year,pres_congress_distance,dropfirst,raw,bls,6,17,0.708147377789425,0.2110669710006269,1,1
interest,1987+,year,pres_congress_distance,dropfirst,tot,bls,6,16,0.7200157813718443,0.2936180669165863,1,1
interest,1987+,year,pres_congress_distance,dropfirst,totlean,bls,6,16,1.1456545428848062,0.35174550148382927,1,1
interest,1987+,year,pres_congress_distance_bolognesi,c,raw,bolognesi,7,24,0.6045577927946948,0.6519695223453433,1,1
interest,1987+,year,pres_congress_distance_bolognesi,c,tot,bolognesi,7,23,0.46991806144587345,0.561540432366748,1,1
interest,1987+,year,pres_congress_distance_bolognesi,c,totlean,bolognesi,7,23,0.08730033490822658,0.30652207038363,1,1
interest,1987+,year,pres_congress_distance_bolognesi,lag1,raw,bolognesi,8,24,0.2710258766481518,0.4137772849717273,1,1
interest,1987+,year,pres_congress_distance_bolognesi,lag1,tot,bolognesi,8,23,0.1999866172268759,0.29979411214316,1,1
interest,1987+,year,pres_congress_distance_bolognesi,lag1,totlean,bolognesi,8,23,-0.0418796597046849,0.10242965498224633,1,0
interest,1987+,year,pres_congress_distance_bolognesi,dropfirst,raw,bolognesi,6,17,0.6564763147938641,0.6431334763430866,1,1
interest,1987+,year,pres_congress_distance_bolognesi,dropfirst,tot,bolognesi,6,16,0.43835621702571886,0.4724717117388724,1,1
interest,1987+,year,pres_congress_distance_bolognesi,dropfirst,totlean,bolognesi,6,16,0.05051848312015765,0.19375811522414324,1,1
interest,1987+,year,enpp_cd,c,raw,bls,7,24,-0.1787581015652505,-0.4389002655637292,1,0
interest,1987+,year,enpp_cd,c,tot,bls,7,23,-0.12120873957906098,-0.26842713899690024,1,0
interest,1987+,year,enpp_cd,c,totlean,bls,7,23,-0.004360330394519212,0.006009562813363438,1,0
interest,1987+,year,enpp_cd,lag1,raw,bls,8,24,-0.1758636593675121,-0.39562646006646207,1,0
interest,1987+,year,enpp_cd,lag1,tot,bls,8,23,-0.0952500955844646,-0.21517888801481944,1,0
interest,1987+,year,enpp_cd,lag1,totlean,bls,8,23,0.0002122093532251953,0.03903244945385096,1,1
interest,1987+,year,enpp_cd,dropfirst,raw,bls,6,17,-0.19522393783493672,-0.42710022367185674,1,0
interest,1987+,year,enpp_cd,dropfirst,tot,bls,6,16,-0.10919793615846587,-0.263809126112872,1,0
interest,1987+,year,enpp_cd,dropfirst,totlean,bls,6,16,0.00990852857934691,0.06557966976817155,1,1
interest,1995+,dyad,pres_party_share_cd,c,raw,bls,7,24,1.252751288659837,0.16216874328520064,-1,0
interest,1995+,dyad,pres_party_share_cd,c,tot,bls,7,23,-1.6887403676002208,0.16216874328520064,-1,1
interest,1995+,dyad,pres_party_share_cd,c,totlean,bls,7,23,-12.199556789124648,-0.34235623582431246,-1,1
interest,1995+,dyad,pres_party_share_cd,lag1,raw,bls,8,24,15.938719222620016,0.5509080804800991,-1,0
interest,1995+,dyad,pres_party_share_cd,lag1,tot,bls,8,23,6.011931662949141,0.28743030285918214,-1,0
interest,1995+,dyad,pres_party_share_cd,lag1,totlean,bls,8,23,-2.4678639577353425,-0.14371515142959107,-1,1
interest,1995+,dyad,pres_party_share_cd,dropfirst,raw,bls,6,17,1.8674636510500986,0.08571428571428573,-1,0
interest,1995+,dyad,pres_party_share_cd,dropfirst,tot,bls,6,16,-4.582877506950878,-0.08571428571428573,-1,1
interest,1995+,dyad,pres_party_share_cd,dropfirst,totlean,bls,6,16,-15.645007899953676,-0.3142857142857143,-1,1
interest,1995+,dyad,coalition_share_cd_start,c,raw,bls,7,24,1.5841288709756063,0.0,-1,0
interest,1995+,dyad,coalition_share_cd_start,c,tot,bls,7,23,1.3888314997568898,-0.07142857142857144,-1,0
interest,1995+,dyad,coalition_share_cd_start,c,totlean,bls,7,23,0.14965343427632705,-0.39285714285714296,-1,0
interest,1995+,dyad,coalition_share_cd_start,lag1,raw,bls,8,24,2.4364503509414512,0.19047619047619052,-1,0
interest,1995+,dyad,coalition_share_cd_start,lag1,tot,bls,8,23,1.306390656619587,-0.023809523809523815,-1,0
interest,1995+,dyad,coalition_share_cd_start,lag1,totlean,bls,8,23,0.7384854489615175,-0.11904761904761905,-1,0
interest,1995+,dyad,coalition_share_cd_start,dropfirst,raw,bls,6,17,0.2535375188014497,-0.3714285714285715,-1,0
interest,1995+,dyad,coalition_share_cd_start,dropfirst,tot,bls,6,16,0.17977229284513946,-0.6,-1,0
interest,1995+,dyad,coalition_share_cd_start,dropfirst,totlean,bls,6,16,-0.9994977493133317,-0.48571428571428577,-1,1
interest,1995+,dyad,coalition_share_cd_mid,c,raw,bls,6,20,0.5356019852491644,0.028571428571428574,-1,0
interest,1995+,dyad,coalition_share_cd_mid,c,tot,bls,6,19,0.8683307599561834,0.2571428571428572,-1,0
interest,1995+,dyad,coalition_share_cd_mid,c,totlean,bls,6,19,-0.0011737775177716695,-0.028571428571428574,-1,1
interest,1995+,dyad,coalition_share_cd_mid,lag1,raw,bls,7,20,2.226130598940169,0.3214285714285715,-1,0
interest,1995+,dyad,coalition_share_cd_mid,lag1,tot,bls,7,19,1.909564316707436,0.03571428571428572,-1,0
interest,1995+,dyad,coalition_share_cd_mid,lag1,totlean,bls,7,19,0.4392416996415135,-0.28571428571428575,-1,0
interest,1995+,dyad,coalition_share_cd_mid,dropfirst,raw,bls,5,14,5.149895684159212,0.6,-1,0
interest,1995+,dyad,coalition_share_cd_mid,dropfirst,tot,bls,5,13,4.092022575610735,0.6,-1,0
interest,1995+,dyad,coalition_share_cd_mid,dropfirst,totlean,bls,5,13,2.194844207112188,0.3,-1,0
interest,1995+,dyad,pres_congress_distance,c,raw,bls,7,24,0.6184629439238934,0.10714285714285716,1,1
interest,1995+,dyad,pres_congress_distance,c,tot,bls,7,23,0.7071793048783531,0.14285714285714288,1,1
interest,1995+,dyad,pres_congress_distance,c,totlean,bls,7,23,0.9646933168231214,0.3571428571428572,1,1
interest,1995+,dyad,pres_congress_distance,lag1,raw,bls,8,24,-0.6231299477196734,-0.1666666666666667,1,0
interest,1995+,dyad,pres_congress_distance,lag1,tot,bls,8,23,-0.27725242187557053,0.30952380952380953,1,0
interest,1995+,dyad,pres_congress_distance,lag1,totlean,bls,8,23,-0.15997614785419603,0.2380952380952381,1,0
interest,1995+,dyad,pres_congress_distance,dropfirst,raw,bls,6,17,0.706890721748091,0.2,1,1
interest,1995+,dyad,pres_congress_distance,dropfirst,tot,bls,6,16,1.0141023916893857,0.3714285714285715,1,1
interest,1995+,dyad,pres_congress_distance,dropfirst,totlean,bls,6,16,1.3008697436013796,0.2,1,1
interest,1995+,dyad,pres_congress_distance_bolognesi,c,raw,bolognesi,7,24,0.6576007442011902,0.6785714285714287,1,1
interest,1995+,dyad,pres_congress_distance_bolognesi,c,tot,bolognesi,7,23,0.5541782790736518,0.7500000000000002,1,1
interest,1995+,dyad,pres_congress_distance_bolognesi,c,totlean,bolognesi,7,23,0.18866209703016537,0.4642857142857144,1,1
interest,1995+,dyad,pres_congress_distance_bolognesi,lag1,raw,bolognesi,8,24,-0.05580250442628316,0.1666666666666667,1,0
interest,1995+,dyad,pres_congress_distance_bolognesi,lag1,tot,bolognesi,8,23,0.07544875075473782,0.38095238095238104,1,1
interest,1995+,dyad,pres_congress_distance_bolognesi,lag1,totlean,bolognesi,8,23,-0.033397867694268335,0.04761904761904763,1,0
interest,1995+,dyad,pres_congress_distance_bolognesi,dropfirst,raw,bolognesi,6,17,0.5553736645830085,0.6,1,1
interest,1995+,dyad,pres_congress_distance_bolognesi,dropfirst,tot,bolognesi,6,16,0.4940557740445195,0.48571428571428577,1,1
interest,1995+,dyad,pres_congress_distance_bolognesi,dropfirst,totlean,bolognesi,6,16,0.12626587427629735,0.2571428571428572,1,1
interest,1995+,dyad,enpp_cd,c,raw,bls,7,24,-0.10964194336076917,-0.2702812388086677,1,0
interest,1995+,dyad,enpp_cd,c,tot,bls,7,23,-0.08831803874075307,-0.36037498507822363,1,0
interest,1995+,dyad,enpp_cd,c,totlean,bls,7,23,0.02217804090191249,0.09009374626955591,1,1
interest,1995+,dyad,enpp_cd,lag1,raw,bls,8,24,-0.23723535705809018,-0.5509080804800991,1,0
interest,1995+,dyad,enpp_cd,lag1,tot,bls,8,23,-0.1548996519287317,-0.34731161595484505,1,0
interest,1995+,dyad,enpp_cd,lag1,totlean,bls,8,23,-0.0545485614159643,0.023952525238265177,1,0
interest,1995+,dyad,enpp_cd,dropfirst,raw,bls,6,17,-0.19269240285105435,-0.48571428571428577,1,0
interest,1995+,dyad,enpp_cd,dropfirst,tot,bls,6,16,-0.1327449908647071,-0.2571428571428572,1,0
interest,1995+,dyad,enpp_cd,dropfirst,totlean,bls,6,16,-0.007798279467212514,-0.028571428571428574,1,0
interest,1995+,year,pres_party_share_cd,c,raw,bls,7,24,4.901363842823929,0.22119003233695686,-1,0
interest,1995+,year,pres_party_share_cd,c,tot,bls,7,23,1.863701670945132,0.13321197569622287,-1,0
interest,1995+,year,pres_party_share_cd,c,totlean,bls,7,23,-9.032461980314201,-0.18128847820313035,-1,1
interest,1995+,year,pres_party_share_cd,lag1,raw,bls,8,24,8.465468295569098,0.27614638897853716,-1,0
interest,1995+,year,pres_party_share_cd,lag1,tot,bls,8,23,2.279089370866878,0.11550831689823578,-1,0
interest,1995+,year,pres_party_share_cd,lag1,totlean,bls,8,23,-6.561069031304826,-0.13200950502655517,-1,1
interest,1995+,year,pres_party_share_cd,dropfirst,raw,bls,6,17,1.5897258818529654,0.12912332343567762,-1,0
interest,1995+,year,pres_party_share_cd,dropfirst,tot,bls,6,16,-2.57748255620934,0.0432229641653858,-1,1
interest,1995+,year,pres_party_share_cd,dropfirst,totlean,bls,6,16,-13.543099315426137,-0.30405119619788634,-1,1
interest,1995+,year,coalition_share_cd_start,c,raw,bls,7,24,0.8208086081647274,-0.22773825704604464,-1,0
interest,1995+,year,coalition_share_cd_start,c,tot,bls,7,23,0.8306239298749489,-0.19851429354372127,-1,0
interest,1995+,year,coalition_share_cd_start,c,totlean,bls,7,23,-0.4740121974055034,-0.3655263188424691,-1,1
interest,1995+,year,coalition_share_cd_start,lag1,raw,bls,8,24,1.0389663497472759,-0.09383053674080062,-1,0
interest,1995+,year,coalition_share_cd_start,lag1,tot,bls,8,23,0.4262559697369792,-0.10093068442153053,-1,0
interest,1995+,year,coalition_share_cd_start,lag1,totlean,bls,8,23,-0.30062526223216385,-0.18837063379661886,-1,1
interest,1995+,year,coalition_share_cd_start,dropfirst,raw,bls,6,17,0.3071168138643282,-0.2880443368949731,-1,0
interest,1995+,year,coalition_share_cd_start,dropfirst,tot,bls,6,16,0.05905709615843622,-0.3621786307651293,-1,0
interest,1995+,year,coalition_share_cd_start,dropfirst,totlean,bls,6,16,-1.244830296784203,-0.5097328877435153,-1,1
interest,1995+,year,coalition_share_cd_mid,c,raw,bls,6,20,3.24124224037485,0.5266486434108011,-1,0
interest,1995+,year,coalition_share_cd_mid,c,tot,bls,6,19,2.5119966286740913,0.4059459133519325,-1,0
interest,1995+,year,coalition_share_cd_mid,c,totlean,bls,6,19,1.056498727575308,0.10617046964589004,-1,0
interest,1995+,year,coalition_share_cd_mid,lag1,raw,bls,7,20,3.0591484282381476,0.38295402618095925,-1,0
interest,1995+,year,coalition_share_cd_mid,lag1,tot,bls,7,19,1.7264695970936028,0.15592095423895624,-1,0
interest,1995+,year,coalition_share_cd_mid,lag1,totlean,bls,7,19,0.32092819435257036,-0.099789410712932,-1,0
interest,1995+,year,coalition_share_cd_mid,dropfirst,raw,bls,5,14,5.13513820214239,0.6697742315140685,-1,0
interest,1995+,year,coalition_share_cd_mid,dropfirst,tot,bls,5,13,3.426234039728061,0.4762820424784469,-1,0
interest,1995+,year,coalition_share_cd_mid,dropfirst,totlean,bls,5,13,1.589398429255035,0.08404977220207888,-1,0
interest,1995+,year,pres_congress_distance,c,raw,bls,7,24,0.3679085395281721,0.15116539380737454,1,1
interest,1995+,year,pres_congress_distance,c,tot,bls,7,23,0.376176498204231,0.20051443755927512,1,1
interest,1995+,year,pres_congress_distance,c,totlean,bls,7,23,0.760910211758163,0.2415173898781294,1,1
interest,1995+,year,pres_congress_distance,lag1,raw,bls,8,24,-0.3601941264000347,0.13162644381203645,1,0
interest,1995+,year,pres_congress_distance,lag1,tot,bls,8,23,-0.12894022393746984,0.21785038815736293,1,0
interest,1995+,year,pres_congress_distance,lag1,totlean,bls,8,23,0.026962291819121444,0.22234729983951032,1,1
interest,1995+,year,pres_congress_distance,dropfirst,raw,bls,6,17,0.708147377789425,0.2110669710006269,1,1
interest,1995+,year,pres_congress_distance,dropfirst,tot,bls,6,16,0.7200157813718443,0.2936180669165863,1,1
interest,1995+,year,pres_congress_distance,dropfirst,totlean,bls,6,16,1.1456545428848062,0.35174550148382927,1,1
interest,1995+,year,pres_congress_distance_bolognesi,c,raw,bolognesi,7,24,0.6045577927946948,0.6519695223453433,1,1
interest,1995+,year,pres_congress_distance_bolognesi,c,tot,bolognesi,7,23,0.46991806144587345,0.561540432366748,1,1
interest,1995+,year,pres_congress_distance_bolognesi,c,totlean,bolognesi,7,23,0.08730033490822658,0.30652207038363,1,1
interest,1995+,year,pres_congress_distance_bolognesi,lag1,raw,bolognesi,8,24,0.2710258766481518,0.4137772849717273,1,1
interest,1995+,year,pres_congress_distance_bolognesi,lag1,tot,bolognesi,8,23,0.1999866172268759,0.29979411214316,1,1
interest,1995+,year,pres_congress_distance_bolognesi,lag1,totlean,bolognesi,8,23,-0.0418796597046849,0.10242965498224633,1,0
interest,1995+,year,pres_congress_distance_bolognesi,dropfirst,raw,bolognesi,6,17,0.6564763147938641,0.6431334763430866,1,1
interest,1995+,year,pres_congress_distance_bolognesi,dropfirst,tot,bolognesi,6,16,0.43835621702571886,0.4724717117388724,1,1
interest,1995+,year,pres_congress_distance_bolognesi,dropfirst,totlean,bolognesi,6,16,0.05051848312015765,0.19375811522414324,1,1
interest,1995+,year,enpp_cd,c,raw,bls,7,24,-0.1787581015652505,-0.4389002655637292,1,0
interest,1995+,year,enpp_cd,c,tot,bls,7,23,-0.12120873957906098,-0.26842713899690024,1,0
interest,1995+,year,enpp_cd,c,totlean,bls,7,23,-0.004360330394519212,0.006009562813363438,1,0
interest,1995+,year,enpp_cd,lag1,raw,bls,8,24,-0.1758636593675121,-0.39562646006646207,1,0
interest,1995+,year,enpp_cd,lag1,tot,bls,8,23,-0.0952500955844646,-0.21517888801481944,1,0
interest,1995+,year,enpp_cd,lag1,totlean,bls,8,23,0.0002122093532251953,0.03903244945385096,1,1
interest,1995+,year,enpp_cd,dropfirst,raw,bls,6,17,-0.19522393783493672,-0.42710022367185674,1,0
interest,1995+,year,enpp_cd,dropfirst,tot,bls,6,16,-0.10919793615846587,-0.263809126112872,1,0
interest,1995+,year,enpp_cd,dropfirst,totlean,bls,6,16,0.00990852857934691,0.06557966976817155,1,1
interest,2003+,dyad,pres_party_share_cd,c,raw,bls,7,24,1.252751288659837,0.16216874328520064,-1,0
interest,2003+,dyad,pres_party_share_cd,c,tot,bls,7,23,-1.6887403676002208,0.16216874328520064,-1,1
interest,2003+,dyad,pres_party_share_cd,c,totlean,bls,7,23,-12.199556789124648,-0.34235623582431246,-1,1
interest,2003+,dyad,pres_party_share_cd,lag1,raw,bls,8,24,15.938719222620016,0.5509080804800991,-1,0
interest,2003+,dyad,pres_party_share_cd,lag1,tot,bls,8,23,6.011931662949141,0.28743030285918214,-1,0
interest,2003+,dyad,pres_party_share_cd,lag1,totlean,bls,8,23,-2.4678639577353425,-0.14371515142959107,-1,1
interest,2003+,dyad,pres_party_share_cd,dropfirst,raw,bls,6,17,1.8674636510500986,0.08571428571428573,-1,0
interest,2003+,dyad,pres_party_share_cd,dropfirst,tot,bls,6,16,-4.582877506950878,-0.08571428571428573,-1,1
interest,2003+,dyad,pres_party_share_cd,dropfirst,totlean,bls,6,16,-15.645007899953676,-0.3142857142857143,-1,1
interest,2003+,dyad,coalition_share_cd_start,c,raw,bls,7,24,1.5841288709756063,0.0,-1,0
interest,2003+,dyad,coalition_share_cd_start,c,tot,bls,7,23,1.3888314997568898,-0.07142857142857144,-1,0
interest,2003+,dyad,coalition_share_cd_start,c,totlean,bls,7,23,0.14965343427632705,-0.39285714285714296,-1,0
interest,2003+,dyad,coalition_share_cd_start,lag1,raw,bls,8,24,2.4364503509414512,0.19047619047619052,-1,0
interest,2003+,dyad,coalition_share_cd_start,lag1,tot,bls,8,23,1.306390656619587,-0.023809523809523815,-1,0
interest,2003+,dyad,coalition_share_cd_start,lag1,totlean,bls,8,23,0.7384854489615175,-0.11904761904761905,-1,0
interest,2003+,dyad,coalition_share_cd_start,dropfirst,raw,bls,6,17,0.2535375188014497,-0.3714285714285715,-1,0
interest,2003+,dyad,coalition_share_cd_start,dropfirst,tot,bls,6,16,0.17977229284513946,-0.6,-1,0
interest,2003+,dyad,coalition_share_cd_start,dropfirst,totlean,bls,6,16,-0.9994977493133317,-0.48571428571428577,-1,1
interest,2003+,dyad,coalition_share_cd_mid,c,raw,bls,6,20,0.5356019852491644,0.028571428571428574,-1,0
interest,2003+,dyad,coalition_share_cd_mid,c,tot,bls,6,19,0.8683307599561834,0.2571428571428572,-1,0
interest,2003+,dyad,coalition_share_cd_mid,c,totlean,bls,6,19,-0.0011737775177716695,-0.028571428571428574,-1,1
interest,2003+,dyad,coalition_share_cd_mid,lag1,raw,bls,7,20,2.226130598940169,0.3214285714285715,-1,0
interest,2003+,dyad,coalition_share_cd_mid,lag1,tot,bls,7,19,1.909564316707436,0.03571428571428572,-1,0
interest,2003+,dyad,coalition_share_cd_mid,lag1,totlean,bls,7,19,0.4392416996415135,-0.28571428571428575,-1,0
interest,2003+,dyad,coalition_share_cd_mid,dropfirst,raw,bls,5,14,5.149895684159212,0.6,-1,0
interest,2003+,dyad,coalition_share_cd_mid,dropfirst,tot,bls,5,13,4.092022575610735,0.6,-1,0
interest,2003+,dyad,coalition_share_cd_mid,dropfirst,totlean,bls,5,13,2.194844207112188,0.3,-1,0
interest,2003+,dyad,pres_congress_distance,c,raw,bls,7,24,0.6184629439238934,0.10714285714285716,1,1
interest,2003+,dyad,pres_congress_distance,c,tot,bls,7,23,0.7071793048783531,0.14285714285714288,1,1
interest,2003+,dyad,pres_congress_distance,c,totlean,bls,7,23,0.9646933168231214,0.3571428571428572,1,1
interest,2003+,dyad,pres_congress_distance,lag1,raw,bls,8,24,-0.6231299477196734,-0.1666666666666667,1,0
interest,2003+,dyad,pres_congress_distance,lag1,tot,bls,8,23,-0.27725242187557053,0.30952380952380953,1,0
interest,2003+,dyad,pres_congress_distance,lag1,totlean,bls,8,23,-0.15997614785419603,0.2380952380952381,1,0
interest,2003+,dyad,pres_congress_distance,dropfirst,raw,bls,6,17,0.706890721748091,0.2,1,1
interest,2003+,dyad,pres_congress_distance,dropfirst,tot,bls,6,16,1.0141023916893857,0.3714285714285715,1,1
interest,2003+,dyad,pres_congress_distance,dropfirst,totlean,bls,6,16,1.3008697436013796,0.2,1,1
interest,2003+,dyad,pres_congress_distance_bolognesi,c,raw,bolognesi,7,24,0.6576007442011902,0.6785714285714287,1,1
interest,2003+,dyad,pres_congress_distance_bolognesi,c,tot,bolognesi,7,23,0.5541782790736518,0.7500000000000002,1,1
interest,2003+,dyad,pres_congress_distance_bolognesi,c,totlean,bolognesi,7,23,0.18866209703016537,0.4642857142857144,1,1
interest,2003+,dyad,pres_congress_distance_bolognesi,lag1,raw,bolognesi,8,24,-0.05580250442628316,0.1666666666666667,1,0
interest,2003+,dyad,pres_congress_distance_bolognesi,lag1,tot,bolognesi,8,23,0.07544875075473782,0.38095238095238104,1,1
interest,2003+,dyad,pres_congress_distance_bolognesi,lag1,totlean,bolognesi,8,23,-0.033397867694268335,0.04761904761904763,1,0
interest,2003+,dyad,pres_congress_distance_bolognesi,dropfirst,raw,bolognesi,6,17,0.5553736645830085,0.6,1,1
interest,2003+,dyad,pres_congress_distance_bolognesi,dropfirst,tot,bolognesi,6,16,0.4940557740445195,0.48571428571428577,1,1
interest,2003+,dyad,pres_congress_distance_bolognesi,dropfirst,totlean,bolognesi,6,16,0.12626587427629735,0.2571428571428572,1,1
interest,2003+,dyad,enpp_cd,c,raw,bls,7,24,-0.10964194336076917,-0.2702812388086677,1,0
interest,2003+,dyad,enpp_cd,c,tot,bls,7,23,-0.08831803874075307,-0.36037498507822363,1,0
interest,2003+,dyad,enpp_cd,c,totlean,bls,7,23,0.02217804090191249,0.09009374626955591,1,1
interest,2003+,dyad,enpp_cd,lag1,raw,bls,8,24,-0.23723535705809018,-0.5509080804800991,1,0
interest,2003+,dyad,enpp_cd,lag1,tot,bls,8,23,-0.1548996519287317,-0.34731161595484505,1,0
interest,2003+,dyad,enpp_cd,lag1,totlean,bls,8,23,-0.0545485614159643,0.023952525238265177,1,0
interest,2003+,dyad,enpp_cd,dropfirst,raw,bls,6,17,-0.19269240285105435,-0.48571428571428577,1,0
interest,2003+,dyad,enpp_cd,dropfirst,tot,bls,6,16,-0.1327449908647071,-0.2571428571428572,1,0
interest,2003+,dyad,enpp_cd,dropfirst,totlean,bls,6,16,-0.007798279467212514,-0.028571428571428574,1,0
interest,2003+,year,pres_party_share_cd,c,raw,bls,7,24,4.901363842823929,0.22119003233695686,-1,0
interest,2003+,year,pres_party_share_cd,c,tot,bls,7,23,1.863701670945132,0.13321197569622287,-1,0
interest,2003+,year,pres_party_share_cd,c,totlean,bls,7,23,-9.032461980314201,-0.18128847820313035,-1,1
interest,2003+,year,pres_party_share_cd,lag1,raw,bls,8,24,8.465468295569098,0.27614638897853716,-1,0
interest,2003+,year,pres_party_share_cd,lag1,tot,bls,8,23,2.279089370866878,0.11550831689823578,-1,0
interest,2003+,year,pres_party_share_cd,lag1,totlean,bls,8,23,-6.561069031304826,-0.13200950502655517,-1,1
interest,2003+,year,pres_party_share_cd,dropfirst,raw,bls,6,17,1.5897258818529654,0.12912332343567762,-1,0
interest,2003+,year,pres_party_share_cd,dropfirst,tot,bls,6,16,-2.57748255620934,0.0432229641653858,-1,1
interest,2003+,year,pres_party_share_cd,dropfirst,totlean,bls,6,16,-13.543099315426137,-0.30405119619788634,-1,1
interest,2003+,year,coalition_share_cd_start,c,raw,bls,7,24,0.8208086081647274,-0.22773825704604464,-1,0
interest,2003+,year,coalition_share_cd_start,c,tot,bls,7,23,0.8306239298749489,-0.19851429354372127,-1,0
interest,2003+,year,coalition_share_cd_start,c,totlean,bls,7,23,-0.4740121974055034,-0.3655263188424691,-1,1
interest,2003+,year,coalition_share_cd_start,lag1,raw,bls,8,24,1.0389663497472759,-0.09383053674080062,-1,0
interest,2003+,year,coalition_share_cd_start,lag1,tot,bls,8,23,0.4262559697369792,-0.10093068442153053,-1,0
interest,2003+,year,coalition_share_cd_start,lag1,totlean,bls,8,23,-0.30062526223216385,-0.18837063379661886,-1,1
interest,2003+,year,coalition_share_cd_start,dropfirst,raw,bls,6,17,0.3071168138643282,-0.2880443368949731,-1,0
interest,2003+,year,coalition_share_cd_start,dropfirst,tot,bls,6,16,0.05905709615843622,-0.3621786307651293,-1,0
interest,2003+,year,coalition_share_cd_start,dropfirst,totlean,bls,6,16,-1.244830296784203,-0.5097328877435153,-1,1
interest,2003+,year,coalition_share_cd_mid,c,raw,bls,6,20,3.24124224037485,0.5266486434108011,-1,0
interest,2003+,year,coalition_share_cd_mid,c,tot,bls,6,19,2.5119966286740913,0.4059459133519325,-1,0
interest,2003+,year,coalition_share_cd_mid,c,totlean,bls,6,19,1.056498727575308,0.10617046964589004,-1,0
interest,2003+,year,coalition_share_cd_mid,lag1,raw,bls,7,20,3.0591484282381476,0.38295402618095925,-1,0
interest,2003+,year,coalition_share_cd_mid,lag1,tot,bls,7,19,1.7264695970936028,0.15592095423895624,-1,0
interest,2003+,year,coalition_share_cd_mid,lag1,totlean,bls,7,19,0.32092819435257036,-0.099789410712932,-1,0
interest,2003+,year,coalition_share_cd_mid,dropfirst,raw,bls,5,14,5.13513820214239,0.6697742315140685,-1,0
interest,2003+,year,coalition_share_cd_mid,dropfirst,tot,bls,5,13,3.426234039728061,0.4762820424784469,-1,0
interest,2003+,year,coalition_share_cd_mid,dropfirst,totlean,bls,5,13,1.589398429255035,0.08404977220207888,-1,0
interest,2003+,year,pres_congress_distance,c,raw,bls,7,24,0.3679085395281721,0.15116539380737454,1,1
interest,2003+,year,pres_congress_distance,c,tot,bls,7,23,0.376176498204231,0.20051443755927512,1,1
interest,2003+,year,pres_congress_distance,c,totlean,bls,7,23,0.760910211758163,0.2415173898781294,1,1
interest,2003+,year,pres_congress_distance,lag1,raw,bls,8,24,-0.3601941264000347,0.13162644381203645,1,0
interest,2003+,year,pres_congress_distance,lag1,tot,bls,8,23,-0.12894022393746984,0.21785038815736293,1,0
interest,2003+,year,pres_congress_distance,lag1,totlean,bls,8,23,0.026962291819121444,0.22234729983951032,1,1
interest,2003+,year,pres_congress_distance,dropfirst,raw,bls,6,17,0.708147377789425,0.2110669710006269,1,1
interest,2003+,year,pres_congress_distance,dropfirst,tot,bls,6,16,0.7200157813718443,0.2936180669165863,1,1
interest,2003+,year,pres_congress_distance,dropfirst,totlean,bls,6,16,1.1456545428848062,0.35174550148382927,1,1
interest,2003+,year,pres_congress_distance_bolognesi,c,raw,bolognesi,7,24,0.6045577927946948,0.6519695223453433,1,1
interest,2003+,year,pres_congress_distance_bolognesi,c,tot,bolognesi,7,23,0.46991806144587345,0.561540432366748,1,1
interest,2003+,year,pres_congress_distance_bolognesi,c,totlean,bolognesi,7,23,0.08730033490822658,0.30652207038363,1,1
interest,2003+,year,pres_congress_distance_bolognesi,lag1,raw,bolognesi,8,24,0.2710258766481518,0.4137772849717273,1,1
interest,2003+,year,pres_congress_distance_bolognesi,lag1,tot,bolognesi,8,23,0.1999866172268759,0.29979411214316,1,1
interest,2003+,year,pres_congress_distance_bolognesi,lag1,totlean,bolognesi,8,23,-0.0418796597046849,0.10242965498224633,1,0
interest,2003+,year,pres_congress_distance_bolognesi,dropfirst,raw,bolognesi,6,17,0.6564763147938641,0.6431334763430866,1,1
interest,2003+,year,pres_congress_distance_bolognesi,dropfirst,tot,bolognesi,6,16,0.43835621702571886,0.4724717117388724,1,1
interest,2003+,year,pres_congress_distance_bolognesi,dropfirst,totlean,bolognesi,6,16,0.05051848312015765,0.19375811522414324,1,1
interest,2003+,year,enpp_cd,c,raw,bls,7,24,-0.1787581015652505,-0.4389002655637292,1,0
interest,2003+,year,enpp_cd,c,tot,bls,7,23,-0.12120873957906098,-0.26842713899690024,1,0
interest,2003+,year,enpp_cd,c,totlean,bls,7,23,-0.004360330394519212,0.006009562813363438,1,0
interest,2003+,year,enpp_cd,lag1,raw,bls,8,24,-0.1758636593675121,-0.39562646006646207,1,0
interest,2003+,year,enpp_cd,lag1,tot,bls,8,23,-0.0952500955844646,-0.21517888801481944,1,0
interest,2003+,year,enpp_cd,lag1,totlean,bls,8,23,0.0002122093532251953,0.03903244945385096,1,1
interest,2003+,year,enpp_cd,dropfirst,raw,bls,6,17,-0.19522393783493672,-0.42710022367185674,1,0
interest,2003+,year,enpp_cd,dropfirst,tot,bls,6,16,-0.10919793615846587,-0.263809126112872,1,0
interest,2003+,year,enpp_cd,dropfirst,totlean,bls,6,16,0.00990852857934691,0.06557966976817155,1,1
interest,1987+,dyad,centrao_share_cd_narrow,c,raw,-,7,24,5.258524228772983,0.4865062298556019,1,1
interest,1987+,year,centrao_share_cd_narrow,c,raw,-,7,24,3.7397002472187912,0.32785321042109894,1,1
interest,1987+,dyad,centrao_share_cd_broad,c,raw,-,7,24,18.563431726481348,0.3783937343321348,1,1
interest,1987+,year,centrao_share_cd_broad,c,raw,-,7,24,11.940916616496155,0.23619532363670567,1,1
nld,1987+,dyad,pres_party_share_cd,c,raw,bls,6,15,70.19979668045227,0.6377481392176932,1,1
nld,1987+,dyad,pres_party_share_cd,c,tot,bls,6,15,39.89512719619027,0.6087595874350709,1,1
nld,1987+,dyad,pres_party_share_cd,c,totlean,bls,6,15,29.23715943667873,0.6087595874350709,1,1
nld,1987+,dyad,pres_party_share_cd,lag1,raw,bls,6,15,56.137379490864525,0.8406680016960503,1,1
nld,1987+,dyad,pres_party_share_cd,lag1,tot,bls,6,15,40.542044421547644,0.6087595874350709,1,1
nld,1987+,dyad,pres_party_share_cd,lag1,totlean,bls,6,15,31.002249785130115,0.23190841426097938,1,1
nld,1987+,dyad,pres_party_share_cd,dropfirst,raw,bls,5,10,70.0685129156156,0.7999999999999999,1,1
nld,1987+,dyad,pres_party_share_cd,dropfirst,tot,bls,5,10,56.40356453444229,0.7999999999999999,1,1
nld,1987+,dyad,pres_party_share_cd,dropfirst,totlean,bls,5,10,43.721629099403984,0.6,1,1
nld,1987+,dyad,coalition_share_cd_start,c,raw,bls,6,15,4.552894608871341,0.4285714285714286,1,1
nld,1987+,dyad,coalition_share_cd_start,c,tot,bls,6,15,4.877525800057436,0.8285714285714287,1,1
nld,1987+,dyad,coalition_share_cd_start,c,totlean,bls,6,15,3.1638370570515364,0.8285714285714287,1,1
nld,1987+,dyad,coalition_share_cd_start,lag1,raw,bls,6,15,5.081870937638927,0.7142857142857143,1,1
nld,1987+,dyad,coalition_share_cd_start,lag1,tot,bls,6,15,6.837208415208116,0.7714285714285715,1,1
nld,1987+,dyad,coalition_share_cd_start,lag1,totlean,bls,6,15,5.839929620713454,0.5428571428571429,1,1
nld,1987+,dyad,coalition_share_cd_start,dropfirst,raw,bls,5,10,6.937802874089344,0.6,1,1
nld,1987+,dyad,coalition_share_cd_start,dropfirst,tot,bls,5,10,7.074636941786391,0.8999999999999998,1,1
nld,1987+,dyad,coalition_share_cd_start,dropfirst,totlean,bls,5,10,5.42197799687278,0.7999999999999999,1,1
nld,1987+,dyad,coalition_share_cd_mid,c,raw,bls,5,14,4.787436200198848,0.7999999999999999,1,1
nld,1987+,dyad,coalition_share_cd_mid,c,tot,bls,5,14,-1.3481289891871258,-0.09999999999999999,1,0
nld,1987+,dyad,coalition_share_cd_mid,c,totlean,bls,5,14,-1.4882498586458102,-0.09999999999999999,1,0
nld,1987+,dyad,coalition_share_cd_mid,lag1,raw,bls,5,13,3.8864160989693013,0.7999999999999999,1,1
nld,1987+,dyad,coalition_share_cd_mid,lag1,tot,bls,5,13,-1.443088362699743,-0.3,1,0
nld,1987+,dyad,coalition_share_cd_mid,lag1,totlean,bls,5,13,-2.2180380472823966,-0.7,1,0
nld,1987+,dyad,coalition_share_cd_mid,dropfirst,raw,bls,4,9,5.198143547357431,0.6000000000000001,1,1
nld,1987+,dyad,coalition_share_cd_mid,dropfirst,tot,bls,4,9,2.081158526135157,0.39999999999999997,1,1
nld,1987+,dyad,coalition_share_cd_mid,dropfirst,totlean,bls,4,9,0.4356743480339682,-0.19999999999999998,1,1
nld,1987+,dyad,pres_congress_distance,c,raw,bls,6,15,-2.673559149855391,-0.08571428571428573,-1,1
nld,1987+,dyad,pres_congress_distance,c,tot,bls,6,15,-2.728880830282273,-0.7142857142857143,-1,1
nld,1987+,dyad,pres_congress_distance,c,totlean,bls,6,15,-2.3882507132972495,-0.7142857142857143,-1,1
nld,1987+,dyad,pres_congress_distance,lag1,raw,bls,6,15,-2.2827544042203036,-0.48571428571428577,-1,1
nld,1987+,dyad,pres_congress_distance,lag1,tot,bls,6,15,-2.818012244750219,-0.4285714285714286,-1,1
nld,1987+,dyad,pres_congress_distance,lag1,totlean,bls,6,15,-2.550768047077033,-0.4285714285714286,-1,1
nld,1987+,dyad,pres_congress_distance,dropfirst,raw,bls,5,10,-2.376964587456289,0.09999999999999999,-1,1
nld,1987+,dyad,pres_congress_distance,dropfirst,tot,bls,5,10,-3.3080732824001964,-0.6,-1,1
nld,1987+,dyad,pres_congress_distance,dropfirst,totlean,bls,5,10,-2.8514418921370948,-0.49999999999999994,-1,1
nld,1987+,dyad,pres_congress_distance_bolognesi,c,raw,bolognesi,6,15,0.7453801197408235,0.14285714285714288,-1,0
nld,1987+,dyad,pres_congress_distance_bolognesi,c,tot,bolognesi,6,15,0.011464453320852438,-0.3142857142857143,-1,0
nld,1987+,dyad,pres_congress_distance_bolognesi,c,totlean,bolognesi,6,15,-0.2869623552904108,-0.3142857142857143,-1,1
nld,1987+,dyad,pres_congress_distance_bolognesi,lag1,raw,bolognesi,6,15,0.721010952772261,0.2571428571428572,-1,0
nld,1987+,dyad,pres_congress_distance_bolognesi,lag1,tot,bolognesi,6,15,0.16680881136866593,0.3142857142857143,-1,0
nld,1987+,dyad,pres_congress_distance_bolognesi,lag1,totlean,bolognesi,6,15,-0.04145031184985044,-0.028571428571428574,-1,1
nld,1987+,dyad,pres_congress_distance_bolognesi,dropfirst,raw,bolognesi,5,10,1.3601131277200227,0.7,-1,0
nld,1987+,dyad,pres_congress_distance_bolognesi,dropfirst,tot,bolognesi,5,10,0.36493272926660636,0.19999999999999998,-1,0
nld,1987+,dyad,pres_congress_distance_bolognesi,dropfirst,totlean,bolognesi,5,10,0.08093468257804243,-0.09999999999999999,-1,0
nld,1987+,dyad,enpp_cd,c,raw,bls,6,15,-0.5629004363833435,-0.753702346348183,-1,1
nld,1987+,dyad,enpp_cd,c,tot,bls,6,15,-0.20763566894373336,-0.40583972495671394,-1,1
nld,1987+,dyad,enpp_cd,c,totlean,bls,6,15,-0.10138011722912413,-0.40583972495671394,-1,1
nld,1987+,dyad,enpp_cd,lag1,raw,bls,6,15,-0.522828560055822,-0.9276336570439175,-1,1
nld,1987+,dyad,enpp_cd,lag1,tot,bls,6,15,-0.19424112241482205,-0.3478626213914691,-1,1
nld,1987+,dyad,enpp_cd,lag1,totlean,bls,6,15,-0.09901983792690228,-0.028988551782622423,-1,1
nld,1987+,dyad,enpp_cd,dropfirst,raw,bls,5,10,-0.5815159025774479,-0.7999999999999999,-1,1
nld,1987+,dyad,enpp_cd,dropfirst,tot,bls,5,10,-0.38741787555978985,-0.7,-1,1
nld,1987+,dyad,enpp_cd,dropfirst,totlean,bls,5,10,-0.2504292763240571,-0.39999999999999997,-1,1
nld,1987+,year,pres_party_share_cd,c,raw,bls,6,15,57.42215587505633,0.4525297374375589,1,1
nld,1987+,year,pres_party_share_cd,c,tot,bls,6,15,28.5970563535106,0.24733406702052815,1,1
nld,1987+,year,pres_party_share_cd,c,totlean,bls,6,15,19.196922289492935,0.0512989176042577,1,1
nld,1987+,year,pres_party_share_cd,lag1,raw,bls,6,15,47.59399981263536,0.3364752937854173,1,1
nld,1987+,year,pres_party_share_cd,lag1,tot,bls,6,15,39.96805045508786,0.5284856516520956,1,1
nld,1987+,year,pres_party_share_cd,lag1,totlean,bls,6,15,30.782368528199807,0.2962445521371609,1,1
nld,1987+,year,pres_party_share_cd,dropfirst,raw,bls,5,10,61.68788907336016,0.523570314404736,1,1
nld,1987+,year,pres_party_share_cd,dropfirst,tot,bls,5,10,47.172862647498675,0.5859001137386332,1,1
nld,1987+,year,pres_party_share_cd,dropfirst,totlean,bls,5,10,36.14038145835643,0.43630859533728,1,1
nld,1987+,year,coalition_share_cd_start,c,raw,bls,6,15,4.441480588072549,0.4001042921449236,1,1
nld,1987+,year,coalition_share_cd_start,c,tot,bls,6,15,3.762567395806781,0.4055851728592376,1,1
nld,1987+,year,coalition_share_cd_start,c,totlean,bls,6,15,2.363651260563721,0.19183082500099077,1,1
nld,1987+,year,coalition_share_cd_start,lag1,raw,bls,6,15,5.09204414361751,0.31971804166831796,1,1
nld,1987+,year,coalition_share_cd_start,lag1,tot,bls,6,15,6.3871110119906245,0.615685600241275,1,1
nld,1987+,year,coalition_share_cd_start,lag1,totlean,bls,6,15,5.381915570575006,0.38183468976387686,1,1
nld,1987+,year,coalition_share_cd_start,dropfirst,raw,bls,5,10,6.384595194876697,0.4861724348043977,1,1
nld,1987+,year,coalition_share_cd_start,dropfirst,tot,bls,5,10,6.275286717974735,0.6731618328060892,1,1
nld,1987+,year,coalition_share_cd_start,dropfirst,totlean,bls,5,10,4.812757842649049,0.49863839467117715,1,1
nld,1987+,year,coalition_share_cd_mid,c,raw,bls,5,14,5.21886823516494,0.3142497017213299,1,1
nld,1987+,year,coalition_share_cd_mid,c,tot,bls,5,14,0.5226095120711237,-0.16051603469219006,1,1
nld,1987+,year,coalition_share_cd_mid,c,totlean,bls,5,14,-0.417123417137547,-0.20573181911252528,1,0
nld,1987+,year,coalition_share_cd_mid,lag1,raw,bls,5,13,5.1332787615735835,0.2615156459876071,1,1
nld,1987+,year,coalition_share_cd_mid,lag1,tot,bls,5,13,3.4703057379924505,0.21887722544614943,1,1
nld,1987+,year,coalition_share_cd_mid,lag1,totlean,bls,5,13,2.37066336468014,0.005685122738861024,1,1
nld,1987+,year,coalition_share_cd_mid,dropfirst,raw,bls,4,9,6.880397667332102,0.26860220987018546,1,1
nld,1987+,year,coalition_share_cd_mid,dropfirst,tot,bls,4,9,4.79844574682686,0.28593138470052004,1,1
nld,1987+,year,coalition_share_cd_mid,dropfirst,totlean,bls,4,9,3.0983024258229483,0.11263963639717454,1,1
nld,1987+,year,pres_congress_distance,c,raw,bls,6,15,-2.0887530876892795,0.01644264214294207,-1,1
nld,1987+,year,pres_congress_distance,c,tot,bls,6,15,-2.0702852209008076,-0.2959675585729572,-1,1
nld,1987+,year,pres_congress_distance,c,totlean,bls,6,15,-1.6930837400346075,-0.1260602564292225,-1,1
nld,1987+,year,pres_congress_distance,lag1,raw,bls,6,15,-2.1218480675546707,-0.03471224452398881,-1,1
nld,1987+,year,pres_congress_distance,lag1,tot,bls,6,15,-2.7431549615830777,-0.5572228726219256,-1,1
nld,1987+,year,pres_congress_distance,lag1,totlean,bls,6,15,-2.3903806766925695,-0.3526033259542021,-1,1
nld,1987+,year,pres_congress_distance,dropfirst,raw,bls,5,10,-2.4077119888126024,0.062329799333897144,-1,1
nld,1987+,year,pres_congress_distance,dropfirst,tot,bls,5,10,-2.8407646144029526,-0.4238426354705006,-1,1
nld,1987+,year,pres_congress_distance,dropfirst,totlean,bls,5,10,-2.33401059137957,-0.174523438134912,-1,1
nld,1987+,year,pres_congress_distance_bolognesi,c,raw,bolognesi,6,15,1.027103016250577,0.22106218881066556,-1,0
nld,1987+,year,pres_congress_distance_bolognesi,c,tot,bolognesi,6,15,-0.00828018630358528,-0.10596369381007109,-1,1
nld,1987+,year,pres_congress_distance_bolognesi,c,totlean,bolognesi,6,15,-0.2728041606777774,-0.22837002976308426,-1,1
nld,1987+,year,pres_congress_distance_bolognesi,lag1,raw,bolognesi,6,15,1.0490293320015198,0.27221707547759644,-1,0
nld,1987+,year,pres_congress_distance_bolognesi,lag1,tot,bolognesi,6,15,0.4181925974123417,0.11509849500059448,-1,0
nld,1987+,year,pres_congress_distance_bolognesi,lag1,totlean,bolognesi,6,15,0.17261525183833382,0.07125144928608229,-1,0
nld,1987+,year,pres_congress_distance_bolognesi,dropfirst,raw,bolognesi,5,10,1.6254551276045623,0.5360362742715155,-1,0
nld,1987+,year,pres_congress_distance_bolognesi,dropfirst,tot,bolognesi,5,10,0.6137193050611279,0.2243872776020297,-1,0
nld,1987+,year,pres_congress_distance_bolognesi,dropfirst,totlean,bolognesi,5,10,0.32492124921936627,0.24931919733558858,-1,0
nld,1987+,year,enpp_cd,c,raw,bls,6,15,-0.4707116235539348,-0.3343871181751956,-1,1
nld,1987+,year,enpp_cd,c,tot,bls,6,15,-0.17453427632546173,-0.09737646847958994,-1,1
nld,1987+,year,enpp_cd,c,totlean,bls,6,15,-0.06555481679405563,0.06614250689179693,-1,1
nld,1987+,year,enpp_cd,lag1,raw,bls,6,15,-0.5028382286450391,-0.4464619215196294,-1,1
nld,1987+,year,enpp_cd,lag1,tot,bls,6,15,-0.36078642573679476,-0.4097160843575199,-1,1
nld,1987+,year,enpp_cd,lag1,totlean,bls,6,15,-0.2650426195637573,-0.23333606597939474,-1,1
nld,1987+,year,enpp_cd,dropfirst,raw,bls,5,10,-0.5807001865432724,-0.43630859533728,-1,1
nld,1987+,year,enpp_cd,dropfirst,tot,bls,5,10,-0.42305891784814215,-0.4861724348043977,-1,1
nld,1987+,year,enpp_cd,dropfirst,totlean,bls,5,10,-0.29706082064763206,-0.3615128361366034,-1,1
nld,1995+,dyad,pres_party_share_cd,c,raw,bls,6,15,70.19979668045227,0.6377481392176932,1,1
nld,1995+,dyad,pres_party_share_cd,c,tot,bls,6,15,39.89512719619027,0.6087595874350709,1,1
nld,1995+,dyad,pres_party_share_cd,c,totlean,bls,6,15,29.23715943667873,0.6087595874350709,1,1
nld,1995+,dyad,pres_party_share_cd,lag1,raw,bls,6,15,56.137379490864525,0.8406680016960503,1,1
nld,1995+,dyad,pres_party_share_cd,lag1,tot,bls,6,15,40.542044421547644,0.6087595874350709,1,1
nld,1995+,dyad,pres_party_share_cd,lag1,totlean,bls,6,15,31.002249785130115,0.23190841426097938,1,1
nld,1995+,dyad,pres_party_share_cd,dropfirst,raw,bls,5,10,70.0685129156156,0.7999999999999999,1,1
nld,1995+,dyad,pres_party_share_cd,dropfirst,tot,bls,5,10,56.40356453444229,0.7999999999999999,1,1
nld,1995+,dyad,pres_party_share_cd,dropfirst,totlean,bls,5,10,43.721629099403984,0.6,1,1
nld,1995+,dyad,coalition_share_cd_start,c,raw,bls,6,15,4.552894608871341,0.4285714285714286,1,1
nld,1995+,dyad,coalition_share_cd_start,c,tot,bls,6,15,4.877525800057436,0.8285714285714287,1,1
nld,1995+,dyad,coalition_share_cd_start,c,totlean,bls,6,15,3.1638370570515364,0.8285714285714287,1,1
nld,1995+,dyad,coalition_share_cd_start,lag1,raw,bls,6,15,5.081870937638927,0.7142857142857143,1,1
nld,1995+,dyad,coalition_share_cd_start,lag1,tot,bls,6,15,6.837208415208116,0.7714285714285715,1,1
nld,1995+,dyad,coalition_share_cd_start,lag1,totlean,bls,6,15,5.839929620713454,0.5428571428571429,1,1
nld,1995+,dyad,coalition_share_cd_start,dropfirst,raw,bls,5,10,6.937802874089344,0.6,1,1
nld,1995+,dyad,coalition_share_cd_start,dropfirst,tot,bls,5,10,7.074636941786391,0.8999999999999998,1,1
nld,1995+,dyad,coalition_share_cd_start,dropfirst,totlean,bls,5,10,5.42197799687278,0.7999999999999999,1,1
nld,1995+,dyad,coalition_share_cd_mid,c,raw,bls,5,14,4.787436200198848,0.7999999999999999,1,1
nld,1995+,dyad,coalition_share_cd_mid,c,tot,bls,5,14,-1.3481289891871258,-0.09999999999999999,1,0
nld,1995+,dyad,coalition_share_cd_mid,c,totlean,bls,5,14,-1.4882498586458102,-0.09999999999999999,1,0
nld,1995+,dyad,coalition_share_cd_mid,lag1,raw,bls,5,13,3.8864160989693013,0.7999999999999999,1,1
nld,1995+,dyad,coalition_share_cd_mid,lag1,tot,bls,5,13,-1.443088362699743,-0.3,1,0
nld,1995+,dyad,coalition_share_cd_mid,lag1,totlean,bls,5,13,-2.2180380472823966,-0.7,1,0
nld,1995+,dyad,coalition_share_cd_mid,dropfirst,raw,bls,4,9,5.198143547357431,0.6000000000000001,1,1
nld,1995+,dyad,coalition_share_cd_mid,dropfirst,tot,bls,4,9,2.081158526135157,0.39999999999999997,1,1
nld,1995+,dyad,coalition_share_cd_mid,dropfirst,totlean,bls,4,9,0.4356743480339682,-0.19999999999999998,1,1
nld,1995+,dyad,pres_congress_distance,c,raw,bls,6,15,-2.673559149855391,-0.08571428571428573,-1,1
nld,1995+,dyad,pres_congress_distance,c,tot,bls,6,15,-2.728880830282273,-0.7142857142857143,-1,1
nld,1995+,dyad,pres_congress_distance,c,totlean,bls,6,15,-2.3882507132972495,-0.7142857142857143,-1,1
nld,1995+,dyad,pres_congress_distance,lag1,raw,bls,6,15,-2.2827544042203036,-0.48571428571428577,-1,1
nld,1995+,dyad,pres_congress_distance,lag1,tot,bls,6,15,-2.818012244750219,-0.4285714285714286,-1,1
nld,1995+,dyad,pres_congress_distance,lag1,totlean,bls,6,15,-2.550768047077033,-0.4285714285714286,-1,1
nld,1995+,dyad,pres_congress_distance,dropfirst,raw,bls,5,10,-2.376964587456289,0.09999999999999999,-1,1
nld,1995+,dyad,pres_congress_distance,dropfirst,tot,bls,5,10,-3.3080732824001964,-0.6,-1,1
nld,1995+,dyad,pres_congress_distance,dropfirst,totlean,bls,5,10,-2.8514418921370948,-0.49999999999999994,-1,1
nld,1995+,dyad,pres_congress_distance_bolognesi,c,raw,bolognesi,6,15,0.7453801197408235,0.14285714285714288,-1,0
nld,1995+,dyad,pres_congress_distance_bolognesi,c,tot,bolognesi,6,15,0.011464453320852438,-0.3142857142857143,-1,0
nld,1995+,dyad,pres_congress_distance_bolognesi,c,totlean,bolognesi,6,15,-0.2869623552904108,-0.3142857142857143,-1,1
nld,1995+,dyad,pres_congress_distance_bolognesi,lag1,raw,bolognesi,6,15,0.721010952772261,0.2571428571428572,-1,0
nld,1995+,dyad,pres_congress_distance_bolognesi,lag1,tot,bolognesi,6,15,0.16680881136866593,0.3142857142857143,-1,0
nld,1995+,dyad,pres_congress_distance_bolognesi,lag1,totlean,bolognesi,6,15,-0.04145031184985044,-0.028571428571428574,-1,1
nld,1995+,dyad,pres_congress_distance_bolognesi,dropfirst,raw,bolognesi,5,10,1.3601131277200227,0.7,-1,0
nld,1995+,dyad,pres_congress_distance_bolognesi,dropfirst,tot,bolognesi,5,10,0.36493272926660636,0.19999999999999998,-1,0
nld,1995+,dyad,pres_congress_distance_bolognesi,dropfirst,totlean,bolognesi,5,10,0.08093468257804243,-0.09999999999999999,-1,0
nld,1995+,dyad,enpp_cd,c,raw,bls,6,15,-0.5629004363833435,-0.753702346348183,-1,1
nld,1995+,dyad,enpp_cd,c,tot,bls,6,15,-0.20763566894373336,-0.40583972495671394,-1,1
nld,1995+,dyad,enpp_cd,c,totlean,bls,6,15,-0.10138011722912413,-0.40583972495671394,-1,1
nld,1995+,dyad,enpp_cd,lag1,raw,bls,6,15,-0.522828560055822,-0.9276336570439175,-1,1
nld,1995+,dyad,enpp_cd,lag1,tot,bls,6,15,-0.19424112241482205,-0.3478626213914691,-1,1
nld,1995+,dyad,enpp_cd,lag1,totlean,bls,6,15,-0.09901983792690228,-0.028988551782622423,-1,1
nld,1995+,dyad,enpp_cd,dropfirst,raw,bls,5,10,-0.5815159025774479,-0.7999999999999999,-1,1
nld,1995+,dyad,enpp_cd,dropfirst,tot,bls,5,10,-0.38741787555978985,-0.7,-1,1
nld,1995+,dyad,enpp_cd,dropfirst,totlean,bls,5,10,-0.2504292763240571,-0.39999999999999997,-1,1
nld,1995+,year,pres_party_share_cd,c,raw,bls,6,15,57.42215587505633,0.4525297374375589,1,1
nld,1995+,year,pres_party_share_cd,c,tot,bls,6,15,28.5970563535106,0.24733406702052815,1,1
nld,1995+,year,pres_party_share_cd,c,totlean,bls,6,15,19.196922289492935,0.0512989176042577,1,1
nld,1995+,year,pres_party_share_cd,lag1,raw,bls,6,15,47.59399981263536,0.3364752937854173,1,1
nld,1995+,year,pres_party_share_cd,lag1,tot,bls,6,15,39.96805045508786,0.5284856516520956,1,1
nld,1995+,year,pres_party_share_cd,lag1,totlean,bls,6,15,30.782368528199807,0.2962445521371609,1,1
nld,1995+,year,pres_party_share_cd,dropfirst,raw,bls,5,10,61.68788907336016,0.523570314404736,1,1
nld,1995+,year,pres_party_share_cd,dropfirst,tot,bls,5,10,47.172862647498675,0.5859001137386332,1,1
nld,1995+,year,pres_party_share_cd,dropfirst,totlean,bls,5,10,36.14038145835643,0.43630859533728,1,1
nld,1995+,year,coalition_share_cd_start,c,raw,bls,6,15,4.441480588072549,0.4001042921449236,1,1
nld,1995+,year,coalition_share_cd_start,c,tot,bls,6,15,3.762567395806781,0.4055851728592376,1,1
nld,1995+,year,coalition_share_cd_start,c,totlean,bls,6,15,2.363651260563721,0.19183082500099077,1,1
nld,1995+,year,coalition_share_cd_start,lag1,raw,bls,6,15,5.09204414361751,0.31971804166831796,1,1
nld,1995+,year,coalition_share_cd_start,lag1,tot,bls,6,15,6.3871110119906245,0.615685600241275,1,1
nld,1995+,year,coalition_share_cd_start,lag1,totlean,bls,6,15,5.381915570575006,0.38183468976387686,1,1
nld,1995+,year,coalition_share_cd_start,dropfirst,raw,bls,5,10,6.384595194876697,0.4861724348043977,1,1
nld,1995+,year,coalition_share_cd_start,dropfirst,tot,bls,5,10,6.275286717974735,0.6731618328060892,1,1
nld,1995+,year,coalition_share_cd_start,dropfirst,totlean,bls,5,10,4.812757842649049,0.49863839467117715,1,1
nld,1995+,year,coalition_share_cd_mid,c,raw,bls,5,14,5.21886823516494,0.3142497017213299,1,1
nld,1995+,year,coalition_share_cd_mid,c,tot,bls,5,14,0.5226095120711237,-0.16051603469219006,1,1
nld,1995+,year,coalition_share_cd_mid,c,totlean,bls,5,14,-0.417123417137547,-0.20573181911252528,1,0
nld,1995+,year,coalition_share_cd_mid,lag1,raw,bls,5,13,5.1332787615735835,0.2615156459876071,1,1
nld,1995+,year,coalition_share_cd_mid,lag1,tot,bls,5,13,3.4703057379924505,0.21887722544614943,1,1
nld,1995+,year,coalition_share_cd_mid,lag1,totlean,bls,5,13,2.37066336468014,0.005685122738861024,1,1
nld,1995+,year,coalition_share_cd_mid,dropfirst,raw,bls,4,9,6.880397667332102,0.26860220987018546,1,1
nld,1995+,year,coalition_share_cd_mid,dropfirst,tot,bls,4,9,4.79844574682686,0.28593138470052004,1,1
nld,1995+,year,coalition_share_cd_mid,dropfirst,totlean,bls,4,9,3.0983024258229483,0.11263963639717454,1,1
nld,1995+,year,pres_congress_distance,c,raw,bls,6,15,-2.0887530876892795,0.01644264214294207,-1,1
nld,1995+,year,pres_congress_distance,c,tot,bls,6,15,-2.0702852209008076,-0.2959675585729572,-1,1
nld,1995+,year,pres_congress_distance,c,totlean,bls,6,15,-1.6930837400346075,-0.1260602564292225,-1,1
nld,1995+,year,pres_congress_distance,lag1,raw,bls,6,15,-2.1218480675546707,-0.03471224452398881,-1,1
nld,1995+,year,pres_congress_distance,lag1,tot,bls,6,15,-2.7431549615830777,-0.5572228726219256,-1,1
nld,1995+,year,pres_congress_distance,lag1,totlean,bls,6,15,-2.3903806766925695,-0.3526033259542021,-1,1
nld,1995+,year,pres_congress_distance,dropfirst,raw,bls,5,10,-2.4077119888126024,0.062329799333897144,-1,1
nld,1995+,year,pres_congress_distance,dropfirst,tot,bls,5,10,-2.8407646144029526,-0.4238426354705006,-1,1
nld,1995+,year,pres_congress_distance,dropfirst,totlean,bls,5,10,-2.33401059137957,-0.174523438134912,-1,1
nld,1995+,year,pres_congress_distance_bolognesi,c,raw,bolognesi,6,15,1.027103016250577,0.22106218881066556,-1,0
nld,1995+,year,pres_congress_distance_bolognesi,c,tot,bolognesi,6,15,-0.00828018630358528,-0.10596369381007109,-1,1
nld,1995+,year,pres_congress_distance_bolognesi,c,totlean,bolognesi,6,15,-0.2728041606777774,-0.22837002976308426,-1,1
nld,1995+,year,pres_congress_distance_bolognesi,lag1,raw,bolognesi,6,15,1.0490293320015198,0.27221707547759644,-1,0
nld,1995+,year,pres_congress_distance_bolognesi,lag1,tot,bolognesi,6,15,0.4181925974123417,0.11509849500059448,-1,0
nld,1995+,year,pres_congress_distance_bolognesi,lag1,totlean,bolognesi,6,15,0.17261525183833382,0.07125144928608229,-1,0
nld,1995+,year,pres_congress_distance_bolognesi,dropfirst,raw,bolognesi,5,10,1.6254551276045623,0.5360362742715155,-1,0
nld,1995+,year,pres_congress_distance_bolognesi,dropfirst,tot,bolognesi,5,10,0.6137193050611279,0.2243872776020297,-1,0
nld,1995+,year,pres_congress_distance_bolognesi,dropfirst,totlean,bolognesi,5,10,0.32492124921936627,0.24931919733558858,-1,0
nld,1995+,year,enpp_cd,c,raw,bls,6,15,-0.4707116235539348,-0.3343871181751956,-1,1
nld,1995+,year,enpp_cd,c,tot,bls,6,15,-0.17453427632546173,-0.09737646847958994,-1,1
nld,1995+,year,enpp_cd,c,totlean,bls,6,15,-0.06555481679405563,0.06614250689179693,-1,1
nld,1995+,year,enpp_cd,lag1,raw,bls,6,15,-0.5028382286450391,-0.4464619215196294,-1,1
nld,1995+,year,enpp_cd,lag1,tot,bls,6,15,-0.36078642573679476,-0.4097160843575199,-1,1
nld,1995+,year,enpp_cd,lag1,totlean,bls,6,15,-0.2650426195637573,-0.23333606597939474,-1,1
nld,1995+,year,enpp_cd,dropfirst,raw,bls,5,10,-0.5807001865432724,-0.43630859533728,-1,1
nld,1995+,year,enpp_cd,dropfirst,tot,bls,5,10,-0.42305891784814215,-0.4861724348043977,-1,1
nld,1995+,year,enpp_cd,dropfirst,totlean,bls,5,10,-0.29706082064763206,-0.3615128361366034,-1,1
nld,2003+,dyad,pres_party_share_cd,c,raw,bls,6,15,70.19979668045227,0.6377481392176932,1,1
nld,2003+,dyad,pres_party_share_cd,c,tot,bls,6,15,39.89512719619027,0.6087595874350709,1,1
nld,2003+,dyad,pres_party_share_cd,c,totlean,bls,6,15,29.23715943667873,0.6087595874350709,1,1
nld,2003+,dyad,pres_party_share_cd,lag1,raw,bls,6,15,56.137379490864525,0.8406680016960503,1,1
nld,2003+,dyad,pres_party_share_cd,lag1,tot,bls,6,15,40.542044421547644,0.6087595874350709,1,1
nld,2003+,dyad,pres_party_share_cd,lag1,totlean,bls,6,15,31.002249785130115,0.23190841426097938,1,1
nld,2003+,dyad,pres_party_share_cd,dropfirst,raw,bls,5,10,70.0685129156156,0.7999999999999999,1,1
nld,2003+,dyad,pres_party_share_cd,dropfirst,tot,bls,5,10,56.40356453444229,0.7999999999999999,1,1
nld,2003+,dyad,pres_party_share_cd,dropfirst,totlean,bls,5,10,43.721629099403984,0.6,1,1
nld,2003+,dyad,coalition_share_cd_start,c,raw,bls,6,15,4.552894608871341,0.4285714285714286,1,1
nld,2003+,dyad,coalition_share_cd_start,c,tot,bls,6,15,4.877525800057436,0.8285714285714287,1,1
nld,2003+,dyad,coalition_share_cd_start,c,totlean,bls,6,15,3.1638370570515364,0.8285714285714287,1,1
nld,2003+,dyad,coalition_share_cd_start,lag1,raw,bls,6,15,5.081870937638927,0.7142857142857143,1,1
nld,2003+,dyad,coalition_share_cd_start,lag1,tot,bls,6,15,6.837208415208116,0.7714285714285715,1,1
nld,2003+,dyad,coalition_share_cd_start,lag1,totlean,bls,6,15,5.839929620713454,0.5428571428571429,1,1
nld,2003+,dyad,coalition_share_cd_start,dropfirst,raw,bls,5,10,6.937802874089344,0.6,1,1
nld,2003+,dyad,coalition_share_cd_start,dropfirst,tot,bls,5,10,7.074636941786391,0.8999999999999998,1,1
nld,2003+,dyad,coalition_share_cd_start,dropfirst,totlean,bls,5,10,5.42197799687278,0.7999999999999999,1,1
nld,2003+,dyad,coalition_share_cd_mid,c,raw,bls,5,14,4.787436200198848,0.7999999999999999,1,1
nld,2003+,dyad,coalition_share_cd_mid,c,tot,bls,5,14,-1.3481289891871258,-0.09999999999999999,1,0
nld,2003+,dyad,coalition_share_cd_mid,c,totlean,bls,5,14,-1.4882498586458102,-0.09999999999999999,1,0
nld,2003+,dyad,coalition_share_cd_mid,lag1,raw,bls,5,13,3.8864160989693013,0.7999999999999999,1,1
nld,2003+,dyad,coalition_share_cd_mid,lag1,tot,bls,5,13,-1.443088362699743,-0.3,1,0
nld,2003+,dyad,coalition_share_cd_mid,lag1,totlean,bls,5,13,-2.2180380472823966,-0.7,1,0
nld,2003+,dyad,coalition_share_cd_mid,dropfirst,raw,bls,4,9,5.198143547357431,0.6000000000000001,1,1
nld,2003+,dyad,coalition_share_cd_mid,dropfirst,tot,bls,4,9,2.081158526135157,0.39999999999999997,1,1
nld,2003+,dyad,coalition_share_cd_mid,dropfirst,totlean,bls,4,9,0.4356743480339682,-0.19999999999999998,1,1
nld,2003+,dyad,pres_congress_distance,c,raw,bls,6,15,-2.673559149855391,-0.08571428571428573,-1,1
nld,2003+,dyad,pres_congress_distance,c,tot,bls,6,15,-2.728880830282273,-0.7142857142857143,-1,1
nld,2003+,dyad,pres_congress_distance,c,totlean,bls,6,15,-2.3882507132972495,-0.7142857142857143,-1,1
nld,2003+,dyad,pres_congress_distance,lag1,raw,bls,6,15,-2.2827544042203036,-0.48571428571428577,-1,1
nld,2003+,dyad,pres_congress_distance,lag1,tot,bls,6,15,-2.818012244750219,-0.4285714285714286,-1,1
nld,2003+,dyad,pres_congress_distance,lag1,totlean,bls,6,15,-2.550768047077033,-0.4285714285714286,-1,1
nld,2003+,dyad,pres_congress_distance,dropfirst,raw,bls,5,10,-2.376964587456289,0.09999999999999999,-1,1
nld,2003+,dyad,pres_congress_distance,dropfirst,tot,bls,5,10,-3.3080732824001964,-0.6,-1,1
nld,2003+,dyad,pres_congress_distance,dropfirst,totlean,bls,5,10,-2.8514418921370948,-0.49999999999999994,-1,1
nld,2003+,dyad,pres_congress_distance_bolognesi,c,raw,bolognesi,6,15,0.7453801197408235,0.14285714285714288,-1,0
nld,2003+,dyad,pres_congress_distance_bolognesi,c,tot,bolognesi,6,15,0.011464453320852438,-0.3142857142857143,-1,0
nld,2003+,dyad,pres_congress_distance_bolognesi,c,totlean,bolognesi,6,15,-0.2869623552904108,-0.3142857142857143,-1,1
nld,2003+,dyad,pres_congress_distance_bolognesi,lag1,raw,bolognesi,6,15,0.721010952772261,0.2571428571428572,-1,0
nld,2003+,dyad,pres_congress_distance_bolognesi,lag1,tot,bolognesi,6,15,0.16680881136866593,0.3142857142857143,-1,0
nld,2003+,dyad,pres_congress_distance_bolognesi,lag1,totlean,bolognesi,6,15,-0.04145031184985044,-0.028571428571428574,-1,1
nld,2003+,dyad,pres_congress_distance_bolognesi,dropfirst,raw,bolognesi,5,10,1.3601131277200227,0.7,-1,0
nld,2003+,dyad,pres_congress_distance_bolognesi,dropfirst,tot,bolognesi,5,10,0.36493272926660636,0.19999999999999998,-1,0
nld,2003+,dyad,pres_congress_distance_bolognesi,dropfirst,totlean,bolognesi,5,10,0.08093468257804243,-0.09999999999999999,-1,0
nld,2003+,dyad,enpp_cd,c,raw,bls,6,15,-0.5629004363833435,-0.753702346348183,-1,1
nld,2003+,dyad,enpp_cd,c,tot,bls,6,15,-0.20763566894373336,-0.40583972495671394,-1,1
nld,2003+,dyad,enpp_cd,c,totlean,bls,6,15,-0.10138011722912413,-0.40583972495671394,-1,1
nld,2003+,dyad,enpp_cd,lag1,raw,bls,6,15,-0.522828560055822,-0.9276336570439175,-1,1
nld,2003+,dyad,enpp_cd,lag1,tot,bls,6,15,-0.19424112241482205,-0.3478626213914691,-1,1
nld,2003+,dyad,enpp_cd,lag1,totlean,bls,6,15,-0.09901983792690228,-0.028988551782622423,-1,1
nld,2003+,dyad,enpp_cd,dropfirst,raw,bls,5,10,-0.5815159025774479,-0.7999999999999999,-1,1
nld,2003+,dyad,enpp_cd,dropfirst,tot,bls,5,10,-0.38741787555978985,-0.7,-1,1
nld,2003+,dyad,enpp_cd,dropfirst,totlean,bls,5,10,-0.2504292763240571,-0.39999999999999997,-1,1
nld,2003+,year,pres_party_share_cd,c,raw,bls,6,15,57.42215587505633,0.4525297374375589,1,1
nld,2003+,year,pres_party_share_cd,c,tot,bls,6,15,28.5970563535106,0.24733406702052815,1,1
nld,2003+,year,pres_party_share_cd,c,totlean,bls,6,15,19.196922289492935,0.0512989176042577,1,1
nld,2003+,year,pres_party_share_cd,lag1,raw,bls,6,15,47.59399981263536,0.3364752937854173,1,1
nld,2003+,year,pres_party_share_cd,lag1,tot,bls,6,15,39.96805045508786,0.5284856516520956,1,1
nld,2003+,year,pres_party_share_cd,lag1,totlean,bls,6,15,30.782368528199807,0.2962445521371609,1,1
nld,2003+,year,pres_party_share_cd,dropfirst,raw,bls,5,10,61.68788907336016,0.523570314404736,1,1
nld,2003+,year,pres_party_share_cd,dropfirst,tot,bls,5,10,47.172862647498675,0.5859001137386332,1,1
nld,2003+,year,pres_party_share_cd,dropfirst,totlean,bls,5,10,36.14038145835643,0.43630859533728,1,1
nld,2003+,year,coalition_share_cd_start,c,raw,bls,6,15,4.441480588072549,0.4001042921449236,1,1
nld,2003+,year,coalition_share_cd_start,c,tot,bls,6,15,3.762567395806781,0.4055851728592376,1,1
nld,2003+,year,coalition_share_cd_start,c,totlean,bls,6,15,2.363651260563721,0.19183082500099077,1,1
nld,2003+,year,coalition_share_cd_start,lag1,raw,bls,6,15,5.09204414361751,0.31971804166831796,1,1
nld,2003+,year,coalition_share_cd_start,lag1,tot,bls,6,15,6.3871110119906245,0.615685600241275,1,1
nld,2003+,year,coalition_share_cd_start,lag1,totlean,bls,6,15,5.381915570575006,0.38183468976387686,1,1
nld,2003+,year,coalition_share_cd_start,dropfirst,raw,bls,5,10,6.384595194876697,0.4861724348043977,1,1
nld,2003+,year,coalition_share_cd_start,dropfirst,tot,bls,5,10,6.275286717974735,0.6731618328060892,1,1
nld,2003+,year,coalition_share_cd_start,dropfirst,totlean,bls,5,10,4.812757842649049,0.49863839467117715,1,1
nld,2003+,year,coalition_share_cd_mid,c,raw,bls,5,14,5.21886823516494,0.3142497017213299,1,1
nld,2003+,year,coalition_share_cd_mid,c,tot,bls,5,14,0.5226095120711237,-0.16051603469219006,1,1
nld,2003+,year,coalition_share_cd_mid,c,totlean,bls,5,14,-0.417123417137547,-0.20573181911252528,1,0
nld,2003+,year,coalition_share_cd_mid,lag1,raw,bls,5,13,5.1332787615735835,0.2615156459876071,1,1
nld,2003+,year,coalition_share_cd_mid,lag1,tot,bls,5,13,3.4703057379924505,0.21887722544614943,1,1
nld,2003+,year,coalition_share_cd_mid,lag1,totlean,bls,5,13,2.37066336468014,0.005685122738861024,1,1
nld,2003+,year,coalition_share_cd_mid,dropfirst,raw,bls,4,9,6.880397667332102,0.26860220987018546,1,1
nld,2003+,year,coalition_share_cd_mid,dropfirst,tot,bls,4,9,4.79844574682686,0.28593138470052004,1,1
nld,2003+,year,coalition_share_cd_mid,dropfirst,totlean,bls,4,9,3.0983024258229483,0.11263963639717454,1,1
nld,2003+,year,pres_congress_distance,c,raw,bls,6,15,-2.0887530876892795,0.01644264214294207,-1,1
nld,2003+,year,pres_congress_distance,c,tot,bls,6,15,-2.0702852209008076,-0.2959675585729572,-1,1
nld,2003+,year,pres_congress_distance,c,totlean,bls,6,15,-1.6930837400346075,-0.1260602564292225,-1,1
nld,2003+,year,pres_congress_distance,lag1,raw,bls,6,15,-2.1218480675546707,-0.03471224452398881,-1,1
nld,2003+,year,pres_congress_distance,lag1,tot,bls,6,15,-2.7431549615830777,-0.5572228726219256,-1,1
nld,2003+,year,pres_congress_distance,lag1,totlean,bls,6,15,-2.3903806766925695,-0.3526033259542021,-1,1
nld,2003+,year,pres_congress_distance,dropfirst,raw,bls,5,10,-2.4077119888126024,0.062329799333897144,-1,1
nld,2003+,year,pres_congress_distance,dropfirst,tot,bls,5,10,-2.8407646144029526,-0.4238426354705006,-1,1
nld,2003+,year,pres_congress_distance,dropfirst,totlean,bls,5,10,-2.33401059137957,-0.174523438134912,-1,1
nld,2003+,year,pres_congress_distance_bolognesi,c,raw,bolognesi,6,15,1.027103016250577,0.22106218881066556,-1,0
nld,2003+,year,pres_congress_distance_bolognesi,c,tot,bolognesi,6,15,-0.00828018630358528,-0.10596369381007109,-1,1
nld,2003+,year,pres_congress_distance_bolognesi,c,totlean,bolognesi,6,15,-0.2728041606777774,-0.22837002976308426,-1,1
nld,2003+,year,pres_congress_distance_bolognesi,lag1,raw,bolognesi,6,15,1.0490293320015198,0.27221707547759644,-1,0
nld,2003+,year,pres_congress_distance_bolognesi,lag1,tot,bolognesi,6,15,0.4181925974123417,0.11509849500059448,-1,0
nld,2003+,year,pres_congress_distance_bolognesi,lag1,totlean,bolognesi,6,15,0.17261525183833382,0.07125144928608229,-1,0
nld,2003+,year,pres_congress_distance_bolognesi,dropfirst,raw,bolognesi,5,10,1.6254551276045623,0.5360362742715155,-1,0
nld,2003+,year,pres_congress_distance_bolognesi,dropfirst,tot,bolognesi,5,10,0.6137193050611279,0.2243872776020297,-1,0
nld,2003+,year,pres_congress_distance_bolognesi,dropfirst,totlean,bolognesi,5,10,0.32492124921936627,0.24931919733558858,-1,0
nld,2003+,year,enpp_cd,c,raw,bls,6,15,-0.4707116235539348,-0.3343871181751956,-1,1
nld,2003+,year,enpp_cd,c,tot,bls,6,15,-0.17453427632546173,-0.09737646847958994,-1,1
nld,2003+,year,enpp_cd,c,totlean,bls,6,15,-0.06555481679405563,0.06614250689179693,-1,1
nld,2003+,year,enpp_cd,lag1,raw,bls,6,15,-0.5028382286450391,-0.4464619215196294,-1,1
nld,2003+,year,enpp_cd,lag1,tot,bls,6,15,-0.36078642573679476,-0.4097160843575199,-1,1
nld,2003+,year,enpp_cd,lag1,totlean,bls,6,15,-0.2650426195637573,-0.23333606597939474,-1,1
nld,2003+,year,enpp_cd,dropfirst,raw,bls,5,10,-0.5807001865432724,-0.43630859533728,-1,1
nld,2003+,year,enpp_cd,dropfirst,tot,bls,5,10,-0.42305891784814215,-0.4861724348043977,-1,1
nld,2003+,year,enpp_cd,dropfirst,totlean,bls,5,10,-0.29706082064763206,-0.3615128361366034,-1,1
nld,1987+,dyad,centrao_share_cd_narrow,c,raw,-,6,15,-22.220975008663743,-0.6377481392176932,-1,1
nld,1987+,year,centrao_share_cd_narrow,c,raw,-,6,15,-23.462654549809347,-0.7312421595259773,-1,1
nld,1987+,dyad,centrao_share_cd_broad,c,raw,-,6,15,-72.61940450472486,-0.9856107606091623,-1,1
nld,1987+,year,centrao_share_cd_broad,c,raw,-,6,15,-66.29641885384265,-0.745940494390821,-1,1
realrate,1987+,dyad,pres_party_share_cd,c,raw,bls,8,25,89.95479383186138,0.6826469692905576,-1,0
realrate,1987+,dyad,pres_party_share_cd,c,tot,bls,8,24,44.84655528118324,0.7065994945288228,-1,0
realrate,1987+,dyad,pres_party_share_cd,c,totlean,bls,8,24,29.902453609686965,0.45509797952703834,-1,0
realrate,1987+,dyad,pres_party_share_cd,lag1,raw,bls,8,25,81.8175861272181,0.7545045450053531,-1,0
realrate,1987+,dyad,pres_party_share_cd,lag1,tot,bls,8,24,30.587776725924343,0.5988131309566295,-1,0
realrate,1987+,dyad,pres_party_share_cd,lag1,totlean,bls,8,24,3.937714831766094,0.13173888881045848,-1,0
realrate,1987+,dyad,pres_party_share_cd,dropfirst,raw,bls,7,18,91.25106773303125,0.7500000000000002,-1,0
realrate,1987+,dyad,pres_party_share_cd,dropfirst,tot,bls,7,17,35.91391041417408,0.6071428571428572,-1,0
realrate,1987+,dyad,pres_party_share_cd,dropfirst,totlean,bls,7,17,17.283654478598038,0.3214285714285715,-1,0
realrate,1987+,dyad,coalition_share_cd_start,c,raw,bls,8,25,9.208874370171404,0.2380952380952381,-1,0
realrate,1987+,dyad,coalition_share_cd_start,c,tot,bls,8,24,5.424573569240799,0.30952380952380953,-1,0
realrate,1987+,dyad,coalition_share_cd_start,c,totlean,bls,8,24,3.6859178775095347,0.07142857142857144,-1,0
realrate,1987+,dyad,coalition_share_cd_start,lag1,raw,bls,8,25,8.23696722605763,0.2380952380952381,-1,0
realrate,1987+,dyad,coalition_share_cd_start,lag1,tot,bls,8,24,3.0333995581392372,0.1666666666666667,-1,0
realrate,1987+,dyad,coalition_share_cd_start,lag1,totlean,bls,8,24,1.9536326783841969,-0.023809523809523815,-1,0
realrate,1987+,dyad,coalition_share_cd_start,dropfirst,raw,bls,7,18,8.945343835701088,0.3214285714285715,-1,0
realrate,1987+,dyad,coalition_share_cd_start,dropfirst,tot,bls,7,17,4.553883932805322,0.28571428571428575,-1,0
realrate,1987+,dyad,coalition_share_cd_start,dropfirst,totlean,bls,7,17,3.1177578255881206,0.0,-1,0
realrate,1987+,dyad,coalition_share_cd_mid,c,raw,bls,7,21,9.32935660921535,0.3214285714285715,-1,0
realrate,1987+,dyad,coalition_share_cd_mid,c,tot,bls,7,20,9.905038467706545,0.5714285714285715,-1,0
realrate,1987+,dyad,coalition_share_cd_mid,c,totlean,bls,7,20,6.328655285177519,0.5714285714285715,-1,0
realrate,1987+,dyad,coalition_share_cd_mid,lag1,raw,bls,7,21,4.795671683726308,0.28571428571428575,-1,0
realrate,1987+,dyad,coalition_share_cd_mid,lag1,tot,bls,7,20,4.736919001736658,0.3571428571428572,-1,0
realrate,1987+,dyad,coalition_share_cd_mid,lag1,totlean,bls,7,20,-1.2484287716996485,-0.28571428571428575,-1,1
realrate,1987+,dyad,coalition_share_cd_mid,dropfirst,raw,bls,6,15,12.9711549206936,0.3714285714285715,-1,0
realrate,1987+,dyad,coalition_share_cd_mid,dropfirst,tot,bls,6,14,11.02903452555332,0.5428571428571429,-1,0
realrate,1987+,dyad,coalition_share_cd_mid,dropfirst,totlean,bls,6,14,2.6894159258557764,0.14285714285714288,-1,0
realrate,1987+,dyad,pres_congress_distance,c,raw,bls,8,25,-2.4428677507482295,-0.261904761904762,1,0
realrate,1987+,dyad,pres_congress_distance,c,tot,bls,8,24,-0.7870593379029931,-0.19047619047619052,1,0
realrate,1987+,dyad,pres_congress_distance,c,totlean,bls,8,24,-1.3628358484749457,-0.3571428571428572,1,0
realrate,1987+,dyad,pres_congress_distance,lag1,raw,bls,8,25,-2.5448559550863146,-0.09523809523809526,1,0
realrate,1987+,dyad,pres_congress_distance,lag1,tot,bls,8,24,-0.7221479500199043,0.04761904761904763,1,0
realrate,1987+,dyad,pres_congress_distance,lag1,totlean,bls,8,24,-0.6688879633536795,0.2380952380952381,1,0
realrate,1987+,dyad,pres_congress_distance,dropfirst,raw,bls,7,18,-2.5413316336563416,-0.3571428571428572,1,0
realrate,1987+,dyad,pres_congress_distance,dropfirst,tot,bls,7,17,-0.6512307744336382,-0.10714285714285716,1,0
realrate,1987+,dyad,pres_congress_distance,dropfirst,totlean,bls,7,17,-1.162165130481049,-0.14285714285714288,1,0
realrate,1987+,dyad,pres_congress_distance_bolognesi,c,raw,bolognesi,8,25,-0.12648605306597957,0.2380952380952381,1,0
realrate,1987+,dyad,pres_congress_distance_bolognesi,c,tot,bolognesi,8,24,0.6266838109734084,0.38095238095238104,1,1
realrate,1987+,dyad,pres_congress_distance_bolognesi,c,totlean,bolognesi,8,24,-0.6448726194459333,-0.11904761904761905,1,0
realrate,1987+,dyad,pres_congress_distance_bolognesi,lag1,raw,bolognesi,8,25,-0.21966331893053442,0.30952380952380953,1,0
realrate,1987+,dyad,pres_congress_distance_bolognesi,lag1,tot,bolognesi,8,24,0.544969061457691,0.4761904761904762,1,1
realrate,1987+,dyad,pres_congress_distance_bolognesi,lag1,totlean,bolognesi,8,24,-0.1347578458958136,0.09523809523809526,1,0
realrate,1987+,dyad,pres_congress_distance_bolognesi,dropfirst,raw,bolognesi,7,18,-0.0699740646089744,0.10714285714285716,1,0
realrate,1987+,dyad,pres_congress_distance_bolognesi,dropfirst,tot,bolognesi,7,17,0.7687785879545211,0.42857142857142866,1,1
realrate,1987+,dyad,pres_congress_distance_bolognesi,dropfirst,totlean,bolognesi,7,17,-0.5024009061616157,-0.07142857142857144,1,0
realrate,1987+,dyad,enpp_cd,c,raw,bls,8,25,-1.0217690763706306,-0.814385858101016,1,0
realrate,1987+,dyad,enpp_cd,c,tot,bls,8,24,-0.6349244705955869,-0.8024095954818835,1,0
realrate,1987+,dyad,enpp_cd,c,totlean,bls,8,24,-0.43750481241280587,-0.5988131309566295,1,0
realrate,1987+,dyad,enpp_cd,lag1,raw,bls,8,25,-0.9117940338708823,-0.814385858101016,1,0
realrate,1987+,dyad,enpp_cd,lag1,tot,bls,8,24,-0.5027780121964766,-0.7784570702436182,1,0
realrate,1987+,dyad,enpp_cd,lag1,totlean,bls,8,24,-0.17331257523004448,-0.28743030285918214,1,0
realrate,1987+,dyad,enpp_cd,dropfirst,raw,bls,7,18,-1.1131515021239236,-0.9285714285714288,1,0
realrate,1987+,dyad,enpp_cd,dropfirst,tot,bls,7,17,-0.6010111482550319,-0.7857142857142859,1,0
realrate,1987+,dyad,enpp_cd,dropfirst,totlean,bls,7,17,-0.33962928006239895,-0.5357142857142858,1,0
realrate,1987+,year,pres_party_share_cd,c,raw,bls,8,25,79.63427596575323,0.5545601911255167,-1,0
realrate,1987+,year,pres_party_share_cd,c,tot,bls,8,24,46.30387125888976,0.39774033620385507,-1,0
realrate,1987+,year,pres_party_share_cd,c,totlean,bls,8,24,11.108298387759076,0.1751113427092194,-1,0
realrate,1987+,year,pres_party_share_cd,lag1,raw,bls,8,25,72.59012538031021,0.5481362765440668,-1,0
realrate,1987+,year,pres_party_share_cd,lag1,tot,bls,8,24,28.96595302714238,0.2518273854125666,-1,0
realrate,1987+,year,pres_party_share_cd,lag1,totlean,bls,8,24,-1.1035493834528136,0.06021003804803075,-1,1
realrate,1987+,year,pres_party_share_cd,dropfirst,raw,bls,7,18,76.12506741689795,0.56028401030096,-1,0
realrate,1987+,year,pres_party_share_cd,dropfirst,tot,bls,7,17,35.194006460626085,0.32096172025428993,-1,0
realrate,1987+,year,pres_party_share_cd,dropfirst,totlean,bls,7,17,1.7359411986202713,0.06815789426249401,-1,0
realrate,1987+,year,coalition_share_cd_start,c,raw,bls,8,25,6.021194778064599,-0.0664630453330897,-1,0
realrate,1987+,year,coalition_share_cd_start,c,tot,bls,8,24,5.438176122285723,0.05756031799545629,-1,0
realrate,1987+,year,coalition_share_cd_start,c,totlean,bls,8,24,1.4815934922078926,-0.025924112684976495,-1,0
realrate,1987+,year,coalition_share_cd_start,lag1,raw,bls,8,25,5.419004093879399,-0.0015531667621101154,-1,0
realrate,1987+,year,coalition_share_cd_start,lag1,tot,bls,8,24,2.207214434128525,0.0215206411665471,-1,0
realrate,1987+,year,coalition_share_cd_start,lag1,totlean,bls,8,24,0.05934264903492031,-0.03425734716307497,-1,0
realrate,1987+,year,coalition_share_cd_start,dropfirst,raw,bls,7,18,5.7455789366858125,-0.07407851905282711,-1,0
realrate,1987+,year,coalition_share_cd_start,dropfirst,tot,bls,7,17,3.94013873010204,0.008674641087953782,-1,0
realrate,1987+,year,coalition_share_cd_start,dropfirst,totlean,bls,7,17,0.3381210533775389,-0.09294258308521909,-1,0
realrate,1987+,year,coalition_share_cd_mid,c,raw,bls,7,21,13.756905577266512,0.6403834621070226,-1,0
realrate,1987+,year,coalition_share_cd_mid,c,tot,bls,7,20,11.755696909965163,0.6118110139385047,-1,0
realrate,1987+,year,coalition_share_cd_mid,c,totlean,bls,7,20,5.698902161703075,0.2982769407106675,-1,0
realrate,1987+,year,coalition_share_cd_mid,lag1,raw,bls,7,21,8.370365868748946,0.3512291482320016,-1,0
realrate,1987+,year,coalition_share_cd_mid,lag1,tot,bls,7,20,4.791728418312385,0.15092883910629779,-1,0
realrate,1987+,year,coalition_share_cd_mid,lag1,totlean,bls,7,20,-1.1513625268556111,-0.1356835018228334,-1,1
realrate,1987+,year,coalition_share_cd_mid,dropfirst,raw,bls,6,15,15.190241626090083,0.6220140458996894,-1,0
realrate,1987+,year,coalition_share_cd_mid,dropfirst,tot,bls,6,14,10.783414985472923,0.4799693078656025,-1,0
realrate,1987+,year,coalition_share_cd_mid,dropfirst,totlean,bls,6,14,2.9357373972718848,0.12055043081275597,-1,0
realrate,1987+,year,pres_congress_distance,c,raw,bls,8,25,-2.452060153320037,-0.03770125963339006,1,0
realrate,1987+,year,pres_congress_distance,c,tot,bls,8,24,-0.910822525855389,0.02943924660836314,1,0
realrate,1987+,year,pres_congress_distance,c,totlean,bls,8,24,-0.8451863951477763,-0.021530195280743195,1,0
realrate,1987+,year,pres_congress_distance,lag1,raw,bls,8,25,-2.500000738109796,0.050477919768578745,1,0
realrate,1987+,year,pres_congress_distance,lag1,tot,bls,8,24,-0.7749459503483758,0.20071291863493926,1,0
realrate,1987+,year,pres_congress_distance,lag1,totlean,bls,8,24,-0.6375374003022656,0.17040834229837296,1,0
realrate,1987+,year,pres_congress_distance,dropfirst,raw,bls,7,18,-2.322075619119086,0.023997266735422865,1,0
realrate,1987+,year,pres_congress_distance,dropfirst,tot,bls,7,17,-0.6837943376041635,0.18216746284702945,1,0
realrate,1987+,year,pres_congress_distance,dropfirst,totlean,bls,7,17,-0.7208231849601073,0.13011961631930674,1,0
realrate,1987+,year,pres_congress_distance_bolognesi,c,raw,bolognesi,8,25,1.1254594898593535,0.5227648887310271,1,1
realrate,1987+,year,pres_congress_distance_bolognesi,c,tot,bolognesi,8,24,1.3806568488840896,0.5312246141718066,1,1
realrate,1987+,year,pres_congress_distance_bolognesi,c,totlean,bolognesi,8,24,-0.04576928482000406,0.20168080885430867,1,0
realrate,1987+,year,pres_congress_distance_bolognesi,lag1,raw,bolognesi,8,25,0.300934496689756,0.34169668766422534,1,1
realrate,1987+,year,pres_congress_distance_bolognesi,lag1,tot,bolognesi,8,24,0.7057485411424681,0.31753925639619496,1,1
realrate,1987+,year,pres_congress_distance_bolognesi,lag1,totlean,bolognesi,8,24,-0.2600217512787394,0.08256899059818068,1,0
realrate,1987+,year,pres_congress_distance_bolognesi,dropfirst,raw,bolognesi,7,18,0.9815623596905333,0.47472853759206113,1,1
realrate,1987+,year,pres_congress_distance_bolognesi,dropfirst,tot,bolognesi,7,17,1.2001396452557915,0.5390669818942708,1,1
realrate,1987+,year,pres_congress_distance_bolognesi,dropfirst,totlean,bolognesi,7,17,-0.21587996168713616,0.20447368278748201,1,0
realrate,1987+,year,enpp_cd,c,raw,bls,8,25,-0.9876232317700091,-0.7479108800075558,1,0
realrate,1987+,year,enpp_cd,c,tot,bls,8,24,-0.6482259562732497,-0.5143345719273303,1,0
realrate,1987+,year,enpp_cd,c,totlean,bls,8,24,-0.255625756174464,-0.29522540441679956,1,0
realrate,1987+,year,enpp_cd,lag1,raw,bls,8,25,-0.8573744907860826,-0.6616510231758878,1,0
realrate,1987+,year,enpp_cd,lag1,tot,bls,8,24,-0.4345761337621363,-0.41163640558609144,1,0
realrate,1987+,year,enpp_cd,lag1,totlean,bls,8,24,-0.10467167975391481,-0.20757733273144782,1,0
realrate,1987+,year,enpp_cd,dropfirst,raw,bls,7,18,-1.0028807850830315,-0.7919098022689547,1,0
realrate,1987+,year,enpp_cd,dropfirst,tot,bls,7,17,-0.5598641430884648,-0.4795837287197305,1,0
realrate,1987+,year,enpp_cd,dropfirst,totlean,bls,7,17,-0.17801070818663198,-0.24412918490384217,1,0
realrate,1995+,dyad,pres_party_share_cd,c,raw,bls,8,25,89.95479383186138,0.6826469692905576,-1,0
realrate,1995+,dyad,pres_party_share_cd,c,tot,bls,8,24,44.84655528118324,0.7065994945288228,-1,0
realrate,1995+,dyad,pres_party_share_cd,c,totlean,bls,8,24,29.902453609686965,0.45509797952703834,-1,0
realrate,1995+,dyad,pres_party_share_cd,lag1,raw,bls,8,25,81.8175861272181,0.7545045450053531,-1,0
realrate,1995+,dyad,pres_party_share_cd,lag1,tot,bls,8,24,30.587776725924343,0.5988131309566295,-1,0
realrate,1995+,dyad,pres_party_share_cd,lag1,totlean,bls,8,24,3.937714831766094,0.13173888881045848,-1,0
realrate,1995+,dyad,pres_party_share_cd,dropfirst,raw,bls,7,18,91.25106773303125,0.7500000000000002,-1,0
realrate,1995+,dyad,pres_party_share_cd,dropfirst,tot,bls,7,17,35.91391041417408,0.6071428571428572,-1,0
realrate,1995+,dyad,pres_party_share_cd,dropfirst,totlean,bls,7,17,17.283654478598038,0.3214285714285715,-1,0
realrate,1995+,dyad,coalition_share_cd_start,c,raw,bls,8,25,9.208874370171404,0.2380952380952381,-1,0
realrate,1995+,dyad,coalition_share_cd_start,c,tot,bls,8,24,5.424573569240799,0.30952380952380953,-1,0
realrate,1995+,dyad,coalition_share_cd_start,c,totlean,bls,8,24,3.6859178775095347,0.07142857142857144,-1,0
realrate,1995+,dyad,coalition_share_cd_start,lag1,raw,bls,8,25,8.23696722605763,0.2380952380952381,-1,0
realrate,1995+,dyad,coalition_share_cd_start,lag1,tot,bls,8,24,3.0333995581392372,0.1666666666666667,-1,0
realrate,1995+,dyad,coalition_share_cd_start,lag1,totlean,bls,8,24,1.9536326783841969,-0.023809523809523815,-1,0
realrate,1995+,dyad,coalition_share_cd_start,dropfirst,raw,bls,7,18,8.945343835701088,0.3214285714285715,-1,0
realrate,1995+,dyad,coalition_share_cd_start,dropfirst,tot,bls,7,17,4.553883932805322,0.28571428571428575,-1,0
realrate,1995+,dyad,coalition_share_cd_start,dropfirst,totlean,bls,7,17,3.1177578255881206,0.0,-1,0
realrate,1995+,dyad,coalition_share_cd_mid,c,raw,bls,7,21,9.32935660921535,0.3214285714285715,-1,0
realrate,1995+,dyad,coalition_share_cd_mid,c,tot,bls,7,20,9.905038467706545,0.5714285714285715,-1,0
realrate,1995+,dyad,coalition_share_cd_mid,c,totlean,bls,7,20,6.328655285177519,0.5714285714285715,-1,0
realrate,1995+,dyad,coalition_share_cd_mid,lag1,raw,bls,7,21,4.795671683726308,0.28571428571428575,-1,0
realrate,1995+,dyad,coalition_share_cd_mid,lag1,tot,bls,7,20,4.736919001736658,0.3571428571428572,-1,0
realrate,1995+,dyad,coalition_share_cd_mid,lag1,totlean,bls,7,20,-1.2484287716996485,-0.28571428571428575,-1,1
realrate,1995+,dyad,coalition_share_cd_mid,dropfirst,raw,bls,6,15,12.9711549206936,0.3714285714285715,-1,0
realrate,1995+,dyad,coalition_share_cd_mid,dropfirst,tot,bls,6,14,11.02903452555332,0.5428571428571429,-1,0
realrate,1995+,dyad,coalition_share_cd_mid,dropfirst,totlean,bls,6,14,2.6894159258557764,0.14285714285714288,-1,0
realrate,1995+,dyad,pres_congress_distance,c,raw,bls,8,25,-2.4428677507482295,-0.261904761904762,1,0
realrate,1995+,dyad,pres_congress_distance,c,tot,bls,8,24,-0.7870593379029931,-0.19047619047619052,1,0
realrate,1995+,dyad,pres_congress_distance,c,totlean,bls,8,24,-1.3628358484749457,-0.3571428571428572,1,0
realrate,1995+,dyad,pres_congress_distance,lag1,raw,bls,8,25,-2.5448559550863146,-0.09523809523809526,1,0
realrate,1995+,dyad,pres_congress_distance,lag1,tot,bls,8,24,-0.7221479500199043,0.04761904761904763,1,0
realrate,1995+,dyad,pres_congress_distance,lag1,totlean,bls,8,24,-0.6688879633536795,0.2380952380952381,1,0
realrate,1995+,dyad,pres_congress_distance,dropfirst,raw,bls,7,18,-2.5413316336563416,-0.3571428571428572,1,0
realrate,1995+,dyad,pres_congress_distance,dropfirst,tot,bls,7,17,-0.6512307744336382,-0.10714285714285716,1,0
realrate,1995+,dyad,pres_congress_distance,dropfirst,totlean,bls,7,17,-1.162165130481049,-0.14285714285714288,1,0
realrate,1995+,dyad,pres_congress_distance_bolognesi,c,raw,bolognesi,8,25,-0.12648605306597957,0.2380952380952381,1,0
realrate,1995+,dyad,pres_congress_distance_bolognesi,c,tot,bolognesi,8,24,0.6266838109734084,0.38095238095238104,1,1
realrate,1995+,dyad,pres_congress_distance_bolognesi,c,totlean,bolognesi,8,24,-0.6448726194459333,-0.11904761904761905,1,0
realrate,1995+,dyad,pres_congress_distance_bolognesi,lag1,raw,bolognesi,8,25,-0.21966331893053442,0.30952380952380953,1,0
realrate,1995+,dyad,pres_congress_distance_bolognesi,lag1,tot,bolognesi,8,24,0.544969061457691,0.4761904761904762,1,1
realrate,1995+,dyad,pres_congress_distance_bolognesi,lag1,totlean,bolognesi,8,24,-0.1347578458958136,0.09523809523809526,1,0
realrate,1995+,dyad,pres_congress_distance_bolognesi,dropfirst,raw,bolognesi,7,18,-0.0699740646089744,0.10714285714285716,1,0
realrate,1995+,dyad,pres_congress_distance_bolognesi,dropfirst,tot,bolognesi,7,17,0.7687785879545211,0.42857142857142866,1,1
realrate,1995+,dyad,pres_congress_distance_bolognesi,dropfirst,totlean,bolognesi,7,17,-0.5024009061616157,-0.07142857142857144,1,0
realrate,1995+,dyad,enpp_cd,c,raw,bls,8,25,-1.0217690763706306,-0.814385858101016,1,0
realrate,1995+,dyad,enpp_cd,c,tot,bls,8,24,-0.6349244705955869,-0.8024095954818835,1,0
realrate,1995+,dyad,enpp_cd,c,totlean,bls,8,24,-0.43750481241280587,-0.5988131309566295,1,0
realrate,1995+,dyad,enpp_cd,lag1,raw,bls,8,25,-0.9117940338708823,-0.814385858101016,1,0
realrate,1995+,dyad,enpp_cd,lag1,tot,bls,8,24,-0.5027780121964766,-0.7784570702436182,1,0
realrate,1995+,dyad,enpp_cd,lag1,totlean,bls,8,24,-0.17331257523004448,-0.28743030285918214,1,0
realrate,1995+,dyad,enpp_cd,dropfirst,raw,bls,7,18,-1.1131515021239236,-0.9285714285714288,1,0
realrate,1995+,dyad,enpp_cd,dropfirst,tot,bls,7,17,-0.6010111482550319,-0.7857142857142859,1,0
realrate,1995+,dyad,enpp_cd,dropfirst,totlean,bls,7,17,-0.33962928006239895,-0.5357142857142858,1,0
realrate,1995+,year,pres_party_share_cd,c,raw,bls,8,25,79.63427596575323,0.5545601911255167,-1,0
realrate,1995+,year,pres_party_share_cd,c,tot,bls,8,24,46.30387125888976,0.39774033620385507,-1,0
realrate,1995+,year,pres_party_share_cd,c,totlean,bls,8,24,11.108298387759076,0.1751113427092194,-1,0
realrate,1995+,year,pres_party_share_cd,lag1,raw,bls,8,25,72.59012538031021,0.5481362765440668,-1,0
realrate,1995+,year,pres_party_share_cd,lag1,tot,bls,8,24,28.96595302714238,0.2518273854125666,-1,0
realrate,1995+,year,pres_party_share_cd,lag1,totlean,bls,8,24,-1.1035493834528136,0.06021003804803075,-1,1
realrate,1995+,year,pres_party_share_cd,dropfirst,raw,bls,7,18,76.12506741689795,0.56028401030096,-1,0
realrate,1995+,year,pres_party_share_cd,dropfirst,tot,bls,7,17,35.194006460626085,0.32096172025428993,-1,0
realrate,1995+,year,pres_party_share_cd,dropfirst,totlean,bls,7,17,1.7359411986202713,0.06815789426249401,-1,0
realrate,1995+,year,coalition_share_cd_start,c,raw,bls,8,25,6.021194778064599,-0.0664630453330897,-1,0
realrate,1995+,year,coalition_share_cd_start,c,tot,bls,8,24,5.438176122285723,0.05756031799545629,-1,0
realrate,1995+,year,coalition_share_cd_start,c,totlean,bls,8,24,1.4815934922078926,-0.025924112684976495,-1,0
realrate,1995+,year,coalition_share_cd_start,lag1,raw,bls,8,25,5.419004093879399,-0.0015531667621101154,-1,0
realrate,1995+,year,coalition_share_cd_start,lag1,tot,bls,8,24,2.207214434128525,0.0215206411665471,-1,0
realrate,1995+,year,coalition_share_cd_start,lag1,totlean,bls,8,24,0.05934264903492031,-0.03425734716307497,-1,0
realrate,1995+,year,coalition_share_cd_start,dropfirst,raw,bls,7,18,5.7455789366858125,-0.07407851905282711,-1,0
realrate,1995+,year,coalition_share_cd_start,dropfirst,tot,bls,7,17,3.94013873010204,0.008674641087953782,-1,0
realrate,1995+,year,coalition_share_cd_start,dropfirst,totlean,bls,7,17,0.3381210533775389,-0.09294258308521909,-1,0
realrate,1995+,year,coalition_share_cd_mid,c,raw,bls,7,21,13.756905577266512,0.6403834621070226,-1,0
realrate,1995+,year,coalition_share_cd_mid,c,tot,bls,7,20,11.755696909965163,0.6118110139385047,-1,0
realrate,1995+,year,coalition_share_cd_mid,c,totlean,bls,7,20,5.698902161703075,0.2982769407106675,-1,0
realrate,1995+,year,coalition_share_cd_mid,lag1,raw,bls,7,21,8.370365868748946,0.3512291482320016,-1,0
realrate,1995+,year,coalition_share_cd_mid,lag1,tot,bls,7,20,4.791728418312385,0.15092883910629779,-1,0
realrate,1995+,year,coalition_share_cd_mid,lag1,totlean,bls,7,20,-1.1513625268556111,-0.1356835018228334,-1,1
realrate,1995+,year,coalition_share_cd_mid,dropfirst,raw,bls,6,15,15.190241626090083,0.6220140458996894,-1,0
realrate,1995+,year,coalition_share_cd_mid,dropfirst,tot,bls,6,14,10.783414985472923,0.4799693078656025,-1,0
realrate,1995+,year,coalition_share_cd_mid,dropfirst,totlean,bls,6,14,2.9357373972718848,0.12055043081275597,-1,0
realrate,1995+,year,pres_congress_distance,c,raw,bls,8,25,-2.452060153320037,-0.03770125963339006,1,0
realrate,1995+,year,pres_congress_distance,c,tot,bls,8,24,-0.910822525855389,0.02943924660836314,1,0
realrate,1995+,year,pres_congress_distance,c,totlean,bls,8,24,-0.8451863951477763,-0.021530195280743195,1,0
realrate,1995+,year,pres_congress_distance,lag1,raw,bls,8,25,-2.500000738109796,0.050477919768578745,1,0
realrate,1995+,year,pres_congress_distance,lag1,tot,bls,8,24,-0.7749459503483758,0.20071291863493926,1,0
realrate,1995+,year,pres_congress_distance,lag1,totlean,bls,8,24,-0.6375374003022656,0.17040834229837296,1,0
realrate,1995+,year,pres_congress_distance,dropfirst,raw,bls,7,18,-2.322075619119086,0.023997266735422865,1,0
realrate,1995+,year,pres_congress_distance,dropfirst,tot,bls,7,17,-0.6837943376041635,0.18216746284702945,1,0
realrate,1995+,year,pres_congress_distance,dropfirst,totlean,bls,7,17,-0.7208231849601073,0.13011961631930674,1,0
realrate,1995+,year,pres_congress_distance_bolognesi,c,raw,bolognesi,8,25,1.1254594898593535,0.5227648887310271,1,1
realrate,1995+,year,pres_congress_distance_bolognesi,c,tot,bolognesi,8,24,1.3806568488840896,0.5312246141718066,1,1
realrate,1995+,year,pres_congress_distance_bolognesi,c,totlean,bolognesi,8,24,-0.04576928482000406,0.20168080885430867,1,0
realrate,1995+,year,pres_congress_distance_bolognesi,lag1,raw,bolognesi,8,25,0.300934496689756,0.34169668766422534,1,1
realrate,1995+,year,pres_congress_distance_bolognesi,lag1,tot,bolognesi,8,24,0.7057485411424681,0.31753925639619496,1,1
realrate,1995+,year,pres_congress_distance_bolognesi,lag1,totlean,bolognesi,8,24,-0.2600217512787394,0.08256899059818068,1,0
realrate,1995+,year,pres_congress_distance_bolognesi,dropfirst,raw,bolognesi,7,18,0.9815623596905333,0.47472853759206113,1,1
realrate,1995+,year,pres_congress_distance_bolognesi,dropfirst,tot,bolognesi,7,17,1.2001396452557915,0.5390669818942708,1,1
realrate,1995+,year,pres_congress_distance_bolognesi,dropfirst,totlean,bolognesi,7,17,-0.21587996168713616,0.20447368278748201,1,0
realrate,1995+,year,enpp_cd,c,raw,bls,8,25,-0.9876232317700091,-0.7479108800075558,1,0
realrate,1995+,year,enpp_cd,c,tot,bls,8,24,-0.6482259562732497,-0.5143345719273303,1,0
realrate,1995+,year,enpp_cd,c,totlean,bls,8,24,-0.255625756174464,-0.29522540441679956,1,0
realrate,1995+,year,enpp_cd,lag1,raw,bls,8,25,-0.8573744907860826,-0.6616510231758878,1,0
realrate,1995+,year,enpp_cd,lag1,tot,bls,8,24,-0.4345761337621363,-0.41163640558609144,1,0
realrate,1995+,year,enpp_cd,lag1,totlean,bls,8,24,-0.10467167975391481,-0.20757733273144782,1,0
realrate,1995+,year,enpp_cd,dropfirst,raw,bls,7,18,-1.0028807850830315,-0.7919098022689547,1,0
realrate,1995+,year,enpp_cd,dropfirst,tot,bls,7,17,-0.5598641430884648,-0.4795837287197305,1,0
realrate,1995+,year,enpp_cd,dropfirst,totlean,bls,7,17,-0.17801070818663198,-0.24412918490384217,1,0
realrate,2003+,dyad,pres_party_share_cd,c,raw,bls,7,24,70.56712096566072,0.5225437283634242,-1,0
realrate,2003+,dyad,pres_party_share_cd,c,tot,bls,7,23,47.024076188384,0.7207499701564473,-1,0
realrate,2003+,dyad,pres_party_share_cd,c,totlean,bls,7,23,-3.367179450190328,-0.054056247761733546,-1,1
realrate,2003+,dyad,pres_party_share_cd,lag1,raw,bls,8,24,89.84245449251185,0.7545045450053531,-1,0
realrate,2003+,dyad,pres_party_share_cd,lag1,tot,bls,8,23,40.9673069517421,0.7065994945288228,-1,0
realrate,2003+,dyad,pres_party_share_cd,lag1,totlean,bls,8,23,0.313229119146769,0.05988131309566295,-1,0
realrate,2003+,dyad,pres_party_share_cd,dropfirst,raw,bls,6,17,65.5458102638083,0.6,-1,0
realrate,2003+,dyad,pres_party_share_cd,dropfirst,tot,bls,6,16,32.17360897160443,0.6,-1,0
realrate,2003+,dyad,pres_party_share_cd,dropfirst,totlean,bls,6,16,-20.860771821072216,-0.08571428571428573,-1,1
realrate,2003+,dyad,coalition_share_cd_start,c,raw,bls,7,24,3.9861917688983066,-0.14285714285714288,-1,0
realrate,2003+,dyad,coalition_share_cd_start,c,tot,bls,7,23,4.3465698109088065,0.14285714285714288,-1,0
realrate,2003+,dyad,coalition_share_cd_start,c,totlean,bls,7,23,-1.5943329862774034,-0.642857142857143,-1,1
realrate,2003+,dyad,coalition_share_cd_start,lag1,raw,bls,8,24,9.401519901327772,0.2380952380952381,-1,0
realrate,2003+,dyad,coalition_share_cd_start,lag1,tot,bls,8,23,4.396660379256253,0.28571428571428575,-1,0
realrate,2003+,dyad,coalition_share_cd_start,lag1,totlean,bls,8,23,1.6739930478230807,-0.023809523809523815,-1,0
realrate,2003+,dyad,coalition_share_cd_start,dropfirst,raw,bls,6,17,2.4724183250317187,-0.08571428571428573,-1,0
realrate,2003+,dyad,coalition_share_cd_start,dropfirst,tot,bls,6,16,2.889742855594495,0.08571428571428573,-1,0
realrate,2003+,dyad,coalition_share_cd_start,dropfirst,totlean,bls,6,16,-2.7639471888464917,-0.6,-1,1
realrate,2003+,dyad,coalition_share_cd_mid,c,raw,bls,6,20,9.967378397699367,0.6,-1,0
realrate,2003+,dyad,coalition_share_cd_mid,c,tot,bls,6,19,10.056388775415243,0.7714285714285715,-1,0
realrate,2003+,dyad,coalition_share_cd_mid,c,totlean,bls,6,19,5.887785341620762,0.7714285714285715,-1,0
realrate,2003+,dyad,coalition_share_cd_mid,lag1,raw,bls,7,20,4.678308567062263,0.28571428571428575,-1,0
realrate,2003+,dyad,coalition_share_cd_mid,lag1,tot,bls,7,19,4.612518223674844,0.25,-1,0
realrate,2003+,dyad,coalition_share_cd_mid,lag1,totlean,bls,7,19,-2.436544370170808,-0.4642857142857144,-1,1
realrate,2003+,dyad,coalition_share_cd_mid,dropfirst,raw,bls,5,14,16.882186913229972,0.8999999999999998,-1,0
realrate,2003+,dyad,coalition_share_cd_mid,dropfirst,tot,bls,5,13,12.784543634931973,0.8999999999999998,-1,0
realrate,2003+,dyad,coalition_share_cd_mid,dropfirst,totlean,bls,5,13,3.6890370324945168,0.6,-1,0
realrate,2003+,dyad,pres_congress_distance,c,raw,bls,7,24,-2.0864156871022463,0.10714285714285716,1,0
realrate,2003+,dyad,pres_congress_distance,c,tot,bls,7,23,-0.6436099887851339,0.0,1,0
realrate,2003+,dyad,pres_congress_distance,c,totlean,bls,7,23,0.5909710262395415,0.21428571428571433,1,1
realrate,2003+,dyad,pres_congress_distance,lag1,raw,bls,8,24,-2.953128157313497,-0.09523809523809526,1,0
realrate,2003+,dyad,pres_congress_distance,lag1,tot,bls,8,23,-1.200474474850839,-0.09523809523809526,1,0
realrate,2003+,dyad,pres_congress_distance,lag1,totlean,bls,8,23,-0.6382252196504087,0.1666666666666667,1,0
realrate,2003+,dyad,pres_congress_distance,dropfirst,raw,bls,6,17,-1.1462685162710582,0.028571428571428574,1,0
realrate,2003+,dyad,pres_congress_distance,dropfirst,tot,bls,6,16,0.7599716320708116,0.14285714285714288,1,1
realrate,2003+,dyad,pres_congress_distance,dropfirst,totlean,bls,6,16,2.1347998432649407,0.3714285714285715,1,1
realrate,2003+,dyad,pres_congress_distance_bolognesi,c,raw,bolognesi,7,24,1.8274422139854196,0.8571428571428573,1,1
realrate,2003+,dyad,pres_congress_distance_bolognesi,c,tot,bolognesi,7,23,1.750075373218325,0.8214285714285715,1,1
realrate,2003+,dyad,pres_congress_distance_bolognesi,c,totlean,bolognesi,7,23,-0.002292723675677503,0.3214285714285715,1,0
realrate,2003+,dyad,pres_congress_distance_bolognesi,lag1,raw,bolognesi,8,24,-0.4486929168392428,0.30952380952380953,1,0
realrate,2003+,dyad,pres_congress_distance_bolognesi,lag1,tot,bolognesi,8,23,0.29043461220264183,0.30952380952380953,1,1
realrate,2003+,dyad,pres_congress_distance_bolognesi,lag1,totlean,bolognesi,8,23,-0.23140094801378808,-0.023809523809523815,1,0
realrate,2003+,dyad,pres_congress_distance_bolognesi,dropfirst,raw,bolognesi,6,17,2.125293525096905,0.7714285714285715,1,1
realrate,2003+,dyad,pres_congress_distance_bolognesi,dropfirst,tot,bolognesi,6,16,2.0315887612492207,0.942857142857143,1,1
realrate,2003+,dyad,pres_congress_distance_bolognesi,dropfirst,totlean,bolognesi,6,16,0.2683199420400175,0.48571428571428577,1,1
realrate,2003+,dyad,enpp_cd,c,raw,bls,7,24,-0.8719132984648276,-0.7207499701564473,1,0
realrate,2003+,dyad,enpp_cd,c,tot,bls,7,23,-0.7007851530194533,-0.8108437164260032,1,0
realrate,2003+,dyad,enpp_cd,c,totlean,bls,7,23,-0.17104169893995935,-0.16216874328520064,1,0
realrate,2003+,dyad,enpp_cd,lag1,raw,bls,8,24,-0.984642927263343,-0.814385858101016,1,0
realrate,2003+,dyad,enpp_cd,lag1,tot,bls,8,23,-0.5917567792191754,-0.8503146459584139,1,0
realrate,2003+,dyad,enpp_cd,lag1,totlean,bls,8,23,-0.11065072115092987,-0.14371515142959107,1,0
realrate,2003+,dyad,enpp_cd,dropfirst,raw,bls,6,17,-0.9208345130402115,-0.8857142857142858,1,0
realrate,2003+,dyad,enpp_cd,dropfirst,tot,bls,6,16,-0.6316003327432737,-0.8285714285714287,1,0
realrate,2003+,dyad,enpp_cd,dropfirst,totlean,bls,6,16,-0.03257724807244854,-0.2571428571428572,1,0
realrate,2003+,year,pres_party_share_cd,c,raw,bls,7,24,72.62802661278188,0.5000497758532347,-1,0
realrate,2003+,year,pres_party_share_cd,c,tot,bls,7,23,48.21421019856453,0.4111542558142819,-1,0
realrate,2003+,year,pres_party_share_cd,c,totlean,bls,7,23,-4.024488110916162,0.05759164362806628,-1,1
realrate,2003+,year,pres_party_share_cd,lag1,raw,bls,8,24,65.4808305574228,0.4914557030306484,-1,0
realrate,2003+,year,pres_party_share_cd,lag1,tot,bls,8,23,29.7258774304498,0.26901937009199506,-1,0
realrate,2003+,year,pres_party_share_cd,lag1,totlean,bls,8,23,-12.655861919224709,-0.030002160233308,-1,1
realrate,2003+,year,pres_party_share_cd,dropfirst,raw,bls,6,17,64.33297804815454,0.48172932204848956,-1,0
realrate,2003+,year,pres_party_share_cd,dropfirst,tot,bls,6,16,34.47661226466476,0.33982192516234355,-1,0
realrate,2003+,year,pres_party_share_cd,dropfirst,totlean,bls,6,16,-18.095060114347987,-0.06259877568780013,-1,1
realrate,2003+,year,coalition_share_cd_start,c,raw,bls,7,24,4.190296318963118,-0.1746713644612063,-1,0
realrate,2003+,year,coalition_share_cd_start,c,tot,bls,7,23,5.089849280997256,-0.022501620174981,-1,0
realrate,2003+,year,coalition_share_cd_start,c,totlean,bls,7,23,-1.1648744215763736,-0.2680192980842181,-1,1
realrate,2003+,year,coalition_share_cd_start,lag1,raw,bls,8,24,3.7365402100531404,-0.11731759469302924,-1,0
realrate,2003+,year,coalition_share_cd_start,lag1,tot,bls,8,23,1.8217497625933141,-0.05346328333219687,-1,0
realrate,2003+,year,coalition_share_cd_start,lag1,totlean,bls,8,23,-1.6630849552912361,-0.27081401463598787,-1,1
realrate,2003+,year,coalition_share_cd_start,dropfirst,raw,bls,6,17,2.9473272250587224,-0.24583094269484776,-1,0
realrate,2003+,year,coalition_share_cd_start,dropfirst,tot,bls,6,16,3.1537447743754767,-0.12221665729522882,-1,0
realrate,2003+,year,coalition_share_cd_start,dropfirst,totlean,bls,6,16,-3.0973893246974162,-0.4471341120557152,-1,1
realrate,2003+,year,coalition_share_cd_mid,c,raw,bls,6,20,14.457558477301287,0.7462829384719037,-1,0
realrate,2003+,year,coalition_share_cd_mid,c,tot,bls,6,19,12.108686928449107,0.6878775806469011,-1,0
realrate,2003+,year,coalition_share_cd_mid,c,totlean,bls,6,19,5.130697410386541,0.3907787034025197,-1,0
realrate,2003+,year,coalition_share_cd_mid,lag1,raw,bls,7,20,8.9269858271823,0.4477968393789305,-1,0
realrate,2003+,year,coalition_share_cd_mid,lag1,tot,bls,7,19,5.182554439424199,0.24145473485004085,-1,0
realrate,2003+,year,coalition_share_cd_mid,lag1,totlean,bls,7,19,-1.5559322104883282,-0.0721691273906026,-1,1
realrate,2003+,year,coalition_share_cd_mid,dropfirst,raw,bls,5,14,16.744587453149695,0.8108972301274007,-1,0
realrate,2003+,year,coalition_share_cd_mid,dropfirst,tot,bls,5,13,11.638431203166627,0.6583898822496178,-1,0
realrate,2003+,year,coalition_share_cd_mid,dropfirst,totlean,bls,5,13,2.8322215709791445,0.28016590734026287,-1,0
realrate,2003+,year,pres_congress_distance,c,raw,bls,7,24,-2.359658911038511,0.06555675895395399,1,0
realrate,2003+,year,pres_congress_distance,c,tot,bls,7,23,-1.1623542857608886,0.08950644469603553,1,0
realrate,2003+,year,pres_congress_distance,c,totlean,bls,7,23,0.6821470483859475,0.0990071287699164,1,1
realrate,2003+,year,pres_congress_distance,lag1,raw,bls,8,24,-2.422820997303103,0.17619608790975555,1,0
realrate,2003+,year,pres_congress_distance,lag1,tot,bls,8,23,-0.8415747348388019,0.2893013182181494,1,0
realrate,2003+,year,pres_congress_distance,lag1,totlean,bls,8,23,-0.09414245069203417,0.3407659741360585,1,0
realrate,2003+,year,pres_congress_distance,dropfirst,raw,bls,6,17,-1.4433469026671166,0.19368498515351643,1,0
realrate,2003+,year,pres_congress_distance,dropfirst,tot,bls,6,16,-0.13843765799304342,0.3010703021175149,1,0
realrate,2003+,year,pres_congress_distance,dropfirst,totlean,bls,6,16,1.902171822842609,0.35770728964457216,1,1
realrate,2003+,year,pres_congress_distance_bolognesi,c,raw,bolognesi,7,24,2.077409389645294,0.6912058276286022,1,1
realrate,2003+,year,pres_congress_distance_bolognesi,c,tot,bolognesi,7,23,1.9440450522675947,0.6505468410588952,1,1
realrate,2003+,year,pres_congress_distance_bolognesi,c,totlean,bolognesi,7,23,0.10968824337830739,0.3110223944186262,1,1
realrate,2003+,year,pres_congress_distance_bolognesi,lag1,raw,bolognesi,8,24,0.8968289629502273,0.5013459758230201,1,1
realrate,2003+,year,pres_congress_distance_bolognesi,lag1,tot,bolognesi,8,23,0.9981709412547469,0.43919837428972935,1,1
realrate,2003+,year,pres_congress_distance_bolognesi,lag1,totlean,bolognesi,8,23,-0.16139125662073062,0.2208483292787945,1,0
realrate,2003+,year,pres_congress_distance_bolognesi,dropfirst,raw,bolognesi,6,17,2.3631167504721384,0.7225939830727344,1,1
realrate,2003+,year,pres_congress_distance_bolognesi,dropfirst,tot,bolognesi,6,16,2.0102974284708424,0.7362808378517443,1,1
realrate,2003+,year,pres_congress_distance_bolognesi,dropfirst,totlean,bolognesi,6,16,0.15091471149194868,0.3696308659660579,1,1
realrate,2003+,year,enpp_cd,c,raw,bls,7,24,-0.9366626489554973,-0.7190055243872462,1,0
realrate,2003+,year,enpp_cd,c,tot,bls,7,23,-0.6780043526520142,-0.5468702160160729,1,0
realrate,2003+,year,enpp_cd,c,totlean,bls,7,23,-0.11780637924615783,-0.24889605985346902,1,0
realrate,2003+,year,enpp_cd,lag1,raw,bls,8,24,-0.7988255678441158,-0.6199293514504778,1,0
realrate,2003+,year,enpp_cd,lag1,tot,bls,8,23,-0.4497088290443854,-0.42835611195508244,1,0
realrate,2003+,year,enpp_cd,lag1,totlean,bls,8,23,0.007959273893044759,-0.15262688568493005,1,1
realrate,2003+,year,enpp_cd,dropfirst,raw,bls,6,17,-0.9184840468499081,-0.7573579547669553,1,0
realrate,2003+,year,enpp_cd,dropfirst,tot,bls,6,16,-0.574957727642231,-0.5335800403864868,1,0
realrate,2003+,year,enpp_cd,dropfirst,totlean,bls,6,16,-0.003934119949967104,-0.20270079746525754,1,0
realrate,1987+,dyad,centrao_share_cd_narrow,c,raw,-,8,25,-17.32800328062602,-0.16766767666785626,1,0
realrate,1987+,year,centrao_share_cd_narrow,c,raw,-,8,25,-13.263673337540679,-0.14164389194732066,1,0
realrate,1987+,dyad,centrao_share_cd_broad,c,raw,-,8,25,17.164803353552962,0.28743030285918214,1,1
realrate,1987+,year,centrao_share_cd_broad,c,raw,-,8,25,-11.056567921382074,-0.01167394713851544,1,0
embi,1987+,dyad,pres_party_share_cd,c,raw,bls,8,24,5084.880922570297,0.3353353533357125,-1,0
embi,1987+,dyad,pres_party_share_cd,c,tot,bls,8,24,1997.9569368762811,0.29940656547831473,-1,0
embi,1987+,dyad,pres_party_share_cd,c,totlean,bls,8,24,2815.3581792413274,0.7664808076244857,-1,0
embi,1987+,dyad,pres_party_share_cd,lag1,raw,bls,7,24,4162.032517130789,0.28571428571428575,-1,0
embi,1987+,dyad,pres_party_share_cd,lag1,tot,bls,7,24,921.1861524328787,0.07142857142857144,-1,0
embi,1987+,dyad,pres_party_share_cd,lag1,totlean,bls,7,24,2331.3519206008327,0.4642857142857144,-1,0
embi,1987+,dyad,pres_party_share_cd,dropfirst,raw,bls,6,17,4558.084494995112,0.4285714285714286,-1,0
embi,1987+,dyad,pres_party_share_cd,dropfirst,tot,bls,6,17,1044.3925953697744,0.08571428571428573,-1,0
embi,1987+,dyad,pres_party_share_cd,dropfirst,totlean,bls,6,17,2376.9115806832524,0.5428571428571429,-1,0
embi,1987+,dyad,coalition_share_cd_start,c,raw,bls,8,24,519.6590941879799,0.023809523809523815,-1,0
embi,1987+,dyad,coalition_share_cd_start,c,tot,bls,8,24,257.53839435406445,0.30952380952380953,-1,0
embi,1987+,dyad,coalition_share_cd_start,c,totlean,bls,8,24,353.575498994969,0.4761904761904762,-1,0
embi,1987+,dyad,coalition_share_cd_start,lag1,raw,bls,7,24,579.423922171254,0.0,-1,0
embi,1987+,dyad,coalition_share_cd_start,lag1,tot,bls,7,24,231.21968411220814,0.42857142857142866,-1,0
embi,1987+,dyad,coalition_share_cd_start,lag1,totlean,bls,7,24,263.6924104288934,0.7142857142857144,-1,0
embi,1987+,dyad,coalition_share_cd_start,dropfirst,raw,bls,6,17,562.5059243043925,-0.08571428571428573,-1,0
embi,1987+,dyad,coalition_share_cd_start,dropfirst,tot,bls,6,17,267.47284867096766,0.4285714285714286,-1,0
embi,1987+,dyad,coalition_share_cd_start,dropfirst,totlean,bls,6,17,351.813709683517,0.7714285714285715,-1,0
embi,1987+,dyad,coalition_share_cd_mid,c,raw,bls,7,20,-37.186639780971404,-0.1785714285714286,-1,1
embi,1987+,dyad,coalition_share_cd_mid,c,tot,bls,7,20,32.53788881251844,0.14285714285714288,-1,0
embi,1987+,dyad,coalition_share_cd_mid,c,totlean,bls,7,20,204.35523036136277,0.3214285714285715,-1,0
embi,1987+,dyad,coalition_share_cd_mid,lag1,raw,bls,6,20,-52.612971355555786,-0.4285714285714286,-1,1
embi,1987+,dyad,coalition_share_cd_mid,lag1,tot,bls,6,20,-318.8657281277018,-0.48571428571428577,-1,1
embi,1987+,dyad,coalition_share_cd_mid,lag1,totlean,bls,6,20,-20.566831375817593,-0.2,-1,1
embi,1987+,dyad,coalition_share_cd_mid,dropfirst,raw,bls,5,14,-150.4053204173658,-0.19999999999999998,-1,1
embi,1987+,dyad,coalition_share_cd_mid,dropfirst,tot,bls,5,14,-640.8669470850126,-0.7999999999999999,-1,1
embi,1987+,dyad,coalition_share_cd_mid,dropfirst,totlean,bls,5,14,-220.2857794090357,-0.3,-1,1
embi,1987+,dyad,pres_congress_distance,c,raw,bls,8,24,-233.19797111729193,-0.28571428571428575,1,0
embi,1987+,dyad,pres_congress_distance,c,tot,bls,8,24,-121.12498673141161,-0.3333333333333334,1,0
embi,1987+,dyad,pres_congress_distance,c,totlean,bls,8,24,-94.90999621355148,-0.28571428571428575,1,0
embi,1987+,dyad,pres_congress_distance,lag1,raw,bls,7,24,-221.9792802478231,0.03571428571428572,1,0
embi,1987+,dyad,pres_congress_distance,lag1,tot,bls,7,24,-108.17092476446282,-0.14285714285714288,1,0
embi,1987+,dyad,pres_congress_distance,lag1,totlean,bls,7,24,-108.18668810263725,-0.28571428571428575,1,0
embi,1987+,dyad,pres_congress_distance,dropfirst,raw,bls,6,17,-242.90783252101437,-0.08571428571428573,1,0
embi,1987+,dyad,pres_congress_distance,dropfirst,tot,bls,6,17,-123.96516092748912,-0.2571428571428572,1,0
embi,1987+,dyad,pres_congress_distance,dropfirst,totlean,bls,6,17,-108.77836027146573,-0.3714285714285715,1,0
embi,1987+,dyad,pres_congress_distance_bolognesi,c,raw,bolognesi,8,24,-128.09411684714047,-0.28571428571428575,1,0
embi,1987+,dyad,pres_congress_distance_bolognesi,c,tot,bolognesi,8,24,-78.54739844679477,-0.4285714285714286,1,0
embi,1987+,dyad,pres_congress_distance_bolognesi,c,totlean,bolognesi,8,24,-15.675501500659195,0.0,1,0
embi,1987+,dyad,pres_congress_distance_bolognesi,lag1,raw,bolognesi,7,24,-121.62115918262624,-0.07142857142857144,1,0
embi,1987+,dyad,pres_congress_distance_bolognesi,lag1,tot,bolognesi,7,24,-87.84199058449713,-0.6071428571428572,1,0
embi,1987+,dyad,pres_congress_distance_bolognesi,lag1,totlean,bolognesi,7,24,-50.02901735648005,-0.3214285714285715,1,0
embi,1987+,dyad,pres_congress_distance_bolognesi,dropfirst,raw,bolognesi,6,17,-143.34860664520602,-0.3142857142857143,1,0
embi,1987+,dyad,pres_congress_distance_bolognesi,dropfirst,tot,bolognesi,6,17,-106.01015935891803,-0.6571428571428573,1,0
embi,1987+,dyad,pres_congress_distance_bolognesi,dropfirst,totlean,bolognesi,6,17,-40.11613882458734,-0.2571428571428572,1,0
embi,1987+,dyad,enpp_cd,c,raw,bls,8,24,-44.487369466136506,-0.34731161595484505,1,0
embi,1987+,dyad,enpp_cd,c,tot,bls,8,24,-18.73051885306985,-0.2515015150017844,1,0
embi,1987+,dyad,enpp_cd,c,totlean,bls,8,24,-29.119248587272654,-0.7065994945288228,1,0
embi,1987+,dyad,enpp_cd,lag1,raw,bls,7,24,-40.44615531089551,-0.2702812388086677,1,0
embi,1987+,dyad,enpp_cd,lag1,tot,bls,7,24,-8.009377988400127,-0.09009374626955591,1,0
embi,1987+,dyad,enpp_cd,lag1,totlean,bls,7,24,-21.967106637968342,-0.4684874806016907,1,0
embi,1987+,dyad,enpp_cd,dropfirst,raw,bls,6,17,-46.23185589735727,-0.48571428571428577,1,0
embi,1987+,dyad,enpp_cd,dropfirst,tot,bls,6,17,-7.438695776691617,-0.028571428571428574,1,0
embi,1987+,dyad,enpp_cd,dropfirst,totlean,bls,6,17,-20.70070753070809,-0.48571428571428577,1,0
embi,1987+,year,pres_party_share_cd,c,raw,bls,8,24,4304.523143738116,0.3080820195012376,-1,0
embi,1987+,year,pres_party_share_cd,c,tot,bls,8,24,1388.3651268678498,0.19073836870690036,-1,0
embi,1987+,year,pres_party_share_cd,c,totlean,bls,8,24,2697.220523829912,0.3915849919766088,-1,0
embi,1987+,year,pres_party_share_cd,lag1,raw,bls,7,24,4321.558279857525,0.3660619023469109,-1,0
embi,1987+,year,pres_party_share_cd,lag1,tot,bls,7,24,731.4621895970035,0.04223791180925895,-1,0
embi,1987+,year,pres_party_share_cd,lag1,totlean,bls,7,24,1939.4647069570872,0.22218901524662257,-1,0
embi,1987+,year,pres_party_share_cd,dropfirst,raw,bls,6,17,4534.976904425878,0.38364525905408065,-1,0
embi,1987+,year,pres_party_share_cd,dropfirst,tot,bls,6,17,928.4595368383564,0.09808406299440896,-1,0
embi,1987+,year,pres_party_share_cd,dropfirst,totlean,bls,6,17,2183.0759818390998,0.2843196256420209,-1,0
embi,1987+,year,coalition_share_cd_start,c,raw,bls,8,24,410.288616221537,-0.06678754454434624,-1,0
embi,1987+,year,coalition_share_cd_start,c,tot,bls,8,24,222.2298099836391,0.3255892796536879,-1,0
embi,1987+,year,coalition_share_cd_start,c,totlean,bls,8,24,343.42908005869253,0.4385129569424838,-1,0
embi,1987+,year,coalition_share_cd_start,lag1,raw,bls,7,24,598.1538660210097,0.2569472968396586,-1,0
embi,1987+,year,coalition_share_cd_start,lag1,tot,bls,7,24,253.14849526952864,0.37310155431512076,-1,0
embi,1987+,year,coalition_share_cd_start,lag1,totlean,bls,7,24,308.7445237897303,0.5037750939750156,-1,0
embi,1987+,year,coalition_share_cd_start,dropfirst,raw,bls,6,17,579.3384966930569,0.060836950464886574,-1,0
embi,1987+,year,coalition_share_cd_start,dropfirst,tot,bls,6,17,278.58465173079054,0.42834179408950745,-1,0
embi,1987+,year,coalition_share_cd_start,dropfirst,totlean,bls,6,17,371.53708097983736,0.5673976808663911,-1,0
embi,1987+,year,coalition_share_cd_mid,c,raw,bls,7,20,63.36573966256487,-0.18308559020603635,-1,0
embi,1987+,year,coalition_share_cd_mid,c,tot,bls,7,20,-170.8302109575783,-0.20139414922663995,-1,1
embi,1987+,year,coalition_share_cd_mid,c,totlean,bls,7,20,140.2871762713511,0.07628566258584846,-1,0
embi,1987+,year,coalition_share_cd_mid,lag1,raw,bls,6,20,-113.32952504433113,-0.315029273207402,-1,1
embi,1987+,year,coalition_share_cd_mid,lag1,tot,bls,6,20,-525.2281743520472,-0.6476451320550229,-1,1
embi,1987+,year,coalition_share_cd_mid,lag1,totlean,bls,6,20,-211.42750315835144,-0.3876695182430894,-1,1
embi,1987+,year,coalition_share_cd_mid,dropfirst,raw,bls,5,14,-152.49265520661558,-0.34496732994370083,-1,1
embi,1987+,year,coalition_share_cd_mid,dropfirst,tot,bls,5,14,-642.3467890006283,-0.6988948502755498,-1,1
embi,1987+,year,coalition_share_cd_mid,dropfirst,totlean,bls,5,14,-222.57422946092586,-0.34048723474962683,-1,1
embi,1987+,year,pres_congress_distance,c,raw,bls,8,24,-228.89657661436016,-0.10809036814413929,1,0
embi,1987+,year,pres_congress_distance,c,tot,bls,8,24,-119.19867377344004,-0.2825288890922015,1,0
embi,1987+,year,pres_congress_distance,c,totlean,bls,8,24,-104.21883689231319,-0.21090803540319863,1,0
embi,1987+,year,pres_congress_distance,lag1,raw,bls,7,24,-231.18109846983376,-0.2543074273515799,1,0
embi,1987+,year,pres_congress_distance,lag1,tot,bls,7,24,-108.0690265136516,-0.2587072098317111,1,0
embi,1987+,year,pres_congress_distance,lag1,totlean,bls,7,24,-101.24602618787847,-0.2538674491035668,1,0
embi,1987+,year,pres_congress_distance,dropfirst,raw,bls,6,17,-241.97470806553534,-0.11049976717091642,1,0
embi,1987+,year,pres_congress_distance,dropfirst,tot,bls,6,17,-123.23959718275408,-0.37371269571287463,1,0
embi,1987+,year,pres_congress_distance,dropfirst,totlean,bls,6,17,-107.26155276889554,-0.3190835973362418,1,0
embi,1987+,year,pres_congress_distance_bolognesi,c,raw,bolognesi,8,24,-124.34455481222751,-0.25133207552214504,1,0
embi,1987+,year,pres_congress_distance_bolognesi,c,tot,bolognesi,8,24,-86.60564344378326,-0.4732249044359269,1,0
embi,1987+,year,pres_congress_distance_bolognesi,c,totlean,bolognesi,8,24,-19.807883228674154,-0.08348443068043279,1,0
embi,1987+,year,pres_congress_distance_bolognesi,lag1,raw,bolognesi,7,24,-146.92591601657978,-0.3748614673071731,1,0
embi,1987+,year,pres_congress_distance_bolognesi,lag1,tot,bolognesi,7,24,-100.35026192203628,-0.6379684596190154,1,0
embi,1987+,year,pres_congress_distance_bolognesi,lag1,totlean,bolognesi,7,24,-51.68984778779297,-0.4034600534280256,1,0
embi,1987+,year,pres_congress_distance_bolognesi,dropfirst,raw,bolognesi,6,17,-162.781881197499,-0.34888128735985974,1,0
embi,1987+,year,pres_congress_distance_bolognesi,dropfirst,tot,bolognesi,6,17,-120.08308215396542,-0.753633243514003,1,0
embi,1987+,year,pres_congress_distance_bolognesi,dropfirst,totlean,bolognesi,6,17,-54.17788300667438,-0.37122955487757314,1,0
embi,1987+,year,enpp_cd,c,raw,bls,8,24,-41.983033888554324,-0.3572623373866486,1,0
embi,1987+,year,enpp_cd,c,tot,bls,8,24,-10.392504077772038,-0.07479630216222939,1,0
embi,1987+,year,enpp_cd,c,totlean,bls,8,24,-24.237108925701428,-0.2763063397522356,1,0
embi,1987+,year,enpp_cd,lag1,raw,bls,7,24,-42.447146130679386,-0.3665518359621255,1,0
embi,1987+,year,enpp_cd,lag1,tot,bls,7,24,-6.0176893578690445,-0.035245368842512066,1,0
embi,1987+,year,enpp_cd,lag1,totlean,bls,7,24,-17.916068357787452,-0.2149967499393236,1,0
embi,1987+,year,enpp_cd,dropfirst,raw,bls,6,17,-45.874651165876514,-0.48048775163083884,1,0
embi,1987+,year,enpp_cd,dropfirst,tot,bls,6,17,-6.25461046983516,-0.008690992923555223,1,0
embi,1987+,year,enpp_cd,dropfirst,totlean,bls,6,17,-18.76929660359579,-0.20237597807707167,1,0
embi,1995+,dyad,pres_party_share_cd,c,raw,bls,8,24,5084.880922570297,0.3353353533357125,-1,0
embi,1995+,dyad,pres_party_share_cd,c,tot,bls,8,24,1997.9569368762811,0.29940656547831473,-1,0
embi,1995+,dyad,pres_party_share_cd,c,totlean,bls,8,24,2815.3581792413274,0.7664808076244857,-1,0
embi,1995+,dyad,pres_party_share_cd,lag1,raw,bls,7,24,4162.032517130789,0.28571428571428575,-1,0
embi,1995+,dyad,pres_party_share_cd,lag1,tot,bls,7,24,921.1861524328787,0.07142857142857144,-1,0
embi,1995+,dyad,pres_party_share_cd,lag1,totlean,bls,7,24,2331.3519206008327,0.4642857142857144,-1,0
embi,1995+,dyad,pres_party_share_cd,dropfirst,raw,bls,6,17,4558.084494995112,0.4285714285714286,-1,0
embi,1995+,dyad,pres_party_share_cd,dropfirst,tot,bls,6,17,1044.3925953697744,0.08571428571428573,-1,0
embi,1995+,dyad,pres_party_share_cd,dropfirst,totlean,bls,6,17,2376.9115806832524,0.5428571428571429,-1,0
embi,1995+,dyad,coalition_share_cd_start,c,raw,bls,8,24,519.6590941879799,0.023809523809523815,-1,0
embi,1995+,dyad,coalition_share_cd_start,c,tot,bls,8,24,257.53839435406445,0.30952380952380953,-1,0
embi,1995+,dyad,coalition_share_cd_start,c,totlean,bls,8,24,353.575498994969,0.4761904761904762,-1,0
embi,1995+,dyad,coalition_share_cd_start,lag1,raw,bls,7,24,579.423922171254,0.0,-1,0
embi,1995+,dyad,coalition_share_cd_start,lag1,tot,bls,7,24,231.21968411220814,0.42857142857142866,-1,0
embi,1995+,dyad,coalition_share_cd_start,lag1,totlean,bls,7,24,263.6924104288934,0.7142857142857144,-1,0
embi,1995+,dyad,coalition_share_cd_start,dropfirst,raw,bls,6,17,562.5059243043925,-0.08571428571428573,-1,0
embi,1995+,dyad,coalition_share_cd_start,dropfirst,tot,bls,6,17,267.47284867096766,0.4285714285714286,-1,0
embi,1995+,dyad,coalition_share_cd_start,dropfirst,totlean,bls,6,17,351.813709683517,0.7714285714285715,-1,0
embi,1995+,dyad,coalition_share_cd_mid,c,raw,bls,7,20,-37.186639780971404,-0.1785714285714286,-1,1
embi,1995+,dyad,coalition_share_cd_mid,c,tot,bls,7,20,32.53788881251844,0.14285714285714288,-1,0
embi,1995+,dyad,coalition_share_cd_mid,c,totlean,bls,7,20,204.35523036136277,0.3214285714285715,-1,0
embi,1995+,dyad,coalition_share_cd_mid,lag1,raw,bls,6,20,-52.612971355555786,-0.4285714285714286,-1,1
embi,1995+,dyad,coalition_share_cd_mid,lag1,tot,bls,6,20,-318.8657281277018,-0.48571428571428577,-1,1
embi,1995+,dyad,coalition_share_cd_mid,lag1,totlean,bls,6,20,-20.566831375817593,-0.2,-1,1
embi,1995+,dyad,coalition_share_cd_mid,dropfirst,raw,bls,5,14,-150.4053204173658,-0.19999999999999998,-1,1
embi,1995+,dyad,coalition_share_cd_mid,dropfirst,tot,bls,5,14,-640.8669470850126,-0.7999999999999999,-1,1
embi,1995+,dyad,coalition_share_cd_mid,dropfirst,totlean,bls,5,14,-220.2857794090357,-0.3,-1,1
embi,1995+,dyad,pres_congress_distance,c,raw,bls,8,24,-233.19797111729193,-0.28571428571428575,1,0
embi,1995+,dyad,pres_congress_distance,c,tot,bls,8,24,-121.12498673141161,-0.3333333333333334,1,0
embi,1995+,dyad,pres_congress_distance,c,totlean,bls,8,24,-94.90999621355148,-0.28571428571428575,1,0
embi,1995+,dyad,pres_congress_distance,lag1,raw,bls,7,24,-221.9792802478231,0.03571428571428572,1,0
embi,1995+,dyad,pres_congress_distance,lag1,tot,bls,7,24,-108.17092476446282,-0.14285714285714288,1,0
embi,1995+,dyad,pres_congress_distance,lag1,totlean,bls,7,24,-108.18668810263725,-0.28571428571428575,1,0
embi,1995+,dyad,pres_congress_distance,dropfirst,raw,bls,6,17,-242.90783252101437,-0.08571428571428573,1,0
embi,1995+,dyad,pres_congress_distance,dropfirst,tot,bls,6,17,-123.96516092748912,-0.2571428571428572,1,0
embi,1995+,dyad,pres_congress_distance,dropfirst,totlean,bls,6,17,-108.77836027146573,-0.3714285714285715,1,0
embi,1995+,dyad,pres_congress_distance_bolognesi,c,raw,bolognesi,8,24,-128.09411684714047,-0.28571428571428575,1,0
embi,1995+,dyad,pres_congress_distance_bolognesi,c,tot,bolognesi,8,24,-78.54739844679477,-0.4285714285714286,1,0
embi,1995+,dyad,pres_congress_distance_bolognesi,c,totlean,bolognesi,8,24,-15.675501500659195,0.0,1,0
embi,1995+,dyad,pres_congress_distance_bolognesi,lag1,raw,bolognesi,7,24,-121.62115918262624,-0.07142857142857144,1,0
embi,1995+,dyad,pres_congress_distance_bolognesi,lag1,tot,bolognesi,7,24,-87.84199058449713,-0.6071428571428572,1,0
embi,1995+,dyad,pres_congress_distance_bolognesi,lag1,totlean,bolognesi,7,24,-50.02901735648005,-0.3214285714285715,1,0
embi,1995+,dyad,pres_congress_distance_bolognesi,dropfirst,raw,bolognesi,6,17,-143.34860664520602,-0.3142857142857143,1,0
embi,1995+,dyad,pres_congress_distance_bolognesi,dropfirst,tot,bolognesi,6,17,-106.01015935891803,-0.6571428571428573,1,0
embi,1995+,dyad,pres_congress_distance_bolognesi,dropfirst,totlean,bolognesi,6,17,-40.11613882458734,-0.2571428571428572,1,0
embi,1995+,dyad,enpp_cd,c,raw,bls,8,24,-44.487369466136506,-0.34731161595484505,1,0
embi,1995+,dyad,enpp_cd,c,tot,bls,8,24,-18.73051885306985,-0.2515015150017844,1,0
embi,1995+,dyad,enpp_cd,c,totlean,bls,8,24,-29.119248587272654,-0.7065994945288228,1,0
embi,1995+,dyad,enpp_cd,lag1,raw,bls,7,24,-40.44615531089551,-0.2702812388086677,1,0
embi,1995+,dyad,enpp_cd,lag1,tot,bls,7,24,-8.009377988400127,-0.09009374626955591,1,0
embi,1995+,dyad,enpp_cd,lag1,totlean,bls,7,24,-21.967106637968342,-0.4684874806016907,1,0
embi,1995+,dyad,enpp_cd,dropfirst,raw,bls,6,17,-46.23185589735727,-0.48571428571428577,1,0
embi,1995+,dyad,enpp_cd,dropfirst,tot,bls,6,17,-7.438695776691617,-0.028571428571428574,1,0
embi,1995+,dyad,enpp_cd,dropfirst,totlean,bls,6,17,-20.70070753070809,-0.48571428571428577,1,0
embi,1995+,year,pres_party_share_cd,c,raw,bls,8,24,4304.523143738116,0.3080820195012376,-1,0
embi,1995+,year,pres_party_share_cd,c,tot,bls,8,24,1388.3651268678498,0.19073836870690036,-1,0
embi,1995+,year,pres_party_share_cd,c,totlean,bls,8,24,2697.220523829912,0.3915849919766088,-1,0
embi,1995+,year,pres_party_share_cd,lag1,raw,bls,7,24,4321.558279857525,0.3660619023469109,-1,0
embi,1995+,year,pres_party_share_cd,lag1,tot,bls,7,24,731.4621895970035,0.04223791180925895,-1,0
embi,1995+,year,pres_party_share_cd,lag1,totlean,bls,7,24,1939.4647069570872,0.22218901524662257,-1,0
embi,1995+,year,pres_party_share_cd,dropfirst,raw,bls,6,17,4534.976904425878,0.38364525905408065,-1,0
embi,1995+,year,pres_party_share_cd,dropfirst,tot,bls,6,17,928.4595368383564,0.09808406299440896,-1,0
embi,1995+,year,pres_party_share_cd,dropfirst,totlean,bls,6,17,2183.0759818390998,0.2843196256420209,-1,0
embi,1995+,year,coalition_share_cd_start,c,raw,bls,8,24,410.288616221537,-0.06678754454434624,-1,0
embi,1995+,year,coalition_share_cd_start,c,tot,bls,8,24,222.2298099836391,0.3255892796536879,-1,0
embi,1995+,year,coalition_share_cd_start,c,totlean,bls,8,24,343.42908005869253,0.4385129569424838,-1,0
embi,1995+,year,coalition_share_cd_start,lag1,raw,bls,7,24,598.1538660210097,0.2569472968396586,-1,0
embi,1995+,year,coalition_share_cd_start,lag1,tot,bls,7,24,253.14849526952864,0.37310155431512076,-1,0
embi,1995+,year,coalition_share_cd_start,lag1,totlean,bls,7,24,308.7445237897303,0.5037750939750156,-1,0
embi,1995+,year,coalition_share_cd_start,dropfirst,raw,bls,6,17,579.3384966930569,0.060836950464886574,-1,0
embi,1995+,year,coalition_share_cd_start,dropfirst,tot,bls,6,17,278.58465173079054,0.42834179408950745,-1,0
embi,1995+,year,coalition_share_cd_start,dropfirst,totlean,bls,6,17,371.53708097983736,0.5673976808663911,-1,0
embi,1995+,year,coalition_share_cd_mid,c,raw,bls,7,20,63.36573966256487,-0.18308559020603635,-1,0
embi,1995+,year,coalition_share_cd_mid,c,tot,bls,7,20,-170.8302109575783,-0.20139414922663995,-1,1
embi,1995+,year,coalition_share_cd_mid,c,totlean,bls,7,20,140.2871762713511,0.07628566258584846,-1,0
embi,1995+,year,coalition_share_cd_mid,lag1,raw,bls,6,20,-113.32952504433113,-0.315029273207402,-1,1
embi,1995+,year,coalition_share_cd_mid,lag1,tot,bls,6,20,-525.2281743520472,-0.6476451320550229,-1,1
embi,1995+,year,coalition_share_cd_mid,lag1,totlean,bls,6,20,-211.42750315835144,-0.3876695182430894,-1,1
embi,1995+,year,coalition_share_cd_mid,dropfirst,raw,bls,5,14,-152.49265520661558,-0.34496732994370083,-1,1
embi,1995+,year,coalition_share_cd_mid,dropfirst,tot,bls,5,14,-642.3467890006283,-0.6988948502755498,-1,1
embi,1995+,year,coalition_share_cd_mid,dropfirst,totlean,bls,5,14,-222.57422946092586,-0.34048723474962683,-1,1
embi,1995+,year,pres_congress_distance,c,raw,bls,8,24,-228.89657661436016,-0.10809036814413929,1,0
embi,1995+,year,pres_congress_distance,c,tot,bls,8,24,-119.19867377344004,-0.2825288890922015,1,0
embi,1995+,year,pres_congress_distance,c,totlean,bls,8,24,-104.21883689231319,-0.21090803540319863,1,0
embi,1995+,year,pres_congress_distance,lag1,raw,bls,7,24,-231.18109846983376,-0.2543074273515799,1,0
embi,1995+,year,pres_congress_distance,lag1,tot,bls,7,24,-108.0690265136516,-0.2587072098317111,1,0
embi,1995+,year,pres_congress_distance,lag1,totlean,bls,7,24,-101.24602618787847,-0.2538674491035668,1,0
embi,1995+,year,pres_congress_distance,dropfirst,raw,bls,6,17,-241.97470806553534,-0.11049976717091642,1,0
embi,1995+,year,pres_congress_distance,dropfirst,tot,bls,6,17,-123.23959718275408,-0.37371269571287463,1,0
embi,1995+,year,pres_congress_distance,dropfirst,totlean,bls,6,17,-107.26155276889554,-0.3190835973362418,1,0
embi,1995+,year,pres_congress_distance_bolognesi,c,raw,bolognesi,8,24,-124.34455481222751,-0.25133207552214504,1,0
embi,1995+,year,pres_congress_distance_bolognesi,c,tot,bolognesi,8,24,-86.60564344378326,-0.4732249044359269,1,0
embi,1995+,year,pres_congress_distance_bolognesi,c,totlean,bolognesi,8,24,-19.807883228674154,-0.08348443068043279,1,0
embi,1995+,year,pres_congress_distance_bolognesi,lag1,raw,bolognesi,7,24,-146.92591601657978,-0.3748614673071731,1,0
embi,1995+,year,pres_congress_distance_bolognesi,lag1,tot,bolognesi,7,24,-100.35026192203628,-0.6379684596190154,1,0
embi,1995+,year,pres_congress_distance_bolognesi,lag1,totlean,bolognesi,7,24,-51.68984778779297,-0.4034600534280256,1,0
embi,1995+,year,pres_congress_distance_bolognesi,dropfirst,raw,bolognesi,6,17,-162.781881197499,-0.34888128735985974,1,0
embi,1995+,year,pres_congress_distance_bolognesi,dropfirst,tot,bolognesi,6,17,-120.08308215396542,-0.753633243514003,1,0
embi,1995+,year,pres_congress_distance_bolognesi,dropfirst,totlean,bolognesi,6,17,-54.17788300667438,-0.37122955487757314,1,0
embi,1995+,year,enpp_cd,c,raw,bls,8,24,-41.983033888554324,-0.3572623373866486,1,0
embi,1995+,year,enpp_cd,c,tot,bls,8,24,-10.392504077772038,-0.07479630216222939,1,0
embi,1995+,year,enpp_cd,c,totlean,bls,8,24,-24.237108925701428,-0.2763063397522356,1,0
embi,1995+,year,enpp_cd,lag1,raw,bls,7,24,-42.447146130679386,-0.3665518359621255,1,0
embi,1995+,year,enpp_cd,lag1,tot,bls,7,24,-6.0176893578690445,-0.035245368842512066,1,0
embi,1995+,year,enpp_cd,lag1,totlean,bls,7,24,-17.916068357787452,-0.2149967499393236,1,0
embi,1995+,year,enpp_cd,dropfirst,raw,bls,6,17,-45.874651165876514,-0.48048775163083884,1,0
embi,1995+,year,enpp_cd,dropfirst,tot,bls,6,17,-6.25461046983516,-0.008690992923555223,1,0
embi,1995+,year,enpp_cd,dropfirst,totlean,bls,6,17,-18.76929660359579,-0.20237597807707167,1,0
embi,2003+,dyad,pres_party_share_cd,c,raw,bls,7,21,821.0833736690489,0.0,-1,0
embi,2003+,dyad,pres_party_share_cd,c,tot,bls,7,21,-147.76355567385676,0.09009374626955591,-1,1
embi,2003+,dyad,pres_party_share_cd,c,totlean,bls,7,21,108.32238467237602,0.14414999403128945,-1,0
embi,2003+,dyad,pres_party_share_cd,lag1,raw,bls,7,21,3387.4939240863655,0.28571428571428575,-1,0
embi,2003+,dyad,pres_party_share_cd,lag1,tot,bls,7,21,1513.5624899827083,-0.03571428571428572,-1,0
embi,2003+,dyad,pres_party_share_cd,lag1,totlean,bls,7,21,1745.7826367293835,-0.03571428571428572,-1,0
embi,2003+,dyad,pres_party_share_cd,dropfirst,raw,bls,5,14,61.85597371727383,0.0,-1,0
embi,2003+,dyad,pres_party_share_cd,dropfirst,tot,bls,5,14,-1174.8708059200214,-0.6,-1,1
embi,2003+,dyad,pres_party_share_cd,dropfirst,totlean,bls,5,14,-871.0266471357545,-0.3,-1,1
embi,2003+,dyad,coalition_share_cd_start,c,raw,bls,7,21,-175.1536276607164,-0.4642857142857144,-1,1
embi,2003+,dyad,coalition_share_cd_start,c,tot,bls,7,21,-165.2682048667637,-0.7500000000000002,-1,1
embi,2003+,dyad,coalition_share_cd_start,c,totlean,bls,7,21,-133.70221225879789,-0.7142857142857144,-1,1
embi,2003+,dyad,coalition_share_cd_start,lag1,raw,bls,7,21,467.0745941515451,0.0,-1,0
embi,2003+,dyad,coalition_share_cd_start,lag1,tot,bls,7,21,262.05273554323185,0.3214285714285715,-1,0
embi,2003+,dyad,coalition_share_cd_start,lag1,totlean,bls,7,21,275.58010687152733,0.3214285714285715,-1,0
embi,2003+,dyad,coalition_share_cd_start,dropfirst,raw,bls,5,14,-186.69187932567868,-0.8999999999999998,-1,1
embi,2003+,dyad,coalition_share_cd_start,dropfirst,tot,bls,5,14,-185.75347590148604,0.0,-1,1
embi,2003+,dyad,coalition_share_cd_start,dropfirst,totlean,bls,5,14,-157.23619756218034,-0.09999999999999999,-1,1
embi,2003+,dyad,coalition_share_cd_mid,c,raw,bls,6,17,28.184960411234574,-0.028571428571428574,-1,0
embi,2003+,dyad,coalition_share_cd_mid,c,tot,bls,6,17,47.389349958989676,0.6571428571428573,-1,0
embi,2003+,dyad,coalition_share_cd_mid,c,totlean,bls,6,17,68.90776646822019,0.5428571428571429,-1,0
embi,2003+,dyad,coalition_share_cd_mid,lag1,raw,bls,6,17,-60.14950529560898,-0.4285714285714286,-1,1
embi,2003+,dyad,coalition_share_cd_mid,lag1,tot,bls,6,17,-205.46385259445537,-0.7142857142857143,-1,1
embi,2003+,dyad,coalition_share_cd_mid,lag1,totlean,bls,6,17,-170.45092823859585,-0.7142857142857143,-1,1
embi,2003+,dyad,coalition_share_cd_mid,dropfirst,raw,bls,4,11,68.26122163620128,0.19999999999999998,-1,0
embi,2003+,dyad,coalition_share_cd_mid,dropfirst,tot,bls,4,11,-254.22195022828384,-0.7999999999999999,-1,1
embi,2003+,dyad,coalition_share_cd_mid,dropfirst,totlean,bls,4,11,-210.94885104678653,-0.39999999999999997,-1,1
embi,2003+,dyad,pres_congress_distance,c,raw,bls,7,21,-19.72709324946885,0.07142857142857144,1,0
embi,2003+,dyad,pres_congress_distance,c,tot,bls,7,21,39.856547341560145,0.42857142857142866,1,1
embi,2003+,dyad,pres_congress_distance,c,totlean,bls,7,21,33.94245978836194,0.5714285714285715,1,1
embi,2003+,dyad,pres_congress_distance,lag1,raw,bls,7,21,-180.65825032814308,0.03571428571428572,1,0
embi,2003+,dyad,pres_congress_distance,lag1,tot,bls,7,21,-112.81580845705125,0.03571428571428572,1,0
embi,2003+,dyad,pres_congress_distance,lag1,totlean,bls,7,21,-116.49393707188071,0.03571428571428572,1,0
embi,2003+,dyad,pres_congress_distance,dropfirst,raw,bls,5,14,42.54366441290381,0.6,1,1
embi,2003+,dyad,pres_congress_distance,dropfirst,tot,bls,5,14,100.96200093557341,0.3,1,1
embi,2003+,dyad,pres_congress_distance,dropfirst,totlean,bls,5,14,88.17235882545397,0.6,1,1
embi,2003+,dyad,pres_congress_distance_bolognesi,c,raw,bolognesi,7,21,1.8521693251604856,0.07142857142857144,1,1
embi,2003+,dyad,pres_congress_distance_bolognesi,c,tot,bolognesi,7,21,-1.9098921647634877,0.21428571428571433,1,0
embi,2003+,dyad,pres_congress_distance_bolognesi,c,totlean,bolognesi,7,21,7.324669404421836,0.3571428571428572,1,1
embi,2003+,dyad,pres_congress_distance_bolognesi,lag1,raw,bolognesi,7,21,-97.57823848312343,-0.07142857142857144,1,0
embi,2003+,dyad,pres_congress_distance_bolognesi,lag1,tot,bolognesi,7,21,-75.80409126694879,-0.5,1,0
embi,2003+,dyad,pres_congress_distance_bolognesi,lag1,totlean,bolognesi,7,21,-73.59533936650665,-0.5,1,0
embi,2003+,dyad,pres_congress_distance_bolognesi,dropfirst,raw,bolognesi,5,14,8.08353487847389,0.19999999999999998,1,1
embi,2003+,dyad,pres_congress_distance_bolognesi,dropfirst,tot,bolognesi,5,14,-14.69890270542286,-0.39999999999999997,1,0
embi,2003+,dyad,pres_congress_distance_bolognesi,dropfirst,totlean,bolognesi,5,14,-5.115595179724075,0.0,1,0
embi,2003+,dyad,enpp_cd,c,raw,bls,7,21,-4.622773763658862,-0.01801874925391118,1,0
embi,2003+,dyad,enpp_cd,c,tot,bls,7,21,1.921065509814407,-0.09009374626955591,1,1
embi,2003+,dyad,enpp_cd,c,totlean,bls,7,21,-0.790219830769752,-0.09009374626955591,1,0
embi,2003+,dyad,enpp_cd,lag1,raw,bls,7,21,-32.89700209388402,-0.2702812388086677,1,0
embi,2003+,dyad,enpp_cd,lag1,tot,bls,7,21,-14.123348265776247,0.054056247761733546,1,0
embi,2003+,dyad,enpp_cd,lag1,totlean,bls,7,21,-16.40666457855568,0.054056247761733546,1,0
embi,2003+,dyad,enpp_cd,dropfirst,raw,bls,5,14,-2.646943561014557,-0.09999999999999999,1,0
embi,2003+,dyad,enpp_cd,dropfirst,tot,bls,5,14,12.675224405875369,0.7,1,1
embi,2003+,dyad,enpp_cd,dropfirst,totlean,bls,5,14,9.76670887610343,0.39999999999999997,1,1
embi,2003+,year,pres_party_share_cd,c,raw,bls,7,21,798.9249800298961,-0.031634449450602745,-1,0
embi,2003+,year,pres_party_share_cd,c,tot,bls,7,21,-201.1645075719874,-0.054042184478113015,-1,1
embi,2003+,year,pres_party_share_cd,c,totlean,bls,7,21,81.41450751725498,-0.0013181020604417807,-1,0
embi,2003+,year,pres_party_share_cd,lag1,raw,bls,7,21,1269.4852822750397,0.05402411923125089,-1,0
embi,2003+,year,pres_party_share_cd,lag1,tot,bls,7,21,-248.0057124030264,-0.20950816970168024,-1,1
embi,2003+,year,pres_party_share_cd,lag1,totlean,bls,7,21,-18.757278129194336,-0.18447260225305176,-1,1
embi,2003+,year,pres_party_share_cd,dropfirst,raw,bls,5,14,31.03120731781941,-0.10752228465777688,-1,0
embi,2003+,year,pres_party_share_cd,dropfirst,tot,bls,5,14,-1256.0990256256796,-0.38528818669036713,-1,1
embi,2003+,year,pres_party_share_cd,dropfirst,totlean,bls,5,14,-963.1889090282266,-0.3382471871525898,-1,1
embi,2003+,year,coalition_share_cd_start,c,raw,bls,7,21,-194.29903127717495,-0.5764768820407868,-1,1
embi,2003+,year,coalition_share_cd_start,c,tot,bls,7,21,-162.0384438214108,-0.1824961100860548,-1,1
embi,2003+,year,coalition_share_cd_start,c,totlean,bls,7,21,-129.39769189025088,-0.1258366679654746,-1,1
embi,2003+,year,coalition_share_cd_start,lag1,raw,bls,7,21,103.60358828578738,-0.10936589990716641,-1,0
embi,2003+,year,coalition_share_cd_start,lag1,tot,bls,7,21,17.098287213372927,-0.0039529843339939676,-1,0
embi,2003+,year,coalition_share_cd_start,lag1,totlean,bls,7,21,34.53239518008843,0.026353228893293112,-1,0
embi,2003+,year,coalition_share_cd_start,dropfirst,raw,bls,5,14,-186.56637588262868,-0.6899346598874017,-1,1
embi,2003+,year,coalition_share_cd_start,dropfirst,tot,bls,5,14,-184.4409302879278,-0.2598455212562941,-1,1
embi,2003+,year,coalition_share_cd_start,dropfirst,totlean,bls,5,14,-152.4178251718855,-0.19936423613629461,-1,1
embi,2003+,year,coalition_share_cd_mid,c,raw,bls,6,17,179.40051347227367,-0.006259239196755504,-1,0
embi,2003+,year,coalition_share_cd_mid,c,tot,bls,6,17,21.878496836519638,0.007511087036106605,-1,0
embi,2003+,year,coalition_share_cd_mid,c,totlean,bls,6,17,56.00699744835698,0.08137010955782156,-1,0
embi,2003+,year,coalition_share_cd_mid,lag1,raw,bls,6,17,-32.50986296032683,-0.21531782836838934,-1,1
embi,2003+,year,coalition_share_cd_mid,lag1,tot,bls,6,17,-274.74084811866203,-0.5821092452982619,-1,1
embi,2003+,year,coalition_share_cd_mid,lag1,totlean,bls,6,17,-242.23826658371925,-0.5558204406718888,-1,1
embi,2003+,year,coalition_share_cd_mid,dropfirst,raw,bls,4,11,67.3012491543336,-0.0609181686875161,-1,0
embi,2003+,year,coalition_share_cd_mid,dropfirst,tot,bls,4,11,-255.59164771113717,-0.4920313624760916,-1,1
embi,2003+,year,coalition_share_cd_mid,dropfirst,totlean,bls,4,11,-212.71803985463674,-0.44517123271646386,-1,1
embi,2003+,year,pres_congress_distance,c,raw,bls,7,21,-2.7173245689398158,0.31689757744184965,1,0
embi,2003+,year,pres_congress_distance,c,tot,bls,7,21,46.102320052142275,0.17854312575206083,1,1
embi,2003+,year,pres_congress_distance,c,totlean,bls,7,21,34.162557307422524,0.16800183419474357,1,1
embi,2003+,year,pres_congress_distance,lag1,raw,bls,7,21,-134.11816233242317,0.11331888424116036,1,0
embi,2003+,year,pres_congress_distance,lag1,tot,bls,7,21,-64.85657068618315,0.2635322889329311,1,0
embi,2003+,year,pres_congress_distance,lag1,totlean,bls,7,21,-69.36808811122411,0.24772035159695527,1,0
embi,2003+,year,pres_congress_distance,dropfirst,raw,bls,5,14,41.56468572791061,0.600332756005921,1,1
embi,2003+,year,pres_congress_distance,dropfirst,tot,bls,5,14,101.1559960080985,0.40320856746666334,1,1
embi,2003+,year,pres_congress_distance,dropfirst,totlean,bls,5,14,86.51856952614942,0.3875282342874042,1,1
embi,2003+,year,pres_congress_distance_bolognesi,c,raw,bolognesi,7,21,11.423127501116964,0.09553045473818753,1,1
embi,2003+,year,pres_congress_distance_bolognesi,c,tot,bolognesi,7,21,-3.668763272825237,-0.07181254873422373,1,0
embi,2003+,year,pres_congress_distance_bolognesi,c,totlean,bolognesi,7,21,6.121001708718073,-0.0006588307223323279,1,1
embi,2003+,year,pres_congress_distance_bolognesi,lag1,raw,bolognesi,7,21,-45.41275532394909,-0.06720073367789743,1,0
embi,2003+,year,pres_congress_distance_bolognesi,lag1,tot,bolognesi,7,21,-46.874401850786285,-0.2648499503775958,1,0
embi,2003+,year,pres_congress_distance_bolognesi,lag1,totlean,bolognesi,7,21,-40.83472839058502,-0.24772035159695527,1,0
embi,2003+,year,pres_congress_distance_bolognesi,dropfirst,raw,bolognesi,5,14,7.112564670779747,0.17024361737481342,1,1
embi,2003+,year,pres_congress_distance_bolognesi,dropfirst,tot,bolognesi,5,14,-21.835465064947314,-0.2956862828088865,1,0
embi,2003+,year,pres_congress_distance_bolognesi,dropfirst,totlean,bolognesi,5,14,-11.838288556657988,-0.24416518807703502,1,0
embi,2003+,year,enpp_cd,c,raw,bls,7,21,-8.579446475870816,-0.041589821348262064,1,0
embi,2003+,year,enpp_cd,c,tot,bls,7,21,3.4215900545197893,0.18682411811997082,1,1
embi,2003+,year,enpp_cd,c,totlean,bls,7,21,0.6302454540003966,0.13137102298895476,1,1
embi,2003+,year,enpp_cd,lag1,raw,bls,7,21,-12.6253845154247,-0.05413278334218236,1,0
embi,2003+,year,enpp_cd,lag1,tot,bls,7,21,3.092492642184549,0.24689830451190486,1,1
embi,2003+,year,enpp_cd,lag1,totlean,bls,7,21,0.8698469004004097,0.2152108215798957,1,1
embi,2003+,year,enpp_cd,dropfirst,raw,bls,5,14,-2.4337068751690105,-0.06720142791111054,1,0
embi,2003+,year,enpp_cd,dropfirst,tot,bls,5,14,13.345658714996167,0.5062507569303661,1,1
embi,2003+,year,enpp_cd,dropfirst,totlean,bls,5,14,10.544264405150638,0.45920975739258874,1,1
embi,1987+,dyad,centrao_share_cd_narrow,c,raw,-,8,24,-1196.541709545563,-0.22754898976351917,1,0
embi,1987+,year,centrao_share_cd_narrow,c,raw,-,8,24,-1091.3481289419765,-0.04751765078541632,1,0
embi,1987+,dyad,centrao_share_cd_broad,c,raw,-,8,24,4170.135460346944,0.6586944440522925,1,1
embi,1987+,year,centrao_share_cd_broad,c,raw,-,8,24,4303.171134923029,0.6203693296984908,1,1
ntnb,1987+,dyad,pres_party_share_cd,c,raw,bls,4,12,72.94717263231685,0.9486832980505139,-1,0
ntnb,1987+,dyad,pres_party_share_cd,c,tot,bls,4,11,55.784701518670566,0.316227766016838,-1,0
ntnb,1987+,dyad,pres_party_share_cd,c,totlean,bls,4,11,21.282618054424056,0.316227766016838,-1,0
ntnb,1987+,dyad,pres_party_share_cd,lag1,raw,bls,5,12,30.05950037001492,0.7181848464596079,-1,0
ntnb,1987+,dyad,pres_party_share_cd,lag1,tot,bls,5,11,18.540211870459682,0.6668859288553501,-1,0
ntnb,1987+,dyad,pres_party_share_cd,lag1,totlean,bls,5,11,2.9191145085803516,0.35909242322980395,-1,0
ntnb,1987+,dyad,pres_party_share_cd,dropfirst,raw,bls,3,8,64.22193679836741,1.0,-1,0
ntnb,1987+,dyad,pres_party_share_cd,dropfirst,tot,bls,3,7,53.865160904026204,1.0,-1,0
ntnb,1987+,dyad,pres_party_share_cd,dropfirst,totlean,bls,3,7,24.97666526532565,1.0,-1,0
ntnb,1987+,dyad,coalition_share_cd_start,c,raw,bls,4,12,5.064303356094196,0.39999999999999997,-1,0
ntnb,1987+,dyad,coalition_share_cd_start,c,tot,bls,4,11,4.443139330496033,0.39999999999999997,-1,0
ntnb,1987+,dyad,coalition_share_cd_start,c,totlean,bls,4,11,2.124263235117335,0.39999999999999997,-1,0
ntnb,1987+,dyad,coalition_share_cd_start,lag1,raw,bls,5,12,3.0375392820839684,0.19999999999999998,-1,0
ntnb,1987+,dyad,coalition_share_cd_start,lag1,tot,bls,5,11,3.082636813884668,0.49999999999999994,-1,0
ntnb,1987+,dyad,coalition_share_cd_start,lag1,totlean,bls,5,11,1.7201724960585087,0.3,-1,0
ntnb,1987+,dyad,coalition_share_cd_start,dropfirst,raw,bls,3,8,3.713070131079835,0.5,-1,0
ntnb,1987+,dyad,coalition_share_cd_start,dropfirst,tot,bls,3,7,3.7456546221211897,0.5,-1,0
ntnb,1987+,dyad,coalition_share_cd_start,dropfirst,totlean,bls,3,7,1.9684765457072435,0.5,-1,0
ntnb,1987+,dyad,coalition_share_cd_mid,c,raw,bls,4,12,2.0978958831769416,0.39999999999999997,-1,0
ntnb,1987+,dyad,coalition_share_cd_mid,c,tot,bls,4,11,2.0922526905209633,0.6000000000000001,-1,0
ntnb,1987+,dyad,coalition_share_cd_mid,c,totlean,bls,4,11,1.449072059269628,0.6000000000000001,-1,0
ntnb,1987+,dyad,coalition_share_cd_mid,lag1,raw,bls,5,12,2.6201666179400562,0.6,-1,0
ntnb,1987+,dyad,coalition_share_cd_mid,lag1,tot,bls,5,11,0.12720487174181574,0.0,-1,0
ntnb,1987+,dyad,coalition_share_cd_mid,lag1,totlean,bls,5,11,-1.2058723331382601,-0.09999999999999999,-1,1
ntnb,1987+,dyad,coalition_share_cd_mid,dropfirst,raw,bls,3,8,5.6799525223711145,1.0,-1,0
ntnb,1987+,dyad,coalition_share_cd_mid,dropfirst,tot,bls,3,7,4.185788373994046,1.0,-1,0
ntnb,1987+,dyad,coalition_share_cd_mid,dropfirst,totlean,bls,3,7,1.7287597738833267,1.0,-1,0
ntnb,1987+,dyad,pres_congress_distance,c,raw,bls,4,12,-0.9219899569878192,-0.19999999999999998,1,0
ntnb,1987+,dyad,pres_congress_distance,c,tot,bls,4,11,-1.555186360212063,-0.7999999999999999,1,0
ntnb,1987+,dyad,pres_congress_distance,c,totlean,bls,4,11,-1.2721851537154596,-0.7999999999999999,1,0
ntnb,1987+,dyad,pres_congress_distance,lag1,raw,bls,5,12,-0.10407398715659318,0.3,1,0
ntnb,1987+,dyad,pres_congress_distance,lag1,tot,bls,5,11,-0.12976203707787176,-0.09999999999999999,1,0
ntnb,1987+,dyad,pres_congress_distance,lag1,totlean,bls,5,11,0.1700152805486585,-0.19999999999999998,1,1
ntnb,1987+,dyad,pres_congress_distance,dropfirst,raw,bls,3,8,-0.13332427724282991,-0.5,1,0
ntnb,1987+,dyad,pres_congress_distance,dropfirst,tot,bls,3,7,-0.7875041165580315,-0.5,1,0
ntnb,1987+,dyad,pres_congress_distance,dropfirst,totlean,bls,3,7,-0.6130721426252216,-0.5,1,0
ntnb,1987+,dyad,pres_congress_distance_bolognesi,c,raw,bolognesi,4,12,0.6716929444596391,0.7999999999999999,1,1
ntnb,1987+,dyad,pres_congress_distance_bolognesi,c,tot,bolognesi,4,11,0.18818764375052724,-0.19999999999999998,1,1
ntnb,1987+,dyad,pres_congress_distance_bolognesi,c,totlean,bolognesi,4,11,-0.19373421399833474,-0.19999999999999998,1,0
ntnb,1987+,dyad,pres_congress_distance_bolognesi,lag1,raw,bolognesi,5,12,0.9535446241524115,0.8999999999999998,1,1
ntnb,1987+,dyad,pres_congress_distance_bolognesi,lag1,tot,bolognesi,5,11,0.7229310539335163,0.7999999999999999,1,1
ntnb,1987+,dyad,pres_congress_distance_bolognesi,lag1,totlean,bolognesi,5,11,0.40538201223168324,0.6,1,1
ntnb,1987+,dyad,pres_congress_distance_bolognesi,dropfirst,raw,bolognesi,3,8,0.8182556445410005,0.5,1,1
ntnb,1987+,dyad,pres_congress_distance_bolognesi,dropfirst,tot,bolognesi,3,7,0.3820934676053726,0.5,1,1
ntnb,1987+,dyad,pres_congress_distance_bolognesi,dropfirst,totlean,bolognesi,3,7,0.06555557137995881,0.5,1,1
ntnb,1987+,dyad,enpp_cd,c,raw,bls,4,12,-0.3924923114470546,-0.9486832980505139,1,0
ntnb,1987+,dyad,enpp_cd,c,tot,bls,4,11,-0.2794116011337566,-0.632455532033676,1,0
ntnb,1987+,dyad,enpp_cd,c,totlean,bls,4,11,-0.10215798566932191,-0.632455532033676,1,0
ntnb,1987+,dyad,enpp_cd,lag1,raw,bls,5,12,-0.3640640247739758,-0.8207826816681233,1,0
ntnb,1987+,dyad,enpp_cd,lag1,tot,bls,5,11,-0.20496913881146234,-0.5642880936468347,1,0
ntnb,1987+,dyad,enpp_cd,lag1,totlean,bls,5,11,-0.050517083053262524,-0.41039134083406165,1,0
ntnb,1987+,dyad,enpp_cd,dropfirst,raw,bls,3,8,-0.4150440718938889,-1.0,1,0
ntnb,1987+,dyad,enpp_cd,dropfirst,tot,bls,3,7,-0.2964632153657052,-1.0,1,0
ntnb,1987+,dyad,enpp_cd,dropfirst,totlean,bls,3,7,-0.1185161305186089,-1.0,1,0
ntnb,1987+,year,pres_party_share_cd,c,raw,bls,4,12,71.64279459827142,0.7710580195617381,-1,0
ntnb,1987+,year,pres_party_share_cd,c,tot,bls,4,11,58.460132865826736,0.7079098555864043,-1,0
ntnb,1987+,year,pres_party_share_cd,c,totlean,bls,4,11,27.222127650485653,0.16854996561581054,-1,0
ntnb,1987+,year,pres_party_share_cd,lag1,raw,bls,5,12,35.54210936591198,0.7415874570409793,-1,0
ntnb,1987+,year,pres_party_share_cd,lag1,tot,bls,5,11,25.74035423154068,0.7115480518299563,-1,0
ntnb,1987+,year,pres_party_share_cd,lag1,totlean,bls,5,11,10.798086604594765,0.33205575752064626,-1,0
ntnb,1987+,year,pres_party_share_cd,dropfirst,raw,bls,3,8,68.02233737143999,0.8189230248533257,-1,0
ntnb,1987+,year,pres_party_share_cd,dropfirst,tot,bls,3,7,53.42957062583312,0.8693182879212228,-1,0
ntnb,1987+,year,pres_party_share_cd,dropfirst,totlean,bls,3,7,25.11911322954289,0.35906624935876597,-1,0
ntnb,1987+,year,coalition_share_cd_start,c,raw,bls,4,12,5.072651983885645,0.48221450408575983,-1,0
ntnb,1987+,year,coalition_share_cd_start,c,tot,bls,4,11,4.645284650493123,0.7589845886186201,-1,0
ntnb,1987+,year,coalition_share_cd_start,c,totlean,bls,4,11,2.5534283826787965,0.3937232553459092,-1,0
ntnb,1987+,year,coalition_share_cd_start,lag1,raw,bls,5,12,2.664205283387276,0.2853492120929779,-1,0
ntnb,1987+,year,coalition_share_cd_start,lag1,tot,bls,5,11,2.533539198312156,0.5509314829371731,-1,0
ntnb,1987+,year,coalition_share_cd_start,lag1,totlean,bls,5,11,1.4911085062298095,0.2778201495153266,-1,0
ntnb,1987+,year,coalition_share_cd_start,dropfirst,raw,bls,3,8,4.380721121456531,0.2897727626404075,-1,0
ntnb,1987+,year,coalition_share_cd_start,dropfirst,tot,bls,3,7,3.818783442321399,0.7181324987175319,-1,0
ntnb,1987+,year,coalition_share_cd_start,dropfirst,totlean,bls,3,7,1.97901289656574,0.4346591439606114,-1,0
ntnb,1987+,year,coalition_share_cd_mid,c,raw,bls,4,12,4.158312204301765,0.4602956629909526,-1,0
ntnb,1987+,year,coalition_share_cd_mid,c,tot,bls,4,11,3.3689026929376724,0.49333998260210304,-1,0
ntnb,1987+,year,coalition_share_cd_mid,c,totlean,bls,4,11,1.6890879992864638,0.34628671855724547,-1,0
ntnb,1987+,year,coalition_share_cd_mid,lag1,raw,bls,5,12,3.7523962701655633,0.5020701326699232,-1,0
ntnb,1987+,year,coalition_share_cd_mid,lag1,tot,bls,5,11,1.7227378228634331,0.24956725295444596,-1,0
ntnb,1987+,year,coalition_share_cd_mid,lag1,totlean,bls,5,11,0.31483365886000536,-0.023544080467400558,-1,0
ntnb,1987+,year,coalition_share_cd_mid,dropfirst,raw,bls,3,8,5.706454693355049,0.8189230248533257,-1,0
ntnb,1987+,year,coalition_share_cd_mid,dropfirst,tot,bls,3,7,4.217542393272847,0.8693182879212228,-1,0
ntnb,1987+,year,coalition_share_cd_mid,dropfirst,totlean,bls,3,7,1.8076080552846483,0.35906624935876597,-1,0
ntnb,1987+,year,pres_congress_distance,c,raw,bls,4,12,-1.0180997308815267,-0.3945391397065308,1,0
ntnb,1987+,year,pres_congress_distance,c,tot,bls,4,11,-1.6640030042500926,-0.7684718959763528,1,0
ntnb,1987+,year,pres_congress_distance,c,totlean,bls,4,11,-1.3133416516772503,-0.5360328657119005,1,0
ntnb,1987+,year,pres_congress_distance,lag1,raw,bls,5,12,0.06714937442540189,-0.032508138086541793,1,1
ntnb,1987+,year,pres_congress_distance,lag1,tot,bls,5,11,-0.3148814916495427,-0.3154906782631675,1,0
ntnb,1987+,year,pres_congress_distance,lag1,totlean,bls,5,11,-0.14073373510277581,-0.1930614598326846,1,0
ntnb,1987+,year,pres_congress_distance,dropfirst,raw,bls,3,8,-0.37423737465793877,-0.2897727626404075,1,0
ntnb,1987+,year,pres_congress_distance,dropfirst,tot,bls,3,7,-0.9917822755906287,-0.7181324987175319,1,0
ntnb,1987+,year,pres_congress_distance,dropfirst,totlean,bls,3,7,-0.6839910640190129,-0.4346591439606114,1,0
ntnb,1987+,year,pres_congress_distance_bolognesi,c,raw,bolognesi,4,12,0.6850781463867147,0.5041333451805671,1,1
ntnb,1987+,year,pres_congress_distance_bolognesi,c,tot,bolognesi,4,11,0.19582568883313345,0.028461922073198254,1,1
ntnb,1987+,year,pres_congress_distance_bolognesi,c,totlean,bolognesi,4,11,-0.16098356237243916,-0.34628671855724547,1,0
ntnb,1987+,year,pres_congress_distance_bolognesi,lag1,raw,bolognesi,5,12,0.9791296104077128,0.7982553907917485,1,1
ntnb,1987+,year,pres_congress_distance_bolognesi,lag1,tot,bolognesi,5,11,0.6679918653483738,0.5132609541893322,1,1
ntnb,1987+,year,pres_congress_distance_bolognesi,lag1,totlean,bolognesi,5,11,0.35394604881381275,0.2589848851414061,1,1
ntnb,1987+,year,pres_congress_distance_bolognesi,dropfirst,raw,bolognesi,3,8,0.8987299326620896,0.6929348671835832,1,1
ntnb,1987+,year,pres_congress_distance_bolognesi,dropfirst,tot,bolognesi,3,7,0.413546305232859,0.18898223650461365,1,1
ntnb,1987+,year,pres_congress_distance_bolognesi,dropfirst,totlean,bolognesi,3,7,0.08242060478804496,-0.09449111825230683,1,1
ntnb,1987+,year,enpp_cd,c,raw,bls,4,12,-0.3947309522056194,-0.7095748751868991,1,0
ntnb,1987+,year,enpp_cd,c,tot,bls,4,11,-0.2959359114119803,-0.7079098555864043,1,0
ntnb,1987+,year,enpp_cd,c,totlean,bls,4,11,-0.11550966618511635,-0.26967994498529685,1,0
ntnb,1987+,year,enpp_cd,lag1,raw,bls,5,12,-0.3578426362798365,-0.7050560552163004,1,0
ntnb,1987+,year,enpp_cd,lag1,tot,bls,5,11,-0.24114577938418552,-0.6213058941952165,1,0
ntnb,1987+,year,enpp_cd,lag1,totlean,bls,5,11,-0.10865978455251787,-0.29631511877002636,1,0
ntnb,1987+,year,enpp_cd,dropfirst,raw,bls,3,8,-0.41455315424135425,-0.8189230248533257,1,0
ntnb,1987+,year,enpp_cd,dropfirst,tot,bls,3,7,-0.30143893994671905,-0.8693182879212228,1,0
ntnb,1987+,year,enpp_cd,dropfirst,totlean,bls,3,7,-0.12582210330084156,-0.35906624935876597,1,0
ntnb,1995+,dyad,pres_party_share_cd,c,raw,bls,4,12,72.94717263231685,0.9486832980505139,-1,0
ntnb,1995+,dyad,pres_party_share_cd,c,tot,bls,4,11,55.784701518670566,0.316227766016838,-1,0
ntnb,1995+,dyad,pres_party_share_cd,c,totlean,bls,4,11,21.282618054424056,0.316227766016838,-1,0
ntnb,1995+,dyad,pres_party_share_cd,lag1,raw,bls,5,12,30.05950037001492,0.7181848464596079,-1,0
ntnb,1995+,dyad,pres_party_share_cd,lag1,tot,bls,5,11,18.540211870459682,0.6668859288553501,-1,0
ntnb,1995+,dyad,pres_party_share_cd,lag1,totlean,bls,5,11,2.9191145085803516,0.35909242322980395,-1,0
ntnb,1995+,dyad,pres_party_share_cd,dropfirst,raw,bls,3,8,64.22193679836741,1.0,-1,0
ntnb,1995+,dyad,pres_party_share_cd,dropfirst,tot,bls,3,7,53.865160904026204,1.0,-1,0
ntnb,1995+,dyad,pres_party_share_cd,dropfirst,totlean,bls,3,7,24.97666526532565,1.0,-1,0
ntnb,1995+,dyad,coalition_share_cd_start,c,raw,bls,4,12,5.064303356094196,0.39999999999999997,-1,0
ntnb,1995+,dyad,coalition_share_cd_start,c,tot,bls,4,11,4.443139330496033,0.39999999999999997,-1,0
ntnb,1995+,dyad,coalition_share_cd_start,c,totlean,bls,4,11,2.124263235117335,0.39999999999999997,-1,0
ntnb,1995+,dyad,coalition_share_cd_start,lag1,raw,bls,5,12,3.0375392820839684,0.19999999999999998,-1,0
ntnb,1995+,dyad,coalition_share_cd_start,lag1,tot,bls,5,11,3.082636813884668,0.49999999999999994,-1,0
ntnb,1995+,dyad,coalition_share_cd_start,lag1,totlean,bls,5,11,1.7201724960585087,0.3,-1,0
ntnb,1995+,dyad,coalition_share_cd_start,dropfirst,raw,bls,3,8,3.713070131079835,0.5,-1,0
ntnb,1995+,dyad,coalition_share_cd_start,dropfirst,tot,bls,3,7,3.7456546221211897,0.5,-1,0
ntnb,1995+,dyad,coalition_share_cd_start,dropfirst,totlean,bls,3,7,1.9684765457072435,0.5,-1,0
ntnb,1995+,dyad,coalition_share_cd_mid,c,raw,bls,4,12,2.0978958831769416,0.39999999999999997,-1,0
ntnb,1995+,dyad,coalition_share_cd_mid,c,tot,bls,4,11,2.0922526905209633,0.6000000000000001,-1,0
ntnb,1995+,dyad,coalition_share_cd_mid,c,totlean,bls,4,11,1.449072059269628,0.6000000000000001,-1,0
ntnb,1995+,dyad,coalition_share_cd_mid,lag1,raw,bls,5,12,2.6201666179400562,0.6,-1,0
ntnb,1995+,dyad,coalition_share_cd_mid,lag1,tot,bls,5,11,0.12720487174181574,0.0,-1,0
ntnb,1995+,dyad,coalition_share_cd_mid,lag1,totlean,bls,5,11,-1.2058723331382601,-0.09999999999999999,-1,1
ntnb,1995+,dyad,coalition_share_cd_mid,dropfirst,raw,bls,3,8,5.6799525223711145,1.0,-1,0
ntnb,1995+,dyad,coalition_share_cd_mid,dropfirst,tot,bls,3,7,4.185788373994046,1.0,-1,0
ntnb,1995+,dyad,coalition_share_cd_mid,dropfirst,totlean,bls,3,7,1.7287597738833267,1.0,-1,0
ntnb,1995+,dyad,pres_congress_distance,c,raw,bls,4,12,-0.9219899569878192,-0.19999999999999998,1,0
ntnb,1995+,dyad,pres_congress_distance,c,tot,bls,4,11,-1.555186360212063,-0.7999999999999999,1,0
ntnb,1995+,dyad,pres_congress_distance,c,totlean,bls,4,11,-1.2721851537154596,-0.7999999999999999,1,0
ntnb,1995+,dyad,pres_congress_distance,lag1,raw,bls,5,12,-0.10407398715659318,0.3,1,0
ntnb,1995+,dyad,pres_congress_distance,lag1,tot,bls,5,11,-0.12976203707787176,-0.09999999999999999,1,0
ntnb,1995+,dyad,pres_congress_distance,lag1,totlean,bls,5,11,0.1700152805486585,-0.19999999999999998,1,1
ntnb,1995+,dyad,pres_congress_distance,dropfirst,raw,bls,3,8,-0.13332427724282991,-0.5,1,0
ntnb,1995+,dyad,pres_congress_distance,dropfirst,tot,bls,3,7,-0.7875041165580315,-0.5,1,0
ntnb,1995+,dyad,pres_congress_distance,dropfirst,totlean,bls,3,7,-0.6130721426252216,-0.5,1,0
ntnb,1995+,dyad,pres_congress_distance_bolognesi,c,raw,bolognesi,4,12,0.6716929444596391,0.7999999999999999,1,1
ntnb,1995+,dyad,pres_congress_distance_bolognesi,c,tot,bolognesi,4,11,0.18818764375052724,-0.19999999999999998,1,1
ntnb,1995+,dyad,pres_congress_distance_bolognesi,c,totlean,bolognesi,4,11,-0.19373421399833474,-0.19999999999999998,1,0
ntnb,1995+,dyad,pres_congress_distance_bolognesi,lag1,raw,bolognesi,5,12,0.9535446241524115,0.8999999999999998,1,1
ntnb,1995+,dyad,pres_congress_distance_bolognesi,lag1,tot,bolognesi,5,11,0.7229310539335163,0.7999999999999999,1,1
ntnb,1995+,dyad,pres_congress_distance_bolognesi,lag1,totlean,bolognesi,5,11,0.40538201223168324,0.6,1,1
ntnb,1995+,dyad,pres_congress_distance_bolognesi,dropfirst,raw,bolognesi,3,8,0.8182556445410005,0.5,1,1
ntnb,1995+,dyad,pres_congress_distance_bolognesi,dropfirst,tot,bolognesi,3,7,0.3820934676053726,0.5,1,1
ntnb,1995+,dyad,pres_congress_distance_bolognesi,dropfirst,totlean,bolognesi,3,7,0.06555557137995881,0.5,1,1
ntnb,1995+,dyad,enpp_cd,c,raw,bls,4,12,-0.3924923114470546,-0.9486832980505139,1,0
ntnb,1995+,dyad,enpp_cd,c,tot,bls,4,11,-0.2794116011337566,-0.632455532033676,1,0
ntnb,1995+,dyad,enpp_cd,c,totlean,bls,4,11,-0.10215798566932191,-0.632455532033676,1,0
ntnb,1995+,dyad,enpp_cd,lag1,raw,bls,5,12,-0.3640640247739758,-0.8207826816681233,1,0
ntnb,1995+,dyad,enpp_cd,lag1,tot,bls,5,11,-0.20496913881146234,-0.5642880936468347,1,0
ntnb,1995+,dyad,enpp_cd,lag1,totlean,bls,5,11,-0.050517083053262524,-0.41039134083406165,1,0
ntnb,1995+,dyad,enpp_cd,dropfirst,raw,bls,3,8,-0.4150440718938889,-1.0,1,0
ntnb,1995+,dyad,enpp_cd,dropfirst,tot,bls,3,7,-0.2964632153657052,-1.0,1,0
ntnb,1995+,dyad,enpp_cd,dropfirst,totlean,bls,3,7,-0.1185161305186089,-1.0,1,0
ntnb,1995+,year,pres_party_share_cd,c,raw,bls,4,12,71.64279459827142,0.7710580195617381,-1,0
ntnb,1995+,year,pres_party_share_cd,c,tot,bls,4,11,58.460132865826736,0.7079098555864043,-1,0
ntnb,1995+,year,pres_party_share_cd,c,totlean,bls,4,11,27.222127650485653,0.16854996561581054,-1,0
ntnb,1995+,year,pres_party_share_cd,lag1,raw,bls,5,12,35.54210936591198,0.7415874570409793,-1,0
ntnb,1995+,year,pres_party_share_cd,lag1,tot,bls,5,11,25.74035423154068,0.7115480518299563,-1,0
ntnb,1995+,year,pres_party_share_cd,lag1,totlean,bls,5,11,10.798086604594765,0.33205575752064626,-1,0
ntnb,1995+,year,pres_party_share_cd,dropfirst,raw,bls,3,8,68.02233737143999,0.8189230248533257,-1,0
ntnb,1995+,year,pres_party_share_cd,dropfirst,tot,bls,3,7,53.42957062583312,0.8693182879212228,-1,0
ntnb,1995+,year,pres_party_share_cd,dropfirst,totlean,bls,3,7,25.11911322954289,0.35906624935876597,-1,0
ntnb,1995+,year,coalition_share_cd_start,c,raw,bls,4,12,5.072651983885645,0.48221450408575983,-1,0
ntnb,1995+,year,coalition_share_cd_start,c,tot,bls,4,11,4.645284650493123,0.7589845886186201,-1,0
ntnb,1995+,year,coalition_share_cd_start,c,totlean,bls,4,11,2.5534283826787965,0.3937232553459092,-1,0
ntnb,1995+,year,coalition_share_cd_start,lag1,raw,bls,5,12,2.664205283387276,0.2853492120929779,-1,0
ntnb,1995+,year,coalition_share_cd_start,lag1,tot,bls,5,11,2.533539198312156,0.5509314829371731,-1,0
ntnb,1995+,year,coalition_share_cd_start,lag1,totlean,bls,5,11,1.4911085062298095,0.2778201495153266,-1,0
ntnb,1995+,year,coalition_share_cd_start,dropfirst,raw,bls,3,8,4.380721121456531,0.2897727626404075,-1,0
ntnb,1995+,year,coalition_share_cd_start,dropfirst,tot,bls,3,7,3.818783442321399,0.7181324987175319,-1,0
ntnb,1995+,year,coalition_share_cd_start,dropfirst,totlean,bls,3,7,1.97901289656574,0.4346591439606114,-1,0
ntnb,1995+,year,coalition_share_cd_mid,c,raw,bls,4,12,4.158312204301765,0.4602956629909526,-1,0
ntnb,1995+,year,coalition_share_cd_mid,c,tot,bls,4,11,3.3689026929376724,0.49333998260210304,-1,0
ntnb,1995+,year,coalition_share_cd_mid,c,totlean,bls,4,11,1.6890879992864638,0.34628671855724547,-1,0
ntnb,1995+,year,coalition_share_cd_mid,lag1,raw,bls,5,12,3.7523962701655633,0.5020701326699232,-1,0
ntnb,1995+,year,coalition_share_cd_mid,lag1,tot,bls,5,11,1.7227378228634331,0.24956725295444596,-1,0
ntnb,1995+,year,coalition_share_cd_mid,lag1,totlean,bls,5,11,0.31483365886000536,-0.023544080467400558,-1,0
ntnb,1995+,year,coalition_share_cd_mid,dropfirst,raw,bls,3,8,5.706454693355049,0.8189230248533257,-1,0
ntnb,1995+,year,coalition_share_cd_mid,dropfirst,tot,bls,3,7,4.217542393272847,0.8693182879212228,-1,0
ntnb,1995+,year,coalition_share_cd_mid,dropfirst,totlean,bls,3,7,1.8076080552846483,0.35906624935876597,-1,0
ntnb,1995+,year,pres_congress_distance,c,raw,bls,4,12,-1.0180997308815267,-0.3945391397065308,1,0
ntnb,1995+,year,pres_congress_distance,c,tot,bls,4,11,-1.6640030042500926,-0.7684718959763528,1,0
ntnb,1995+,year,pres_congress_distance,c,totlean,bls,4,11,-1.3133416516772503,-0.5360328657119005,1,0
ntnb,1995+,year,pres_congress_distance,lag1,raw,bls,5,12,0.06714937442540189,-0.032508138086541793,1,1
ntnb,1995+,year,pres_congress_distance,lag1,tot,bls,5,11,-0.3148814916495427,-0.3154906782631675,1,0
ntnb,1995+,year,pres_congress_distance,lag1,totlean,bls,5,11,-0.14073373510277581,-0.1930614598326846,1,0
ntnb,1995+,year,pres_congress_distance,dropfirst,raw,bls,3,8,-0.37423737465793877,-0.2897727626404075,1,0
ntnb,1995+,year,pres_congress_distance,dropfirst,tot,bls,3,7,-0.9917822755906287,-0.7181324987175319,1,0
ntnb,1995+,year,pres_congress_distance,dropfirst,totlean,bls,3,7,-0.6839910640190129,-0.4346591439606114,1,0
ntnb,1995+,year,pres_congress_distance_bolognesi,c,raw,bolognesi,4,12,0.6850781463867147,0.5041333451805671,1,1
ntnb,1995+,year,pres_congress_distance_bolognesi,c,tot,bolognesi,4,11,0.19582568883313345,0.028461922073198254,1,1
ntnb,1995+,year,pres_congress_distance_bolognesi,c,totlean,bolognesi,4,11,-0.16098356237243916,-0.34628671855724547,1,0
ntnb,1995+,year,pres_congress_distance_bolognesi,lag1,raw,bolognesi,5,12,0.9791296104077128,0.7982553907917485,1,1
ntnb,1995+,year,pres_congress_distance_bolognesi,lag1,tot,bolognesi,5,11,0.6679918653483738,0.5132609541893322,1,1
ntnb,1995+,year,pres_congress_distance_bolognesi,lag1,totlean,bolognesi,5,11,0.35394604881381275,0.2589848851414061,1,1
ntnb,1995+,year,pres_congress_distance_bolognesi,dropfirst,raw,bolognesi,3,8,0.8987299326620896,0.6929348671835832,1,1
ntnb,1995+,year,pres_congress_distance_bolognesi,dropfirst,tot,bolognesi,3,7,0.413546305232859,0.18898223650461365,1,1
ntnb,1995+,year,pres_congress_distance_bolognesi,dropfirst,totlean,bolognesi,3,7,0.08242060478804496,-0.09449111825230683,1,1
ntnb,1995+,year,enpp_cd,c,raw,bls,4,12,-0.3947309522056194,-0.7095748751868991,1,0
ntnb,1995+,year,enpp_cd,c,tot,bls,4,11,-0.2959359114119803,-0.7079098555864043,1,0
ntnb,1995+,year,enpp_cd,c,totlean,bls,4,11,-0.11550966618511635,-0.26967994498529685,1,0
ntnb,1995+,year,enpp_cd,lag1,raw,bls,5,12,-0.3578426362798365,-0.7050560552163004,1,0
ntnb,1995+,year,enpp_cd,lag1,tot,bls,5,11,-0.24114577938418552,-0.6213058941952165,1,0
ntnb,1995+,year,enpp_cd,lag1,totlean,bls,5,11,-0.10865978455251787,-0.29631511877002636,1,0
ntnb,1995+,year,enpp_cd,dropfirst,raw,bls,3,8,-0.41455315424135425,-0.8189230248533257,1,0
ntnb,1995+,year,enpp_cd,dropfirst,tot,bls,3,7,-0.30143893994671905,-0.8693182879212228,1,0
ntnb,1995+,year,enpp_cd,dropfirst,totlean,bls,3,7,-0.12582210330084156,-0.35906624935876597,1,0
ntnb,2003+,dyad,pres_party_share_cd,c,raw,bls,4,12,72.94717263231685,0.9486832980505139,-1,0
ntnb,2003+,dyad,pres_party_share_cd,c,tot,bls,4,11,55.784701518670566,0.316227766016838,-1,0
ntnb,2003+,dyad,pres_party_share_cd,c,totlean,bls,4,11,21.282618054424056,0.316227766016838,-1,0
ntnb,2003+,dyad,pres_party_share_cd,lag1,raw,bls,5,12,30.05950037001492,0.7181848464596079,-1,0
ntnb,2003+,dyad,pres_party_share_cd,lag1,tot,bls,5,11,18.540211870459682,0.6668859288553501,-1,0
ntnb,2003+,dyad,pres_party_share_cd,lag1,totlean,bls,5,11,2.9191145085803516,0.35909242322980395,-1,0
ntnb,2003+,dyad,pres_party_share_cd,dropfirst,raw,bls,3,8,64.22193679836741,1.0,-1,0
ntnb,2003+,dyad,pres_party_share_cd,dropfirst,tot,bls,3,7,53.865160904026204,1.0,-1,0
ntnb,2003+,dyad,pres_party_share_cd,dropfirst,totlean,bls,3,7,24.97666526532565,1.0,-1,0
ntnb,2003+,dyad,coalition_share_cd_start,c,raw,bls,4,12,5.064303356094196,0.39999999999999997,-1,0
ntnb,2003+,dyad,coalition_share_cd_start,c,tot,bls,4,11,4.443139330496033,0.39999999999999997,-1,0
ntnb,2003+,dyad,coalition_share_cd_start,c,totlean,bls,4,11,2.124263235117335,0.39999999999999997,-1,0
ntnb,2003+,dyad,coalition_share_cd_start,lag1,raw,bls,5,12,3.0375392820839684,0.19999999999999998,-1,0
ntnb,2003+,dyad,coalition_share_cd_start,lag1,tot,bls,5,11,3.082636813884668,0.49999999999999994,-1,0
ntnb,2003+,dyad,coalition_share_cd_start,lag1,totlean,bls,5,11,1.7201724960585087,0.3,-1,0
ntnb,2003+,dyad,coalition_share_cd_start,dropfirst,raw,bls,3,8,3.713070131079835,0.5,-1,0
ntnb,2003+,dyad,coalition_share_cd_start,dropfirst,tot,bls,3,7,3.7456546221211897,0.5,-1,0
ntnb,2003+,dyad,coalition_share_cd_start,dropfirst,totlean,bls,3,7,1.9684765457072435,0.5,-1,0
ntnb,2003+,dyad,coalition_share_cd_mid,c,raw,bls,4,12,2.0978958831769416,0.39999999999999997,-1,0
ntnb,2003+,dyad,coalition_share_cd_mid,c,tot,bls,4,11,2.0922526905209633,0.6000000000000001,-1,0
ntnb,2003+,dyad,coalition_share_cd_mid,c,totlean,bls,4,11,1.449072059269628,0.6000000000000001,-1,0
ntnb,2003+,dyad,coalition_share_cd_mid,lag1,raw,bls,5,12,2.6201666179400562,0.6,-1,0
ntnb,2003+,dyad,coalition_share_cd_mid,lag1,tot,bls,5,11,0.12720487174181574,0.0,-1,0
ntnb,2003+,dyad,coalition_share_cd_mid,lag1,totlean,bls,5,11,-1.2058723331382601,-0.09999999999999999,-1,1
ntnb,2003+,dyad,coalition_share_cd_mid,dropfirst,raw,bls,3,8,5.6799525223711145,1.0,-1,0
ntnb,2003+,dyad,coalition_share_cd_mid,dropfirst,tot,bls,3,7,4.185788373994046,1.0,-1,0
ntnb,2003+,dyad,coalition_share_cd_mid,dropfirst,totlean,bls,3,7,1.7287597738833267,1.0,-1,0
ntnb,2003+,dyad,pres_congress_distance,c,raw,bls,4,12,-0.9219899569878192,-0.19999999999999998,1,0
ntnb,2003+,dyad,pres_congress_distance,c,tot,bls,4,11,-1.555186360212063,-0.7999999999999999,1,0
ntnb,2003+,dyad,pres_congress_distance,c,totlean,bls,4,11,-1.2721851537154596,-0.7999999999999999,1,0
ntnb,2003+,dyad,pres_congress_distance,lag1,raw,bls,5,12,-0.10407398715659318,0.3,1,0
ntnb,2003+,dyad,pres_congress_distance,lag1,tot,bls,5,11,-0.12976203707787176,-0.09999999999999999,1,0
ntnb,2003+,dyad,pres_congress_distance,lag1,totlean,bls,5,11,0.1700152805486585,-0.19999999999999998,1,1
ntnb,2003+,dyad,pres_congress_distance,dropfirst,raw,bls,3,8,-0.13332427724282991,-0.5,1,0
ntnb,2003+,dyad,pres_congress_distance,dropfirst,tot,bls,3,7,-0.7875041165580315,-0.5,1,0
ntnb,2003+,dyad,pres_congress_distance,dropfirst,totlean,bls,3,7,-0.6130721426252216,-0.5,1,0
ntnb,2003+,dyad,pres_congress_distance_bolognesi,c,raw,bolognesi,4,12,0.6716929444596391,0.7999999999999999,1,1
ntnb,2003+,dyad,pres_congress_distance_bolognesi,c,tot,bolognesi,4,11,0.18818764375052724,-0.19999999999999998,1,1
ntnb,2003+,dyad,pres_congress_distance_bolognesi,c,totlean,bolognesi,4,11,-0.19373421399833474,-0.19999999999999998,1,0
ntnb,2003+,dyad,pres_congress_distance_bolognesi,lag1,raw,bolognesi,5,12,0.9535446241524115,0.8999999999999998,1,1
ntnb,2003+,dyad,pres_congress_distance_bolognesi,lag1,tot,bolognesi,5,11,0.7229310539335163,0.7999999999999999,1,1
ntnb,2003+,dyad,pres_congress_distance_bolognesi,lag1,totlean,bolognesi,5,11,0.40538201223168324,0.6,1,1
ntnb,2003+,dyad,pres_congress_distance_bolognesi,dropfirst,raw,bolognesi,3,8,0.8182556445410005,0.5,1,1
ntnb,2003+,dyad,pres_congress_distance_bolognesi,dropfirst,tot,bolognesi,3,7,0.3820934676053726,0.5,1,1
ntnb,2003+,dyad,pres_congress_distance_bolognesi,dropfirst,totlean,bolognesi,3,7,0.06555557137995881,0.5,1,1
ntnb,2003+,dyad,enpp_cd,c,raw,bls,4,12,-0.3924923114470546,-0.9486832980505139,1,0
ntnb,2003+,dyad,enpp_cd,c,tot,bls,4,11,-0.2794116011337566,-0.632455532033676,1,0
ntnb,2003+,dyad,enpp_cd,c,totlean,bls,4,11,-0.10215798566932191,-0.632455532033676,1,0
ntnb,2003+,dyad,enpp_cd,lag1,raw,bls,5,12,-0.3640640247739758,-0.8207826816681233,1,0
ntnb,2003+,dyad,enpp_cd,lag1,tot,bls,5,11,-0.20496913881146234,-0.5642880936468347,1,0
ntnb,2003+,dyad,enpp_cd,lag1,totlean,bls,5,11,-0.050517083053262524,-0.41039134083406165,1,0
ntnb,2003+,dyad,enpp_cd,dropfirst,raw,bls,3,8,-0.4150440718938889,-1.0,1,0
ntnb,2003+,dyad,enpp_cd,dropfirst,tot,bls,3,7,-0.2964632153657052,-1.0,1,0
ntnb,2003+,dyad,enpp_cd,dropfirst,totlean,bls,3,7,-0.1185161305186089,-1.0,1,0
ntnb,2003+,year,pres_party_share_cd,c,raw,bls,4,12,71.64279459827142,0.7710580195617381,-1,0
ntnb,2003+,year,pres_party_share_cd,c,tot,bls,4,11,58.460132865826736,0.7079098555864043,-1,0
ntnb,2003+,year,pres_party_share_cd,c,totlean,bls,4,11,27.222127650485653,0.16854996561581054,-1,0
ntnb,2003+,year,pres_party_share_cd,lag1,raw,bls,5,12,35.54210936591198,0.7415874570409793,-1,0
ntnb,2003+,year,pres_party_share_cd,lag1,tot,bls,5,11,25.74035423154068,0.7115480518299563,-1,0
ntnb,2003+,year,pres_party_share_cd,lag1,totlean,bls,5,11,10.798086604594765,0.33205575752064626,-1,0
ntnb,2003+,year,pres_party_share_cd,dropfirst,raw,bls,3,8,68.02233737143999,0.8189230248533257,-1,0
ntnb,2003+,year,pres_party_share_cd,dropfirst,tot,bls,3,7,53.42957062583312,0.8693182879212228,-1,0
ntnb,2003+,year,pres_party_share_cd,dropfirst,totlean,bls,3,7,25.11911322954289,0.35906624935876597,-1,0
ntnb,2003+,year,coalition_share_cd_start,c,raw,bls,4,12,5.072651983885645,0.48221450408575983,-1,0
ntnb,2003+,year,coalition_share_cd_start,c,tot,bls,4,11,4.645284650493123,0.7589845886186201,-1,0
ntnb,2003+,year,coalition_share_cd_start,c,totlean,bls,4,11,2.5534283826787965,0.3937232553459092,-1,0
ntnb,2003+,year,coalition_share_cd_start,lag1,raw,bls,5,12,2.664205283387276,0.2853492120929779,-1,0
ntnb,2003+,year,coalition_share_cd_start,lag1,tot,bls,5,11,2.533539198312156,0.5509314829371731,-1,0
ntnb,2003+,year,coalition_share_cd_start,lag1,totlean,bls,5,11,1.4911085062298095,0.2778201495153266,-1,0
ntnb,2003+,year,coalition_share_cd_start,dropfirst,raw,bls,3,8,4.380721121456531,0.2897727626404075,-1,0
ntnb,2003+,year,coalition_share_cd_start,dropfirst,tot,bls,3,7,3.818783442321399,0.7181324987175319,-1,0
ntnb,2003+,year,coalition_share_cd_start,dropfirst,totlean,bls,3,7,1.97901289656574,0.4346591439606114,-1,0
ntnb,2003+,year,coalition_share_cd_mid,c,raw,bls,4,12,4.158312204301765,0.4602956629909526,-1,0
ntnb,2003+,year,coalition_share_cd_mid,c,tot,bls,4,11,3.3689026929376724,0.49333998260210304,-1,0
ntnb,2003+,year,coalition_share_cd_mid,c,totlean,bls,4,11,1.6890879992864638,0.34628671855724547,-1,0
ntnb,2003+,year,coalition_share_cd_mid,lag1,raw,bls,5,12,3.7523962701655633,0.5020701326699232,-1,0
ntnb,2003+,year,coalition_share_cd_mid,lag1,tot,bls,5,11,1.7227378228634331,0.24956725295444596,-1,0
ntnb,2003+,year,coalition_share_cd_mid,lag1,totlean,bls,5,11,0.31483365886000536,-0.023544080467400558,-1,0
ntnb,2003+,year,coalition_share_cd_mid,dropfirst,raw,bls,3,8,5.706454693355049,0.8189230248533257,-1,0
ntnb,2003+,year,coalition_share_cd_mid,dropfirst,tot,bls,3,7,4.217542393272847,0.8693182879212228,-1,0
ntnb,2003+,year,coalition_share_cd_mid,dropfirst,totlean,bls,3,7,1.8076080552846483,0.35906624935876597,-1,0
ntnb,2003+,year,pres_congress_distance,c,raw,bls,4,12,-1.0180997308815267,-0.3945391397065308,1,0
ntnb,2003+,year,pres_congress_distance,c,tot,bls,4,11,-1.6640030042500926,-0.7684718959763528,1,0
ntnb,2003+,year,pres_congress_distance,c,totlean,bls,4,11,-1.3133416516772503,-0.5360328657119005,1,0
ntnb,2003+,year,pres_congress_distance,lag1,raw,bls,5,12,0.06714937442540189,-0.032508138086541793,1,1
ntnb,2003+,year,pres_congress_distance,lag1,tot,bls,5,11,-0.3148814916495427,-0.3154906782631675,1,0
ntnb,2003+,year,pres_congress_distance,lag1,totlean,bls,5,11,-0.14073373510277581,-0.1930614598326846,1,0
ntnb,2003+,year,pres_congress_distance,dropfirst,raw,bls,3,8,-0.37423737465793877,-0.2897727626404075,1,0
ntnb,2003+,year,pres_congress_distance,dropfirst,tot,bls,3,7,-0.9917822755906287,-0.7181324987175319,1,0
ntnb,2003+,year,pres_congress_distance,dropfirst,totlean,bls,3,7,-0.6839910640190129,-0.4346591439606114,1,0
ntnb,2003+,year,pres_congress_distance_bolognesi,c,raw,bolognesi,4,12,0.6850781463867147,0.5041333451805671,1,1
ntnb,2003+,year,pres_congress_distance_bolognesi,c,tot,bolognesi,4,11,0.19582568883313345,0.028461922073198254,1,1
ntnb,2003+,year,pres_congress_distance_bolognesi,c,totlean,bolognesi,4,11,-0.16098356237243916,-0.34628671855724547,1,0
ntnb,2003+,year,pres_congress_distance_bolognesi,lag1,raw,bolognesi,5,12,0.9791296104077128,0.7982553907917485,1,1
ntnb,2003+,year,pres_congress_distance_bolognesi,lag1,tot,bolognesi,5,11,0.6679918653483738,0.5132609541893322,1,1
ntnb,2003+,year,pres_congress_distance_bolognesi,lag1,totlean,bolognesi,5,11,0.35394604881381275,0.2589848851414061,1,1
ntnb,2003+,year,pres_congress_distance_bolognesi,dropfirst,raw,bolognesi,3,8,0.8987299326620896,0.6929348671835832,1,1
ntnb,2003+,year,pres_congress_distance_bolognesi,dropfirst,tot,bolognesi,3,7,0.413546305232859,0.18898223650461365,1,1
ntnb,2003+,year,pres_congress_distance_bolognesi,dropfirst,totlean,bolognesi,3,7,0.08242060478804496,-0.09449111825230683,1,1
ntnb,2003+,year,enpp_cd,c,raw,bls,4,12,-0.3947309522056194,-0.7095748751868991,1,0
ntnb,2003+,year,enpp_cd,c,tot,bls,4,11,-0.2959359114119803,-0.7079098555864043,1,0
ntnb,2003+,year,enpp_cd,c,totlean,bls,4,11,-0.11550966618511635,-0.26967994498529685,1,0
ntnb,2003+,year,enpp_cd,lag1,raw,bls,5,12,-0.3578426362798365,-0.7050560552163004,1,0
ntnb,2003+,year,enpp_cd,lag1,tot,bls,5,11,-0.24114577938418552,-0.6213058941952165,1,0
ntnb,2003+,year,enpp_cd,lag1,totlean,bls,5,11,-0.10865978455251787,-0.29631511877002636,1,0
ntnb,2003+,year,enpp_cd,dropfirst,raw,bls,3,8,-0.41455315424135425,-0.8189230248533257,1,0
ntnb,2003+,year,enpp_cd,dropfirst,tot,bls,3,7,-0.30143893994671905,-0.8693182879212228,1,0
ntnb,2003+,year,enpp_cd,dropfirst,totlean,bls,3,7,-0.12582210330084156,-0.35906624935876597,1,0
ntnb,1987+,dyad,centrao_share_cd_narrow,c,raw,-,4,12,33.477791991678195,0.9486832980505139,1,1
ntnb,1987+,year,centrao_share_cd_narrow,c,raw,-,4,12,37.71373008351895,0.7095748751868991,1,1
ntnb,1987+,dyad,centrao_share_cd_broad,c,raw,-,4,12,-50.890135806365,-0.316227766016838,1,0
ntnb,1987+,year,centrao_share_cd_broad,c,raw,-,4,12,-88.09717116418557,-0.2660905781950872,1,0
riskprem,1987+,dyad,pres_party_share_cd,c,raw,bls,9,29,28.21548156224827,0.15899720766358738,-1,0
riskprem,1987+,dyad,pres_party_share_cd,c,tot,bls,9,29,-46.720814681491056,0.06694619270045785,-1,1
riskprem,1987+,dyad,pres_party_share_cd,c,totlean,bls,9,29,-9.266628595540082,0.2845213189769458,-1,1
riskprem,1987+,dyad,pres_party_share_cd,lag1,raw,bls,9,29,-8.674668356761172,0.10041928905068677,-1,1
riskprem,1987+,dyad,pres_party_share_cd,lag1,tot,bls,9,29,-92.27590752410403,-0.4435185266405332,-1,1
riskprem,1987+,dyad,pres_party_share_cd,lag1,totlean,bls,9,29,-44.987495012417725,-0.01673654817511446,-1,1
riskprem,1987+,dyad,pres_party_share_cd,dropfirst,raw,bls,8,21,-5.6563845465609655,0.1666666666666667,-1,1
riskprem,1987+,dyad,pres_party_share_cd,dropfirst,tot,bls,8,21,-98.84505855276653,-0.3333333333333334,-1,1
riskprem,1987+,dyad,pres_party_share_cd,dropfirst,totlean,bls,8,21,-54.212324765237135,-0.09523809523809526,-1,1
riskprem,1987+,dyad,coalition_share_cd_start,c,raw,bls,9,29,16.077128355133222,0.03333333333333333,-1,0
riskprem,1987+,dyad,coalition_share_cd_start,c,tot,bls,9,29,10.387176288972784,0.15,-1,0
riskprem,1987+,dyad,coalition_share_cd_start,c,totlean,bls,9,29,13.44038381019112,0.08333333333333334,-1,0
riskprem,1987+,dyad,coalition_share_cd_start,lag1,raw,bls,9,29,16.893801444907325,0.15,-1,0
riskprem,1987+,dyad,coalition_share_cd_start,lag1,tot,bls,9,29,7.381078499318542,-0.03333333333333333,-1,0
riskprem,1987+,dyad,coalition_share_cd_start,lag1,totlean,bls,9,29,8.47944351716846,0.08333333333333334,-1,0
riskprem,1987+,dyad,coalition_share_cd_start,dropfirst,raw,bls,8,21,16.639265256824096,0.11904761904761905,-1,0
riskprem,1987+,dyad,coalition_share_cd_start,dropfirst,tot,bls,8,21,8.861638505022896,-0.04761904761904763,-1,0
riskprem,1987+,dyad,coalition_share_cd_start,dropfirst,totlean,bls,8,21,11.488809441567733,-0.09523809523809526,-1,0
riskprem,1987+,dyad,coalition_share_cd_mid,c,raw,bls,8,25,24.505758128415824,0.5000000000000001,-1,0
riskprem,1987+,dyad,coalition_share_cd_mid,c,tot,bls,8,25,24.700207572690967,0.6428571428571429,-1,0
riskprem,1987+,dyad,coalition_share_cd_mid,c,totlean,bls,8,25,26.358195534765805,0.7857142857142858,-1,0
riskprem,1987+,dyad,coalition_share_cd_mid,lag1,raw,bls,8,25,13.761665744991966,0.1666666666666667,-1,0
riskprem,1987+,dyad,coalition_share_cd_mid,lag1,tot,bls,8,25,13.742541239386126,0.04761904761904763,-1,0
riskprem,1987+,dyad,coalition_share_cd_mid,lag1,totlean,bls,8,25,19.218157226910396,0.4047619047619048,-1,0
riskprem,1987+,dyad,coalition_share_cd_mid,dropfirst,raw,bls,7,18,30.765061172293688,0.42857142857142866,-1,0
riskprem,1987+,dyad,coalition_share_cd_mid,dropfirst,tot,bls,7,18,28.188735898794913,0.5,-1,0
riskprem,1987+,dyad,coalition_share_cd_mid,dropfirst,totlean,bls,7,18,35.68530144141005,0.8571428571428573,-1,0
riskprem,1987+,dyad,pres_congress_distance,c,raw,bls,9,29,-7.090853966350484,-0.65,1,0
riskprem,1987+,dyad,pres_congress_distance,c,tot,bls,9,29,-5.117894357146008,-0.65,1,0
riskprem,1987+,dyad,pres_congress_distance,c,totlean,bls,9,29,-4.1006866957931445,-0.45,1,0
riskprem,1987+,dyad,pres_congress_distance,lag1,raw,bls,9,29,-6.1444444708638315,-0.5499999999999999,1,0
riskprem,1987+,dyad,pres_congress_distance,lag1,tot,bls,9,29,-3.554267507049494,-0.049999999999999996,1,0
riskprem,1987+,dyad,pres_congress_distance,lag1,totlean,bls,9,29,-3.048676089193509,-0.18333333333333335,1,0
riskprem,1987+,dyad,pres_congress_distance,dropfirst,raw,bls,8,21,-6.76966611849514,-0.6428571428571429,1,0
riskprem,1987+,dyad,pres_congress_distance,dropfirst,tot,bls,8,21,-4.207374767615631,-0.28571428571428575,1,0
riskprem,1987+,dyad,pres_congress_distance,dropfirst,totlean,bls,8,21,-3.3624661473842328,-0.14285714285714288,1,0
riskprem,1987+,dyad,pres_congress_distance_bolognesi,c,raw,bolognesi,9,29,-4.82464697295961,-0.43333333333333335,1,0
riskprem,1987+,dyad,pres_congress_distance_bolognesi,c,tot,bolognesi,9,29,-3.7496218707953113,-0.45,1,0
riskprem,1987+,dyad,pres_congress_distance_bolognesi,c,totlean,bolognesi,9,29,-1.8873571434275478,-0.08333333333333334,1,0
riskprem,1987+,dyad,pres_congress_distance_bolognesi,lag1,raw,bolognesi,9,29,-3.9015160524740407,-0.39999999999999997,1,0
riskprem,1987+,dyad,pres_congress_distance_bolognesi,lag1,tot,bolognesi,9,29,-2.5451844639983707,-0.08333333333333334,1,0
riskprem,1987+,dyad,pres_congress_distance_bolognesi,lag1,totlean,bolognesi,9,29,-1.3019982801927323,0.08333333333333334,1,0
riskprem,1987+,dyad,pres_congress_distance_bolognesi,dropfirst,raw,bolognesi,8,21,-4.590353820277203,-0.523809523809524,1,0
riskprem,1987+,dyad,pres_congress_distance_bolognesi,dropfirst,tot,bolognesi,8,21,-3.200419839953435,-0.19047619047619052,1,0
riskprem,1987+,dyad,pres_congress_distance_bolognesi,dropfirst,totlean,bolognesi,8,21,-1.3915439666234304,0.11904761904761905,1,0
riskprem,1987+,dyad,enpp_cd,c,raw,bls,9,29,-1.9117149757350114,-0.7782494901428224,1,0
riskprem,1987+,dyad,enpp_cd,c,tot,bls,9,29,-1.2776465821628051,-0.728039845617479,1,0
riskprem,1987+,dyad,enpp_cd,c,totlean,bls,9,29,-1.4827377619706978,-0.8619322310183947,1,0
riskprem,1987+,dyad,enpp_cd,lag1,raw,bls,9,29,-1.44625217355213,-0.6025157343041205,1,0
riskprem,1987+,dyad,enpp_cd,lag1,tot,bls,9,29,-0.7226992612233809,-0.12552411131335847,1,0
riskprem,1987+,dyad,enpp_cd,lag1,totlean,bls,9,29,-1.0817180239633912,-0.5606743638663344,1,0
riskprem,1987+,dyad,enpp_cd,dropfirst,raw,bls,8,21,-1.8433444271276966,-0.7857142857142858,1,0
riskprem,1987+,dyad,enpp_cd,dropfirst,tot,bls,8,21,-0.9530241510789527,-0.3333333333333334,1,0
riskprem,1987+,dyad,enpp_cd,dropfirst,totlean,bls,8,21,-1.3006998806239212,-0.5000000000000001,1,0
riskprem,1987+,year,pres_party_share_cd,c,raw,bls,9,29,62.19702199387025,0.339675864017508,-1,0
riskprem,1987+,year,pres_party_share_cd,c,tot,bls,9,29,-19.60760404241056,-0.040473074440682606,-1,1
riskprem,1987+,year,pres_party_share_cd,c,totlean,bls,9,29,18.902055571430587,0.12191582546242427,-1,0
riskprem,1987+,year,pres_party_share_cd,lag1,raw,bls,9,29,9.81064565688902,0.218919361823987,-1,0
riskprem,1987+,year,pres_party_share_cd,lag1,tot,bls,9,29,-78.2771264942238,-0.26880914836210645,-1,1
riskprem,1987+,year,pres_party_share_cd,lag1,totlean,bls,9,29,-33.77834726485768,-0.09655287046432079,-1,1
riskprem,1987+,year,pres_party_share_cd,dropfirst,raw,bls,8,21,21.041943733795964,0.28394653849483303,-1,0
riskprem,1987+,year,pres_party_share_cd,dropfirst,tot,bls,8,21,-74.59191929411861,-0.2054359748557087,-1,1
riskprem,1987+,year,pres_party_share_cd,dropfirst,totlean,bls,8,21,-31.557960593119525,-0.05430313985039433,-1,1
riskprem,1987+,year,coalition_share_cd_start,c,raw,bls,9,29,16.07535829226001,0.19005595294594146,-1,0
riskprem,1987+,year,coalition_share_cd_start,c,tot,bls,9,29,10.650674174243862,0.1287715921396131,-1,0
riskprem,1987+,year,coalition_share_cd_start,c,totlean,bls,9,29,13.633033378684887,0.12579421428667406,-1,0
riskprem,1987+,year,coalition_share_cd_start,lag1,raw,bls,9,29,15.789653782418943,0.18385308241898513,-1,0
riskprem,1987+,year,coalition_share_cd_start,lag1,tot,bls,9,29,6.808811944548452,0.0722014129337715,-1,0
riskprem,1987+,year,coalition_share_cd_start,lag1,totlean,bls,9,29,8.718661794035501,0.03572853423526837,-1,0
riskprem,1987+,year,coalition_share_cd_start,dropfirst,raw,bls,8,21,15.679218146999666,0.1897338621278838,-1,0
riskprem,1987+,year,coalition_share_cd_start,dropfirst,tot,bls,8,21,7.949449550997259,0.14917007091433623,-1,0
riskprem,1987+,year,coalition_share_cd_start,dropfirst,totlean,bls,8,21,10.98347863816924,0.09094140288198568,-1,0
riskprem,1987+,year,coalition_share_cd_mid,c,raw,bls,8,25,20.833895001219254,0.35179227161794113,-1,0
riskprem,1987+,year,coalition_share_cd_mid,c,tot,bls,8,25,18.62817243191777,0.37974927333592323,-1,0
riskprem,1987+,year,coalition_share_cd_mid,c,totlean,bls,8,25,25.551656591029996,0.6185486630103534,-1,0
riskprem,1987+,year,coalition_share_cd_mid,lag1,raw,bls,8,25,21.119389351285268,0.2830646423945685,-1,0
riskprem,1987+,year,coalition_share_cd_mid,lag1,tot,bls,8,25,16.526536123714724,0.17900246933319078,-1,0
riskprem,1987+,year,coalition_share_cd_mid,lag1,totlean,bls,8,25,22.045858083819383,0.48225827963519086,-1,0
riskprem,1987+,year,coalition_share_cd_mid,dropfirst,raw,bls,7,18,27.659293150135557,0.38980545376134335,-1,0
riskprem,1987+,year,coalition_share_cd_mid,dropfirst,tot,bls,7,18,23.354230669880156,0.34394598861295,-1,0
riskprem,1987+,year,coalition_share_cd_mid,dropfirst,totlean,bls,7,18,31.849312062829263,0.7066526675138792,-1,0
riskprem,1987+,year,pres_congress_distance,c,raw,bls,9,29,-6.230864226979761,-0.6014303262936842,1,0
riskprem,1987+,year,pres_congress_distance,c,tot,bls,9,29,-3.860680745343403,-0.37142788715414404,1,0
riskprem,1987+,year,pres_congress_distance,c,totlean,bls,9,29,-3.0771270832483446,-0.262257365879713,1,0
riskprem,1987+,year,pres_congress_distance,lag1,raw,bls,9,29,-6.2169183763820035,-0.555032854752051,1,0
riskprem,1987+,year,pres_congress_distance,lag1,tot,bls,9,29,-3.4298230010916337,-0.28210655156597314,1,0
riskprem,1987+,year,pres_congress_distance,lag1,totlean,bls,9,29,-2.8836150861063046,-0.193529560441037,1,0
riskprem,1987+,year,pres_congress_distance,dropfirst,raw,bls,8,21,-6.2061130240034394,-0.6006058118393012,1,0
riskprem,1987+,year,pres_congress_distance,dropfirst,tot,bls,8,21,-3.529233960981836,-0.3467549894061324,1,0
riskprem,1987+,year,pres_congress_distance,dropfirst,totlean,bls,8,21,-2.7777251308155484,-0.21917532349255542,1,0
riskprem,1987+,year,pres_congress_distance_bolognesi,c,raw,bolognesi,9,29,-4.042884998381822,-0.37713452803894393,1,0
riskprem,1987+,year,pres_congress_distance_bolognesi,c,tot,bolognesi,9,29,-2.7764678580570483,-0.21263440166406244,1,0
riskprem,1987+,year,pres_congress_distance_bolognesi,c,totlean,bolognesi,9,29,-0.8988001688073293,0.09999027289453578,1,0
riskprem,1987+,year,pres_congress_distance_bolognesi,lag1,raw,bolognesi,9,29,-4.1999345029028206,-0.4012016656835344,1,0
riskprem,1987+,year,pres_congress_distance_bolognesi,lag1,tot,bolognesi,9,29,-2.7548852175884324,-0.29798590011498133,1,0
riskprem,1987+,year,pres_congress_distance_bolognesi,lag1,totlean,bolognesi,9,29,-1.2753768862931345,-0.05408903099505906,1,0
riskprem,1987+,year,pres_congress_distance_bolognesi,dropfirst,raw,bolognesi,8,21,-4.192857231271489,-0.4095634403174319,1,0
riskprem,1987+,year,pres_congress_distance_bolognesi,dropfirst,tot,bolognesi,8,21,-2.822829974890807,-0.2159040500075919,1,0
riskprem,1987+,year,pres_congress_distance_bolognesi,dropfirst,totlean,bolognesi,8,21,-0.9725410799836279,0.10010096863988352,1,0
riskprem,1987+,year,enpp_cd,c,raw,bls,9,29,-1.6734357095963062,-0.7016988243519572,1,0
riskprem,1987+,year,enpp_cd,c,tot,bls,9,29,-0.883136854432229,-0.3091348323843549,1,0
riskprem,1987+,year,enpp_cd,c,totlean,bls,9,29,-1.2206474866600978,-0.44222420600524975,1,0
riskprem,1987+,year,enpp_cd,lag1,raw,bls,9,29,-1.582052362814734,-0.6999607168606395,1,0
riskprem,1987+,year,enpp_cd,lag1,tot,bls,9,29,-0.6713903413371818,-0.2624542311889664,1,0
riskprem,1987+,year,enpp_cd,lag1,totlean,bls,9,29,-0.9882430569192578,-0.3930605941079789,1,0
riskprem,1987+,year,enpp_cd,dropfirst,raw,bls,8,21,-1.7396842942612696,-0.777254580027331,1,0
riskprem,1987+,year,enpp_cd,dropfirst,tot,bls,8,21,-0.7759776480849144,-0.27478697273693514,1,0
riskprem,1987+,year,enpp_cd,dropfirst,totlean,bls,8,21,-1.1342888216210756,-0.37881346955877493,1,0
riskprem,1995+,dyad,pres_party_share_cd,c,raw,bls,9,29,28.21548156224827,0.15899720766358738,-1,0
riskprem,1995+,dyad,pres_party_share_cd,c,tot,bls,9,29,-46.720814681491056,0.06694619270045785,-1,1
riskprem,1995+,dyad,pres_party_share_cd,c,totlean,bls,9,29,-9.266628595540082,0.2845213189769458,-1,1
riskprem,1995+,dyad,pres_party_share_cd,lag1,raw,bls,9,29,-8.674668356761172,0.10041928905068677,-1,1
riskprem,1995+,dyad,pres_party_share_cd,lag1,tot,bls,9,29,-92.27590752410403,-0.4435185266405332,-1,1
riskprem,1995+,dyad,pres_party_share_cd,lag1,totlean,bls,9,29,-44.987495012417725,-0.01673654817511446,-1,1
riskprem,1995+,dyad,pres_party_share_cd,dropfirst,raw,bls,8,21,-5.6563845465609655,0.1666666666666667,-1,1
riskprem,1995+,dyad,pres_party_share_cd,dropfirst,tot,bls,8,21,-98.84505855276653,-0.3333333333333334,-1,1
riskprem,1995+,dyad,pres_party_share_cd,dropfirst,totlean,bls,8,21,-54.212324765237135,-0.09523809523809526,-1,1
riskprem,1995+,dyad,coalition_share_cd_start,c,raw,bls,9,29,16.077128355133222,0.03333333333333333,-1,0
riskprem,1995+,dyad,coalition_share_cd_start,c,tot,bls,9,29,10.387176288972784,0.15,-1,0
riskprem,1995+,dyad,coalition_share_cd_start,c,totlean,bls,9,29,13.44038381019112,0.08333333333333334,-1,0
riskprem,1995+,dyad,coalition_share_cd_start,lag1,raw,bls,9,29,16.893801444907325,0.15,-1,0
riskprem,1995+,dyad,coalition_share_cd_start,lag1,tot,bls,9,29,7.381078499318542,-0.03333333333333333,-1,0
riskprem,1995+,dyad,coalition_share_cd_start,lag1,totlean,bls,9,29,8.47944351716846,0.08333333333333334,-1,0
riskprem,1995+,dyad,coalition_share_cd_start,dropfirst,raw,bls,8,21,16.639265256824096,0.11904761904761905,-1,0
riskprem,1995+,dyad,coalition_share_cd_start,dropfirst,tot,bls,8,21,8.861638505022896,-0.04761904761904763,-1,0
riskprem,1995+,dyad,coalition_share_cd_start,dropfirst,totlean,bls,8,21,11.488809441567733,-0.09523809523809526,-1,0
riskprem,1995+,dyad,coalition_share_cd_mid,c,raw,bls,8,25,24.505758128415824,0.5000000000000001,-1,0
riskprem,1995+,dyad,coalition_share_cd_mid,c,tot,bls,8,25,24.700207572690967,0.6428571428571429,-1,0
riskprem,1995+,dyad,coalition_share_cd_mid,c,totlean,bls,8,25,26.358195534765805,0.7857142857142858,-1,0
riskprem,1995+,dyad,coalition_share_cd_mid,lag1,raw,bls,8,25,13.761665744991966,0.1666666666666667,-1,0
riskprem,1995+,dyad,coalition_share_cd_mid,lag1,tot,bls,8,25,13.742541239386126,0.04761904761904763,-1,0
riskprem,1995+,dyad,coalition_share_cd_mid,lag1,totlean,bls,8,25,19.218157226910396,0.4047619047619048,-1,0
riskprem,1995+,dyad,coalition_share_cd_mid,dropfirst,raw,bls,7,18,30.765061172293688,0.42857142857142866,-1,0
riskprem,1995+,dyad,coalition_share_cd_mid,dropfirst,tot,bls,7,18,28.188735898794913,0.5,-1,0
riskprem,1995+,dyad,coalition_share_cd_mid,dropfirst,totlean,bls,7,18,35.68530144141005,0.8571428571428573,-1,0
riskprem,1995+,dyad,pres_congress_distance,c,raw,bls,9,29,-7.090853966350484,-0.65,1,0
riskprem,1995+,dyad,pres_congress_distance,c,tot,bls,9,29,-5.117894357146008,-0.65,1,0
riskprem,1995+,dyad,pres_congress_distance,c,totlean,bls,9,29,-4.1006866957931445,-0.45,1,0
riskprem,1995+,dyad,pres_congress_distance,lag1,raw,bls,9,29,-6.1444444708638315,-0.5499999999999999,1,0
riskprem,1995+,dyad,pres_congress_distance,lag1,tot,bls,9,29,-3.554267507049494,-0.049999999999999996,1,0
riskprem,1995+,dyad,pres_congress_distance,lag1,totlean,bls,9,29,-3.048676089193509,-0.18333333333333335,1,0
riskprem,1995+,dyad,pres_congress_distance,dropfirst,raw,bls,8,21,-6.76966611849514,-0.6428571428571429,1,0
riskprem,1995+,dyad,pres_congress_distance,dropfirst,tot,bls,8,21,-4.207374767615631,-0.28571428571428575,1,0
riskprem,1995+,dyad,pres_congress_distance,dropfirst,totlean,bls,8,21,-3.3624661473842328,-0.14285714285714288,1,0
riskprem,1995+,dyad,pres_congress_distance_bolognesi,c,raw,bolognesi,9,29,-4.82464697295961,-0.43333333333333335,1,0
riskprem,1995+,dyad,pres_congress_distance_bolognesi,c,tot,bolognesi,9,29,-3.7496218707953113,-0.45,1,0
riskprem,1995+,dyad,pres_congress_distance_bolognesi,c,totlean,bolognesi,9,29,-1.8873571434275478,-0.08333333333333334,1,0
riskprem,1995+,dyad,pres_congress_distance_bolognesi,lag1,raw,bolognesi,9,29,-3.9015160524740407,-0.39999999999999997,1,0
riskprem,1995+,dyad,pres_congress_distance_bolognesi,lag1,tot,bolognesi,9,29,-2.5451844639983707,-0.08333333333333334,1,0
riskprem,1995+,dyad,pres_congress_distance_bolognesi,lag1,totlean,bolognesi,9,29,-1.3019982801927323,0.08333333333333334,1,0
riskprem,1995+,dyad,pres_congress_distance_bolognesi,dropfirst,raw,bolognesi,8,21,-4.590353820277203,-0.523809523809524,1,0
riskprem,1995+,dyad,pres_congress_distance_bolognesi,dropfirst,tot,bolognesi,8,21,-3.200419839953435,-0.19047619047619052,1,0
riskprem,1995+,dyad,pres_congress_distance_bolognesi,dropfirst,totlean,bolognesi,8,21,-1.3915439666234304,0.11904761904761905,1,0
riskprem,1995+,dyad,enpp_cd,c,raw,bls,9,29,-1.9117149757350114,-0.7782494901428224,1,0
riskprem,1995+,dyad,enpp_cd,c,tot,bls,9,29,-1.2776465821628051,-0.728039845617479,1,0
riskprem,1995+,dyad,enpp_cd,c,totlean,bls,9,29,-1.4827377619706978,-0.8619322310183947,1,0
riskprem,1995+,dyad,enpp_cd,lag1,raw,bls,9,29,-1.44625217355213,-0.6025157343041205,1,0
riskprem,1995+,dyad,enpp_cd,lag1,tot,bls,9,29,-0.7226992612233809,-0.12552411131335847,1,0
riskprem,1995+,dyad,enpp_cd,lag1,totlean,bls,9,29,-1.0817180239633912,-0.5606743638663344,1,0
riskprem,1995+,dyad,enpp_cd,dropfirst,raw,bls,8,21,-1.8433444271276966,-0.7857142857142858,1,0
riskprem,1995+,dyad,enpp_cd,dropfirst,tot,bls,8,21,-0.9530241510789527,-0.3333333333333334,1,0
riskprem,1995+,dyad,enpp_cd,dropfirst,totlean,bls,8,21,-1.3006998806239212,-0.5000000000000001,1,0
riskprem,1995+,year,pres_party_share_cd,c,raw,bls,9,29,62.19702199387025,0.339675864017508,-1,0
riskprem,1995+,year,pres_party_share_cd,c,tot,bls,9,29,-19.60760404241056,-0.040473074440682606,-1,1
riskprem,1995+,year,pres_party_share_cd,c,totlean,bls,9,29,18.902055571430587,0.12191582546242427,-1,0
riskprem,1995+,year,pres_party_share_cd,lag1,raw,bls,9,29,9.81064565688902,0.218919361823987,-1,0
riskprem,1995+,year,pres_party_share_cd,lag1,tot,bls,9,29,-78.2771264942238,-0.26880914836210645,-1,1
riskprem,1995+,year,pres_party_share_cd,lag1,totlean,bls,9,29,-33.77834726485768,-0.09655287046432079,-1,1
riskprem,1995+,year,pres_party_share_cd,dropfirst,raw,bls,8,21,21.041943733795964,0.28394653849483303,-1,0
riskprem,1995+,year,pres_party_share_cd,dropfirst,tot,bls,8,21,-74.59191929411861,-0.2054359748557087,-1,1
riskprem,1995+,year,pres_party_share_cd,dropfirst,totlean,bls,8,21,-31.557960593119525,-0.05430313985039433,-1,1
riskprem,1995+,year,coalition_share_cd_start,c,raw,bls,9,29,16.07535829226001,0.19005595294594146,-1,0
riskprem,1995+,year,coalition_share_cd_start,c,tot,bls,9,29,10.650674174243862,0.1287715921396131,-1,0
riskprem,1995+,year,coalition_share_cd_start,c,totlean,bls,9,29,13.633033378684887,0.12579421428667406,-1,0
riskprem,1995+,year,coalition_share_cd_start,lag1,raw,bls,9,29,15.789653782418943,0.18385308241898513,-1,0
riskprem,1995+,year,coalition_share_cd_start,lag1,tot,bls,9,29,6.808811944548452,0.0722014129337715,-1,0
riskprem,1995+,year,coalition_share_cd_start,lag1,totlean,bls,9,29,8.718661794035501,0.03572853423526837,-1,0
riskprem,1995+,year,coalition_share_cd_start,dropfirst,raw,bls,8,21,15.679218146999666,0.1897338621278838,-1,0
riskprem,1995+,year,coalition_share_cd_start,dropfirst,tot,bls,8,21,7.949449550997259,0.14917007091433623,-1,0
riskprem,1995+,year,coalition_share_cd_start,dropfirst,totlean,bls,8,21,10.98347863816924,0.09094140288198568,-1,0
riskprem,1995+,year,coalition_share_cd_mid,c,raw,bls,8,25,20.833895001219254,0.35179227161794113,-1,0
riskprem,1995+,year,coalition_share_cd_mid,c,tot,bls,8,25,18.62817243191777,0.37974927333592323,-1,0
riskprem,1995+,year,coalition_share_cd_mid,c,totlean,bls,8,25,25.551656591029996,0.6185486630103534,-1,0
riskprem,1995+,year,coalition_share_cd_mid,lag1,raw,bls,8,25,21.119389351285268,0.2830646423945685,-1,0
riskprem,1995+,year,coalition_share_cd_mid,lag1,tot,bls,8,25,16.526536123714724,0.17900246933319078,-1,0
riskprem,1995+,year,coalition_share_cd_mid,lag1,totlean,bls,8,25,22.045858083819383,0.48225827963519086,-1,0
riskprem,1995+,year,coalition_share_cd_mid,dropfirst,raw,bls,7,18,27.659293150135557,0.38980545376134335,-1,0
riskprem,1995+,year,coalition_share_cd_mid,dropfirst,tot,bls,7,18,23.354230669880156,0.34394598861295,-1,0
riskprem,1995+,year,coalition_share_cd_mid,dropfirst,totlean,bls,7,18,31.849312062829263,0.7066526675138792,-1,0
riskprem,1995+,year,pres_congress_distance,c,raw,bls,9,29,-6.230864226979761,-0.6014303262936842,1,0
riskprem,1995+,year,pres_congress_distance,c,tot,bls,9,29,-3.860680745343403,-0.37142788715414404,1,0
riskprem,1995+,year,pres_congress_distance,c,totlean,bls,9,29,-3.0771270832483446,-0.262257365879713,1,0
riskprem,1995+,year,pres_congress_distance,lag1,raw,bls,9,29,-6.2169183763820035,-0.555032854752051,1,0
riskprem,1995+,year,pres_congress_distance,lag1,tot,bls,9,29,-3.4298230010916337,-0.28210655156597314,1,0
riskprem,1995+,year,pres_congress_distance,lag1,totlean,bls,9,29,-2.8836150861063046,-0.193529560441037,1,0
riskprem,1995+,year,pres_congress_distance,dropfirst,raw,bls,8,21,-6.2061130240034394,-0.6006058118393012,1,0
riskprem,1995+,year,pres_congress_distance,dropfirst,tot,bls,8,21,-3.529233960981836,-0.3467549894061324,1,0
riskprem,1995+,year,pres_congress_distance,dropfirst,totlean,bls,8,21,-2.7777251308155484,-0.21917532349255542,1,0
riskprem,1995+,year,pres_congress_distance_bolognesi,c,raw,bolognesi,9,29,-4.042884998381822,-0.37713452803894393,1,0
riskprem,1995+,year,pres_congress_distance_bolognesi,c,tot,bolognesi,9,29,-2.7764678580570483,-0.21263440166406244,1,0
riskprem,1995+,year,pres_congress_distance_bolognesi,c,totlean,bolognesi,9,29,-0.8988001688073293,0.09999027289453578,1,0
riskprem,1995+,year,pres_congress_distance_bolognesi,lag1,raw,bolognesi,9,29,-4.1999345029028206,-0.4012016656835344,1,0
riskprem,1995+,year,pres_congress_distance_bolognesi,lag1,tot,bolognesi,9,29,-2.7548852175884324,-0.29798590011498133,1,0
riskprem,1995+,year,pres_congress_distance_bolognesi,lag1,totlean,bolognesi,9,29,-1.2753768862931345,-0.05408903099505906,1,0
riskprem,1995+,year,pres_congress_distance_bolognesi,dropfirst,raw,bolognesi,8,21,-4.192857231271489,-0.4095634403174319,1,0
riskprem,1995+,year,pres_congress_distance_bolognesi,dropfirst,tot,bolognesi,8,21,-2.822829974890807,-0.2159040500075919,1,0
riskprem,1995+,year,pres_congress_distance_bolognesi,dropfirst,totlean,bolognesi,8,21,-0.9725410799836279,0.10010096863988352,1,0
riskprem,1995+,year,enpp_cd,c,raw,bls,9,29,-1.6734357095963062,-0.7016988243519572,1,0
riskprem,1995+,year,enpp_cd,c,tot,bls,9,29,-0.883136854432229,-0.3091348323843549,1,0
riskprem,1995+,year,enpp_cd,c,totlean,bls,9,29,-1.2206474866600978,-0.44222420600524975,1,0
riskprem,1995+,year,enpp_cd,lag1,raw,bls,9,29,-1.582052362814734,-0.6999607168606395,1,0
riskprem,1995+,year,enpp_cd,lag1,tot,bls,9,29,-0.6713903413371818,-0.2624542311889664,1,0
riskprem,1995+,year,enpp_cd,lag1,totlean,bls,9,29,-0.9882430569192578,-0.3930605941079789,1,0
riskprem,1995+,year,enpp_cd,dropfirst,raw,bls,8,21,-1.7396842942612696,-0.777254580027331,1,0
riskprem,1995+,year,enpp_cd,dropfirst,tot,bls,8,21,-0.7759776480849144,-0.27478697273693514,1,0
riskprem,1995+,year,enpp_cd,dropfirst,totlean,bls,8,21,-1.1342888216210756,-0.37881346955877493,1,0
riskprem,2003+,dyad,pres_party_share_cd,c,raw,bls,7,23,55.89315039671022,0.23424374030084535,-1,0
riskprem,2003+,dyad,pres_party_share_cd,c,tot,bls,7,23,5.284550451855236,0.198206241793023,-1,0
riskprem,2003+,dyad,pres_party_share_cd,c,totlean,bls,7,23,0.21927625782170895,0.14414999403128945,-1,0
riskprem,2003+,dyad,pres_party_share_cd,lag1,raw,bls,8,23,99.87503819280516,0.407192929050508,-1,0
riskprem,2003+,dyad,pres_party_share_cd,lag1,tot,bls,8,23,13.331884993972265,0.15569141404872364,-1,0
riskprem,2003+,dyad,pres_party_share_cd,lag1,totlean,bls,8,23,9.245381319512706,0.15569141404872364,-1,0
riskprem,2003+,dyad,pres_party_share_cd,dropfirst,raw,bls,6,16,46.86099262924047,0.2571428571428572,-1,0
riskprem,2003+,dyad,pres_party_share_cd,dropfirst,tot,bls,6,16,-14.356637510950119,-0.2571428571428572,-1,1
riskprem,2003+,dyad,pres_party_share_cd,dropfirst,totlean,bls,6,16,-19.68759576990757,-0.2571428571428572,-1,1
riskprem,2003+,dyad,coalition_share_cd_start,c,raw,bls,7,23,3.2608639791260297,-0.28571428571428575,-1,0
riskprem,2003+,dyad,coalition_share_cd_start,c,tot,bls,7,23,5.373954083764499,-0.03571428571428572,-1,0
riskprem,2003+,dyad,coalition_share_cd_start,c,totlean,bls,7,23,4.77678099794814,0.0,-1,0
riskprem,2003+,dyad,coalition_share_cd_start,lag1,raw,bls,8,23,18.57224313454101,0.261904761904762,-1,0
riskprem,2003+,dyad,coalition_share_cd_start,lag1,tot,bls,8,23,10.40220087037665,0.3333333333333334,-1,0
riskprem,2003+,dyad,coalition_share_cd_start,lag1,totlean,bls,8,23,10.128521312324766,0.3333333333333334,-1,0
riskprem,2003+,dyad,coalition_share_cd_start,dropfirst,raw,bls,6,16,5.519111622012171,-0.2571428571428572,-1,0
riskprem,2003+,dyad,coalition_share_cd_start,dropfirst,tot,bls,6,16,7.198157794956358,-0.08571428571428573,-1,0
riskprem,2003+,dyad,coalition_share_cd_start,dropfirst,totlean,bls,6,16,6.629855022575222,-0.08571428571428573,-1,0
riskprem,2003+,dyad,coalition_share_cd_mid,c,raw,bls,6,19,9.699056236099418,0.48571428571428577,-1,0
riskprem,2003+,dyad,coalition_share_cd_mid,c,tot,bls,6,19,7.606569519022705,0.6571428571428573,-1,0
riskprem,2003+,dyad,coalition_share_cd_mid,c,totlean,bls,6,19,7.187546037055811,0.5428571428571429,-1,0
riskprem,2003+,dyad,coalition_share_cd_mid,lag1,raw,bls,7,19,-5.3943382499224874,-0.25,-1,1
riskprem,2003+,dyad,coalition_share_cd_mid,lag1,tot,bls,7,19,-3.5515606335207504,-0.3214285714285715,-1,1
riskprem,2003+,dyad,coalition_share_cd_mid,lag1,totlean,bls,7,19,-4.260124736483911,-0.3214285714285715,-1,1
riskprem,2003+,dyad,coalition_share_cd_mid,dropfirst,raw,bls,5,13,13.307751427213292,0.49999999999999994,-1,0
riskprem,2003+,dyad,coalition_share_cd_mid,dropfirst,tot,bls,5,13,7.674519187708292,0.3,-1,0
riskprem,2003+,dyad,coalition_share_cd_mid,dropfirst,totlean,bls,5,13,6.760248759413546,0.3,-1,0
riskprem,2003+,dyad,pres_congress_distance,c,raw,bls,7,23,-5.153925091288746,-0.28571428571428575,1,0
riskprem,2003+,dyad,pres_congress_distance,c,tot,bls,7,23,-1.6581330242751957,-0.3214285714285715,1,0
riskprem,2003+,dyad,pres_congress_distance,c,totlean,bls,7,23,-1.5340342837972853,-0.5,1,0
riskprem,2003+,dyad,pres_congress_distance,lag1,raw,bls,8,23,-4.780882009238375,-0.38095238095238104,1,0
riskprem,2003+,dyad,pres_congress_distance,lag1,tot,bls,8,23,-1.6162480448476126,-0.2380952380952381,1,0
riskprem,2003+,dyad,pres_congress_distance,lag1,totlean,bls,8,23,-1.55973136140937,-0.2380952380952381,1,0
riskprem,2003+,dyad,pres_congress_distance,dropfirst,raw,bls,6,16,-4.771333713001621,-0.2,1,0
riskprem,2003+,dyad,pres_congress_distance,dropfirst,tot,bls,6,16,-0.8582198798888446,-0.028571428571428574,1,0
riskprem,2003+,dyad,pres_congress_distance,dropfirst,totlean,bls,6,16,-0.7200236438327853,-0.028571428571428574,1,0
riskprem,2003+,dyad,pres_congress_distance_bolognesi,c,raw,bolognesi,7,23,-0.5720964445813022,0.21428571428571433,1,0
riskprem,2003+,dyad,pres_congress_distance_bolognesi,c,tot,bolognesi,7,23,-0.29084301044724653,0.3571428571428572,1,0
riskprem,2003+,dyad,pres_congress_distance_bolognesi,c,totlean,bolognesi,7,23,-0.4669891450724437,0.14285714285714288,1,0
riskprem,2003+,dyad,pres_congress_distance_bolognesi,lag1,raw,bolognesi,8,23,-2.173455389029359,-0.14285714285714288,1,0
riskprem,2003+,dyad,pres_congress_distance_bolognesi,lag1,tot,bolognesi,8,23,-0.7366472201020654,-0.07142857142857144,1,0
riskprem,2003+,dyad,pres_congress_distance_bolognesi,lag1,totlean,bolognesi,8,23,-0.7891015628882818,-0.07142857142857144,1,0
riskprem,2003+,dyad,pres_congress_distance_bolognesi,dropfirst,raw,bolognesi,6,16,-0.31126088396898727,0.14285714285714288,1,0
riskprem,2003+,dyad,pres_congress_distance_bolognesi,dropfirst,tot,bolognesi,6,16,-0.1886523208953391,0.3142857142857143,1,0
riskprem,2003+,dyad,pres_congress_distance_bolognesi,dropfirst,totlean,bolognesi,6,16,-0.36589418426831355,0.3142857142857143,1,0
riskprem,2003+,dyad,enpp_cd,c,raw,bls,7,23,-0.7086931745815238,-0.5585812268712466,1,0
riskprem,2003+,dyad,enpp_cd,c,tot,bls,7,23,-0.31305892424002074,-0.5405624776173354,1,0
riskprem,2003+,dyad,enpp_cd,c,totlean,bls,7,23,-0.25980968856602327,-0.4504687313477795,1,0
riskprem,2003+,dyad,enpp_cd,lag1,raw,bls,8,23,-0.9705882677580289,-0.45509797952703834,1,0
riskprem,2003+,dyad,enpp_cd,lag1,tot,bls,8,23,-0.29932541132689866,-0.3113828280974473,1,0
riskprem,2003+,dyad,enpp_cd,lag1,totlean,bls,8,23,-0.2509651537852945,-0.3113828280974473,1,0
riskprem,2003+,dyad,enpp_cd,dropfirst,raw,bls,6,16,-0.7381238898581508,-0.5428571428571429,1,0
riskprem,2003+,dyad,enpp_cd,dropfirst,tot,bls,6,16,-0.2452315317776511,-0.2,1,0
riskprem,2003+,dyad,enpp_cd,dropfirst,totlean,bls,6,16,-0.18501838300882253,-0.2,1,0
riskprem,2003+,year,pres_party_share_cd,c,raw,bls,7,23,59.50555509204922,0.3255179857238529,-1,0
riskprem,2003+,year,pres_party_share_cd,c,tot,bls,7,23,7.7159429772642545,-0.005007969011136198,-1,0
riskprem,2003+,year,pres_party_share_cd,c,totlean,bls,7,23,2.4649658558614034,-0.008513547318931537,-1,0
riskprem,2003+,year,pres_party_share_cd,lag1,raw,bls,8,23,64.07977221859481,0.3505252387258151,-1,0
riskprem,2003+,year,pres_party_share_cd,lag1,tot,bls,8,23,-2.561066575522951,-0.1185085329215666,-1,1
riskprem,2003+,year,pres_party_share_cd,lag1,totlean,bls,8,23,-6.8212329060841155,-0.1185085329215666,-1,1
riskprem,2003+,year,pres_party_share_cd,dropfirst,raw,bls,6,16,55.13521810547642,0.31597477251937206,-1,0
riskprem,2003+,year,pres_party_share_cd,dropfirst,tot,bls,6,16,-5.784574758859449,-0.1743823037017289,-1,1
riskprem,2003+,year,pres_party_share_cd,dropfirst,totlean,bls,6,16,-11.06902207147521,-0.1743823037017289,-1,1
riskprem,2003+,year,coalition_share_cd_start,c,raw,bls,7,23,3.45428044254158,-0.10300741680102411,-1,0
riskprem,2003+,year,coalition_share_cd_start,c,tot,bls,7,23,5.7879229481273695,0.055503996431619795,-1,0
riskprem,2003+,year,coalition_share_cd_start,c,totlean,bls,7,23,5.15920492632037,0.0585042124549506,-1,0
riskprem,2003+,year,coalition_share_cd_start,lag1,raw,bls,8,23,8.93860019072528,0.04097186199289853,-1,0
riskprem,2003+,year,coalition_share_cd_start,lag1,tot,bls,8,23,6.7082746584532105,0.18037612413946794,-1,0
riskprem,2003+,year,coalition_share_cd_start,lag1,totlean,bls,8,23,6.357982863909037,0.18487303582161535,-1,0
riskprem,2003+,year,coalition_share_cd_start,dropfirst,raw,bls,6,16,4.675412099643803,-0.14308291585782887,-1,0
riskprem,2003+,year,coalition_share_cd_start,dropfirst,tot,bls,6,16,6.339945950105443,0.07899369312984302,-1,0
riskprem,2003+,year,coalition_share_cd_start,dropfirst,totlean,bls,6,16,5.711588751337053,0.07899369312984302,-1,0
riskprem,2003+,year,coalition_share_cd_mid,c,raw,bls,6,19,12.733110404545295,0.4336037667890972,-1,0
riskprem,2003+,year,coalition_share_cd_mid,c,tot,bls,6,19,7.882112908759344,0.2052034287273505,-1,0
riskprem,2003+,year,coalition_share_cd_mid,c,totlean,bls,6,19,7.180692994050544,0.19271278523959876,-1,0
riskprem,2003+,year,coalition_share_cd_mid,lag1,raw,bls,7,19,3.914206040750428,0.11939090210297222,-1,0
riskprem,2003+,year,coalition_share_cd_mid,lag1,tot,bls,7,19,-1.1424682063813847,-0.22363519722273154,-1,1
riskprem,2003+,year,coalition_share_cd_mid,lag1,totlean,bls,7,19,-1.8198135533489677,-0.2476915730195991,-1,1
riskprem,2003+,year,coalition_share_cd_mid,dropfirst,raw,bls,5,13,14.702108802946755,0.49029033784546006,-1,0
riskprem,2003+,year,coalition_share_cd_mid,dropfirst,tot,bls,5,13,7.022484550514684,0.08404977220207888,-1,0
riskprem,2003+,year,coalition_share_cd_mid,dropfirst,totlean,bls,5,13,6.137293938931228,0.08404977220207888,-1,0
riskprem,2003+,year,pres_congress_distance,c,raw,bls,7,23,-4.878794302984975,-0.30502196237196466,1,0
riskprem,2003+,year,pres_congress_distance,c,tot,bls,7,23,-1.6164140428759948,-0.21651558968370607,1,0
riskprem,2003+,year,pres_congress_distance,c,totlean,bls,7,23,-1.4310067754777596,-0.232516741808137,1,0
riskprem,2003+,year,pres_congress_distance,lag1,raw,bls,8,23,-4.722655494513595,-0.21485244703593132,1,0
riskprem,2003+,year,pres_congress_distance,lag1,tot,bls,8,23,-1.5672833693000363,-0.15239534033943963,1,0
riskprem,2003+,year,pres_congress_distance,lag1,totlean,bls,8,23,-1.4921522892604762,-0.15389431090015543,1,0
riskprem,2003+,year,pres_congress_distance,dropfirst,raw,bls,6,16,-4.622042955236259,-0.1907772211437718,1,0
riskprem,2003+,year,pres_congress_distance,dropfirst,tot,bls,6,16,-1.094914837491529,-0.1743823037017289,1,0
riskprem,2003+,year,pres_congress_distance,dropfirst,totlean,bls,6,16,-0.8897949925423987,-0.1743823037017289,1,0
riskprem,2003+,year,pres_congress_distance_bolognesi,c,raw,bolognesi,7,23,-0.09052157741802153,0.15901144923653238,1,0
riskprem,2003+,year,pres_congress_distance_bolognesi,c,tot,bolognesi,7,23,-0.0667863392508778,0.08750630068048167,1,0
riskprem,2003+,year,pres_congress_distance_bolognesi,c,totlean,bolognesi,7,23,-0.2511738900068916,0.06750486052494299,1,0
riskprem,2003+,year,pres_congress_distance_bolognesi,lag1,raw,bolognesi,8,23,-0.9627638513095189,0.1439011738287168,1,0
riskprem,2003+,year,pres_congress_distance_bolognesi,lag1,tot,bolognesi,8,23,-0.5481573649424433,-0.0494660285036214,1,0
riskprem,2003+,year,pres_congress_distance_bolognesi,lag1,totlean,bolognesi,8,23,-0.6647152955366464,-0.05496225389291266,1,0
riskprem,2003+,year,pres_congress_distance_bolognesi,dropfirst,raw,bolognesi,6,16,0.24579848535006824,0.29212761987640057,1,1
riskprem,2003+,year,pres_congress_distance_bolognesi,dropfirst,tot,bolognesi,6,16,-0.06060433476838106,0.13264978657652884,1,0
riskprem,2003+,year,pres_congress_distance_bolognesi,dropfirst,totlean,bolognesi,6,16,-0.24750746257882944,0.13264978657652884,1,0
riskprem,2003+,year,enpp_cd,c,raw,bls,7,23,-0.7797562197942982,-0.5093104484325514,1,0
riskprem,2003+,year,enpp_cd,c,tot,bls,7,23,-0.294220093257495,-0.08463467628820175,1,0
riskprem,2003+,year,enpp_cd,c,totlean,bls,7,23,-0.23790960243355952,-0.07712272277149744,1,0
riskprem,2003+,year,enpp_cd,lag1,raw,bls,8,23,-0.7923533150557396,-0.5109247550305364,1,0
riskprem,2003+,year,enpp_cd,lag1,tot,bls,8,23,-0.1885666392921737,-0.07306073872131079,1,0
riskprem,2003+,year,enpp_cd,lag1,totlean,bls,8,23,-0.14256233950118513,-0.06605491446036317,1,0
riskprem,2003+,year,enpp_cd,dropfirst,raw,bls,6,16,-0.8469973926817025,-0.6021406042350298,1,0
riskprem,2003+,year,enpp_cd,dropfirst,tot,bls,6,16,-0.26886585313859346,-0.06408922272798584,1,0
riskprem,2003+,year,enpp_cd,dropfirst,totlean,bls,6,16,-0.21146718133384704,-0.06408922272798584,1,0
riskprem,1987+,dyad,centrao_share_cd_narrow,c,raw,-,9,29,-39.498230158793774,-0.2928895930645031,1,0
riskprem,1987+,year,centrao_share_cd_narrow,c,raw,-,9,29,-34.836842071696836,-0.2761107900493194,1,0
riskprem,1987+,dyad,centrao_share_cd_broad,c,raw,-,9,29,154.4453960967802,0.54393781569122,1,1
riskprem,1987+,year,centrao_share_cd_broad,c,raw,-,9,29,139.62650664982047,0.4792210654632971,1,1
gfcf,1987+,dyad,pres_party_share_cd,c,raw,bls,11,36,17.06368156965978,0.3963563813930386,1,1
gfcf,1987+,dyad,pres_party_share_cd,c,tot,bls,11,36,12.065640134922674,0.4236913042477308,1,1
gfcf,1987+,dyad,pres_party_share_cd,c,totlean,bls,11,36,11.812599415629274,0.33257489473208984,1,1
gfcf,1987+,dyad,pres_party_share_cd,lag1,raw,bls,11,35,15.43222168767162,0.3690214585383462,1,1
gfcf,1987+,dyad,pres_party_share_cd,lag1,tot,bls,11,35,10.141614968189154,0.31890743330474364,1,1
gfcf,1987+,dyad,pres_party_share_cd,lag1,totlean,bls,11,35,9.695448367537189,0.31890743330474364,1,1
gfcf,1987+,dyad,pres_party_share_cd,dropfirst,raw,bls,10,25,18.793840190829734,0.32121212121212117,1,1
gfcf,1987+,dyad,pres_party_share_cd,dropfirst,tot,bls,10,25,14.115096915294869,0.3939393939393939,1,1
gfcf,1987+,dyad,pres_party_share_cd,dropfirst,totlean,bls,10,25,13.7479331992485,0.35757575757575755,1,1
gfcf,1987+,dyad,coalition_share_cd_start,c,raw,bls,12,38,7.593452279207044,0.6433566433566434,1,1
gfcf,1987+,dyad,coalition_share_cd_start,c,tot,bls,12,38,6.580210415631806,0.6083916083916086,1,1
gfcf,1987+,dyad,coalition_share_cd_start,c,totlean,bls,12,38,6.283594936662679,0.5874125874125874,1,1
gfcf,1987+,dyad,coalition_share_cd_start,lag1,raw,bls,12,37,5.747129682761116,0.5104895104895105,1,1
gfcf,1987+,dyad,coalition_share_cd_start,lag1,tot,bls,12,37,4.279758824701695,0.5034965034965035,1,1
gfcf,1987+,dyad,coalition_share_cd_start,lag1,totlean,bls,12,37,4.1297249794384046,0.49650349650349657,1,1
gfcf,1987+,dyad,coalition_share_cd_start,dropfirst,raw,bls,11,26,7.993166917149884,0.5818181818181819,1,1
gfcf,1987+,dyad,coalition_share_cd_start,dropfirst,tot,bls,11,26,6.790679015147526,0.5636363636363637,1,1
gfcf,1987+,dyad,coalition_share_cd_start,dropfirst,totlean,bls,11,26,6.5046320273584275,0.6090909090909091,1,1
gfcf,1987+,dyad,coalition_share_cd_mid,c,raw,bls,11,34,3.963814702836346,0.20000000000000004,1,1
gfcf,1987+,dyad,coalition_share_cd_mid,c,tot,bls,11,34,3.3249760237817845,0.3181818181818182,1,1
gfcf,1987+,dyad,coalition_share_cd_mid,c,totlean,bls,11,34,3.0349740715565323,0.18181818181818182,1,1
gfcf,1987+,dyad,coalition_share_cd_mid,lag1,raw,bls,11,33,5.183487909568306,0.30000000000000004,1,1
gfcf,1987+,dyad,coalition_share_cd_mid,lag1,tot,bls,11,33,4.747775978705738,0.36363636363636365,1,1
gfcf,1987+,dyad,coalition_share_cd_mid,lag1,totlean,bls,11,33,3.9930164641705206,0.36363636363636365,1,1
gfcf,1987+,dyad,coalition_share_cd_mid,dropfirst,raw,bls,10,23,4.22599496227278,0.11515151515151514,1,1
gfcf,1987+,dyad,coalition_share_cd_mid,dropfirst,tot,bls,10,23,4.0693084459239275,0.28484848484848485,1,1
gfcf,1987+,dyad,coalition_share_cd_mid,dropfirst,totlean,bls,10,23,3.00549555930928,0.13939393939393938,1,1
gfcf,1987+,dyad,pres_congress_distance,c,raw,bls,12,38,-0.7061305008787043,-0.5104895104895105,-1,1
gfcf,1987+,dyad,pres_congress_distance,c,tot,bls,12,38,-0.36632535343256706,-0.16783216783216784,-1,1
gfcf,1987+,dyad,pres_congress_distance,c,totlean,bls,12,38,-0.4957329790480618,-0.32867132867132864,-1,1
gfcf,1987+,dyad,pres_congress_distance,lag1,raw,bls,12,37,-0.7293115524704641,-0.4825174825174825,-1,1
gfcf,1987+,dyad,pres_congress_distance,lag1,tot,bls,12,37,-0.43104295214637905,-0.2517482517482518,-1,1
gfcf,1987+,dyad,pres_congress_distance,lag1,totlean,bls,12,37,-0.5127480010051431,-0.2937062937062937,-1,1
gfcf,1987+,dyad,pres_congress_distance,dropfirst,raw,bls,11,26,-0.7094227769990834,-0.45454545454545453,-1,1
gfcf,1987+,dyad,pres_congress_distance,dropfirst,tot,bls,11,26,-0.3924680430668338,-0.20909090909090913,-1,1
gfcf,1987+,dyad,pres_congress_distance,dropfirst,totlean,bls,11,26,-0.5035697956302652,-0.3090909090909091,-1,1
gfcf,1987+,dyad,pres_congress_distance_bolognesi,c,raw,bolognesi,11,36,-0.545095137538968,-0.4090909090909091,-1,1
gfcf,1987+,dyad,pres_congress_distance_bolognesi,c,tot,bolognesi,11,36,-0.08574459673329654,-0.10909090909090911,-1,1
gfcf,1987+,dyad,pres_congress_distance_bolognesi,c,totlean,bolognesi,11,36,-0.2979221742994693,-0.4090909090909091,-1,1
gfcf,1987+,dyad,pres_congress_distance_bolognesi,lag1,raw,bolognesi,11,35,-0.5434951196532979,-0.3727272727272728,-1,1
gfcf,1987+,dyad,pres_congress_distance_bolognesi,lag1,tot,bolognesi,11,35,-0.09371474014769529,-0.29090909090909095,-1,1
gfcf,1987+,dyad,pres_congress_distance_bolognesi,lag1,totlean,bolognesi,11,35,-0.23642117981639127,-0.29090909090909095,-1,1
gfcf,1987+,dyad,pres_congress_distance_bolognesi,dropfirst,raw,bolognesi,10,25,-0.5619198095858058,-0.38181818181818183,-1,1
gfcf,1987+,dyad,pres_congress_distance_bolognesi,dropfirst,tot,bolognesi,10,25,-0.11081201327102053,-0.1515151515151515,-1,1
gfcf,1987+,dyad,pres_congress_distance_bolognesi,dropfirst,totlean,bolognesi,10,25,-0.3211243459774139,-0.28484848484848485,-1,1
gfcf,1987+,dyad,enpp_cd,c,raw,bls,12,38,-0.5104842765442157,-0.5087750617213153,-1,1
gfcf,1987+,dyad,enpp_cd,c,tot,bls,12,38,-0.30138091949410967,-0.22456278586320125,-1,1
gfcf,1987+,dyad,enpp_cd,c,totlean,bls,12,38,-0.2839288671449563,-0.3052650370327892,-1,1
gfcf,1987+,dyad,enpp_cd,lag1,raw,bls,12,37,-0.5211197726455066,-0.5824597258326782,-1,1
gfcf,1987+,dyad,enpp_cd,lag1,tot,bls,12,37,-0.319206524983482,-0.31579141762012675,-1,1
gfcf,1987+,dyad,enpp_cd,lag1,totlean,bls,12,37,-0.2886829096540079,-0.32631779820746437,-1,1
gfcf,1987+,dyad,enpp_cd,dropfirst,raw,bls,11,26,-0.5764103809826102,-0.4282471247235129,-1,1
gfcf,1987+,dyad,enpp_cd,dropfirst,tot,bls,11,26,-0.3662938433154715,-0.19590028045862823,-1,1
gfcf,1987+,dyad,enpp_cd,dropfirst,totlean,bls,11,26,-0.33558765766615845,-0.2369026647406667,-1,1
gfcf,1987+,year,pres_party_share_cd,c,raw,bls,11,36,17.14632132471844,0.33736938696376767,1,1
gfcf,1987+,year,pres_party_share_cd,c,tot,bls,11,36,11.562622797769409,0.2977854021436324,1,1
gfcf,1987+,year,pres_party_share_cd,c,totlean,bls,11,36,11.149187679145836,0.24487739628926852,1,1
gfcf,1987+,year,pres_party_share_cd,lag1,raw,bls,11,35,15.162999392553523,0.33772530022207053,1,1
gfcf,1987+,year,pres_party_share_cd,lag1,tot,bls,11,35,9.376593856281144,0.2060983074302256,1,1
gfcf,1987+,year,pres_party_share_cd,lag1,totlean,bls,11,35,8.91179679231172,0.13430176590740112,1,1
gfcf,1987+,year,pres_party_share_cd,dropfirst,raw,bls,10,25,18.91924296224842,0.3413926262083787,1,1
gfcf,1987+,year,pres_party_share_cd,dropfirst,tot,bls,10,25,13.345911617411376,0.23236349756651822,1,1
gfcf,1987+,year,pres_party_share_cd,dropfirst,totlean,bls,10,25,12.853743532450142,0.1763024207825829,1,1
gfcf,1987+,year,coalition_share_cd_start,c,raw,bls,12,38,7.254364737793099,0.5958080429452342,1,1
gfcf,1987+,year,coalition_share_cd_start,c,tot,bls,12,38,5.890470494200132,0.5477962201963743,1,1
gfcf,1987+,year,coalition_share_cd_start,c,totlean,bls,12,38,5.5645718391794,0.5365897993259309,1,1
gfcf,1987+,year,coalition_share_cd_start,lag1,raw,bls,12,37,5.747775900908244,0.4990223715306026,1,1
gfcf,1987+,year,coalition_share_cd_start,lag1,tot,bls,12,37,4.0108476844113365,0.40331292813589725,1,1
gfcf,1987+,year,coalition_share_cd_start,lag1,totlean,bls,12,37,3.778830205443262,0.38795656221809005,1,1
gfcf,1987+,year,coalition_share_cd_start,dropfirst,raw,bls,11,26,7.1296258362878735,0.6223662988534209,1,1
gfcf,1987+,year,coalition_share_cd_start,dropfirst,tot,bls,11,26,5.510962241123834,0.5378728609296121,1,1
gfcf,1987+,year,coalition_share_cd_start,dropfirst,totlean,bls,11,26,5.141597239089989,0.5011216501253537,1,1
gfcf,1987+,year,coalition_share_cd_mid,c,raw,bls,11,34,4.159936792530877,0.22647287019718212,1,1
gfcf,1987+,year,coalition_share_cd_mid,c,tot,bls,11,34,3.5095087157771427,0.22693349298402385,1,1
gfcf,1987+,year,coalition_share_cd_mid,c,totlean,bls,11,34,2.734558087693986,0.15261968337355866,1,1
gfcf,1987+,year,coalition_share_cd_mid,lag1,raw,bls,11,33,4.130941517474503,0.2687530019011866,1,1
gfcf,1987+,year,coalition_share_cd_mid,lag1,tot,bls,11,33,3.29610860717187,0.2677451781440572,1,1
gfcf,1987+,year,coalition_share_cd_mid,lag1,totlean,bls,11,33,2.6244790110925207,0.16276353677640615,1,1
gfcf,1987+,year,coalition_share_cd_mid,dropfirst,raw,bls,10,23,3.431594993041457,0.1823632258302994,1,1
gfcf,1987+,year,coalition_share_cd_mid,dropfirst,tot,bls,10,23,2.7158493596946895,0.1455924391506205,1,1
gfcf,1987+,year,coalition_share_cd_mid,dropfirst,totlean,bls,10,23,1.647348732957974,0.06459732795078725,1,1
gfcf,1987+,year,pres_congress_distance,c,raw,bls,12,38,-0.5995611099571908,-0.4448509618080865,-1,1
gfcf,1987+,year,pres_congress_distance,c,tot,bls,12,38,-0.28768283146556795,-0.20171557566797896,-1,1
gfcf,1987+,year,pres_congress_distance,c,totlean,bls,12,38,-0.40988917614252934,-0.28059998924619733,-1,1
gfcf,1987+,year,pres_congress_distance,lag1,raw,bls,12,37,-0.4437973982799475,-0.3199838107524474,-1,1
gfcf,1987+,year,pres_congress_distance,lag1,tot,bls,12,37,-0.1436062779176812,-0.12166051137983677,-1,1
gfcf,1987+,year,pres_congress_distance,lag1,totlean,bls,12,37,-0.23870391259188803,-0.18368118303237588,-1,1
gfcf,1987+,year,pres_congress_distance,dropfirst,raw,bls,11,26,-0.5019329877315026,-0.41628474294169215,-1,1
gfcf,1987+,year,pres_congress_distance,dropfirst,tot,bls,11,26,-0.18702528604850818,-0.18616033884026162,-1,1
gfcf,1987+,year,pres_congress_distance,dropfirst,totlean,bls,11,26,-0.302413892080504,-0.2304678733612833,-1,1
gfcf,1987+,year,pres_congress_distance_bolognesi,c,raw,bolognesi,11,36,-0.45049918899168445,-0.3766771119496514,-1,1
gfcf,1987+,year,pres_congress_distance_bolognesi,c,tot,bolognesi,11,36,-0.04717436399827216,-0.2054719982451068,-1,1
gfcf,1987+,year,pres_congress_distance_bolognesi,c,totlean,bolognesi,11,36,-0.2692992691956203,-0.32275525967261587,-1,1
gfcf,1987+,year,pres_congress_distance_bolognesi,lag1,raw,bolognesi,11,35,-0.2810668065144941,-0.2218183141990816,-1,1
gfcf,1987+,year,pres_congress_distance_bolognesi,lag1,tot,bolognesi,11,35,0.12665113099634592,-0.09134523217969795,-1,0
gfcf,1987+,year,pres_congress_distance_bolognesi,lag1,totlean,bolognesi,11,35,-0.057977948340885925,-0.19507625855325325,-1,1
gfcf,1987+,year,pres_congress_distance_bolognesi,dropfirst,raw,bolognesi,10,25,-0.4039916768061424,-0.332113551430348,-1,1
gfcf,1987+,year,pres_congress_distance_bolognesi,dropfirst,tot,bolognesi,10,25,-0.040789532458346836,-0.21225883554745179,-1,1
gfcf,1987+,year,pres_congress_distance_bolognesi,dropfirst,totlean,bolognesi,10,25,-0.2682698584680052,-0.32786064215708394,-1,1
gfcf,1987+,year,enpp_cd,c,raw,bls,12,38,-0.4776574250320822,-0.42914191036221566,-1,1
gfcf,1987+,year,enpp_cd,c,tot,bls,12,38,-0.28012620667227583,-0.19802320793296188,-1,1
gfcf,1987+,year,enpp_cd,c,totlean,bls,12,38,-0.25187447596222956,-0.1996724850673286,-1,1
gfcf,1987+,year,enpp_cd,lag1,raw,bls,12,37,-0.44045147025413567,-0.41437357313541473,-1,1
gfcf,1987+,year,enpp_cd,lag1,tot,bls,12,37,-0.24186072011862103,-0.1494032376974727,-1,1
gfcf,1987+,year,enpp_cd,lag1,totlean,bls,12,37,-0.2146175594702014,-0.15178606445500817,-1,1
gfcf,1987+,year,enpp_cd,dropfirst,raw,bls,11,26,-0.47979900107396606,-0.3795990310648586,-1,1
gfcf,1987+,year,enpp_cd,dropfirst,tot,bls,11,26,-0.29025657094846513,-0.1456560987977376,-1,1
gfcf,1987+,year,enpp_cd,dropfirst,totlean,bls,11,26,-0.256820487259297,-0.15218314096084373,-1,1
gfcf,1995+,dyad,pres_party_share_cd,c,raw,bls,9,31,19.56640872169953,0.39330888211518983,1,1
gfcf,1995+,dyad,pres_party_share_cd,c,tot,bls,9,31,26.003788877163853,0.32636268941473195,1,1
gfcf,1995+,dyad,pres_party_share_cd,c,totlean,bls,9,31,19.145352457274388,0.25941649671427414,1,1
gfcf,1995+,dyad,pres_party_share_cd,lag1,raw,bls,9,30,24.391866555424407,0.3765723339400754,1,1
gfcf,1995+,dyad,pres_party_share_cd,lag1,tot,bls,9,30,31.983146807434377,0.39330888211518983,1,1
gfcf,1995+,dyad,pres_party_share_cd,lag1,totlean,bls,9,30,23.275553166338227,0.39330888211518983,1,1
gfcf,1995+,dyad,pres_party_share_cd,dropfirst,raw,bls,8,22,21.80421809859089,0.2142857142857143,1,1
gfcf,1995+,dyad,pres_party_share_cd,dropfirst,tot,bls,8,22,30.19381820740865,0.5000000000000001,1,1
gfcf,1995+,dyad,pres_party_share_cd,dropfirst,totlean,bls,8,22,21.98850116263869,0.2142857142857143,1,1
gfcf,1995+,dyad,coalition_share_cd_start,c,raw,bls,9,31,3.445306298162316,0.6166666666666666,1,1
gfcf,1995+,dyad,coalition_share_cd_start,c,tot,bls,9,31,4.137260831239588,0.5666666666666667,1,1
gfcf,1995+,dyad,coalition_share_cd_start,c,totlean,bls,9,31,3.5893451691740252,0.5833333333333334,1,1
gfcf,1995+,dyad,coalition_share_cd_start,lag1,raw,bls,10,31,2.65706733746495,0.4787878787878787,1,1
gfcf,1995+,dyad,coalition_share_cd_start,lag1,tot,bls,10,31,3.624694284084074,0.49090909090909085,1,1
gfcf,1995+,dyad,coalition_share_cd_start,lag1,totlean,bls,10,31,3.5085791064697087,0.5272727272727272,1,1
gfcf,1995+,dyad,coalition_share_cd_start,dropfirst,raw,bls,8,22,2.9228179410796042,0.5000000000000001,1,1
gfcf,1995+,dyad,coalition_share_cd_start,dropfirst,tot,bls,8,22,3.7260728697438097,0.6190476190476191,1,1
gfcf,1995+,dyad,coalition_share_cd_start,dropfirst,totlean,bls,8,22,3.2404549073099465,0.5000000000000001,1,1
gfcf,1995+,dyad,coalition_share_cd_mid,c,raw,bls,8,27,1.59451814266728,0.1666666666666667,1,1
gfcf,1995+,dyad,coalition_share_cd_mid,c,tot,bls,8,27,1.300304043098995,0.1666666666666667,1,1
gfcf,1995+,dyad,coalition_share_cd_mid,c,totlean,bls,8,27,0.941543466508982,0.04761904761904763,1,1
gfcf,1995+,dyad,coalition_share_cd_mid,lag1,raw,bls,9,27,3.737294165299586,0.41666666666666663,1,1
gfcf,1995+,dyad,coalition_share_cd_mid,lag1,tot,bls,9,27,3.879793420520897,0.41666666666666663,1,1
gfcf,1995+,dyad,coalition_share_cd_mid,lag1,totlean,bls,9,27,2.996163734286792,0.31666666666666665,1,1
gfcf,1995+,dyad,coalition_share_cd_mid,dropfirst,raw,bls,7,19,1.7572584406623177,0.10714285714285716,1,1
gfcf,1995+,dyad,coalition_share_cd_mid,dropfirst,tot,bls,7,19,2.055081156516888,0.10714285714285716,1,1
gfcf,1995+,dyad,coalition_share_cd_mid,dropfirst,totlean,bls,7,19,0.6837927206881659,0.10714285714285716,1,1
gfcf,1995+,dyad,pres_congress_distance,c,raw,bls,9,31,-0.43598371816332254,-0.39999999999999997,-1,1
gfcf,1995+,dyad,pres_congress_distance,c,tot,bls,9,31,-0.6190356884367747,-0.45,-1,1
gfcf,1995+,dyad,pres_congress_distance,c,totlean,bls,9,31,-0.790548980905567,-0.4666666666666666,-1,1
gfcf,1995+,dyad,pres_congress_distance,lag1,raw,bls,10,31,-0.6374527088931782,-0.4787878787878787,-1,1
gfcf,1995+,dyad,pres_congress_distance,lag1,tot,bls,10,31,-0.8358940889182884,-0.49090909090909085,-1,1
gfcf,1995+,dyad,pres_congress_distance,lag1,totlean,bls,10,31,-0.9486903202872392,-0.5030303030303029,-1,1
gfcf,1995+,dyad,pres_congress_distance,dropfirst,raw,bls,8,22,-0.3638820534601726,-0.261904761904762,-1,1
gfcf,1995+,dyad,pres_congress_distance,dropfirst,tot,bls,8,22,-0.6092878699361195,-0.3333333333333334,-1,1
gfcf,1995+,dyad,pres_congress_distance,dropfirst,totlean,bls,8,22,-0.7515640240926885,-0.4285714285714286,-1,1
gfcf,1995+,dyad,pres_congress_distance_bolognesi,c,raw,bolognesi,9,31,0.22125905565275938,-0.21666666666666667,-1,0
gfcf,1995+,dyad,pres_congress_distance_bolognesi,c,tot,bolognesi,9,31,0.13145420950383938,-0.3,-1,0
gfcf,1995+,dyad,pres_congress_distance_bolognesi,c,totlean,bolognesi,9,31,-0.1948199094573753,-0.43333333333333335,-1,1
gfcf,1995+,dyad,pres_congress_distance_bolognesi,lag1,raw,bolognesi,9,30,0.19588327372266723,-0.19999999999999998,-1,0
gfcf,1995+,dyad,pres_congress_distance_bolognesi,lag1,tot,bolognesi,9,30,0.062263124920304384,-0.21666666666666667,-1,0
gfcf,1995+,dyad,pres_congress_distance_bolognesi,lag1,totlean,bolognesi,9,30,-0.157714735543129,-0.25,-1,1
gfcf,1995+,dyad,pres_congress_distance_bolognesi,dropfirst,raw,bolognesi,8,22,0.32435636814486585,-0.19047619047619052,-1,0
gfcf,1995+,dyad,pres_congress_distance_bolognesi,dropfirst,tot,bolognesi,8,22,0.19284262517761336,-0.09523809523809526,-1,0
gfcf,1995+,dyad,pres_congress_distance_bolognesi,dropfirst,totlean,bolognesi,8,22,-0.12617059415264087,-0.4047619047619048,-1,1
gfcf,1995+,dyad,enpp_cd,c,raw,bls,9,31,-0.22221129840844356,-0.4184137043778615,-1,1
gfcf,1995+,dyad,enpp_cd,c,tot,bls,9,31,-0.2726043513921771,-0.4518868007280905,-1,1
gfcf,1995+,dyad,enpp_cd,c,totlean,bls,9,31,-0.2318435604301952,-0.4016771562027471,-1,1
gfcf,1995+,dyad,enpp_cd,lag1,raw,bls,10,31,-0.3226189630377546,-0.5227987675648555,-1,1
gfcf,1995+,dyad,enpp_cd,lag1,tot,bls,10,31,-0.389778186534082,-0.498482545817653,-1,1
gfcf,1995+,dyad,enpp_cd,lag1,totlean,bls,10,31,-0.3353658712108405,-0.46808726863364974,-1,1
gfcf,1995+,dyad,enpp_cd,dropfirst,raw,bls,8,22,-0.22671395653902243,-0.261904761904762,-1,1
gfcf,1995+,dyad,enpp_cd,dropfirst,tot,bls,8,22,-0.3086265460486418,-0.4047619047619048,-1,1
gfcf,1995+,dyad,enpp_cd,dropfirst,totlean,bls,8,22,-0.24297714529084735,-0.38095238095238104,-1,1
gfcf,1995+,year,pres_party_share_cd,c,raw,bls,9,31,17.70923865850039,0.2130874727531555,1,1
gfcf,1995+,year,pres_party_share_cd,c,tot,bls,9,31,24.703328619003955,0.3341552837740141,1,1
gfcf,1995+,year,pres_party_share_cd,c,totlean,bls,9,31,17.11222314733734,0.20841539279765256,1,1
gfcf,1995+,year,pres_party_share_cd,lag1,raw,bls,9,30,19.455731518296133,0.26743659528295577,1,1
gfcf,1995+,year,pres_party_share_cd,lag1,tot,bls,9,30,27.043595768352297,0.3902825753458726,1,1
gfcf,1995+,year,pres_party_share_cd,lag1,totlean,bls,9,30,18.575611903416558,0.23694927176369174,1,1
gfcf,1995+,year,pres_party_share_cd,dropfirst,raw,bls,8,22,18.354156482456833,0.20990335002787772,1,1
gfcf,1995+,year,pres_party_share_cd,dropfirst,tot,bls,8,22,26.579399142662464,0.38283185519989626,1,1
gfcf,1995+,year,pres_party_share_cd,dropfirst,totlean,bls,8,22,18.330020922246394,0.25199778878685597,1,1
gfcf,1995+,year,coalition_share_cd_start,c,raw,bls,9,31,3.6617848637730153,0.5115834405535845,1,1
gfcf,1995+,year,coalition_share_cd_start,c,tot,bls,9,31,4.280476185252864,0.5737042869065199,1,1
gfcf,1995+,year,coalition_share_cd_start,c,totlean,bls,9,31,3.7711804748362403,0.5284332126035637,1,1
gfcf,1995+,year,coalition_share_cd_start,lag1,raw,bls,10,31,2.768442312059425,0.42192698574228643,1,1
gfcf,1995+,year,coalition_share_cd_start,lag1,tot,bls,10,31,3.701671066343899,0.521979897705224,1,1
gfcf,1995+,year,coalition_share_cd_start,lag1,totlean,bls,10,31,3.3929947016934796,0.46251640236011105,1,1
gfcf,1995+,year,coalition_share_cd_start,dropfirst,raw,bls,8,22,3.2110928917851673,0.5534849853038619,1,1
gfcf,1995+,year,coalition_share_cd_start,dropfirst,tot,bls,8,22,4.014578581511968,0.6262969874815539,1,1
gfcf,1995+,year,coalition_share_cd_start,dropfirst,totlean,bls,8,22,3.478391343083431,0.5739633609163378,1,1
gfcf,1995+,year,coalition_share_cd_mid,c,raw,bls,8,27,2.4104940904939967,0.258710657460409,1,1
gfcf,1995+,year,coalition_share_cd_mid,c,tot,bls,8,27,2.49755194894322,0.2645624461410611,1,1
gfcf,1995+,year,coalition_share_cd_mid,c,totlean,bls,8,27,1.563994429947337,0.19156908207187429,1,1
gfcf,1995+,year,coalition_share_cd_mid,lag1,raw,bls,9,27,2.659020716448051,0.34878885630516276,1,1
gfcf,1995+,year,coalition_share_cd_mid,lag1,tot,bls,9,27,3.1724839838509937,0.3441711750654651,1,1
gfcf,1995+,year,coalition_share_cd_mid,lag1,totlean,bls,9,27,2.3674610733098667,0.265670593990605,1,1
gfcf,1995+,year,coalition_share_cd_mid,dropfirst,raw,bls,7,19,1.6777523363041287,0.21967384587746472,1,1
gfcf,1995+,year,coalition_share_cd_mid,dropfirst,tot,bls,7,19,2.1005693402070738,0.18247101714015215,1,1
gfcf,1995+,year,coalition_share_cd_mid,dropfirst,totlean,bls,7,19,0.8142771446633889,0.12400942912437524,1,1
gfcf,1995+,year,pres_congress_distance,c,raw,bls,9,31,-0.41708827134540677,-0.3540482223513696,-1,1
gfcf,1995+,year,pres_congress_distance,c,tot,bls,9,31,-0.6213923720768033,-0.42185332915490026,-1,1
gfcf,1995+,year,pres_congress_distance,c,totlean,bls,9,31,-0.7751220929816858,-0.5093503382337077,-1,1
gfcf,1995+,year,pres_congress_distance,lag1,raw,bls,10,31,-0.30672512410318264,-0.24495712928857133,-1,1
gfcf,1995+,year,pres_congress_distance,lag1,tot,bls,10,31,-0.5458822889316415,-0.34906898291329136,-1,1
gfcf,1995+,year,pres_congress_distance,lag1,totlean,bls,10,31,-0.6612910048303329,-0.41380910241872154,-1,1
gfcf,1995+,year,pres_congress_distance,dropfirst,raw,bls,8,22,-0.3020627623865212,-0.3395997289068916,-1,1
gfcf,1995+,year,pres_congress_distance,dropfirst,tot,bls,8,22,-0.5377313758261683,-0.37031729232560545,-1,1
gfcf,1995+,year,pres_congress_distance,dropfirst,totlean,bls,8,22,-0.6782820145673896,-0.5034267338066987,-1,1
gfcf,1995+,year,pres_congress_distance_bolognesi,c,raw,bolognesi,9,31,0.21550793553483027,-0.18879865068048954,-1,0
gfcf,1995+,year,pres_congress_distance_bolognesi,c,tot,bolognesi,9,31,0.10121852474020054,-0.19042272509494534,-1,0
gfcf,1995+,year,pres_congress_distance_bolognesi,c,totlean,bolognesi,9,31,-0.2238692079327263,-0.4228683756639352,-1,1
gfcf,1995+,year,pres_congress_distance_bolognesi,lag1,raw,bolognesi,9,30,0.37621282382178306,0.0004481911580805071,-1,0
gfcf,1995+,year,pres_congress_distance_bolognesi,lag1,tot,bolognesi,9,30,0.2371723015396544,-0.022857749062105862,-1,0
gfcf,1995+,year,pres_congress_distance_bolognesi,lag1,totlean,bolognesi,9,30,-0.02678422037324059,-0.23037025525338067,-1,1
gfcf,1995+,year,pres_congress_distance_bolognesi,dropfirst,raw,bolognesi,8,22,0.29754514960533857,-0.15074359825850298,-1,0
gfcf,1995+,year,pres_congress_distance_bolognesi,dropfirst,tot,bolognesi,8,22,0.17268847665010306,-0.09272153402315467,-1,0
gfcf,1995+,year,pres_congress_distance_bolognesi,dropfirst,totlean,bolognesi,8,22,-0.15052818593895625,-0.3805564801318434,-1,1
gfcf,1995+,year,enpp_cd,c,raw,bls,9,31,-0.21927255010638227,-0.30226325972992885,-1,1
gfcf,1995+,year,enpp_cd,c,tot,bls,9,31,-0.2884864020909479,-0.39570485883998757,-1,1
gfcf,1995+,year,enpp_cd,c,totlean,bls,9,31,-0.23567227759711024,-0.41236183955091105,-1,1
gfcf,1995+,year,enpp_cd,lag1,raw,bls,10,31,-0.22363227416226103,-0.3088718698098466,-1,1
gfcf,1995+,year,enpp_cd,lag1,tot,bls,10,31,-0.3061587184385125,-0.39477114721258494,-1,1
gfcf,1995+,year,enpp_cd,lag1,totlean,bls,10,31,-0.2550619236646245,-0.4035032250573078,-1,1
gfcf,1995+,year,enpp_cd,dropfirst,raw,bls,8,22,-0.1895592351366706,-0.2440339760486709,-1,1
gfcf,1995+,year,enpp_cd,dropfirst,tot,bls,8,22,-0.2756696147910026,-0.31115754055623074,-1,1
gfcf,1995+,year,enpp_cd,dropfirst,totlean,bls,8,22,-0.21493772632915095,-0.3964841056082135,-1,1
gfcf,2003+,dyad,pres_party_share_cd,c,raw,bls,7,23,37.193326768068204,0.6306562238868914,1,1
gfcf,2003+,dyad,pres_party_share_cd,c,tot,bls,7,23,45.198522515414226,0.7567874686642696,1,1
gfcf,2003+,dyad,pres_party_share_cd,c,totlean,bls,7,23,12.796662258969642,0.2702812388086677,1,1
gfcf,2003+,dyad,pres_party_share_cd,lag1,raw,bls,8,23,22.309362400235806,0.3353353533357125,1,1
gfcf,2003+,dyad,pres_party_share_cd,lag1,tot,bls,8,23,37.762440622858904,0.6107893935757621,1,1
gfcf,2003+,dyad,pres_party_share_cd,lag1,totlean,bls,8,23,11.621640357147587,0.07185757571479554,1,1
gfcf,2003+,dyad,pres_party_share_cd,dropfirst,raw,bls,6,16,36.73961953927872,0.3714285714285715,1,1
gfcf,2003+,dyad,pres_party_share_cd,dropfirst,tot,bls,6,16,47.54584250500804,0.6571428571428573,1,1
gfcf,2003+,dyad,pres_party_share_cd,dropfirst,totlean,bls,6,16,13.444437936792687,0.3142857142857143,1,1
gfcf,2003+,dyad,coalition_share_cd_start,c,raw,bls,7,23,3.8871009359333915,0.6785714285714287,1,1
gfcf,2003+,dyad,coalition_share_cd_start,c,tot,bls,7,23,3.6840805912748906,0.5714285714285715,1,1
gfcf,2003+,dyad,coalition_share_cd_start,c,totlean,bls,7,23,-0.13595325769696692,0.5357142857142858,1,0
gfcf,2003+,dyad,coalition_share_cd_start,lag1,raw,bls,8,23,0.7851434035479183,0.04761904761904763,1,1
gfcf,2003+,dyad,coalition_share_cd_start,lag1,tot,bls,8,23,2.304087793426724,0.3333333333333334,1,1
gfcf,2003+,dyad,coalition_share_cd_start,lag1,totlean,bls,8,23,0.553397415107346,0.2142857142857143,1,1
gfcf,2003+,dyad,coalition_share_cd_start,dropfirst,raw,bls,6,16,3.0964320754345755,0.4285714285714286,1,1
gfcf,2003+,dyad,coalition_share_cd_start,dropfirst,tot,bls,6,16,2.8904691167322927,0.48571428571428577,1,1
gfcf,2003+,dyad,coalition_share_cd_start,dropfirst,totlean,bls,6,16,-0.7448853199013105,0.48571428571428577,1,0
gfcf,2003+,dyad,coalition_share_cd_mid,c,raw,bls,6,19,0.37045679036480633,-0.08571428571428573,1,1
gfcf,2003+,dyad,coalition_share_cd_mid,c,tot,bls,6,19,0.3866373404736789,0.2,1,1
gfcf,2003+,dyad,coalition_share_cd_mid,c,totlean,bls,6,19,-2.293798068699734,-0.3714285714285715,1,0
gfcf,2003+,dyad,coalition_share_cd_mid,lag1,raw,bls,7,19,2.91620056367422,0.5,1,1
gfcf,2003+,dyad,coalition_share_cd_mid,lag1,tot,bls,7,19,2.7053273140829357,0.42857142857142866,1,1
gfcf,2003+,dyad,coalition_share_cd_mid,lag1,totlean,bls,7,19,-1.8272595050055171,-0.3214285714285715,1,0
gfcf,2003+,dyad,coalition_share_cd_mid,dropfirst,raw,bls,5,13,1.0597906776071728,-0.09999999999999999,1,1
gfcf,2003+,dyad,coalition_share_cd_mid,dropfirst,tot,bls,5,13,2.09101059927066,0.3,1,1
gfcf,2003+,dyad,coalition_share_cd_mid,dropfirst,totlean,bls,5,13,-3.7574512054426874,-0.3,1,0
gfcf,2003+,dyad,pres_congress_distance,c,raw,bls,7,23,-1.2019812663635399,-0.1785714285714286,-1,1
gfcf,2003+,dyad,pres_congress_distance,c,tot,bls,7,23,-1.7375950529385678,-0.21428571428571433,-1,1
gfcf,2003+,dyad,pres_congress_distance,c,totlean,bls,7,23,-0.9437525297237452,-0.1785714285714286,-1,1
gfcf,2003+,dyad,pres_congress_distance,lag1,raw,bls,8,23,0.06452359143354701,0.14285714285714288,-1,0
gfcf,2003+,dyad,pres_congress_distance,lag1,tot,bls,8,23,-0.49508665807964,-0.1666666666666667,-1,1
gfcf,2003+,dyad,pres_congress_distance,lag1,totlean,bls,8,23,-0.13355723069326284,0.07142857142857144,-1,1
gfcf,2003+,dyad,pres_congress_distance,dropfirst,raw,bls,6,16,-0.924886933919765,0.028571428571428574,-1,1
gfcf,2003+,dyad,pres_congress_distance,dropfirst,tot,bls,6,16,-1.600463885262658,-0.08571428571428573,-1,1
gfcf,2003+,dyad,pres_congress_distance,dropfirst,totlean,bls,6,16,-0.7164416276067203,-0.2,-1,1
gfcf,2003+,dyad,pres_congress_distance_bolognesi,c,raw,bolognesi,7,23,1.015518743330617,0.10714285714285716,-1,0
gfcf,2003+,dyad,pres_congress_distance_bolognesi,c,tot,bolognesi,7,23,1.001153643883326,0.14285714285714288,-1,0
gfcf,2003+,dyad,pres_congress_distance_bolognesi,c,totlean,bolognesi,7,23,-0.1256288796691602,-0.3571428571428572,-1,1
gfcf,2003+,dyad,pres_congress_distance_bolognesi,lag1,raw,bolognesi,8,23,0.633880905299507,0.28571428571428575,-1,0
gfcf,2003+,dyad,pres_congress_distance_bolognesi,lag1,tot,bolognesi,8,23,0.3823574876844722,0.07142857142857144,-1,0
gfcf,2003+,dyad,pres_congress_distance_bolognesi,lag1,totlean,bolognesi,8,23,0.04681429304272294,-0.07142857142857144,-1,0
gfcf,2003+,dyad,pres_congress_distance_bolognesi,dropfirst,raw,bolognesi,6,16,1.1262816048771784,0.028571428571428574,-1,0
gfcf,2003+,dyad,pres_congress_distance_bolognesi,dropfirst,tot,bolognesi,6,16,1.1150556752869396,0.2,-1,0
gfcf,2003+,dyad,pres_congress_distance_bolognesi,dropfirst,totlean,bolognesi,6,16,-0.018736073907489836,-0.2571428571428572,-1,1
gfcf,2003+,dyad,enpp_cd,c,raw,bls,7,23,-0.23451075798949403,-0.2882999880625789,-1,1
gfcf,2003+,dyad,enpp_cd,c,tot,bls,7,23,-0.2893039261787858,-0.4504687313477795,-1,1
gfcf,2003+,dyad,enpp_cd,c,totlean,bls,7,23,0.05132408860937014,0.07207499701564472,-1,0
gfcf,2003+,dyad,enpp_cd,lag1,raw,bls,8,23,-0.1950331224555142,-0.29940656547831473,-1,1
gfcf,2003+,dyad,enpp_cd,lag1,tot,bls,8,23,-0.3128334551288815,-0.5389318178609664,-1,1
gfcf,2003+,dyad,enpp_cd,lag1,totlean,bls,8,23,-0.0034795590111773994,0.13173888881045848,-1,1
gfcf,2003+,dyad,enpp_cd,dropfirst,raw,bls,6,16,-0.2462055510860798,-0.08571428571428573,-1,1
gfcf,2003+,dyad,enpp_cd,dropfirst,tot,bls,6,16,-0.33031645269898413,-0.3714285714285715,-1,1
gfcf,2003+,dyad,enpp_cd,dropfirst,totlean,bls,6,16,0.054858753473703024,0.028571428571428574,-1,0
gfcf,2003+,year,pres_party_share_cd,c,raw,bls,7,23,35.93220060700555,0.4712498839479162,1,1
gfcf,2003+,year,pres_party_share_cd,c,tot,bls,7,23,44.6273086620676,0.6450264086343424,1,1
gfcf,2003+,year,pres_party_share_cd,c,totlean,bls,7,23,11.037532397261488,0.18429325960981208,1,1
gfcf,2003+,year,pres_party_share_cd,lag1,raw,bls,8,23,28.445317424574483,0.4130297392118734,1,1
gfcf,2003+,year,pres_party_share_cd,lag1,tot,bls,8,23,40.42313931060428,0.5935427366156099,1,1
gfcf,2003+,year,pres_party_share_cd,lag1,totlean,bls,8,23,13.17144299085631,0.17051227732596713,1,1
gfcf,2003+,year,pres_party_share_cd,dropfirst,raw,bls,6,16,32.764205238296306,0.4054015949305151,1,1
gfcf,2003+,year,pres_party_share_cd,dropfirst,tot,bls,6,16,43.53468350113739,0.5842552397528011,1,1
gfcf,2003+,year,pres_party_share_cd,dropfirst,totlean,bls,6,16,9.73080304040922,0.14010202177745743,1,1
gfcf,2003+,year,coalition_share_cd_start,c,raw,bls,7,23,4.418703884536227,0.6315454729111334,1,1
gfcf,2003+,year,coalition_share_cd_start,c,tot,bls,7,23,4.066462233303822,0.6050435647050446,1,1
gfcf,2003+,year,coalition_share_cd_start,c,totlean,bls,7,23,0.0446397804748568,0.4150298832274273,1,1
gfcf,2003+,year,coalition_share_cd_start,lag1,raw,bls,8,23,2.6693477467216558,0.4072203356611257,1,1
gfcf,2003+,year,coalition_share_cd_start,lag1,tot,bls,8,23,3.1760387403377357,0.4746740108933366,1,1
gfcf,2003+,year,coalition_share_cd_start,lag1,totlean,bls,8,23,0.9352704539594014,0.32377764111461277,1,1
gfcf,2003+,year,coalition_share_cd_start,dropfirst,raw,bls,6,16,3.8769316894515744,0.5753125575116869,1,1
gfcf,2003+,year,coalition_share_cd_start,dropfirst,tot,bls,6,16,3.6770767304329923,0.569350769350944,1,1
gfcf,2003+,year,coalition_share_cd_start,dropfirst,totlean,bls,6,16,-0.342437587194096,0.41434427717162936,1,0
gfcf,2003+,year,coalition_share_cd_mid,c,raw,bls,6,19,1.2818788482600991,0.06334540625931255,1,1
gfcf,2003+,year,coalition_share_cd_mid,c,tot,bls,6,19,1.9890251232125018,0.28014728965386115,1,1
gfcf,2003+,year,coalition_share_cd_mid,c,totlean,bls,6,19,-2.4978613091652577,-0.274794156730539,1,0
gfcf,2003+,year,coalition_share_cd_mid,lag1,raw,bls,7,19,2.399090434169689,0.38579298963124603,1,1
gfcf,2003+,year,coalition_share_cd_mid,lag1,tot,bls,7,19,3.356170921354396,0.5060748686155837,1,1
gfcf,2003+,year,coalition_share_cd_mid,lag1,totlean,bls,7,19,-0.976713822308257,-0.074842058034699,1,0
gfcf,2003+,year,coalition_share_cd_mid,dropfirst,raw,bls,5,13,1.051833194356258,0.05603318146805258,1,1
gfcf,2003+,year,coalition_share_cd_mid,dropfirst,tot,bls,5,13,2.4301490368532934,0.3081824980742892,1,1
gfcf,2003+,year,coalition_share_cd_mid,dropfirst,totlean,bls,5,13,-3.2322931919660816,-0.3361990888083155,1,0
gfcf,2003+,year,pres_congress_distance,c,raw,bls,7,23,-1.4904970041911683,-0.20051443755927512,-1,1
gfcf,2003+,year,pres_congress_distance,c,tot,bls,7,23,-2.023129470866059,-0.26501908206088726,-1,1
gfcf,2003+,year,pres_congress_distance,c,totlean,bls,7,23,-0.8371047585526541,-0.2080149776176021,-1,1
gfcf,2003+,year,pres_congress_distance,lag1,raw,bls,8,23,-0.1811078450602824,-0.05046534221076526,-1,1
gfcf,2003+,year,pres_congress_distance,lag1,tot,bls,8,23,-0.7433053156133446,-0.15389431090015543,-1,1
gfcf,2003+,year,pres_congress_distance,lag1,totlean,bls,8,23,-0.2627021610545231,-0.04996568535719333,-1,1
gfcf,2003+,year,pres_congress_distance,dropfirst,raw,bls,6,16,-1.250543220722773,-0.1907772211437718,-1,1
gfcf,2003+,year,pres_congress_distance,dropfirst,tot,bls,6,16,-1.8669124192758706,-0.23847152642971475,-1,1
gfcf,2003+,year,pres_congress_distance,dropfirst,totlean,bls,6,16,-0.5547890677513934,-0.15500649217931461,-1,1
gfcf,2003+,year,pres_congress_distance_bolognesi,c,raw,bolognesi,7,23,1.0674324311212302,0.11950860492934352,-1,0
gfcf,2003+,year,pres_congress_distance_bolognesi,c,tot,bolognesi,7,23,1.0765662050779328,0.2080149776176021,-1,0
gfcf,2003+,year,pres_congress_distance_bolognesi,c,totlean,bolognesi,7,23,-0.10293552054666001,-0.30702210638751853,-1,1
gfcf,2003+,year,pres_congress_distance_bolognesi,lag1,raw,bolognesi,8,23,1.0113595406316382,0.29329857304672485,-1,0
gfcf,2003+,year,pres_congress_distance_bolognesi,lag1,tot,bolognesi,8,23,0.9406818844549683,0.32977352335747595,-1,0
gfcf,2003+,year,pres_congress_distance_bolognesi,lag1,totlean,bolognesi,8,23,0.19507688179939303,-0.009993137071438667,-1,0
gfcf,2003+,year,pres_congress_distance_bolognesi,dropfirst,raw,bolognesi,6,16,1.1392536326390954,0.08048414017002874,-1,0
gfcf,2003+,year,pres_congress_distance_bolognesi,dropfirst,tot,bolognesi,6,16,1.200126621873657,0.19971990338488613,-1,0
gfcf,2003+,year,pres_congress_distance_bolognesi,dropfirst,totlean,bolognesi,6,16,0.004533096859780649,-0.25337599683157197,-1,0
gfcf,2003+,year,enpp_cd,c,raw,bls,7,23,-0.240777699501421,-0.2203506364899927,-1,1
gfcf,2003+,year,enpp_cd,c,tot,bls,7,23,-0.31849302641204363,-0.43719569467219005,-1,1
gfcf,2003+,year,enpp_cd,c,totlean,bls,7,23,0.04171741526516568,0.05709084672695266,-1,0
gfcf,2003+,year,enpp_cd,lag1,raw,bls,8,23,-0.23511052270815289,-0.31876500387311624,-1,1
gfcf,2003+,year,enpp_cd,lag1,tot,bls,8,23,-0.3386243743181208,-0.5149280831796493,-1,1
gfcf,2003+,year,enpp_cd,lag1,totlean,bls,8,23,-0.0443412149229229,-0.04303577760296389,-1,1
gfcf,2003+,year,enpp_cd,dropfirst,raw,bls,6,16,-0.22067434314993917,-0.16096828034005747,-1,1
gfcf,2003+,year,enpp_cd,dropfirst,tot,bls,6,16,-0.3187996371902232,-0.3934780186090294,-1,1
gfcf,2003+,year,enpp_cd,dropfirst,totlean,bls,6,16,0.04837174810489146,0.08942682241114304,-1,0
gfcf,1987+,dyad,centrao_share_cd_narrow,c,raw,-,12,38,-17.220143861039112,-0.6491268028858163,-1,1
gfcf,1987+,year,centrao_share_cd_narrow,c,raw,-,12,38,-17.3720579330993,-0.5395335265558269,-1,1
gfcf,1987+,dyad,centrao_share_cd_broad,c,raw,-,12,38,16.664327645414783,0.277194688799889,-1,0
gfcf,1987+,year,centrao_share_cd_broad,c,raw,-,12,38,15.535117301651644,0.18900715959842393,-1,0
