series,date,event,group,window,car,car_brent,raw,placebo_p,pctile
brl_usd,2025-07-10,Trump letter 50% (07-09 evening),E,"[-1,+1]",-1.8170288002015713,-1.8188616047498187,-2.087243590464394,0.229,0.1065
brl_usd,2025-07-10,Trump letter 50% (07-09 evening),E,"[-5,+5]",-1.2315462730562252,-1.287589504274331,-2.222333837353241,0.6605,0.34
brl_usd,2025-07-10,Trump letter 50% (07-09 evening),E,"[-20,+20]",5.360926404569355,5.274059109143091,1.6679909376441149,0.389,0.7945
brl_usd,2025-07-10,Trump letter 50% (07-09 evening),E,"[-60,+60]",20.974340316561197,20.505294544984597,10.075677109294023,0.1535,0.8845
brl_usd,2025-07-30,EO 14323 + Magnitsky on Moraes,E,"[-1,+1]",-0.1710434246922261,-0.23930524077291024,-0.2573773963640891,0.9035,0.4565
brl_usd,2025-07-30,EO 14323 + Magnitsky on Moraes,E,"[-5,+5]",1.9580603095836082,1.9310217339507896,1.641502413453444,0.4865,0.7615
brl_usd,2025-07-30,EO 14323 + Magnitsky on Moraes,E,"[-20,+20]",1.332276496554422,1.0948708238488507,0.15237888370562835,0.832,0.627
brl_usd,2025-07-30,EO 14323 + Magnitsky on Moraes,E,"[-60,+60]",8.23225549155201,7.558735185892372,4.750118634120204,0.5435,0.7465
brl_usd,2025-08-06,40% effective,E,"[-1,+1]",0.9172728941568963,0.9307202977983466,0.8656011623372928,0.53,0.7305
brl_usd,2025-08-06,40% effective,E,"[-5,+5]",3.537330650642249,3.5552996914945334,3.3478676339703695,0.236,0.87
brl_usd,2025-08-06,40% effective,E,"[-20,+20]",0.8638975037111891,0.6804909327215556,0.15771716884327436,0.894,0.5975
brl_usd,2025-08-06,40% effective,E,"[-60,+60]",8.265417995855126,7.584192885586582,6.18132481246445,0.5405,0.747
brl_usd,2025-09-23,UNGA chemistry,D,"[-1,+1]",0.37415807027940245,0.33488956452015173,0.30830569219257864,0.7935,0.608
brl_usd,2025-09-23,UNGA chemistry,D,"[-5,+5]",0.2828144357889908,0.16372198572591246,0.04135571613730349,0.9235,0.564
brl_usd,2025-09-23,UNGA chemistry,D,"[-20,+20]",1.5035650850184332,1.0880790876915745,0.6035825844985077,0.8155,0.6345
brl_usd,2025-09-23,UNGA chemistry,D,"[-60,+60]",1.7040398932871477,0.4359527984757343,-0.9520060228814131,0.9175,0.6185
brl_usd,2025-10-06,Lula-Trump call,D,"[-1,+1]",0.3136525042750552,0.23499158773710976,0.16103063061039258,0.8245,0.593
brl_usd,2025-10-06,Lula-Trump call,D,"[-5,+5]",-1.6315654185830937,-1.57889042829743,-2.1911789553535232,0.57,0.2895
brl_usd,2025-10-06,Lula-Trump call,D,"[-20,+20]",2.947449357450018,2.4467559179235,0.8616170840329618,0.647,0.704
brl_usd,2025-10-06,Lula-Trump call,D,"[-60,+60]",7.416307737676301,6.284246047709812,1.260558833201575,0.592,0.7235
brl_usd,2025-10-27,Kuala Lumpur meeting (Sun 26),D,"[-1,+1]",0.274572504005734,0.21103229916730495,0.27899209019943694,0.851,0.579
brl_usd,2025-10-27,Kuala Lumpur meeting (Sun 26),D,"[-5,+5]",1.6243154462135672,1.4865743156768738,1.6405205955904778,0.571,0.7185
brl_usd,2025-10-27,Kuala Lumpur meeting (Sun 26),D,"[-20,+20]",-0.7986181102479643,-1.488374734546618,-0.7382170989340242,0.9015,0.4935
brl_usd,2025-10-27,Kuala Lumpur meeting (Sun 26),D,"[-60,+60]",4.0930781918129,2.168436885214919,4.271334834958918,0.7895,0.663
brl_usd,2025-11-20,EO 14361 food relief,D,"[-1,+1]",-1.1515330080004942,-1.1875629746718208,-1.0940477593160969,0.4265,0.2135
brl_usd,2025-11-20,EO 14361 food relief,D,"[-5,+5]",-1.063707040956046,-1.1827917648143391,-0.8529277957799231,0.714,0.3735
brl_usd,2025-11-20,EO 14361 food relief,D,"[-20,+20]",-3.1000998770177453,-3.608062204128426,-2.31446814499765,0.626,0.337
brl_usd,2025-11-20,EO 14361 food relief,D,"[-60,+60]",1.7519157195804111,0.303772829837862,4.070487416517765,0.9175,0.6185
brl_usd,2025-12-12,Magnitsky lifted,D,"[-1,+1]",1.1407810037352488,1.1207343505804976,1.3390631544048404,0.4295,0.7865
brl_usd,2025-12-12,Magnitsky lifted,D,"[-5,+5]",-4.8122555633031086,-4.930060391005681,-4.085221010847939,0.1195,0.0465
brl_usd,2025-12-12,Magnitsky lifted,D,"[-20,+20]",-4.358291402039651,-5.0356149118063165,-1.6484353428885656,0.4835,0.2495
brl_usd,2025-12-12,Magnitsky lifted,D,"[-60,+60]",-6.169836875536299,-8.289639478364538,1.8275432014705606,0.678,0.3755
brl_usd,2026-02-20,SCOTUS voids IEEPA,D,"[-1,+1]",1.2499289931495083,1.2653531477143614,1.3733097813976691,0.395,0.8015
brl_usd,2026-02-20,SCOTUS voids IEEPA,D,"[-5,+5]",0.5638805397832576,0.6207249182963355,1.0162767633598468,0.843,0.6035
brl_usd,2026-02-20,SCOTUS voids IEEPA,D,"[-20,+20]",0.17143445123533207,0.5462322494537788,1.8576385572935283,0.9735,0.5525
brl_usd,2026-02-20,SCOTUS voids IEEPA,D,"[-60,+60]",1.937904076073635,2.7149675901021784,6.914262535416117,0.906,0.6225
brl_usd,2026-05-07,White House meeting,D,"[-1,+1]",0.3570284304406053,0.3940217972712329,0.4947028136517595,0.806,0.6005
brl_usd,2026-05-07,White House meeting,D,"[-5,+5]",-0.3663727534495277,-0.2908263702609857,0.1384333183247044,0.905,0.4815
brl_usd,2026-05-07,White House meeting,D,"[-20,+20]",-1.3211063103766663,-1.0086397788837596,0.5604435935091079,0.835,0.4615
brl_usd,2026-05-07,White House meeting,D,"[-60,+60]",-2.4769542811700846,-1.7232841061795086,3.075912508346468,0.874,0.508
brl_usd,2026-06-01,301 determination,E,"[-1,+1]",0.5488058976813084,0.5486235143019362,0.7092016971616433,0.6895,0.651
brl_usd,2026-06-01,301 determination,E,"[-5,+5]",-3.638446241320364,-3.5848485891586863,-3.0503283098924694,0.2275,0.1025
brl_usd,2026-06-01,301 determination,E,"[-20,+20]",-5.891392009525967,-5.661690024017543,-3.6993160832947236,0.343,0.1505
brl_usd,2026-06-01,301 determination,E,"[-60,+60]",-3.8244516267759625,-3.5409315251257096,2.64484561893088,0.802,0.4615
brl_usd,2026-07-15,301 final action,E,"[-1,+1]",0.3198952511402501,0.3267303879970319,0.40721292003629284,0.8215,0.594
brl_usd,2026-07-15,301 final action,E,"[-5,+5]",1.2862010515617,1.2035866237732196,1.6063658375138568,0.6505,0.684
brl_usd,2026-07-15,301 final action,E,"[-20,+20]",-2.870803943007199,-2.8537559625176776,-1.6774624680946149,0.6555,0.355
brl_usd,2026-07-15,301 final action,E,"[-60,+60]",,,,,
brl_usd,2026-07-22,301 effective,E,"[-1,+1]",0.05271410306380027,0.002846311395413581,0.17108980486326697,0.973,0.5195
brl_usd,2026-07-22,301 effective,E,"[-5,+5]",-1.3657980556458647,-1.375211887335035,-0.9317538157144867,0.63,0.3235
brl_usd,2026-07-22,301 effective,E,"[-20,+20]",-1.5617393176812113,-1.553488432432458,0.056061940244833686,0.812,0.4485
brl_usd,2026-07-22,301 effective,E,"[-60,+60]",,,,,
brl_usd,2026-08-17,FT: Magnitsky re-imposition discussed (Sun 16),E,"[-1,+1]",-0.4641431201474625,-0.5937979807316712,-0.35418027053746304,0.7365,0.368
brl_usd,2026-08-17,FT: Magnitsky re-imposition discussed (Sun 16),E,"[-5,+5]",-1.58266792584485,-1.771507209148618,-1.1794708106081853,0.583,0.296
brl_usd,2026-08-17,FT: Magnitsky re-imposition discussed (Sun 16),E,"[-20,+20]",-2.1145198023579987,-3.619048839887866,-0.6116941910213392,0.743,0.4075
brl_usd,2026-08-17,FT: Magnitsky re-imposition discussed (Sun 16),E,"[-60,+60]",,,,,
brl_usd,2026-10-01,consular suspension,E,"[-1,+1]",-0.17102892290682456,-0.22588468137618034,-0.0651079090807638,0.9035,0.4565
brl_usd,2026-10-01,consular suspension,E,"[-5,+5]",,,,,
brl_usd,2026-10-01,consular suspension,E,"[-20,+20]",,,,,
brl_usd,2026-10-01,consular suspension,E,"[-60,+60]",,,,,
brl_usd,2025-04-02,Liberation Day (Brazil at 10% floor),C,"[-1,+1]",2.5812981450517754,2.5727470138315613,2.388010099936899,0.108,0.9395
brl_usd,2025-04-02,Liberation Day (Brazil at 10% floor),C,"[-5,+5]",-5.437926249434547,-5.43335759391755,-6.146649081522426,0.092,0.0355
brl_usd,2025-04-02,Liberation Day (Brazil at 10% floor),C,"[-20,+20]",6.064308000705436,6.132893788575654,3.422704717468794,0.333,0.8105
brl_usd,2025-04-02,Liberation Day (Brazil at 10% floor),C,"[-60,+60]",19.961803609073538,20.249107780961495,12.165852456106862,0.1675,0.8765
brl_usd,2025-04-11,Reciprocity Law,C,"[-1,+1]",3.8763307511140925,3.8925876901267866,3.6633517497553614,0.0325,0.982
brl_usd,2025-04-11,Reciprocity Law,C,"[-5,+5]",-1.7358745960046056,-1.586718290684849,-2.51679760098662,0.544,0.2775
brl_usd,2025-04-11,Reciprocity Law,C,"[-20,+20]",6.467040204359769,6.752712165435094,3.556327185790442,0.3,0.8245
brl_usd,2025-04-11,Reciprocity Law,C,"[-60,+60]",17.61922706936481,18.398510053846895,9.029074014562655,0.2005,0.8635
brl_usd,2026-10-05,first-round result,C,"[-1,+1]",,,,,
brl_usd,2026-10-05,first-round result,C,"[-5,+5]",,,,,
brl_usd,2026-10-05,first-round result,C,"[-20,+20]",,,,,
brl_usd,2026-10-05,first-round result,C,"[-60,+60]",,,,,
ibovespa_usd,2025-07-10,Trump letter 50% (07-09 evening),E,"[-1,+1]",-3.975125095018115,-3.971017489600789,-4.349491142199824,0.1935,0.0905
ibovespa_usd,2025-07-10,Trump letter 50% (07-09 evening),E,"[-5,+5]",-3.388612552675417,-3.5318653685868298,-4.761288059008351,0.602,0.295
ibovespa_usd,2025-07-10,Trump letter 50% (07-09 evening),E,"[-20,+20]",6.851735074733404,6.709449291924271,1.7353990965833788,0.6505,0.674
ibovespa_usd,2025-07-10,Trump letter 50% (07-09 evening),E,"[-60,+60]",38.21216881807709,37.109599667899936,23.11273824841482,0.225,0.8695
ibovespa_usd,2025-07-30,EO 14323 + Magnitsky on Moraes,E,"[-1,+1]",0.5698184332560625,0.29341912939918224,0.45303283120432525,0.84,0.5695
ibovespa_usd,2025-07-30,EO 14323 + Magnitsky on Moraes,E,"[-5,+5]",2.4435429310304233,2.466420557723649,2.01532905684072,0.71,0.65
ibovespa_usd,2025-07-30,EO 14323 + Magnitsky on Moraes,E,"[-20,+20]",1.5023544137500744,0.9534140373862123,-0.09371548095700177,0.9395,0.53
ibovespa_usd,2025-07-30,EO 14323 + Magnitsky on Moraes,E,"[-60,+60]",17.642814922495702,16.148642776091663,12.932462306408965,0.5245,0.757
ibovespa_usd,2025-08-06,40% effective,E,"[-1,+1]",3.5283564547951296,3.6307460837752927,3.505467408392171,0.245,0.873
ibovespa_usd,2025-08-06,40% effective,E,"[-5,+5]",6.3724729008867715,6.608984252133119,6.288546397409256,0.3005,0.8315
ibovespa_usd,2025-08-06,40% effective,E,"[-20,+20]",0.8724446452300314,0.6440793949983957,0.5596276777229292,0.9655,0.5145
ibovespa_usd,2025-08-06,40% effective,E,"[-60,+60]",15.573929720423486,14.27958651105463,14.65073818217082,0.5725,0.734
ibovespa_usd,2025-09-23,UNGA chemistry,D,"[-1,+1]",0.8905163431395311,0.6564055649299934,0.7372339964867081,0.7545,0.621
ibovespa_usd,2025-09-23,UNGA chemistry,D,"[-5,+5]",2.459999543709762,2.197307651209038,1.8979642726494106,0.708,0.6505
ibovespa_usd,2025-09-23,UNGA chemistry,D,"[-20,+20]",6.995298825913958,6.695936937735679,4.900440088325375,0.6455,0.675
ibovespa_usd,2025-09-23,UNGA chemistry,D,"[-60,+60]",17.720003827047485,15.833853687897452,11.53761584538362,0.521,0.7595
ibovespa_usd,2025-10-06,Lula-Trump call,D,"[-1,+1]",-1.4173815025192413,-1.855501668633594,-1.6574179688817026,0.6305,0.3125
ibovespa_usd,2025-10-06,Lula-Trump call,D,"[-5,+5]",-3.8624491791560787,-2.746301136500116,-4.74258288915177,0.545,0.265
ibovespa_usd,2025-10-06,Lula-Trump call,D,"[-20,+20]",9.475457065022644,8.07209107433426,6.194958691402341,0.5215,0.732
ibovespa_usd,2025-10-06,Lula-Trump call,D,"[-60,+60]",29.449134011614234,27.48213098170035,19.767663201661634,0.308,0.8435
ibovespa_usd,2025-10-27,Kuala Lumpur meeting (Sun 26),D,"[-1,+1]",1.3108664327488848,1.690958164558274,1.4442790267908734,0.6605,0.667
ibovespa_usd,2025-10-27,Kuala Lumpur meeting (Sun 26),D,"[-5,+5]",5.953984582910133,4.061107061999252,6.443164094397424,0.3335,0.815
ibovespa_usd,2025-10-27,Kuala Lumpur meeting (Sun 26),D,"[-20,+20]",4.385193309610058,3.4157137885084374,6.208498761517234,0.7835,0.612
ibovespa_usd,2025-10-27,Kuala Lumpur meeting (Sun 26),D,"[-60,+60]",29.538499808809892,22.0448626791909,34.919474435170095,0.307,0.8435
ibovespa_usd,2025-11-20,EO 14361 food relief,D,"[-1,+1]",-2.096747106774347,-2.2772603664802173,-1.8919993954467529,0.4695,0.228
ibovespa_usd,2025-11-20,EO 14361 food relief,D,"[-5,+5]",-0.6949310495064756,-1.895589777478894,0.055810558694702195,0.9265,0.478
ibovespa_usd,2025-11-20,EO 14361 food relief,D,"[-20,+20]",3.859986657842309,2.036302552440797,6.658205379319426,0.8085,0.6005
ibovespa_usd,2025-11-20,EO 14361 food relief,D,"[-60,+60]",27.511679264894916,20.059148108130017,35.76983695510787,0.335,0.835
ibovespa_usd,2025-12-12,Magnitsky lifted,D,"[-1,+1]",3.1555800480130247,3.2968877201072955,3.4582068828852286,0.292,0.847
ibovespa_usd,2025-12-12,Magnitsky lifted,D,"[-5,+5]",-8.900735280701555,-8.926884122431161,-7.791103552836809,0.16,0.0675
ibovespa_usd,2025-12-12,Magnitsky lifted,D,"[-20,+20]",-1.02549362247336,-3.9829559973155177,3.1104064541134235,0.96,0.478
ibovespa_usd,2025-12-12,Magnitsky lifted,D,"[-60,+60]",9.627093130755851,-0.8086125602911121,21.833042137268066,0.7335,0.6575
ibovespa_usd,2026-02-20,SCOTUS voids IEEPA,D,"[-1,+1]",2.6135977048335386,2.571779611173098,2.8874636060539416,0.364,0.814
ibovespa_usd,2026-02-20,SCOTUS voids IEEPA,D,"[-5,+5]",1.537553292139751,1.377186878946525,2.541728263281229,0.825,0.5995
ibovespa_usd,2026-02-20,SCOTUS voids IEEPA,D,"[-20,+20]",3.9220513072614738,-0.638758128223365,7.664885290606982,0.8055,0.602
ibovespa_usd,2026-02-20,SCOTUS voids IEEPA,D,"[-60,+60]",7.355837448596132,2.011076505878241,18.40176213115239,0.7855,0.6355
ibovespa_usd,2026-05-07,White House meeting,D,"[-1,+1]",-1.3929489836827207,-1.1135291993582006,-0.9322672717273051,0.6355,0.3155
ibovespa_usd,2026-05-07,White House meeting,D,"[-5,+5]",-7.139881800238651,-7.038817238759631,-5.450715523068794,0.2495,0.1105
ibovespa_usd,2026-05-07,White House meeting,D,"[-20,+20]",-16.464755729837744,-15.613467824043239,-10.16877233311373,0.2425,0.099
ibovespa_usd,2026-05-07,White House meeting,D,"[-60,+60]",-17.567223615794074,-17.643972099023266,1.0136054330743605,0.5285,0.284
ibovespa_usd,2026-06-01,301 determination,E,"[-1,+1]",-0.22810282985781866,-0.2514922003472999,0.21386911287937238,0.9345,0.4585
ibovespa_usd,2026-06-01,301 determination,E,"[-5,+5]",-8.36875549736973,-8.250759906414526,-6.748191707333362,0.19,0.0805
ibovespa_usd,2026-06-01,301 determination,E,"[-20,+20]",-18.25696983857789,-17.704792548426486,-12.216686621169615,0.1815,0.068
ibovespa_usd,2026-06-01,301 determination,E,"[-60,+60]",-19.950741444398925,-19.801945815032273,-2.1245397539988886,0.4685,0.2495
ibovespa_usd,2026-07-15,301 final action,E,"[-1,+1]",-1.22579640926477,-1.187989995143101,-0.6878764641868429,0.6775,0.336
ibovespa_usd,2026-07-15,301 final action,E,"[-5,+5]",2.796435956475117,1.449397722941665,4.768809088427517,0.6715,0.661
ibovespa_usd,2026-07-15,301 final action,E,"[-20,+20]",-10.30923287542185,-10.846194666770595,-2.9576602926901785,0.484,0.2335
ibovespa_usd,2026-07-15,301 final action,E,"[-60,+60]",,,,,
ibovespa_usd,2026-07-22,301 effective,E,"[-1,+1]",1.3028898805167006,0.4305115041315659,2.0866284588883843,0.6625,0.6665
ibovespa_usd,2026-07-22,301 effective,E,"[-5,+5]",-5.3779882497997935,-5.776835441339596,-2.50428012910362,0.383,0.1745
ibovespa_usd,2026-07-22,301 effective,E,"[-20,+20]",-12.677578782750137,-13.464543615251458,-1.966484878337127,0.391,0.186
ibovespa_usd,2026-07-22,301 effective,E,"[-60,+60]",,,,,
ibovespa_usd,2026-08-17,FT: Magnitsky re-imposition discussed (Sun 16),E,"[-1,+1]",-1.6726714272701466,-2.018120803990898,-0.8136395655983009,0.5665,0.2795
ibovespa_usd,2026-08-17,FT: Magnitsky re-imposition discussed (Sun 16),E,"[-5,+5]",-4.68115060753728,-5.176139268131566,-1.5313671147405117,0.4495,0.2115
ibovespa_usd,2026-08-17,FT: Magnitsky re-imposition discussed (Sun 16),E,"[-20,+20]",-5.248090699259119,-9.249116761751306,6.492011410256104,0.739,0.3735
ibovespa_usd,2026-08-17,FT: Magnitsky re-imposition discussed (Sun 16),E,"[-60,+60]",,,,,
ibovespa_usd,2026-10-01,consular suspension,E,"[-1,+1]",,,,,
ibovespa_usd,2026-10-01,consular suspension,E,"[-5,+5]",,,,,
ibovespa_usd,2026-10-01,consular suspension,E,"[-20,+20]",,,,,
ibovespa_usd,2026-10-01,consular suspension,E,"[-60,+60]",,,,,
ibovespa_usd,2025-04-02,Liberation Day (Brazil at 10% floor),C,"[-1,+1]",3.180436274943413,3.285751728952615,3.062072812597627,0.29,0.848
ibovespa_usd,2025-04-02,Liberation Day (Brazil at 10% floor),C,"[-5,+5]",-9.00081961033384,-8.782836740253831,-9.434818972268388,0.1555,0.066
ibovespa_usd,2025-04-02,Liberation Day (Brazil at 10% floor),C,"[-20,+20]",13.388857450862778,13.959972490914083,11.77122346547037,0.3545,0.808
ibovespa_usd,2025-04-02,Liberation Day (Brazil at 10% floor),C,"[-60,+60]",33.26228456209599,34.5503435628346,28.48829158081596,0.2685,0.853
ibovespa_usd,2025-04-11,Reciprocity Law,C,"[-1,+1]",5.116263417875475,5.177332584830003,4.95238806300069,0.119,0.9375
ibovespa_usd,2025-04-11,Reciprocity Law,C,"[-5,+5]",-2.433496660581092,-1.9678638082653888,-3.034372961788634,0.7105,0.36
ibovespa_usd,2025-04-11,Reciprocity Law,C,"[-20,+20]",15.487698806550767,16.49369737683848,13.248068956595382,0.2855,0.8365
ibovespa_usd,2025-04-11,Reciprocity Law,C,"[-60,+60]",29.285743813149733,32.08245953054037,22.676104499866767,0.31,0.843
ibovespa_usd,2026-10-05,first-round result,C,"[-1,+1]",,,,,
ibovespa_usd,2026-10-05,first-round result,C,"[-5,+5]",,,,,
ibovespa_usd,2026-10-05,first-round result,C,"[-20,+20]",,,,,
ibovespa_usd,2026-10-05,first-round result,C,"[-60,+60]",,,,,
gov_real_yield_10y,2025-07-10,Trump letter 50% (07-09 evening),E,"[-1,+1]",7.907692307692251,,10.999999999999943,0.4415,0.783
gov_real_yield_10y,2025-07-10,Trump letter 50% (07-09 evening),E,"[-5,+5]",24.66153846153849,,36.00000000000003,0.242,0.868
gov_real_yield_10y,2025-07-10,Trump letter 50% (07-09 evening),E,"[-20,+20]",-20.261538461538475,,21.999999999999982,0.727,0.364
gov_real_yield_10y,2025-07-10,Trump letter 50% (07-09 evening),E,"[-60,+60]",-133.72307692307692,,-8.999999999999986,0.239,0.125
gov_real_yield_10y,2025-07-30,EO 14323 + Magnitsky on Moraes,E,"[-1,+1]",-7.2307692307692335,,-4.0000000000000036,0.4805,0.243
gov_real_yield_10y,2025-07-30,EO 14323 + Magnitsky on Moraes,E,"[-5,+5]",-14.84615384615378,,-2.999999999999936,0.465,0.2325
gov_real_yield_10y,2025-07-30,EO 14323 + Magnitsky on Moraes,E,"[-20,+20]",-1.1538461538461746,,42.99999999999997,0.9835,0.4845
gov_real_yield_10y,2025-07-30,EO 14323 + Magnitsky on Moraes,E,"[-60,+60]",-109.30769230769226,,21.0,0.3415,0.1735
gov_real_yield_10y,2025-08-06,40% effective,E,"[-1,+1]",-1.5999999999999526,,2.000000000000046,0.863,0.433
gov_real_yield_10y,2025-08-06,40% effective,E,"[-5,+5]",-26.19999999999998,,-12.99999999999999,0.218,0.099
gov_real_yield_10y,2025-08-06,40% effective,E,"[-20,+20]",-12.200000000000053,,36.99999999999993,0.8265,0.4125
gov_real_yield_10y,2025-08-06,40% effective,E,"[-60,+60]",-117.19999999999999,,27.99999999999995,0.305,0.159
gov_real_yield_10y,2025-09-23,UNGA chemistry,D,"[-1,+1]",2.13846153846152,,4.999999999999982,0.822,0.5915
gov_real_yield_10y,2025-09-23,UNGA chemistry,D,"[-5,+5]",-4.492307692307733,,5.999999999999961,0.8275,0.4245
gov_real_yield_10y,2025-09-23,UNGA chemistry,D,"[-20,+20]",-24.107692307692282,,15.000000000000036,0.673,0.335
gov_real_yield_10y,2025-09-23,UNGA chemistry,D,"[-60,+60]",-93.41538461538468,,21.999999999999954,0.4085,0.202
gov_real_yield_10y,2025-10-06,Lula-Trump call,D,"[-1,+1]",7.18461538461535,,9.999999999999964,0.4835,0.762
gov_real_yield_10y,2025-10-06,Lula-Trump call,D,"[-5,+5]",10.676923076923076,,20.999999999999996,0.598,0.711
gov_real_yield_10y,2025-10-06,Lula-Trump call,D,"[-20,+20]",-40.47692307692302,,-1.9999999999999574,0.452,0.2245
gov_real_yield_10y,2025-10-06,Lula-Trump call,D,"[-60,+60]",-111.55384615384607,,2.0000000000000604,0.3285,0.17
gov_real_yield_10y,2025-10-27,Kuala Lumpur meeting (Sun 26),D,"[-1,+1]",-12.430769230769263,,-11.000000000000032,0.2425,0.123
gov_real_yield_10y,2025-10-27,Kuala Lumpur meeting (Sun 26),D,"[-5,+5]",-21.24615384615386,,-16.000000000000014,0.3025,0.1425
gov_real_yield_10y,2025-10-27,Kuala Lumpur meeting (Sun 26),D,"[-20,+20]",-35.55384615384617,,-16.000000000000014,0.5185,0.2595
gov_real_yield_10y,2025-10-27,Kuala Lumpur meeting (Sun 26),D,"[-60,+60]",-48.70769230769233,,8.99999999999999,0.6355,0.2975
gov_real_yield_10y,2025-11-20,EO 14361 food relief,D,"[-1,+1]",-9.269230769230775,,-8.000000000000007,0.375,0.19
gov_real_yield_10y,2025-11-20,EO 14361 food relief,D,"[-5,+5]",-15.653846153846096,,-10.999999999999943,0.442,0.218
gov_real_yield_10y,2025-11-20,EO 14361 food relief,D,"[-20,+20]",-35.34615384615381,,-17.99999999999997,0.5195,0.26
gov_real_yield_10y,2025-11-20,EO 14361 food relief,D,"[-60,+60]",-56.19230769230768,,-5.0,0.593,0.2795
gov_real_yield_10y,2025-12-12,Magnitsky lifted,D,"[-1,+1]",-13.946153846153836,,-12.99999999999999,0.198,0.102
gov_real_yield_10y,2025-12-12,Magnitsky lifted,D,"[-5,+5]",28.53076923076926,,32.00000000000003,0.1895,0.896
gov_real_yield_10y,2025-12-12,Magnitsky lifted,D,"[-20,+20]",14.069230769230819,,27.00000000000005,0.805,0.597
gov_real_yield_10y,2025-12-12,Magnitsky lifted,D,"[-60,+60]",-10.161538461538438,,28.000000000000025,0.9185,0.426
gov_real_yield_10y,2026-02-20,SCOTUS voids IEEPA,D,"[-1,+1]",4.676923076923059,,4.999999999999982,0.637,0.6875
gov_real_yield_10y,2026-02-20,SCOTUS voids IEEPA,D,"[-5,+5]",-29.18461538461541,,-28.000000000000025,0.184,0.082
gov_real_yield_10y,2026-02-20,SCOTUS voids IEEPA,D,"[-20,+20]",-22.415384615384582,,-17.99999999999997,0.7015,0.35
gov_real_yield_10y,2026-02-20,SCOTUS voids IEEPA,D,"[-60,+60]",6.969230769230817,,20.00000000000003,0.9435,0.493
gov_real_yield_10y,2026-05-07,White House meeting,D,"[-1,+1]",0.7461538461538242,,0.9999999999999787,0.942,0.5305
gov_real_yield_10y,2026-05-07,White House meeting,D,"[-5,+5]",12.069230769230757,,12.99999999999999,0.5495,0.733
gov_real_yield_10y,2026-05-07,White House meeting,D,"[-20,+20]",19.530769230769174,,22.999999999999954,0.7385,0.631
gov_real_yield_10y,2026-05-07,White House meeting,D,"[-60,+60]",38.761538461538436,,49.0,0.71,0.6235
gov_real_yield_10y,2026-06-01,301 determination,E,"[-1,+1]",5.792307692307654,,5.999999999999961,0.569,0.7205
gov_real_yield_10y,2026-06-01,301 determination,E,"[-5,+5]",34.23846153846151,,34.999999999999964,0.1265,0.931
gov_real_yield_10y,2026-06-01,301 determination,E,"[-20,+20]",44.161538461538534,,47.00000000000007,0.408,0.7955
gov_real_yield_10y,2026-06-01,301 determination,E,"[-60,+60]",23.623076923076898,,31.99999999999996,0.8175,0.563
gov_real_yield_10y,2026-07-15,301 final action,E,"[-1,+1]",-0.923076923076924,,0.0,0.9235,0.4625
gov_real_yield_10y,2026-07-15,301 final action,E,"[-5,+5]",-4.384615384615366,,-0.9999999999999787,0.831,0.426
gov_real_yield_10y,2026-07-15,301 final action,E,"[-20,+20]",5.384615384615344,,17.99999999999997,0.923,0.5345
gov_real_yield_10y,2026-07-15,301 final action,E,"[-60,+60]",,,,,
gov_real_yield_10y,2026-07-22,301 effective,E,"[-1,+1]",16.70000000000008,,17.00000000000008,0.1345,0.936
gov_real_yield_10y,2026-07-22,301 effective,E,"[-5,+5]",12.89999999999997,,13.999999999999968,0.52,0.7505
gov_real_yield_10y,2026-07-22,301 effective,E,"[-20,+20]",-21.099999999999987,,-16.999999999999993,0.7155,0.357
gov_real_yield_10y,2026-07-22,301 effective,E,"[-60,+60]",,,,,
gov_real_yield_10y,2026-08-17,FT: Magnitsky re-imposition discussed (Sun 16),E,"[-1,+1]",-1.3692307692307484,,-0.9999999999999787,0.88,0.4415
gov_real_yield_10y,2026-08-17,FT: Magnitsky re-imposition discussed (Sun 16),E,"[-5,+5]",-15.353846153846124,,-13.999999999999968,0.452,0.2245
gov_real_yield_10y,2026-08-17,FT: Magnitsky re-imposition discussed (Sun 16),E,"[-20,+20]",-42.046153846153864,,-37.000000000000014,0.4305,0.2135
gov_real_yield_10y,2026-08-17,FT: Magnitsky re-imposition discussed (Sun 16),E,"[-60,+60]",,,,,
gov_real_yield_10y,2026-10-01,consular suspension,E,"[-1,+1]",5.092307692307675,,4.999999999999982,0.6105,0.7005
gov_real_yield_10y,2026-10-01,consular suspension,E,"[-5,+5]",,,,,
gov_real_yield_10y,2026-10-01,consular suspension,E,"[-20,+20]",,,,,
gov_real_yield_10y,2026-10-01,consular suspension,E,"[-60,+60]",,,,,
gov_real_yield_10y,2025-04-02,Liberation Day (Brazil at 10% floor),C,"[-1,+1]",-9.407692307692315,,-8.000000000000007,0.3675,0.1865
gov_real_yield_10y,2025-04-02,Liberation Day (Brazil at 10% floor),C,"[-5,+5]",2.8384615384614547,,7.999999999999918,0.887,0.5675
gov_real_yield_10y,2025-04-02,Liberation Day (Brazil at 10% floor),C,"[-20,+20]",-58.23846153846152,,-38.99999999999997,0.2545,0.131
gov_real_yield_10y,2025-04-02,Liberation Day (Brazil at 10% floor),C,"[-60,+60]",-99.77692307692308,,-42.999999999999986,0.3785,0.1875
gov_real_yield_10y,2025-04-11,Reciprocity Law,C,"[-1,+1]",-17.992307692307683,,-16.999999999999993,0.1095,0.0555
gov_real_yield_10y,2025-04-11,Reciprocity Law,C,"[-5,+5]",9.361538461538455,,12.99999999999999,0.652,0.6825
gov_real_yield_10y,2025-04-11,Reciprocity Law,C,"[-20,+20]",-55.56153846153845,,-42.0,0.281,0.144
gov_real_yield_10y,2025-04-11,Reciprocity Law,C,"[-60,+60]",-56.023076923076914,,-16.000000000000025,0.5935,0.2795
gov_real_yield_10y,2026-10-05,first-round result,C,"[-1,+1]",,,,,
gov_real_yield_10y,2026-10-05,first-round result,C,"[-5,+5]",,,,,
gov_real_yield_10y,2026-10-05,first-round result,C,"[-20,+20]",,,,,
gov_real_yield_10y,2026-10-05,first-round result,C,"[-60,+60]",,,,,
gov_nominal_yield_5y,2025-07-10,Trump letter 50% (07-09 evening),E,"[-1,+1]",18.33846153846152,,25.99999999999998,0.345,0.838
gov_nominal_yield_5y,2025-07-10,Trump letter 50% (07-09 evening),E,"[-5,+5]",52.90769230769237,,81.00000000000006,0.221,0.8895
gov_nominal_yield_5y,2025-07-10,Trump letter 50% (07-09 evening),E,"[-20,+20]",-112.7076923076921,,-7.9999999999998295,0.2815,0.1425
gov_nominal_yield_5y,2025-07-10,Trump letter 50% (07-09 evening),E,"[-60,+60]",-433.01538461538456,,-124.00000000000004,0.049,0.049
gov_nominal_yield_5y,2025-07-30,EO 14323 + Magnitsky on Moraes,E,"[-1,+1]",-21.930769230769247,,-16.000000000000014,0.2655,0.142
gov_nominal_yield_5y,2025-07-30,EO 14323 + Magnitsky on Moraes,E,"[-5,+5]",-36.74615384615389,,-15.000000000000036,0.3655,0.1805
gov_nominal_yield_5y,2025-07-30,EO 14323 + Magnitsky on Moraes,E,"[-20,+20]",-35.05384615384609,,46.00000000000009,0.736,0.344
gov_nominal_yield_5y,2025-07-30,EO 14323 + Magnitsky on Moraes,E,"[-60,+60]",-271.20769230769224,,-31.999999999999872,0.179,0.11
gov_nominal_yield_5y,2025-08-06,40% effective,E,"[-1,+1]",-7.6923076923076685,,-0.9999999999999787,0.679,0.3465
gov_nominal_yield_5y,2025-08-06,40% effective,E,"[-5,+5]",-65.53846153846155,,-41.000000000000014,0.151,0.0765
gov_nominal_yield_5y,2025-08-06,40% effective,E,"[-20,+20]",-62.46153846153851,,28.999999999999915,0.541,0.2425
gov_nominal_yield_5y,2025-08-06,40% effective,E,"[-60,+60]",-293.9230769230769,,-24.00000000000003,0.143,0.0965
gov_nominal_yield_5y,2025-09-23,UNGA chemistry,D,"[-1,+1]",-0.46153846153859046,,5.999999999999872,0.986,0.5005
gov_nominal_yield_5y,2025-09-23,UNGA chemistry,D,"[-5,+5]",-17.692307692307825,,5.999999999999872,0.6305,0.314
gov_nominal_yield_5y,2025-09-23,UNGA chemistry,D,"[-20,+20]",-99.30769230769226,,-10.999999999999943,0.3475,0.1605
gov_nominal_yield_5y,2025-09-23,UNGA chemistry,D,"[-60,+60]",-251.61538461538464,,9.000000000000007,0.21,0.1215
gov_nominal_yield_5y,2025-10-06,Lula-Trump call,D,"[-1,+1]",17.01538461538468,,22.000000000000064,0.3755,0.822
gov_nominal_yield_5y,2025-10-06,Lula-Trump call,D,"[-5,+5]",6.7230769230769205,,25.0,0.8555,0.578
gov_nominal_yield_5y,2025-10-06,Lula-Trump call,D,"[-20,+20]",-87.1230769230769,,-18.99999999999995,0.394,0.1785
gov_nominal_yield_5y,2025-10-06,Lula-Trump call,D,"[-60,+60]",-227.04615384615386,,-25.99999999999998,0.259,0.1435
gov_nominal_yield_5y,2025-10-27,Kuala Lumpur meeting (Sun 26),D,"[-1,+1]",-10.730769230769216,,-8.999999999999986,0.5745,0.292
gov_nominal_yield_5y,2025-10-27,Kuala Lumpur meeting (Sun 26),D,"[-5,+5]",-27.346153846153754,,-20.999999999999908,0.48,0.24
gov_nominal_yield_5y,2025-10-27,Kuala Lumpur meeting (Sun 26),D,"[-20,+20]",-50.65384615384629,,-27.000000000000135,0.614,0.279
gov_nominal_yield_5y,2025-10-27,Kuala Lumpur meeting (Sun 26),D,"[-60,+60]",-116.80769230769221,,-46.99999999999989,0.629,0.271
gov_nominal_yield_5y,2025-11-20,EO 14361 food relief,D,"[-1,+1]",-9.36153846153847,,-8.000000000000007,0.6185,0.3175
gov_nominal_yield_5y,2025-11-20,EO 14361 food relief,D,"[-5,+5]",-18.99230769230775,,-14.000000000000057,0.611,0.3035
gov_nominal_yield_5y,2025-11-20,EO 14361 food relief,D,"[-20,+20]",-6.607692307692389,,11.999999999999922,0.9455,0.4545
gov_nominal_yield_5y,2025-11-20,EO 14361 food relief,D,"[-60,+60]",-105.9153846153846,,-50.99999999999998,0.668,0.2885
gov_nominal_yield_5y,2025-12-12,Magnitsky lifted,D,"[-1,+1]",-15.68461538461538,,-16.999999999999993,0.415,0.2155
gov_nominal_yield_5y,2025-12-12,Magnitsky lifted,D,"[-5,+5]",75.82307692307683,,70.99999999999991,0.11,0.9445
gov_nominal_yield_5y,2025-12-12,Magnitsky lifted,D,"[-20,+20]",35.976923076922986,,17.999999999999964,0.7265,0.611
gov_nominal_yield_5y,2025-12-12,Magnitsky lifted,D,"[-60,+60]",116.05384615384605,,63.00000000000006,0.6335,0.64
gov_nominal_yield_5y,2026-02-20,SCOTUS voids IEEPA,D,"[-1,+1]",6.8000000000000735,,5.000000000000071,0.7135,0.6515
gov_nominal_yield_5y,2026-02-20,SCOTUS voids IEEPA,D,"[-5,+5]",0.5999999999999597,,-6.00000000000005,0.9845,0.509
gov_nominal_yield_5y,2026-02-20,SCOTUS voids IEEPA,D,"[-20,+20]",58.60000000000002,,33.999999999999986,0.564,0.6875
gov_nominal_yield_5y,2026-02-20,SCOTUS voids IEEPA,D,"[-60,+60]",163.60000000000008,,90.99999999999999,0.466,0.7505
gov_nominal_yield_5y,2026-05-07,White House meeting,D,"[-1,+1]",-12.915384615384497,,-13.99999999999988,0.5035,0.261
gov_nominal_yield_5y,2026-05-07,White House meeting,D,"[-5,+5]",37.97692307692305,,33.999999999999986,0.3515,0.823
gov_nominal_yield_5y,2026-05-07,White House meeting,D,"[-20,+20]",70.82307692307694,,56.00000000000005,0.487,0.733
gov_nominal_yield_5y,2026-05-07,White House meeting,D,"[-60,+60]",184.74615384615373,,141.0,0.3925,0.8035
gov_nominal_yield_5y,2026-06-01,301 determination,E,"[-1,+1]",4.661538461538576,,3.0000000000001137,0.8045,0.6065
gov_nominal_yield_5y,2026-06-01,301 determination,E,"[-5,+5]",76.09230769230781,,70.00000000000011,0.1095,0.945
gov_nominal_yield_5y,2026-06-01,301 determination,E,"[-20,+20]",81.7076923076923,,58.99999999999998,0.4225,0.77
gov_nominal_yield_5y,2026-06-01,301 determination,E,"[-60,+60]",185.0153846153846,,117.99999999999991,0.3905,0.8045
gov_nominal_yield_5y,2026-07-15,301 final action,E,"[-1,+1]",3.0923076923076263,,2.999999999999936,0.876,0.575
gov_nominal_yield_5y,2026-07-15,301 final action,E,"[-5,+5]",31.33846153846158,,31.00000000000005,0.426,0.7845
gov_nominal_yield_5y,2026-07-15,301 final action,E,"[-20,+20]",33.26153846153829,,31.99999999999985,0.75,0.599
gov_nominal_yield_5y,2026-07-15,301 final action,E,"[-60,+60]",,,,,
gov_nominal_yield_5y,2026-07-22,301 effective,E,"[-1,+1]",20.176923076923025,,18.99999999999995,0.2975,0.8635
gov_nominal_yield_5y,2026-07-22,301 effective,E,"[-5,+5]",27.315384615384655,,23.000000000000043,0.4805,0.7595
gov_nominal_yield_5y,2026-07-22,301 effective,E,"[-20,+20]",6.0846153846154145,,-9.999999999999964,0.9495,0.5065
gov_nominal_yield_5y,2026-07-22,301 effective,E,"[-60,+60]",,,,,
gov_nominal_yield_5y,2026-08-17,FT: Magnitsky re-imposition discussed (Sun 16),E,"[-1,+1]",15.807692307692342,,15.000000000000036,0.41,0.804
gov_nominal_yield_5y,2026-08-17,FT: Magnitsky re-imposition discussed (Sun 16),E,"[-5,+5]",14.961538461538558,,12.0000000000001,0.678,0.661
gov_nominal_yield_5y,2026-08-17,FT: Magnitsky re-imposition discussed (Sun 16),E,"[-20,+20]",-11.961538461538519,,-23.000000000000043,0.899,0.429
gov_nominal_yield_5y,2026-08-17,FT: Magnitsky re-imposition discussed (Sun 16),E,"[-60,+60]",,,,,
gov_nominal_yield_5y,2026-10-01,consular suspension,E,"[-1,+1]",6.7923076923077215,,7.000000000000028,0.714,0.6515
gov_nominal_yield_5y,2026-10-01,consular suspension,E,"[-5,+5]",,,,,
gov_nominal_yield_5y,2026-10-01,consular suspension,E,"[-20,+20]",,,,,
gov_nominal_yield_5y,2026-10-01,consular suspension,E,"[-60,+60]",,,,,
gov_nominal_yield_5y,2025-04-02,Liberation Day (Brazil at 10% floor),C,"[-1,+1]",-33.64615384615374,,-29.999999999999893,0.124,0.0625
gov_nominal_yield_5y,2025-04-02,Liberation Day (Brazil at 10% floor),C,"[-5,+5]",2.6307692307690687,,15.999999999999837,0.943,0.529
gov_nominal_yield_5y,2025-04-02,Liberation Day (Brazil at 10% floor),C,"[-20,+20]",-167.8307692307694,,-118.00000000000016,0.1065,0.071
gov_nominal_yield_5y,2025-04-02,Liberation Day (Brazil at 10% floor),C,"[-60,+60]",-352.0615384615385,,-205.00000000000006,0.0815,0.073
gov_nominal_yield_5y,2025-04-11,Reciprocity Law,C,"[-1,+1]",-56.85384615384609,,-52.999999999999936,0.0345,0.0155
gov_nominal_yield_5y,2025-04-11,Reciprocity Law,C,"[-5,+5]",-41.13076923076937,,-27.000000000000135,0.321,0.1615
gov_nominal_yield_5y,2025-04-11,Reciprocity Law,C,"[-20,+20]",-153.66923076923092,,-101.00000000000014,0.1325,0.083
gov_nominal_yield_5y,2025-04-11,Reciprocity Law,C,"[-60,+60]",-297.4384615384615,,-142.0,0.138,0.0955
gov_nominal_yield_5y,2026-10-05,first-round result,C,"[-1,+1]",,,,,
gov_nominal_yield_5y,2026-10-05,first-round result,C,"[-5,+5]",,,,,
gov_nominal_yield_5y,2026-10-05,first-round result,C,"[-20,+20]",,,,,
gov_nominal_yield_5y,2026-10-05,first-round result,C,"[-60,+60]",,,,,
embraer_usd,2025-07-10,Trump letter 50% (07-09 evening),E,"[-1,+1]",-11.683581468487152,,-10.90607781415307,0.0265,0.0155
embraer_usd,2025-07-10,Trump letter 50% (07-09 evening),E,"[-5,+5]",-16.37691493758603,,-13.52606820502773,0.088,0.038
embraer_usd,2025-07-10,Trump letter 50% (07-09 evening),E,"[-20,+20]",8.471372702559409,,19.097255978458527,0.723,0.613
embraer_usd,2025-07-10,Trump letter 50% (07-09 evening),E,"[-60,+60]",0.4512354599781361,,31.810549518119437,0.9935,0.447
embraer_usd,2025-07-30,EO 14323 + Magnitsky on Moraes,E,"[-1,+1]",18.685220358935528,,19.42335506152495,0.0025,1.0
embraer_usd,2025-07-30,EO 14323 + Magnitsky on Moraes,E,"[-5,+5]",13.002410219102513,,15.708904128597068,0.1455,0.922
embraer_usd,2025-07-30,EO 14323 + Magnitsky on Moraes,E,"[-20,+20]",-16.10368838914025,,-6.015847453751455,0.4955,0.2155
embraer_usd,2025-07-30,EO 14323 + Magnitsky on Moraes,E,"[-60,+60]",0.07810283700059983,,29.849535841440698,0.999,0.4425
embraer_usd,2025-08-06,40% effective,E,"[-1,+1]",-2.1533352185317263,,-1.1546695694146791,0.585,0.269
embraer_usd,2025-08-06,40% effective,E,"[-5,+5]",13.863221792657892,,17.5249958394204,0.132,0.9275
embraer_usd,2025-08-06,40% effective,E,"[-20,+20]",-18.067046006898625,,-4.418615468965648,0.4385,0.191
embraer_usd,2025-08-06,40% effective,E,"[-60,+60]",-8.465549788673812,,31.81396472571376,0.893,0.392
embraer_usd,2025-09-23,UNGA chemistry,D,"[-1,+1]",3.9488892139963805,,4.580552452893283,0.3715,0.794
embraer_usd,2025-09-23,UNGA chemistry,D,"[-5,+5]",3.3744506864932524,,5.690549229115227,0.756,0.6115
embraer_usd,2025-09-23,UNGA chemistry,D,"[-20,+20]",4.292010559056843,,12.92474149064784,0.8555,0.573
embraer_usd,2025-09-23,UNGA chemistry,D,"[-60,+60]",-15.75732312327234,,9.719760845569382,0.782,0.332
embraer_usd,2025-10-06,Lula-Trump call,D,"[-1,+1]",1.3589106109905207,,1.8895010555763037,0.7355,0.616
embraer_usd,2025-10-06,Lula-Trump call,D,"[-5,+5]",-6.643074118489675,,-4.697575821675137,0.486,0.236
embraer_usd,2025-10-06,Lula-Trump call,D,"[-20,+20]",-5.460546979854557,,1.7908557628178112,0.829,0.403
embraer_usd,2025-10-06,Lula-Trump call,D,"[-60,+60]",3.6990023936783594,,25.099483658638277,0.9535,0.466
embraer_usd,2025-10-27,Kuala Lumpur meeting (Sun 26),D,"[-1,+1]",3.3245258485378257,,4.134396587249034,0.435,0.7655
embraer_usd,2025-10-27,Kuala Lumpur meeting (Sun 26),D,"[-5,+5]",1.3586554233012675,,4.3281814652423645,0.882,0.55
embraer_usd,2025-10-27,Kuala Lumpur meeting (Sun 26),D,"[-20,+20]",-9.545083122283941,,1.5231503067692387,0.691,0.318
embraer_usd,2025-10-27,Kuala Lumpur meeting (Sun 26),D,"[-60,+60]",-1.096565562485175,,31.56822089886689,0.983,0.437
embraer_usd,2025-11-20,EO 14361 food relief,D,"[-1,+1]",-3.7453425801208664,,-3.3467190992021667,0.3985,0.182
embraer_usd,2025-11-20,EO 14361 food relief,D,"[-5,+5]",-2.7419997883263547,,-1.2803803582911222,0.7995,0.3915
embraer_usd,2025-11-20,EO 14361 food relief,D,"[-20,+20]",-6.088413202792035,,-0.6405589635698039,0.802,0.3845
embraer_usd,2025-11-20,EO 14361 food relief,D,"[-60,+60]",7.988407714515443,,24.066221444903,0.8985,0.494
embraer_usd,2025-12-12,Magnitsky lifted,D,"[-1,+1]",-1.4523510835386184,,-0.6047204993629318,0.7155,0.344
embraer_usd,2025-12-12,Magnitsky lifted,D,"[-5,+5]",-3.454554812788745,,-0.3465760041445609,0.7475,0.3655
embraer_usd,2025-12-12,Magnitsky lifted,D,"[-20,+20]",2.5398150147764635,,14.124099665177514,0.911,0.551
embraer_usd,2025-12-12,Magnitsky lifted,D,"[-60,+60]",-32.83681180586355,,1.3509550892224773,0.506,0.176
embraer_usd,2026-02-20,SCOTUS voids IEEPA,D,"[-1,+1]",-0.1203551225692292,,0.5322977449954802,0.978,0.486
embraer_usd,2026-02-20,SCOTUS voids IEEPA,D,"[-5,+5]",-2.9974256074744705,,-0.6043650930705358,0.7775,0.377
embraer_usd,2026-02-20,SCOTUS voids IEEPA,D,"[-20,+20]",-38.05532018106231,,-29.13573099101128,0.07,0.0495
embraer_usd,2026-02-20,SCOTUS voids IEEPA,D,"[-60,+60]",-38.58397418552359,,-12.260308527080308,0.426,0.1415
embraer_usd,2026-05-07,White House meeting,D,"[-1,+1]",-6.736431398886071,,-5.9989556891328455,0.162,0.084
embraer_usd,2026-05-07,White House meeting,D,"[-5,+5]",-10.691806180686807,,-7.987728578258313,0.265,0.1255
embraer_usd,2026-05-07,White House meeting,D,"[-20,+20]",-21.66316675735117,,-11.584332057390425,0.3515,0.1435
embraer_usd,2026-05-07,White House meeting,D,"[-60,+60]",-32.56811583381277,,-2.82326220709934,0.506,0.176
embraer_usd,2026-06-01,301 determination,E,"[-1,+1]",-2.16963302022099,,-1.558157542983718,0.581,0.266
embraer_usd,2026-06-01,301 determination,E,"[-5,+5]",-4.740907729236447,,-2.498830979366451,0.6585,0.3245
embraer_usd,2026-06-01,301 determination,E,"[-20,+20]",-5.999793972810098,,2.357037549432617,0.812,0.389
embraer_usd,2026-06-01,301 determination,E,"[-60,+60]",-17.092780966516877,,7.570063282053088,0.763,0.3285
embraer_usd,2026-07-15,301 final action,E,"[-1,+1]",-1.8332297163705866,,-1.0978525092695701,0.6385,0.309
embraer_usd,2026-07-15,301 final action,E,"[-5,+5]",-2.8995397529853606,,-0.2031566602816337,0.7815,0.381
embraer_usd,2026-07-15,301 final action,E,"[-20,+20]",11.466558335528422,,21.516713499242314,0.628,0.652
embraer_usd,2026-07-15,301 final action,E,"[-60,+60]",,,,,
embraer_usd,2026-07-22,301 effective,E,"[-1,+1]",-0.7249662302703357,,0.30307134660847446,0.8355,0.4075
embraer_usd,2026-07-22,301 effective,E,"[-5,+5]",-0.42960625121449025,,3.3398648640078132,0.9735,0.478
embraer_usd,2026-07-22,301 effective,E,"[-20,+20]",10.916036286447687,,24.965883170458092,0.6495,0.648
embraer_usd,2026-07-22,301 effective,E,"[-60,+60]",,,,,
embraer_usd,2026-08-17,FT: Magnitsky re-imposition discussed (Sun 16),E,"[-1,+1]",3.852217520986488,,4.314277051681703,0.3845,0.79
embraer_usd,2026-08-17,FT: Magnitsky re-imposition discussed (Sun 16),E,"[-5,+5]",3.084448709894238,,4.778666989110025,0.7725,0.6045
embraer_usd,2026-08-17,FT: Magnitsky re-imposition discussed (Sun 16),E,"[-20,+20]",9.370634872205208,,15.685448458373141,0.694,0.625
embraer_usd,2026-08-17,FT: Magnitsky re-imposition discussed (Sun 16),E,"[-60,+60]",,,,,
embraer_usd,2026-10-01,consular suspension,E,"[-1,+1]",-2.510199038257608,,-2.289546666333564,0.551,0.2495
embraer_usd,2026-10-01,consular suspension,E,"[-5,+5]",,,,,
embraer_usd,2026-10-01,consular suspension,E,"[-20,+20]",,,,,
embraer_usd,2026-10-01,consular suspension,E,"[-60,+60]",,,,,
embraer_usd,2025-04-02,Liberation Day (Brazil at 10% floor),C,"[-1,+1]",-1.8654068814519669,,-1.314682255233457,0.632,0.306
embraer_usd,2025-04-02,Liberation Day (Brazil at 10% floor),C,"[-5,+5]",-19.206753178582122,,-17.187429549114253,0.0475,0.0165
embraer_usd,2025-04-02,Liberation Day (Brazil at 10% floor),C,"[-20,+20]",-9.693229926845316,,-2.166660035192347,0.689,0.316
embraer_usd,2025-04-02,Liberation Day (Brazil at 10% floor),C,"[-60,+60]",24.309402671121365,,46.52196259526793,0.64,0.6275
embraer_usd,2025-04-11,Reciprocity Law,C,"[-1,+1]",3.534349360183295,,4.110708303461896,0.4145,0.7745
embraer_usd,2025-04-11,Reciprocity Law,C,"[-5,+5]",-8.47519448498605,,-6.361878359631179,0.3865,0.184
embraer_usd,2025-04-11,Reciprocity Law,C,"[-20,+20]",-10.290835276534354,,-2.4139297183934705,0.674,0.3105
embraer_usd,2025-04-11,Reciprocity Law,C,"[-60,+60]",13.827632901325735,,37.07411028022932,0.817,0.5365
embraer_usd,2026-10-05,first-round result,C,"[-1,+1]",-3.6125269539330516,,-3.317935684304585,0.409,0.1865
embraer_usd,2026-10-05,first-round result,C,"[-5,+5]",,,,,
embraer_usd,2026-10-05,first-round result,C,"[-20,+20]",,,,,
embraer_usd,2026-10-05,first-round result,C,"[-60,+60]",,,,,
exposed_basket_usd,2025-07-10,Trump letter 50% (07-09 evening),E,"[-1,+1]",-3.941463266511676,,-4.310143142107909,0.184,0.091
exposed_basket_usd,2025-07-10,Trump letter 50% (07-09 evening),E,"[-5,+5]",-4.043019657992496,,-5.394845868512015,0.476,0.2545
exposed_basket_usd,2025-07-10,Trump letter 50% (07-09 evening),E,"[-20,+20]",3.459036309320288,,-1.5795886571615563,0.788,0.627
exposed_basket_usd,2025-07-10,Trump letter 50% (07-09 evening),E,"[-60,+60]",24.956639686123097,,10.086551370408387,0.0745,0.9645
exposed_basket_usd,2025-07-30,EO 14323 + Magnitsky on Moraes,E,"[-1,+1]",2.302253503197709,,2.1469072946968843,0.415,0.805
exposed_basket_usd,2025-07-30,EO 14323 + Magnitsky on Moraes,E,"[-5,+5]",1.405082161895552,,0.8354793973925283,0.7915,0.6135
exposed_basket_usd,2025-07-30,EO 14323 + Magnitsky on Moraes,E,"[-20,+20]",0.4781643342546027,,-1.6449005152566674,0.9825,0.527
exposed_basket_usd,2025-07-30,EO 14323 + Magnitsky on Moraes,E,"[-60,+60]",9.440662439970708,,3.1750320304374466,0.583,0.707
exposed_basket_usd,2025-08-06,40% effective,E,"[-1,+1]",2.7933264584042488,,2.72476712662729,0.3405,0.845
exposed_basket_usd,2025-08-06,40% effective,E,"[-5,+5]",6.651524618927358,,6.400140402411843,0.2555,0.862
exposed_basket_usd,2025-08-06,40% effective,E,"[-20,+20]",-1.196106868343855,,-2.1330844026289566,0.934,0.4875
exposed_basket_usd,2025-08-06,40% effective,E,"[-60,+60]",8.942919121548677,,6.177692739878011,0.6115,0.6955
exposed_basket_usd,2025-09-23,UNGA chemistry,D,"[-1,+1]",0.10322905078817546,,-0.2016198953983669,0.9795,0.51
exposed_basket_usd,2025-09-23,UNGA chemistry,D,"[-5,+5]",-0.816024370024534,,-1.933803839375189,0.879,0.45
exposed_basket_usd,2025-09-23,UNGA chemistry,D,"[-20,+20]",4.036952225781436,,-0.1293167054346427,0.741,0.646
exposed_basket_usd,2025-09-23,UNGA chemistry,D,"[-60,+60]",16.075514503783825,,3.7799403409266175,0.274,0.866
exposed_basket_usd,2025-10-06,Lula-Trump call,D,"[-1,+1]",-1.403338610893429,,-1.8217769221255986,0.633,0.3175
exposed_basket_usd,2025-10-06,Lula-Trump call,D,"[-5,+5]",-3.33442919236121,,-4.8687030002124985,0.542,0.288
exposed_basket_usd,2025-10-06,Lula-Trump call,D,"[-20,+20]",4.976863707438584,,-0.7417932127343998,0.6565,0.69
exposed_basket_usd,2025-10-06,Lula-Trump call,D,"[-60,+60]",24.75500164168037,,7.877989755316197,0.077,0.962
exposed_basket_usd,2025-10-27,Kuala Lumpur meeting (Sun 26),D,"[-1,+1]",1.7816751634827361,,1.6551789995838637,0.519,0.751
exposed_basket_usd,2025-10-27,Kuala Lumpur meeting (Sun 26),D,"[-5,+5]",5.89999175216447,,5.4361724845352715,0.316,0.8415
exposed_basket_usd,2025-10-27,Kuala Lumpur meeting (Sun 26),D,"[-20,+20]",2.3379537916724105,,0.6091728850544872,0.8645,0.5865
exposed_basket_usd,2025-10-27,Kuala Lumpur meeting (Sun 26),D,"[-60,+60]",25.46678848162998,,20.364776537708792,0.0625,0.97
exposed_basket_usd,2025-11-20,EO 14361 food relief,D,"[-1,+1]",-2.2049098752412477,,-2.3411566737288787,0.4385,0.228
exposed_basket_usd,2025-11-20,EO 14361 food relief,D,"[-5,+5]",-0.9355557021139518,,-1.4351272965685988,0.859,0.439
exposed_basket_usd,2025-11-20,EO 14361 food relief,D,"[-20,+20]",7.806829424097074,,5.944789844766118,0.4445,0.7655
exposed_basket_usd,2025-11-20,EO 14361 food relief,D,"[-60,+60]",22.16874612791569,,16.67345858891457,0.142,0.9285
exposed_basket_usd,2025-12-12,Magnitsky lifted,D,"[-1,+1]",2.03914434640734,,1.953896188410254,0.474,0.773
exposed_basket_usd,2025-12-12,Magnitsky lifted,D,"[-5,+5]",-2.5223455679595594,,-2.834922147282209,0.62,0.3195
exposed_basket_usd,2025-12-12,Magnitsky lifted,D,"[-20,+20]",5.104815235851609,,3.9397570765580974,0.647,0.6945
exposed_basket_usd,2025-12-12,Magnitsky lifted,D,"[-60,+60]",-0.5945729448244066,,-4.032915317373549,0.9735,0.4715
exposed_basket_usd,2026-02-20,SCOTUS voids IEEPA,D,"[-1,+1]",1.8734160559309785,,1.9092679551721283,0.5055,0.7605
exposed_basket_usd,2026-02-20,SCOTUS voids IEEPA,D,"[-5,+5]",0.931645875245768,,1.063102839129984,0.861,0.58
exposed_basket_usd,2026-02-20,SCOTUS voids IEEPA,D,"[-20,+20]",-11.71517413821204,,-11.225198181916326,0.2105,0.077
exposed_basket_usd,2026-02-20,SCOTUS voids IEEPA,D,"[-60,+60]",-2.2038237493790795,,-0.7577971466527047,0.901,0.4415
exposed_basket_usd,2026-05-07,White House meeting,D,"[-1,+1]",2.1458611493133173,,2.333194978806093,0.4555,0.7765
exposed_basket_usd,2026-05-07,White House meeting,D,"[-5,+5]",-4.87280781510767,,-4.185917106967494,0.413,0.219
exposed_basket_usd,2026-05-07,White House meeting,D,"[-20,+20]",-12.076267381467611,,-9.516038378399681,0.1995,0.074
exposed_basket_usd,2026-05-07,White House meeting,D,"[-60,+60]",-17.857064166978503,,-10.301266377436564,0.232,0.1165
exposed_basket_usd,2026-06-01,301 determination,E,"[-1,+1]",-0.7289054615779657,,-0.6083381673106067,0.8335,0.4085
exposed_basket_usd,2026-06-01,301 determination,E,"[-5,+5]",-5.301978279834772,,-4.859898200854456,0.38,0.201
exposed_basket_usd,2026-06-01,301 determination,E,"[-20,+20]",-13.148563973813777,,-11.500810952159872,0.1595,0.054
exposed_basket_usd,2026-06-01,301 determination,E,"[-60,+60]",-9.879856743127164,,-5.016975874343687,0.5595,0.2785
exposed_basket_usd,2026-07-15,301 final action,E,"[-1,+1]",0.6156262423357496,,0.8811907534890455,0.871,0.5565
exposed_basket_usd,2026-07-15,301 final action,E,"[-5,+5]",4.514042400513796,,5.487778941409214,0.442,0.795
exposed_basket_usd,2026-07-15,301 final action,E,"[-20,+20]",-3.8533875679784906,,-0.22400591555011284,0.7505,0.3955
exposed_basket_usd,2026-07-15,301 final action,E,"[-60,+60]",,,,,
exposed_basket_usd,2026-07-22,301 effective,E,"[-1,+1]",-0.0318199212361559,,0.4452725737620733,0.9965,0.5025
exposed_basket_usd,2026-07-22,301 effective,E,"[-5,+5]",-0.5115900777002504,,1.23774907062659,0.913,0.4685
exposed_basket_usd,2026-07-22,301 effective,E,"[-20,+20]",-3.894141439029254,,2.6261226592798783,0.7455,0.3905
exposed_basket_usd,2026-07-22,301 effective,E,"[-60,+60]",,,,,
exposed_basket_usd,2026-08-17,FT: Magnitsky re-imposition discussed (Sun 16),E,"[-1,+1]",-1.307527189297335,,-0.9071232634363708,0.6505,0.3265
exposed_basket_usd,2026-08-17,FT: Magnitsky re-imposition discussed (Sun 16),E,"[-5,+5]",-1.524906300608996,,-0.05675857245212712,0.7765,0.3985
exposed_basket_usd,2026-08-17,FT: Magnitsky re-imposition discussed (Sun 16),E,"[-20,+20]",2.4459983168431725,,7.918185303609684,0.8575,0.5915
exposed_basket_usd,2026-08-17,FT: Magnitsky re-imposition discussed (Sun 16),E,"[-60,+60]",,,,,
exposed_basket_usd,2026-10-01,consular suspension,E,"[-1,+1]",4.211445848168486,,4.486369655962476,0.1575,0.921
exposed_basket_usd,2026-10-01,consular suspension,E,"[-5,+5]",,,,,
exposed_basket_usd,2026-10-01,consular suspension,E,"[-20,+20]",,,,,
exposed_basket_usd,2026-10-01,consular suspension,E,"[-60,+60]",,,,,
exposed_basket_usd,2025-04-02,Liberation Day (Brazil at 10% floor),C,"[-1,+1]",2.123831460607787,,1.9819169792359719,0.4625,0.7755
exposed_basket_usd,2025-04-02,Liberation Day (Brazil at 10% floor),C,"[-5,+5]",-10.694477491155238,,-11.21483058951856,0.0905,0.025
exposed_basket_usd,2025-04-02,Liberation Day (Brazil at 10% floor),C,"[-20,+20]",5.945701386394955,,4.006203474313482,0.5825,0.7265
exposed_basket_usd,2025-04-02,Liberation Day (Brazil at 10% floor),C,"[-60,+60]",18.61613306582536,,12.892248983828816,0.2155,0.8935
exposed_basket_usd,2025-04-11,Reciprocity Law,C,"[-1,+1]",5.997030973249133,,5.775564090588406,0.053,0.9665
exposed_basket_usd,2025-04-11,Reciprocity Law,C,"[-5,+5]",0.2284512832518738,,-0.5835939531707908,0.9625,0.5335
exposed_basket_usd,2025-04-11,Reciprocity Law,C,"[-20,+20]",6.507673940962917,,3.480959877932985,0.541,0.737
exposed_basket_usd,2025-04-11,Reciprocity Law,C,"[-60,+60]",18.709248033510995,,9.776750432861684,0.2125,0.8945
exposed_basket_usd,2026-10-05,first-round result,C,"[-1,+1]",4.450373808616925,,4.768523686265435,0.1335,0.9325
exposed_basket_usd,2026-10-05,first-round result,C,"[-5,+5]",,,,,
exposed_basket_usd,2026-10-05,first-round result,C,"[-20,+20]",,,,,
exposed_basket_usd,2026-10-05,first-round result,C,"[-60,+60]",,,,,
embraer_minus_ibov,2025-07-10,Trump letter 50% (07-09 evening),E,"[-1,+1]",-7.708456373469037,,-6.556586671953246,0.0985,0.048
embraer_minus_ibov,2025-07-10,Trump letter 50% (07-09 evening),E,"[-5,+5]",-12.988302384910613,,-8.76478014601938,0.195,0.0855
embraer_minus_ibov,2025-07-10,Trump letter 50% (07-09 evening),E,"[-20,+20]",1.6196376278260072,,17.36185688187515,0.92,0.531
embraer_minus_ibov,2025-07-10,Trump letter 50% (07-09 evening),E,"[-60,+60]",-37.760933358098946,,8.697811269704614,0.5645,0.2245
embraer_minus_ibov,2025-07-30,EO 14323 + Magnitsky on Moraes,E,"[-1,+1]",18.115401925679464,,18.970322230320626,0.002,1.0
embraer_minus_ibov,2025-07-30,EO 14323 + Magnitsky on Moraes,E,"[-5,+5]",10.55886728807209,,13.693575071756348,0.2755,0.8505
embraer_minus_ibov,2025-07-30,EO 14323 + Magnitsky on Moraes,E,"[-20,+20]",-17.606042802890325,,-5.922131972794453,0.443,0.1775
embraer_minus_ibov,2025-07-30,EO 14323 + Magnitsky on Moraes,E,"[-60,+60]",-17.56471208549511,,16.917073535031733,0.796,0.357
embraer_minus_ibov,2025-08-06,40% effective,E,"[-1,+1]",-5.681691673326856,,-4.66013697780685,0.2015,0.099
embraer_minus_ibov,2025-08-06,40% effective,E,"[-5,+5]",7.49074889177112,,11.236449442011143,0.4125,0.7815
embraer_minus_ibov,2025-08-06,40% effective,E,"[-20,+20]",-18.93949065212866,,-4.978243146688577,0.4195,0.1585
embraer_minus_ibov,2025-08-06,40% effective,E,"[-60,+60]",-24.039479509097312,,17.16322654354294,0.711,0.3135
embraer_minus_ibov,2025-09-23,UNGA chemistry,D,"[-1,+1]",3.058372870856849,,3.8433184564065748,0.4045,0.7835
embraer_minus_ibov,2025-09-23,UNGA chemistry,D,"[-5,+5]",0.9144511427834905,,3.7925849564658165,0.8895,0.525
embraer_minus_ibov,2025-09-23,UNGA chemistry,D,"[-20,+20]",-2.7032882668571148,,8.024301402322465,0.8735,0.4285
embraer_minus_ibov,2025-09-23,UNGA chemistry,D,"[-60,+60]",-32.27208482668061,,-0.6126128761750227,0.6265,0.2675
embraer_minus_ibov,2025-10-06,Lula-Trump call,D,"[-1,+1]",2.7762921135097622,,3.546919024458006,0.453,0.7615
embraer_minus_ibov,2025-10-06,Lula-Trump call,D,"[-5,+5]",-2.7806249393335962,,0.0450070674766323,0.718,0.3265
embraer_minus_ibov,2025-10-06,Lula-Trump call,D,"[-20,+20]",-13.227651492892441,,-2.6957503765997703,0.5345,0.245
embraer_minus_ibov,2025-10-06,Lula-Trump call,D,"[-60,+60]",-26.637785606316648,,4.444166468595867,0.6885,0.3
embraer_minus_ibov,2025-10-27,Kuala Lumpur meeting (Sun 26),D,"[-1,+1]",2.0136594157889407,,2.6901175604581606,0.5985,0.692
embraer_minus_ibov,2025-10-27,Kuala Lumpur meeting (Sun 26),D,"[-5,+5]",-2.886976607624106,,-0.4066300771703002,0.7135,0.3265
embraer_minus_ibov,2025-10-27,Kuala Lumpur meeting (Sun 26),D,"[-20,+20]",-14.646860718142433,,-5.401932740996429,0.4985,0.2175
embraer_minus_ibov,2025-10-27,Kuala Lumpur meeting (Sun 26),D,"[-60,+60]",-31.86949050460283,,-4.585678669610969,0.6305,0.271
embraer_minus_ibov,2025-11-20,EO 14361 food relief,D,"[-1,+1]",-1.6691013962084784,,-1.4547197037554138,0.6735,0.3325
embraer_minus_ibov,2025-11-20,EO 14361 food relief,D,"[-5,+5]",-2.1222571226470617,,-1.3361909169858244,0.7795,0.354
embraer_minus_ibov,2025-11-20,EO 14361 food relief,D,"[-20,+20]",-9.442168830026592,,-6.512285699834708,0.6305,0.314
embraer_minus_ibov,2025-11-20,EO 14361 food relief,D,"[-60,+60]",-19.76088599281728,,-11.114157730543672,0.7615,0.3395
embraer_minus_ibov,2025-12-12,Magnitsky lifted,D,"[-1,+1]",-4.531422665554826,,-4.06292738224816,0.2625,0.1255
embraer_minus_ibov,2025-12-12,Magnitsky lifted,D,"[-5,+5]",5.726711509901138,,7.444527548692248,0.4995,0.737
embraer_minus_ibov,2025-12-12,Magnitsky lifted,D,"[-20,+20]",4.610924339206317,,11.01369321106409,0.791,0.605
embraer_minus_ibov,2025-12-12,Magnitsky lifted,D,"[-60,+60]",-39.357018404149784,,-20.46104197744758,0.5135,0.2
embraer_minus_ibov,2026-02-20,SCOTUS voids IEEPA,D,"[-1,+1]",-2.7089774307018644,,-2.3551658610584614,0.4665,0.2265
embraer_minus_ibov,2026-02-20,SCOTUS voids IEEPA,D,"[-5,+5]",-4.443402445044242,,-3.1460933563517646,0.599,0.283
embraer_minus_ibov,2026-02-20,SCOTUS voids IEEPA,D,"[-20,+20]",-41.63604106674477,,-36.80061628161826,0.0815,0.0535
embraer_minus_ibov,2026-02-20,SCOTUS voids IEEPA,D,"[-60,+60]",-44.93247063384996,,-30.6620706582327,0.4325,0.1545
embraer_minus_ibov,2026-05-07,White House meeting,D,"[-1,+1]",-5.3996462470599464,,-5.06668841740554,0.214,0.106
embraer_minus_ibov,2026-05-07,White House meeting,D,"[-5,+5]",-3.7578584305890064,,-2.5370130551895187,0.6485,0.2975
embraer_minus_ibov,2026-05-07,White House meeting,D,"[-20,+20]",-5.965983396220239,,-1.4155597242766937,0.7345,0.37
embraer_minus_ibov,2026-05-07,White House meeting,D,"[-60,+60]",-17.26616676956807,,-3.836867640173704,0.8045,0.3625
embraer_minus_ibov,2026-06-01,301 determination,E,"[-1,+1]",-1.96068254156181,,-1.7720266558630904,0.6105,0.2995
embraer_minus_ibov,2026-06-01,301 determination,E,"[-5,+5]",3.5576224804049392,,4.249360727966911,0.664,0.6445
embraer_minus_ibov,2026-06-01,301 determination,E,"[-20,+20]",11.995427066053063,,14.573724170602231,0.562,0.705
embraer_minus_ibov,2026-06-01,301 determination,E,"[-60,+60]",2.0854823128702913,,9.694603036051983,0.98,0.4945
embraer_minus_ibov,2026-07-15,301 final action,E,"[-1,+1]",-0.6458582192715554,,-0.4099760450827272,0.886,0.435
embraer_minus_ibov,2026-07-15,301 final action,E,"[-5,+5]",-5.836867054068187,,-4.971965748709151,0.498,0.2365
embraer_minus_ibov,2026-07-15,301 final action,E,"[-20,+20]",21.250650744685174,,24.474373791932493,0.361,0.754
embraer_minus_ibov,2026-07-15,301 final action,E,"[-60,+60]",,,,,
embraer_minus_ibov,2026-07-22,301 effective,E,"[-1,+1]",-2.049514242179985,,-1.7835571122799099,0.595,0.289
embraer_minus_ibov,2026-07-22,301 effective,E,"[-5,+5]",4.868968850144491,,5.844144993111433,0.5585,0.704
embraer_minus_ibov,2026-07-22,301 effective,E,"[-20,+20]",23.297620606827525,,26.93236804879522,0.3245,0.778
embraer_minus_ibov,2026-07-22,301 effective,E,"[-60,+60]",,,,,
embraer_minus_ibov,2026-08-17,FT: Magnitsky re-imposition discussed (Sun 16),E,"[-1,+1]",5.483564559029811,,5.127916617280004,0.2095,0.8945
embraer_minus_ibov,2026-08-17,FT: Magnitsky re-imposition discussed (Sun 16),E,"[-5,+5]",7.614076556933163,,6.310034103850537,0.4,0.7895
embraer_minus_ibov,2026-08-17,FT: Magnitsky re-imposition discussed (Sun 16),E,"[-20,+20]",14.053958918697735,,9.193437048117037,0.5115,0.7145
embraer_minus_ibov,2026-08-17,FT: Magnitsky re-imposition discussed (Sun 16),E,"[-60,+60]",,,,,
embraer_minus_ibov,2026-10-01,consular suspension,E,"[-1,+1]",,,,,
embraer_minus_ibov,2026-10-01,consular suspension,E,"[-5,+5]",,,,,
embraer_minus_ibov,2026-10-01,consular suspension,E,"[-20,+20]",,,,,
embraer_minus_ibov,2026-10-01,consular suspension,E,"[-60,+60]",,,,,
embraer_minus_ibov,2025-04-02,Liberation Day (Brazil at 10% floor),C,"[-1,+1]",-5.04584315639538,,-4.376755067831084,0.2275,0.1125
embraer_minus_ibov,2025-04-02,Liberation Day (Brazil at 10% floor),C,"[-5,+5]",-10.205933568248282,,-7.752610576845864,0.288,0.136
embraer_minus_ibov,2025-04-02,Liberation Day (Brazil at 10% floor),C,"[-20,+20]",-23.082087377708095,,-13.937883500662718,0.332,0.1045
embraer_minus_ibov,2025-04-02,Liberation Day (Brazil at 10% floor),C,"[-60,+60]",-8.95288189097463,,18.03367101445197,0.9055,0.4235
embraer_minus_ibov,2025-04-11,Reciprocity Law,C,"[-1,+1]",-1.581914057692179,,-0.8416797595387937,0.691,0.341
embraer_minus_ibov,2025-04-11,Reciprocity Law,C,"[-5,+5]",-6.041697824404958,,-3.327505397842545,0.481,0.2285
embraer_minus_ibov,2025-04-11,Reciprocity Law,C,"[-20,+20]",-25.77853408308512,,-15.661998674988853,0.289,0.0895
embraer_minus_ibov,2025-04-11,Reciprocity Law,C,"[-60,+60]",-15.458110911823994,,14.39800578036255,0.83,0.378
embraer_minus_ibov,2026-10-05,first-round result,C,"[-1,+1]",,,,,
embraer_minus_ibov,2026-10-05,first-round result,C,"[-5,+5]",,,,,
embraer_minus_ibov,2026-10-05,first-round result,C,"[-20,+20]",,,,,
embraer_minus_ibov,2026-10-05,first-round result,C,"[-60,+60]",,,,,
basket_minus_ibov,2025-07-10,Trump letter 50% (07-09 evening),E,"[-1,+1]",0.03366182850643851,,0.03934800009191508,0.98,0.499
basket_minus_ibov,2025-07-10,Trump letter 50% (07-09 evening),E,"[-5,+5]",-0.6544071053170779,,-0.6335578095036638,0.769,0.3955
basket_minus_ibov,2025-07-10,Trump letter 50% (07-09 evening),E,"[-20,+20]",-3.3926987654131144,,-3.3149877537449344,0.4915,0.1915
basket_minus_ibov,2025-07-10,Trump letter 50% (07-09 evening),E,"[-60,+60]",-13.25552913195399,,-13.026186878006435,0.359,0.156
basket_minus_ibov,2025-07-30,EO 14323 + Magnitsky on Moraes,E,"[-1,+1]",1.7324350699416464,,1.693874463492559,0.1805,0.9095
basket_minus_ibov,2025-07-30,EO 14323 + Magnitsky on Moraes,E,"[-5,+5]",-1.038460769134872,,-1.179849659448192,0.6495,0.333
basket_minus_ibov,2025-07-30,EO 14323 + Magnitsky on Moraes,E,"[-20,+20]",-1.0241900794954726,,-1.5511850342996656,0.8515,0.359
basket_minus_ibov,2025-07-30,EO 14323 + Magnitsky on Moraes,E,"[-60,+60]",-8.202152482525001,,-9.757430275971522,0.5225,0.188
basket_minus_ibov,2025-08-06,40% effective,E,"[-1,+1]",-0.7350299963908814,,-0.7807002817648814,0.527,0.2585
basket_minus_ibov,2025-08-06,40% effective,E,"[-5,+5]",0.2790517180405867,,0.11159400500258687,0.924,0.543
basket_minus_ibov,2025-08-06,40% effective,E,"[-20,+20]",-2.068551513573886,,-2.6927120803518854,0.6655,0.2695
basket_minus_ibov,2025-08-06,40% effective,E,"[-60,+60]",-6.631010598874815,,-8.473045442292813,0.566,0.2035
basket_minus_ibov,2025-09-23,UNGA chemistry,D,"[-1,+1]",-0.7872872923513556,,-0.938853891885075,0.518,0.2535
basket_minus_ibov,2025-09-23,UNGA chemistry,D,"[-5,+5]",-3.2760239137342952,,-3.831768112024599,0.2135,0.0735
basket_minus_ibov,2025-09-23,UNGA chemistry,D,"[-20,+20]",-2.9583466001325207,,-5.029756793760018,0.5395,0.2085
basket_minus_ibov,2025-09-23,UNGA chemistry,D,"[-60,+60]",-1.6444893232636595,,-7.757675504457004,0.866,0.3265
basket_minus_ibov,2025-10-06,Lula-Trump call,D,"[-1,+1]",0.014042891625812293,,-0.16435895324389602,0.9855,0.496
basket_minus_ibov,2025-10-06,Lula-Trump call,D,"[-5,+5]",0.5280199867948685,,-0.12612011106072862,0.8275,0.592
basket_minus_ibov,2025-10-06,Lula-Trump call,D,"[-20,+20]",-4.4985933575840615,,-6.936751904136742,0.387,0.159
basket_minus_ibov,2025-10-06,Lula-Trump call,D,"[-60,+60]",-4.694132369933866,,-11.889673446345435,0.6555,0.253
basket_minus_ibov,2025-10-27,Kuala Lumpur meeting (Sun 26),D,"[-1,+1]",0.47080873073385127,,0.21089997279299033,0.703,0.6335
basket_minus_ibov,2025-10-27,Kuala Lumpur meeting (Sun 26),D,"[-5,+5]",-0.0539928307456623,,-1.0069916098621523,0.984,0.501
basket_minus_ibov,2025-10-27,Kuala Lumpur meeting (Sun 26),D,"[-20,+20]",-2.0472395179376477,,-5.599325876462747,0.667,0.271
basket_minus_ibov,2025-10-27,Kuala Lumpur meeting (Sun 26),D,"[-60,+60]",-4.071711327179912,,-14.554697897461303,0.6705,0.2605
basket_minus_ibov,2025-11-20,EO 14361 food relief,D,"[-1,+1]",-0.10816276846690087,,-0.4491572782821257,0.9025,0.432
basket_minus_ibov,2025-11-20,EO 14361 food relief,D,"[-5,+5]",-0.24062465260747712,,-1.4909378552633017,0.9365,0.4765
basket_minus_ibov,2025-11-20,EO 14361 food relief,D,"[-20,+20]",3.946842766254765,,-0.7134155345533082,0.438,0.7325
basket_minus_ibov,2025-11-20,EO 14361 food relief,D,"[-60,+60]",-5.342933136979227,,-19.096378366193296,0.6125,0.225
basket_minus_ibov,2025-12-12,Magnitsky lifted,D,"[-1,+1]",-1.1164357016056847,,-1.5043106944749747,0.366,0.1825
basket_minus_ibov,2025-12-12,Magnitsky lifted,D,"[-5,+5]",6.3783897127419955,,4.9561814055546,0.0265,0.978
basket_minus_ibov,2025-12-12,Magnitsky lifted,D,"[-20,+20]",6.130308858324968,,0.8293506224446728,0.2475,0.855
basket_minus_ibov,2025-12-12,Magnitsky lifted,D,"[-60,+60]",-10.221666075580254,,-25.865957454641613,0.4485,0.1705
basket_minus_ibov,2026-02-20,SCOTUS voids IEEPA,D,"[-1,+1]",-0.74018164890256,,-0.9781956508818133,0.5245,0.2575
basket_minus_ibov,2026-02-20,SCOTUS voids IEEPA,D,"[-5,+5]",-0.6059074168939834,,-1.4786254241512453,0.789,0.405
basket_minus_ibov,2026-02-20,SCOTUS voids IEEPA,D,"[-20,+20]",-15.637225445473515,,-18.890083472523308,0.02,0.02
basket_minus_ibov,2026-02-20,SCOTUS voids IEEPA,D,"[-60,+60]",-9.559661197975213,,-19.159559277805094,0.47,0.1725
basket_minus_ibov,2026-05-07,White House meeting,D,"[-1,+1]",3.538810132996038,,3.265462250533398,0.0175,0.989
basket_minus_ibov,2026-05-07,White House meeting,D,"[-5,+5]",2.267073985130981,,1.2647984161012997,0.338,0.8045
basket_minus_ibov,2026-05-07,White House meeting,D,"[-20,+20]",4.388488348370132,,0.6527339547140474,0.3995,0.7635
basket_minus_ibov,2026-05-07,White House meeting,D,"[-60,+60]",-0.2898405511844402,,-11.314871810510933,0.9795,0.3835
basket_minus_ibov,2026-06-01,301 determination,E,"[-1,+1]",-0.5008026317201468,,-0.822207280189979,0.684,0.3285
basket_minus_ibov,2026-06-01,301 determination,E,"[-5,+5]",3.0667772175349572,,1.8882935064789061,0.228,0.854
basket_minus_ibov,2026-06-01,301 determination,E,"[-20,+20]",5.108405864764116,,0.7158756690097428,0.3235,0.8065
basket_minus_ibov,2026-06-01,301 determination,E,"[-60,+60]",10.070884701271758,,-2.8924361203448044,0.45,0.7205
basket_minus_ibov,2026-07-15,301 final action,E,"[-1,+1]",1.8414226516005199,,1.5690672176758884,0.164,0.916
basket_minus_ibov,2026-07-15,301 final action,E,"[-5,+5]",1.7176064440386791,,0.7189698529816977,0.469,0.7535
basket_minus_ibov,2026-07-15,301 final action,E,"[-20,+20]",6.45584530744336,,2.7336543771400645,0.2225,0.876
basket_minus_ibov,2026-07-15,301 final action,E,"[-60,+60]",,,,,
basket_minus_ibov,2026-07-22,301 effective,E,"[-1,+1]",-1.3347098017528567,,-1.641355885126311,0.2965,0.1425
basket_minus_ibov,2026-07-22,301 effective,E,"[-5,+5]",4.866398172099543,,3.7420291997302098,0.092,0.931
basket_minus_ibov,2026-07-22,301 effective,E,"[-20,+20]",8.78343734372088,,4.5926075376170035,0.1275,0.9285
basket_minus_ibov,2026-07-22,301 effective,E,"[-60,+60]",,,,,
basket_minus_ibov,2026-08-17,FT: Magnitsky re-imposition discussed (Sun 16),E,"[-1,+1]",0.3651442379728114,,-0.09348369783807003,0.7535,0.6015
basket_minus_ibov,2026-08-17,FT: Magnitsky re-imposition discussed (Sun 16),E,"[-5,+5]",3.156244306928283,,1.4746085422883843,0.2235,0.8545
basket_minus_ibov,2026-08-17,FT: Magnitsky re-imposition discussed (Sun 16),E,"[-20,+20]",7.694089016102292,,1.4261738933535788,0.1575,0.9145
basket_minus_ibov,2026-08-17,FT: Magnitsky re-imposition discussed (Sun 16),E,"[-60,+60]",,,,,
basket_minus_ibov,2026-10-01,consular suspension,E,"[-1,+1]",,,,,
basket_minus_ibov,2026-10-01,consular suspension,E,"[-5,+5]",,,,,
basket_minus_ibov,2026-10-01,consular suspension,E,"[-20,+20]",,,,,
basket_minus_ibov,2026-10-01,consular suspension,E,"[-60,+60]",,,,,
basket_minus_ibov,2025-04-02,Liberation Day (Brazil at 10% floor),C,"[-1,+1]",-1.0566048143356264,,-1.0801558333616554,0.3825,0.197
basket_minus_ibov,2025-04-02,Liberation Day (Brazil at 10% floor),C,"[-5,+5]",-1.6936578808213993,,-1.7800116172501728,0.472,0.2225
basket_minus_ibov,2025-04-02,Liberation Day (Brazil at 10% floor),C,"[-20,+20]",-7.443156064467824,,-7.765019991156889,0.1735,0.0795
basket_minus_ibov,2025-04-02,Liberation Day (Brazil at 10% floor),C,"[-60,+60]",-14.646151496270639,,-15.596042596987147,0.304,0.133
basket_minus_ibov,2025-04-11,Reciprocity Law,C,"[-1,+1]",0.8807675553736587,,0.8231760275877162,0.466,0.767
basket_minus_ibov,2025-04-11,Reciprocity Law,C,"[-5,+5]",2.6619479438329665,,2.450779008617844,0.2895,0.828
basket_minus_ibov,2025-04-11,Reciprocity Law,C,"[-20,+20]",-8.980024865587849,,-9.767109078662395,0.1185,0.0525
basket_minus_ibov,2025-04-11,Reciprocity Law,C,"[-60,+60]",-10.576495779638734,,-12.899354067005081,0.437,0.1635
basket_minus_ibov,2026-10-05,first-round result,C,"[-1,+1]",,,,,
basket_minus_ibov,2026-10-05,first-round result,C,"[-5,+5]",,,,,
basket_minus_ibov,2026-10-05,first-round result,C,"[-20,+20]",,,,,
basket_minus_ibov,2026-10-05,first-round result,C,"[-60,+60]",,,,,
SUZB3_usd,2025-07-10,Trump letter 50% (07-09 evening),E,"[-1,+1]",-4.204330129589822,,-4.130357404368423,0.198,0.089
SUZB3_usd,2025-07-10,Trump letter 50% (07-09 evening),E,"[-5,+5]",-4.861352175846639,,-4.590118850034841,0.4835,0.2215
SUZB3_usd,2025-07-10,Trump letter 50% (07-09 evening),E,"[-20,+20]",2.239489147364802,,3.2504497253905917,0.8425,0.504
SUZB3_usd,2025-07-10,Trump letter 50% (07-09 evening),E,"[-60,+60]",2.90936283762862,,5.8929294215583905,0.8925,0.469
SUZB3_usd,2025-07-30,EO 14323 + Magnitsky on Moraes,E,"[-1,+1]",-0.6002356180895481,,-0.25737739636406687,0.8545,0.4105
SUZB3_usd,2025-07-30,EO 14323 + Magnitsky on Moraes,E,"[-5,+5]",1.0842029359142864,,2.3413497489077173,0.9035,0.5225
SUZB3_usd,2025-07-30,EO 14323 + Magnitsky on Moraes,E,"[-20,+20]",-0.41024639427560405,,4.275482635972638,0.9795,0.409
SUZB3_usd,2025-07-30,EO 14323 + Magnitsky on Moraes,E,"[-60,+60]",-13.698442661636454,,0.13017228129128533,0.564,0.2425
SUZB3_usd,2025-08-06,40% effective,E,"[-1,+1]",7.048940162492584,,7.292366685022511,0.042,0.976
SUZB3_usd,2025-08-06,40% effective,E,"[-5,+5]",6.258618988818977,,7.151182904762043,0.351,0.7925
SUZB3_usd,2025-08-06,40% effective,E,"[-20,+20]",-1.1476631600153322,,2.179165981227005,0.918,0.388
SUZB3_usd,2025-08-06,40% effective,E,"[-60,+60]",-9.85496386735382,,-0.036760791980094965,0.7025,0.2815
SUZB3_usd,2025-09-23,UNGA chemistry,D,"[-1,+1]",-0.7041561856711529,,-0.7867774264825211,0.823,0.3925
SUZB3_usd,2025-09-23,UNGA chemistry,D,"[-5,+5]",-0.8509330866051525,,-1.1538776362468361,0.9225,0.4315
SUZB3_usd,2025-09-23,UNGA chemistry,D,"[-20,+20]",-10.036202918767307,,-11.165359876522674,0.3155,0.1175
SUZB3_usd,2025-09-23,UNGA chemistry,D,"[-60,+60]",-0.43168245885964973,,-3.76407250491817,0.9805,0.396
SUZB3_usd,2025-10-06,Lula-Trump call,D,"[-1,+1]",-1.9995212577906005,,-2.2837825194161,0.5255,0.254
SUZB3_usd,2025-10-06,Lula-Trump call,D,"[-5,+5]",-3.6884466278457078,,-4.730737920472539,0.603,0.2875
SUZB3_usd,2025-10-06,Lula-Trump call,D,"[-20,+20]",-2.0991987729142525,,-5.984102681796077,0.853,0.3535
SUZB3_usd,2025-10-06,Lula-Trump call,D,"[-60,+60]",15.012930488005516,,3.547726269110374,0.523,0.7085
SUZB3_usd,2025-10-27,Kuala Lumpur meeting (Sun 26),D,"[-1,+1]",2.1553181575890052,,1.9093522296248722,0.498,0.7445
SUZB3_usd,2025-10-27,Kuala Lumpur meeting (Sun 26),D,"[-5,+5]",4.455533657248769,,3.5536585880469485,0.5225,0.7235
SUZB3_usd,2025-10-27,Kuala Lumpur meeting (Sun 26),D,"[-20,+20]",-0.7703246072219425,,-4.131858956065093,0.9565,0.4
SUZB3_usd,2025-10-27,Kuala Lumpur meeting (Sun 26),D,"[-60,+60]",14.732829751085246,,4.812203989865216,0.53,0.7035
SUZB3_usd,2025-11-20,EO 14361 food relief,D,"[-1,+1]",-1.858459471508914,,-2.233838359873719,0.549,0.263
SUZB3_usd,2025-11-20,EO 14361 food relief,D,"[-5,+5]",-0.501116241548061,,-1.8775054988856787,0.9615,0.455
SUZB3_usd,2025-11-20,EO 14361 food relief,D,"[-20,+20]",9.046376695429117,,3.9161985544434508,0.3435,0.786
SUZB3_usd,2025-11-20,EO 14361 food relief,D,"[-60,+60]",27.721859250300916,,12.58157741958712,0.1775,0.942
SUZB3_usd,2025-12-12,Magnitsky lifted,D,"[-1,+1]",-4.249944295614368,,-4.560236293659337,0.1945,0.0875
SUZB3_usd,2025-12-12,Magnitsky lifted,D,"[-5,+5]",0.582527883939195,,-0.5552094422256904,0.945,0.4985
SUZB3_usd,2025-12-12,Magnitsky lifted,D,"[-20,+20]",10.969185282190965,,6.728527975576393,0.2815,0.8325
SUZB3_usd,2025-12-12,Magnitsky lifted,D,"[-60,+60]",17.529646939703646,,5.014536351889909,0.4615,0.755
SUZB3_usd,2026-02-20,SCOTUS voids IEEPA,D,"[-1,+1]",1.1208394189273385,,1.0230467262774212,0.7045,0.6235
SUZB3_usd,2026-02-20,SCOTUS voids IEEPA,D,"[-5,+5]",14.001570017456867,,13.642996811073838,0.0375,0.993
SUZB3_usd,2026-02-20,SCOTUS voids IEEPA,D,"[-20,+20]",0.88929914654663,,-0.4472009863355719,0.9465,0.4535
SUZB3_usd,2026-02-20,SCOTUS voids IEEPA,D,"[-60,+60]",-4.126370523535568,,-8.070675793748896,0.864,0.3475
SUZB3_usd,2026-05-07,White House meeting,D,"[-1,+1]",3.4443261033019668,,3.5146768000150264,0.275,0.8495
SUZB3_usd,2026-05-07,White House meeting,D,"[-5,+5]",-6.548438631591528,,-6.2904860769769755,0.338,0.138
SUZB3_usd,2026-05-07,White House meeting,D,"[-20,+20]",-17.65410913641878,,-16.692649614673627,0.116,0.0675
SUZB3_usd,2026-05-07,White House meeting,D,"[-60,+60]",-13.299206752222805,,-10.461728651462726,0.5825,0.2455
SUZB3_usd,2026-06-01,301 determination,E,"[-1,+1]",-2.3434144104156873,,-2.3597191268409645,0.4675,0.224
SUZB3_usd,2026-06-01,301 determination,E,"[-5,+5]",-2.154718588246314,,-2.21450254847233,0.789,0.376
SUZB3_usd,2026-06-01,301 determination,E,"[-20,+20]",-13.270165112757844,,-13.492996237236632,0.2085,0.0915
SUZB3_usd,2026-06-01,301 determination,E,"[-60,+60]",-17.874671558736523,,-18.532295121222703,0.4515,0.212
SUZB3_usd,2026-07-15,301 final action,E,"[-1,+1]",0.7438785662591352,,0.9120823660342392,0.812,0.5755
SUZB3_usd,2026-07-15,301 final action,E,"[-5,+5]",5.153895767649659,,5.770643033491707,0.4495,0.755
SUZB3_usd,2026-07-15,301 final action,E,"[-20,+20]",-7.484547797204226,,-5.185762533611138,0.4315,0.1675
SUZB3_usd,2026-07-15,301 final action,E,"[-60,+60]",,,,,
SUZB3_usd,2026-07-22,301 effective,E,"[-1,+1]",1.2997934868259575,,1.4519422303922447,0.6715,0.644
SUZB3_usd,2026-07-22,301 effective,E,"[-5,+5]",1.363935972120358,,1.9218146985300777,0.8605,0.558
SUZB3_usd,2026-07-22,301 effective,E,"[-20,+20]",0.6115223934526037,,2.690888555525195,0.9615,0.4425
SUZB3_usd,2026-07-22,301 effective,E,"[-60,+60]",,,,,
SUZB3_usd,2026-08-17,FT: Magnitsky re-imposition discussed (Sun 16),E,"[-1,+1]",-1.412856439280471,,-1.176831897617836,0.6355,0.302
SUZB3_usd,2026-08-17,FT: Magnitsky re-imposition discussed (Sun 16),E,"[-5,+5]",8.46237631596055,,9.32779963539021,0.205,0.8835
SUZB3_usd,2026-08-17,FT: Magnitsky re-imposition discussed (Sun 16),E,"[-20,+20]",8.761688136913623,,11.987356872969634,0.355,0.779
SUZB3_usd,2026-08-17,FT: Magnitsky re-imposition discussed (Sun 16),E,"[-60,+60]",,,,,
SUZB3_usd,2026-10-01,consular suspension,E,"[-1,+1]",-0.14213846206277503,,-0.11019357260373397,0.9675,0.473
SUZB3_usd,2026-10-01,consular suspension,E,"[-5,+5]",,,,,
SUZB3_usd,2026-10-01,consular suspension,E,"[-20,+20]",,,,,
SUZB3_usd,2026-10-01,consular suspension,E,"[-60,+60]",,,,,
SUZB3_usd,2025-04-02,Liberation Day (Brazil at 10% floor),C,"[-1,+1]",-0.6164435678095058,,-1.2081855140033682,0.852,0.409
SUZB3_usd,2025-04-02,Liberation Day (Brazil at 10% floor),C,"[-5,+5]",-6.191879550495244,,-8.36160001987274,0.3565,0.1465
SUZB3_usd,2025-04-02,Liberation Day (Brazil at 10% floor),C,"[-20,+20]",0.6199643502635972,,-7.467175581052521,0.9615,0.4425
SUZB3_usd,2025-04-02,Liberation Day (Brazil at 10% floor),C,"[-60,+60]",15.096880502602623,,-8.770044660549825,0.518,0.7095
SUZB3_usd,2025-04-11,Reciprocity Law,C,"[-1,+1]",4.476500294862591,,3.9882445343452755,0.1695,0.9045
SUZB3_usd,2025-04-11,Reciprocity Law,C,"[-5,+5]",0.7506626751164729,,-1.039608446780349,0.9315,0.505
SUZB3_usd,2025-04-11,Reciprocity Law,C,"[-20,+20]",7.80637620815649,,1.1335474810865165,0.4165,0.745
SUZB3_usd,2025-04-11,Reciprocity Law,C,"[-60,+60]",8.651339570172116,,-11.041642770692928,0.751,0.5455
SUZB3_usd,2026-10-05,first-round result,C,"[-1,+1]",-3.963133211168459,,-3.9296193301340487,0.225,0.0955
SUZB3_usd,2026-10-05,first-round result,C,"[-5,+5]",,,,,
SUZB3_usd,2026-10-05,first-round result,C,"[-20,+20]",,,,,
SUZB3_usd,2026-10-05,first-round result,C,"[-60,+60]",,,,,
WEGE3_usd,2025-07-10,Trump letter 50% (07-09 evening),E,"[-1,+1]",-4.39135272001794,,-4.22769365025093,0.2225,0.088
WEGE3_usd,2025-07-10,Trump letter 50% (07-09 evening),E,"[-5,+5]",-3.626964736341001,,-3.0268814805286315,0.6225,0.271
WEGE3_usd,2025-07-10,Trump letter 50% (07-09 evening),E,"[-20,+20]",-8.69122700809693,,-6.454553054614463,0.578,0.218
WEGE3_usd,2025-07-10,Trump letter 50% (07-09 evening),E,"[-60,+60]",-18.278932898651806,,-11.67801708471574,0.6235,0.19
WEGE3_usd,2025-07-30,EO 14323 + Magnitsky on Moraes,E,"[-1,+1]",0.5409090644791075,,0.7718841277289501,0.8725,0.5635
WEGE3_usd,2025-07-30,EO 14323 + Magnitsky on Moraes,E,"[-5,+5]",-7.161285918931212,,-6.314377353681789,0.312,0.124
WEGE3_usd,2025-07-30,EO 14323 + Magnitsky on Moraes,E,"[-20,+20]",-14.882633913038937,,-11.725974715291088,0.3265,0.1045
WEGE3_usd,2025-07-30,EO 14323 + Magnitsky on Moraes,E,"[-60,+60]",-10.648913594618923,,-1.332919376875271,0.7365,0.2355
WEGE3_usd,2025-08-06,40% effective,E,"[-1,+1]",5.763794438197138,,5.940964059037812,0.1145,0.9245
WEGE3_usd,2025-08-06,40% effective,E,"[-5,+5]",2.8075353192523926,,3.4571572623348645,0.72,0.5995
WEGE3_usd,2025-08-06,40% effective,E,"[-20,+20]",-9.301937164120785,,-6.880619012631571,0.5575,0.207
WEGE3_usd,2025-08-06,40% effective,E,"[-60,+60]",-2.4281876395379385,,4.717653734369254,0.9325,0.3315
WEGE3_usd,2025-09-23,UNGA chemistry,D,"[-1,+1]",2.2727281612005386,,1.782936455098172,0.471,0.746
WEGE3_usd,2025-09-23,UNGA chemistry,D,"[-5,+5]",2.0561369748696574,,0.26023405249431253,0.787,0.5585
WEGE3_usd,2025-09-23,UNGA chemistry,D,"[-20,+20]",12.311372622899512,,5.6175526395005,0.4185,0.7335
WEGE3_usd,2025-09-23,UNGA chemistry,D,"[-60,+60]",33.99735416088215,,14.242422014753364,0.3765,0.6995
WEGE3_usd,2025-10-06,Lula-Trump call,D,"[-1,+1]",-0.347448469146011,,-0.9522566818126688,0.91,0.4485
WEGE3_usd,2025-10-06,Lula-Trump call,D,"[-5,+5]",4.126270202816072,,1.9086400897049938,0.568,0.6765
WEGE3_usd,2025-10-06,Lula-Trump call,D,"[-20,+20]",21.418041594239966,,13.152329354462312,0.1985,0.852
WEGE3_usd,2025-10-06,Lula-Trump call,D,"[-60,+60]",45.910779092877256,,21.516847848655395,0.1565,0.87
WEGE3_usd,2025-10-27,Kuala Lumpur meeting (Sun 26),D,"[-1,+1]",3.0292106140498447,,2.3803110500810742,0.367,0.799
WEGE3_usd,2025-10-27,Kuala Lumpur meeting (Sun 26),D,"[-5,+5]",10.411385216307337,,8.032086815088512,0.164,0.8925
WEGE3_usd,2025-10-27,Kuala Lumpur meeting (Sun 26),D,"[-20,+20]",24.920166588724193,,16.05187254781766,0.157,0.882
WEGE3_usd,2025-10-27,Kuala Lumpur meeting (Sun 26),D,"[-60,+60]",63.91431683588509,,37.74203442247801,0.009,0.991
WEGE3_usd,2025-11-20,EO 14361 food relief,D,"[-1,+1]",-1.1114773467029193,,-1.6712166246231508,0.7285,0.352
WEGE3_usd,2025-11-20,EO 14361 food relief,D,"[-5,+5]",-0.2365185773959917,,-2.288895929770174,0.972,0.441
WEGE3_usd,2025-11-20,EO 14361 food relief,D,"[-20,+20]",27.038095735271128,,19.388325603694632,0.129,0.902
WEGE3_usd,2025-11-20,EO 14361 food relief,D,"[-60,+60]",59.838658804635116,,37.26250792851911,0.0335,0.9675
WEGE3_usd,2025-12-12,Magnitsky lifted,D,"[-1,+1]",4.386131574262122,,3.804801931198698,0.2225,0.8655
WEGE3_usd,2025-12-12,Magnitsky lifted,D,"[-5,+5]",6.915815082278541,,4.784273057712651,0.333,0.7975
WEGE3_usd,2025-12-12,Magnitsky lifted,D,"[-20,+20]",9.538611293293831,,1.5937728380936989,0.5505,0.6545
WEGE3_usd,2025-12-12,Magnitsky lifted,D,"[-60,+60]",46.62996172990613,,23.182999459681348,0.1385,0.886
WEGE3_usd,2026-02-20,SCOTUS voids IEEPA,D,"[-1,+1]",-0.6733499784009536,,-1.3223735677767579,0.837,0.413
WEGE3_usd,2026-02-20,SCOTUS voids IEEPA,D,"[-5,+5]",-1.894135898036866,,-4.2738890590814815,0.795,0.348
WEGE3_usd,2026-02-20,SCOTUS voids IEEPA,D,"[-20,+20]",9.710192706968675,,0.8402036521660161,0.5355,0.665
WEGE3_usd,2026-02-20,SCOTUS voids IEEPA,D,"[-60,+60]",30.083201599223038,,3.9059168277322662,0.421,0.6775
WEGE3_usd,2026-05-07,White House meeting,D,"[-1,+1]",4.770076449833318,,4.941876214819185,0.1945,0.877
WEGE3_usd,2026-05-07,White House meeting,D,"[-5,+5]",-8.34081848803483,,-7.710886016419982,0.244,0.095
WEGE3_usd,2026-05-07,White House meeting,D,"[-20,+20]",-19.36591641215125,,-17.017986290677722,0.217,0.0595
WEGE3_usd,2026-05-07,White House meeting,D,"[-60,+60]",-12.377772666377831,,-5.448515478614491,0.7115,0.226
WEGE3_usd,2026-06-01,301 determination,E,"[-1,+1]",-3.494078334545189,,-3.304402805335327,0.3135,0.133
WEGE3_usd,2026-06-01,301 determination,E,"[-5,+5]",-2.3514066407401972,,-1.6559297003040374,0.76,0.3345
WEGE3_usd,2026-06-01,301 determination,E,"[-20,+20]",-1.8231139909990843,,0.7691182415356934,0.9145,0.352
WEGE3_usd,2026-06-01,301 determination,E,"[-60,+60]",-0.5088709352655263,,7.141375409532232,0.9955,0.3615
WEGE3_usd,2026-07-15,301 final action,E,"[-1,+1]",-2.0839723294323407,,-1.6411063036033902,0.5065,0.229
WEGE3_usd,2026-07-15,301 final action,E,"[-5,+5]",1.8614257929708276,,3.4852678876769794,0.7985,0.5515
WEGE3_usd,2026-07-15,301 final action,E,"[-20,+20]",2.9134304648917038,,8.96593281788736,0.868,0.4615
WEGE3_usd,2026-07-15,301 final action,E,"[-60,+60]",,,,,
WEGE3_usd,2026-07-22,301 effective,E,"[-1,+1]",5.294202718304058,,5.893371458578889,0.1515,0.9065
WEGE3_usd,2026-07-22,301 effective,E,"[-5,+5]",0.07726772763341527,,2.2742197753077953,0.99,0.459
WEGE3_usd,2026-07-22,301 effective,E,"[-20,+20]",-2.187290518830702,,6.001348931591988,0.906,0.348
WEGE3_usd,2026-07-22,301 effective,E,"[-60,+60]",,,,,
WEGE3_usd,2026-08-17,FT: Magnitsky re-imposition discussed (Sun 16),E,"[-1,+1]",0.7438834536203365,,1.6673536111314835,0.829,0.5775
WEGE3_usd,2026-08-17,FT: Magnitsky re-imposition discussed (Sun 16),E,"[-5,+5]",-2.610532155282339,,0.7755250889251997,0.74,0.326
WEGE3_usd,2026-08-17,FT: Magnitsky re-imposition discussed (Sun 16),E,"[-20,+20]",2.140040179294502,,14.760798998613511,0.906,0.442
WEGE3_usd,2026-08-17,FT: Magnitsky re-imposition discussed (Sun 16),E,"[-60,+60]",,,,,
WEGE3_usd,2026-10-01,consular suspension,E,"[-1,+1]",1.2613995708052952,,2.215313300537769,0.6795,0.6415
WEGE3_usd,2026-10-01,consular suspension,E,"[-5,+5]",,,,,
WEGE3_usd,2026-10-01,consular suspension,E,"[-20,+20]",,,,,
WEGE3_usd,2026-10-01,consular suspension,E,"[-60,+60]",,,,,
WEGE3_usd,2025-04-02,Liberation Day (Brazil at 10% floor),C,"[-1,+1]",-0.5021466268350818,,0.13219138484910076,0.8765,0.436
WEGE3_usd,2025-04-02,Liberation Day (Brazil at 10% floor),C,"[-5,+5]",-11.914080784384325,,-9.588174741542321,0.115,0.035
WEGE3_usd,2025-04-02,Liberation Day (Brazil at 10% floor),C,"[-20,+20]",-18.216905666652014,,-9.547619506968186,0.2455,0.0765
WEGE3_usd,2025-04-02,Liberation Day (Brazil at 10% floor),C,"[-60,+60]",-34.473803865990796,,-8.888837394728764,0.3715,0.0745
WEGE3_usd,2025-04-11,Reciprocity Law,C,"[-1,+1]",3.9501150027150933,,4.562184941304359,0.251,0.851
WEGE3_usd,2025-04-11,Reciprocity Law,C,"[-5,+5]",-0.40725628047335594,,1.8370001610206188,0.9575,0.432
WEGE3_usd,2025-04-11,Reciprocity Law,C,"[-20,+20]",-10.690733667277797,,-2.3257778398911633,0.4955,0.186
WEGE3_usd,2025-04-11,Reciprocity Law,C,"[-60,+60]",-43.91714303927891,,-19.230322182845192,0.184,0.03
WEGE3_usd,2026-10-05,first-round result,C,"[-1,+1]",1.0717733182182734,,2.067915825195543,0.7465,0.617
WEGE3_usd,2026-10-05,first-round result,C,"[-5,+5]",,,,,
WEGE3_usd,2026-10-05,first-round result,C,"[-20,+20]",,,,,
WEGE3_usd,2026-10-05,first-round result,C,"[-60,+60]",,,,,
GGBR4_usd,2025-07-10,Trump letter 50% (07-09 evening),E,"[-1,+1]",-2.884343805394328,,-3.2192187398711214,0.4635,0.2425
GGBR4_usd,2025-07-10,Trump letter 50% (07-09 evening),E,"[-5,+5]",-1.9077074339322433,,-3.135582193680486,0.786,0.35
GGBR4_usd,2025-07-10,Trump letter 50% (07-09 evening),E,"[-20,+20]",-2.3278390719364133,,-6.904463176452591,0.8605,0.3975
GGBR4_usd,2025-07-10,Trump letter 50% (07-09 evening),E,"[-60,+60]",40.20831974692582,,26.701697389695145,0.0345,1.0
GGBR4_usd,2025-07-30,EO 14323 + Magnitsky on Moraes,E,"[-1,+1]",0.177819265071135,,-0.019565155867340422,0.9725,0.4945
GGBR4_usd,2025-07-30,EO 14323 + Magnitsky on Moraes,E,"[-5,+5]",-3.228918316234756,,-3.952661193009166,0.6355,0.2935
GGBR4_usd,2025-07-30,EO 14323 + Magnitsky on Moraes,E,"[-20,+20]",7.609863849792691,,4.912276763633527,0.5505,0.719
GGBR4_usd,2025-07-30,EO 14323 + Magnitsky on Moraes,E,"[-60,+60]",32.1507040814611,,24.18953243694259,0.063,0.9925
GGBR4_usd,2025-08-06,40% effective,E,"[-1,+1]",0.6665601164498177,,0.6805872335211349,0.866,0.545
GGBR4_usd,2025-08-06,40% effective,E,"[-5,+5]",1.849755029600206,,1.901187792195036,0.795,0.558
GGBR4_usd,2025-08-06,40% effective,E,"[-20,+20]",-0.7474261758521232,,-0.5557222425441211,0.9625,0.4505
GGBR4_usd,2025-08-06,40% effective,E,"[-60,+60]",29.56661730176281,,30.13237769030594,0.0835,0.9875
GGBR4_usd,2025-09-23,UNGA chemistry,D,"[-1,+1]",0.2512364717542259,,-0.10997994904820008,0.957,0.5
GGBR4_usd,2025-09-23,UNGA chemistry,D,"[-5,+5]",0.8254363459956049,,-0.49902386361329043,0.895,0.5065
GGBR4_usd,2025-09-23,UNGA chemistry,D,"[-20,+20]",14.206366562074695,,9.26974214444154,0.25,0.903
GGBR4_usd,2025-09-23,UNGA chemistry,D,"[-60,+60]",37.469521618067645,,22.900459312369797,0.039,0.9995
GGBR4_usd,2025-10-06,Lula-Trump call,D,"[-1,+1]",1.0132585918164811,,0.2774450791477534,0.809,0.576
GGBR4_usd,2025-10-06,Lula-Trump call,D,"[-5,+5]",6.915519499395087,,4.217536619609752,0.35,0.8325
GGBR4_usd,2025-10-06,Lula-Trump call,D,"[-20,+20]",17.946907271022035,,7.890789264549424,0.153,0.95
GGBR4_usd,2025-10-06,Lula-Trump call,D,"[-60,+60]",53.74970838700786,,24.071896709369177,0.005,1.0
GGBR4_usd,2025-10-27,Kuala Lumpur meeting (Sun 26),D,"[-1,+1]",2.171760507445118,,1.7524157446669575,0.584,0.713
GGBR4_usd,2025-10-27,Kuala Lumpur meeting (Sun 26),D,"[-5,+5]",7.046756298093756,,5.509158834573835,0.343,0.8345
GGBR4_usd,2025-10-27,Kuala Lumpur meeting (Sun 26),D,"[-20,+20]",17.104843407445166,,11.373798316143645,0.1705,0.943
GGBR4_usd,2025-10-27,Kuala Lumpur meeting (Sun 26),D,"[-60,+60]",56.65883836330603,,39.7452662645869,0.004,1.0
GGBR4_usd,2025-11-20,EO 14361 food relief,D,"[-1,+1]",-1.021094667310671,,-1.416282194963303,0.809,0.385
GGBR4_usd,2025-11-20,EO 14361 food relief,D,"[-5,+5]",0.543585917997301,,-0.905435016729017,0.93,0.485
GGBR4_usd,2025-11-20,EO 14361 food relief,D,"[-20,+20]",15.455575300509985,,10.054679089257345,0.209,0.9275
GGBR4_usd,2025-11-20,EO 14361 food relief,D,"[-60,+60]",46.5039762504874,,30.564745968497895,0.0155,1.0
GGBR4_usd,2025-12-12,Magnitsky lifted,D,"[-1,+1]",5.696059915248979,,5.243462982631364,0.157,0.92
GGBR4_usd,2025-12-12,Magnitsky lifted,D,"[-5,+5]",1.4276674756409615,,-0.23185461062362744,0.817,0.542
GGBR4_usd,2025-12-12,Magnitsky lifted,D,"[-20,+20]",20.046885195586775,,13.861393783146035,0.1035,0.971
GGBR4_usd,2025-12-12,Magnitsky lifted,D,"[-60,+60]",24.487906026038303,,6.2331630771278235,0.149,0.954
GGBR4_usd,2026-02-20,SCOTUS voids IEEPA,D,"[-1,+1]",1.2843232398026336,,1.327045612170874,0.7465,0.621
GGBR4_usd,2026-02-20,SCOTUS voids IEEPA,D,"[-5,+5]",-4.519508201184008,,-4.36285950250046,0.5305,0.242
GGBR4_usd,2026-02-20,SCOTUS voids IEEPA,D,"[-20,+20]",-22.80149788805219,,-22.217625465686236,0.066,0.055
GGBR4_usd,2026-02-20,SCOTUS voids IEEPA,D,"[-60,+60]",27.17006913555868,,28.89320482107771,0.114,0.9705
GGBR4_usd,2026-05-07,White House meeting,D,"[-1,+1]",0.30815829785192084,,1.0405786180268883,0.947,0.5065
GGBR4_usd,2026-05-07,White House meeting,D,"[-5,+5]",1.8749389922865016,,4.5604801662613825,0.7915,0.5615
GGBR4_usd,2026-05-07,White House meeting,D,"[-20,+20]",8.51065330005242,,18.520397675776977,0.5,0.748
GGBR4_usd,2026-05-07,White House meeting,D,"[-60,+60]",-15.563585821733456,,13.977367091990233,0.407,0.2235
GGBR4_usd,2026-06-01,301 determination,E,"[-1,+1]",4.906131220086961,,5.486849631020219,0.206,0.9
GGBR4_usd,2026-06-01,301 determination,E,"[-5,+5]",-7.4543691870040725,,-5.3250683469154625,0.313,0.1705
GGBR4_usd,2026-06-01,301 determination,E,"[-20,+20]",-20.075931094595617,,-12.139446145174437,0.1035,0.0745
GGBR4_usd,2026-06-01,301 determination,E,"[-60,+60]",-7.963751337930587,,15.458557903044115,0.6725,0.3685
GGBR4_usd,2026-07-15,301 final action,E,"[-1,+1]",4.347058401897107,,5.073156623666697,0.269,0.869
GGBR4_usd,2026-07-15,301 final action,E,"[-5,+5]",8.578984591518724,,11.241344738007221,0.2635,0.891
GGBR4_usd,2026-07-15,301 final action,E,"[-20,+20]",-4.996786434806102,,4.926555929378296,0.695,0.3295
GGBR4_usd,2026-07-15,301 final action,E,"[-60,+60]",,,,,
GGBR4_usd,2026-07-22,301 effective,E,"[-1,+1]",1.1722607185769747,,2.016779782594913,0.776,0.603
GGBR4_usd,2026-07-22,301 effective,E,"[-5,+5]",2.084574739367181,,5.181144640766289,0.773,0.573
GGBR4_usd,2026-07-22,301 effective,E,"[-20,+20]",-5.9287134858525965,,5.613047055725894,0.6455,0.305
GGBR4_usd,2026-07-22,301 effective,E,"[-60,+60]",,,,,
GGBR4_usd,2026-08-17,FT: Magnitsky re-imposition discussed (Sun 16),E,"[-1,+1]",-3.521104833726943,,-2.7629515589832954,0.379,0.205
GGBR4_usd,2026-08-17,FT: Magnitsky re-imposition discussed (Sun 16),E,"[-5,+5]",-16.308156176373174,,-13.528260835646467,0.0545,0.037
GGBR4_usd,2026-08-17,FT: Magnitsky re-imposition discussed (Sun 16),E,"[-20,+20]",-3.7139731504413787,,6.647454937721807,0.7775,0.3595
GGBR4_usd,2026-08-17,FT: Magnitsky re-imposition discussed (Sun 16),E,"[-60,+60]",,,,,
GGBR4_usd,2026-10-01,consular suspension,E,"[-1,+1]",6.829899108178309,,7.4931602075199555,0.106,0.941
GGBR4_usd,2026-10-01,consular suspension,E,"[-5,+5]",,,,,
GGBR4_usd,2026-10-01,consular suspension,E,"[-20,+20]",,,,,
GGBR4_usd,2026-10-01,consular suspension,E,"[-60,+60]",,,,,
GGBR4_usd,2025-04-02,Liberation Day (Brazil at 10% floor),C,"[-1,+1]",1.365204016757862,,0.7680369785260321,0.7285,0.63
GGBR4_usd,2025-04-02,Liberation Day (Brazil at 10% floor),C,"[-5,+5]",-18.33820681121361,,-20.52781928473032,0.0365,0.024
GGBR4_usd,2025-04-02,Liberation Day (Brazil at 10% floor),C,"[-20,+20]",-0.11931411377176282,,-8.280596969606771,0.9975,0.4675
GGBR4_usd,2025-04-02,Liberation Day (Brazil at 10% floor),C,"[-60,+60]",28.324271575339893,,4.238534366656086,0.097,0.9825
GGBR4_usd,2025-04-11,Reciprocity Law,C,"[-1,+1]",5.3810792451025975,,4.658384835072161,0.1675,0.919
GGBR4_usd,2025-04-11,Reciprocity Law,C,"[-5,+5]",-6.5555514695736115,,-9.205430973018549,0.3705,0.1885
GGBR4_usd,2025-04-11,Reciprocity Law,C,"[-20,+20]",7.752996925997891,,-2.1238266777514188,0.537,0.7255
GGBR4_usd,2025-04-11,Reciprocity Law,C,"[-60,+60]",37.058443788603135,,7.9097692507088295,0.044,0.998
GGBR4_usd,2026-10-05,first-round result,C,"[-1,+1]",0.8350179057409607,,1.4735112579673082,0.8425,0.555
GGBR4_usd,2026-10-05,first-round result,C,"[-5,+5]",,,,,
GGBR4_usd,2026-10-05,first-round result,C,"[-20,+20]",,,,,
GGBR4_usd,2026-10-05,first-round result,C,"[-60,+60]",,,,,
JBS_usd,2025-07-10,Trump letter 50% (07-09 evening),E,"[-1,+1]",0.11343176981693016,,0.1649501508708795,0.984,0.509
JBS_usd,2025-07-10,Trump letter 50% (07-09 evening),E,"[-5,+5]",-2.571683860228211,,-2.3827831296970636,0.744,0.3645
JBS_usd,2025-07-10,Trump letter 50% (07-09 evening),E,"[-20,+20]",1.551951214263022,,2.256035755333663,0.9205,0.583
JBS_usd,2025-07-10,Trump letter 50% (07-09 evening),E,"[-60,+60]",3.793186012504182,,5.871094048346805,0.899,0.575
JBS_usd,2025-07-30,EO 14323 + Magnitsky on Moraes,E,"[-1,+1]",0.9466236019768394,,1.1835697256510347,0.8095,0.5955
JBS_usd,2025-07-30,EO 14323 + Magnitsky on Moraes,E,"[-5,+5]",3.5162644794001676,,4.385066932872217,0.6515,0.67
JBS_usd,2025-07-30,EO 14323 + Magnitsky on Moraes,E,"[-20,+20]",13.218542948785174,,16.456806638999176,0.3985,0.784
JBS_usd,2025-07-30,EO 14323 + Magnitsky on Moraes,E,"[-60,+60]",-26.79063528265476,,-17.233808294462214,0.5155,0.2565
JBS_usd,2025-08-06,40% effective,E,"[-1,+1]",1.3802341300859395,,1.348851629330916,0.7165,0.639
JBS_usd,2025-08-06,40% effective,E,"[-5,+5]",7.773219261647732,,7.6581500922126455,0.3325,0.83
JBS_usd,2025-08-06,40% effective,E,"[-20,+20]",19.096771546655777,,18.667877369670457,0.2565,0.867
JBS_usd,2025-08-06,40% effective,E,"[-60,+60]",-13.05916224051394,,-14.32492310429989,0.7305,0.4015
JBS_usd,2025-09-23,UNGA chemistry,D,"[-1,+1]",-2.8286180701484227,,-2.4096873609912084,0.4465,0.2255
JBS_usd,2025-09-23,UNGA chemistry,D,"[-5,+5]",-6.625309420885563,,-5.089230153975777,0.4075,0.2015
JBS_usd,2025-09-23,UNGA chemistry,D,"[-20,+20]",-25.309201526554524,,-19.583815168072594,0.1385,0.062
JBS_usd,2025-09-23,UNGA chemistry,D,"[-60,+60]",-17.70832979801554,,-0.8114578620078916,0.6585,0.3595
JBS_usd,2025-10-06,Lula-Trump call,D,"[-1,+1]",-10.462396237637895,,-10.073944217270503,0.0105,0.003
JBS_usd,2025-10-06,Lula-Trump call,D,"[-5,+5]",-16.68110420622383,,-15.25678013154339,0.0275,0.01
JBS_usd,2025-10-06,Lula-Trump call,D,"[-20,+20]",-23.85546007516079,,-18.54661579680643,0.156,0.071
JBS_usd,2025-10-06,Lula-Trump call,D,"[-60,+60]",-11.211714665016203,,4.45585015646861,0.762,0.4115
JBS_usd,2025-10-27,Kuala Lumpur meeting (Sun 26),D,"[-1,+1]",2.3310109007816218,,2.774460749081298,0.5475,0.7285
JBS_usd,2025-10-27,Kuala Lumpur meeting (Sun 26),D,"[-5,+5]",1.8971446979001318,,3.523127474998944,0.824,0.587
JBS_usd,2025-10-27,Kuala Lumpur meeting (Sun 26),D,"[-20,+20]",-6.657573183256125,,-0.5970919231605532,0.6545,0.3405
JBS_usd,2025-10-27,Kuala Lumpur meeting (Sun 26),D,"[-60,+60]",-4.285759057562895,,13.600051490524034,0.8895,0.4665
JBS_usd,2025-11-20,EO 14361 food relief,D,"[-1,+1]",3.734097639099235,,4.087770288230308,0.334,0.8195
JBS_usd,2025-11-20,EO 14361 food relief,D,"[-5,+5]",9.752698858392739,,11.04949857187334,0.193,0.909
JBS_usd,2025-11-20,EO 14361 food relief,D,"[-20,+20]",4.995005193985022,,9.828531398776352,0.73,0.662
JBS_usd,2025-11-20,EO 14361 food relief,D,"[-60,+60]",-16.829255438593414,,-2.5644585903068062,0.6735,0.3695
JBS_usd,2025-12-12,Magnitsky lifted,D,"[-1,+1]",0.8727772704979337,,1.0393300831946561,0.8245,0.5865
JBS_usd,2025-12-12,Magnitsky lifted,D,"[-5,+5]",-5.035729974018876,,-4.425036327464227,0.5185,0.267
JBS_usd,2025-12-12,Magnitsky lifted,D,"[-20,+20]",10.449662271165545,,12.725884044687419,0.49,0.7495
JBS_usd,2025-12-12,Magnitsky lifted,D,"[-60,+60]",-9.873575275301572,,-3.1559451632004354,0.7815,0.421
JBS_usd,2026-02-20,SCOTUS voids IEEPA,D,"[-1,+1]",0.2753561893415105,,0.9637693390752045,0.938,0.5325
JBS_usd,2026-02-20,SCOTUS voids IEEPA,D,"[-5,+5]",0.5073658210840568,,3.0315473701076012,0.9435,0.52
JBS_usd,2026-02-20,SCOTUS voids IEEPA,D,"[-20,+20]",-16.094162249191434,,-6.685849202830951,0.328,0.15
JBS_usd,2026-02-20,SCOTUS voids IEEPA,D,"[-60,+60]",-35.359835240969836,,-7.593838201710845,0.394,0.1835
JBS_usd,2026-05-07,White House meeting,D,"[-1,+1]",-0.6259890547796495,,-0.892281972763298,0.8805,0.443
JBS_usd,2026-05-07,White House meeting,D,"[-5,+5]",-12.642787880954655,,-13.6191952468947,0.089,0.0475
JBS_usd,2026-05-07,White House meeting,D,"[-20,+20]",-34.35366712264289,,-37.99300366841942,0.0345,0.0045
JBS_usd,2026-05-07,White House meeting,D,"[-60,+60]",-2.2231099557201013,,-12.963590981060591,0.95,0.492
JBS_usd,2026-06-01,301 determination,E,"[-1,+1]",-6.429148340691795,,-6.329678894625035,0.091,0.037
JBS_usd,2026-06-01,301 determination,E,"[-5,+5]",-11.54142589633336,,-11.176704594088571,0.119,0.061
JBS_usd,2026-06-01,301 determination,E,"[-20,+20]",-31.364661976290005,,-30.00524621337761,0.0615,0.0145
JBS_usd,2026-06-01,301 determination,E,"[-60,+60]",-17.290506432179388,,-13.278572107486708,0.6645,0.3645
JBS_usd,2026-07-15,301 final action,E,"[-1,+1]",1.64043508435,,1.8649408049641547,0.679,0.6595
JBS_usd,2026-07-15,301 final action,E,"[-5,+5]",-1.4569154736547538,,-0.6337278314028527,0.872,0.436
JBS_usd,2026-07-15,301 final action,E,"[-20,+20]",3.404288766114588,,6.472533614508038,0.8215,0.6275
JBS_usd,2026-07-15,301 final action,E,"[-60,+60]",,,,,
JBS_usd,2026-07-22,301 effective,E,"[-1,+1]",1.4405731075119175,,1.8512532991972197,0.7035,0.644
JBS_usd,2026-07-22,301 effective,E,"[-5,+5]",16.738501547170376,,18.244328916683152,0.0265,0.983
JBS_usd,2026-07-22,301 effective,E,"[-20,+20]",7.431655312494206,,13.044284598860003,0.6205,0.692
JBS_usd,2026-07-22,301 effective,E,"[-60,+60]",,,,,
JBS_usd,2026-08-17,FT: Magnitsky re-imposition discussed (Sun 16),E,"[-1,+1]",2.551457454472952,,2.8888859058008975,0.5,0.7605
JBS_usd,2026-08-17,FT: Magnitsky re-imposition discussed (Sun 16),E,"[-5,+5]",-3.420481008828431,,-2.1832433539592966,0.6665,0.3295
JBS_usd,2026-08-17,FT: Magnitsky re-imposition discussed (Sun 16),E,"[-20,+20]",-0.20191867563443466,,4.409603492514158,0.991,0.533
JBS_usd,2026-08-17,FT: Magnitsky re-imposition discussed (Sun 16),E,"[-60,+60]",,,,,
JBS_usd,2026-10-01,consular suspension,E,"[-1,+1]",2.344324088564174,,2.780105227234264,0.5425,0.7295
JBS_usd,2026-10-01,consular suspension,E,"[-5,+5]",,,,,
JBS_usd,2026-10-01,consular suspension,E,"[-20,+20]",,,,,
JBS_usd,2026-10-01,consular suspension,E,"[-60,+60]",,,,,
JBS_usd,2025-04-02,Liberation Day (Brazil at 10% floor),C,"[-1,+1]",1.4663072005085565,,2.2906628058048994,0.6975,0.6475
JBS_usd,2025-04-02,Liberation Day (Brazil at 10% floor),C,"[-5,+5]",-7.200575250662614,,-4.1779380312426895,0.363,0.177
JBS_usd,2025-04-02,Liberation Day (Brazil at 10% floor),C,"[-20,+20]",23.10314115970499,,34.369334432088344,0.17,0.9095
JBS_usd,2025-04-02,Liberation Day (Brazil at 10% floor),C,"[-60,+60]",-18.62947636194312,,14.619533051676049,0.638,0.3485
JBS_usd,2025-04-11,Reciprocity Law,C,"[-1,+1]",6.272849932278797,,6.930687843256589,0.093,0.945
JBS_usd,2025-04-11,Reciprocity Law,C,"[-5,+5]",3.0922561791342114,,5.504328519386115,0.7005,0.6445
JBS_usd,2025-04-11,Reciprocity Law,C,"[-20,+20]",12.255667513737892,,21.246118963767714,0.4315,0.7735
JBS_usd,2025-04-11,Reciprocity Law,C,"[-60,+60]",-12.716218719556649,,13.816577023214291,0.7395,0.403
JBS_usd,2026-10-05,first-round result,C,"[-1,+1]",6.225399663444989,,6.613357599152625,0.093,0.945
JBS_usd,2026-10-05,first-round result,C,"[-5,+5]",,,,,
JBS_usd,2026-10-05,first-round result,C,"[-20,+20]",,,,,
JBS_usd,2026-10-05,first-round result,C,"[-60,+60]",,,,,
TUPY3_usd,2025-07-10,Trump letter 50% (07-09 evening),E,"[-1,+1]",-3.4994265115395193,,-4.099608871403881,0.3515,0.181
TUPY3_usd,2025-07-10,Trump letter 50% (07-09 evening),E,"[-5,+5]",-4.602618787646669,,-6.803287440482664,0.5495,0.296
TUPY3_usd,2025-07-10,Trump letter 50% (07-09 evening),E,"[-20,+20]",-4.180645484270247,,-12.38313773574986,0.7095,0.398
TUPY3_usd,2025-07-10,Trump letter 50% (07-09 evening),E,"[-60,+60]",0.7466119638048525,,-23.46074321739108,0.9825,0.6045
TUPY3_usd,2025-07-30,EO 14323 + Magnitsky on Moraes,E,"[-1,+1]",-1.5054994791347562,,-1.9804969530496264,0.694,0.3585
TUPY3_usd,2025-07-30,EO 14323 + Magnitsky on Moraes,E,"[-5,+5]",-2.392400887161506,,-4.1340582915160295,0.7755,0.4285
TUPY3_usd,2025-07-30,EO 14323 + Magnitsky on Moraes,E,"[-20,+20]",-15.532317857316304,,-22.02395000081953,0.2815,0.1585
TUPY3_usd,2025-07-30,EO 14323 + Magnitsky on Moraes,E,"[-60,+60]",-27.01213770480578,,-46.17036915270554,0.2795,0.143
TUPY3_usd,2025-08-06,40% effective,E,"[-1,+1]",4.53267551609028,,4.119955935584407,0.2155,0.9025
TUPY3_usd,2025-08-06,40% effective,E,"[-5,+5]",5.7211289220596795,,4.207823793538146,0.4425,0.802
TUPY3_usd,2025-08-06,40% effective,E,"[-20,+20]",-19.364852780014687,,-25.00535371359495,0.208,0.119
TUPY3_usd,2025-08-06,40% effective,E,"[-60,+60]",-22.0242614689149,,-38.67061788265177,0.3615,0.1985
TUPY3_usd,2025-09-23,UNGA chemistry,D,"[-1,+1]",-3.2193651150391993,,-4.2626750039924115,0.377,0.1935
TUPY3_usd,2025-09-23,UNGA chemistry,D,"[-5,+5]",-6.944708524701335,,-10.770178117529781,0.3525,0.196
TUPY3_usd,2025-09-23,UNGA chemistry,D,"[-20,+20]",-3.451009072210816,,-17.709577554571386,0.7615,0.4335
TUPY3_usd,2025-09-23,UNGA chemistry,D,"[-60,+60]",3.608906882245549,,-38.471258638867354,0.9145,0.6415
TUPY3_usd,2025-10-06,Lula-Trump call,D,"[-1,+1]",-1.5625920028673237,,-2.271415700526669,0.689,0.357
TUPY3_usd,2025-10-06,Lula-Trump call,D,"[-5,+5]",-6.336286810155839,,-8.93530703490677,0.4,0.224
TUPY3_usd,2025-10-06,Lula-Trump call,D,"[-20,+20]",-5.883868708668295,,-15.571125910012679,0.6245,0.348
TUPY3_usd,2025-10-06,Lula-Trump call,D,"[-60,+60]",-9.777127644001176,,-38.36635011626143,0.7335,0.4575
TUPY3_usd,2025-10-27,Kuala Lumpur meeting (Sun 26),D,"[-1,+1]",-0.3166708484944781,,-0.6802478789445066,0.9405,0.496
TUPY3_usd,2025-10-27,Kuala Lumpur meeting (Sun 26),D,"[-5,+5]",3.2152796650701116,,1.8821638867533408,0.6965,0.68
TUPY3_usd,2025-10-27,Kuala Lumpur meeting (Sun 26),D,"[-20,+20]",-10.177491368084473,,-15.146377450901529,0.4145,0.2135
TUPY3_usd,2025-10-27,Kuala Lumpur meeting (Sun 26),D,"[-60,+60]",-3.657790726471868,,-18.32206428795635,0.9135,0.555
TUPY3_usd,2025-11-20,EO 14361 food relief,D,"[-1,+1]",-4.504485247496549,,-4.755022320572211,0.2195,0.121
TUPY3_usd,2025-11-20,EO 14361 food relief,D,"[-5,+5]",-4.5607539021087256,,-5.479389836719484,0.557,0.3025
TUPY3_usd,2025-11-20,EO 14361 food relief,D,"[-20,+20]",0.05132758731606213,,-3.3726790780513105,1.0,0.562
TUPY3_usd,2025-11-20,EO 14361 food relief,D,"[-60,+60]",2.824390917665067,,-7.280604363053277,0.9295,0.6385
TUPY3_usd,2025-12-12,Magnitsky lifted,D,"[-1,+1]",4.33577118500063,,3.883312003470285,0.245,0.8865
TUPY3_usd,2025-12-12,Magnitsky lifted,D,"[-5,+5]",-6.828675642003175,,-8.487692640947774,0.361,0.2005
TUPY3_usd,2025-12-12,Magnitsky lifted,D,"[-20,+20]",-7.309362557133484,,-13.492971371381534,0.5565,0.3
TUPY3_usd,2025-12-12,Magnitsky lifted,D,"[-60,+60]",-2.1013926320381806,,-20.350579620428768,0.941,0.5715
TUPY3_usd,2026-02-20,SCOTUS voids IEEPA,D,"[-1,+1]",7.370148557280233,,6.589092777337557,0.067,0.97
TUPY3_usd,2026-02-20,SCOTUS voids IEEPA,D,"[-5,+5]",15.797128565563423,,12.933257372440277,0.0375,0.973
TUPY3_usd,2026-02-20,SCOTUS voids IEEPA,D,"[-20,+20]",11.400144275849577,,0.7257152832996705,0.3775,0.825
TUPY3_usd,2026-02-20,SCOTUS voids IEEPA,D,"[-60,+60]",46.46264455539012,,14.96006143103552,0.093,0.924
TUPY3_usd,2026-05-07,White House meeting,D,"[-1,+1]",2.780445290793911,,2.014069058027834,0.443,0.777
TUPY3_usd,2026-05-07,White House meeting,D,"[-5,+5]",3.1681793371878624,,0.35813315037891424,0.7005,0.68
TUPY3_usd,2026-05-07,White House meeting,D,"[-20,+20]",9.066459372453767,,-1.4073491420159483,0.4575,0.7855
TUPY3_usd,2026-05-07,White House meeting,D,"[-60,+60]",61.82595925160257,,30.915451196704144,0.0335,0.9665
TUPY3_usd,2026-06-01,301 determination,E,"[-1,+1]",2.8521603248387954,,1.9485669026579555,0.434,0.7815
TUPY3_usd,2026-06-01,301 determination,E,"[-5,+5]",3.9460899191797543,,0.6329140378500067,0.6135,0.715
TUPY3_usd,2026-06-01,301 determination,E,"[-20,+20]",13.99643353146984,,1.6473234283316902,0.3135,0.8615
TUPY3_usd,2026-06-01,301 determination,E,"[-60,+60]",60.351067795227145,,23.906133100599924,0.036,0.9645
TUPY3_usd,2026-07-15,301 final action,E,"[-1,+1]",3.454239636755883,,2.5443149961926093,0.3525,0.8295
TUPY3_usd,2026-07-15,301 final action,E,"[-5,+5]",13.876074161324588,,10.539683812592584,0.0695,0.955
TUPY3_usd,2026-07-15,301 final action,E,"[-20,+20]",19.137808060468707,,6.702171306103965,0.217,0.904
TUPY3_usd,2026-07-15,301 final action,E,"[-60,+60]",,,,,
TUPY3_usd,2026-07-22,301 effective,E,"[-1,+1]",-1.3372357896503133,,-1.8466331237318112,0.7215,0.3795
TUPY3_usd,2026-07-22,301 effective,E,"[-5,+5]",-0.8161986599692368,,-2.6839888849347293,0.9245,0.5115
TUPY3_usd,2026-07-22,301 effective,E,"[-20,+20]",7.363966384684225,,0.40220281890375276,0.5515,0.745
TUPY3_usd,2026-07-22,301 effective,E,"[-60,+60]",,,,,
TUPY3_usd,2026-08-17,FT: Magnitsky re-imposition discussed (Sun 16),E,"[-1,+1]",-1.7503077779869818,,-2.152430525580673,0.6415,0.33
TUPY3_usd,2026-08-17,FT: Magnitsky re-imposition discussed (Sun 16),E,"[-5,+5]",5.36803408102565,,3.8935840065154492,0.477,0.7865
TUPY3_usd,2026-08-17,FT: Magnitsky re-imposition discussed (Sun 16),E,"[-20,+20]",2.445600593763511,,-3.0500769566836015,0.833,0.6355
TUPY3_usd,2026-08-17,FT: Magnitsky re-imposition discussed (Sun 16),E,"[-60,+60]",,,,,
TUPY3_usd,2026-10-01,consular suspension,E,"[-1,+1]",0.28994942678860813,,0.4755963220438586,0.946,0.553
TUPY3_usd,2026-10-01,consular suspension,E,"[-5,+5]",,,,,
TUPY3_usd,2026-10-01,consular suspension,E,"[-20,+20]",,,,,
TUPY3_usd,2026-10-01,consular suspension,E,"[-60,+60]",,,,,
TUPY3_usd,2025-04-02,Liberation Day (Brazil at 10% floor),C,"[-1,+1]",1.8941697297684703,,1.5050021551096915,0.589,0.711
TUPY3_usd,2025-04-02,Liberation Day (Brazil at 10% floor),C,"[-5,+5]",-6.81228867828476,,-8.239236452033616,0.3645,0.204
TUPY3_usd,2025-04-02,Liberation Day (Brazil at 10% floor),C,"[-20,+20]",8.498314752476261,,3.179691232139615,0.4825,0.777
TUPY3_usd,2025-04-02,Liberation Day (Brazil at 10% floor),C,"[-60,+60]",11.301470385322895,,-4.394955125914523,0.694,0.7345
TUPY3_usd,2025-04-11,Reciprocity Law,C,"[-1,+1]",15.472205160546983,,14.864963176711642,0.003,0.997
TUPY3_usd,2025-04-11,Reciprocity Law,C,"[-5,+5]",27.0402948840266,,24.81374094329702,0.002,0.998
TUPY3_usd,2025-04-11,Reciprocity Law,C,"[-20,+20]",4.176362759808466,,-4.122611019274514,0.7095,0.6885
TUPY3_usd,2025-04-11,Reciprocity Law,C,"[-60,+60]",19.46475227750746,,-5.027341070517921,0.417,0.8245
TUPY3_usd,2026-10-05,first-round result,C,"[-1,+1]",5.989180533436693,,6.4276411477254936,0.114,0.957
TUPY3_usd,2026-10-05,first-round result,C,"[-5,+5]",,,,,
TUPY3_usd,2026-10-05,first-round result,C,"[-20,+20]",,,,,
TUPY3_usd,2026-10-05,first-round result,C,"[-60,+60]",,,,,
