variant,unit,adj,crisis_out,f3,fp4,d_a,d_b,d_c,d_d,d_e,d_f,d_g,d_ELI,d_FP,H1,H1_comp,H4,H4_partial_c,H4_partial_f,H4_comp,H5,H5_comp,H6,H2,H2_rank_min,H3,H3_comp
baseline,regime,raw,False,True,True,0.5628188672998422,0.12135635531730771,0.5006596025449319,-0.198201265033049,-0.4534237129889439,0.45165643752513474,1.250516212957867,0.2595590166751613,0.8740590778051716,True,False,False,False,True,False,True,False,True,True,True,True,False
baseline,regime,raw,False,True,False,0.5628188672998422,0.12135635531730771,0.5006596025449319,-0.198201265033049,-0.4534237129889439,0.45165643752513474,1.250516212957867,0.2595590166751613,0.668309778544536,True,False,False,False,True,False,True,False,False,True,True,True,False
baseline,regime,raw,False,False,True,0.521132211489375,0.12135635531730771,0.5006596025449319,-0.198201265033049,-0.4534237129889439,0.45165643752513474,1.250516212957867,0.2563166081998362,0.8740590778051716,True,False,False,False,True,False,True,False,True,True,True,True,False
baseline,regime,raw,False,False,False,0.521132211489375,0.12135635531730771,0.5006596025449319,-0.198201265033049,-0.4534237129889439,0.45165643752513474,1.250516212957867,0.2563166081998362,0.668309778544536,True,False,False,False,True,False,True,False,False,True,True,True,False
baseline,regime,raw,True,True,True,0.39288493458856977,0.0823021329340133,0.46229687668258357,-0.21507757267608732,-0.3531135699791987,0.5380775789183652,1.2703403694431434,0.23637856699431814,0.8740590778051716,True,False,False,False,True,False,True,False,True,True,True,True,False
baseline,regime,raw,True,True,False,0.39288493458856977,0.0823021329340133,0.46229687668258357,-0.21507757267608732,-0.3531135699791987,0.5380775789183652,1.2703403694431434,0.23637856699431814,0.668309778544536,True,False,False,False,True,False,True,False,False,True,True,True,False
baseline,regime,raw,True,False,True,0.27306104849493096,0.0823021329340133,0.46229687668258357,-0.21507757267608732,-0.3531135699791987,0.5380775789183652,1.2703403694431434,0.22011328680513112,0.8740590778051716,True,False,False,False,True,False,True,False,True,True,True,True,False
baseline,regime,raw,True,False,False,0.27306104849493096,0.0823021329340133,0.46229687668258357,-0.21507757267608732,-0.3531135699791987,0.5380775789183652,1.2703403694431434,0.22011328680513112,0.668309778544536,True,False,False,False,True,False,True,False,False,True,True,True,False
baseline,regime,tot,False,True,True,0.6091191130385614,0.06617663109259467,0.464229301562223,-0.15802460536938406,-0.37798940819370386,0.47706197592067584,1.3269796828496025,0.2907272183430507,0.8740590778051716,True,False,False,False,True,False,True,False,True,True,True,True,False
baseline,regime,tot,False,True,False,0.6091191130385614,0.06617663109259467,0.464229301562223,-0.15802460536938406,-0.37798940819370386,0.47706197592067584,1.3269796828496025,0.2907272183430507,0.668309778544536,True,False,False,False,True,False,True,False,False,True,True,True,False
baseline,regime,tot,False,False,True,0.5682436008763398,0.06617663109259467,0.464229301562223,-0.15802460536938406,-0.37798940819370386,0.47706197592067584,1.3269796828496025,0.2879184742586662,0.8740590778051716,True,False,False,False,True,False,True,False,True,True,True,True,False
baseline,regime,tot,False,False,False,0.5682436008763398,0.06617663109259467,0.464229301562223,-0.15802460536938406,-0.37798940819370386,0.47706197592067584,1.3269796828496025,0.2879184742586662,0.668309778544536,True,False,False,False,True,False,True,False,False,True,True,True,False
baseline,regime,tot,True,True,True,0.40772122257575794,0.028685490540603875,0.4010204224916649,-0.19882373103194223,-0.31918487257604405,0.5526582535701855,1.3114313030903997,0.24290797084663346,0.8740590778051716,True,False,False,False,True,False,True,False,True,True,True,True,False
baseline,regime,tot,True,True,False,0.40772122257575794,0.028685490540603875,0.4010204224916649,-0.19882373103194223,-0.31918487257604405,0.5526582535701855,1.3114313030903997,0.24290797084663346,0.668309778544536,True,False,False,False,True,False,True,False,False,True,True,True,False
baseline,regime,tot,True,False,True,0.27916782956205477,0.028685490540603875,0.4010204224916649,-0.19882373103194223,-0.31918487257604405,0.5526582535701855,1.3114313030903997,0.22548624662033537,0.8740590778051716,True,False,False,False,True,False,True,False,True,True,True,True,False
baseline,regime,tot,True,False,False,0.27916782956205477,0.028685490540603875,0.4010204224916649,-0.19882373103194223,-0.31918487257604405,0.5526582535701855,1.3114313030903997,0.22548624662033537,0.668309778544536,True,False,False,False,True,False,True,False,False,True,True,True,False
baseline,regime,tot+start,False,True,True,0.5343606634257116,-0.026830688105860583,0.11883937545515828,-0.20605779213240072,-0.17933111104879207,0.31303969304345647,1.2557196545286329,0.21891933680080827,0.8740590778051716,True,False,False,False,True,False,True,False,True,True,True,True,False
baseline,regime,tot+start,False,True,False,0.5343606634257116,-0.026830688105860583,0.11883937545515828,-0.20605779213240072,-0.17933111104879207,0.31303969304345647,1.2557196545286329,0.21891933680080827,0.668309778544536,True,False,False,False,True,False,True,False,False,True,True,True,False
baseline,regime,tot+start,False,False,True,0.45729313927519954,-0.026830688105860583,0.11883937545515828,-0.20605779213240072,-0.17933111104879207,0.31303969304345647,1.2557196545286329,0.20592801070269384,0.8740590778051716,True,False,False,False,True,False,True,False,True,True,True,True,False
baseline,regime,tot+start,False,False,False,0.45729313927519954,-0.026830688105860583,0.11883937545515828,-0.20605779213240072,-0.17933111104879207,0.31303969304345647,1.2557196545286329,0.20592801070269384,0.668309778544536,True,False,False,False,True,False,True,False,False,True,True,True,False
baseline,regime,tot+start,True,True,True,0.28653849767581485,-0.07644294738521071,0.04781545593209824,-0.25628440553565834,-0.10332516650350376,0.4063307789245192,1.2327751172866774,0.16340424838059317,0.8740590778051716,True,False,False,False,True,False,True,False,True,True,True,True,False
baseline,regime,tot+start,True,True,False,0.28653849767581485,-0.07644294738521071,0.04781545593209824,-0.25628440553565834,-0.10332516650350376,0.4063307789245192,1.2327751172866774,0.16340424838059317,0.668309778544536,True,False,False,False,True,False,True,False,True,True,True,True,False
baseline,regime,tot+start,True,False,True,0.0930810125633307,-0.07644294738521071,0.04781545593209824,-0.25628440553565834,-0.10332516650350376,0.4063307789245192,1.2327751172866774,0.13101459545548338,0.8740590778051716,True,False,False,False,True,False,True,False,True,True,True,True,False
baseline,regime,tot+start,True,False,False,0.0930810125633307,-0.07644294738521071,0.04781545593209824,-0.25628440553565834,-0.10332516650350376,0.4063307789245192,1.2327751172866774,0.13101459545548338,0.668309778544536,True,False,False,False,True,False,True,False,True,True,True,True,False
baseline,term,raw,False,True,True,0.3797456819526874,0.10825919248250972,0.313660636207563,-0.4162764372135136,-0.38741992084386634,0.42056600821997014,1.0996858965849388,0.14649882673781378,1.0471279317297757,True,False,False,False,True,False,True,False,True,,,,
baseline,term,raw,False,True,False,0.3797456819526874,0.10825919248250972,0.313660636207563,-0.4162764372135136,-0.38741992084386634,0.42056600821997014,1.0996858965849388,0.14649882673781378,0.8669681764206274,True,False,False,False,True,False,True,False,True,,,,
baseline,term,raw,False,False,True,0.3546598884606266,0.10825919248250972,0.313660636207563,-0.4162764372135136,-0.38741992084386634,0.42056600821997014,1.0996858965849388,0.14226005213370094,1.0471279317297757,True,False,False,False,True,False,True,False,True,,,,
baseline,term,raw,False,False,False,0.3546598884606266,0.10825919248250972,0.313660636207563,-0.4162764372135136,-0.38741992084386634,0.42056600821997014,1.0996858965849388,0.14226005213370094,0.8669681764206274,True,False,False,False,True,False,True,False,True,,,,
baseline,term,raw,True,True,True,0.21217152080320892,0.06701284702797877,0.2938455745603255,-0.4543417494844876,-0.3214890957403173,0.598562641721343,1.2162215553989209,0.12693762417111132,1.0471279317297757,True,False,False,False,True,False,True,False,True,,,,
baseline,term,raw,True,True,False,0.21217152080320892,0.06701284702797877,0.2938455745603255,-0.4543417494844876,-0.3214890957403173,0.598562641721343,1.2162215553989209,0.12693762417111132,0.8669681764206274,True,False,False,False,True,False,True,False,True,,,,
baseline,term,raw,True,False,True,0.07601923116123091,0.06701284702797877,0.2938455745603255,-0.4543417494844876,-0.3214890957403173,0.598562641721343,1.2162215553989209,0.1041877668753456,1.0471279317297757,True,False,False,False,True,False,True,False,True,,,,
baseline,term,raw,True,False,False,0.07601923116123091,0.06701284702797877,0.2938455745603255,-0.4543417494844876,-0.3214890957403173,0.598562641721343,1.2162215553989209,0.1041877668753456,0.8669681764206274,True,False,False,False,True,False,True,False,True,,,,
baseline,term,tot,False,True,True,0.47347327460098054,0.03165196370143164,0.2679261716108633,-0.3520274299844893,-0.2836076862638108,0.455404163259386,1.2665510920579393,0.19690131541747302,1.0471279317297757,True,False,False,False,True,False,True,False,True,,,,
baseline,term,tot,False,True,False,0.47347327460098054,0.03165196370143164,0.2679261716108633,-0.3520274299844893,-0.2836076862638108,0.455404163259386,1.2665510920579393,0.19690131541747302,0.8669681764206274,True,False,False,False,True,False,True,False,True,,,,
baseline,term,tot,False,False,True,0.4614200210688424,0.03165196370143164,0.2679261716108633,-0.3520274299844893,-0.2836076862638108,0.455404163259386,1.2665510920579393,0.19459163483340397,1.0471279317297757,True,False,False,False,True,False,True,False,True,,,,
baseline,term,tot,False,False,False,0.4614200210688424,0.03165196370143164,0.2679261716108633,-0.3520274299844893,-0.2836076862638108,0.455404163259386,1.2665510920579393,0.19459163483340397,0.8669681764206274,True,False,False,False,True,False,True,False,True,,,,
baseline,term,tot,True,True,True,0.2561099812826171,-0.014539435410603624,0.2020705203502562,-0.41547755153371435,-0.23249447041513457,0.6275776310992984,1.3303335085964534,0.14747683123655952,1.0471279317297757,True,False,False,False,True,False,True,False,True,,,,
baseline,term,tot,True,True,False,0.2561099812826171,-0.014539435410603624,0.2020705203502562,-0.41547755153371435,-0.23249447041513457,0.6275776310992984,1.3303335085964534,0.14747683123655952,0.8669681764206274,True,False,False,False,True,False,True,False,True,,,,
baseline,term,tot,True,False,True,0.11593611354837159,-0.014539435410603624,0.2020705203502562,-0.41547755153371435,-0.23249447041513457,0.6275776310992984,1.3303335085964534,0.1238137149521393,1.0471279317297757,True,False,False,False,True,False,True,False,True,,,,
baseline,term,tot,True,False,False,0.11593611354837159,-0.014539435410603624,0.2020705203502562,-0.41547755153371435,-0.23249447041513457,0.6275776310992984,1.3303335085964534,0.1238137149521393,0.8669681764206274,True,False,False,False,True,False,True,False,True,,,,
baseline,term,tot+start,False,True,True,0.2549541491047671,-0.21711472132555054,0.0825959973083317,-0.48801196568384114,-0.21119410142104172,0.29121723781733644,0.7493204790758548,0.004974949372451229,1.0471279317297757,True,False,False,False,True,False,True,False,True,,,,
baseline,term,tot+start,False,True,False,0.2549541491047671,-0.21711472132555054,0.0825959973083317,-0.48801196568384114,-0.21119410142104172,0.29121723781733644,0.7493204790758548,0.004974949372451229,0.8669681764206274,True,False,False,False,True,False,True,False,True,,,,
baseline,term,tot+start,False,False,True,0.3125886210021758,-0.21711472132555054,0.0825959973083317,-0.48801196568384114,-0.21119410142104172,0.29121723781733644,0.7493204790758548,0.014345537380976093,1.0471279317297757,True,False,False,False,True,False,True,False,True,,,,
baseline,term,tot+start,False,False,False,0.3125886210021758,-0.21711472132555054,0.0825959973083317,-0.48801196568384114,-0.21119410142104172,0.29121723781733644,0.7493204790758548,0.014345537380976093,0.8669681764206274,True,False,False,False,True,False,True,False,True,,,,
baseline,term,tot+start,True,True,True,0.10945198297457073,-0.26816327999857253,0.014547275858814915,-0.5431770306371715,-0.1148146273278077,0.473865063090083,0.8463528764748709,-0.02020614984612902,1.0471279317297757,True,False,False,False,True,False,False,True,True,,,,
baseline,term,tot+start,True,True,False,0.10945198297457073,-0.26816327999857253,0.014547275858814915,-0.5431770306371715,-0.1148146273278077,0.473865063090083,0.8463528764748709,-0.02020614984612902,0.8669681764206274,True,False,False,False,True,False,False,True,True,,,,
baseline,term,tot+start,True,False,True,0.07127686435277389,-0.26816327999857253,0.014547275858814915,-0.5431770306371715,-0.1148146273278077,0.473865063090083,0.8463528764748709,-0.026803826924138668,1.0471279317297757,True,False,False,False,True,False,False,True,True,,,,
baseline,term,tot+start,True,False,False,0.07127686435277389,-0.26816327999857253,0.014547275858814915,-0.5431770306371715,-0.1148146273278077,0.473865063090083,0.8463528764748709,-0.026803826924138668,0.8669681764206274,True,False,False,False,True,False,False,True,True,,,,
baseline,year,raw,False,True,True,0.4789452941740977,0.08915309751949588,0.42580738328183476,-0.2063761041185736,-0.405461003013297,0.34236862873241314,1.191794520279964,0.22988153710531184,1.0168933484277147,True,False,False,False,True,False,True,False,True,,,,
baseline,year,raw,False,True,False,0.4789452941740977,0.08915309751949588,0.42580738328183476,-0.2063761041185736,-0.405461003013297,0.34236862873241314,1.191794520279964,0.22988153710531184,0.8357607457452789,True,False,False,False,True,False,True,False,True,,,,
baseline,year,raw,False,False,True,0.41870526551972354,0.08915309751949588,0.42580738328183476,-0.2063761041185736,-0.405461003013297,0.34236862873241314,1.191794520279964,0.22087675916530303,1.0168933484277147,True,False,False,False,True,False,True,False,True,,,,
baseline,year,raw,False,False,False,0.41870526551972354,0.08915309751949588,0.42580738328183476,-0.2063761041185736,-0.405461003013297,0.34236862873241314,1.191794520279964,0.22087675916530303,0.8357607457452789,True,False,False,False,True,False,True,False,True,,,,
baseline,year,raw,True,True,True,0.3611693355412049,0.13162047347554262,0.4952083129983342,-0.160777931510576,-0.460289856897543,0.4640074898915145,1.2367110234229677,0.23068450671818452,1.0109311138492219,True,False,False,False,True,False,True,False,True,,,,
baseline,year,raw,True,True,False,0.3611693355412049,0.13162047347554262,0.4952083129983342,-0.160777931510576,-0.460289856897543,0.4640074898915145,1.2367110234229677,0.23068450671818452,0.8430260122210683,True,False,False,False,True,False,True,False,True,,,,
baseline,year,raw,True,False,True,0.2210247462745623,0.13162047347554262,0.4952083129983342,-0.160777931510576,-0.460289856897543,0.4640074898915145,1.2367110234229677,0.2099427783278422,1.0109311138492219,True,False,False,False,True,False,True,False,True,,,,
baseline,year,raw,True,False,False,0.2210247462745623,0.13162047347554262,0.4952083129983342,-0.160777931510576,-0.460289856897543,0.4640074898915145,1.2367110234229677,0.2099427783278422,0.8430260122210683,True,False,False,False,True,False,True,False,True,,,,
baseline,year,tot,False,True,True,0.5655802749119018,0.01893092868897693,0.3083792188308761,-0.1643367506773077,-0.2871983824212221,0.3771727497253736,1.2948586762933254,0.2644587717576442,1.0168933484277147,True,False,False,False,True,False,True,False,True,,,,
baseline,year,tot,False,True,False,0.5655802749119018,0.01893092868897693,0.3083792188308761,-0.1643367506773077,-0.2871983824212221,0.3771727497253736,1.2948586762933254,0.2644587717576442,0.8357607457452789,True,False,False,False,True,False,True,False,True,,,,
baseline,year,tot,False,False,True,0.5078674728241458,0.01893092868897693,0.3083792188308761,-0.1643367506773077,-0.2871983824212221,0.3771727497253736,1.2948586762933254,0.2550303648968114,1.0168933484277147,True,False,False,False,True,False,True,False,True,,,,
baseline,year,tot,False,False,False,0.5078674728241458,0.01893092868897693,0.3083792188308761,-0.1643367506773077,-0.2871983824212221,0.3771727497253736,1.2948586762933254,0.2550303648968114,0.8357607457452789,True,False,False,False,True,False,True,False,True,,,,
baseline,year,tot,True,True,True,0.40407935816429735,0.04606259444571825,0.3287370970737463,-0.1386765174022888,-0.3260006990994294,0.5007496238274184,1.2855135009380445,0.2385639739781387,1.0109311138492219,True,False,False,False,True,False,True,False,True,,,,
baseline,year,tot,True,True,False,0.40407935816429735,0.04606259444571825,0.3287370970737463,-0.1386765174022888,-0.3260006990994294,0.5007496238274184,1.2855135009380445,0.2385639739781387,0.8430260122210683,True,False,False,False,True,False,True,False,True,,,,
baseline,year,tot,True,False,True,0.24774505958896298,0.04606259444571825,0.3287370970737463,-0.1386765174022888,-0.3260006990994294,0.5007496238274184,1.2855135009380445,0.2127104639826053,1.0109311138492219,True,False,False,False,True,False,True,False,True,,,,
baseline,year,tot,True,False,False,0.24774505958896298,0.04606259444571825,0.3287370970737463,-0.1386765174022888,-0.3260006990994294,0.5007496238274184,1.2855135009380445,0.2127104639826053,0.8430260122210683,True,False,False,False,True,False,True,False,True,,,,
lula_split_2007,regime,raw,False,True,True,0.5321070934606472,0.13781104647795112,0.5131883841936786,-0.21103429777427893,-0.49186955473441096,0.47543882191847253,1.3130012903006558,0.25853512209025953,0.8740590778051716,True,False,False,False,True,False,True,False,True,True,True,True,False
lula_split_2007,regime,raw,False,True,False,0.5321070934606472,0.13781104647795112,0.5131883841936786,-0.21103429777427893,-0.49186955473441096,0.47543882191847253,1.3130012903006558,0.25853512209025953,0.668309778544536,True,False,False,False,True,False,True,False,False,True,True,True,False
lula_split_2007,regime,raw,False,False,True,0.49989394425591094,0.13781104647795112,0.5131883841936786,-0.21103429777427893,-0.49186955473441096,0.47543882191847253,1.3130012903006558,0.2568716313825563,0.8740590778051716,True,False,False,False,True,False,True,False,True,True,True,True,False
lula_split_2007,regime,raw,False,False,False,0.49989394425591094,0.13781104647795112,0.5131883841936786,-0.21103429777427893,-0.49186955473441096,0.47543882191847253,1.3130012903006558,0.2568716313825563,0.668309778544536,True,False,False,False,True,False,True,False,False,True,True,True,False
lula_split_2007,regime,raw,True,True,True,0.36631087548970065,0.09468774984843663,0.4777366567772905,-0.23181148796255635,-0.410432960832943,0.5428823908942764,1.33349107702123,0.23213874406992024,0.8740590778051716,True,False,False,False,True,False,True,False,True,True,True,True,False
lula_split_2007,regime,raw,True,True,False,0.36631087548970065,0.09468774984843663,0.4777366567772905,-0.23181148796255635,-0.410432960832943,0.5428823908942764,1.33349107702123,0.23213874406992024,0.668309778544536,True,False,False,False,True,False,True,False,False,True,True,True,False
lula_split_2007,regime,raw,True,False,True,0.26444116443150345,0.09468774984843663,0.4777366567772905,-0.23181148796255635,-0.410432960832943,0.5428823908942764,1.33349107702123,0.21886582638664023,0.8740590778051716,True,False,False,False,True,False,True,False,True,True,True,True,False
lula_split_2007,regime,raw,True,False,False,0.26444116443150345,0.09468774984843663,0.4777366567772905,-0.23181148796255635,-0.410432960832943,0.5428823908942764,1.33349107702123,0.21886582638664023,0.668309778544536,True,False,False,False,True,False,True,False,False,True,True,True,False
lula_split_2007,regime,tot,False,True,True,0.5697586278586391,0.07856290451145839,0.4699629021352641,-0.171954337548902,-0.403010892897783,0.5142714344999118,1.3924161619251496,0.288874806882225,0.8740590778051716,True,False,False,False,True,False,True,False,True,True,True,True,False
lula_split_2007,regime,tot,False,True,False,0.5697586278586391,0.07856290451145839,0.4699629021352641,-0.171954337548902,-0.403010892897783,0.5142714344999118,1.3924161619251496,0.288874806882225,0.668309778544536,True,False,False,False,True,False,True,False,False,True,True,True,False
lula_split_2007,regime,tot,False,False,True,0.534352695660698,0.07856290451145839,0.4699629021352641,-0.171954337548902,-0.403010892897783,0.5142714344999118,1.3924161619251496,0.2869776594585539,0.8740590778051716,True,False,False,False,True,False,True,False,True,True,True,True,False
lula_split_2007,regime,tot,False,False,False,0.534352695660698,0.07856290451145839,0.4699629021352641,-0.171954337548902,-0.403010892897783,0.5142714344999118,1.3924161619251496,0.2869776594585539,0.668309778544536,True,False,False,False,True,False,True,False,False,True,True,True,False
lula_split_2007,regime,tot,True,True,True,0.36858998996171255,0.035179768424302316,0.404018225350947,-0.21918819546834817,-0.3631704606799204,0.5715698055580748,1.3718405968184513,0.23479426516074875,0.8740590778051716,True,False,False,False,True,False,True,False,True,True,True,True,False
lula_split_2007,regime,tot,True,True,False,0.36858998996171255,0.035179768424302316,0.404018225350947,-0.21918819546834817,-0.3631704606799204,0.5715698055580748,1.3718405968184513,0.23479426516074875,0.668309778544536,True,False,False,False,True,False,True,False,False,True,True,True,False
lula_split_2007,regime,tot,True,False,True,0.2523066844380438,0.035179768424302316,0.404018225350947,-0.21918819546834817,-0.3631704606799204,0.5715698055580748,1.3718405968184513,0.21941755551612308,0.8740590778051716,True,False,False,False,True,False,True,False,True,True,True,True,False
lula_split_2007,regime,tot,True,False,False,0.2523066844380438,0.035179768424302316,0.404018225350947,-0.21918819546834817,-0.3631704606799204,0.5715698055580748,1.3718405968184513,0.21941755551612308,0.668309778544536,True,False,False,False,True,False,True,False,False,True,True,True,False
lula_split_2007,regime,tot+start,False,True,True,0.4973142698890616,-0.005923962686824727,0.11849810879537251,-0.2231912468388797,-0.17868579866123319,0.3552377674476023,1.3859318736122244,0.21705330814369977,0.8740590778051716,True,False,False,False,True,False,True,False,True,True,True,True,False
lula_split_2007,regime,tot+start,False,True,False,0.4973142698890616,-0.005923962686824727,0.11849810879537251,-0.2231912468388797,-0.17868579866123319,0.3552377674476023,1.3859318736122244,0.21705330814369977,0.668309778544536,True,False,False,False,True,False,True,False,False,True,True,True,False
lula_split_2007,regime,tot+start,False,False,True,0.43568353143108535,-0.005923962686824727,0.11849810879537251,-0.2231912468388797,-0.17868579866123319,0.3552377674476023,1.3859318736122244,0.2066290543772546,0.8740590778051716,True,False,False,False,True,False,True,False,True,True,True,True,False
lula_split_2007,regime,tot+start,False,False,False,0.43568353143108535,-0.005923962686824727,0.11849810879537251,-0.2231912468388797,-0.17868579866123319,0.3552377674476023,1.3859318736122244,0.2066290543772546,0.668309778544536,True,False,False,False,True,False,True,False,False,True,True,True,False
lula_split_2007,regime,tot+start,True,True,True,0.24021541448665956,-0.06057128786304538,0.0451471150517051,-0.28043762097825004,-0.1162037004293984,0.4367547055909951,1.3582659263231864,0.15512090105505105,0.8740590778051716,True,False,False,False,True,False,True,False,True,True,True,True,False
lula_split_2007,regime,tot+start,True,True,False,0.24021541448665956,-0.06057128786304538,0.0451471150517051,-0.28043762097825004,-0.1162037004293984,0.4367547055909951,1.3582659263231864,0.15512090105505105,0.668309778544536,True,False,False,False,True,False,True,False,True,True,True,True,False
lula_split_2007,regime,tot+start,True,False,True,0.06111568246232282,-0.06057128786304538,0.0451471150517051,-0.28043762097825004,-0.1162037004293984,0.4367547055909951,1.3582659263231864,0.12511848169421247,0.8740590778051716,True,False,False,False,True,False,True,False,True,True,True,True,False
lula_split_2007,regime,tot+start,True,False,False,0.06111568246232282,-0.06057128786304538,0.0451471150517051,-0.28043762097825004,-0.1162037004293984,0.4367547055909951,1.3582659263231864,0.12511848169421247,0.668309778544536,True,False,False,False,True,False,True,False,True,True,True,True,False
lula_split_2007,term,raw,False,True,True,0.3797456819526874,0.10825919248250972,0.313660636207563,-0.4162764372135136,-0.38741992084386634,0.42056600821997014,1.0996858965849388,0.14649882673781378,1.0471279317297757,True,False,False,False,True,False,True,False,True,,,,
lula_split_2007,term,raw,False,True,False,0.3797456819526874,0.10825919248250972,0.313660636207563,-0.4162764372135136,-0.38741992084386634,0.42056600821997014,1.0996858965849388,0.14649882673781378,0.8669681764206274,True,False,False,False,True,False,True,False,True,,,,
lula_split_2007,term,raw,False,False,True,0.3546598884606266,0.10825919248250972,0.313660636207563,-0.4162764372135136,-0.38741992084386634,0.42056600821997014,1.0996858965849388,0.14226005213370094,1.0471279317297757,True,False,False,False,True,False,True,False,True,,,,
lula_split_2007,term,raw,False,False,False,0.3546598884606266,0.10825919248250972,0.313660636207563,-0.4162764372135136,-0.38741992084386634,0.42056600821997014,1.0996858965849388,0.14226005213370094,0.8669681764206274,True,False,False,False,True,False,True,False,True,,,,
lula_split_2007,term,raw,True,True,True,0.21217152080320892,0.06701284702797877,0.2938455745603255,-0.4543417494844876,-0.3214890957403173,0.598562641721343,1.2162215553989209,0.12693762417111132,1.0471279317297757,True,False,False,False,True,False,True,False,True,,,,
lula_split_2007,term,raw,True,True,False,0.21217152080320892,0.06701284702797877,0.2938455745603255,-0.4543417494844876,-0.3214890957403173,0.598562641721343,1.2162215553989209,0.12693762417111132,0.8669681764206274,True,False,False,False,True,False,True,False,True,,,,
lula_split_2007,term,raw,True,False,True,0.07601923116123091,0.06701284702797877,0.2938455745603255,-0.4543417494844876,-0.3214890957403173,0.598562641721343,1.2162215553989209,0.1041877668753456,1.0471279317297757,True,False,False,False,True,False,True,False,True,,,,
lula_split_2007,term,raw,True,False,False,0.07601923116123091,0.06701284702797877,0.2938455745603255,-0.4543417494844876,-0.3214890957403173,0.598562641721343,1.2162215553989209,0.1041877668753456,0.8669681764206274,True,False,False,False,True,False,True,False,True,,,,
lula_split_2007,term,tot,False,True,True,0.47347327460098054,0.03165196370143164,0.2679261716108633,-0.3520274299844893,-0.2836076862638108,0.455404163259386,1.2665510920579393,0.19690131541747302,1.0471279317297757,True,False,False,False,True,False,True,False,True,,,,
lula_split_2007,term,tot,False,True,False,0.47347327460098054,0.03165196370143164,0.2679261716108633,-0.3520274299844893,-0.2836076862638108,0.455404163259386,1.2665510920579393,0.19690131541747302,0.8669681764206274,True,False,False,False,True,False,True,False,True,,,,
lula_split_2007,term,tot,False,False,True,0.4614200210688424,0.03165196370143164,0.2679261716108633,-0.3520274299844893,-0.2836076862638108,0.455404163259386,1.2665510920579393,0.19459163483340397,1.0471279317297757,True,False,False,False,True,False,True,False,True,,,,
lula_split_2007,term,tot,False,False,False,0.4614200210688424,0.03165196370143164,0.2679261716108633,-0.3520274299844893,-0.2836076862638108,0.455404163259386,1.2665510920579393,0.19459163483340397,0.8669681764206274,True,False,False,False,True,False,True,False,True,,,,
lula_split_2007,term,tot,True,True,True,0.2561099812826171,-0.014539435410603624,0.2020705203502562,-0.41547755153371435,-0.23249447041513457,0.6275776310992984,1.3303335085964534,0.14747683123655952,1.0471279317297757,True,False,False,False,True,False,True,False,True,,,,
lula_split_2007,term,tot,True,True,False,0.2561099812826171,-0.014539435410603624,0.2020705203502562,-0.41547755153371435,-0.23249447041513457,0.6275776310992984,1.3303335085964534,0.14747683123655952,0.8669681764206274,True,False,False,False,True,False,True,False,True,,,,
lula_split_2007,term,tot,True,False,True,0.11593611354837159,-0.014539435410603624,0.2020705203502562,-0.41547755153371435,-0.23249447041513457,0.6275776310992984,1.3303335085964534,0.1238137149521393,1.0471279317297757,True,False,False,False,True,False,True,False,True,,,,
lula_split_2007,term,tot,True,False,False,0.11593611354837159,-0.014539435410603624,0.2020705203502562,-0.41547755153371435,-0.23249447041513457,0.6275776310992984,1.3303335085964534,0.1238137149521393,0.8669681764206274,True,False,False,False,True,False,True,False,True,,,,
lula_split_2007,term,tot+start,False,True,True,0.2549541491047671,-0.21711472132555054,0.0825959973083317,-0.48801196568384114,-0.21119410142104172,0.29121723781733644,0.7493204790758548,0.004974949372451229,1.0471279317297757,True,False,False,False,True,False,True,False,True,,,,
lula_split_2007,term,tot+start,False,True,False,0.2549541491047671,-0.21711472132555054,0.0825959973083317,-0.48801196568384114,-0.21119410142104172,0.29121723781733644,0.7493204790758548,0.004974949372451229,0.8669681764206274,True,False,False,False,True,False,True,False,True,,,,
lula_split_2007,term,tot+start,False,False,True,0.3125886210021758,-0.21711472132555054,0.0825959973083317,-0.48801196568384114,-0.21119410142104172,0.29121723781733644,0.7493204790758548,0.014345537380976093,1.0471279317297757,True,False,False,False,True,False,True,False,True,,,,
lula_split_2007,term,tot+start,False,False,False,0.3125886210021758,-0.21711472132555054,0.0825959973083317,-0.48801196568384114,-0.21119410142104172,0.29121723781733644,0.7493204790758548,0.014345537380976093,0.8669681764206274,True,False,False,False,True,False,True,False,True,,,,
lula_split_2007,term,tot+start,True,True,True,0.10945198297457073,-0.26816327999857253,0.014547275858814915,-0.5431770306371715,-0.1148146273278077,0.473865063090083,0.8463528764748709,-0.02020614984612902,1.0471279317297757,True,False,False,False,True,False,False,True,True,,,,
lula_split_2007,term,tot+start,True,True,False,0.10945198297457073,-0.26816327999857253,0.014547275858814915,-0.5431770306371715,-0.1148146273278077,0.473865063090083,0.8463528764748709,-0.02020614984612902,0.8669681764206274,True,False,False,False,True,False,False,True,True,,,,
lula_split_2007,term,tot+start,True,False,True,0.07127686435277389,-0.26816327999857253,0.014547275858814915,-0.5431770306371715,-0.1148146273278077,0.473865063090083,0.8463528764748709,-0.026803826924138668,1.0471279317297757,True,False,False,False,True,False,False,True,True,,,,
lula_split_2007,term,tot+start,True,False,False,0.07127686435277389,-0.26816327999857253,0.014547275858814915,-0.5431770306371715,-0.1148146273278077,0.473865063090083,0.8463528764748709,-0.026803826924138668,0.8669681764206274,True,False,False,False,True,False,False,True,True,,,,
lula_split_2007,year,raw,False,True,True,0.4789452941740977,0.08915309751949588,0.42580738328183476,-0.2063761041185736,-0.405461003013297,0.34236862873241314,1.191794520279964,0.22988153710531184,0.9987856181274277,True,False,False,False,True,False,True,False,True,,,,
lula_split_2007,year,raw,False,True,False,0.4789452941740977,0.08915309751949588,0.42580738328183476,-0.2063761041185736,-0.405461003013297,0.34236862873241314,1.191794520279964,0.22988153710531184,0.8235247120050164,True,False,False,False,True,False,True,False,True,,,,
lula_split_2007,year,raw,False,False,True,0.41870526551972354,0.08915309751949588,0.42580738328183476,-0.2063761041185736,-0.405461003013297,0.34236862873241314,1.191794520279964,0.22087675916530303,0.9987856181274277,True,False,False,False,True,False,True,False,True,,,,
lula_split_2007,year,raw,False,False,False,0.41870526551972354,0.08915309751949588,0.42580738328183476,-0.2063761041185736,-0.405461003013297,0.34236862873241314,1.191794520279964,0.22087675916530303,0.8235247120050164,True,False,False,False,True,False,True,False,True,,,,
lula_split_2007,year,raw,True,True,True,0.3611693355412049,0.13162047347554262,0.4952083129983342,-0.160777931510576,-0.460289856897543,0.4640074898915145,1.2367110234229677,0.23068450671818452,0.9904090195088966,True,False,False,False,True,False,True,False,True,,,,
lula_split_2007,year,raw,True,True,False,0.3611693355412049,0.13162047347554262,0.4952083129983342,-0.160777931510576,-0.460289856897543,0.4640074898915145,1.2367110234229677,0.23068450671818452,0.8291585073154376,True,False,False,False,True,False,True,False,True,,,,
lula_split_2007,year,raw,True,False,True,0.2210247462745623,0.13162047347554262,0.4952083129983342,-0.160777931510576,-0.460289856897543,0.4640074898915145,1.2367110234229677,0.2099427783278422,0.9904090195088966,True,False,False,False,True,False,True,False,True,,,,
lula_split_2007,year,raw,True,False,False,0.2210247462745623,0.13162047347554262,0.4952083129983342,-0.160777931510576,-0.460289856897543,0.4640074898915145,1.2367110234229677,0.2099427783278422,0.8291585073154376,True,False,False,False,True,False,True,False,True,,,,
lula_split_2007,year,tot,False,True,True,0.5655802749119018,0.01893092868897693,0.3083792188308761,-0.1643367506773077,-0.2871983824212221,0.3771727497253736,1.2948586762933254,0.2644587717576442,0.9987856181274277,True,False,False,False,True,False,True,False,True,,,,
lula_split_2007,year,tot,False,True,False,0.5655802749119018,0.01893092868897693,0.3083792188308761,-0.1643367506773077,-0.2871983824212221,0.3771727497253736,1.2948586762933254,0.2644587717576442,0.8235247120050164,True,False,False,False,True,False,True,False,True,,,,
lula_split_2007,year,tot,False,False,True,0.5078674728241458,0.01893092868897693,0.3083792188308761,-0.1643367506773077,-0.2871983824212221,0.3771727497253736,1.2948586762933254,0.2550303648968114,0.9987856181274277,True,False,False,False,True,False,True,False,True,,,,
lula_split_2007,year,tot,False,False,False,0.5078674728241458,0.01893092868897693,0.3083792188308761,-0.1643367506773077,-0.2871983824212221,0.3771727497253736,1.2948586762933254,0.2550303648968114,0.8235247120050164,True,False,False,False,True,False,True,False,True,,,,
lula_split_2007,year,tot,True,True,True,0.40407935816429735,0.04606259444571825,0.3287370970737463,-0.1386765174022888,-0.3260006990994294,0.5007496238274184,1.2855135009380445,0.2385639739781387,0.9904090195088966,True,False,False,False,True,False,True,False,True,,,,
lula_split_2007,year,tot,True,True,False,0.40407935816429735,0.04606259444571825,0.3287370970737463,-0.1386765174022888,-0.3260006990994294,0.5007496238274184,1.2855135009380445,0.2385639739781387,0.8291585073154376,True,False,False,False,True,False,True,False,True,,,,
lula_split_2007,year,tot,True,False,True,0.24774505958896298,0.04606259444571825,0.3287370970737463,-0.1386765174022888,-0.3260006990994294,0.5007496238274184,1.2855135009380445,0.2127104639826053,0.9904090195088966,True,False,False,False,True,False,True,False,True,,,,
lula_split_2007,year,tot,True,False,False,0.24774505958896298,0.04606259444571825,0.3287370970737463,-0.1386765174022888,-0.3260006990994294,0.5007496238274184,1.2855135009380445,0.2127104639826053,0.8291585073154376,True,False,False,False,True,False,True,False,True,,,,
lula_split_gfc,regime,raw,False,True,True,0.4916342486142766,0.13264860292050756,0.4741173314934581,-0.254245423191784,-0.5377022832724097,0.45841628238515053,1.334562324334824,0.23227188550127414,0.8740590778051716,True,False,False,False,True,False,True,False,True,True,True,True,False
lula_split_gfc,regime,raw,False,True,False,0.4916342486142766,0.13264860292050756,0.4741173314934581,-0.254245423191784,-0.5377022832724097,0.45841628238515053,1.334562324334824,0.23227188550127414,0.668309778544536,True,False,False,False,True,False,True,False,False,True,True,True,False
lula_split_gfc,regime,raw,False,False,True,0.4458429891089378,0.13264860292050756,0.4741173314934581,-0.254245423191784,-0.5377022832724097,0.45841628238515053,1.334562324334824,0.2283453764101372,0.8740590778051716,True,False,False,False,True,False,True,False,True,True,True,True,False
lula_split_gfc,regime,raw,False,False,False,0.4458429891089378,0.13264860292050756,0.4741173314934581,-0.254245423191784,-0.5377022832724097,0.45841628238515053,1.334562324334824,0.2283453764101372,0.668309778544536,True,False,False,False,True,False,True,False,False,True,True,True,False
lula_split_gfc,regime,raw,True,True,True,0.2806492795277803,0.07453814159295388,0.4264228360773139,-0.3259661606477545,-0.4334125497971646,0.5785809654365427,1.2178321655410171,0.16145767497433014,0.8740590778051716,True,False,False,False,True,False,True,False,True,False,True,True,False
lula_split_gfc,regime,raw,True,True,False,0.2806492795277803,0.07453814159295388,0.4264228360773139,-0.3259661606477545,-0.4334125497971646,0.5785809654365427,1.2178321655410171,0.16145767497433014,0.668309778544536,True,False,False,False,True,False,True,False,True,False,True,True,False
lula_split_gfc,regime,raw,True,False,True,0.16091244956320067,0.07453814159295388,0.4264228360773139,-0.3259661606477545,-0.4334125497971646,0.5785809654365427,1.2178321655410171,0.14519245188446064,0.8740590778051716,True,False,False,False,True,False,True,False,True,False,True,True,False
lula_split_gfc,regime,raw,True,False,False,0.16091244956320067,0.07453814159295388,0.4264228360773139,-0.3259661606477545,-0.4334125497971646,0.5785809654365427,1.2178321655410171,0.14519245188446064,0.668309778544536,True,False,False,False,True,False,True,False,True,False,True,True,False
lula_split_gfc,regime,tot,False,True,True,0.5146447709589524,0.063735385009316,0.4145598149873837,-0.21772993071513008,-0.4115474415501922,0.5234004177761784,1.4159189198944793,0.26186988406700007,0.8740590778051716,True,False,False,False,True,False,True,False,True,False,True,True,False
lula_split_gfc,regime,tot,False,True,False,0.5146447709589524,0.063735385009316,0.4145598149873837,-0.21772993071513008,-0.4115474415501922,0.5234004177761784,1.4159189198944793,0.26186988406700007,0.668309778544536,True,False,False,False,True,False,True,False,False,False,True,True,False
lula_split_gfc,regime,tot,False,False,True,0.45818749692671346,0.063735385009316,0.4145598149873837,-0.21772993071513008,-0.4115474415501922,0.5234004177761784,1.4159189198944793,0.25646417967094604,0.8740590778051716,True,False,False,False,True,False,True,False,True,False,True,True,False
lula_split_gfc,regime,tot,False,False,False,0.45818749692671346,0.063735385009316,0.4145598149873837,-0.21772993071513008,-0.4115474415501922,0.5234004177761784,1.4159189198944793,0.25646417967094604,0.668309778544536,True,False,False,False,True,False,True,False,False,False,True,True,False
lula_split_gfc,regime,tot,True,True,True,0.34123463600729925,0.0005134200285132062,0.39840798348006035,-0.2704559470313174,-0.3175720324590575,0.6205546486707489,1.3539549480512205,0.2099660403625579,0.8740590778051716,True,False,False,False,True,False,True,False,True,False,True,True,False
lula_split_gfc,regime,tot,True,True,False,0.34123463600729925,0.0005134200285132062,0.39840798348006035,-0.2704559470313174,-0.3175720324590575,0.6205546486707489,1.3539549480512205,0.2099660403625579,0.668309778544536,True,False,False,False,True,False,True,False,False,False,True,True,False
lula_split_gfc,regime,tot,True,False,True,0.22215713002533732,0.0005134200285132062,0.39840798348006035,-0.2704559470313174,-0.3175720324590575,0.6205546486707489,1.3539549480512205,0.19404842939270517,0.8740590778051716,True,False,False,False,True,False,True,False,True,False,True,True,False
lula_split_gfc,regime,tot,True,False,False,0.22215713002533732,0.0005134200285132062,0.39840798348006035,-0.2704559470313174,-0.3175720324590575,0.6205546486707489,1.3539549480512205,0.19404842939270517,0.668309778544536,True,False,False,False,True,False,True,False,False,False,True,True,False
lula_split_gfc,regime,tot+start,False,True,True,0.44834827347689693,-0.0848449616889461,0.0816363852365227,-0.2631673706110227,-0.198005608326141,0.3634560792577759,1.1842778264305385,0.196000368344041,0.8740590778051716,True,False,False,False,True,False,True,False,True,False,True,True,False
lula_split_gfc,regime,tot+start,False,True,False,0.44834827347689693,-0.0848449616889461,0.0816363852365227,-0.2631673706110227,-0.198005608326141,0.3634560792577759,1.1842778264305385,0.196000368344041,0.668309778544536,True,False,False,False,True,False,True,False,False,False,True,True,False
lula_split_gfc,regime,tot+start,False,False,True,0.3729711814489106,-0.0848449616889461,0.0816363852365227,-0.2631673706110227,-0.198005608326141,0.3634560792577759,1.1842778264305385,0.18329671093202785,0.8740590778051716,True,False,False,False,True,False,True,False,True,False,True,True,False
lula_split_gfc,regime,tot+start,False,False,False,0.3729711814489106,-0.0848449616889461,0.0816363852365227,-0.2631673706110227,-0.198005608326141,0.3634560792577759,1.1842778264305385,0.18329671093202785,0.668309778544536,True,False,False,False,True,False,True,False,False,False,True,True,False
lula_split_gfc,regime,tot+start,True,True,True,0.2259232870765105,-0.18246151549947623,0.05063168322162022,-0.3280231553392145,-0.1043475262910511,0.48448192401072415,1.0059797200558194,0.13903162355241666,0.8740590778051716,True,False,False,False,True,False,True,False,True,False,True,True,False
lula_split_gfc,regime,tot+start,True,True,False,0.2259232870765105,-0.18246151549947623,0.05063168322162022,-0.3280231553392145,-0.1043475262910511,0.48448192401072415,1.0059797200558194,0.13903162355241666,0.668309778544536,True,False,False,False,True,False,True,False,True,False,True,True,False
lula_split_gfc,regime,tot+start,True,False,True,0.040327038755363656,-0.18246151549947623,0.05063168322162022,-0.3280231553392145,-0.1043475262910511,0.48448192401072415,1.0059797200558194,0.10789570167681106,0.8740590778051716,True,False,False,False,True,False,True,False,True,False,True,True,False
lula_split_gfc,regime,tot+start,True,False,False,0.040327038755363656,-0.18246151549947623,0.05063168322162022,-0.3280231553392145,-0.1043475262910511,0.48448192401072415,1.0059797200558194,0.10789570167681106,0.668309778544536,True,False,False,False,True,False,True,False,True,False,True,True,False
lula_split_gfc,term,raw,False,True,True,0.3797456819526874,0.10825919248250972,0.313660636207563,-0.4162764372135136,-0.38741992084386634,0.42056600821997014,1.0996858965849388,0.14649882673781378,1.0471279317297757,True,False,False,False,True,False,True,False,True,,,,
lula_split_gfc,term,raw,False,True,False,0.3797456819526874,0.10825919248250972,0.313660636207563,-0.4162764372135136,-0.38741992084386634,0.42056600821997014,1.0996858965849388,0.14649882673781378,0.8669681764206274,True,False,False,False,True,False,True,False,True,,,,
lula_split_gfc,term,raw,False,False,True,0.3546598884606266,0.10825919248250972,0.313660636207563,-0.4162764372135136,-0.38741992084386634,0.42056600821997014,1.0996858965849388,0.14226005213370094,1.0471279317297757,True,False,False,False,True,False,True,False,True,,,,
lula_split_gfc,term,raw,False,False,False,0.3546598884606266,0.10825919248250972,0.313660636207563,-0.4162764372135136,-0.38741992084386634,0.42056600821997014,1.0996858965849388,0.14226005213370094,0.8669681764206274,True,False,False,False,True,False,True,False,True,,,,
lula_split_gfc,term,raw,True,True,True,0.21217152080320892,0.06701284702797877,0.2938455745603255,-0.4543417494844876,-0.3214890957403173,0.598562641721343,1.2162215553989209,0.12693762417111132,1.0471279317297757,True,False,False,False,True,False,True,False,True,,,,
lula_split_gfc,term,raw,True,True,False,0.21217152080320892,0.06701284702797877,0.2938455745603255,-0.4543417494844876,-0.3214890957403173,0.598562641721343,1.2162215553989209,0.12693762417111132,0.8669681764206274,True,False,False,False,True,False,True,False,True,,,,
lula_split_gfc,term,raw,True,False,True,0.07601923116123091,0.06701284702797877,0.2938455745603255,-0.4543417494844876,-0.3214890957403173,0.598562641721343,1.2162215553989209,0.1041877668753456,1.0471279317297757,True,False,False,False,True,False,True,False,True,,,,
lula_split_gfc,term,raw,True,False,False,0.07601923116123091,0.06701284702797877,0.2938455745603255,-0.4543417494844876,-0.3214890957403173,0.598562641721343,1.2162215553989209,0.1041877668753456,0.8669681764206274,True,False,False,False,True,False,True,False,True,,,,
lula_split_gfc,term,tot,False,True,True,0.47347327460098054,0.03165196370143164,0.2679261716108633,-0.3520274299844893,-0.2836076862638108,0.455404163259386,1.2665510920579393,0.19690131541747302,1.0471279317297757,True,False,False,False,True,False,True,False,True,,,,
lula_split_gfc,term,tot,False,True,False,0.47347327460098054,0.03165196370143164,0.2679261716108633,-0.3520274299844893,-0.2836076862638108,0.455404163259386,1.2665510920579393,0.19690131541747302,0.8669681764206274,True,False,False,False,True,False,True,False,True,,,,
lula_split_gfc,term,tot,False,False,True,0.4614200210688424,0.03165196370143164,0.2679261716108633,-0.3520274299844893,-0.2836076862638108,0.455404163259386,1.2665510920579393,0.19459163483340397,1.0471279317297757,True,False,False,False,True,False,True,False,True,,,,
lula_split_gfc,term,tot,False,False,False,0.4614200210688424,0.03165196370143164,0.2679261716108633,-0.3520274299844893,-0.2836076862638108,0.455404163259386,1.2665510920579393,0.19459163483340397,0.8669681764206274,True,False,False,False,True,False,True,False,True,,,,
lula_split_gfc,term,tot,True,True,True,0.2561099812826171,-0.014539435410603624,0.2020705203502562,-0.41547755153371435,-0.23249447041513457,0.6275776310992984,1.3303335085964534,0.14747683123655952,1.0471279317297757,True,False,False,False,True,False,True,False,True,,,,
lula_split_gfc,term,tot,True,True,False,0.2561099812826171,-0.014539435410603624,0.2020705203502562,-0.41547755153371435,-0.23249447041513457,0.6275776310992984,1.3303335085964534,0.14747683123655952,0.8669681764206274,True,False,False,False,True,False,True,False,True,,,,
lula_split_gfc,term,tot,True,False,True,0.11593611354837159,-0.014539435410603624,0.2020705203502562,-0.41547755153371435,-0.23249447041513457,0.6275776310992984,1.3303335085964534,0.1238137149521393,1.0471279317297757,True,False,False,False,True,False,True,False,True,,,,
lula_split_gfc,term,tot,True,False,False,0.11593611354837159,-0.014539435410603624,0.2020705203502562,-0.41547755153371435,-0.23249447041513457,0.6275776310992984,1.3303335085964534,0.1238137149521393,0.8669681764206274,True,False,False,False,True,False,True,False,True,,,,
lula_split_gfc,term,tot+start,False,True,True,0.2549541491047671,-0.21711472132555054,0.0825959973083317,-0.48801196568384114,-0.21119410142104172,0.29121723781733644,0.7493204790758548,0.004974949372451229,1.0471279317297757,True,False,False,False,True,False,True,False,True,,,,
lula_split_gfc,term,tot+start,False,True,False,0.2549541491047671,-0.21711472132555054,0.0825959973083317,-0.48801196568384114,-0.21119410142104172,0.29121723781733644,0.7493204790758548,0.004974949372451229,0.8669681764206274,True,False,False,False,True,False,True,False,True,,,,
lula_split_gfc,term,tot+start,False,False,True,0.3125886210021758,-0.21711472132555054,0.0825959973083317,-0.48801196568384114,-0.21119410142104172,0.29121723781733644,0.7493204790758548,0.014345537380976093,1.0471279317297757,True,False,False,False,True,False,True,False,True,,,,
lula_split_gfc,term,tot+start,False,False,False,0.3125886210021758,-0.21711472132555054,0.0825959973083317,-0.48801196568384114,-0.21119410142104172,0.29121723781733644,0.7493204790758548,0.014345537380976093,0.8669681764206274,True,False,False,False,True,False,True,False,True,,,,
lula_split_gfc,term,tot+start,True,True,True,0.10945198297457073,-0.26816327999857253,0.014547275858814915,-0.5431770306371715,-0.1148146273278077,0.473865063090083,0.8463528764748709,-0.02020614984612902,1.0471279317297757,True,False,False,False,True,False,False,True,True,,,,
lula_split_gfc,term,tot+start,True,True,False,0.10945198297457073,-0.26816327999857253,0.014547275858814915,-0.5431770306371715,-0.1148146273278077,0.473865063090083,0.8463528764748709,-0.02020614984612902,0.8669681764206274,True,False,False,False,True,False,False,True,True,,,,
lula_split_gfc,term,tot+start,True,False,True,0.07127686435277389,-0.26816327999857253,0.014547275858814915,-0.5431770306371715,-0.1148146273278077,0.473865063090083,0.8463528764748709,-0.026803826924138668,1.0471279317297757,True,False,False,False,True,False,False,True,True,,,,
lula_split_gfc,term,tot+start,True,False,False,0.07127686435277389,-0.26816327999857253,0.014547275858814915,-0.5431770306371715,-0.1148146273278077,0.473865063090083,0.8463528764748709,-0.026803826924138668,0.8669681764206274,True,False,False,False,True,False,False,True,True,,,,
lula_split_gfc,year,raw,False,True,True,0.4789452941740977,0.08915309751949588,0.42580738328183476,-0.2063761041185736,-0.405461003013297,0.34236862873241314,1.191794520279964,0.22988153710531184,0.9625701575268537,True,False,False,False,True,False,True,False,True,,,,
lula_split_gfc,year,raw,False,True,False,0.4789452941740977,0.08915309751949588,0.42580738328183476,-0.2063761041185736,-0.405461003013297,0.34236862873241314,1.191794520279964,0.22988153710531184,0.7990526445244917,True,False,False,False,True,False,True,False,True,,,,
lula_split_gfc,year,raw,False,False,True,0.41870526551972354,0.08915309751949588,0.42580738328183476,-0.2063761041185736,-0.405461003013297,0.34236862873241314,1.191794520279964,0.22087675916530303,0.9625701575268537,True,False,False,False,True,False,True,False,True,,,,
lula_split_gfc,year,raw,False,False,False,0.41870526551972354,0.08915309751949588,0.42580738328183476,-0.2063761041185736,-0.405461003013297,0.34236862873241314,1.191794520279964,0.22087675916530303,0.7990526445244917,True,False,False,False,True,False,True,False,True,,,,
lula_split_gfc,year,raw,True,True,True,0.3611693355412049,0.13162047347554262,0.4952083129983342,-0.160777931510576,-0.460289856897543,0.4640074898915145,1.2367110234229677,0.23068450671818452,0.9493648308282461,True,False,False,False,True,False,True,False,True,,,,
lula_split_gfc,year,raw,True,True,False,0.3611693355412049,0.13162047347554262,0.4952083129983342,-0.160777931510576,-0.460289856897543,0.4640074898915145,1.2367110234229677,0.23068450671818452,0.8014234975041761,True,False,False,False,True,False,True,False,True,,,,
lula_split_gfc,year,raw,True,False,True,0.2210247462745623,0.13162047347554262,0.4952083129983342,-0.160777931510576,-0.460289856897543,0.4640074898915145,1.2367110234229677,0.2099427783278422,0.9493648308282461,True,False,False,False,True,False,True,False,True,,,,
lula_split_gfc,year,raw,True,False,False,0.2210247462745623,0.13162047347554262,0.4952083129983342,-0.160777931510576,-0.460289856897543,0.4640074898915145,1.2367110234229677,0.2099427783278422,0.8014234975041761,True,False,False,False,True,False,True,False,True,,,,
lula_split_gfc,year,tot,False,True,True,0.5655802749119018,0.01893092868897693,0.3083792188308761,-0.1643367506773077,-0.2871983824212221,0.3771727497253736,1.2948586762933254,0.2644587717576442,0.9625701575268537,True,False,False,False,True,False,True,False,True,,,,
lula_split_gfc,year,tot,False,True,False,0.5655802749119018,0.01893092868897693,0.3083792188308761,-0.1643367506773077,-0.2871983824212221,0.3771727497253736,1.2948586762933254,0.2644587717576442,0.7990526445244917,True,False,False,False,True,False,True,False,True,,,,
lula_split_gfc,year,tot,False,False,True,0.5078674728241458,0.01893092868897693,0.3083792188308761,-0.1643367506773077,-0.2871983824212221,0.3771727497253736,1.2948586762933254,0.2550303648968114,0.9625701575268537,True,False,False,False,True,False,True,False,True,,,,
lula_split_gfc,year,tot,False,False,False,0.5078674728241458,0.01893092868897693,0.3083792188308761,-0.1643367506773077,-0.2871983824212221,0.3771727497253736,1.2948586762933254,0.2550303648968114,0.7990526445244917,True,False,False,False,True,False,True,False,True,,,,
lula_split_gfc,year,tot,True,True,True,0.40407935816429735,0.04606259444571825,0.3287370970737463,-0.1386765174022888,-0.3260006990994294,0.5007496238274184,1.2855135009380445,0.2385639739781387,0.9493648308282461,True,False,False,False,True,False,True,False,True,,,,
lula_split_gfc,year,tot,True,True,False,0.40407935816429735,0.04606259444571825,0.3287370970737463,-0.1386765174022888,-0.3260006990994294,0.5007496238274184,1.2855135009380445,0.2385639739781387,0.8014234975041761,True,False,False,False,True,False,True,False,True,,,,
lula_split_gfc,year,tot,True,False,True,0.24774505958896298,0.04606259444571825,0.3287370970737463,-0.1386765174022888,-0.3260006990994294,0.5007496238274184,1.2855135009380445,0.2127104639826053,0.9493648308282461,True,False,False,False,True,False,True,False,True,,,,
lula_split_gfc,year,tot,True,False,False,0.24774505958896298,0.04606259444571825,0.3287370970737463,-0.1386765174022888,-0.3260006990994294,0.5007496238274184,1.2855135009380445,0.2127104639826053,0.8014234975041761,True,False,False,False,True,False,True,False,True,,,,
nme_from_2011_08,regime,raw,False,True,True,0.5501071947308764,0.09612432590682,0.4500331573362216,-0.2626109658502934,-0.4573153675325652,0.4272943994949976,1.1845254355285082,0.2251649190716532,0.8740590778051716,True,False,False,False,True,False,True,False,True,True,True,True,False
nme_from_2011_08,regime,raw,False,True,False,0.5501071947308764,0.09612432590682,0.4500331573362216,-0.2626109658502934,-0.4573153675325652,0.4272943994949976,1.1845254355285082,0.2251649190716532,0.668309778544536,True,False,False,False,True,False,True,False,False,True,True,True,False
nme_from_2011_08,regime,raw,False,False,True,0.49237449711594855,0.09612432590682,0.4500331573362216,-0.2626109658502934,-0.4573153675325652,0.4272943994949976,1.1845254355285082,0.2192481702955846,0.8740590778051716,True,False,False,False,True,False,True,False,True,True,True,True,False
nme_from_2011_08,regime,raw,False,False,False,0.49237449711594855,0.09612432590682,0.4500331573362216,-0.2626109658502934,-0.4573153675325652,0.4272943994949976,1.1845254355285082,0.2192481702955846,0.668309778544536,True,False,False,False,True,False,True,False,False,True,True,True,False
nme_from_2011_08,regime,raw,True,True,True,0.3792690396929149,0.048451479425976315,0.40576617968962014,-0.2837089064902487,-0.35729495785205695,0.5121804942002842,1.1979437753989477,0.19786066489151455,0.8740590778051716,True,False,False,False,True,False,True,False,True,True,True,True,False
nme_from_2011_08,regime,raw,True,True,False,0.3792690396929149,0.048451479425976315,0.40576617968962014,-0.2837089064902487,-0.35729495785205695,0.5121804942002842,1.1979437753989477,0.19786066489151455,0.668309778544536,True,False,False,False,True,False,True,False,False,True,True,True,False
nme_from_2011_08,regime,raw,True,False,True,0.24126854809334455,0.048451479425976315,0.40576617968962014,-0.2837089064902487,-0.35729495785205695,0.5121804942002842,1.1979437753989477,0.1785659504513389,0.8740590778051716,True,False,False,False,True,False,True,False,True,True,True,True,False
nme_from_2011_08,regime,raw,True,False,False,0.24126854809334455,0.048451479425976315,0.40576617968962014,-0.2837089064902487,-0.35729495785205695,0.5121804942002842,1.1979437753989477,0.1785659504513389,0.668309778544536,True,False,False,False,True,False,True,False,False,True,True,True,False
nme_from_2011_08,regime,tot,False,True,True,0.61746675392344,0.04135703021507848,0.4289659191098464,-0.21269857685460686,-0.3659585684492888,0.4557924527844562,1.2969449055558182,0.2712431254836907,0.8740590778051716,True,False,False,False,True,False,True,False,True,True,True,True,False
nme_from_2011_08,regime,tot,False,True,False,0.61746675392344,0.04135703021507848,0.4289659191098464,-0.21269857685460686,-0.3659585684492888,0.4557924527844562,1.2969449055558182,0.2712431254836907,0.668309778544536,True,False,False,False,True,False,True,False,False,True,True,True,False
nme_from_2011_08,regime,tot,False,False,True,0.5672220148830898,0.04135703021507848,0.4289659191098464,-0.21269857685460686,-0.3659585684492888,0.4557924527844562,1.2969449055558182,0.26687284358628466,0.8740590778051716,True,False,False,False,True,False,True,False,True,True,True,True,False
nme_from_2011_08,regime,tot,False,False,False,0.5672220148830898,0.04135703021507848,0.4289659191098464,-0.21269857685460686,-0.3659585684492888,0.4557924527844562,1.2969449055558182,0.26687284358628466,0.668309778544536,True,False,False,False,True,False,True,False,False,True,True,True,False
nme_from_2011_08,regime,tot,True,True,True,0.41810825911881794,-0.005238360939114964,0.3614237047425872,-0.2542659624315861,-0.30094961929555464,0.5320543314516755,1.281727369902813,0.22247156073070334,0.8740590778051716,True,False,False,False,True,False,True,False,True,True,True,True,False
nme_from_2011_08,regime,tot,True,True,False,0.41810825911881794,-0.005238360939114964,0.3614237047425872,-0.2542659624315861,-0.30094961929555464,0.5320543314516755,1.281727369902813,0.22247156073070334,0.668309778544536,True,False,False,False,True,False,True,False,False,True,True,True,False
nme_from_2011_08,regime,tot,True,False,True,0.2788333153997421,-0.005238360939114964,0.3614237047425872,-0.2542659624315861,-0.30094961929555464,0.5320543314516755,1.281727369902813,0.2032629113868431,0.8740590778051716,True,False,False,False,True,False,True,False,True,True,True,True,False
nme_from_2011_08,regime,tot,True,False,False,0.2788333153997421,-0.005238360939114964,0.3614237047425872,-0.2542659624315861,-0.30094961929555464,0.5320543314516755,1.281727369902813,0.2032629113868431,0.668309778544536,True,False,False,False,True,False,True,False,False,True,True,True,False
nme_from_2011_08,regime,tot+start,False,True,True,0.5401999491579137,-0.04099262203100751,0.0874349974339597,-0.25092591128650504,-0.1769182433846376,0.2948779634921365,1.160072290009944,0.20055791681875657,0.8740590778051716,True,False,False,False,True,False,True,False,True,True,True,True,False
nme_from_2011_08,regime,tot+start,False,True,False,0.5401999491579137,-0.04099262203100751,0.0874349974339597,-0.25092591128650504,-0.1769182433846376,0.2948779634921365,1.160072290009944,0.20055791681875657,0.668309778544536,True,False,False,False,True,False,True,False,False,True,True,True,False
nme_from_2011_08,regime,tot+start,False,False,True,0.4514061461693781,-0.04099262203100751,0.0874349974339597,-0.25092591128650504,-0.1769182433846376,0.2948779634921365,1.160072290009944,0.18561571326031198,0.8740590778051716,True,False,False,False,True,False,True,False,True,True,True,True,False
nme_from_2011_08,regime,tot+start,False,False,False,0.4514061461693781,-0.04099262203100751,0.0874349974339597,-0.25092591128650504,-0.1769182433846376,0.2948779634921365,1.160072290009944,0.18561571326031198,0.668309778544536,True,False,False,False,True,False,True,False,False,True,True,True,False
nme_from_2011_08,regime,tot+start,True,True,True,0.29912464611233386,-0.10178164730110256,0.013159128195080097,-0.30085762301043273,-0.0958524792173105,0.3873140774010354,1.1344752910919595,0.14524218663809316,0.8740590778051716,True,False,False,False,True,False,True,False,True,True,True,True,False
nme_from_2011_08,regime,tot+start,True,True,False,0.29912464611233386,-0.10178164730110256,0.013159128195080097,-0.30085762301043273,-0.0958524792173105,0.3873140774010354,1.1344752910919595,0.14524218663809316,0.668309778544536,True,False,False,False,True,False,True,False,True,True,True,True,False
nme_from_2011_08,regime,tot+start,True,False,True,0.09554318862251873,-0.10178164730110256,0.013159128195080097,-0.30085762301043273,-0.0958524792173105,0.3873140774010354,1.1344752910919595,0.11116870732943529,0.8740590778051716,True,False,False,False,True,False,True,False,True,True,True,True,False
nme_from_2011_08,regime,tot+start,True,False,False,0.09554318862251873,-0.10178164730110256,0.013159128195080097,-0.30085762301043273,-0.0958524792173105,0.3873140774010354,1.1344752910919595,0.11116870732943529,0.668309778544536,True,False,False,False,True,False,True,False,True,True,True,True,False
nme_from_2011_08,term,raw,False,True,True,0.3797456819526874,0.10825919248250972,0.313660636207563,-0.4162764372135136,-0.38741992084386634,0.42056600821997014,1.0996858965849388,0.14649882673781378,1.0471279317297757,True,False,False,False,True,False,True,False,True,,,,
nme_from_2011_08,term,raw,False,True,False,0.3797456819526874,0.10825919248250972,0.313660636207563,-0.4162764372135136,-0.38741992084386634,0.42056600821997014,1.0996858965849388,0.14649882673781378,0.8669681764206274,True,False,False,False,True,False,True,False,True,,,,
nme_from_2011_08,term,raw,False,False,True,0.3546598884606266,0.10825919248250972,0.313660636207563,-0.4162764372135136,-0.38741992084386634,0.42056600821997014,1.0996858965849388,0.14226005213370094,1.0471279317297757,True,False,False,False,True,False,True,False,True,,,,
nme_from_2011_08,term,raw,False,False,False,0.3546598884606266,0.10825919248250972,0.313660636207563,-0.4162764372135136,-0.38741992084386634,0.42056600821997014,1.0996858965849388,0.14226005213370094,0.8669681764206274,True,False,False,False,True,False,True,False,True,,,,
nme_from_2011_08,term,raw,True,True,True,0.21217152080320892,0.06701284702797877,0.2938455745603255,-0.4543417494844876,-0.3214890957403173,0.598562641721343,1.2162215553989209,0.12693762417111132,1.0471279317297757,True,False,False,False,True,False,True,False,True,,,,
nme_from_2011_08,term,raw,True,True,False,0.21217152080320892,0.06701284702797877,0.2938455745603255,-0.4543417494844876,-0.3214890957403173,0.598562641721343,1.2162215553989209,0.12693762417111132,0.8669681764206274,True,False,False,False,True,False,True,False,True,,,,
nme_from_2011_08,term,raw,True,False,True,0.07601923116123091,0.06701284702797877,0.2938455745603255,-0.4543417494844876,-0.3214890957403173,0.598562641721343,1.2162215553989209,0.1041877668753456,1.0471279317297757,True,False,False,False,True,False,True,False,True,,,,
nme_from_2011_08,term,raw,True,False,False,0.07601923116123091,0.06701284702797877,0.2938455745603255,-0.4543417494844876,-0.3214890957403173,0.598562641721343,1.2162215553989209,0.1041877668753456,0.8669681764206274,True,False,False,False,True,False,True,False,True,,,,
nme_from_2011_08,term,tot,False,True,True,0.47347327460098054,0.03165196370143164,0.2679261716108633,-0.3520274299844893,-0.2836076862638108,0.455404163259386,1.2665510920579393,0.19690131541747302,1.0471279317297757,True,False,False,False,True,False,True,False,True,,,,
nme_from_2011_08,term,tot,False,True,False,0.47347327460098054,0.03165196370143164,0.2679261716108633,-0.3520274299844893,-0.2836076862638108,0.455404163259386,1.2665510920579393,0.19690131541747302,0.8669681764206274,True,False,False,False,True,False,True,False,True,,,,
nme_from_2011_08,term,tot,False,False,True,0.4614200210688424,0.03165196370143164,0.2679261716108633,-0.3520274299844893,-0.2836076862638108,0.455404163259386,1.2665510920579393,0.19459163483340397,1.0471279317297757,True,False,False,False,True,False,True,False,True,,,,
nme_from_2011_08,term,tot,False,False,False,0.4614200210688424,0.03165196370143164,0.2679261716108633,-0.3520274299844893,-0.2836076862638108,0.455404163259386,1.2665510920579393,0.19459163483340397,0.8669681764206274,True,False,False,False,True,False,True,False,True,,,,
nme_from_2011_08,term,tot,True,True,True,0.2561099812826171,-0.014539435410603624,0.2020705203502562,-0.41547755153371435,-0.23249447041513457,0.6275776310992984,1.3303335085964534,0.14747683123655952,1.0471279317297757,True,False,False,False,True,False,True,False,True,,,,
nme_from_2011_08,term,tot,True,True,False,0.2561099812826171,-0.014539435410603624,0.2020705203502562,-0.41547755153371435,-0.23249447041513457,0.6275776310992984,1.3303335085964534,0.14747683123655952,0.8669681764206274,True,False,False,False,True,False,True,False,True,,,,
nme_from_2011_08,term,tot,True,False,True,0.11593611354837159,-0.014539435410603624,0.2020705203502562,-0.41547755153371435,-0.23249447041513457,0.6275776310992984,1.3303335085964534,0.1238137149521393,1.0471279317297757,True,False,False,False,True,False,True,False,True,,,,
nme_from_2011_08,term,tot,True,False,False,0.11593611354837159,-0.014539435410603624,0.2020705203502562,-0.41547755153371435,-0.23249447041513457,0.6275776310992984,1.3303335085964534,0.1238137149521393,0.8669681764206274,True,False,False,False,True,False,True,False,True,,,,
nme_from_2011_08,term,tot+start,False,True,True,0.2549541491047671,-0.21711472132555054,0.0825959973083317,-0.48801196568384114,-0.21119410142104172,0.29121723781733644,0.7493204790758548,0.004974949372451229,1.0471279317297757,True,False,False,False,True,False,True,False,True,,,,
nme_from_2011_08,term,tot+start,False,True,False,0.2549541491047671,-0.21711472132555054,0.0825959973083317,-0.48801196568384114,-0.21119410142104172,0.29121723781733644,0.7493204790758548,0.004974949372451229,0.8669681764206274,True,False,False,False,True,False,True,False,True,,,,
nme_from_2011_08,term,tot+start,False,False,True,0.3125886210021758,-0.21711472132555054,0.0825959973083317,-0.48801196568384114,-0.21119410142104172,0.29121723781733644,0.7493204790758548,0.014345537380976093,1.0471279317297757,True,False,False,False,True,False,True,False,True,,,,
nme_from_2011_08,term,tot+start,False,False,False,0.3125886210021758,-0.21711472132555054,0.0825959973083317,-0.48801196568384114,-0.21119410142104172,0.29121723781733644,0.7493204790758548,0.014345537380976093,0.8669681764206274,True,False,False,False,True,False,True,False,True,,,,
nme_from_2011_08,term,tot+start,True,True,True,0.10945198297457073,-0.26816327999857253,0.014547275858814915,-0.5431770306371715,-0.1148146273278077,0.473865063090083,0.8463528764748709,-0.02020614984612902,1.0471279317297757,True,False,False,False,True,False,False,True,True,,,,
nme_from_2011_08,term,tot+start,True,True,False,0.10945198297457073,-0.26816327999857253,0.014547275858814915,-0.5431770306371715,-0.1148146273278077,0.473865063090083,0.8463528764748709,-0.02020614984612902,0.8669681764206274,True,False,False,False,True,False,False,True,True,,,,
nme_from_2011_08,term,tot+start,True,False,True,0.07127686435277389,-0.26816327999857253,0.014547275858814915,-0.5431770306371715,-0.1148146273278077,0.473865063090083,0.8463528764748709,-0.026803826924138668,1.0471279317297757,True,False,False,False,True,False,False,True,True,,,,
nme_from_2011_08,term,tot+start,True,False,False,0.07127686435277389,-0.26816327999857253,0.014547275858814915,-0.5431770306371715,-0.1148146273278077,0.473865063090083,0.8463528764748709,-0.026803826924138668,0.8669681764206274,True,False,False,False,True,False,False,True,True,,,,
nme_from_2011_08,year,raw,False,True,True,0.4789452941740977,0.08915309751949588,0.42580738328183476,-0.2063761041185736,-0.405461003013297,0.34236862873241314,1.191794520279964,0.22988153710531184,1.0515204647431189,True,False,False,False,True,False,True,False,True,,,,
nme_from_2011_08,year,raw,False,True,False,0.4789452941740977,0.08915309751949588,0.42580738328183476,-0.2063761041185736,-0.405461003013297,0.34236862873241314,1.191794520279964,0.22988153710531184,0.8790446411395341,True,False,False,False,True,False,True,False,True,,,,
nme_from_2011_08,year,raw,False,False,True,0.41870526551972354,0.08915309751949588,0.42580738328183476,-0.2063761041185736,-0.405461003013297,0.34236862873241314,1.191794520279964,0.22087675916530303,1.0515204647431189,True,False,False,False,True,False,True,False,True,,,,
nme_from_2011_08,year,raw,False,False,False,0.41870526551972354,0.08915309751949588,0.42580738328183476,-0.2063761041185736,-0.405461003013297,0.34236862873241314,1.191794520279964,0.22087675916530303,0.8790446411395341,True,False,False,False,True,False,True,False,True,,,,
nme_from_2011_08,year,raw,True,True,True,0.3611693355412049,0.13162047347554262,0.4952083129983342,-0.160777931510576,-0.460289856897543,0.4640074898915145,1.2367110234229677,0.23068450671818452,1.05017517900668,True,False,False,False,True,False,True,False,True,,,,
nme_from_2011_08,year,raw,True,True,False,0.3611693355412049,0.13162047347554262,0.4952083129983342,-0.160777931510576,-0.460289856897543,0.4640074898915145,1.2367110234229677,0.23068450671818452,0.8920810936678908,True,False,False,False,True,False,True,False,True,,,,
nme_from_2011_08,year,raw,True,False,True,0.2210247462745623,0.13162047347554262,0.4952083129983342,-0.160777931510576,-0.460289856897543,0.4640074898915145,1.2367110234229677,0.2099427783278422,1.05017517900668,True,False,False,False,True,False,True,False,True,,,,
nme_from_2011_08,year,raw,True,False,False,0.2210247462745623,0.13162047347554262,0.4952083129983342,-0.160777931510576,-0.460289856897543,0.4640074898915145,1.2367110234229677,0.2099427783278422,0.8920810936678908,True,False,False,False,True,False,True,False,True,,,,
nme_from_2011_08,year,tot,False,True,True,0.5655802749119018,0.01893092868897693,0.3083792188308761,-0.1643367506773077,-0.2871983824212221,0.3771727497253736,1.2948586762933254,0.2644587717576442,1.0515204647431189,True,False,False,False,True,False,True,False,True,,,,
nme_from_2011_08,year,tot,False,True,False,0.5655802749119018,0.01893092868897693,0.3083792188308761,-0.1643367506773077,-0.2871983824212221,0.3771727497253736,1.2948586762933254,0.2644587717576442,0.8790446411395341,True,False,False,False,True,False,True,False,True,,,,
nme_from_2011_08,year,tot,False,False,True,0.5078674728241458,0.01893092868897693,0.3083792188308761,-0.1643367506773077,-0.2871983824212221,0.3771727497253736,1.2948586762933254,0.2550303648968114,1.0515204647431189,True,False,False,False,True,False,True,False,True,,,,
nme_from_2011_08,year,tot,False,False,False,0.5078674728241458,0.01893092868897693,0.3083792188308761,-0.1643367506773077,-0.2871983824212221,0.3771727497253736,1.2948586762933254,0.2550303648968114,0.8790446411395341,True,False,False,False,True,False,True,False,True,,,,
nme_from_2011_08,year,tot,True,True,True,0.40407935816429735,0.04606259444571825,0.3287370970737463,-0.1386765174022888,-0.3260006990994294,0.5007496238274184,1.2855135009380445,0.2385639739781387,1.05017517900668,True,False,False,False,True,False,True,False,True,,,,
nme_from_2011_08,year,tot,True,True,False,0.40407935816429735,0.04606259444571825,0.3287370970737463,-0.1386765174022888,-0.3260006990994294,0.5007496238274184,1.2855135009380445,0.2385639739781387,0.8920810936678908,True,False,False,False,True,False,True,False,True,,,,
nme_from_2011_08,year,tot,True,False,True,0.24774505958896298,0.04606259444571825,0.3287370970737463,-0.1386765174022888,-0.3260006990994294,0.5007496238274184,1.2855135009380445,0.2127104639826053,1.05017517900668,True,False,False,False,True,False,True,False,True,,,,
nme_from_2011_08,year,tot,True,False,False,0.24774505958896298,0.04606259444571825,0.3287370970737463,-0.1386765174022888,-0.3260006990994294,0.5007496238274184,1.2855135009380445,0.2127104639826053,0.8920810936678908,True,False,False,False,True,False,True,False,True,,,,
levy_only,regime,raw,False,True,True,0.5628188672998422,0.12135635531730771,0.5006596025449319,-0.198201265033049,-0.4534237129889439,0.45165643752513474,1.250516212957867,0.2595590166751613,0.8740590778051716,True,False,False,False,True,False,True,False,True,True,True,True,False
levy_only,regime,raw,False,True,False,0.5628188672998422,0.12135635531730771,0.5006596025449319,-0.198201265033049,-0.4534237129889439,0.45165643752513474,1.250516212957867,0.2595590166751613,0.668309778544536,True,False,False,False,True,False,True,False,False,True,True,True,False
levy_only,regime,raw,False,False,True,0.521132211489375,0.12135635531730771,0.5006596025449319,-0.198201265033049,-0.4534237129889439,0.45165643752513474,1.250516212957867,0.2563166081998362,0.8740590778051716,True,False,False,False,True,False,True,False,True,True,True,True,False
levy_only,regime,raw,False,False,False,0.521132211489375,0.12135635531730771,0.5006596025449319,-0.198201265033049,-0.4534237129889439,0.45165643752513474,1.250516212957867,0.2563166081998362,0.668309778544536,True,False,False,False,True,False,True,False,False,True,True,True,False
levy_only,regime,raw,True,True,True,0.39288493458856977,0.0823021329340133,0.46229687668258357,-0.21507757267608732,-0.3531135699791987,0.5380775789183652,1.2703403694431434,0.23637856699431814,0.8740590778051716,True,False,False,False,True,False,True,False,True,True,True,True,False
levy_only,regime,raw,True,True,False,0.39288493458856977,0.0823021329340133,0.46229687668258357,-0.21507757267608732,-0.3531135699791987,0.5380775789183652,1.2703403694431434,0.23637856699431814,0.668309778544536,True,False,False,False,True,False,True,False,False,True,True,True,False
levy_only,regime,raw,True,False,True,0.27306104849493096,0.0823021329340133,0.46229687668258357,-0.21507757267608732,-0.3531135699791987,0.5380775789183652,1.2703403694431434,0.22011328680513112,0.8740590778051716,True,False,False,False,True,False,True,False,True,True,True,True,False
levy_only,regime,raw,True,False,False,0.27306104849493096,0.0823021329340133,0.46229687668258357,-0.21507757267608732,-0.3531135699791987,0.5380775789183652,1.2703403694431434,0.22011328680513112,0.668309778544536,True,False,False,False,True,False,True,False,False,True,True,True,False
levy_only,regime,tot,False,True,True,0.6091191130385614,0.06617663109259467,0.464229301562223,-0.15802460536938406,-0.37798940819370386,0.47706197592067584,1.3269796828496025,0.2907272183430507,0.8740590778051716,True,False,False,False,True,False,True,False,True,True,True,True,False
levy_only,regime,tot,False,True,False,0.6091191130385614,0.06617663109259467,0.464229301562223,-0.15802460536938406,-0.37798940819370386,0.47706197592067584,1.3269796828496025,0.2907272183430507,0.668309778544536,True,False,False,False,True,False,True,False,False,True,True,True,False
levy_only,regime,tot,False,False,True,0.5682436008763398,0.06617663109259467,0.464229301562223,-0.15802460536938406,-0.37798940819370386,0.47706197592067584,1.3269796828496025,0.2879184742586662,0.8740590778051716,True,False,False,False,True,False,True,False,True,True,True,True,False
levy_only,regime,tot,False,False,False,0.5682436008763398,0.06617663109259467,0.464229301562223,-0.15802460536938406,-0.37798940819370386,0.47706197592067584,1.3269796828496025,0.2879184742586662,0.668309778544536,True,False,False,False,True,False,True,False,False,True,True,True,False
levy_only,regime,tot,True,True,True,0.40772122257575794,0.028685490540603875,0.4010204224916649,-0.19882373103194223,-0.31918487257604405,0.5526582535701855,1.3114313030903997,0.24290797084663346,0.8740590778051716,True,False,False,False,True,False,True,False,True,True,True,True,False
levy_only,regime,tot,True,True,False,0.40772122257575794,0.028685490540603875,0.4010204224916649,-0.19882373103194223,-0.31918487257604405,0.5526582535701855,1.3114313030903997,0.24290797084663346,0.668309778544536,True,False,False,False,True,False,True,False,False,True,True,True,False
levy_only,regime,tot,True,False,True,0.27916782956205477,0.028685490540603875,0.4010204224916649,-0.19882373103194223,-0.31918487257604405,0.5526582535701855,1.3114313030903997,0.22548624662033537,0.8740590778051716,True,False,False,False,True,False,True,False,True,True,True,True,False
levy_only,regime,tot,True,False,False,0.27916782956205477,0.028685490540603875,0.4010204224916649,-0.19882373103194223,-0.31918487257604405,0.5526582535701855,1.3114313030903997,0.22548624662033537,0.668309778544536,True,False,False,False,True,False,True,False,False,True,True,True,False
levy_only,regime,tot+start,False,True,True,0.5343606634257116,-0.026830688105860583,0.11883937545515828,-0.20605779213240072,-0.17933111104879207,0.31303969304345647,1.2557196545286329,0.21891933680080827,0.8740590778051716,True,False,False,False,True,False,True,False,True,True,True,True,False
levy_only,regime,tot+start,False,True,False,0.5343606634257116,-0.026830688105860583,0.11883937545515828,-0.20605779213240072,-0.17933111104879207,0.31303969304345647,1.2557196545286329,0.21891933680080827,0.668309778544536,True,False,False,False,True,False,True,False,False,True,True,True,False
levy_only,regime,tot+start,False,False,True,0.45729313927519954,-0.026830688105860583,0.11883937545515828,-0.20605779213240072,-0.17933111104879207,0.31303969304345647,1.2557196545286329,0.20592801070269384,0.8740590778051716,True,False,False,False,True,False,True,False,True,True,True,True,False
levy_only,regime,tot+start,False,False,False,0.45729313927519954,-0.026830688105860583,0.11883937545515828,-0.20605779213240072,-0.17933111104879207,0.31303969304345647,1.2557196545286329,0.20592801070269384,0.668309778544536,True,False,False,False,True,False,True,False,False,True,True,True,False
levy_only,regime,tot+start,True,True,True,0.28653849767581485,-0.07644294738521071,0.04781545593209824,-0.25628440553565834,-0.10332516650350376,0.4063307789245192,1.2327751172866774,0.16340424838059317,0.8740590778051716,True,False,False,False,True,False,True,False,True,True,True,True,False
levy_only,regime,tot+start,True,True,False,0.28653849767581485,-0.07644294738521071,0.04781545593209824,-0.25628440553565834,-0.10332516650350376,0.4063307789245192,1.2327751172866774,0.16340424838059317,0.668309778544536,True,False,False,False,True,False,True,False,True,True,True,True,False
levy_only,regime,tot+start,True,False,True,0.0930810125633307,-0.07644294738521071,0.04781545593209824,-0.25628440553565834,-0.10332516650350376,0.4063307789245192,1.2327751172866774,0.13101459545548338,0.8740590778051716,True,False,False,False,True,False,True,False,True,True,True,True,False
levy_only,regime,tot+start,True,False,False,0.0930810125633307,-0.07644294738521071,0.04781545593209824,-0.25628440553565834,-0.10332516650350376,0.4063307789245192,1.2327751172866774,0.13101459545548338,0.668309778544536,True,False,False,False,True,False,True,False,True,True,True,True,False
levy_only,term,raw,False,True,True,0.3797456819526874,0.10825919248250972,0.313660636207563,-0.4162764372135136,-0.38741992084386634,0.42056600821997014,1.0996858965849388,0.14649882673781378,1.0471279317297757,True,False,False,False,True,False,True,False,True,,,,
levy_only,term,raw,False,True,False,0.3797456819526874,0.10825919248250972,0.313660636207563,-0.4162764372135136,-0.38741992084386634,0.42056600821997014,1.0996858965849388,0.14649882673781378,0.8669681764206274,True,False,False,False,True,False,True,False,True,,,,
levy_only,term,raw,False,False,True,0.3546598884606266,0.10825919248250972,0.313660636207563,-0.4162764372135136,-0.38741992084386634,0.42056600821997014,1.0996858965849388,0.14226005213370094,1.0471279317297757,True,False,False,False,True,False,True,False,True,,,,
levy_only,term,raw,False,False,False,0.3546598884606266,0.10825919248250972,0.313660636207563,-0.4162764372135136,-0.38741992084386634,0.42056600821997014,1.0996858965849388,0.14226005213370094,0.8669681764206274,True,False,False,False,True,False,True,False,True,,,,
levy_only,term,raw,True,True,True,0.21217152080320892,0.06701284702797877,0.2938455745603255,-0.4543417494844876,-0.3214890957403173,0.598562641721343,1.2162215553989209,0.12693762417111132,1.0471279317297757,True,False,False,False,True,False,True,False,True,,,,
levy_only,term,raw,True,True,False,0.21217152080320892,0.06701284702797877,0.2938455745603255,-0.4543417494844876,-0.3214890957403173,0.598562641721343,1.2162215553989209,0.12693762417111132,0.8669681764206274,True,False,False,False,True,False,True,False,True,,,,
levy_only,term,raw,True,False,True,0.07601923116123091,0.06701284702797877,0.2938455745603255,-0.4543417494844876,-0.3214890957403173,0.598562641721343,1.2162215553989209,0.1041877668753456,1.0471279317297757,True,False,False,False,True,False,True,False,True,,,,
levy_only,term,raw,True,False,False,0.07601923116123091,0.06701284702797877,0.2938455745603255,-0.4543417494844876,-0.3214890957403173,0.598562641721343,1.2162215553989209,0.1041877668753456,0.8669681764206274,True,False,False,False,True,False,True,False,True,,,,
levy_only,term,tot,False,True,True,0.47347327460098054,0.03165196370143164,0.2679261716108633,-0.3520274299844893,-0.2836076862638108,0.455404163259386,1.2665510920579393,0.19690131541747302,1.0471279317297757,True,False,False,False,True,False,True,False,True,,,,
levy_only,term,tot,False,True,False,0.47347327460098054,0.03165196370143164,0.2679261716108633,-0.3520274299844893,-0.2836076862638108,0.455404163259386,1.2665510920579393,0.19690131541747302,0.8669681764206274,True,False,False,False,True,False,True,False,True,,,,
levy_only,term,tot,False,False,True,0.4614200210688424,0.03165196370143164,0.2679261716108633,-0.3520274299844893,-0.2836076862638108,0.455404163259386,1.2665510920579393,0.19459163483340397,1.0471279317297757,True,False,False,False,True,False,True,False,True,,,,
levy_only,term,tot,False,False,False,0.4614200210688424,0.03165196370143164,0.2679261716108633,-0.3520274299844893,-0.2836076862638108,0.455404163259386,1.2665510920579393,0.19459163483340397,0.8669681764206274,True,False,False,False,True,False,True,False,True,,,,
levy_only,term,tot,True,True,True,0.2561099812826171,-0.014539435410603624,0.2020705203502562,-0.41547755153371435,-0.23249447041513457,0.6275776310992984,1.3303335085964534,0.14747683123655952,1.0471279317297757,True,False,False,False,True,False,True,False,True,,,,
levy_only,term,tot,True,True,False,0.2561099812826171,-0.014539435410603624,0.2020705203502562,-0.41547755153371435,-0.23249447041513457,0.6275776310992984,1.3303335085964534,0.14747683123655952,0.8669681764206274,True,False,False,False,True,False,True,False,True,,,,
levy_only,term,tot,True,False,True,0.11593611354837159,-0.014539435410603624,0.2020705203502562,-0.41547755153371435,-0.23249447041513457,0.6275776310992984,1.3303335085964534,0.1238137149521393,1.0471279317297757,True,False,False,False,True,False,True,False,True,,,,
levy_only,term,tot,True,False,False,0.11593611354837159,-0.014539435410603624,0.2020705203502562,-0.41547755153371435,-0.23249447041513457,0.6275776310992984,1.3303335085964534,0.1238137149521393,0.8669681764206274,True,False,False,False,True,False,True,False,True,,,,
levy_only,term,tot+start,False,True,True,0.2549541491047671,-0.21711472132555054,0.0825959973083317,-0.48801196568384114,-0.21119410142104172,0.29121723781733644,0.7493204790758548,0.004974949372451229,1.0471279317297757,True,False,False,False,True,False,True,False,True,,,,
levy_only,term,tot+start,False,True,False,0.2549541491047671,-0.21711472132555054,0.0825959973083317,-0.48801196568384114,-0.21119410142104172,0.29121723781733644,0.7493204790758548,0.004974949372451229,0.8669681764206274,True,False,False,False,True,False,True,False,True,,,,
levy_only,term,tot+start,False,False,True,0.3125886210021758,-0.21711472132555054,0.0825959973083317,-0.48801196568384114,-0.21119410142104172,0.29121723781733644,0.7493204790758548,0.014345537380976093,1.0471279317297757,True,False,False,False,True,False,True,False,True,,,,
levy_only,term,tot+start,False,False,False,0.3125886210021758,-0.21711472132555054,0.0825959973083317,-0.48801196568384114,-0.21119410142104172,0.29121723781733644,0.7493204790758548,0.014345537380976093,0.8669681764206274,True,False,False,False,True,False,True,False,True,,,,
levy_only,term,tot+start,True,True,True,0.10945198297457073,-0.26816327999857253,0.014547275858814915,-0.5431770306371715,-0.1148146273278077,0.473865063090083,0.8463528764748709,-0.02020614984612902,1.0471279317297757,True,False,False,False,True,False,False,True,True,,,,
levy_only,term,tot+start,True,True,False,0.10945198297457073,-0.26816327999857253,0.014547275858814915,-0.5431770306371715,-0.1148146273278077,0.473865063090083,0.8463528764748709,-0.02020614984612902,0.8669681764206274,True,False,False,False,True,False,False,True,True,,,,
levy_only,term,tot+start,True,False,True,0.07127686435277389,-0.26816327999857253,0.014547275858814915,-0.5431770306371715,-0.1148146273278077,0.473865063090083,0.8463528764748709,-0.026803826924138668,1.0471279317297757,True,False,False,False,True,False,False,True,True,,,,
levy_only,term,tot+start,True,False,False,0.07127686435277389,-0.26816327999857253,0.014547275858814915,-0.5431770306371715,-0.1148146273278077,0.473865063090083,0.8463528764748709,-0.026803826924138668,0.8669681764206274,True,False,False,False,True,False,False,True,True,,,,
levy_only,year,raw,False,True,True,0.4789452941740977,0.08915309751949588,0.42580738328183476,-0.2063761041185736,-0.405461003013297,0.34236862873241314,1.191794520279964,0.22988153710531184,1.0168933484277147,True,False,False,False,True,False,True,False,True,,,,
levy_only,year,raw,False,True,False,0.4789452941740977,0.08915309751949588,0.42580738328183476,-0.2063761041185736,-0.405461003013297,0.34236862873241314,1.191794520279964,0.22988153710531184,0.8357607457452789,True,False,False,False,True,False,True,False,True,,,,
levy_only,year,raw,False,False,True,0.41870526551972354,0.08915309751949588,0.42580738328183476,-0.2063761041185736,-0.405461003013297,0.34236862873241314,1.191794520279964,0.22087675916530303,1.0168933484277147,True,False,False,False,True,False,True,False,True,,,,
levy_only,year,raw,False,False,False,0.41870526551972354,0.08915309751949588,0.42580738328183476,-0.2063761041185736,-0.405461003013297,0.34236862873241314,1.191794520279964,0.22087675916530303,0.8357607457452789,True,False,False,False,True,False,True,False,True,,,,
levy_only,year,raw,True,True,True,0.3611693355412049,0.13162047347554262,0.4952083129983342,-0.160777931510576,-0.460289856897543,0.4640074898915145,1.2367110234229677,0.23068450671818452,1.0109311138492219,True,False,False,False,True,False,True,False,True,,,,
levy_only,year,raw,True,True,False,0.3611693355412049,0.13162047347554262,0.4952083129983342,-0.160777931510576,-0.460289856897543,0.4640074898915145,1.2367110234229677,0.23068450671818452,0.8430260122210683,True,False,False,False,True,False,True,False,True,,,,
levy_only,year,raw,True,False,True,0.2210247462745623,0.13162047347554262,0.4952083129983342,-0.160777931510576,-0.460289856897543,0.4640074898915145,1.2367110234229677,0.2099427783278422,1.0109311138492219,True,False,False,False,True,False,True,False,True,,,,
levy_only,year,raw,True,False,False,0.2210247462745623,0.13162047347554262,0.4952083129983342,-0.160777931510576,-0.460289856897543,0.4640074898915145,1.2367110234229677,0.2099427783278422,0.8430260122210683,True,False,False,False,True,False,True,False,True,,,,
levy_only,year,tot,False,True,True,0.5655802749119018,0.01893092868897693,0.3083792188308761,-0.1643367506773077,-0.2871983824212221,0.3771727497253736,1.2948586762933254,0.2644587717576442,1.0168933484277147,True,False,False,False,True,False,True,False,True,,,,
levy_only,year,tot,False,True,False,0.5655802749119018,0.01893092868897693,0.3083792188308761,-0.1643367506773077,-0.2871983824212221,0.3771727497253736,1.2948586762933254,0.2644587717576442,0.8357607457452789,True,False,False,False,True,False,True,False,True,,,,
levy_only,year,tot,False,False,True,0.5078674728241458,0.01893092868897693,0.3083792188308761,-0.1643367506773077,-0.2871983824212221,0.3771727497253736,1.2948586762933254,0.2550303648968114,1.0168933484277147,True,False,False,False,True,False,True,False,True,,,,
levy_only,year,tot,False,False,False,0.5078674728241458,0.01893092868897693,0.3083792188308761,-0.1643367506773077,-0.2871983824212221,0.3771727497253736,1.2948586762933254,0.2550303648968114,0.8357607457452789,True,False,False,False,True,False,True,False,True,,,,
levy_only,year,tot,True,True,True,0.40407935816429735,0.04606259444571825,0.3287370970737463,-0.1386765174022888,-0.3260006990994294,0.5007496238274184,1.2855135009380445,0.2385639739781387,1.0109311138492219,True,False,False,False,True,False,True,False,True,,,,
levy_only,year,tot,True,True,False,0.40407935816429735,0.04606259444571825,0.3287370970737463,-0.1386765174022888,-0.3260006990994294,0.5007496238274184,1.2855135009380445,0.2385639739781387,0.8430260122210683,True,False,False,False,True,False,True,False,True,,,,
levy_only,year,tot,True,False,True,0.24774505958896298,0.04606259444571825,0.3287370970737463,-0.1386765174022888,-0.3260006990994294,0.5007496238274184,1.2855135009380445,0.2127104639826053,1.0109311138492219,True,False,False,False,True,False,True,False,True,,,,
levy_only,year,tot,True,False,False,0.24774505958896298,0.04606259444571825,0.3287370970737463,-0.1386765174022888,-0.3260006990994294,0.5007496238274184,1.2855135009380445,0.2127104639826053,0.8430260122210683,True,False,False,False,True,False,True,False,True,,,,
r9_split_2025,regime,raw,False,True,True,0.43315761304239186,0.21860704423154392,0.541652851966707,-0.21412027404744413,-0.5218123849929119,0.4367556046458966,1.250516212957867,0.22676776928677994,0.9520739465640832,True,False,False,False,True,False,True,False,True,True,True,True,False
r9_split_2025,regime,raw,False,True,False,0.43315761304239186,0.21860704423154392,0.541652851966707,-0.21412027404744413,-0.5218123849929119,0.4367556046458966,1.250516212957867,0.22676776928677994,0.7776134775129513,True,False,False,False,True,False,True,False,True,True,True,True,False
r9_split_2025,regime,raw,False,False,True,0.3978171045774246,0.21860704423154392,0.541652851966707,-0.21412027404744413,-0.5218123849929119,0.4367556046458966,1.250516212957867,0.2245570379757586,0.9520739465640832,True,False,False,False,True,False,True,False,True,True,True,True,False
r9_split_2025,regime,raw,False,False,False,0.3978171045774246,0.21860704423154392,0.541652851966707,-0.21412027404744413,-0.5218123849929119,0.4367556046458966,1.250516212957867,0.2245570379757586,0.7776134775129513,True,False,False,False,True,False,True,False,True,True,True,True,False
r9_split_2025,regime,raw,True,True,True,0.26108324360848034,0.17939068221195464,0.5016827542563833,-0.23287710494522312,-0.41794102925945786,0.523176746039127,1.2703403694431434,0.20314860263149992,0.9520739465640832,True,False,False,False,True,False,True,False,True,True,True,True,False
r9_split_2025,regime,raw,True,True,False,0.26108324360848034,0.17939068221195464,0.5016827542563833,-0.23287710494522312,-0.41794102925945786,0.523176746039127,1.2703403694431434,0.20314860263149992,0.7776134775129513,True,False,False,False,True,False,True,False,True,True,True,True,False
r9_split_2025,regime,raw,True,False,True,0.1425827490008772,0.17939068221195464,0.5016827542563833,-0.23287710494522312,-0.41794102925945786,0.523176746039127,1.2703403694431434,0.18707787363003928,0.9520739465640832,True,False,False,False,True,False,True,False,True,True,True,True,False
r9_split_2025,regime,raw,True,False,False,0.1425827490008772,0.17939068221195464,0.5016827542563833,-0.23287710494522312,-0.41794102925945786,0.523176746039127,1.2703403694431434,0.18707787363003928,0.7776134775129513,True,False,False,False,True,False,True,False,True,True,True,True,False
r9_split_2025,regime,tot,False,True,True,0.5821624241828149,0.05182999595331351,0.4570962801378727,-0.16250710479293617,-0.4629820156786242,0.4846167024536105,1.3269796828496025,0.26633669665657456,0.9520739465640832,True,False,False,False,True,False,True,False,True,False,True,True,False
r9_split_2025,regime,tot,False,True,False,0.5821624241828149,0.05182999595331351,0.4570962801378727,-0.16250710479293617,-0.4629820156786242,0.4846167024536105,1.3269796828496025,0.26633669665657456,0.7776134775129513,True,False,False,False,True,False,True,False,True,False,True,True,False
r9_split_2025,regime,tot,False,False,True,0.541025528981185,0.05182999595331351,0.4570962801378727,-0.16250710479293617,-0.4629820156786242,0.4846167024536105,1.3269796828496025,0.2634756759643084,0.9520739465640832,True,False,False,False,True,False,True,False,True,False,True,True,False
r9_split_2025,regime,tot,False,False,False,0.541025528981185,0.05182999595331351,0.4570962801378727,-0.16250710479293617,-0.4629820156786242,0.4846167024536105,1.3269796828496025,0.2634756759643084,0.7776134775129513,True,False,False,False,True,False,True,False,True,False,True,True,False
r9_split_2025,regime,tot,True,True,True,0.3807645337200115,0.014338855401322723,0.3938874010673146,-0.2033241302773079,-0.40417748006096443,0.5602129801031202,1.3114313030903997,0.2185174491601573,0.9520739465640832,True,False,False,False,True,False,True,False,True,False,True,True,False
r9_split_2025,regime,tot,True,True,False,0.3807645337200115,0.014338855401322723,0.3938874010673146,-0.2033241302773079,-0.40417748006096443,0.5602129801031202,1.3114313030903997,0.2185174491601573,0.7776134775129513,True,False,False,False,True,False,True,False,True,False,True,True,False
r9_split_2025,regime,tot,True,False,True,0.25194975766690003,0.014338855401322723,0.3938874010673146,-0.2033241302773079,-0.40417748006096443,0.5602129801031202,1.3114313030903997,0.20104344832597756,0.9520739465640832,True,False,False,False,True,False,True,False,True,False,True,True,False
r9_split_2025,regime,tot,True,False,False,0.25194975766690003,0.014338855401322723,0.3938874010673146,-0.2033241302773079,-0.40417748006096443,0.5602129801031202,1.3114313030903997,0.20104344832597756,0.7776134775129513,True,False,False,False,True,False,True,False,True,False,True,True,False
r9_split_2025,regime,tot+start,False,True,True,0.5121010647386505,-0.041732098667738374,0.112949253148894,-0.20920771654129067,-0.24951411253333494,0.31927804010876226,1.2557196545286327,0.19877876139800693,0.9520739465640832,True,False,False,False,True,False,True,False,True,False,True,True,False
r9_split_2025,regime,tot+start,False,True,False,0.5121010647386505,-0.041732098667738374,0.112949253148894,-0.20920771654129067,-0.24951411253333494,0.31927804010876226,1.2557196545286327,0.19877876139800693,0.7776134775129513,True,False,False,False,True,False,True,False,True,False,True,True,False
r9_split_2025,regime,tot+start,False,False,True,0.4348177024489668,-0.041732098667738374,0.112949253148894,-0.20920771654129067,-0.24951411253333494,0.31927804010876226,1.2557196545286327,0.18574426767205815,0.9520739465640832,True,False,False,False,True,False,True,False,True,False,True,True,False
r9_split_2025,regime,tot+start,False,False,False,0.4348177024489668,-0.041732098667738374,0.112949253148894,-0.20920771654129067,-0.24951411253333494,0.31927804010876226,1.2557196545286327,0.18574426767205815,0.7776134775129513,True,False,False,False,True,False,True,False,True,False,True,True,False
r9_split_2025,regime,tot+start,True,True,True,0.26427889898875456,-0.09134435794708873,0.041925333625834005,-0.26019552054429684,-0.17350816798804675,0.41256912598982465,1.2327751172866774,0.14326367297779197,0.9520739465640832,True,False,False,False,True,False,True,False,True,False,True,True,False
r9_split_2025,regime,tot+start,True,True,False,0.26427889898875456,-0.09134435794708873,0.041925333625834005,-0.26019552054429684,-0.17350816798804675,0.41256912598982465,1.2327751172866774,0.14326367297779197,0.7776134775129513,True,False,False,False,True,False,True,False,True,False,True,True,False
r9_split_2025,regime,tot+start,True,False,True,0.07060557573709926,-0.09134435794708873,0.041925333625834005,-0.26019552054429684,-0.17350816798804675,0.41256912598982465,1.2327751172866774,0.11083085242484794,0.9520739465640832,True,False,False,False,True,False,True,False,True,False,True,True,False
r9_split_2025,regime,tot+start,True,False,False,0.07060557573709926,-0.09134435794708873,0.041925333625834005,-0.26019552054429684,-0.17350816798804675,0.41256912598982465,1.2327751172866774,0.11083085242484794,0.7776134775129513,True,False,False,False,True,False,True,False,True,False,True,True,False
r9_split_2025,term,raw,False,True,True,0.3797456819526874,0.10825919248250972,0.313660636207563,-0.4162764372135136,-0.38741992084386634,0.42056600821997014,1.0996858965849388,0.14649882673781378,1.0471279317297757,True,False,False,False,True,False,True,False,True,,,,
r9_split_2025,term,raw,False,True,False,0.3797456819526874,0.10825919248250972,0.313660636207563,-0.4162764372135136,-0.38741992084386634,0.42056600821997014,1.0996858965849388,0.14649882673781378,0.8669681764206274,True,False,False,False,True,False,True,False,True,,,,
r9_split_2025,term,raw,False,False,True,0.3546598884606266,0.10825919248250972,0.313660636207563,-0.4162764372135136,-0.38741992084386634,0.42056600821997014,1.0996858965849388,0.14226005213370094,1.0471279317297757,True,False,False,False,True,False,True,False,True,,,,
r9_split_2025,term,raw,False,False,False,0.3546598884606266,0.10825919248250972,0.313660636207563,-0.4162764372135136,-0.38741992084386634,0.42056600821997014,1.0996858965849388,0.14226005213370094,0.8669681764206274,True,False,False,False,True,False,True,False,True,,,,
r9_split_2025,term,raw,True,True,True,0.21217152080320892,0.06701284702797877,0.2938455745603255,-0.4543417494844876,-0.3214890957403173,0.598562641721343,1.2162215553989209,0.12693762417111132,1.0471279317297757,True,False,False,False,True,False,True,False,True,,,,
r9_split_2025,term,raw,True,True,False,0.21217152080320892,0.06701284702797877,0.2938455745603255,-0.4543417494844876,-0.3214890957403173,0.598562641721343,1.2162215553989209,0.12693762417111132,0.8669681764206274,True,False,False,False,True,False,True,False,True,,,,
r9_split_2025,term,raw,True,False,True,0.07601923116123091,0.06701284702797877,0.2938455745603255,-0.4543417494844876,-0.3214890957403173,0.598562641721343,1.2162215553989209,0.1041877668753456,1.0471279317297757,True,False,False,False,True,False,True,False,True,,,,
r9_split_2025,term,raw,True,False,False,0.07601923116123091,0.06701284702797877,0.2938455745603255,-0.4543417494844876,-0.3214890957403173,0.598562641721343,1.2162215553989209,0.1041877668753456,0.8669681764206274,True,False,False,False,True,False,True,False,True,,,,
r9_split_2025,term,tot,False,True,True,0.47347327460098054,0.03165196370143164,0.2679261716108633,-0.3520274299844893,-0.2836076862638108,0.455404163259386,1.2665510920579393,0.19690131541747302,1.0471279317297757,True,False,False,False,True,False,True,False,True,,,,
r9_split_2025,term,tot,False,True,False,0.47347327460098054,0.03165196370143164,0.2679261716108633,-0.3520274299844893,-0.2836076862638108,0.455404163259386,1.2665510920579393,0.19690131541747302,0.8669681764206274,True,False,False,False,True,False,True,False,True,,,,
r9_split_2025,term,tot,False,False,True,0.4614200210688424,0.03165196370143164,0.2679261716108633,-0.3520274299844893,-0.2836076862638108,0.455404163259386,1.2665510920579393,0.19459163483340397,1.0471279317297757,True,False,False,False,True,False,True,False,True,,,,
r9_split_2025,term,tot,False,False,False,0.4614200210688424,0.03165196370143164,0.2679261716108633,-0.3520274299844893,-0.2836076862638108,0.455404163259386,1.2665510920579393,0.19459163483340397,0.8669681764206274,True,False,False,False,True,False,True,False,True,,,,
r9_split_2025,term,tot,True,True,True,0.2561099812826171,-0.014539435410603624,0.2020705203502562,-0.41547755153371435,-0.23249447041513457,0.6275776310992984,1.3303335085964534,0.14747683123655952,1.0471279317297757,True,False,False,False,True,False,True,False,True,,,,
r9_split_2025,term,tot,True,True,False,0.2561099812826171,-0.014539435410603624,0.2020705203502562,-0.41547755153371435,-0.23249447041513457,0.6275776310992984,1.3303335085964534,0.14747683123655952,0.8669681764206274,True,False,False,False,True,False,True,False,True,,,,
r9_split_2025,term,tot,True,False,True,0.11593611354837159,-0.014539435410603624,0.2020705203502562,-0.41547755153371435,-0.23249447041513457,0.6275776310992984,1.3303335085964534,0.1238137149521393,1.0471279317297757,True,False,False,False,True,False,True,False,True,,,,
r9_split_2025,term,tot,True,False,False,0.11593611354837159,-0.014539435410603624,0.2020705203502562,-0.41547755153371435,-0.23249447041513457,0.6275776310992984,1.3303335085964534,0.1238137149521393,0.8669681764206274,True,False,False,False,True,False,True,False,True,,,,
r9_split_2025,term,tot+start,False,True,True,0.2549541491047671,-0.21711472132555054,0.0825959973083317,-0.48801196568384114,-0.21119410142104172,0.29121723781733644,0.7493204790758548,0.004974949372451229,1.0471279317297757,True,False,False,False,True,False,True,False,True,,,,
r9_split_2025,term,tot+start,False,True,False,0.2549541491047671,-0.21711472132555054,0.0825959973083317,-0.48801196568384114,-0.21119410142104172,0.29121723781733644,0.7493204790758548,0.004974949372451229,0.8669681764206274,True,False,False,False,True,False,True,False,True,,,,
r9_split_2025,term,tot+start,False,False,True,0.3125886210021758,-0.21711472132555054,0.0825959973083317,-0.48801196568384114,-0.21119410142104172,0.29121723781733644,0.7493204790758548,0.014345537380976093,1.0471279317297757,True,False,False,False,True,False,True,False,True,,,,
r9_split_2025,term,tot+start,False,False,False,0.3125886210021758,-0.21711472132555054,0.0825959973083317,-0.48801196568384114,-0.21119410142104172,0.29121723781733644,0.7493204790758548,0.014345537380976093,0.8669681764206274,True,False,False,False,True,False,True,False,True,,,,
r9_split_2025,term,tot+start,True,True,True,0.10945198297457073,-0.26816327999857253,0.014547275858814915,-0.5431770306371715,-0.1148146273278077,0.473865063090083,0.8463528764748709,-0.02020614984612902,1.0471279317297757,True,False,False,False,True,False,False,True,True,,,,
r9_split_2025,term,tot+start,True,True,False,0.10945198297457073,-0.26816327999857253,0.014547275858814915,-0.5431770306371715,-0.1148146273278077,0.473865063090083,0.8463528764748709,-0.02020614984612902,0.8669681764206274,True,False,False,False,True,False,False,True,True,,,,
r9_split_2025,term,tot+start,True,False,True,0.07127686435277389,-0.26816327999857253,0.014547275858814915,-0.5431770306371715,-0.1148146273278077,0.473865063090083,0.8463528764748709,-0.026803826924138668,1.0471279317297757,True,False,False,False,True,False,False,True,True,,,,
r9_split_2025,term,tot+start,True,False,False,0.07127686435277389,-0.26816327999857253,0.014547275858814915,-0.5431770306371715,-0.1148146273278077,0.473865063090083,0.8463528764748709,-0.026803826924138668,0.8669681764206274,True,False,False,False,True,False,False,True,True,,,,
r9_split_2025,year,raw,False,True,True,0.4789452941740977,0.08915309751949588,0.42580738328183476,-0.2063761041185736,-0.405461003013297,0.34236862873241314,1.191794520279964,0.22988153710531184,1.0168933484277147,True,False,False,False,True,False,True,False,True,,,,
r9_split_2025,year,raw,False,True,False,0.4789452941740977,0.08915309751949588,0.42580738328183476,-0.2063761041185736,-0.405461003013297,0.34236862873241314,1.191794520279964,0.22988153710531184,0.8357607457452789,True,False,False,False,True,False,True,False,True,,,,
r9_split_2025,year,raw,False,False,True,0.41870526551972354,0.08915309751949588,0.42580738328183476,-0.2063761041185736,-0.405461003013297,0.34236862873241314,1.191794520279964,0.22087675916530303,1.0168933484277147,True,False,False,False,True,False,True,False,True,,,,
r9_split_2025,year,raw,False,False,False,0.41870526551972354,0.08915309751949588,0.42580738328183476,-0.2063761041185736,-0.405461003013297,0.34236862873241314,1.191794520279964,0.22087675916530303,0.8357607457452789,True,False,False,False,True,False,True,False,True,,,,
r9_split_2025,year,raw,True,True,True,0.3611693355412049,0.13162047347554262,0.4952083129983342,-0.160777931510576,-0.460289856897543,0.4640074898915145,1.2367110234229677,0.23068450671818452,1.0109311138492219,True,False,False,False,True,False,True,False,True,,,,
r9_split_2025,year,raw,True,True,False,0.3611693355412049,0.13162047347554262,0.4952083129983342,-0.160777931510576,-0.460289856897543,0.4640074898915145,1.2367110234229677,0.23068450671818452,0.8430260122210683,True,False,False,False,True,False,True,False,True,,,,
r9_split_2025,year,raw,True,False,True,0.2210247462745623,0.13162047347554262,0.4952083129983342,-0.160777931510576,-0.460289856897543,0.4640074898915145,1.2367110234229677,0.2099427783278422,1.0109311138492219,True,False,False,False,True,False,True,False,True,,,,
r9_split_2025,year,raw,True,False,False,0.2210247462745623,0.13162047347554262,0.4952083129983342,-0.160777931510576,-0.460289856897543,0.4640074898915145,1.2367110234229677,0.2099427783278422,0.8430260122210683,True,False,False,False,True,False,True,False,True,,,,
r9_split_2025,year,tot,False,True,True,0.5655802749119018,0.01893092868897693,0.3083792188308761,-0.1643367506773077,-0.2871983824212221,0.3771727497253736,1.2948586762933254,0.2644587717576442,1.0168933484277147,True,False,False,False,True,False,True,False,True,,,,
r9_split_2025,year,tot,False,True,False,0.5655802749119018,0.01893092868897693,0.3083792188308761,-0.1643367506773077,-0.2871983824212221,0.3771727497253736,1.2948586762933254,0.2644587717576442,0.8357607457452789,True,False,False,False,True,False,True,False,True,,,,
r9_split_2025,year,tot,False,False,True,0.5078674728241458,0.01893092868897693,0.3083792188308761,-0.1643367506773077,-0.2871983824212221,0.3771727497253736,1.2948586762933254,0.2550303648968114,1.0168933484277147,True,False,False,False,True,False,True,False,True,,,,
r9_split_2025,year,tot,False,False,False,0.5078674728241458,0.01893092868897693,0.3083792188308761,-0.1643367506773077,-0.2871983824212221,0.3771727497253736,1.2948586762933254,0.2550303648968114,0.8357607457452789,True,False,False,False,True,False,True,False,True,,,,
r9_split_2025,year,tot,True,True,True,0.40407935816429735,0.04606259444571825,0.3287370970737463,-0.1386765174022888,-0.3260006990994294,0.5007496238274184,1.2855135009380445,0.2385639739781387,1.0109311138492219,True,False,False,False,True,False,True,False,True,,,,
r9_split_2025,year,tot,True,True,False,0.40407935816429735,0.04606259444571825,0.3287370970737463,-0.1386765174022888,-0.3260006990994294,0.5007496238274184,1.2855135009380445,0.2385639739781387,0.8430260122210683,True,False,False,False,True,False,True,False,True,,,,
r9_split_2025,year,tot,True,False,True,0.24774505958896298,0.04606259444571825,0.3287370970737463,-0.1386765174022888,-0.3260006990994294,0.5007496238274184,1.2855135009380445,0.2127104639826053,1.0109311138492219,True,False,False,False,True,False,True,False,True,,,,
r9_split_2025,year,tot,True,False,False,0.24774505958896298,0.04606259444571825,0.3287370970737463,-0.1386765174022888,-0.3260006990994294,0.5007496238274184,1.2855135009380445,0.2127104639826053,0.8430260122210683,True,False,False,False,True,False,True,False,True,,,,
